# Region type : patch outlet
# Faces  :    96
# Area   :    9.230917e-08
# Time        	areaIntegrate(phi)
1000          	2.840395e-17
1000.05       	2.840395e-17
1000.1        	2.840395e-17
1000.15       	2.840395e-17
1000.2        	2.840395e-17
1000.25       	2.840395e-17
1000.3        	2.840395e-17
1000.35       	2.840395e-17
1000.4        	2.840395e-17
1000.45       	2.840395e-17
1000.5        	2.840395e-17
1000.55       	2.840395e-17
1000.6        	2.840395e-17
1000.65       	2.840395e-17
1000.7        	2.840395e-17
1000.75       	2.840395e-17
1000.8        	2.840395e-17
1000.85       	2.840395e-17
1000.9        	2.840395e-17
1000.95       	2.840395e-17
1001          	2.840395e-17
1001.05       	2.840395e-17
1001.1        	2.840395e-17
1001.15       	2.840395e-17
1001.2        	2.840395e-17
1001.25       	2.840395e-17
1001.3        	2.840395e-17
1001.35       	2.840395e-17
1001.4        	2.840395e-17
1001.45       	2.840395e-17
1001.5        	2.840395e-17
1001.55       	2.840395e-17
1001.6        	2.840395e-17
1001.65       	2.840395e-17
1001.7        	2.840395e-17
1001.75       	2.840395e-17
1001.8        	2.840395e-17
1001.85       	2.840395e-17
1001.9        	2.840395e-17
1001.95       	2.840395e-17
1002          	2.840395e-17
1002.05       	2.840395e-17
1002.1        	2.840395e-17
1002.15       	2.840395e-17
1002.2        	2.840395e-17
1002.25       	2.840395e-17
1002.3        	2.840395e-17
1002.35       	2.840395e-17
1002.4        	2.840395e-17
1002.45       	2.840395e-17
1002.5        	2.840395e-17
1002.55       	2.840395e-17
1002.6        	2.840395e-17
1002.65       	2.840395e-17
1002.7        	2.840395e-17
1002.75       	2.840395e-17
1002.8        	2.840395e-17
1002.85       	2.840395e-17
1002.9        	2.840395e-17
1002.95       	2.840395e-17
1003          	2.840395e-17
1003.05       	2.840395e-17
1003.1        	2.840395e-17
1003.15       	2.840395e-17
1003.2        	2.840395e-17
1003.25       	2.840395e-17
1003.3        	2.840395e-17
1003.35       	2.840395e-17
1003.4        	2.840395e-17
1003.45       	2.840395e-17
1003.5        	2.840395e-17
1003.55       	2.840395e-17
1003.6        	2.840395e-17
1003.65       	2.840395e-17
1003.7        	2.840395e-17
1003.75       	2.840395e-17
1003.8        	2.840395e-17
1003.85       	2.840395e-17
1003.9        	2.840395e-17
1003.95       	2.840395e-17
1004          	2.840395e-17
1004.05       	2.840395e-17
1004.1        	2.840395e-17
1004.15       	2.840395e-17
1004.2        	2.840395e-17
1004.25       	2.840395e-17
1004.3        	2.840395e-17
1004.35       	2.840395e-17
1004.4        	2.840395e-17
1004.45       	2.840395e-17
1004.5        	2.840395e-17
1004.55       	2.840395e-17
1004.6        	2.840395e-17
1004.65       	2.840395e-17
1004.7        	2.840395e-17
1004.75       	2.840395e-17
1004.8        	2.840395e-17
1004.85       	2.840395e-17
1004.9        	2.840395e-17
1004.95       	2.840395e-17
1005          	2.840395e-17
1005.05       	2.840395e-17
1005.1        	2.840395e-17
1005.15       	2.840395e-17
1005.2        	2.840395e-17
1005.25       	2.840395e-17
1005.3        	2.840395e-17
1005.35       	2.840395e-17
1005.4        	2.840395e-17
1005.45       	2.840395e-17
1005.5        	2.840395e-17
1005.55       	2.840395e-17
1005.6        	2.840395e-17
1005.65       	2.840395e-17
1005.7        	2.840395e-17
1005.75       	2.840395e-17
1005.8        	2.840395e-17
1005.85       	2.840395e-17
1005.9        	2.840395e-17
1005.95       	2.840395e-17
1006          	2.840395e-17
1006.05       	2.840395e-17
1006.1        	2.840395e-17
1006.15       	2.840395e-17
1006.2        	2.840395e-17
1006.25       	2.840395e-17
1006.3        	2.840395e-17
1006.35       	2.840395e-17
1006.4        	2.840395e-17
1006.45       	2.840395e-17
1006.5        	2.840395e-17
1006.55       	2.840395e-17
1006.6        	2.840395e-17
1006.65       	2.840395e-17
1006.7        	2.840395e-17
1006.75       	2.840395e-17
1006.8        	2.840395e-17
1006.85       	2.840395e-17
1006.9        	2.840395e-17
1006.95       	2.840395e-17
1007          	2.840395e-17
1007.05       	2.840395e-17
1007.1        	2.840395e-17
1007.15       	2.840395e-17
1007.2        	2.840395e-17
1007.25       	2.840395e-17
1007.3        	2.840395e-17
1007.35       	2.840395e-17
1007.4        	2.840395e-17
1007.45       	2.840395e-17
1007.5        	2.840395e-17
1007.55       	2.840395e-17
1007.6        	2.840395e-17
1007.65       	2.840395e-17
1007.7        	2.840395e-17
1007.75       	2.840395e-17
1007.8        	2.840395e-17
1007.85       	2.840395e-17
1007.9        	2.840395e-17
1007.95       	2.840395e-17
1008          	2.840395e-17
1008.05       	2.840395e-17
1008.1        	2.840395e-17
1008.15       	2.840395e-17
1008.2        	2.840395e-17
1008.25       	2.840395e-17
1008.3        	2.840395e-17
1008.35       	2.840395e-17
1008.4        	2.840395e-17
1008.45       	2.840395e-17
1008.5        	2.840395e-17
1008.55       	2.840395e-17
1008.6        	2.840395e-17
1008.65       	2.840395e-17
1008.7        	2.840395e-17
1008.75       	2.840395e-17
1008.8        	2.840395e-17
1008.85       	2.840395e-17
1008.9        	2.840395e-17
1008.95       	2.840395e-17
1009          	2.840395e-17
1009.05       	2.840395e-17
1009.1        	2.840395e-17
1009.15       	2.840395e-17
1009.2        	2.840395e-17
1009.25       	2.840395e-17
1009.3        	2.840395e-17
1009.35       	2.840395e-17
1009.4        	2.840395e-17
1009.45       	2.840395e-17
1009.5        	2.840395e-17
1009.55       	2.840395e-17
1009.6        	2.840395e-17
1009.65       	2.840395e-17
1009.7        	2.840395e-17
1009.75       	2.840395e-17
1009.8        	2.840395e-17
1009.85       	2.840395e-17
1009.9        	2.840395e-17
1009.95       	2.840395e-17
1010          	2.840395e-17
1010.05       	2.840395e-17
1010.1        	2.840395e-17
1010.15       	2.840395e-17
1010.2        	2.840395e-17
1010.25       	2.840395e-17
1010.3        	2.840395e-17
1010.35       	2.840395e-17
1010.4        	2.840395e-17
1010.45       	2.840395e-17
1010.5        	2.840395e-17
1010.55       	2.840395e-17
1010.6        	2.840395e-17
1010.65       	2.840395e-17
1010.7        	2.840395e-17
1010.75       	2.840395e-17
1010.8        	2.840395e-17
1010.85       	2.840395e-17
1010.9        	2.840395e-17
1010.95       	2.840395e-17
1011          	2.840395e-17
1011.05       	2.840395e-17
1011.1        	2.840395e-17
1011.15       	2.840395e-17
1011.2        	2.840395e-17
1011.25       	2.840395e-17
1011.3        	2.840395e-17
1011.35       	2.840395e-17
1011.4        	2.840395e-17
1011.45       	2.840395e-17
1011.5        	2.840395e-17
1011.55       	2.840395e-17
1011.6        	2.840395e-17
1011.65       	2.840395e-17
1011.7        	2.840395e-17
1011.75       	2.840395e-17
1011.8        	2.840395e-17
1011.85       	2.840395e-17
1011.9        	2.840395e-17
1011.95       	2.840395e-17
1012          	2.840395e-17
1012.05       	2.840395e-17
1012.1        	2.840395e-17
1012.15       	2.840395e-17
1012.2        	2.840395e-17
1012.25       	2.840395e-17
1012.3        	2.840395e-17
1012.35       	2.840395e-17
1012.4        	2.840395e-17
1012.45       	2.840395e-17
1012.5        	2.840395e-17
1012.55       	2.840395e-17
1012.6        	2.840395e-17
1012.65       	2.840395e-17
1012.7        	2.840395e-17
1012.75       	2.840395e-17
1012.8        	2.840395e-17
1012.85       	2.840395e-17
1012.9        	2.840395e-17
1012.95       	2.840395e-17
1013          	2.840395e-17
1013.05       	2.840395e-17
1013.1        	2.840395e-17
1013.15       	2.840395e-17
1013.2        	2.840395e-17
1013.25       	2.840395e-17
1013.3        	2.840395e-17
1013.35       	2.840395e-17
1013.4        	2.840395e-17
1013.45       	2.840395e-17
1013.5        	2.840395e-17
1013.55       	2.840395e-17
1013.6        	2.840395e-17
1013.65       	2.840395e-17
1013.7        	2.840395e-17
1013.75       	2.840395e-17
1013.8        	2.840395e-17
1013.85       	2.840395e-17
1013.9        	2.840395e-17
1013.95       	2.840395e-17
1014          	2.840395e-17
1014.05       	2.840395e-17
1014.1        	2.840395e-17
1014.15       	2.840395e-17
1014.2        	2.840395e-17
1014.25       	2.840395e-17
1014.3        	2.840395e-17
1014.35       	2.840395e-17
1014.4        	2.840395e-17
1014.45       	2.840395e-17
1014.5        	2.840395e-17
1014.55       	2.840395e-17
1014.6        	2.840395e-17
1014.65       	2.840395e-17
1014.7        	2.840395e-17
1014.75       	2.840395e-17
1014.8        	2.840395e-17
1014.85       	2.840395e-17
1014.9        	2.840395e-17
1014.95       	2.840395e-17
1015          	2.840395e-17
1015.05       	2.840395e-17
1015.1        	2.840395e-17
1015.15       	2.840395e-17
1015.2        	2.840395e-17
1015.25       	2.840395e-17
1015.3        	2.840395e-17
1015.35       	2.840395e-17
1015.4        	2.840395e-17
1015.45       	2.840395e-17
1015.5        	2.840395e-17
1015.55       	2.840395e-17
1015.6        	2.840395e-17
1015.65       	2.840395e-17
1015.7        	2.840395e-17
1015.75       	2.840395e-17
1015.8        	2.840395e-17
1015.85       	2.840395e-17
1015.9        	2.840395e-17
1015.95       	2.840395e-17
1016          	2.840395e-17
1016.05       	2.840395e-17
1016.1        	2.840395e-17
1016.15       	2.840395e-17
1016.2        	2.840395e-17
1016.25       	2.840395e-17
1016.3        	2.840395e-17
1016.35       	2.840395e-17
1016.4        	2.840395e-17
1016.45       	2.840395e-17
1016.5        	2.840395e-17
1016.55       	2.840395e-17
1016.6        	2.840395e-17
1016.65       	2.840395e-17
1016.7        	2.840395e-17
1016.75       	2.840395e-17
1016.8        	2.840395e-17
1016.85       	2.840395e-17
1016.9        	2.840395e-17
1016.95       	2.840395e-17
1017          	2.840395e-17
1017.05       	2.840395e-17
1017.1        	2.840395e-17
1017.15       	2.840395e-17
1017.2        	2.840395e-17
1017.25       	2.840395e-17
1017.3        	2.840395e-17
1017.35       	2.840395e-17
1017.4        	2.840395e-17
1017.45       	2.840395e-17
1017.5        	2.840395e-17
1017.55       	2.840395e-17
1017.6        	2.840395e-17
1017.65       	2.840395e-17
1017.7        	2.840395e-17
1017.75       	2.840395e-17
1017.8        	2.840395e-17
1017.85       	2.840395e-17
1017.9        	2.840395e-17
1017.95       	2.840395e-17
1018          	2.840395e-17
1018.05       	2.840395e-17
1018.1        	2.840395e-17
1018.15       	2.840395e-17
1018.2        	2.840395e-17
1018.25       	2.840395e-17
1018.3        	2.840395e-17
1018.35       	2.840395e-17
1018.4        	2.840395e-17
1018.45       	2.840395e-17
1018.5        	2.840395e-17
1018.55       	2.840395e-17
1018.6        	2.840395e-17
1018.65       	2.840395e-17
1018.7        	2.840395e-17
1018.75       	2.840395e-17
1018.8        	2.840395e-17
1018.85       	2.840395e-17
1018.9        	2.840395e-17
1018.95       	2.840395e-17
1019          	2.840395e-17
1019.05       	2.840395e-17
1019.1        	2.840395e-17
1019.15       	2.840395e-17
1019.2        	2.840395e-17
1019.25       	2.840395e-17
1019.3        	2.840395e-17
1019.35       	2.840395e-17
1019.4        	2.840395e-17
1019.45       	2.840395e-17
1019.5        	2.840395e-17
1019.55       	2.840395e-17
1019.6        	2.840395e-17
1019.65       	2.840395e-17
1019.7        	2.840395e-17
1019.75       	2.840395e-17
1019.8        	2.840395e-17
1019.85       	2.840395e-17
1019.9        	2.840395e-17
1019.95       	2.840395e-17
1020          	2.840395e-17
1020.05       	2.840395e-17
1020.1        	2.840395e-17
1020.15       	2.840395e-17
1020.2        	2.840395e-17
1020.25       	2.840395e-17
1020.3        	2.840395e-17
1020.35       	2.840395e-17
1020.4        	2.840395e-17
1020.45       	2.840395e-17
1020.5        	2.840395e-17
1020.55       	2.840395e-17
1020.6        	2.840395e-17
1020.65       	2.840395e-17
1020.7        	2.840395e-17
1020.75       	2.840395e-17
1020.8        	2.840395e-17
1020.85       	2.840395e-17
1020.9        	2.840395e-17
1020.95       	2.840395e-17
1021          	2.840395e-17
1021.05       	2.840395e-17
1021.1        	2.840395e-17
1021.15       	2.840395e-17
1021.2        	2.840395e-17
1021.25       	2.840395e-17
1021.3        	2.840395e-17
1021.35       	2.840395e-17
1021.4        	2.840395e-17
1021.45       	2.840395e-17
1021.5        	2.840395e-17
1021.55       	2.840395e-17
1021.6        	2.840395e-17
1021.65       	2.840395e-17
1021.7        	2.840395e-17
1021.75       	2.840395e-17
1021.8        	2.840395e-17
1021.85       	2.840395e-17
1021.9        	2.840395e-17
1021.95       	2.840395e-17
1022          	2.840395e-17
1022.05       	2.840395e-17
1022.1        	2.840395e-17
1022.15       	2.840395e-17
1022.2        	2.840395e-17
1022.25       	2.840395e-17
1022.3        	2.840395e-17
1022.35       	2.840395e-17
1022.4        	2.840395e-17
1022.45       	2.840395e-17
1022.5        	2.840395e-17
1022.55       	2.840395e-17
1022.6        	2.840395e-17
1022.65       	2.840395e-17
1022.7        	2.840395e-17
1022.75       	2.840395e-17
1022.8        	2.840395e-17
1022.85       	2.840395e-17
1022.9        	2.840395e-17
1022.95       	2.840395e-17
1023          	2.840395e-17
1023.05       	2.840395e-17
1023.1        	2.840395e-17
1023.15       	2.840395e-17
1023.2        	2.840395e-17
1023.25       	2.840395e-17
1023.3        	2.840395e-17
1023.35       	2.840395e-17
1023.4        	2.840395e-17
1023.45       	2.840395e-17
1023.5        	2.840395e-17
1023.55       	2.840395e-17
1023.6        	2.840395e-17
1023.65       	2.840395e-17
1023.7        	2.840395e-17
1023.75       	2.840395e-17
1023.8        	2.840395e-17
1023.85       	2.840395e-17
1023.9        	2.840395e-17
1023.95       	2.840395e-17
1024          	2.840395e-17
1024.05       	2.840395e-17
1024.1        	2.840395e-17
1024.15       	2.840395e-17
1024.2        	2.840395e-17
1024.25       	2.840395e-17
1024.3        	2.840395e-17
1024.35       	2.840395e-17
1024.4        	2.840395e-17
1024.45       	2.840395e-17
1024.5        	2.840395e-17
1024.55       	2.840395e-17
1024.6        	2.840395e-17
1024.65       	2.840395e-17
1024.7        	2.840395e-17
1024.75       	2.840395e-17
1024.8        	2.840395e-17
1024.85       	2.840395e-17
1024.9        	2.840395e-17
1024.95       	2.840395e-17
1025          	2.840395e-17
1025.05       	2.840395e-17
1025.1        	2.840395e-17
1025.15       	2.840395e-17
1025.2        	2.840395e-17
1025.25       	2.840395e-17
1025.3        	2.840395e-17
1025.35       	2.840395e-17
1025.4        	2.840395e-17
1025.45       	2.840395e-17
1025.5        	2.840395e-17
1025.55       	2.840395e-17
1025.6        	2.840395e-17
1025.65       	2.840395e-17
1025.7        	2.840395e-17
1025.75       	2.840395e-17
1025.8        	2.840395e-17
1025.85       	2.840395e-17
1025.9        	2.840395e-17
1025.95       	2.840395e-17
1026          	2.840395e-17
1026.05       	2.840395e-17
1026.1        	2.840395e-17
1026.15       	2.840395e-17
1026.2        	2.840395e-17
1026.25       	2.840395e-17
1026.3        	2.840395e-17
1026.35       	2.840395e-17
1026.4        	2.840395e-17
1026.45       	2.840395e-17
1026.5        	2.840395e-17
1026.55       	2.840395e-17
1026.6        	2.840395e-17
1026.65       	2.840395e-17
1026.7        	2.840395e-17
1026.75       	2.840395e-17
1026.8        	2.840395e-17
1026.85       	2.840395e-17
1026.9        	2.840395e-17
1026.95       	2.840395e-17
1027          	2.840395e-17
1027.05       	2.840395e-17
1027.1        	2.840395e-17
1027.15       	2.840395e-17
1027.2        	2.840395e-17
1027.25       	2.840395e-17
1027.3        	2.840395e-17
1027.35       	2.840395e-17
1027.4        	2.840395e-17
1027.45       	2.840395e-17
1027.5        	2.840395e-17
1027.55       	2.840395e-17
1027.6        	2.840395e-17
1027.65       	2.840395e-17
1027.7        	2.840395e-17
1027.75       	2.840395e-17
1027.8        	2.840395e-17
1027.85       	2.840395e-17
1027.9        	2.840395e-17
1027.95       	2.840395e-17
1028          	2.840395e-17
1028.05       	2.840395e-17
1028.1        	2.840395e-17
1028.15       	2.840395e-17
1028.2        	2.840395e-17
1028.25       	2.840395e-17
1028.3        	2.840395e-17
1028.35       	2.840395e-17
1028.4        	2.840395e-17
1028.45       	2.840395e-17
1028.5        	2.840395e-17
1028.55       	2.840395e-17
1028.6        	2.840395e-17
1028.65       	2.840395e-17
1028.7        	2.840395e-17
1028.75       	2.840395e-17
1028.8        	2.840395e-17
1028.85       	2.840395e-17
1028.9        	2.840395e-17
1028.95       	2.840395e-17
1029          	2.840395e-17
1029.05       	2.840395e-17
1029.1        	2.840395e-17
1029.15       	2.840395e-17
1029.2        	2.840395e-17
1029.25       	2.840395e-17
1029.3        	2.840395e-17
1029.35       	2.840395e-17
1029.4        	2.840395e-17
1029.45       	2.840395e-17
1029.5        	2.840395e-17
1029.55       	2.840395e-17
1029.6        	2.840395e-17
1029.65       	2.840395e-17
1029.7        	2.840395e-17
1029.75       	2.840395e-17
1029.8        	2.840395e-17
1029.85       	2.840395e-17
1029.9        	2.840395e-17
1029.95       	2.840395e-17
1030          	2.840395e-17
1030.05       	2.840395e-17
1030.1        	2.840395e-17
1030.15       	2.840395e-17
1030.2        	2.840395e-17
1030.25       	2.840395e-17
1030.3        	2.840395e-17
1030.35       	2.840395e-17
1030.4        	2.840395e-17
1030.45       	2.840395e-17
1030.5        	2.840395e-17
1030.55       	2.840395e-17
1030.6        	2.840395e-17
1030.65       	2.840395e-17
1030.7        	2.840395e-17
1030.75       	2.840395e-17
1030.8        	2.840395e-17
1030.85       	2.840395e-17
1030.9        	2.840395e-17
1030.95       	2.840395e-17
1031          	2.840395e-17
1031.05       	2.840395e-17
1031.1        	2.840395e-17
1031.15       	2.840395e-17
1031.2        	2.840395e-17
1031.25       	2.840395e-17
1031.3        	2.840395e-17
1031.35       	2.840395e-17
1031.4        	2.840395e-17
1031.45       	2.840395e-17
1031.5        	2.840395e-17
1031.55       	2.840395e-17
1031.6        	2.840395e-17
1031.65       	2.840395e-17
1031.7        	2.840395e-17
1031.75       	2.840395e-17
1031.8        	2.840395e-17
1031.85       	2.840395e-17
1031.9        	2.840395e-17
1031.95       	2.840395e-17
1032          	2.840395e-17
1032.05       	2.840395e-17
1032.1        	2.840395e-17
1032.15       	2.840395e-17
1032.2        	2.840395e-17
1032.25       	2.840395e-17
1032.3        	2.840395e-17
1032.35       	2.840395e-17
1032.4        	2.840395e-17
1032.45       	2.840395e-17
1032.5        	2.840395e-17
1032.55       	2.840395e-17
1032.6        	2.840395e-17
1032.65       	2.840395e-17
1032.7        	2.840395e-17
1032.75       	2.840395e-17
1032.8        	2.840395e-17
1032.85       	2.840395e-17
1032.9        	2.840395e-17
1032.95       	2.840395e-17
1033          	2.840395e-17
1033.05       	2.840395e-17
1033.1        	2.840395e-17
1033.15       	2.840395e-17
1033.2        	2.840395e-17
1033.25       	2.840395e-17
1033.3        	2.840395e-17
1033.35       	2.840395e-17
1033.4        	2.840395e-17
1033.45       	2.840395e-17
1033.5        	2.840395e-17
1033.55       	2.840395e-17
1033.6        	2.840395e-17
1033.65       	2.840395e-17
1033.7        	2.840395e-17
1033.75       	2.840395e-17
1033.8        	2.840395e-17
1033.85       	2.840395e-17
1033.9        	2.840395e-17
1033.95       	2.840395e-17
1034          	2.840395e-17
1034.05       	2.840395e-17
1034.1        	2.840395e-17
1034.15       	2.840395e-17
1034.2        	2.840395e-17
1034.25       	2.840395e-17
1034.3        	2.840395e-17
1034.35       	2.840395e-17
1034.4        	2.840395e-17
1034.45       	2.840395e-17
1034.5        	2.840395e-17
1034.55       	2.840395e-17
1034.6        	2.840395e-17
1034.65       	2.840395e-17
1034.7        	2.840395e-17
1034.75       	2.840395e-17
1034.8        	2.840395e-17
1034.85       	2.840395e-17
1034.9        	2.840395e-17
1034.95       	2.840395e-17
1035          	2.840395e-17
1035.05       	2.840395e-17
1035.1        	2.840395e-17
1035.15       	2.840395e-17
1035.2        	2.840395e-17
1035.25       	2.840395e-17
1035.3        	2.840395e-17
1035.35       	2.840395e-17
1035.4        	2.840395e-17
1035.45       	2.840395e-17
1035.5        	2.840395e-17
1035.55       	2.840395e-17
1035.6        	2.840395e-17
1035.65       	2.840395e-17
1035.7        	2.840395e-17
1035.75       	2.840395e-17
1035.8        	2.840395e-17
1035.85       	2.840395e-17
1035.9        	2.840395e-17
1035.95       	2.840395e-17
1036          	2.840395e-17
1036.05       	2.840395e-17
1036.1        	2.840395e-17
1036.15       	2.840395e-17
1036.2        	2.840395e-17
1036.25       	2.840395e-17
1036.3        	2.840395e-17
1036.35       	2.840395e-17
1036.4        	2.840395e-17
1036.45       	2.840395e-17
1036.5        	2.840395e-17
1036.55       	2.840395e-17
1036.6        	2.840395e-17
1036.65       	2.840395e-17
1036.7        	2.840395e-17
1036.75       	2.840395e-17
1036.8        	2.840395e-17
1036.85       	2.840395e-17
1036.9        	2.840395e-17
1036.95       	2.840395e-17
1037          	2.840395e-17
1037.05       	2.840395e-17
1037.1        	2.840395e-17
1037.15       	2.840395e-17
1037.2        	2.840395e-17
1037.25       	2.840395e-17
1037.3        	2.840395e-17
1037.35       	2.840395e-17
1037.4        	2.840395e-17
1037.45       	2.840395e-17
1037.5        	2.840395e-17
1037.55       	2.840395e-17
1037.6        	2.840395e-17
1037.65       	2.840395e-17
1037.7        	2.840395e-17
1037.75       	2.840395e-17
1037.8        	2.840395e-17
1037.85       	2.840395e-17
1037.9        	2.840395e-17
1037.95       	2.840395e-17
1038          	2.840395e-17
1038.05       	2.840395e-17
1038.1        	2.840395e-17
1038.15       	2.840395e-17
1038.2        	2.840395e-17
1038.25       	2.840395e-17
1038.3        	2.840395e-17
1038.35       	2.840395e-17
1038.4        	2.840395e-17
1038.45       	2.840395e-17
1038.5        	2.840395e-17
1038.55       	2.840395e-17
1038.6        	2.840395e-17
1038.65       	2.840395e-17
1038.7        	2.840395e-17
1038.75       	2.840395e-17
1038.8        	2.840395e-17
1038.85       	2.840395e-17
1038.9        	2.840395e-17
1038.95       	2.840395e-17
1039          	2.840395e-17
1039.05       	2.840395e-17
1039.1        	2.840395e-17
1039.15       	2.840395e-17
1039.2        	2.840395e-17
1039.25       	2.840395e-17
1039.3        	2.840395e-17
1039.35       	2.840395e-17
1039.4        	2.840395e-17
1039.45       	2.840395e-17
1039.5        	2.840395e-17
1039.55       	2.840395e-17
1039.6        	2.840395e-17
1039.65       	2.840395e-17
1039.7        	2.840395e-17
1039.75       	2.840395e-17
1039.8        	2.840395e-17
1039.85       	2.840395e-17
1039.9        	2.840395e-17
1039.95       	2.840395e-17
1040          	2.840395e-17
1040.05       	2.840395e-17
1040.1        	2.840395e-17
1040.15       	2.840395e-17
1040.2        	2.840395e-17
1040.25       	2.840395e-17
1040.3        	2.840395e-17
1040.35       	2.840395e-17
1040.4        	2.840395e-17
1040.45       	2.840395e-17
1040.5        	2.840395e-17
1040.55       	2.840395e-17
1040.6        	2.840395e-17
1040.65       	2.840395e-17
1040.7        	2.840395e-17
1040.75       	2.840395e-17
1040.8        	2.840395e-17
1040.85       	2.840395e-17
1040.9        	2.840395e-17
1040.95       	2.840395e-17
1041          	2.840395e-17
1041.05       	2.840395e-17
1041.1        	2.840395e-17
1041.15       	2.840395e-17
1041.2        	2.840395e-17
1041.25       	2.840395e-17
1041.3        	2.840395e-17
1041.35       	2.840395e-17
1041.4        	2.840395e-17
1041.45       	2.840395e-17
1041.5        	2.840395e-17
1041.55       	2.840395e-17
1041.6        	2.840395e-17
1041.65       	2.840395e-17
1041.7        	2.840395e-17
1041.75       	2.840395e-17
1041.8        	2.840395e-17
1041.85       	2.840395e-17
1041.9        	2.840395e-17
1041.95       	2.840395e-17
1042          	2.840395e-17
1042.05       	2.840395e-17
1042.1        	2.840395e-17
1042.15       	2.840395e-17
1042.2        	2.840395e-17
1042.25       	2.840395e-17
1042.3        	2.840395e-17
1042.35       	2.840395e-17
1042.4        	2.840395e-17
1042.45       	2.840395e-17
1042.5        	2.840395e-17
1042.55       	2.840395e-17
1042.6        	2.840395e-17
1042.65       	2.840395e-17
1042.7        	2.840395e-17
1042.75       	2.840395e-17
1042.8        	2.840395e-17
1042.85       	2.840395e-17
1042.9        	2.840395e-17
1042.95       	2.840395e-17
1043          	2.840395e-17
1043.05       	2.840395e-17
1043.1        	2.840395e-17
1043.15       	2.840395e-17
1043.2        	2.840395e-17
1043.25       	2.840395e-17
1043.3        	2.840395e-17
1043.35       	2.840395e-17
1043.4        	2.840395e-17
1043.45       	2.840395e-17
1043.5        	2.840395e-17
1043.55       	2.840395e-17
1043.6        	2.840395e-17
1043.65       	2.840395e-17
1043.7        	2.840395e-17
1043.75       	2.840395e-17
1043.8        	2.840395e-17
1043.85       	2.840395e-17
1043.9        	2.840395e-17
1043.95       	2.840395e-17
1044          	2.840395e-17
1044.05       	2.840395e-17
1044.1        	2.840395e-17
1044.15       	2.840395e-17
1044.2        	2.840395e-17
1044.25       	2.840395e-17
1044.3        	2.840395e-17
1044.35       	2.840395e-17
1044.4        	2.840395e-17
1044.45       	2.840395e-17
1044.5        	2.840395e-17
1044.55       	2.840395e-17
1044.6        	2.840395e-17
1044.65       	2.840395e-17
1044.7        	2.840395e-17
1044.75       	2.840395e-17
1044.8        	2.840395e-17
1044.85       	2.840395e-17
1044.9        	2.840395e-17
1044.95       	2.840395e-17
1045          	2.840395e-17
1045.05       	2.840395e-17
1045.1        	2.840395e-17
1045.15       	2.840395e-17
1045.2        	2.840395e-17
1045.25       	2.840395e-17
1045.3        	2.840395e-17
1045.35       	2.840395e-17
1045.4        	2.840395e-17
1045.45       	2.840395e-17
1045.5        	2.840395e-17
1045.55       	2.840395e-17
1045.6        	2.840395e-17
1045.65       	2.840395e-17
1045.7        	2.840395e-17
1045.75       	2.840395e-17
1045.8        	2.840395e-17
1045.85       	2.840395e-17
1045.9        	2.840395e-17
1045.95       	2.840395e-17
1046          	2.840395e-17
1046.05       	2.840395e-17
1046.1        	2.840395e-17
1046.15       	2.840395e-17
1046.2        	2.840395e-17
1046.25       	2.840395e-17
1046.3        	2.840395e-17
1046.35       	2.840395e-17
1046.4        	2.840395e-17
1046.45       	2.840395e-17
1046.5        	2.840395e-17
1046.55       	2.840395e-17
1046.6        	2.840395e-17
1046.65       	2.840395e-17
1046.7        	2.840395e-17
1046.75       	2.840395e-17
1046.8        	2.840395e-17
1046.85       	2.840395e-17
1046.9        	2.840395e-17
1046.95       	2.840395e-17
1047          	2.840395e-17
1047.05       	2.840395e-17
1047.1        	2.840395e-17
1047.15       	2.840395e-17
1047.2        	2.840395e-17
1047.25       	2.840395e-17
1047.3        	2.840395e-17
1047.35       	2.840395e-17
1047.4        	2.840395e-17
1047.45       	2.840395e-17
1047.5        	2.840395e-17
1047.55       	2.840395e-17
1047.6        	2.840395e-17
1047.65       	2.840395e-17
1047.7        	2.840395e-17
1047.75       	2.840395e-17
1047.8        	2.840395e-17
1047.85       	2.840395e-17
1047.9        	2.840395e-17
1047.95       	2.840395e-17
1048          	2.840395e-17
1048.05       	2.840395e-17
1048.1        	2.840395e-17
1048.15       	2.840395e-17
1048.2        	2.840395e-17
1048.25       	2.840395e-17
1048.3        	2.840395e-17
1048.35       	2.840395e-17
1048.4        	2.840395e-17
1048.45       	2.840395e-17
1048.5        	2.840395e-17
1048.55       	2.840395e-17
1048.6        	2.840395e-17
1048.65       	2.840395e-17
1048.7        	2.840395e-17
1048.75       	2.840395e-17
1048.8        	2.840395e-17
1048.85       	2.840395e-17
1048.9        	2.840395e-17
1048.95       	2.840395e-17
1049          	2.840395e-17
1049.05       	2.840395e-17
1049.1        	2.840395e-17
1049.15       	2.840395e-17
1049.2        	2.840395e-17
1049.25       	2.840395e-17
1049.3        	2.840395e-17
1049.35       	2.840395e-17
1049.4        	2.840395e-17
1049.45       	2.840395e-17
1049.5        	2.840395e-17
1049.55       	2.840395e-17
1049.6        	2.840395e-17
1049.65       	2.840395e-17
1049.7        	2.840395e-17
1049.75       	2.840395e-17
1049.8        	2.840395e-17
1049.85       	2.840395e-17
1049.9        	2.840395e-17
1049.95       	2.840395e-17
1050          	2.840395e-17
1050.05       	2.840395e-17
1050.1        	2.840395e-17
1050.15       	2.840395e-17
1050.2        	2.840395e-17
1050.25       	2.840395e-17
1050.3        	2.840395e-17
1050.35       	2.840395e-17
1050.4        	2.840395e-17
1050.45       	2.840395e-17
1050.5        	2.840395e-17
1050.55       	2.840395e-17
1050.6        	2.840395e-17
1050.65       	2.840395e-17
1050.7        	2.840395e-17
1050.75       	2.840395e-17
1050.8        	2.840395e-17
1050.85       	2.840395e-17
1050.9        	2.840395e-17
1050.95       	2.840395e-17
1051          	2.840395e-17
1051.05       	2.840395e-17
1051.1        	2.840395e-17
1051.15       	2.840395e-17
1051.2        	2.840395e-17
1051.25       	2.840395e-17
1051.3        	2.840395e-17
1051.35       	2.840395e-17
1051.4        	2.840395e-17
1051.45       	2.840395e-17
1051.5        	2.840395e-17
1051.55       	2.840395e-17
1051.6        	2.840395e-17
1051.65       	2.840395e-17
1051.7        	2.840395e-17
1051.75       	2.840395e-17
1051.8        	2.840395e-17
1051.85       	2.840395e-17
1051.9        	2.840395e-17
1051.95       	2.840395e-17
1052          	2.840395e-17
1052.05       	2.840395e-17
1052.1        	2.840395e-17
1052.15       	2.840395e-17
1052.2        	2.840395e-17
1052.25       	2.840395e-17
1052.3        	2.840395e-17
1052.35       	2.840395e-17
1052.4        	2.840395e-17
1052.45       	2.840395e-17
1052.5        	2.840395e-17
1052.55       	2.840395e-17
1052.6        	2.840395e-17
1052.65       	2.840395e-17
1052.7        	2.840395e-17
1052.75       	2.840395e-17
1052.8        	2.840395e-17
1052.85       	2.840395e-17
1052.9        	2.840395e-17
1052.95       	2.840395e-17
1053          	2.840395e-17
1053.05       	2.840395e-17
1053.1        	2.840395e-17
1053.15       	2.840395e-17
1053.2        	2.840395e-17
1053.25       	2.840395e-17
1053.3        	2.840395e-17
1053.35       	2.840395e-17
1053.4        	2.840395e-17
1053.45       	2.840395e-17
1053.5        	2.840395e-17
1053.55       	2.840395e-17
1053.6        	2.840395e-17
1053.65       	2.840395e-17
1053.7        	2.840395e-17
1053.75       	2.840395e-17
1053.8        	2.840395e-17
1053.85       	2.840395e-17
1053.9        	2.840395e-17
1053.95       	2.840395e-17
1054          	2.840395e-17
1054.05       	2.840395e-17
1054.1        	2.840395e-17
1054.15       	2.840395e-17
1054.2        	2.840395e-17
1054.25       	2.840395e-17
1054.3        	2.840395e-17
1054.35       	2.840395e-17
1054.4        	2.840395e-17
1054.45       	2.840395e-17
1054.5        	2.840395e-17
1054.55       	2.840395e-17
1054.6        	2.840395e-17
1054.65       	2.840395e-17
1054.7        	2.840395e-17
1054.75       	2.840395e-17
1054.8        	2.840395e-17
1054.85       	2.840395e-17
1054.9        	2.840395e-17
1054.95       	2.840395e-17
1055          	2.840395e-17
1055.05       	2.840395e-17
1055.1        	2.840395e-17
1055.15       	2.840395e-17
1055.2        	2.840395e-17
1055.25       	2.840395e-17
1055.3        	2.840395e-17
1055.35       	2.840395e-17
1055.4        	2.840395e-17
1055.45       	2.840395e-17
1055.5        	2.840395e-17
1055.55       	2.840395e-17
1055.6        	2.840395e-17
1055.65       	2.840395e-17
1055.7        	2.840395e-17
1055.75       	2.840395e-17
1055.8        	2.840395e-17
1055.85       	2.840395e-17
1055.9        	2.840395e-17
1055.95       	2.840395e-17
1056          	2.840395e-17
1056.05       	2.840395e-17
1056.1        	2.840395e-17
1056.15       	2.840395e-17
1056.2        	2.840395e-17
1056.25       	2.840395e-17
1056.3        	2.840395e-17
1056.35       	2.840395e-17
1056.4        	2.840395e-17
1056.45       	2.840395e-17
1056.5        	2.840395e-17
1056.55       	2.840395e-17
1056.6        	2.840395e-17
1056.65       	2.840395e-17
1056.7        	2.840395e-17
1056.75       	2.840395e-17
1056.8        	2.840395e-17
1056.85       	2.840395e-17
1056.9        	2.840395e-17
1056.95       	2.840395e-17
1057          	2.840395e-17
1057.05       	2.840395e-17
1057.1        	2.840395e-17
1057.15       	2.840395e-17
1057.2        	2.840395e-17
1057.25       	2.840395e-17
1057.3        	2.840395e-17
1057.35       	2.840395e-17
1057.4        	2.840395e-17
1057.45       	2.840395e-17
1057.5        	2.840395e-17
1057.55       	2.840395e-17
1057.6        	2.840395e-17
1057.65       	2.840395e-17
1057.7        	2.840395e-17
1057.75       	2.840395e-17
1057.8        	2.840395e-17
1057.85       	2.840395e-17
1057.9        	2.840395e-17
1057.95       	2.840395e-17
1058          	2.840395e-17
1058.05       	2.840395e-17
1058.1        	2.840395e-17
1058.15       	2.840395e-17
1058.2        	2.840395e-17
1058.25       	2.840395e-17
1058.3        	2.840395e-17
1058.35       	2.840395e-17
1058.4        	2.840395e-17
1058.45       	2.840395e-17
1058.5        	2.840395e-17
1058.55       	2.840395e-17
1058.6        	2.840395e-17
1058.65       	2.840395e-17
1058.7        	2.840395e-17
1058.75       	2.840395e-17
1058.8        	2.840395e-17
1058.85       	2.840395e-17
1058.9        	2.840395e-17
1058.95       	2.840395e-17
1059          	2.840395e-17
1059.05       	2.840395e-17
1059.1        	2.840395e-17
1059.15       	2.840395e-17
1059.2        	2.840395e-17
1059.25       	2.840395e-17
1059.3        	2.840395e-17
1059.35       	2.840395e-17
1059.4        	2.840395e-17
1059.45       	2.840395e-17
1059.5        	2.840395e-17
1059.55       	2.840395e-17
1059.6        	2.840395e-17
1059.65       	2.840395e-17
1059.7        	2.840395e-17
1059.75       	2.840395e-17
1059.8        	2.840395e-17
1059.85       	2.840395e-17
1059.9        	2.840395e-17
1059.95       	2.840395e-17
1060          	2.840395e-17
1060.05       	2.840395e-17
1060.1        	2.840395e-17
1060.15       	2.840395e-17
1060.2        	2.840395e-17
1060.25       	2.840395e-17
1060.3        	2.840395e-17
1060.35       	2.840395e-17
1060.4        	2.840395e-17
1060.45       	2.840395e-17
1060.5        	2.840395e-17
1060.55       	2.840395e-17
1060.6        	2.840395e-17
1060.65       	2.840395e-17
1060.7        	2.840395e-17
1060.75       	2.840395e-17
1060.8        	2.840395e-17
1060.85       	2.840395e-17
1060.9        	2.840395e-17
1060.95       	2.840395e-17
1061          	2.840395e-17
1061.05       	2.840395e-17
1061.1        	2.840395e-17
1061.15       	2.840395e-17
1061.2        	2.840395e-17
1061.25       	2.840395e-17
1061.3        	2.840395e-17
1061.35       	2.840395e-17
1061.4        	2.840395e-17
1061.45       	2.840395e-17
1061.5        	2.840395e-17
1061.55       	2.840395e-17
1061.6        	2.840395e-17
1061.65       	2.840395e-17
1061.7        	2.840395e-17
1061.75       	2.840395e-17
1061.8        	2.840395e-17
1061.85       	2.840395e-17
1061.9        	2.840395e-17
1061.95       	2.840395e-17
1062          	2.840395e-17
1062.05       	2.840395e-17
1062.1        	2.840395e-17
1062.15       	2.840395e-17
1062.2        	2.840395e-17
1062.25       	2.840395e-17
1062.3        	2.840395e-17
1062.35       	2.840395e-17
1062.4        	2.840395e-17
1062.45       	2.840395e-17
1062.5        	2.840395e-17
1062.55       	2.840395e-17
1062.6        	2.840395e-17
1062.65       	2.840395e-17
1062.7        	2.840395e-17
1062.75       	2.840395e-17
1062.8        	2.840395e-17
1062.85       	2.840395e-17
1062.9        	2.840395e-17
1062.95       	2.840395e-17
1063          	2.840395e-17
1063.05       	2.840395e-17
1063.1        	2.840395e-17
1063.15       	2.840395e-17
1063.2        	2.840395e-17
1063.25       	2.840395e-17
1063.3        	2.840395e-17
1063.35       	2.840395e-17
1063.4        	2.840395e-17
1063.45       	2.840395e-17
1063.5        	2.840395e-17
1063.55       	2.840395e-17
1063.6        	2.840395e-17
1063.65       	2.840395e-17
1063.7        	2.840395e-17
1063.75       	2.840395e-17
1063.8        	2.840395e-17
1063.85       	2.840395e-17
1063.9        	2.840395e-17
1063.95       	2.840395e-17
1064          	2.840395e-17
1064.05       	2.840395e-17
1064.1        	2.840395e-17
1064.15       	2.840395e-17
1064.2        	2.840395e-17
1064.25       	2.840395e-17
1064.3        	2.840395e-17
1064.35       	2.840395e-17
1064.4        	2.840395e-17
1064.45       	2.840395e-17
1064.5        	2.840395e-17
1064.55       	2.840395e-17
1064.6        	2.840395e-17
1064.65       	2.840395e-17
1064.7        	2.840395e-17
1064.75       	2.840395e-17
1064.8        	2.840395e-17
1064.85       	2.840395e-17
1064.9        	2.840395e-17
1064.95       	2.840395e-17
1065          	2.840395e-17
1065.05       	2.840395e-17
1065.1        	2.840395e-17
1065.15       	2.840395e-17
1065.2        	2.840395e-17
1065.25       	2.840395e-17
1065.3        	2.840395e-17
1065.35       	2.840395e-17
1065.4        	2.840395e-17
1065.45       	2.840395e-17
1065.5        	2.840395e-17
1065.55       	2.840395e-17
1065.6        	2.840395e-17
1065.65       	2.840395e-17
1065.7        	2.840395e-17
1065.75       	2.840395e-17
1065.8        	2.840395e-17
1065.85       	2.840395e-17
1065.9        	2.840395e-17
1065.95       	2.840395e-17
1066          	2.840395e-17
1066.05       	2.840395e-17
1066.1        	2.840395e-17
1066.15       	2.840395e-17
1066.2        	2.840395e-17
1066.25       	2.840395e-17
1066.3        	2.840395e-17
1066.35       	2.840395e-17
1066.4        	2.840395e-17
1066.45       	2.840395e-17
1066.5        	2.840395e-17
1066.55       	2.840395e-17
1066.6        	2.840395e-17
1066.65       	2.840395e-17
1066.7        	2.840395e-17
1066.75       	2.840395e-17
1066.8        	2.840395e-17
1066.85       	2.840395e-17
1066.9        	2.840395e-17
1066.95       	2.840395e-17
1067          	2.840395e-17
1067.05       	2.840395e-17
1067.1        	2.840395e-17
1067.15       	2.840395e-17
1067.2        	2.840395e-17
1067.25       	2.840395e-17
1067.3        	2.840395e-17
1067.35       	2.840395e-17
1067.4        	2.840395e-17
1067.45       	2.840395e-17
1067.5        	2.840395e-17
1067.55       	2.840395e-17
1067.6        	2.840395e-17
1067.65       	2.840395e-17
1067.7        	2.840395e-17
1067.75       	2.840395e-17
1067.8        	2.840395e-17
1067.85       	2.840395e-17
1067.9        	2.840395e-17
1067.95       	2.840395e-17
1068          	2.840395e-17
1068.05       	2.840395e-17
1068.1        	2.840395e-17
1068.15       	2.840395e-17
1068.2        	2.840395e-17
1068.25       	2.840395e-17
1068.3        	2.840395e-17
1068.35       	2.840395e-17
1068.4        	2.840395e-17
1068.45       	2.840395e-17
1068.5        	2.840395e-17
1068.55       	2.840395e-17
1068.6        	2.840395e-17
1068.65       	2.840395e-17
1068.7        	2.840395e-17
1068.75       	2.840395e-17
1068.8        	2.840395e-17
1068.85       	2.840395e-17
1068.9        	2.840395e-17
1068.95       	2.840395e-17
1069          	2.840395e-17
1069.05       	2.840395e-17
1069.1        	2.840395e-17
1069.15       	2.840395e-17
1069.2        	2.840395e-17
1069.25       	2.840395e-17
1069.3        	2.840395e-17
1069.35       	2.840395e-17
1069.4        	2.840395e-17
1069.45       	2.840395e-17
1069.5        	2.840395e-17
1069.55       	2.840395e-17
1069.6        	2.840395e-17
1069.65       	2.840395e-17
1069.7        	2.840395e-17
1069.75       	2.840395e-17
1069.8        	2.840395e-17
1069.85       	2.840395e-17
1069.9        	2.840395e-17
1069.95       	2.840395e-17
1070          	2.840395e-17
1070.05       	2.840395e-17
1070.1        	2.840395e-17
1070.15       	2.840395e-17
1070.2        	2.840395e-17
1070.25       	2.840395e-17
1070.3        	2.840395e-17
1070.35       	2.840395e-17
1070.4        	2.840395e-17
1070.45       	2.840395e-17
1070.5        	2.840395e-17
1070.55       	2.840395e-17
1070.6        	2.840395e-17
1070.65       	2.840395e-17
1070.7        	2.840395e-17
1070.75       	2.840395e-17
1070.8        	2.840395e-17
1070.85       	2.840395e-17
1070.9        	2.840395e-17
1070.95       	2.840395e-17
1071          	2.840395e-17
1071.05       	2.840395e-17
1071.1        	2.840395e-17
1071.15       	2.840395e-17
1071.2        	2.840395e-17
1071.25       	2.840395e-17
1071.3        	2.840395e-17
1071.35       	2.840395e-17
1071.4        	2.840395e-17
1071.45       	2.840395e-17
1071.5        	2.840395e-17
1071.55       	2.840395e-17
1071.6        	2.840395e-17
1071.65       	2.840395e-17
1071.7        	2.840395e-17
1071.75       	2.840395e-17
1071.8        	2.840395e-17
1071.85       	2.840395e-17
1071.9        	2.840395e-17
1071.95       	2.840395e-17
1072          	2.840395e-17
1072.05       	2.840395e-17
1072.1        	2.840395e-17
1072.15       	2.840395e-17
1072.2        	2.840395e-17
1072.25       	2.840395e-17
1072.3        	2.840395e-17
1072.35       	2.840395e-17
1072.4        	2.840395e-17
1072.45       	2.840395e-17
1072.5        	2.840395e-17
1072.55       	2.840395e-17
1072.6        	2.840395e-17
1072.65       	2.840395e-17
1072.7        	2.840395e-17
1072.75       	2.840395e-17
1072.8        	2.840395e-17
1072.85       	2.840395e-17
1072.9        	2.840395e-17
1072.95       	2.840395e-17
1073          	2.840395e-17
1073.05       	2.840395e-17
1073.1        	2.840395e-17
1073.15       	2.840395e-17
1073.2        	2.840395e-17
1073.25       	2.840395e-17
1073.3        	2.840395e-17
1073.35       	2.840395e-17
1073.4        	2.840395e-17
1073.45       	2.840395e-17
1073.5        	2.840395e-17
1073.55       	2.840395e-17
1073.6        	2.840395e-17
1073.65       	2.840395e-17
1073.7        	2.840395e-17
1073.75       	2.840395e-17
1073.8        	2.840395e-17
1073.85       	2.840395e-17
1073.9        	2.840395e-17
1073.95       	2.840395e-17
1074          	2.840395e-17
1074.05       	2.840395e-17
1074.1        	2.840395e-17
1074.15       	2.840395e-17
1074.2        	2.840395e-17
1074.25       	2.840395e-17
1074.3        	2.840395e-17
1074.35       	2.840395e-17
1074.4        	2.840395e-17
1074.45       	2.840395e-17
1074.5        	2.840395e-17
1074.55       	2.840395e-17
1074.6        	2.840395e-17
1074.65       	2.840395e-17
1074.7        	2.840395e-17
1074.75       	2.840395e-17
1074.8        	2.840395e-17
1074.85       	2.840395e-17
1074.9        	2.840395e-17
1074.95       	2.840395e-17
1075          	2.840395e-17
1075.05       	2.840395e-17
1075.1        	2.840395e-17
1075.15       	2.840395e-17
1075.2        	2.840395e-17
1075.25       	2.840395e-17
1075.3        	2.840395e-17
1075.35       	2.840395e-17
1075.4        	2.840395e-17
1075.45       	2.840395e-17
1075.5        	2.840395e-17
1075.55       	2.840395e-17
1075.6        	2.840395e-17
1075.65       	2.840395e-17
1075.7        	2.840395e-17
1075.75       	2.840395e-17
1075.8        	2.840395e-17
1075.85       	2.840395e-17
1075.9        	2.840395e-17
1075.95       	2.840395e-17
1076          	2.840395e-17
1076.05       	2.840395e-17
1076.1        	2.840395e-17
1076.15       	2.840395e-17
1076.2        	2.840395e-17
1076.25       	2.840395e-17
1076.3        	2.840395e-17
1076.35       	2.840395e-17
1076.4        	2.840395e-17
1076.45       	2.840395e-17
1076.5        	2.840395e-17
1076.55       	2.840395e-17
1076.6        	2.840395e-17
1076.65       	2.840395e-17
1076.7        	2.840395e-17
1076.75       	2.840395e-17
1076.8        	2.840395e-17
1076.85       	2.840395e-17
1076.9        	2.840395e-17
1076.95       	2.840395e-17
1077          	2.840395e-17
1077.05       	2.840395e-17
1077.1        	2.840395e-17
1077.15       	2.840395e-17
1077.2        	2.840395e-17
1077.25       	2.840395e-17
1077.3        	2.840395e-17
1077.35       	2.840395e-17
1077.4        	2.840395e-17
1077.45       	2.840395e-17
1077.5        	2.840395e-17
1077.55       	2.840395e-17
1077.6        	2.840395e-17
1077.65       	2.840395e-17
1077.7        	2.840395e-17
1077.75       	2.840395e-17
1077.8        	2.840395e-17
1077.85       	2.840395e-17
1077.9        	2.840395e-17
1077.95       	2.840395e-17
1078          	2.840395e-17
1078.05       	2.840395e-17
1078.1        	2.840395e-17
1078.15       	2.840395e-17
1078.2        	2.840395e-17
1078.25       	2.840395e-17
1078.3        	2.840395e-17
1078.35       	2.840395e-17
1078.4        	2.840395e-17
1078.45       	2.840395e-17
1078.5        	2.840395e-17
1078.55       	2.840395e-17
1078.6        	2.840395e-17
1078.65       	2.840395e-17
1078.7        	2.840395e-17
1078.75       	2.840395e-17
1078.8        	2.840395e-17
1078.85       	2.840395e-17
1078.9        	2.840395e-17
1078.95       	2.840395e-17
1079          	2.840395e-17
1079.05       	2.840395e-17
1079.1        	2.840395e-17
1079.15       	2.840395e-17
1079.2        	2.840395e-17
1079.25       	2.840395e-17
1079.3        	2.840395e-17
1079.35       	2.840395e-17
1079.4        	2.840395e-17
1079.45       	2.840395e-17
1079.5        	2.840395e-17
1079.55       	2.840395e-17
1079.6        	2.840395e-17
1079.65       	2.840395e-17
1079.7        	2.840395e-17
1079.75       	2.840395e-17
1079.8        	2.840395e-17
1079.85       	2.840395e-17
1079.9        	2.840395e-17
1079.95       	2.840395e-17
1080          	2.840395e-17
1080.05       	2.840395e-17
1080.1        	2.840395e-17
1080.15       	2.840395e-17
1080.2        	2.840395e-17
1080.25       	2.840395e-17
1080.3        	2.840395e-17
1080.35       	2.840395e-17
1080.4        	2.840395e-17
1080.45       	2.840395e-17
1080.5        	2.840395e-17
1080.55       	2.840395e-17
1080.6        	2.840395e-17
1080.65       	2.840395e-17
1080.7        	2.840395e-17
1080.75       	2.840395e-17
1080.8        	2.840395e-17
1080.85       	2.840395e-17
1080.9        	2.840395e-17
1080.95       	2.840395e-17
1081          	2.840395e-17
1081.05       	2.840395e-17
1081.1        	2.840395e-17
1081.15       	2.840395e-17
1081.2        	2.840395e-17
1081.25       	2.840395e-17
1081.3        	2.840395e-17
1081.35       	2.840395e-17
1081.4        	2.840395e-17
1081.45       	2.840395e-17
1081.5        	2.840395e-17
1081.55       	2.840395e-17
1081.6        	2.840395e-17
1081.65       	2.840395e-17
1081.7        	2.840395e-17
1081.75       	2.840395e-17
1081.8        	2.840395e-17
1081.85       	2.840395e-17
1081.9        	2.840395e-17
1081.95       	2.840395e-17
1082          	2.840395e-17
1082.05       	2.840395e-17
1082.1        	2.840395e-17
1082.15       	2.840395e-17
1082.2        	2.840395e-17
1082.25       	2.840395e-17
1082.3        	2.840395e-17
1082.35       	2.840395e-17
1082.4        	2.840395e-17
1082.45       	2.840395e-17
1082.5        	2.840395e-17
1082.55       	2.840395e-17
1082.6        	2.840395e-17
1082.65       	2.840395e-17
1082.7        	2.840395e-17
1082.75       	2.840395e-17
1082.8        	2.840395e-17
1082.85       	2.840395e-17
1082.9        	2.840395e-17
1082.95       	2.840395e-17
1083          	2.840395e-17
1083.05       	2.840395e-17
1083.1        	2.840395e-17
1083.15       	2.840395e-17
1083.2        	2.840395e-17
1083.25       	2.840395e-17
1083.3        	2.840395e-17
1083.35       	2.840395e-17
1083.4        	2.840395e-17
1083.45       	2.840395e-17
1083.5        	2.840395e-17
1083.55       	2.840395e-17
1083.6        	2.840395e-17
1083.65       	2.840395e-17
1083.7        	2.840395e-17
1083.75       	2.840395e-17
1083.8        	2.840395e-17
1083.85       	2.840395e-17
1083.9        	2.840395e-17
1083.95       	2.840395e-17
1084          	2.840395e-17
1084.05       	2.840395e-17
1084.1        	2.840395e-17
1084.15       	2.840395e-17
1084.2        	2.840395e-17
1084.25       	2.840395e-17
1084.3        	2.840395e-17
1084.35       	2.840395e-17
1084.4        	2.840395e-17
1084.45       	2.840395e-17
1084.5        	2.840395e-17
1084.55       	2.840395e-17
1084.6        	2.840395e-17
1084.65       	2.840395e-17
1084.7        	2.840395e-17
1084.75       	2.840395e-17
1084.8        	2.840395e-17
1084.85       	2.840395e-17
1084.9        	2.840395e-17
1084.95       	2.840395e-17
1085          	2.840395e-17
1085.05       	2.840395e-17
1085.1        	2.840395e-17
1085.15       	2.840395e-17
1085.2        	2.840395e-17
1085.25       	2.840395e-17
1085.3        	2.840395e-17
1085.35       	2.840395e-17
1085.4        	2.840395e-17
1085.45       	2.840395e-17
1085.5        	2.840395e-17
1085.55       	2.840395e-17
1085.6        	2.840395e-17
1085.65       	2.840395e-17
1085.7        	2.840395e-17
1085.75       	2.840395e-17
1085.8        	2.840395e-17
1085.85       	2.840395e-17
1085.9        	2.840395e-17
1085.95       	2.840395e-17
1086          	2.840395e-17
1086.05       	2.840395e-17
1086.1        	2.840395e-17
1086.15       	2.840395e-17
1086.2        	2.840395e-17
1086.25       	2.840395e-17
1086.3        	2.840395e-17
1086.35       	2.840395e-17
1086.4        	2.840395e-17
1086.45       	2.840395e-17
1086.5        	2.840395e-17
1086.55       	2.840395e-17
1086.6        	2.840395e-17
1086.65       	2.840395e-17
1086.7        	2.840395e-17
1086.75       	2.840395e-17
1086.8        	2.840395e-17
1086.85       	2.840395e-17
1086.9        	2.840395e-17
1086.95       	2.840395e-17
1087          	2.840395e-17
1087.05       	2.840395e-17
1087.1        	2.840395e-17
1087.15       	2.840395e-17
1087.2        	2.840395e-17
1087.25       	2.840395e-17
1087.3        	2.840395e-17
1087.35       	2.840395e-17
1087.4        	2.840395e-17
1087.45       	2.840395e-17
1087.5        	2.840395e-17
1087.55       	2.840395e-17
1087.6        	2.840395e-17
1087.65       	2.840395e-17
1087.7        	2.840395e-17
1087.75       	2.840395e-17
1087.8        	2.840395e-17
1087.85       	2.840395e-17
1087.9        	2.840395e-17
1087.95       	2.840395e-17
1088          	2.840395e-17
1088.05       	2.840395e-17
1088.1        	2.840395e-17
1088.15       	2.840395e-17
1088.2        	2.840395e-17
1088.25       	2.840395e-17
1088.3        	2.840395e-17
1088.35       	2.840395e-17
1088.4        	2.840395e-17
1088.45       	2.840395e-17
1088.5        	2.840395e-17
1088.55       	2.840395e-17
1088.6        	2.840395e-17
1088.65       	2.840395e-17
1088.7        	2.840395e-17
1088.75       	2.840395e-17
1088.8        	2.840395e-17
1088.85       	2.840395e-17
1088.9        	2.840395e-17
1088.95       	2.840395e-17
1089          	2.840395e-17
1089.05       	2.840395e-17
1089.1        	2.840395e-17
1089.15       	2.840395e-17
1089.2        	2.840395e-17
1089.25       	2.840395e-17
1089.3        	2.840395e-17
1089.35       	2.840395e-17
1089.4        	2.840395e-17
1089.45       	2.840395e-17
1089.5        	2.840395e-17
1089.55       	2.840395e-17
1089.6        	2.840395e-17
1089.65       	2.840395e-17
1089.7        	2.840395e-17
1089.75       	2.840395e-17
1089.8        	2.840395e-17
1089.85       	2.840395e-17
1089.9        	2.840395e-17
1089.95       	2.840395e-17
1090          	2.840395e-17
1090.05       	2.840395e-17
1090.1        	2.840395e-17
1090.15       	2.840395e-17
1090.2        	2.840395e-17
1090.25       	2.840395e-17
1090.3        	2.840395e-17
1090.35       	2.840395e-17
1090.4        	2.840395e-17
1090.45       	2.840395e-17
1090.5        	2.840395e-17
1090.55       	2.840395e-17
1090.6        	2.840395e-17
1090.65       	2.840395e-17
1090.7        	2.840395e-17
1090.75       	2.840395e-17
1090.8        	2.840395e-17
1090.85       	2.840395e-17
1090.9        	2.840395e-17
1090.95       	2.840395e-17
1091          	2.840395e-17
1091.05       	2.840395e-17
1091.1        	2.840395e-17
1091.15       	2.840395e-17
1091.2        	2.840395e-17
1091.25       	2.840395e-17
1091.3        	2.840395e-17
1091.35       	2.840395e-17
1091.4        	2.840395e-17
1091.45       	2.840395e-17
1091.5        	2.840395e-17
1091.55       	2.840395e-17
1091.6        	2.840395e-17
1091.65       	2.840395e-17
1091.7        	2.840395e-17
1091.75       	2.840395e-17
1091.8        	2.840395e-17
1091.85       	2.840395e-17
1091.9        	2.840395e-17
1091.95       	2.840395e-17
1092          	2.840395e-17
1092.05       	2.840395e-17
1092.1        	2.840395e-17
1092.15       	2.840395e-17
1092.2        	2.840395e-17
1092.25       	2.840395e-17
1092.3        	2.840395e-17
1092.35       	2.840395e-17
1092.4        	2.840395e-17
1092.45       	2.840395e-17
1092.5        	2.840395e-17
1092.55       	2.840395e-17
1092.6        	2.840395e-17
1092.65       	2.840395e-17
1092.7        	2.840395e-17
1092.75       	2.840395e-17
1092.8        	2.840395e-17
1092.85       	2.840395e-17
1092.9        	2.840395e-17
1092.95       	2.840395e-17
1093          	2.840395e-17
1093.05       	2.840395e-17
1093.1        	2.840395e-17
1093.15       	2.840395e-17
1093.2        	2.840395e-17
1093.25       	2.840395e-17
1093.3        	2.840395e-17
1093.35       	2.840395e-17
1093.4        	2.840395e-17
1093.45       	2.840395e-17
1093.5        	2.840395e-17
1093.55       	2.840395e-17
1093.6        	2.840395e-17
1093.65       	2.840395e-17
1093.7        	2.840395e-17
1093.75       	2.840395e-17
1093.8        	2.840395e-17
1093.85       	2.840395e-17
1093.9        	2.840395e-17
1093.95       	2.840395e-17
1094          	2.840395e-17
1094.05       	2.840395e-17
1094.1        	2.840395e-17
1094.15       	2.840395e-17
1094.2        	2.840395e-17
1094.25       	2.840395e-17
1094.3        	2.840395e-17
1094.35       	2.840395e-17
1094.4        	2.840395e-17
1094.45       	2.840395e-17
1094.5        	2.840395e-17
1094.55       	2.840395e-17
1094.6        	2.840395e-17
1094.65       	2.840395e-17
1094.7        	2.840395e-17
1094.75       	2.840395e-17
1094.8        	2.840395e-17
1094.85       	2.840395e-17
1094.9        	2.840395e-17
1094.95       	2.840395e-17
1095          	2.840395e-17
1095.05       	2.840395e-17
1095.1        	2.840395e-17
1095.15       	2.840395e-17
1095.2        	2.840395e-17
1095.25       	2.840395e-17
1095.3        	2.840395e-17
1095.35       	2.840395e-17
1095.4        	2.840395e-17
1095.45       	2.840395e-17
1095.5        	2.840395e-17
1095.55       	2.840395e-17
1095.6        	2.840395e-17
1095.65       	2.840395e-17
1095.7        	2.840395e-17
1095.75       	2.840395e-17
1095.8        	2.840395e-17
1095.85       	2.840395e-17
1095.9        	2.840395e-17
1095.95       	2.840395e-17
1096          	2.840395e-17
1096.05       	2.840395e-17
1096.1        	2.840395e-17
1096.15       	2.840395e-17
1096.2        	2.840395e-17
1096.25       	2.840395e-17
1096.3        	2.840395e-17
1096.35       	2.840395e-17
1096.4        	2.840395e-17
1096.45       	2.840395e-17
1096.5        	2.840395e-17
1096.55       	2.840395e-17
1096.6        	2.840395e-17
1096.65       	2.840395e-17
1096.7        	2.840395e-17
1096.75       	2.840395e-17
1096.8        	2.840395e-17
1096.85       	2.840395e-17
1096.9        	2.840395e-17
1096.95       	2.840395e-17
1097          	2.840395e-17
1097.05       	2.840395e-17
1097.1        	2.840395e-17
1097.15       	2.840395e-17
1097.2        	2.840395e-17
1097.25       	2.840395e-17
1097.3        	2.840395e-17
1097.35       	2.840395e-17
1097.4        	2.840395e-17
1097.45       	2.840395e-17
1097.5        	2.840395e-17
1097.55       	2.840395e-17
1097.6        	2.840395e-17
1097.65       	2.840395e-17
1097.7        	2.840395e-17
1097.75       	2.840395e-17
1097.8        	2.840395e-17
1097.85       	2.840395e-17
1097.9        	2.840395e-17
1097.95       	2.840395e-17
1098          	2.840395e-17
1098.05       	2.840395e-17
1098.1        	2.840395e-17
1098.15       	2.840395e-17
1098.2        	2.840395e-17
1098.25       	2.840395e-17
1098.3        	2.840395e-17
1098.35       	2.840395e-17
1098.4        	2.840395e-17
1098.45       	2.840395e-17
1098.5        	2.840395e-17
1098.55       	2.840395e-17
1098.6        	2.840395e-17
1098.65       	2.840395e-17
1098.7        	2.840395e-17
1098.75       	2.840395e-17
1098.8        	2.840395e-17
1098.85       	2.840395e-17
1098.9        	2.840395e-17
1098.95       	2.840395e-17
1099          	2.840395e-17
1099.05       	2.840395e-17
1099.1        	2.840395e-17
1099.15       	2.840395e-17
1099.2        	2.840395e-17
1099.25       	2.840395e-17
1099.3        	2.840395e-17
1099.35       	2.840395e-17
1099.4        	2.840395e-17
1099.45       	2.840395e-17
1099.5        	2.840395e-17
1099.55       	2.840395e-17
1099.6        	2.840395e-17
1099.65       	2.840395e-17
1099.7        	2.840395e-17
1099.75       	2.840395e-17
1099.8        	2.840395e-17
1099.85       	2.840395e-17
1099.9        	2.840395e-17
1099.95       	2.840395e-17
1100          	2.840395e-17
1100.05       	2.840395e-17
1100.1        	2.840395e-17
1100.15       	2.840395e-17
1100.2        	2.840395e-17
1100.25       	2.840395e-17
1100.3        	2.840395e-17
1100.35       	2.840395e-17
1100.4        	2.840395e-17
1100.45       	2.840395e-17
1100.5        	2.840395e-17
1100.55       	2.840395e-17
1100.6        	2.840395e-17
1100.65       	2.840395e-17
1100.7        	2.840395e-17
1100.75       	2.840395e-17
1100.8        	2.840395e-17
1100.85       	2.840395e-17
1100.9        	2.840395e-17
1100.95       	2.840395e-17
1101          	2.840395e-17
1101.05       	2.840395e-17
1101.1        	2.840395e-17
1101.15       	2.840395e-17
1101.2        	2.840395e-17
1101.25       	2.840395e-17
1101.3        	2.840395e-17
1101.35       	2.840395e-17
1101.4        	2.840395e-17
1101.45       	2.840395e-17
1101.5        	2.840395e-17
1101.55       	2.840395e-17
1101.6        	2.840395e-17
1101.65       	2.840395e-17
1101.7        	2.840395e-17
1101.75       	2.840395e-17
1101.8        	2.840395e-17
1101.85       	2.840395e-17
1101.9        	2.840395e-17
1101.95       	2.840395e-17
1102          	2.840395e-17
1102.05       	2.840395e-17
1102.1        	2.840395e-17
1102.15       	2.840395e-17
1102.2        	2.840395e-17
1102.25       	2.840395e-17
1102.3        	2.840395e-17
1102.35       	2.840395e-17
1102.4        	2.840395e-17
1102.45       	2.840395e-17
1102.5        	2.840395e-17
1102.55       	2.840395e-17
1102.6        	2.840395e-17
1102.65       	2.840395e-17
1102.7        	2.840395e-17
1102.75       	2.840395e-17
1102.8        	2.840395e-17
1102.85       	2.840395e-17
1102.9        	2.840395e-17
1102.95       	2.840395e-17
1103          	2.840395e-17
1103.05       	2.840395e-17
1103.1        	2.840395e-17
1103.15       	2.840395e-17
1103.2        	2.840395e-17
1103.25       	2.840395e-17
1103.3        	2.840395e-17
1103.35       	2.840395e-17
1103.4        	2.840395e-17
1103.45       	2.840395e-17
1103.5        	2.840395e-17
1103.55       	2.840395e-17
1103.6        	2.840395e-17
1103.65       	2.840395e-17
1103.7        	2.840395e-17
1103.75       	2.840395e-17
1103.8        	2.840395e-17
1103.85       	2.840395e-17
1103.9        	2.840395e-17
1103.95       	2.840395e-17
1104          	2.840395e-17
1104.05       	2.840395e-17
1104.1        	2.840395e-17
1104.15       	2.840395e-17
1104.2        	2.840395e-17
1104.25       	2.840395e-17
1104.3        	2.840395e-17
1104.35       	2.840395e-17
1104.4        	2.840395e-17
1104.45       	2.840395e-17
1104.5        	2.840395e-17
1104.55       	2.840395e-17
1104.6        	2.840395e-17
1104.65       	2.840395e-17
1104.7        	2.840395e-17
1104.75       	2.840395e-17
1104.8        	2.840395e-17
1104.85       	2.840395e-17
1104.9        	2.840395e-17
1104.95       	2.840395e-17
1105          	2.840395e-17
1105.05       	2.840395e-17
1105.1        	2.840395e-17
1105.15       	2.840395e-17
1105.2        	2.840395e-17
1105.25       	2.840395e-17
1105.3        	2.840395e-17
1105.35       	2.840395e-17
1105.4        	2.840395e-17
1105.45       	2.840395e-17
1105.5        	2.840395e-17
1105.55       	2.840395e-17
1105.6        	2.840395e-17
1105.65       	2.840395e-17
1105.7        	2.840395e-17
1105.75       	2.840395e-17
1105.8        	2.840395e-17
1105.85       	2.840395e-17
1105.9        	2.840395e-17
1105.95       	2.840395e-17
1106          	2.840395e-17
1106.05       	2.840395e-17
1106.1        	2.840395e-17
1106.15       	2.840395e-17
1106.2        	2.840395e-17
1106.25       	2.840395e-17
1106.3        	2.840395e-17
1106.35       	2.840395e-17
1106.4        	2.840395e-17
1106.45       	2.840395e-17
1106.5        	2.840395e-17
1106.55       	2.840395e-17
1106.6        	2.840395e-17
1106.65       	2.840395e-17
1106.7        	2.840395e-17
1106.75       	2.840395e-17
1106.8        	2.840395e-17
1106.85       	2.840395e-17
1106.9        	2.840395e-17
1106.95       	2.840395e-17
1107          	2.840395e-17
1107.05       	2.840395e-17
1107.1        	2.840395e-17
1107.15       	2.840395e-17
1107.2        	2.840395e-17
1107.25       	2.840395e-17
1107.3        	2.840395e-17
1107.35       	2.840395e-17
1107.4        	2.840395e-17
1107.45       	2.840395e-17
1107.5        	2.840395e-17
1107.55       	2.840395e-17
1107.6        	2.840395e-17
1107.65       	2.840395e-17
1107.7        	2.840395e-17
1107.75       	2.840395e-17
1107.8        	2.840395e-17
1107.85       	2.840395e-17
1107.9        	2.840395e-17
1107.95       	2.840395e-17
1108          	2.840395e-17
1108.05       	2.840395e-17
1108.1        	2.840395e-17
1108.15       	2.840395e-17
1108.2        	2.840395e-17
1108.25       	2.840395e-17
1108.3        	2.840395e-17
1108.35       	2.840395e-17
1108.4        	2.840395e-17
1108.45       	2.840395e-17
1108.5        	2.840395e-17
1108.55       	2.840395e-17
1108.6        	2.840395e-17
1108.65       	2.840395e-17
1108.7        	2.840395e-17
1108.75       	2.840395e-17
1108.8        	2.840395e-17
1108.85       	2.840395e-17
1108.9        	2.840395e-17
1108.95       	2.840395e-17
1109          	2.840395e-17
1109.05       	2.840395e-17
1109.1        	2.840395e-17
1109.15       	2.840395e-17
1109.2        	2.840395e-17
1109.25       	2.840395e-17
1109.3        	2.840395e-17
1109.35       	2.840395e-17
1109.4        	2.840395e-17
1109.45       	2.840395e-17
1109.5        	2.840395e-17
1109.55       	2.840395e-17
1109.6        	2.840395e-17
1109.65       	2.840395e-17
1109.7        	2.840395e-17
1109.75       	2.840395e-17
1109.8        	2.840395e-17
1109.85       	2.840395e-17
1109.9        	2.840395e-17
1109.95       	2.840395e-17
1110          	2.840395e-17
1110.05       	2.840395e-17
1110.1        	2.840395e-17
1110.15       	2.840395e-17
1110.2        	2.840395e-17
1110.25       	2.840395e-17
1110.3        	2.840395e-17
1110.35       	2.840395e-17
1110.4        	2.840395e-17
1110.45       	2.840395e-17
1110.5        	2.840395e-17
1110.55       	2.840395e-17
1110.6        	2.840395e-17
1110.65       	2.840395e-17
1110.7        	2.840395e-17
1110.75       	2.840395e-17
1110.8        	2.840395e-17
1110.85       	2.840395e-17
1110.9        	2.840395e-17
1110.95       	2.840395e-17
1111          	2.840395e-17
1111.05       	2.840395e-17
1111.1        	2.840395e-17
1111.15       	2.840395e-17
1111.2        	2.840395e-17
1111.25       	2.840395e-17
1111.3        	2.840395e-17
1111.35       	2.840395e-17
1111.4        	2.840395e-17
1111.45       	2.840395e-17
1111.5        	2.840395e-17
1111.55       	2.840395e-17
1111.6        	2.840395e-17
1111.65       	2.840395e-17
1111.7        	2.840395e-17
1111.75       	2.840395e-17
1111.8        	2.840395e-17
1111.85       	2.840395e-17
1111.9        	2.840395e-17
1111.95       	2.840395e-17
1112          	2.840395e-17
1112.05       	2.840395e-17
1112.1        	2.840395e-17
1112.15       	2.840395e-17
1112.2        	2.840395e-17
1112.25       	2.840395e-17
1112.3        	2.840395e-17
1112.35       	2.840395e-17
1112.4        	2.840395e-17
1112.45       	2.840395e-17
1112.5        	2.840395e-17
1112.55       	2.840395e-17
1112.6        	2.840395e-17
1112.65       	2.840395e-17
1112.7        	2.840395e-17
1112.75       	2.840395e-17
1112.8        	2.840395e-17
1112.85       	2.840395e-17
1112.9        	2.840395e-17
1112.95       	2.840395e-17
1113          	2.840395e-17
1113.05       	2.840395e-17
1113.1        	2.840395e-17
1113.15       	2.840395e-17
1113.2        	2.840395e-17
1113.25       	2.840395e-17
1113.3        	2.840395e-17
1113.35       	2.840395e-17
1113.4        	2.840395e-17
1113.45       	2.840395e-17
1113.5        	2.840395e-17
1113.55       	2.840395e-17
1113.6        	2.840395e-17
1113.65       	2.840395e-17
1113.7        	2.840395e-17
1113.75       	2.840395e-17
1113.8        	2.840395e-17
1113.85       	2.840395e-17
1113.9        	2.840395e-17
1113.95       	2.840395e-17
1114          	2.840395e-17
1114.05       	2.840395e-17
1114.1        	2.840395e-17
1114.15       	2.840395e-17
1114.2        	2.840395e-17
1114.25       	2.840395e-17
1114.3        	2.840395e-17
1114.35       	2.840395e-17
1114.4        	2.840395e-17
1114.45       	2.840395e-17
1114.5        	2.840395e-17
1114.55       	2.840395e-17
1114.6        	2.840395e-17
1114.65       	2.840395e-17
1114.7        	2.840395e-17
1114.75       	2.840395e-17
1114.8        	2.840395e-17
1114.85       	2.840395e-17
1114.9        	2.840395e-17
1114.95       	2.840395e-17
1115          	2.840395e-17
1115.05       	2.840395e-17
1115.1        	2.840395e-17
1115.15       	2.840395e-17
1115.2        	2.840395e-17
1115.25       	2.840395e-17
1115.3        	2.840395e-17
1115.35       	2.840395e-17
1115.4        	2.840395e-17
1115.45       	2.840395e-17
1115.5        	2.840395e-17
1115.55       	2.840395e-17
1115.6        	2.840395e-17
1115.65       	2.840395e-17
1115.7        	2.840395e-17
1115.75       	2.840395e-17
1115.8        	2.840395e-17
1115.85       	2.840395e-17
1115.9        	2.840395e-17
1115.95       	2.840395e-17
1116          	2.840395e-17
1116.05       	2.840395e-17
1116.1        	2.840395e-17
1116.15       	2.840395e-17
1116.2        	2.840395e-17
1116.25       	2.840395e-17
1116.3        	2.840395e-17
1116.35       	2.840395e-17
1116.4        	2.840395e-17
1116.45       	2.840395e-17
1116.5        	2.840395e-17
1116.55       	2.840395e-17
1116.6        	2.840395e-17
1116.65       	2.840395e-17
1116.7        	2.840395e-17
1116.75       	2.840395e-17
1116.8        	2.840395e-17
1116.85       	2.840395e-17
1116.9        	2.840395e-17
1116.95       	2.840395e-17
1117          	2.840395e-17
1117.05       	2.840395e-17
1117.1        	2.840395e-17
1117.15       	2.840395e-17
1117.2        	2.840395e-17
1117.25       	2.840395e-17
1117.3        	2.840395e-17
1117.35       	2.840395e-17
1117.4        	2.840395e-17
1117.45       	2.840395e-17
1117.5        	2.840395e-17
1117.55       	2.840395e-17
1117.6        	2.840395e-17
1117.65       	2.840395e-17
1117.7        	2.840395e-17
1117.75       	2.840395e-17
1117.8        	2.840395e-17
1117.85       	2.840395e-17
1117.9        	2.840395e-17
1117.95       	2.840395e-17
1118          	2.840395e-17
1118.05       	2.840395e-17
1118.1        	2.840395e-17
1118.15       	2.840395e-17
1118.2        	2.840395e-17
1118.25       	2.840395e-17
1118.3        	2.840395e-17
1118.35       	2.840395e-17
1118.4        	2.840395e-17
1118.45       	2.840395e-17
1118.5        	2.840395e-17
1118.55       	2.840395e-17
1118.6        	2.840395e-17
1118.65       	2.840395e-17
1118.7        	2.840395e-17
1118.75       	2.840395e-17
1118.8        	2.840395e-17
1118.85       	2.840395e-17
1118.9        	2.840395e-17
1118.95       	2.840395e-17
1119          	2.840395e-17
1119.05       	2.840395e-17
1119.1        	2.840395e-17
1119.15       	2.840395e-17
1119.2        	2.840395e-17
1119.25       	2.840395e-17
1119.3        	2.840395e-17
1119.35       	2.840395e-17
1119.4        	2.840395e-17
1119.45       	2.840395e-17
1119.5        	2.840395e-17
1119.55       	2.840395e-17
1119.6        	2.840395e-17
1119.65       	2.840395e-17
1119.7        	2.840395e-17
1119.75       	2.840395e-17
1119.8        	2.840395e-17
1119.85       	2.840395e-17
1119.9        	2.840395e-17
1119.95       	2.840395e-17
1120          	2.840395e-17
1120.05       	2.840395e-17
1120.1        	2.840395e-17
1120.15       	2.840395e-17
1120.2        	2.840395e-17
1120.25       	2.840395e-17
1120.3        	2.840395e-17
1120.35       	2.840395e-17
1120.4        	2.840395e-17
1120.45       	2.840395e-17
1120.5        	2.840395e-17
1120.55       	2.840395e-17
1120.6        	2.840395e-17
1120.65       	2.840395e-17
1120.7        	2.840395e-17
1120.75       	2.840395e-17
1120.8        	2.840395e-17
1120.85       	2.840395e-17
1120.9        	2.840395e-17
1120.95       	2.840395e-17
1121          	2.840395e-17
1121.05       	2.840395e-17
1121.1        	2.840395e-17
1121.15       	2.840395e-17
1121.2        	2.840395e-17
1121.25       	2.840395e-17
1121.3        	2.840395e-17
1121.35       	2.840395e-17
1121.4        	2.840395e-17
1121.45       	2.840395e-17
1121.5        	2.840395e-17
1121.55       	2.840395e-17
1121.6        	2.840395e-17
1121.65       	2.840395e-17
1121.7        	2.840395e-17
1121.75       	2.840395e-17
1121.8        	2.840395e-17
1121.85       	2.840395e-17
1121.9        	2.840395e-17
1121.95       	2.840395e-17
1122          	2.840395e-17
1122.05       	2.840395e-17
1122.1        	2.840395e-17
1122.15       	2.840395e-17
1122.2        	2.840395e-17
1122.25       	2.840395e-17
1122.3        	2.840395e-17
1122.35       	2.840395e-17
1122.4        	2.840395e-17
1122.45       	2.840395e-17
1122.5        	2.840395e-17
1122.55       	2.840395e-17
1122.6        	2.840395e-17
1122.65       	2.840395e-17
1122.7        	2.840395e-17
1122.75       	2.840395e-17
1122.8        	2.840395e-17
1122.85       	2.840395e-17
1122.9        	2.840395e-17
1122.95       	2.840395e-17
1123          	2.840395e-17
1123.05       	2.840395e-17
1123.1        	2.840395e-17
1123.15       	2.840395e-17
1123.2        	2.840395e-17
1123.25       	2.840395e-17
1123.3        	2.840395e-17
1123.35       	2.840395e-17
1123.4        	2.840395e-17
1123.45       	2.840395e-17
1123.5        	2.840395e-17
1123.55       	2.840395e-17
1123.6        	2.840395e-17
1123.65       	2.840395e-17
1123.7        	2.840395e-17
1123.75       	2.840395e-17
1123.8        	2.840395e-17
1123.85       	2.840395e-17
1123.9        	2.840395e-17
1123.95       	2.840395e-17
1124          	2.840395e-17
1124.05       	2.840395e-17
1124.1        	2.840395e-17
1124.15       	2.840395e-17
1124.2        	2.840395e-17
1124.25       	2.840395e-17
1124.3        	2.840395e-17
1124.35       	2.840395e-17
1124.4        	2.840395e-17
1124.45       	2.840395e-17
1124.5        	2.840395e-17
1124.55       	2.840395e-17
1124.6        	2.840395e-17
1124.65       	2.840395e-17
1124.7        	2.840395e-17
1124.75       	2.840395e-17
1124.8        	2.840395e-17
1124.85       	2.840395e-17
1124.9        	2.840395e-17
1124.95       	2.840395e-17
1125          	2.840395e-17
1125.05       	2.840395e-17
1125.1        	2.840395e-17
1125.15       	2.840395e-17
1125.2        	2.840395e-17
1125.25       	2.840395e-17
1125.3        	2.840395e-17
1125.35       	2.840395e-17
1125.4        	2.840395e-17
1125.45       	2.840395e-17
1125.5        	2.840395e-17
1125.55       	2.840395e-17
1125.6        	2.840395e-17
1125.65       	2.840395e-17
1125.7        	2.840395e-17
1125.75       	2.840395e-17
1125.8        	2.840395e-17
1125.85       	2.840395e-17
1125.9        	2.840395e-17
1125.95       	2.840395e-17
1126          	2.840395e-17
1126.05       	2.840395e-17
1126.1        	2.840395e-17
1126.15       	2.840395e-17
1126.2        	2.840395e-17
1126.25       	2.840395e-17
1126.3        	2.840395e-17
1126.35       	2.840395e-17
1126.4        	2.840395e-17
1126.45       	2.840395e-17
1126.5        	2.840395e-17
1126.55       	2.840395e-17
1126.6        	2.840395e-17
1126.65       	2.840395e-17
1126.7        	2.840395e-17
1126.75       	2.840395e-17
1126.8        	2.840395e-17
1126.85       	2.840395e-17
1126.9        	2.840395e-17
1126.95       	2.840395e-17
1127          	2.840395e-17
1127.05       	2.840395e-17
1127.1        	2.840395e-17
1127.15       	2.840395e-17
1127.2        	2.840395e-17
1127.25       	2.840395e-17
1127.3        	2.840395e-17
1127.35       	2.840395e-17
1127.4        	2.840395e-17
1127.45       	2.840395e-17
1127.5        	2.840395e-17
1127.55       	2.840395e-17
1127.6        	2.840395e-17
1127.65       	2.840395e-17
1127.7        	2.840395e-17
1127.75       	2.840395e-17
1127.8        	2.840395e-17
1127.85       	2.840395e-17
1127.9        	2.840395e-17
1127.95       	2.840395e-17
1128          	2.840395e-17
1128.05       	2.840395e-17
1128.1        	2.840395e-17
1128.15       	2.840395e-17
1128.2        	2.840395e-17
1128.25       	2.840395e-17
1128.3        	2.840395e-17
1128.35       	2.840395e-17
1128.4        	2.840395e-17
1128.45       	2.840395e-17
1128.5        	2.840395e-17
1128.55       	2.840395e-17
1128.6        	2.840395e-17
1128.65       	2.840395e-17
1128.7        	2.840395e-17
1128.75       	2.840395e-17
1128.8        	2.840395e-17
1128.85       	2.840395e-17
1128.9        	2.840395e-17
1128.95       	2.840395e-17
1129          	2.840395e-17
1129.05       	2.840395e-17
1129.1        	2.840395e-17
1129.15       	2.840395e-17
1129.2        	2.840395e-17
1129.25       	2.840395e-17
1129.3        	2.840395e-17
1129.35       	2.840395e-17
1129.4        	2.840395e-17
1129.45       	2.840395e-17
1129.5        	2.840395e-17
1129.55       	2.840395e-17
1129.6        	2.840395e-17
1129.65       	2.840395e-17
1129.7        	2.840395e-17
1129.75       	2.840395e-17
1129.8        	2.840395e-17
1129.85       	2.840395e-17
1129.9        	2.840395e-17
1129.95       	2.840395e-17
1130          	2.840395e-17
1130.05       	2.840395e-17
1130.1        	2.840395e-17
1130.15       	2.840395e-17
1130.2        	2.840395e-17
1130.25       	2.840395e-17
1130.3        	2.840395e-17
1130.35       	2.840395e-17
1130.4        	2.840395e-17
1130.45       	2.840395e-17
1130.5        	2.840395e-17
1130.55       	2.840395e-17
1130.6        	2.840395e-17
1130.65       	2.840395e-17
1130.7        	2.840395e-17
1130.75       	2.840395e-17
1130.8        	2.840395e-17
1130.85       	2.840395e-17
1130.9        	2.840395e-17
1130.95       	2.840395e-17
1131          	2.840395e-17
1131.05       	2.840395e-17
1131.1        	2.840395e-17
1131.15       	2.840395e-17
1131.2        	2.840395e-17
1131.25       	2.840395e-17
1131.3        	2.840395e-17
1131.35       	2.840395e-17
1131.4        	2.840395e-17
1131.45       	2.840395e-17
1131.5        	2.840395e-17
1131.55       	2.840395e-17
1131.6        	2.840395e-17
1131.65       	2.840395e-17
1131.7        	2.840395e-17
1131.75       	2.840395e-17
1131.8        	2.840395e-17
1131.85       	2.840395e-17
1131.9        	2.840395e-17
1131.95       	2.840395e-17
1132          	2.840395e-17
1132.05       	2.840395e-17
1132.1        	2.840395e-17
1132.15       	2.840395e-17
1132.2        	2.840395e-17
1132.25       	2.840395e-17
1132.3        	2.840395e-17
1132.35       	2.840395e-17
1132.4        	2.840395e-17
1132.45       	2.840395e-17
1132.5        	2.840395e-17
1132.55       	2.840395e-17
1132.6        	2.840395e-17
1132.65       	2.840395e-17
1132.7        	2.840395e-17
1132.75       	2.840395e-17
1132.8        	2.840395e-17
1132.85       	2.840395e-17
1132.9        	2.840395e-17
1132.95       	2.840395e-17
1133          	2.840395e-17
1133.05       	2.840395e-17
1133.1        	2.840395e-17
1133.15       	2.840395e-17
1133.2        	2.840395e-17
1133.25       	2.840395e-17
1133.3        	2.840395e-17
1133.35       	2.840395e-17
1133.4        	2.840395e-17
1133.45       	2.840395e-17
1133.5        	2.840395e-17
1133.55       	2.840395e-17
1133.6        	2.840395e-17
1133.65       	2.840395e-17
1133.7        	2.840395e-17
1133.75       	2.840395e-17
1133.8        	2.840395e-17
1133.85       	2.840395e-17
1133.9        	2.840395e-17
1133.95       	2.840395e-17
1134          	2.840395e-17
1134.05       	2.840395e-17
1134.1        	2.840395e-17
1134.15       	2.840395e-17
1134.2        	2.840395e-17
1134.25       	2.840395e-17
1134.3        	2.840395e-17
1134.35       	2.840395e-17
1134.4        	2.840395e-17
1134.45       	2.840395e-17
1134.5        	2.840395e-17
1134.55       	2.840395e-17
1134.6        	2.840395e-17
1134.65       	2.840395e-17
1134.7        	2.840395e-17
1134.75       	2.840395e-17
1134.8        	2.840395e-17
1134.85       	2.840395e-17
1134.9        	2.840395e-17
1134.95       	2.840395e-17
1135          	2.840395e-17
1135.05       	2.840395e-17
1135.1        	2.840395e-17
1135.15       	2.840395e-17
1135.2        	2.840395e-17
1135.25       	2.840395e-17
1135.3        	2.840395e-17
1135.35       	2.840395e-17
1135.4        	2.840395e-17
1135.45       	2.840395e-17
1135.5        	2.840395e-17
1135.55       	2.840395e-17
1135.6        	2.840395e-17
1135.65       	2.840395e-17
1135.7        	2.840395e-17
1135.75       	2.840395e-17
1135.8        	2.840395e-17
1135.85       	2.840395e-17
1135.9        	2.840395e-17
1135.95       	2.840395e-17
1136          	2.840395e-17
1136.05       	2.840395e-17
1136.1        	2.840395e-17
1136.15       	2.840395e-17
1136.2        	2.840395e-17
1136.25       	2.840395e-17
1136.3        	2.840395e-17
1136.35       	2.840395e-17
1136.4        	2.840395e-17
1136.45       	2.840395e-17
1136.5        	2.840395e-17
1136.55       	2.840395e-17
1136.6        	2.840395e-17
1136.65       	2.840395e-17
1136.7        	2.840395e-17
1136.75       	2.840395e-17
1136.8        	2.840395e-17
1136.85       	2.840395e-17
1136.9        	2.840395e-17
1136.95       	2.840395e-17
1137          	2.840395e-17
1137.05       	2.840395e-17
1137.1        	2.840395e-17
1137.15       	2.840395e-17
1137.2        	2.840395e-17
1137.25       	2.840395e-17
1137.3        	2.840395e-17
1137.35       	2.840395e-17
1137.4        	2.840395e-17
1137.45       	2.840395e-17
1137.5        	2.840395e-17
1137.55       	2.840395e-17
1137.6        	2.840395e-17
1137.65       	2.840395e-17
1137.7        	2.840395e-17
1137.75       	2.840395e-17
1137.8        	2.840395e-17
1137.85       	2.840395e-17
1137.9        	2.840395e-17
1137.95       	2.840395e-17
1138          	2.840395e-17
1138.05       	2.840395e-17
1138.1        	2.840395e-17
1138.15       	2.840395e-17
1138.2        	2.840395e-17
1138.25       	2.840395e-17
1138.3        	2.840395e-17
1138.35       	2.840395e-17
1138.4        	2.840395e-17
1138.45       	2.840395e-17
1138.5        	2.840395e-17
1138.55       	2.840395e-17
1138.6        	2.840395e-17
1138.65       	2.840395e-17
1138.7        	2.840395e-17
1138.75       	2.840395e-17
1138.8        	2.840395e-17
1138.85       	2.840395e-17
1138.9        	2.840395e-17
1138.95       	2.840395e-17
1139          	2.840395e-17
1139.05       	2.840395e-17
1139.1        	2.840395e-17
1139.15       	2.840395e-17
1139.2        	2.840395e-17
1139.25       	2.840395e-17
1139.3        	2.840395e-17
1139.35       	2.840395e-17
1139.4        	2.840395e-17
1139.45       	2.840395e-17
1139.5        	2.840395e-17
1139.55       	2.840395e-17
1139.6        	2.840395e-17
1139.65       	2.840395e-17
1139.7        	2.840395e-17
1139.75       	2.840395e-17
1139.8        	2.840395e-17
1139.85       	2.840395e-17
1139.9        	2.840395e-17
1139.95       	2.840395e-17
1140          	2.840395e-17
1140.05       	2.840395e-17
1140.1        	2.840395e-17
1140.15       	2.840395e-17
1140.2        	2.840395e-17
1140.25       	2.840395e-17
1140.3        	2.840395e-17
1140.35       	2.840395e-17
1140.4        	2.840395e-17
1140.45       	2.840395e-17
1140.5        	2.840395e-17
1140.55       	2.840395e-17
1140.6        	2.840395e-17
1140.65       	2.840395e-17
1140.7        	2.840395e-17
1140.75       	2.840395e-17
1140.8        	2.840395e-17
1140.85       	2.840395e-17
1140.9        	2.840395e-17
1140.95       	2.840395e-17
1141          	2.840395e-17
1141.05       	2.840395e-17
1141.1        	2.840395e-17
1141.15       	2.840395e-17
1141.2        	2.840395e-17
1141.25       	2.840395e-17
1141.3        	2.840395e-17
1141.35       	2.840395e-17
1141.4        	2.840395e-17
1141.45       	2.840395e-17
1141.5        	2.840395e-17
1141.55       	2.840395e-17
1141.6        	2.840395e-17
1141.65       	2.840395e-17
1141.7        	2.840395e-17
1141.75       	2.840395e-17
1141.8        	2.840395e-17
1141.85       	2.840395e-17
1141.9        	2.840395e-17
1141.95       	2.840395e-17
1142          	2.840395e-17
1142.05       	2.840395e-17
1142.1        	2.840395e-17
1142.15       	2.840395e-17
1142.2        	2.840395e-17
1142.25       	2.840395e-17
1142.3        	2.840395e-17
1142.35       	2.840395e-17
1142.4        	2.840395e-17
1142.45       	2.840395e-17
1142.5        	2.840395e-17
1142.55       	2.840395e-17
1142.6        	2.840395e-17
1142.65       	2.840395e-17
1142.7        	2.840395e-17
1142.75       	2.840395e-17
1142.8        	2.840395e-17
1142.85       	2.840395e-17
1142.9        	2.840395e-17
1142.95       	2.840395e-17
1143          	2.840395e-17
1143.05       	2.840395e-17
1143.1        	2.840395e-17
1143.15       	2.840395e-17
1143.2        	2.840395e-17
1143.25       	2.840395e-17
1143.3        	2.840395e-17
1143.35       	2.840395e-17
1143.4        	2.840395e-17
1143.45       	2.840395e-17
1143.5        	2.840395e-17
1143.55       	2.840395e-17
1143.6        	2.840395e-17
1143.65       	2.840395e-17
1143.7        	2.840395e-17
1143.75       	2.840395e-17
1143.8        	2.840395e-17
1143.85       	2.840395e-17
1143.9        	2.840395e-17
1143.95       	2.840395e-17
1144          	2.840395e-17
1144.05       	2.840395e-17
1144.1        	2.840395e-17
1144.15       	2.840395e-17
1144.2        	2.840395e-17
1144.25       	2.840395e-17
1144.3        	2.840395e-17
1144.35       	2.840395e-17
1144.4        	2.840395e-17
1144.45       	2.840395e-17
1144.5        	2.840395e-17
1144.55       	2.840395e-17
1144.6        	2.840395e-17
1144.65       	2.840395e-17
1144.7        	2.840395e-17
1144.75       	2.840395e-17
1144.8        	2.840395e-17
1144.85       	2.840395e-17
1144.9        	2.840395e-17
1144.95       	2.840395e-17
1145          	2.840395e-17
1145.05       	2.840395e-17
1145.1        	2.840395e-17
1145.15       	2.840395e-17
1145.2        	2.840395e-17
1145.25       	2.840395e-17
1145.3        	2.840395e-17
1145.35       	2.840395e-17
1145.4        	2.840395e-17
1145.45       	2.840395e-17
1145.5        	2.840395e-17
1145.55       	2.840395e-17
1145.6        	2.840395e-17
1145.65       	2.840395e-17
1145.7        	2.840395e-17
1145.75       	2.840395e-17
1145.8        	2.840395e-17
1145.85       	2.840395e-17
1145.9        	2.840395e-17
1145.95       	2.840395e-17
1146          	2.840395e-17
1146.05       	2.840395e-17
1146.1        	2.840395e-17
1146.15       	2.840395e-17
1146.2        	2.840395e-17
1146.25       	2.840395e-17
1146.3        	2.840395e-17
1146.35       	2.840395e-17
1146.4        	2.840395e-17
1146.45       	2.840395e-17
1146.5        	2.840395e-17
1146.55       	2.840395e-17
1146.6        	2.840395e-17
1146.65       	2.840395e-17
1146.7        	2.840395e-17
1146.75       	2.840395e-17
1146.8        	2.840395e-17
1146.85       	2.840395e-17
1146.9        	2.840395e-17
1146.95       	2.840395e-17
1147          	2.840395e-17
1147.05       	2.840395e-17
1147.1        	2.840395e-17
1147.15       	2.840395e-17
1147.2        	2.840395e-17
1147.25       	2.840395e-17
1147.3        	2.840395e-17
1147.35       	2.840395e-17
1147.4        	2.840395e-17
1147.45       	2.840395e-17
1147.5        	2.840395e-17
1147.55       	2.840395e-17
1147.6        	2.840395e-17
1147.65       	2.840395e-17
1147.7        	2.840395e-17
1147.75       	2.840395e-17
1147.8        	2.840395e-17
1147.85       	2.840395e-17
1147.9        	2.840395e-17
1147.95       	2.840395e-17
1148          	2.840395e-17
1148.05       	2.840395e-17
1148.1        	2.840395e-17
1148.15       	2.840395e-17
1148.2        	2.840395e-17
1148.25       	2.840395e-17
1148.3        	2.840395e-17
1148.35       	2.840395e-17
1148.4        	2.840395e-17
1148.45       	2.840395e-17
1148.5        	2.840395e-17
1148.55       	2.840395e-17
1148.6        	2.840395e-17
1148.65       	2.840395e-17
1148.7        	2.840395e-17
1148.75       	2.840395e-17
1148.8        	2.840395e-17
1148.85       	2.840395e-17
1148.9        	2.840395e-17
1148.95       	2.840395e-17
1149          	2.840395e-17
1149.05       	2.840395e-17
1149.1        	2.840395e-17
1149.15       	2.840395e-17
1149.2        	2.840395e-17
1149.25       	2.840395e-17
1149.3        	2.840395e-17
1149.35       	2.840395e-17
1149.4        	2.840395e-17
1149.45       	2.840395e-17
1149.5        	2.840395e-17
1149.55       	2.840395e-17
1149.6        	2.840395e-17
1149.65       	2.840395e-17
1149.7        	2.840395e-17
1149.75       	2.840395e-17
1149.8        	2.840395e-17
1149.85       	2.840395e-17
1149.9        	2.840395e-17
1149.95       	2.840395e-17
1150          	2.840395e-17
1150.05       	2.840395e-17
1150.1        	2.840395e-17
1150.15       	2.840395e-17
1150.2        	2.840395e-17
1150.25       	2.840395e-17
1150.3        	2.840395e-17
1150.35       	2.840395e-17
1150.4        	2.840395e-17
1150.45       	2.840395e-17
1150.5        	2.840395e-17
1150.55       	2.840395e-17
1150.6        	2.840395e-17
1150.65       	2.840395e-17
1150.7        	2.840395e-17
1150.75       	2.840395e-17
1150.8        	2.840395e-17
1150.85       	2.840395e-17
1150.9        	2.840395e-17
1150.95       	2.840395e-17
1151          	2.840395e-17
1151.05       	2.840395e-17
1151.1        	2.840395e-17
1151.15       	2.840395e-17
1151.2        	2.840395e-17
1151.25       	2.840395e-17
1151.3        	2.840395e-17
1151.35       	2.840395e-17
1151.4        	2.840395e-17
1151.45       	2.840395e-17
1151.5        	2.840395e-17
1151.55       	2.840395e-17
1151.6        	2.840395e-17
1151.65       	2.840395e-17
1151.7        	2.840395e-17
1151.75       	2.840395e-17
1151.8        	2.840395e-17
1151.85       	2.840395e-17
1151.9        	2.840395e-17
1151.95       	2.840395e-17
1152          	2.840395e-17
1152.05       	2.840395e-17
1152.1        	2.840395e-17
1152.15       	2.840395e-17
1152.2        	2.840395e-17
1152.25       	2.840395e-17
1152.3        	2.840395e-17
1152.35       	2.840395e-17
1152.4        	2.840395e-17
1152.45       	2.840395e-17
1152.5        	2.840395e-17
1152.55       	2.840395e-17
1152.6        	2.840395e-17
1152.65       	2.840395e-17
1152.7        	2.840395e-17
1152.75       	2.840395e-17
1152.8        	2.840395e-17
1152.85       	2.840395e-17
1152.9        	2.840395e-17
1152.95       	2.840395e-17
1153          	2.840395e-17
1153.05       	2.840395e-17
1153.1        	2.840395e-17
1153.15       	2.840395e-17
1153.2        	2.840395e-17
1153.25       	2.840395e-17
1153.3        	2.840395e-17
1153.35       	2.840395e-17
1153.4        	2.840395e-17
1153.45       	2.840395e-17
1153.5        	2.840395e-17
1153.55       	2.840395e-17
1153.6        	2.840395e-17
1153.65       	2.840395e-17
1153.7        	2.840395e-17
1153.75       	2.840395e-17
1153.8        	2.840395e-17
1153.85       	2.840395e-17
1153.9        	2.840395e-17
1153.95       	2.840395e-17
1154          	2.840395e-17
1154.05       	2.840395e-17
1154.1        	2.840395e-17
1154.15       	2.840395e-17
1154.2        	2.840395e-17
1154.25       	2.840395e-17
1154.3        	2.840395e-17
1154.35       	2.840395e-17
1154.4        	2.840395e-17
1154.45       	2.840395e-17
1154.5        	2.840395e-17
1154.55       	2.840395e-17
1154.6        	2.840395e-17
1154.65       	2.840395e-17
1154.7        	2.840395e-17
1154.75       	2.840395e-17
1154.8        	2.840395e-17
1154.85       	2.840395e-17
1154.9        	2.840395e-17
1154.95       	2.840395e-17
1155          	2.840395e-17
1155.05       	2.840395e-17
1155.1        	2.840395e-17
1155.15       	2.840395e-17
1155.2        	2.840395e-17
1155.25       	2.840395e-17
1155.3        	2.840395e-17
1155.35       	2.840395e-17
1155.4        	2.840395e-17
1155.45       	2.840395e-17
1155.5        	2.840395e-17
1155.55       	2.840395e-17
1155.6        	2.840395e-17
1155.65       	2.840395e-17
1155.7        	2.840395e-17
1155.75       	2.840395e-17
1155.8        	2.840395e-17
1155.85       	2.840395e-17
1155.9        	2.840395e-17
1155.95       	2.840395e-17
1156          	2.840395e-17
1156.05       	2.840395e-17
1156.1        	2.840395e-17
1156.15       	2.840395e-17
1156.2        	2.840395e-17
1156.25       	2.840395e-17
1156.3        	2.840395e-17
1156.35       	2.840395e-17
1156.4        	2.840395e-17
1156.45       	2.840395e-17
1156.5        	2.840395e-17
1156.55       	2.840395e-17
1156.6        	2.840395e-17
1156.65       	2.840395e-17
1156.7        	2.840395e-17
1156.75       	2.840395e-17
1156.8        	2.840395e-17
1156.85       	2.840395e-17
1156.9        	2.840395e-17
1156.95       	2.840395e-17
1157          	2.840395e-17
1157.05       	2.840395e-17
1157.1        	2.840395e-17
1157.15       	2.840395e-17
1157.2        	2.840395e-17
1157.25       	2.840395e-17
1157.3        	2.840395e-17
1157.35       	2.840395e-17
1157.4        	2.840395e-17
1157.45       	2.840395e-17
1157.5        	2.840395e-17
1157.55       	2.840395e-17
1157.6        	2.840395e-17
1157.65       	2.840395e-17
1157.7        	2.840395e-17
1157.75       	2.840395e-17
1157.8        	2.840395e-17
1157.85       	2.840395e-17
1157.9        	2.840395e-17
1157.95       	2.840395e-17
1158          	2.840395e-17
1158.05       	2.840395e-17
1158.1        	2.840395e-17
1158.15       	2.840395e-17
1158.2        	2.840395e-17
1158.25       	2.840395e-17
1158.3        	2.840395e-17
1158.35       	2.840395e-17
1158.4        	2.840395e-17
1158.45       	2.840395e-17
1158.5        	2.840395e-17
1158.55       	2.840395e-17
1158.6        	2.840395e-17
1158.65       	2.840395e-17
1158.7        	2.840395e-17
1158.75       	2.840395e-17
1158.8        	2.840395e-17
1158.85       	2.840395e-17
1158.9        	2.840395e-17
1158.95       	2.840395e-17
1159          	2.840395e-17
1159.05       	2.840395e-17
1159.1        	2.840395e-17
1159.15       	2.840395e-17
1159.2        	2.840395e-17
1159.25       	2.840395e-17
1159.3        	2.840395e-17
1159.35       	2.840395e-17
1159.4        	2.840395e-17
1159.45       	2.840395e-17
1159.5        	2.840395e-17
1159.55       	2.840395e-17
1159.6        	2.840395e-17
1159.65       	2.840395e-17
1159.7        	2.840395e-17
1159.75       	2.840395e-17
1159.8        	2.840395e-17
1159.85       	2.840395e-17
1159.9        	2.840395e-17
1159.95       	2.840395e-17
1160          	2.840395e-17
1160.05       	2.840395e-17
1160.1        	2.840395e-17
1160.15       	2.840395e-17
1160.2        	2.840395e-17
1160.25       	2.840395e-17
1160.3        	2.840395e-17
1160.35       	2.840395e-17
1160.4        	2.840395e-17
1160.45       	2.840395e-17
1160.5        	2.840395e-17
1160.55       	2.840395e-17
1160.6        	2.840395e-17
1160.65       	2.840395e-17
1160.7        	2.840395e-17
1160.75       	2.840395e-17
1160.8        	2.840395e-17
1160.85       	2.840395e-17
1160.9        	2.840395e-17
1160.95       	2.840395e-17
1161          	2.840395e-17
1161.05       	2.840395e-17
1161.1        	2.840395e-17
1161.15       	2.840395e-17
1161.2        	2.840395e-17
1161.25       	2.840395e-17
1161.3        	2.840395e-17
1161.35       	2.840395e-17
1161.4        	2.840395e-17
1161.45       	2.840395e-17
1161.5        	2.840395e-17
1161.55       	2.840395e-17
1161.6        	2.840395e-17
1161.65       	2.840395e-17
1161.7        	2.840395e-17
1161.75       	2.840395e-17
1161.8        	2.840395e-17
1161.85       	2.840395e-17
1161.9        	2.840395e-17
1161.95       	2.840395e-17
1162          	2.840395e-17
1162.05       	2.840395e-17
1162.1        	2.840395e-17
1162.15       	2.840395e-17
1162.2        	2.840395e-17
1162.25       	2.840395e-17
1162.3        	2.840395e-17
1162.35       	2.840395e-17
1162.4        	2.840395e-17
1162.45       	2.840395e-17
1162.5        	2.840395e-17
1162.55       	2.840395e-17
1162.6        	2.840395e-17
1162.65       	2.840395e-17
1162.7        	2.840395e-17
1162.75       	2.840395e-17
1162.8        	2.840395e-17
1162.85       	2.840395e-17
1162.9        	2.840395e-17
1162.95       	2.840395e-17
1163          	2.840395e-17
1163.05       	2.840395e-17
1163.1        	2.840395e-17
1163.15       	2.840395e-17
1163.2        	2.840395e-17
1163.25       	2.840395e-17
1163.3        	2.840395e-17
1163.35       	2.840395e-17
1163.4        	2.840395e-17
1163.45       	2.840395e-17
1163.5        	2.840395e-17
1163.55       	2.840395e-17
1163.6        	2.840395e-17
1163.65       	2.840395e-17
1163.7        	2.840395e-17
1163.75       	2.840395e-17
1163.8        	2.840395e-17
1163.85       	2.840395e-17
1163.9        	2.840395e-17
1163.95       	2.840395e-17
1164          	2.840395e-17
1164.05       	2.840395e-17
1164.1        	2.840395e-17
1164.15       	2.840395e-17
1164.2        	2.840395e-17
1164.25       	2.840395e-17
1164.3        	2.840395e-17
1164.35       	2.840395e-17
1164.4        	2.840395e-17
1164.45       	2.840395e-17
1164.5        	2.840395e-17
1164.55       	2.840395e-17
1164.6        	2.840395e-17
1164.65       	2.840395e-17
1164.7        	2.840395e-17
1164.75       	2.840395e-17
1164.8        	2.840395e-17
1164.85       	2.840395e-17
1164.9        	2.840395e-17
1164.95       	2.840395e-17
1165          	2.840395e-17
1165.05       	2.840395e-17
1165.1        	2.840395e-17
1165.15       	2.840395e-17
1165.2        	2.840395e-17
1165.25       	2.840395e-17
1165.3        	2.840395e-17
1165.35       	2.840395e-17
1165.4        	2.840395e-17
1165.45       	2.840395e-17
1165.5        	2.840395e-17
1165.55       	2.840395e-17
1165.6        	2.840395e-17
1165.65       	2.840395e-17
1165.7        	2.840395e-17
1165.75       	2.840395e-17
1165.8        	2.840395e-17
1165.85       	2.840395e-17
1165.9        	2.840395e-17
1165.95       	2.840395e-17
1166          	2.840395e-17
1166.05       	2.840395e-17
1166.1        	2.840395e-17
1166.15       	2.840395e-17
1166.2        	2.840395e-17
1166.25       	2.840395e-17
1166.3        	2.840395e-17
1166.35       	2.840395e-17
1166.4        	2.840395e-17
1166.45       	2.840395e-17
1166.5        	2.840395e-17
1166.55       	2.840395e-17
1166.6        	2.840395e-17
1166.65       	2.840395e-17
1166.7        	2.840395e-17
1166.75       	2.840395e-17
1166.8        	2.840395e-17
1166.85       	2.840395e-17
1166.9        	2.840395e-17
1166.95       	2.840395e-17
1167          	2.840395e-17
1167.05       	2.840395e-17
1167.1        	2.840395e-17
1167.15       	2.840395e-17
1167.2        	2.840395e-17
1167.25       	2.840395e-17
1167.3        	2.840395e-17
1167.35       	2.840395e-17
1167.4        	2.840395e-17
1167.45       	2.840395e-17
1167.5        	2.840395e-17
1167.55       	2.840395e-17
1167.6        	2.840395e-17
1167.65       	2.840395e-17
1167.7        	2.840395e-17
1167.75       	2.840395e-17
1167.8        	2.840395e-17
1167.85       	2.840395e-17
1167.9        	2.840395e-17
1167.95       	2.840395e-17
1168          	2.840395e-17
1168.05       	2.840395e-17
1168.1        	2.840395e-17
1168.15       	2.840395e-17
1168.2        	2.840395e-17
1168.25       	2.840395e-17
1168.3        	2.840395e-17
1168.35       	2.840395e-17
1168.4        	2.840395e-17
1168.45       	2.840395e-17
1168.5        	2.840395e-17
1168.55       	2.840395e-17
1168.6        	2.840395e-17
1168.65       	2.840395e-17
1168.7        	2.840395e-17
1168.75       	2.840395e-17
1168.8        	2.840395e-17
1168.85       	2.840395e-17
1168.9        	2.840395e-17
1168.95       	2.840395e-17
1169          	2.840395e-17
1169.05       	2.840395e-17
1169.1        	2.840395e-17
1169.15       	2.840395e-17
1169.2        	2.840395e-17
1169.25       	2.840395e-17
1169.3        	2.840395e-17
1169.35       	2.840395e-17
1169.4        	2.840395e-17
1169.45       	2.840395e-17
1169.5        	2.840395e-17
1169.55       	2.840395e-17
1169.6        	2.840395e-17
1169.65       	2.840395e-17
1169.7        	2.840395e-17
1169.75       	2.840395e-17
1169.8        	2.840395e-17
1169.85       	2.840395e-17
1169.9        	2.840395e-17
1169.95       	2.840395e-17
1170          	2.840395e-17
1170.05       	2.840395e-17
1170.1        	2.840395e-17
1170.15       	2.840395e-17
1170.2        	2.840395e-17
1170.25       	2.840395e-17
1170.3        	2.840395e-17
1170.35       	2.840395e-17
1170.4        	2.840395e-17
1170.45       	2.840395e-17
1170.5        	2.840395e-17
1170.55       	2.840395e-17
1170.6        	2.840395e-17
1170.65       	2.840395e-17
1170.7        	2.840395e-17
1170.75       	2.840395e-17
1170.8        	2.840395e-17
1170.85       	2.840395e-17
1170.9        	2.840395e-17
1170.95       	2.840395e-17
1171          	2.840395e-17
1171.05       	2.840395e-17
1171.1        	2.840395e-17
1171.15       	2.840395e-17
1171.2        	2.840395e-17
1171.25       	2.840395e-17
1171.3        	2.840395e-17
1171.35       	2.840395e-17
1171.4        	2.840395e-17
1171.45       	2.840395e-17
1171.5        	2.840395e-17
1171.55       	2.840395e-17
1171.6        	2.840395e-17
1171.65       	2.840395e-17
1171.7        	2.840395e-17
1171.75       	2.840395e-17
1171.8        	2.840395e-17
1171.85       	2.840395e-17
1171.9        	2.840395e-17
1171.95       	2.840395e-17
1172          	2.840395e-17
1172.05       	2.840395e-17
1172.1        	2.840395e-17
1172.15       	2.840395e-17
1172.2        	2.840395e-17
1172.25       	2.840395e-17
1172.3        	2.840395e-17
1172.35       	2.840395e-17
1172.4        	2.840395e-17
1172.45       	2.840395e-17
1172.5        	2.840395e-17
1172.55       	2.840395e-17
1172.6        	2.840395e-17
1172.65       	2.840395e-17
1172.7        	2.840395e-17
1172.75       	2.840395e-17
1172.8        	2.840395e-17
1172.85       	2.840395e-17
1172.9        	2.840395e-17
1172.95       	2.840395e-17
1173          	2.840395e-17
1173.05       	2.840395e-17
1173.1        	2.840395e-17
1173.15       	2.840395e-17
1173.2        	2.840395e-17
1173.25       	2.840395e-17
1173.3        	2.840395e-17
1173.35       	2.840395e-17
1173.4        	2.840395e-17
1173.45       	2.840395e-17
1173.5        	2.840395e-17
1173.55       	2.840395e-17
1173.6        	2.840395e-17
1173.65       	2.840395e-17
1173.7        	2.840395e-17
1173.75       	2.840395e-17
1173.8        	2.840395e-17
1173.85       	2.840395e-17
1173.9        	2.840395e-17
1173.95       	2.840395e-17
1174          	2.840395e-17
1174.05       	2.840395e-17
1174.1        	2.840395e-17
1174.15       	2.840395e-17
1174.2        	2.840395e-17
1174.25       	2.840395e-17
1174.3        	2.840395e-17
1174.35       	2.840395e-17
1174.4        	2.840395e-17
1174.45       	2.840395e-17
1174.5        	2.840395e-17
1174.55       	2.840395e-17
1174.6        	2.840395e-17
1174.65       	2.840395e-17
1174.7        	2.840395e-17
1174.75       	2.840395e-17
1174.8        	2.840395e-17
1174.85       	2.840395e-17
1174.9        	2.840395e-17
1174.95       	2.840395e-17
1175          	2.840395e-17
1175.05       	2.840395e-17
1175.1        	2.840395e-17
1175.15       	2.840395e-17
1175.2        	2.840395e-17
1175.25       	2.840395e-17
1175.3        	2.840395e-17
1175.35       	2.840395e-17
1175.4        	2.840395e-17
1175.45       	2.840395e-17
1175.5        	2.840395e-17
1175.55       	2.840395e-17
1175.6        	2.840395e-17
1175.65       	2.840395e-17
1175.7        	2.840395e-17
1175.75       	2.840395e-17
1175.8        	2.840395e-17
1175.85       	2.840395e-17
1175.9        	2.840395e-17
1175.95       	2.840395e-17
1176          	2.840395e-17
1176.05       	2.840395e-17
1176.1        	2.840395e-17
1176.15       	2.840395e-17
1176.2        	2.840395e-17
1176.25       	2.840395e-17
1176.3        	2.840395e-17
1176.35       	2.840395e-17
1176.4        	2.840395e-17
1176.45       	2.840395e-17
1176.5        	2.840395e-17
1176.55       	2.840395e-17
1176.6        	2.840395e-17
1176.65       	2.840395e-17
1176.7        	2.840395e-17
1176.75       	2.840395e-17
1176.8        	2.840395e-17
1176.85       	2.840395e-17
1176.9        	2.840395e-17
1176.95       	2.840395e-17
1177          	2.840395e-17
1177.05       	2.840395e-17
1177.1        	2.840395e-17
1177.15       	2.840395e-17
1177.2        	2.840395e-17
1177.25       	2.840395e-17
1177.3        	2.840395e-17
1177.35       	2.840395e-17
1177.4        	2.840395e-17
1177.45       	2.840395e-17
1177.5        	2.840395e-17
1177.55       	2.840395e-17
1177.6        	2.840395e-17
1177.65       	2.840395e-17
1177.7        	2.840395e-17
1177.75       	2.840395e-17
1177.8        	2.840395e-17
1177.85       	2.840395e-17
1177.9        	2.840395e-17
1177.95       	2.840395e-17
1178          	2.840395e-17
1178.05       	2.840395e-17
1178.1        	2.840395e-17
1178.15       	2.840395e-17
1178.2        	2.840395e-17
1178.25       	2.840395e-17
1178.3        	2.840395e-17
1178.35       	2.840395e-17
1178.4        	2.840395e-17
1178.45       	2.840395e-17
1178.5        	2.840395e-17
1178.55       	2.840395e-17
1178.6        	2.840395e-17
1178.65       	2.840395e-17
1178.7        	2.840395e-17
1178.75       	2.840395e-17
1178.8        	2.840395e-17
1178.85       	2.840395e-17
1178.9        	2.840395e-17
1178.95       	2.840395e-17
1179          	2.840395e-17
1179.05       	2.840395e-17
1179.1        	2.840395e-17
1179.15       	2.840395e-17
1179.2        	2.840395e-17
1179.25       	2.840395e-17
1179.3        	2.840395e-17
1179.35       	2.840395e-17
1179.4        	2.840395e-17
1179.45       	2.840395e-17
1179.5        	2.840395e-17
1179.55       	2.840395e-17
1179.6        	2.840395e-17
1179.65       	2.840395e-17
1179.7        	2.840395e-17
1179.75       	2.840395e-17
1179.8        	2.840395e-17
1179.85       	2.840395e-17
1179.9        	2.840395e-17
1179.95       	2.840395e-17
1180          	2.840395e-17
1180.05       	2.840395e-17
1180.1        	2.840395e-17
1180.15       	2.840395e-17
1180.2        	2.840395e-17
1180.25       	2.840395e-17
1180.3        	2.840395e-17
1180.35       	2.840395e-17
1180.4        	2.840395e-17
1180.45       	2.840395e-17
1180.5        	2.840395e-17
1180.55       	2.840395e-17
1180.6        	2.840395e-17
1180.65       	2.840395e-17
1180.7        	2.840395e-17
1180.75       	2.840395e-17
1180.8        	2.840395e-17
1180.85       	2.840395e-17
1180.9        	2.840395e-17
1180.95       	2.840395e-17
1181          	2.840395e-17
1181.05       	2.840395e-17
1181.1        	2.840395e-17
1181.15       	2.840395e-17
1181.2        	2.840395e-17
1181.25       	2.840395e-17
1181.3        	2.840395e-17
1181.35       	2.840395e-17
1181.4        	2.840395e-17
1181.45       	2.840395e-17
1181.5        	2.840395e-17
1181.55       	2.840395e-17
1181.6        	2.840395e-17
1181.65       	2.840395e-17
1181.7        	2.840395e-17
1181.75       	2.840395e-17
1181.8        	2.840395e-17
1181.85       	2.840395e-17
1181.9        	2.840395e-17
1181.95       	2.840395e-17
1182          	2.840395e-17
1182.05       	2.840395e-17
1182.1        	2.840395e-17
1182.15       	2.840395e-17
1182.2        	2.840395e-17
1182.25       	2.840395e-17
1182.3        	2.840395e-17
1182.35       	2.840395e-17
1182.4        	2.840395e-17
1182.45       	2.840395e-17
1182.5        	2.840395e-17
1182.55       	2.840395e-17
1182.6        	2.840395e-17
1182.65       	2.840395e-17
1182.7        	2.840395e-17
1182.75       	2.840395e-17
1182.8        	2.840395e-17
1182.85       	2.840395e-17
1182.9        	2.840395e-17
1182.95       	2.840395e-17
1183          	2.840395e-17
1183.05       	2.840395e-17
1183.1        	2.840395e-17
1183.15       	2.840395e-17
1183.2        	2.840395e-17
1183.25       	2.840395e-17
1183.3        	2.840395e-17
1183.35       	2.840395e-17
1183.4        	2.840395e-17
1183.45       	2.840395e-17
1183.5        	2.840395e-17
1183.55       	2.840395e-17
1183.6        	2.840395e-17
1183.65       	2.840395e-17
1183.7        	2.840395e-17
1183.75       	2.840395e-17
1183.8        	2.840395e-17
1183.85       	2.840395e-17
1183.9        	2.840395e-17
1183.95       	2.840395e-17
1184          	2.840395e-17
1184.05       	2.840395e-17
1184.1        	2.840395e-17
1184.15       	2.840395e-17
1184.2        	2.840395e-17
1184.25       	2.840395e-17
1184.3        	2.840395e-17
1184.35       	2.840395e-17
1184.4        	2.840395e-17
1184.45       	2.840395e-17
1184.5        	2.840395e-17
1184.55       	2.840395e-17
1184.6        	2.840395e-17
1184.65       	2.840395e-17
1184.7        	2.840395e-17
1184.75       	2.840395e-17
1184.8        	2.840395e-17
1184.85       	2.840395e-17
1184.9        	2.840395e-17
1184.95       	2.840395e-17
1185          	2.840395e-17
1185.05       	2.840395e-17
1185.1        	2.840395e-17
1185.15       	2.840395e-17
1185.2        	2.840395e-17
1185.25       	2.840395e-17
1185.3        	2.840395e-17
1185.35       	2.840395e-17
1185.4        	2.840395e-17
1185.45       	2.840395e-17
1185.5        	2.840395e-17
1185.55       	2.840395e-17
1185.6        	2.840395e-17
1185.65       	2.840395e-17
1185.7        	2.840395e-17
1185.75       	2.840395e-17
1185.8        	2.840395e-17
1185.85       	2.840395e-17
1185.9        	2.840395e-17
1185.95       	2.840395e-17
1186          	2.840395e-17
1186.05       	2.840395e-17
1186.1        	2.840395e-17
1186.15       	2.840395e-17
1186.2        	2.840395e-17
1186.25       	2.840395e-17
1186.3        	2.840395e-17
1186.35       	2.840395e-17
1186.4        	2.840395e-17
1186.45       	2.840395e-17
1186.5        	2.840395e-17
1186.55       	2.840395e-17
1186.6        	2.840395e-17
1186.65       	2.840395e-17
1186.7        	2.840395e-17
1186.75       	2.840395e-17
1186.8        	2.840395e-17
1186.85       	2.840395e-17
1186.9        	2.840395e-17
1186.95       	2.840395e-17
1187          	2.840395e-17
1187.05       	2.840395e-17
1187.1        	2.840395e-17
1187.15       	2.840395e-17
1187.2        	2.840395e-17
1187.25       	2.840395e-17
1187.3        	2.840395e-17
1187.35       	2.840395e-17
1187.4        	2.840395e-17
1187.45       	2.840395e-17
1187.5        	2.840395e-17
1187.55       	2.840395e-17
1187.6        	2.840395e-17
1187.65       	2.840395e-17
1187.7        	2.840395e-17
1187.75       	2.840395e-17
1187.8        	2.840395e-17
1187.85       	2.840395e-17
1187.9        	2.840395e-17
1187.95       	2.840395e-17
1188          	2.840395e-17
1188.05       	2.840395e-17
1188.1        	2.840395e-17
1188.15       	2.840395e-17
1188.2        	2.840395e-17
1188.25       	2.840395e-17
1188.3        	2.840395e-17
1188.35       	2.840395e-17
1188.4        	2.840395e-17
1188.45       	2.840395e-17
1188.5        	2.840395e-17
1188.55       	2.840395e-17
1188.6        	2.840395e-17
1188.65       	2.840395e-17
1188.7        	2.840395e-17
1188.75       	2.840395e-17
1188.8        	2.840395e-17
1188.85       	2.840395e-17
1188.9        	2.840395e-17
1188.95       	2.840395e-17
1189          	2.840395e-17
1189.05       	2.840395e-17
1189.1        	2.840395e-17
1189.15       	2.840395e-17
1189.2        	2.840395e-17
1189.25       	2.840395e-17
1189.3        	2.840395e-17
1189.35       	2.840395e-17
1189.4        	2.840395e-17
1189.45       	2.840395e-17
1189.5        	2.840395e-17
1189.55       	2.840395e-17
1189.6        	2.840395e-17
1189.65       	2.840395e-17
1189.7        	2.840395e-17
1189.75       	2.840395e-17
1189.8        	2.840395e-17
1189.85       	2.840395e-17
1189.9        	2.840395e-17
1189.95       	2.840395e-17
1190          	2.840395e-17
1190.05       	2.840395e-17
1190.1        	2.840395e-17
1190.15       	2.840395e-17
1190.2        	2.840395e-17
1190.25       	2.840395e-17
1190.3        	2.840395e-17
1190.35       	2.840395e-17
1190.4        	2.840395e-17
1190.45       	2.840395e-17
1190.5        	2.840395e-17
1190.55       	2.840395e-17
1190.6        	2.840395e-17
1190.65       	2.840395e-17
1190.7        	2.840395e-17
1190.75       	2.840395e-17
1190.8        	2.840395e-17
1190.85       	2.840395e-17
1190.9        	2.840395e-17
1190.95       	2.840395e-17
1191          	2.840395e-17
1191.05       	2.840395e-17
1191.1        	2.840395e-17
1191.15       	2.840395e-17
1191.2        	2.840395e-17
1191.25       	2.840395e-17
1191.3        	2.840395e-17
1191.35       	2.840395e-17
1191.4        	2.840395e-17
1191.45       	2.840395e-17
1191.5        	2.840395e-17
1191.55       	2.840395e-17
1191.6        	2.840395e-17
1191.65       	2.840395e-17
1191.7        	2.840395e-17
1191.75       	2.840395e-17
1191.8        	2.840395e-17
1191.85       	2.840395e-17
1191.9        	2.840395e-17
1191.95       	2.840395e-17
1192          	2.840395e-17
1192.05       	2.840395e-17
1192.1        	2.840395e-17
1192.15       	2.840395e-17
1192.2        	2.840395e-17
1192.25       	2.840395e-17
1192.3        	2.840395e-17
1192.35       	2.840395e-17
1192.4        	2.840395e-17
1192.45       	2.840395e-17
1192.5        	2.840395e-17
1192.55       	2.840395e-17
1192.6        	2.840395e-17
1192.65       	2.840395e-17
1192.7        	2.840395e-17
1192.75       	2.840395e-17
1192.8        	2.840395e-17
1192.85       	2.840395e-17
1192.9        	2.840395e-17
1192.95       	2.840395e-17
1193          	2.840395e-17
1193.05       	2.840395e-17
1193.1        	2.840395e-17
1193.15       	2.840395e-17
1193.2        	2.840395e-17
1193.25       	2.840395e-17
1193.3        	2.840395e-17
1193.35       	2.840395e-17
1193.4        	2.840395e-17
1193.45       	2.840395e-17
1193.5        	2.840395e-17
1193.55       	2.840395e-17
1193.6        	2.840395e-17
1193.65       	2.840395e-17
1193.7        	2.840395e-17
1193.75       	2.840395e-17
1193.8        	2.840395e-17
1193.85       	2.840395e-17
1193.9        	2.840395e-17
1193.95       	2.840395e-17
1194          	2.840395e-17
1194.05       	2.840395e-17
1194.1        	2.840395e-17
1194.15       	2.840395e-17
1194.2        	2.840395e-17
1194.25       	2.840395e-17
1194.3        	2.840395e-17
1194.35       	2.840395e-17
1194.4        	2.840395e-17
1194.45       	2.840395e-17
1194.5        	2.840395e-17
1194.55       	2.840395e-17
1194.6        	2.840395e-17
1194.65       	2.840395e-17
1194.7        	2.840395e-17
1194.75       	2.840395e-17
1194.8        	2.840395e-17
1194.85       	2.840395e-17
1194.9        	2.840395e-17
1194.95       	2.840395e-17
1195          	2.840395e-17
1195.05       	2.840395e-17
1195.1        	2.840395e-17
1195.15       	2.840395e-17
1195.2        	2.840395e-17
1195.25       	2.840395e-17
1195.3        	2.840395e-17
1195.35       	2.840395e-17
1195.4        	2.840395e-17
1195.45       	2.840395e-17
1195.5        	2.840395e-17
1195.55       	2.840395e-17
1195.6        	2.840395e-17
1195.65       	2.840395e-17
1195.7        	2.840395e-17
1195.75       	2.840395e-17
1195.8        	2.840395e-17
1195.85       	2.840395e-17
1195.9        	2.840395e-17
1195.95       	2.840395e-17
1196          	2.840395e-17
1196.05       	2.840395e-17
1196.1        	2.840395e-17
1196.15       	2.840395e-17
1196.2        	2.840395e-17
1196.25       	2.840395e-17
1196.3        	2.840395e-17
1196.35       	2.840395e-17
1196.4        	2.840395e-17
1196.45       	2.840395e-17
1196.5        	2.840395e-17
1196.55       	2.840395e-17
1196.6        	2.840395e-17
1196.65       	2.840395e-17
1196.7        	2.840395e-17
1196.75       	2.840395e-17
1196.8        	2.840395e-17
1196.85       	2.840395e-17
1196.9        	2.840395e-17
1196.95       	2.840395e-17
1197          	2.840395e-17
1197.05       	2.840395e-17
1197.1        	2.840395e-17
1197.15       	2.840395e-17
1197.2        	2.840395e-17
1197.25       	2.840395e-17
1197.3        	2.840395e-17
1197.35       	2.840395e-17
1197.4        	2.840395e-17
1197.45       	2.840395e-17
1197.5        	2.840395e-17
1197.55       	2.840395e-17
1197.6        	2.840395e-17
1197.65       	2.840395e-17
1197.7        	2.840395e-17
1197.75       	2.840395e-17
1197.8        	2.840395e-17
1197.85       	2.840395e-17
1197.9        	2.840395e-17
1197.95       	2.840395e-17
1198          	2.840395e-17
1198.05       	2.840395e-17
1198.1        	2.840395e-17
1198.15       	2.840395e-17
1198.2        	2.840395e-17
1198.25       	2.840395e-17
1198.3        	2.840395e-17
1198.35       	2.840395e-17
1198.4        	2.840395e-17
1198.45       	2.840395e-17
1198.5        	2.840395e-17
1198.55       	2.840395e-17
1198.6        	2.840395e-17
1198.65       	2.840395e-17
1198.7        	2.840395e-17
1198.75       	2.840395e-17
1198.8        	2.840395e-17
1198.85       	2.840395e-17
1198.9        	2.840395e-17
1198.95       	2.840395e-17
1199          	2.840395e-17
1199.05       	2.840395e-17
1199.1        	2.840395e-17
1199.15       	2.840395e-17
1199.2        	2.840395e-17
1199.25       	2.840395e-17
1199.3        	2.840395e-17
1199.35       	2.840395e-17
1199.4        	2.840395e-17
1199.45       	2.840395e-17
1199.5        	2.840395e-17
1199.55       	2.840395e-17
1199.6        	2.840395e-17
1199.65       	2.840395e-17
1199.7        	2.840395e-17
1199.75       	2.840395e-17
1199.8        	2.840395e-17
1199.85       	2.840395e-17
1199.9        	2.840395e-17
1199.95       	2.840395e-17
1200          	2.840395e-17
1200.05       	2.840395e-17
1200.1        	2.840395e-17
1200.15       	2.840395e-17
1200.2        	2.840395e-17
1200.25       	2.840395e-17
1200.3        	2.840395e-17
1200.35       	2.840395e-17
1200.4        	2.840395e-17
1200.45       	2.840395e-17
1200.5        	2.840395e-17
1200.55       	2.840395e-17
1200.6        	2.840395e-17
1200.65       	2.840395e-17
1200.7        	2.840395e-17
1200.75       	2.840395e-17
1200.8        	2.840395e-17
1200.85       	2.840395e-17
1200.9        	2.840395e-17
1200.95       	2.840395e-17
1201          	2.840395e-17
1201.05       	2.840395e-17
1201.1        	2.840395e-17
1201.15       	2.840395e-17
1201.2        	2.840395e-17
1201.25       	2.840395e-17
1201.3        	2.840395e-17
1201.35       	2.840395e-17
1201.4        	2.840395e-17
1201.45       	2.840395e-17
1201.5        	2.840395e-17
1201.55       	2.840395e-17
1201.6        	2.840395e-17
1201.65       	2.840395e-17
1201.7        	2.840395e-17
1201.75       	2.840395e-17
1201.8        	2.840395e-17
1201.85       	2.840395e-17
1201.9        	2.840395e-17
1201.95       	2.840395e-17
1202          	2.840395e-17
1202.05       	2.840395e-17
1202.1        	2.840395e-17
1202.15       	2.840395e-17
1202.2        	2.840395e-17
1202.25       	2.840395e-17
1202.3        	2.840395e-17
1202.35       	2.840395e-17
1202.4        	2.840395e-17
1202.45       	2.840395e-17
1202.5        	2.840395e-17
1202.55       	2.840395e-17
1202.6        	2.840395e-17
1202.65       	2.840395e-17
1202.7        	2.840395e-17
1202.75       	2.840395e-17
1202.8        	2.840395e-17
1202.85       	2.840395e-17
1202.9        	2.840395e-17
1202.95       	2.840395e-17
1203          	2.840395e-17
1203.05       	2.840395e-17
1203.1        	2.840395e-17
1203.15       	2.840395e-17
1203.2        	2.840395e-17
1203.25       	2.840395e-17
1203.3        	2.840395e-17
1203.35       	2.840395e-17
1203.4        	2.840395e-17
1203.45       	2.840395e-17
1203.5        	2.840395e-17
1203.55       	2.840395e-17
1203.6        	2.840395e-17
1203.65       	2.840395e-17
1203.7        	2.840395e-17
1203.75       	2.840395e-17
1203.8        	2.840395e-17
1203.85       	2.840395e-17
1203.9        	2.840395e-17
1203.95       	2.840395e-17
1204          	2.840395e-17
1204.05       	2.840395e-17
1204.1        	2.840395e-17
1204.15       	2.840395e-17
1204.2        	2.840395e-17
1204.25       	2.840395e-17
1204.3        	2.840395e-17
1204.35       	2.840395e-17
1204.4        	2.840395e-17
1204.45       	2.840395e-17
1204.5        	2.840395e-17
1204.55       	2.840395e-17
1204.6        	2.840395e-17
1204.65       	2.840395e-17
1204.7        	2.840395e-17
1204.75       	2.840395e-17
1204.8        	2.840395e-17
1204.85       	2.840395e-17
1204.9        	2.840395e-17
1204.95       	2.840395e-17
1205          	2.840395e-17
1205.05       	2.840395e-17
1205.1        	2.840395e-17
1205.15       	2.840395e-17
1205.2        	2.840395e-17
1205.25       	2.840395e-17
1205.3        	2.840395e-17
1205.35       	2.840395e-17
1205.4        	2.840395e-17
1205.45       	2.840395e-17
1205.5        	2.840395e-17
1205.55       	2.840395e-17
1205.6        	2.840395e-17
1205.65       	2.840395e-17
1205.7        	2.840395e-17
1205.75       	2.840395e-17
1205.8        	2.840395e-17
1205.85       	2.840395e-17
1205.9        	2.840395e-17
1205.95       	2.840395e-17
1206          	2.840395e-17
1206.05       	2.840395e-17
1206.1        	2.840395e-17
1206.15       	2.840395e-17
1206.2        	2.840395e-17
1206.25       	2.840395e-17
1206.3        	2.840395e-17
1206.35       	2.840395e-17
1206.4        	2.840395e-17
1206.45       	2.840395e-17
1206.5        	2.840395e-17
1206.55       	2.840395e-17
1206.6        	2.840395e-17
1206.65       	2.840395e-17
1206.7        	2.840395e-17
1206.75       	2.840395e-17
1206.8        	2.840395e-17
1206.85       	2.840395e-17
1206.9        	2.840395e-17
1206.95       	2.840395e-17
1207          	2.840395e-17
1207.05       	2.840395e-17
1207.1        	2.840395e-17
1207.15       	2.840395e-17
1207.2        	2.840395e-17
1207.25       	2.840395e-17
1207.3        	2.840395e-17
1207.35       	2.840395e-17
1207.4        	2.840395e-17
1207.45       	2.840395e-17
1207.5        	2.840395e-17
1207.55       	2.840395e-17
1207.6        	2.840395e-17
1207.65       	2.840395e-17
1207.7        	2.840395e-17
1207.75       	2.840395e-17
1207.8        	2.840395e-17
1207.85       	2.840395e-17
1207.9        	2.840395e-17
1207.95       	2.840395e-17
1208          	2.840395e-17
1208.05       	2.840395e-17
1208.1        	2.840395e-17
1208.15       	2.840395e-17
1208.2        	2.840395e-17
1208.25       	2.840395e-17
1208.3        	2.840395e-17
1208.35       	2.840395e-17
1208.4        	2.840395e-17
1208.45       	2.840395e-17
1208.5        	2.840395e-17
1208.55       	2.840395e-17
1208.6        	2.840395e-17
1208.65       	2.840395e-17
1208.7        	2.840395e-17
1208.75       	2.840395e-17
1208.8        	2.840395e-17
1208.85       	2.840395e-17
1208.9        	2.840395e-17
1208.95       	2.840395e-17
1209          	2.840395e-17
1209.05       	2.840395e-17
1209.1        	2.840395e-17
1209.15       	2.840395e-17
1209.2        	2.840395e-17
1209.25       	2.840395e-17
1209.3        	2.840395e-17
1209.35       	2.840395e-17
1209.4        	2.840395e-17
1209.45       	2.840395e-17
1209.5        	2.840395e-17
1209.55       	2.840395e-17
1209.6        	2.840395e-17
1209.65       	2.840395e-17
1209.7        	2.840395e-17
1209.75       	2.840395e-17
1209.8        	2.840395e-17
1209.85       	2.840395e-17
1209.9        	2.840395e-17
1209.95       	2.840395e-17
1210          	2.840395e-17
1210.05       	2.840395e-17
1210.1        	2.840395e-17
1210.15       	2.840395e-17
1210.2        	2.840395e-17
1210.25       	2.840395e-17
1210.3        	2.840395e-17
1210.35       	2.840395e-17
1210.4        	2.840395e-17
1210.45       	2.840395e-17
1210.5        	2.840395e-17
1210.55       	2.840395e-17
1210.6        	2.840395e-17
1210.65       	2.840395e-17
1210.7        	2.840395e-17
1210.75       	2.840395e-17
1210.8        	2.840395e-17
1210.85       	2.840395e-17
1210.9        	2.840395e-17
1210.95       	2.840395e-17
1211          	2.840395e-17
1211.05       	2.840395e-17
1211.1        	2.840395e-17
1211.15       	2.840395e-17
1211.2        	2.840395e-17
1211.25       	2.840395e-17
1211.3        	2.840395e-17
1211.35       	2.840395e-17
1211.4        	2.840395e-17
1211.45       	2.840395e-17
1211.5        	2.840395e-17
1211.55       	2.840395e-17
1211.6        	2.840395e-17
1211.65       	2.840395e-17
1211.7        	2.840395e-17
1211.75       	2.840395e-17
1211.8        	2.840395e-17
1211.85       	2.840395e-17
1211.9        	2.840395e-17
1211.95       	2.840395e-17
1212          	2.840395e-17
1212.05       	2.840395e-17
1212.1        	2.840395e-17
1212.15       	2.840395e-17
1212.2        	2.840395e-17
1212.25       	2.840395e-17
1212.3        	2.840395e-17
1212.35       	2.840395e-17
1212.4        	2.840395e-17
1212.45       	2.840395e-17
1212.5        	2.840395e-17
1212.55       	2.840395e-17
1212.6        	2.840395e-17
1212.65       	2.840395e-17
1212.7        	2.840395e-17
1212.75       	2.840395e-17
1212.8        	2.840395e-17
1212.85       	2.840395e-17
1212.9        	2.840395e-17
1212.95       	2.840395e-17
1213          	2.840395e-17
1213.05       	2.840395e-17
1213.1        	2.840395e-17
1213.15       	2.840395e-17
1213.2        	2.840395e-17
1213.25       	2.840395e-17
1213.3        	2.840395e-17
1213.35       	2.840395e-17
1213.4        	2.840395e-17
1213.45       	2.840395e-17
1213.5        	2.840395e-17
1213.55       	2.840395e-17
1213.6        	2.840395e-17
1213.65       	2.840395e-17
1213.7        	2.840395e-17
1213.75       	2.840395e-17
1213.8        	2.840395e-17
1213.85       	2.840395e-17
1213.9        	2.840395e-17
1213.95       	2.840395e-17
1214          	2.840395e-17
1214.05       	2.840395e-17
1214.1        	2.840395e-17
1214.15       	2.840395e-17
1214.2        	2.840395e-17
1214.25       	2.840395e-17
1214.3        	2.840395e-17
1214.35       	2.840395e-17
1214.4        	2.840395e-17
1214.45       	2.840395e-17
1214.5        	2.840395e-17
1214.55       	2.840395e-17
1214.6        	2.840395e-17
1214.65       	2.840395e-17
1214.7        	2.840395e-17
1214.75       	2.840395e-17
1214.8        	2.840395e-17
1214.85       	2.840395e-17
1214.9        	2.840395e-17
1214.95       	2.840395e-17
1215          	2.840395e-17
1215.05       	2.840395e-17
1215.1        	2.840395e-17
1215.15       	2.840395e-17
1215.2        	2.840395e-17
1215.25       	2.840395e-17
1215.3        	2.840395e-17
1215.35       	2.840395e-17
1215.4        	2.840395e-17
1215.45       	2.840395e-17
1215.5        	2.840395e-17
1215.55       	2.840395e-17
1215.6        	2.840395e-17
1215.65       	2.840395e-17
1215.7        	2.840395e-17
1215.75       	2.840395e-17
1215.8        	2.840395e-17
1215.85       	2.840395e-17
1215.9        	2.840395e-17
1215.95       	2.840395e-17
1216          	2.840395e-17
1216.05       	2.840395e-17
1216.1        	2.840395e-17
1216.15       	2.840395e-17
1216.2        	2.840395e-17
1216.25       	2.840395e-17
1216.3        	2.840395e-17
1216.35       	2.840395e-17
1216.4        	2.840395e-17
1216.45       	2.840395e-17
1216.5        	2.840395e-17
1216.55       	2.840395e-17
1216.6        	2.840395e-17
1216.65       	2.840395e-17
1216.7        	2.840395e-17
1216.75       	2.840395e-17
1216.8        	2.840395e-17
1216.85       	2.840395e-17
1216.9        	2.840395e-17
1216.95       	2.840395e-17
1217          	2.840395e-17
1217.05       	2.840395e-17
1217.1        	2.840395e-17
1217.15       	2.840395e-17
1217.2        	2.840395e-17
1217.25       	2.840395e-17
1217.3        	2.840395e-17
1217.35       	2.840395e-17
1217.4        	2.840395e-17
1217.45       	2.840395e-17
1217.5        	2.840395e-17
1217.55       	2.840395e-17
1217.6        	2.840395e-17
1217.65       	2.840395e-17
1217.7        	2.840395e-17
1217.75       	2.840395e-17
1217.8        	2.840395e-17
1217.85       	2.840395e-17
1217.9        	2.840395e-17
1217.95       	2.840395e-17
1218          	2.840395e-17
1218.05       	2.840395e-17
1218.1        	2.840395e-17
1218.15       	2.840395e-17
1218.2        	2.840395e-17
1218.25       	2.840395e-17
1218.3        	2.840395e-17
1218.35       	2.840395e-17
1218.4        	2.840395e-17
1218.45       	2.840395e-17
1218.5        	2.840395e-17
1218.55       	2.840395e-17
1218.6        	2.840395e-17
1218.65       	2.840395e-17
1218.7        	2.840395e-17
1218.75       	2.840395e-17
1218.8        	2.840395e-17
1218.85       	2.840395e-17
1218.9        	2.840395e-17
1218.95       	2.840395e-17
1219          	2.840395e-17
1219.05       	2.840395e-17
1219.1        	2.840395e-17
1219.15       	2.840395e-17
1219.2        	2.840395e-17
1219.25       	2.840395e-17
1219.3        	2.840395e-17
1219.35       	2.840395e-17
1219.4        	2.840395e-17
1219.45       	2.840395e-17
1219.5        	2.840395e-17
1219.55       	2.840395e-17
1219.6        	2.840395e-17
1219.65       	2.840395e-17
1219.7        	2.840395e-17
1219.75       	2.840395e-17
1219.8        	2.840395e-17
1219.85       	2.840395e-17
1219.9        	2.840395e-17
1219.95       	2.840395e-17
1220          	2.840395e-17
1220.05       	2.840395e-17
1220.1        	2.840395e-17
1220.15       	2.840395e-17
1220.2        	2.840395e-17
1220.25       	2.840395e-17
1220.3        	2.840395e-17
1220.35       	2.840395e-17
1220.4        	2.840395e-17
1220.45       	2.840395e-17
1220.5        	2.840395e-17
1220.55       	2.840395e-17
1220.6        	2.840395e-17
1220.65       	2.840395e-17
1220.7        	2.840395e-17
1220.75       	2.840395e-17
1220.8        	2.840395e-17
1220.85       	2.840395e-17
1220.9        	2.840395e-17
1220.95       	2.840395e-17
1221          	2.840395e-17
1221.05       	2.840395e-17
1221.1        	2.840395e-17
1221.15       	2.840395e-17
1221.2        	2.840395e-17
1221.25       	2.840395e-17
1221.3        	2.840395e-17
1221.35       	2.840395e-17
1221.4        	2.840395e-17
1221.45       	2.840395e-17
1221.5        	2.840395e-17
1221.55       	2.840395e-17
1221.6        	2.840395e-17
1221.65       	2.840395e-17
1221.7        	2.840395e-17
1221.75       	2.840395e-17
1221.8        	2.840395e-17
1221.85       	2.840395e-17
1221.9        	2.840395e-17
1221.95       	2.840395e-17
1222          	2.840395e-17
1222.05       	2.840395e-17
1222.1        	2.840395e-17
1222.15       	2.840395e-17
1222.2        	2.840395e-17
1222.25       	2.840395e-17
1222.3        	2.840395e-17
1222.35       	2.840395e-17
1222.4        	2.840395e-17
1222.45       	2.840395e-17
1222.5        	2.840395e-17
1222.55       	2.840395e-17
1222.6        	2.840395e-17
1222.65       	2.840395e-17
1222.7        	2.840395e-17
1222.75       	2.840395e-17
1222.8        	2.840395e-17
1222.85       	2.840395e-17
1222.9        	2.840395e-17
1222.95       	2.840395e-17
1223          	2.840395e-17
1223.05       	2.840395e-17
1223.1        	2.840395e-17
1223.15       	2.840395e-17
1223.2        	2.840395e-17
1223.25       	2.840395e-17
1223.3        	2.840395e-17
1223.35       	2.840395e-17
1223.4        	2.840395e-17
1223.45       	2.840395e-17
1223.5        	2.840395e-17
1223.55       	2.840395e-17
1223.6        	2.840395e-17
1223.65       	2.840395e-17
1223.7        	2.840395e-17
1223.75       	2.840395e-17
1223.8        	2.840395e-17
1223.85       	2.840395e-17
1223.9        	2.840395e-17
1223.95       	2.840395e-17
1224          	2.840395e-17
1224.05       	2.840395e-17
1224.1        	2.840395e-17
1224.15       	2.840395e-17
1224.2        	2.840395e-17
1224.25       	2.840395e-17
1224.3        	2.840395e-17
1224.35       	2.840395e-17
1224.4        	2.840395e-17
1224.45       	2.840395e-17
1224.5        	2.840395e-17
1224.55       	2.840395e-17
1224.6        	2.840395e-17
1224.65       	2.840395e-17
1224.7        	2.840395e-17
1224.75       	2.840395e-17
1224.8        	2.840395e-17
1224.85       	2.840395e-17
1224.9        	2.840395e-17
1224.95       	2.840395e-17
1225          	2.840395e-17
1225.05       	2.840395e-17
1225.1        	2.840395e-17
1225.15       	2.840395e-17
1225.2        	2.840395e-17
1225.25       	2.840395e-17
1225.3        	2.840395e-17
1225.35       	2.840395e-17
1225.4        	2.840395e-17
1225.45       	2.840395e-17
1225.5        	2.840395e-17
1225.55       	2.840395e-17
1225.6        	2.840395e-17
1225.65       	2.840395e-17
1225.7        	2.840395e-17
1225.75       	2.840395e-17
1225.8        	2.840395e-17
1225.85       	2.840395e-17
1225.9        	2.840395e-17
1225.95       	2.840395e-17
1226          	2.840395e-17
1226.05       	2.840395e-17
1226.1        	2.840395e-17
1226.15       	2.840395e-17
1226.2        	2.840395e-17
1226.25       	2.840395e-17
1226.3        	2.840395e-17
1226.35       	2.840395e-17
1226.4        	2.840395e-17
1226.45       	2.840395e-17
1226.5        	2.840395e-17
1226.55       	2.840395e-17
1226.6        	2.840395e-17
1226.65       	2.840395e-17
1226.7        	2.840395e-17
1226.75       	2.840395e-17
1226.8        	2.840395e-17
1226.85       	2.840395e-17
1226.9        	2.840395e-17
1226.95       	2.840395e-17
1227          	2.840395e-17
1227.05       	2.840395e-17
1227.1        	2.840395e-17
1227.15       	2.840395e-17
1227.2        	2.840395e-17
1227.25       	2.840395e-17
1227.3        	2.840395e-17
1227.35       	2.840395e-17
1227.4        	2.840395e-17
1227.45       	2.840395e-17
1227.5        	2.840395e-17
1227.55       	2.840395e-17
1227.6        	2.840395e-17
1227.65       	2.840395e-17
1227.7        	2.840395e-17
1227.75       	2.840395e-17
1227.8        	2.840395e-17
1227.85       	2.840395e-17
1227.9        	2.840395e-17
1227.95       	2.840395e-17
1228          	2.840395e-17
1228.05       	2.840395e-17
1228.1        	2.840395e-17
1228.15       	2.840395e-17
1228.2        	2.840395e-17
1228.25       	2.840395e-17
1228.3        	2.840395e-17
1228.35       	2.840395e-17
1228.4        	2.840395e-17
1228.45       	2.840395e-17
1228.5        	2.840395e-17
1228.55       	2.840395e-17
1228.6        	2.840395e-17
1228.65       	2.840395e-17
1228.7        	2.840395e-17
1228.75       	2.840395e-17
1228.8        	2.840395e-17
1228.85       	2.840395e-17
1228.9        	2.840395e-17
1228.95       	2.840395e-17
1229          	2.840395e-17
1229.05       	2.840395e-17
1229.1        	2.840395e-17
1229.15       	2.840395e-17
1229.2        	2.840395e-17
1229.25       	2.840395e-17
1229.3        	2.840395e-17
1229.35       	2.840395e-17
1229.4        	2.840395e-17
1229.45       	2.840395e-17
1229.5        	2.840395e-17
1229.55       	2.840395e-17
1229.6        	2.840395e-17
1229.65       	2.840395e-17
1229.7        	2.840395e-17
1229.75       	2.840395e-17
1229.8        	2.840395e-17
1229.85       	2.840395e-17
1229.9        	2.840395e-17
1229.95       	2.840395e-17
1230          	2.840395e-17
1230.05       	2.840395e-17
1230.1        	2.840395e-17
1230.15       	2.840395e-17
1230.2        	2.840395e-17
1230.25       	2.840395e-17
1230.3        	2.840395e-17
1230.35       	2.840395e-17
1230.4        	2.840395e-17
1230.45       	2.840395e-17
1230.5        	2.840395e-17
1230.55       	2.840395e-17
1230.6        	2.840395e-17
1230.65       	2.840395e-17
1230.7        	2.840395e-17
1230.75       	2.840395e-17
1230.8        	2.840395e-17
1230.85       	2.840395e-17
1230.9        	2.840395e-17
1230.95       	2.840395e-17
1231          	2.840395e-17
1231.05       	2.840395e-17
1231.1        	2.840395e-17
1231.15       	2.840395e-17
1231.2        	2.840395e-17
1231.25       	2.840395e-17
1231.3        	2.840395e-17
1231.35       	2.840395e-17
1231.4        	2.840395e-17
1231.45       	2.840395e-17
1231.5        	2.840395e-17
1231.55       	2.840395e-17
1231.6        	2.840395e-17
1231.65       	2.840395e-17
1231.7        	2.840395e-17
1231.75       	2.840395e-17
1231.8        	2.840395e-17
1231.85       	2.840395e-17
1231.9        	2.840395e-17
1231.95       	2.840395e-17
1232          	2.840395e-17
1232.05       	2.840395e-17
1232.1        	2.840395e-17
1232.15       	2.840395e-17
1232.2        	2.840395e-17
1232.25       	2.840395e-17
1232.3        	2.840395e-17
1232.35       	2.840395e-17
1232.4        	2.840395e-17
1232.45       	2.840395e-17
1232.5        	2.840395e-17
1232.55       	2.840395e-17
1232.6        	2.840395e-17
1232.65       	2.840395e-17
1232.7        	2.840395e-17
1232.75       	2.840395e-17
1232.8        	2.840395e-17
1232.85       	2.840395e-17
1232.9        	2.840395e-17
1232.95       	2.840395e-17
1233          	2.840395e-17
1233.05       	2.840395e-17
1233.1        	2.840395e-17
1233.15       	2.840395e-17
1233.2        	2.840395e-17
1233.25       	2.840395e-17
1233.3        	2.840395e-17
1233.35       	2.840395e-17
1233.4        	2.840395e-17
1233.45       	2.840395e-17
1233.5        	2.840395e-17
1233.55       	2.840395e-17
1233.6        	2.840395e-17
1233.65       	2.840395e-17
1233.7        	2.840395e-17
1233.75       	2.840395e-17
1233.8        	2.840395e-17
1233.85       	2.840395e-17
1233.9        	2.840395e-17
1233.95       	2.840395e-17
1234          	2.840395e-17
1234.05       	2.840395e-17
1234.1        	2.840395e-17
1234.15       	2.840395e-17
1234.2        	2.840395e-17
1234.25       	2.840395e-17
1234.3        	2.840395e-17
1234.35       	2.840395e-17
1234.4        	2.840395e-17
1234.45       	2.840395e-17
1234.5        	2.840395e-17
1234.55       	2.840395e-17
1234.6        	2.840395e-17
1234.65       	2.840395e-17
1234.7        	2.840395e-17
1234.75       	2.840395e-17
1234.8        	2.840395e-17
1234.85       	2.840395e-17
1234.9        	2.840395e-17
1234.95       	2.840395e-17
1235          	2.840395e-17
1235.05       	2.840395e-17
1235.1        	2.840395e-17
1235.15       	2.840395e-17
1235.2        	2.840395e-17
1235.25       	2.840395e-17
1235.3        	2.840395e-17
1235.35       	2.840395e-17
1235.4        	2.840395e-17
1235.45       	2.840395e-17
1235.5        	2.840395e-17
1235.55       	2.840395e-17
1235.6        	2.840395e-17
1235.65       	2.840395e-17
1235.7        	2.840395e-17
1235.75       	2.840395e-17
1235.8        	2.840395e-17
1235.85       	2.840395e-17
1235.9        	2.840395e-17
1235.95       	2.840395e-17
1236          	2.840395e-17
1236.05       	2.840395e-17
1236.1        	2.840395e-17
1236.15       	2.840395e-17
1236.2        	2.840395e-17
1236.25       	2.840395e-17
1236.3        	2.840395e-17
1236.35       	2.840395e-17
1236.4        	2.840395e-17
1236.45       	2.840395e-17
1236.5        	2.840395e-17
1236.55       	2.840395e-17
1236.6        	2.840395e-17
1236.65       	2.840395e-17
1236.7        	2.840395e-17
1236.75       	2.840395e-17
1236.8        	2.840395e-17
1236.85       	2.840395e-17
1236.9        	2.840395e-17
1236.95       	2.840395e-17
1237          	2.840395e-17
1237.05       	2.840395e-17
1237.1        	2.840395e-17
1237.15       	2.840395e-17
1237.2        	2.840395e-17
1237.25       	2.840395e-17
1237.3        	2.840395e-17
1237.35       	2.840395e-17
1237.4        	2.840395e-17
1237.45       	2.840395e-17
1237.5        	2.840395e-17
1237.55       	2.840395e-17
1237.6        	2.840395e-17
1237.65       	2.840395e-17
1237.7        	2.840395e-17
1237.75       	2.840395e-17
1237.8        	2.840395e-17
1237.85       	2.840395e-17
1237.9        	2.840395e-17
1237.95       	2.840395e-17
1238          	2.840395e-17
1238.05       	2.840395e-17
1238.1        	2.840395e-17
1238.15       	2.840395e-17
1238.2        	2.840395e-17
1238.25       	2.840395e-17
1238.3        	2.840395e-17
1238.35       	2.840395e-17
1238.4        	2.840395e-17
1238.45       	2.840395e-17
1238.5        	2.840395e-17
1238.55       	2.840395e-17
1238.6        	2.840395e-17
1238.65       	2.840395e-17
1238.7        	2.840395e-17
1238.75       	2.840395e-17
1238.8        	2.840395e-17
1238.85       	2.840395e-17
1238.9        	2.840395e-17
1238.95       	2.840395e-17
1239          	2.840395e-17
1239.05       	2.840395e-17
1239.1        	2.840395e-17
1239.15       	2.840395e-17
1239.2        	2.840395e-17
1239.25       	2.840395e-17
1239.3        	2.840395e-17
1239.35       	2.840395e-17
1239.4        	2.840395e-17
1239.45       	2.840395e-17
1239.5        	2.840395e-17
1239.55       	2.840395e-17
1239.6        	2.840395e-17
1239.65       	2.840395e-17
1239.7        	2.840395e-17
1239.75       	2.840395e-17
1239.8        	2.840395e-17
1239.85       	2.840395e-17
1239.9        	2.840395e-17
1239.95       	2.840395e-17
1240          	2.840395e-17
1240.05       	2.840395e-17
1240.1        	2.840395e-17
1240.15       	2.840395e-17
1240.2        	2.840395e-17
1240.25       	2.840395e-17
1240.3        	2.840395e-17
1240.35       	2.840395e-17
1240.4        	2.840395e-17
1240.45       	2.840395e-17
1240.5        	2.840395e-17
1240.55       	2.840395e-17
1240.6        	2.840395e-17
1240.65       	2.840395e-17
1240.7        	2.840395e-17
1240.75       	2.840395e-17
1240.8        	2.840395e-17
1240.85       	2.840395e-17
1240.9        	2.840395e-17
1240.95       	2.840395e-17
1241          	2.840395e-17
1241.05       	2.840395e-17
1241.1        	2.840395e-17
1241.15       	2.840395e-17
1241.2        	2.840395e-17
1241.25       	2.840395e-17
1241.3        	2.840395e-17
1241.35       	2.840395e-17
1241.4        	2.840395e-17
1241.45       	2.840395e-17
1241.5        	2.840395e-17
1241.55       	2.840395e-17
1241.6        	2.840395e-17
1241.65       	2.840395e-17
1241.7        	2.840395e-17
1241.75       	2.840395e-17
1241.8        	2.840395e-17
1241.85       	2.840395e-17
1241.9        	2.840395e-17
1241.95       	2.840395e-17
1242          	2.840395e-17
1242.05       	2.840395e-17
1242.1        	2.840395e-17
1242.15       	2.840395e-17
1242.2        	2.840395e-17
1242.25       	2.840395e-17
1242.3        	2.840395e-17
1242.35       	2.840395e-17
1242.4        	2.840395e-17
1242.45       	2.840395e-17
1242.5        	2.840395e-17
1242.55       	2.840395e-17
1242.6        	2.840395e-17
1242.65       	2.840395e-17
1242.7        	2.840395e-17
1242.75       	2.840395e-17
1242.8        	2.840395e-17
1242.85       	2.840395e-17
1242.9        	2.840395e-17
1242.95       	2.840395e-17
1243          	2.840395e-17
1243.05       	2.840395e-17
1243.1        	2.840395e-17
1243.15       	2.840395e-17
1243.2        	2.840395e-17
1243.25       	2.840395e-17
1243.3        	2.840395e-17
1243.35       	2.840395e-17
1243.4        	2.840395e-17
1243.45       	2.840395e-17
1243.5        	2.840395e-17
1243.55       	2.840395e-17
1243.6        	2.840395e-17
1243.65       	2.840395e-17
1243.7        	2.840395e-17
1243.75       	2.840395e-17
1243.8        	2.840395e-17
1243.85       	2.840395e-17
1243.9        	2.840395e-17
1243.95       	2.840395e-17
1244          	2.840395e-17
1244.05       	2.840395e-17
1244.1        	2.840395e-17
1244.15       	2.840395e-17
1244.2        	2.840395e-17
1244.25       	2.840395e-17
1244.3        	2.840395e-17
1244.35       	2.840395e-17
1244.4        	2.840395e-17
1244.45       	2.840395e-17
1244.5        	2.840395e-17
1244.55       	2.840395e-17
1244.6        	2.840395e-17
1244.65       	2.840395e-17
1244.7        	2.840395e-17
1244.75       	2.840395e-17
1244.8        	2.840395e-17
1244.85       	2.840395e-17
1244.9        	2.840395e-17
1244.95       	2.840395e-17
1245          	2.840395e-17
1245.05       	2.840395e-17
1245.1        	2.840395e-17
1245.15       	2.840395e-17
1245.2        	2.840395e-17
1245.25       	2.840395e-17
1245.3        	2.840395e-17
1245.35       	2.840395e-17
1245.4        	2.840395e-17
1245.45       	2.840395e-17
1245.5        	2.840395e-17
1245.55       	2.840395e-17
1245.6        	2.840395e-17
1245.65       	2.840395e-17
1245.7        	2.840395e-17
1245.75       	2.840395e-17
1245.8        	2.840395e-17
1245.85       	2.840395e-17
1245.9        	2.840395e-17
1245.95       	2.840395e-17
1246          	2.840395e-17
1246.05       	2.840395e-17
1246.1        	2.840395e-17
1246.15       	2.840395e-17
1246.2        	2.840395e-17
1246.25       	2.840395e-17
1246.3        	2.840395e-17
1246.35       	2.840395e-17
1246.4        	2.840395e-17
1246.45       	2.840395e-17
1246.5        	2.840395e-17
1246.55       	2.840395e-17
1246.6        	2.840395e-17
1246.65       	2.840395e-17
1246.7        	2.840395e-17
1246.75       	2.840395e-17
1246.8        	2.840395e-17
1246.85       	2.840395e-17
1246.9        	2.840395e-17
1246.95       	2.840395e-17
1247          	2.840395e-17
1247.05       	2.840395e-17
1247.1        	2.840395e-17
1247.15       	2.840395e-17
1247.2        	2.840395e-17
1247.25       	2.840395e-17
1247.3        	2.840395e-17
1247.35       	2.840395e-17
1247.4        	2.840395e-17
1247.45       	2.840395e-17
1247.5        	2.840395e-17
1247.55       	2.840395e-17
1247.6        	2.840395e-17
1247.65       	2.840395e-17
1247.7        	2.840395e-17
1247.75       	2.840395e-17
1247.8        	2.840395e-17
1247.85       	2.840395e-17
1247.9        	2.840395e-17
1247.95       	2.840395e-17
1248          	2.840395e-17
1248.05       	2.840395e-17
1248.1        	2.840395e-17
1248.15       	2.840395e-17
1248.2        	2.840395e-17
1248.25       	2.840395e-17
1248.3        	2.840395e-17
1248.35       	2.840395e-17
1248.4        	2.840395e-17
1248.45       	2.840395e-17
1248.5        	2.840395e-17
1248.55       	2.840395e-17
1248.6        	2.840395e-17
1248.65       	2.840395e-17
1248.7        	2.840395e-17
1248.75       	2.840395e-17
1248.8        	2.840395e-17
1248.85       	2.840395e-17
1248.9        	2.840395e-17
1248.95       	2.840395e-17
1249          	2.840395e-17
1249.05       	2.840395e-17
1249.1        	2.840395e-17
1249.15       	2.840395e-17
1249.2        	2.840395e-17
1249.25       	2.840395e-17
1249.3        	2.840395e-17
1249.35       	2.840395e-17
1249.4        	2.840395e-17
1249.45       	2.840395e-17
1249.5        	2.840395e-17
1249.55       	2.840395e-17
1249.6        	2.840395e-17
1249.65       	2.840395e-17
1249.7        	2.840395e-17
1249.75       	2.840395e-17
1249.8        	2.840395e-17
1249.85       	2.840395e-17
1249.9        	2.840395e-17
1249.95       	2.840395e-17
1250          	2.840395e-17
1250.05       	2.840395e-17
1250.1        	2.840395e-17
1250.15       	2.840395e-17
1250.2        	2.840395e-17
1250.25       	2.840395e-17
1250.3        	2.840395e-17
1250.35       	2.840395e-17
1250.4        	2.840395e-17
1250.45       	2.840395e-17
1250.5        	2.840395e-17
1250.55       	2.840395e-17
1250.6        	2.840395e-17
1250.65       	2.840395e-17
1250.7        	2.840395e-17
1250.75       	2.840395e-17
1250.8        	2.840395e-17
1250.85       	2.840395e-17
1250.9        	2.840395e-17
1250.95       	2.840395e-17
1251          	2.840395e-17
1251.05       	2.840395e-17
1251.1        	2.840395e-17
1251.15       	2.840395e-17
1251.2        	2.840395e-17
1251.25       	2.840395e-17
1251.3        	2.840395e-17
1251.35       	2.840395e-17
1251.4        	2.840395e-17
1251.45       	2.840395e-17
1251.5        	2.840395e-17
1251.55       	2.840395e-17
1251.6        	2.840395e-17
1251.65       	2.840395e-17
1251.7        	2.840395e-17
1251.75       	2.840395e-17
1251.8        	2.840395e-17
1251.85       	2.840395e-17
1251.9        	2.840395e-17
1251.95       	2.840395e-17
1252          	2.840395e-17
1252.05       	2.840395e-17
1252.1        	2.840395e-17
1252.15       	2.840395e-17
1252.2        	2.840395e-17
1252.25       	2.840395e-17
1252.3        	2.840395e-17
1252.35       	2.840395e-17
1252.4        	2.840395e-17
1252.45       	2.840395e-17
1252.5        	2.840395e-17
1252.55       	2.840395e-17
1252.6        	2.840395e-17
1252.65       	2.840395e-17
1252.7        	2.840395e-17
1252.75       	2.840395e-17
1252.8        	2.840395e-17
1252.85       	2.840395e-17
1252.9        	2.840395e-17
1252.95       	2.840395e-17
1253          	2.840395e-17
1253.05       	2.840395e-17
1253.1        	2.840395e-17
1253.15       	2.840395e-17
1253.2        	2.840395e-17
1253.25       	2.840395e-17
1253.3        	2.840395e-17
1253.35       	2.840395e-17
1253.4        	2.840395e-17
1253.45       	2.840395e-17
1253.5        	2.840395e-17
1253.55       	2.840395e-17
1253.6        	2.840395e-17
1253.65       	2.840395e-17
1253.7        	2.840395e-17
1253.75       	2.840395e-17
1253.8        	2.840395e-17
1253.85       	2.840395e-17
1253.9        	2.840395e-17
1253.95       	2.840395e-17
1254          	2.840395e-17
1254.05       	2.840395e-17
1254.1        	2.840395e-17
1254.15       	2.840395e-17
1254.2        	2.840395e-17
1254.25       	2.840395e-17
1254.3        	2.840395e-17
1254.35       	2.840395e-17
1254.4        	2.840395e-17
1254.45       	2.840395e-17
1254.5        	2.840395e-17
1254.55       	2.840395e-17
1254.6        	2.840395e-17
1254.65       	2.840395e-17
1254.7        	2.840395e-17
1254.75       	2.840395e-17
1254.8        	2.840395e-17
1254.85       	2.840395e-17
1254.9        	2.840395e-17
1254.95       	2.840395e-17
1255          	2.840395e-17
1255.05       	2.840395e-17
1255.1        	2.840395e-17
1255.15       	2.840395e-17
1255.2        	2.840395e-17
1255.25       	2.840395e-17
1255.3        	2.840395e-17
1255.35       	2.840395e-17
1255.4        	2.840395e-17
1255.45       	2.840395e-17
1255.5        	2.840395e-17
1255.55       	2.840395e-17
1255.6        	2.840395e-17
1255.65       	2.840395e-17
1255.7        	2.840395e-17
1255.75       	2.840395e-17
1255.8        	2.840395e-17
1255.85       	2.840395e-17
1255.9        	2.840395e-17
1255.95       	2.840395e-17
1256          	2.840395e-17
1256.05       	2.840395e-17
1256.1        	2.840395e-17
1256.15       	2.840395e-17
1256.2        	2.840395e-17
1256.25       	2.840395e-17
1256.3        	2.840395e-17
1256.35       	2.840395e-17
1256.4        	2.840395e-17
1256.45       	2.840395e-17
1256.5        	2.840395e-17
1256.55       	2.840395e-17
1256.6        	2.840395e-17
1256.65       	2.840395e-17
1256.7        	2.840395e-17
1256.75       	2.840395e-17
1256.8        	2.840395e-17
1256.85       	2.840395e-17
1256.9        	2.840395e-17
1256.95       	2.840395e-17
1257          	2.840395e-17
1257.05       	2.840395e-17
1257.1        	2.840395e-17
1257.15       	2.840395e-17
1257.2        	2.840395e-17
1257.25       	2.840395e-17
1257.3        	2.840395e-17
1257.35       	2.840395e-17
1257.4        	2.840395e-17
1257.45       	2.840395e-17
1257.5        	2.840395e-17
1257.55       	2.840395e-17
1257.6        	2.840395e-17
1257.65       	2.840395e-17
1257.7        	2.840395e-17
1257.75       	2.840395e-17
1257.8        	2.840395e-17
1257.85       	2.840395e-17
1257.9        	2.840395e-17
1257.95       	2.840395e-17
1258          	2.840395e-17
1258.05       	2.840395e-17
1258.1        	2.840395e-17
1258.15       	2.840395e-17
1258.2        	2.840395e-17
1258.25       	2.840395e-17
1258.3        	2.840395e-17
1258.35       	2.840395e-17
1258.4        	2.840395e-17
1258.45       	2.840395e-17
1258.5        	2.840395e-17
1258.55       	2.840395e-17
1258.6        	2.840395e-17
1258.65       	2.840395e-17
1258.7        	2.840395e-17
1258.75       	2.840395e-17
1258.8        	2.840395e-17
1258.85       	2.840395e-17
1258.9        	2.840395e-17
1258.95       	2.840395e-17
1259          	2.840395e-17
1259.05       	2.840395e-17
1259.1        	2.840395e-17
1259.15       	2.840395e-17
1259.2        	2.840395e-17
1259.25       	2.840395e-17
1259.3        	2.840395e-17
1259.35       	2.840395e-17
1259.4        	2.840395e-17
1259.45       	2.840395e-17
1259.5        	2.840395e-17
1259.55       	2.840395e-17
1259.6        	2.840395e-17
1259.65       	2.840395e-17
1259.7        	2.840395e-17
1259.75       	2.840395e-17
1259.8        	2.840395e-17
1259.85       	2.840395e-17
1259.9        	2.840395e-17
1259.95       	2.840395e-17
1260          	2.840395e-17
1260.05       	2.840395e-17
1260.1        	2.840395e-17
1260.15       	2.840395e-17
1260.2        	2.840395e-17
1260.25       	2.840395e-17
1260.3        	2.840395e-17
1260.35       	2.840395e-17
1260.4        	2.840395e-17
1260.45       	2.840395e-17
1260.5        	2.840395e-17
1260.55       	2.840395e-17
1260.6        	2.840395e-17
1260.65       	2.840395e-17
1260.7        	2.840395e-17
1260.75       	2.840395e-17
1260.8        	2.840395e-17
1260.85       	2.840395e-17
1260.9        	2.840395e-17
1260.95       	2.840395e-17
1261          	2.840395e-17
1261.05       	2.840395e-17
1261.1        	2.840395e-17
1261.15       	2.840395e-17
1261.2        	2.840395e-17
1261.25       	2.840395e-17
1261.3        	2.840395e-17
1261.35       	2.840395e-17
1261.4        	2.840395e-17
1261.45       	2.840395e-17
1261.5        	2.840395e-17
1261.55       	2.840395e-17
1261.6        	2.840395e-17
1261.65       	2.840395e-17
1261.7        	2.840395e-17
1261.75       	2.840395e-17
1261.8        	2.840395e-17
1261.85       	2.840395e-17
1261.9        	2.840395e-17
1261.95       	2.840395e-17
1262          	2.840395e-17
1262.05       	2.840395e-17
1262.1        	2.840395e-17
1262.15       	2.840395e-17
1262.2        	2.840395e-17
1262.25       	2.840395e-17
1262.3        	2.840395e-17
1262.35       	2.840395e-17
1262.4        	2.840395e-17
1262.45       	2.840395e-17
1262.5        	2.840395e-17
1262.55       	2.840395e-17
1262.6        	2.840395e-17
1262.65       	2.840395e-17
1262.7        	2.840395e-17
1262.75       	2.840395e-17
1262.8        	2.840395e-17
1262.85       	2.840395e-17
1262.9        	2.840395e-17
1262.95       	2.840395e-17
1263          	2.840395e-17
1263.05       	2.840395e-17
1263.1        	2.840395e-17
1263.15       	2.840395e-17
1263.2        	2.840395e-17
1263.25       	2.840395e-17
1263.3        	2.840395e-17
1263.35       	2.840395e-17
1263.4        	2.840395e-17
1263.45       	2.840395e-17
1263.5        	2.840395e-17
1263.55       	2.840395e-17
1263.6        	2.840395e-17
1263.65       	2.840395e-17
1263.7        	2.840395e-17
1263.75       	2.840395e-17
1263.8        	2.840395e-17
1263.85       	2.840395e-17
1263.9        	2.840395e-17
1263.95       	2.840395e-17
1264          	2.840395e-17
1264.05       	2.840395e-17
1264.1        	2.840395e-17
1264.15       	2.840395e-17
1264.2        	2.840395e-17
1264.25       	2.840395e-17
1264.3        	2.840395e-17
1264.35       	2.840395e-17
1264.4        	2.840395e-17
1264.45       	2.840395e-17
1264.5        	2.840395e-17
1264.55       	2.840395e-17
1264.6        	2.840395e-17
1264.65       	2.840395e-17
1264.7        	2.840395e-17
1264.75       	2.840395e-17
1264.8        	2.840395e-17
1264.85       	2.840395e-17
1264.9        	2.840395e-17
1264.95       	2.840395e-17
1265          	2.840395e-17
1265.05       	2.840395e-17
1265.1        	2.840395e-17
1265.15       	2.840395e-17
1265.2        	2.840395e-17
1265.25       	2.840395e-17
1265.3        	2.840395e-17
1265.35       	2.840395e-17
1265.4        	2.840395e-17
1265.45       	2.840395e-17
1265.5        	2.840395e-17
1265.55       	2.840395e-17
1265.6        	2.840395e-17
1265.65       	2.840395e-17
1265.7        	2.840395e-17
1265.75       	2.840395e-17
1265.8        	2.840395e-17
1265.85       	2.840395e-17
1265.9        	2.840395e-17
1265.95       	2.840395e-17
1266          	2.840395e-17
1266.05       	2.840395e-17
1266.1        	2.840395e-17
1266.15       	2.840395e-17
1266.2        	2.840395e-17
1266.25       	2.840395e-17
1266.3        	2.840395e-17
1266.35       	2.840395e-17
1266.4        	2.840395e-17
1266.45       	2.840395e-17
1266.5        	2.840395e-17
1266.55       	2.840395e-17
1266.6        	2.840395e-17
1266.65       	2.840395e-17
1266.7        	2.840395e-17
1266.75       	2.840395e-17
1266.8        	2.840395e-17
1266.85       	2.840395e-17
1266.9        	2.840395e-17
1266.95       	2.840395e-17
1267          	2.840395e-17
1267.05       	2.840395e-17
1267.1        	2.840395e-17
1267.15       	2.840395e-17
1267.2        	2.840395e-17
1267.25       	2.840395e-17
1267.3        	2.840395e-17
1267.35       	2.840395e-17
1267.4        	2.840395e-17
1267.45       	2.840395e-17
1267.5        	2.840395e-17
1267.55       	2.840395e-17
1267.6        	2.840395e-17
1267.65       	2.840395e-17
1267.7        	2.840395e-17
1267.75       	2.840395e-17
1267.8        	2.840395e-17
1267.85       	2.840395e-17
1267.9        	2.840395e-17
1267.95       	2.840395e-17
1268          	2.840395e-17
1268.05       	2.840395e-17
1268.1        	2.840395e-17
1268.15       	2.840395e-17
1268.2        	2.840395e-17
1268.25       	2.840395e-17
1268.3        	2.840395e-17
1268.35       	2.840395e-17
1268.4        	2.840395e-17
1268.45       	2.840395e-17
1268.5        	2.840395e-17
1268.55       	2.840395e-17
1268.6        	2.840395e-17
1268.65       	2.840395e-17
1268.7        	2.840395e-17
1268.75       	2.840395e-17
1268.8        	2.840395e-17
1268.85       	2.840395e-17
1268.9        	2.840395e-17
1268.95       	2.840395e-17
1269          	2.840395e-17
1269.05       	2.840395e-17
1269.1        	2.840395e-17
1269.15       	2.840395e-17
1269.2        	2.840395e-17
1269.25       	2.840395e-17
1269.3        	2.840395e-17
1269.35       	2.840395e-17
1269.4        	2.840395e-17
1269.45       	2.840395e-17
1269.5        	2.840395e-17
1269.55       	2.840395e-17
1269.6        	2.840395e-17
1269.65       	2.840395e-17
1269.7        	2.840395e-17
1269.75       	2.840395e-17
1269.8        	2.840395e-17
1269.85       	2.840395e-17
1269.9        	2.840395e-17
1269.95       	2.840395e-17
1270          	2.840395e-17
1270.05       	2.840395e-17
1270.1        	2.840395e-17
1270.15       	2.840395e-17
1270.2        	2.840395e-17
1270.25       	2.840395e-17
1270.3        	2.840395e-17
1270.35       	2.840395e-17
1270.4        	2.840395e-17
1270.45       	2.840395e-17
1270.5        	2.840395e-17
1270.55       	2.840395e-17
1270.6        	2.840395e-17
1270.65       	2.840395e-17
1270.7        	2.840395e-17
1270.75       	2.840395e-17
1270.8        	2.840395e-17
1270.85       	2.840395e-17
1270.9        	2.840395e-17
1270.95       	2.840395e-17
1271          	2.840395e-17
1271.05       	2.840395e-17
1271.1        	2.840395e-17
1271.15       	2.840395e-17
1271.2        	2.840395e-17
1271.25       	2.840395e-17
1271.3        	2.840395e-17
1271.35       	2.840395e-17
1271.4        	2.840395e-17
1271.45       	2.840395e-17
1271.5        	2.840395e-17
1271.55       	2.840395e-17
1271.6        	2.840395e-17
1271.65       	2.840395e-17
1271.7        	2.840395e-17
1271.75       	2.840395e-17
1271.8        	2.840395e-17
1271.85       	2.840395e-17
1271.9        	2.840395e-17
1271.95       	2.840395e-17
1272          	2.840395e-17
1272.05       	2.840395e-17
1272.1        	2.840395e-17
1272.15       	2.840395e-17
1272.2        	2.840395e-17
1272.25       	2.840395e-17
1272.3        	2.840395e-17
1272.35       	2.840395e-17
1272.4        	2.840395e-17
1272.45       	2.840395e-17
1272.5        	2.840395e-17
1272.55       	2.840395e-17
1272.6        	2.840395e-17
1272.65       	2.840395e-17
1272.7        	2.840395e-17
1272.75       	2.840395e-17
1272.8        	2.840395e-17
1272.85       	2.840395e-17
1272.9        	2.840395e-17
1272.95       	2.840395e-17
1273          	2.840395e-17
1273.05       	2.840395e-17
1273.1        	2.840395e-17
1273.15       	2.840395e-17
1273.2        	2.840395e-17
1273.25       	2.840395e-17
1273.3        	2.840395e-17
1273.35       	2.840395e-17
1273.4        	2.840395e-17
1273.45       	2.840395e-17
1273.5        	2.840395e-17
1273.55       	2.840395e-17
1273.6        	2.840395e-17
1273.65       	2.840395e-17
1273.7        	2.840395e-17
1273.75       	2.840395e-17
1273.8        	2.840395e-17
1273.85       	2.840395e-17
1273.9        	2.840395e-17
1273.95       	2.840395e-17
1274          	2.840395e-17
1274.05       	2.840395e-17
1274.1        	2.840395e-17
1274.15       	2.840395e-17
1274.2        	2.840395e-17
1274.25       	2.840395e-17
1274.3        	2.840395e-17
1274.35       	2.840395e-17
1274.4        	2.840395e-17
1274.45       	2.840395e-17
1274.5        	2.840395e-17
1274.55       	2.840395e-17
1274.6        	2.840395e-17
1274.65       	2.840395e-17
1274.7        	2.840395e-17
1274.75       	2.840395e-17
1274.8        	2.840395e-17
1274.85       	2.840395e-17
1274.9        	2.840395e-17
1274.95       	2.840395e-17
1275          	2.840395e-17
1275.05       	2.840395e-17
1275.1        	2.840395e-17
1275.15       	2.840395e-17
1275.2        	2.840395e-17
1275.25       	2.840395e-17
1275.3        	2.840395e-17
1275.35       	2.840395e-17
1275.4        	2.840395e-17
1275.45       	2.840395e-17
1275.5        	2.840395e-17
1275.55       	2.840395e-17
1275.6        	2.840395e-17
1275.65       	2.840395e-17
1275.7        	2.840395e-17
1275.75       	2.840395e-17
1275.8        	2.840395e-17
1275.85       	2.840395e-17
1275.9        	2.840395e-17
1275.95       	2.840395e-17
1276          	2.840395e-17
1276.05       	2.840395e-17
1276.1        	2.840395e-17
1276.15       	2.840395e-17
1276.2        	2.840395e-17
1276.25       	2.840395e-17
1276.3        	2.840395e-17
1276.35       	2.840395e-17
1276.4        	2.840395e-17
1276.45       	2.840395e-17
1276.5        	2.840395e-17
1276.55       	2.840395e-17
1276.6        	2.840395e-17
1276.65       	2.840395e-17
1276.7        	2.840395e-17
1276.75       	2.840395e-17
1276.8        	2.840395e-17
1276.85       	2.840395e-17
1276.9        	2.840395e-17
1276.95       	2.840395e-17
1277          	2.840395e-17
1277.05       	2.840395e-17
1277.1        	2.840395e-17
1277.15       	2.840395e-17
1277.2        	2.840395e-17
1277.25       	2.840395e-17
1277.3        	2.840395e-17
1277.35       	2.840395e-17
1277.4        	2.840395e-17
1277.45       	2.840395e-17
1277.5        	2.840395e-17
1277.55       	2.840395e-17
1277.6        	2.840395e-17
1277.65       	2.840395e-17
1277.7        	2.840395e-17
1277.75       	2.840395e-17
1277.8        	2.840395e-17
1277.85       	2.840395e-17
1277.9        	2.840395e-17
1277.95       	2.840395e-17
1278          	2.840395e-17
1278.05       	2.840395e-17
1278.1        	2.840395e-17
1278.15       	2.840395e-17
1278.2        	2.840395e-17
1278.25       	2.840395e-17
1278.3        	2.840395e-17
1278.35       	2.840395e-17
1278.4        	2.840395e-17
1278.45       	2.840395e-17
1278.5        	2.840395e-17
1278.55       	2.840395e-17
1278.6        	2.840395e-17
1278.65       	2.840395e-17
1278.7        	2.840395e-17
1278.75       	2.840395e-17
1278.8        	2.840395e-17
1278.85       	2.840395e-17
1278.9        	2.840395e-17
1278.95       	2.840395e-17
1279          	2.840395e-17
1279.05       	2.840395e-17
1279.1        	2.840395e-17
1279.15       	2.840395e-17
1279.2        	2.840395e-17
1279.25       	2.840395e-17
1279.3        	2.840395e-17
1279.35       	2.840395e-17
1279.4        	2.840395e-17
1279.45       	2.840395e-17
1279.5        	2.840395e-17
1279.55       	2.840395e-17
1279.6        	2.840395e-17
1279.65       	2.840395e-17
1279.7        	2.840395e-17
1279.75       	2.840395e-17
1279.8        	2.840395e-17
1279.85       	2.840395e-17
1279.9        	2.840395e-17
1279.95       	2.840395e-17
1280          	2.840395e-17
1280.05       	2.840395e-17
1280.1        	2.840395e-17
1280.15       	2.840395e-17
1280.2        	2.840395e-17
1280.25       	2.840395e-17
1280.3        	2.840395e-17
1280.35       	2.840395e-17
1280.4        	2.840395e-17
1280.45       	2.840395e-17
1280.5        	2.840395e-17
1280.55       	2.840395e-17
1280.6        	2.840395e-17
1280.65       	2.840395e-17
1280.7        	2.840395e-17
1280.75       	2.840395e-17
1280.8        	2.840395e-17
1280.85       	2.840395e-17
1280.9        	2.840395e-17
1280.95       	2.840395e-17
1281          	2.840395e-17
1281.05       	2.840395e-17
1281.1        	2.840395e-17
1281.15       	2.840395e-17
1281.2        	2.840395e-17
1281.25       	2.840395e-17
1281.3        	2.840395e-17
1281.35       	2.840395e-17
1281.4        	2.840395e-17
1281.45       	2.840395e-17
1281.5        	2.840395e-17
1281.55       	2.840395e-17
1281.6        	2.840395e-17
1281.65       	2.840395e-17
1281.7        	2.840395e-17
1281.75       	2.840395e-17
1281.8        	2.840395e-17
1281.85       	2.840395e-17
1281.9        	2.840395e-17
1281.95       	2.840395e-17
1282          	2.840395e-17
1282.05       	2.840395e-17
1282.1        	2.840395e-17
1282.15       	2.840395e-17
1282.2        	2.840395e-17
1282.25       	2.840395e-17
1282.3        	2.840395e-17
1282.35       	2.840395e-17
1282.4        	2.840395e-17
1282.45       	2.840395e-17
1282.5        	2.840395e-17
1282.55       	2.840395e-17
1282.6        	2.840395e-17
1282.65       	2.840395e-17
1282.7        	2.840395e-17
1282.75       	2.840395e-17
1282.8        	2.840395e-17
1282.85       	2.840395e-17
1282.9        	2.840395e-17
1282.95       	2.840395e-17
1283          	2.840395e-17
1283.05       	2.840395e-17
1283.1        	2.840395e-17
1283.15       	2.840395e-17
1283.2        	2.840395e-17
1283.25       	2.840395e-17
1283.3        	2.840395e-17
1283.35       	2.840395e-17
1283.4        	2.840395e-17
1283.45       	2.840395e-17
1283.5        	2.840395e-17
1283.55       	2.840395e-17
1283.6        	2.840395e-17
1283.65       	2.840395e-17
1283.7        	2.840395e-17
1283.75       	2.840395e-17
1283.8        	2.840395e-17
1283.85       	2.840395e-17
1283.9        	2.840395e-17
1283.95       	2.840395e-17
1284          	2.840395e-17
1284.05       	2.840395e-17
1284.1        	2.840395e-17
1284.15       	2.840395e-17
1284.2        	2.840395e-17
1284.25       	2.840395e-17
1284.3        	2.840395e-17
1284.35       	2.840395e-17
1284.4        	2.840395e-17
1284.45       	2.840395e-17
1284.5        	2.840395e-17
1284.55       	2.840395e-17
1284.6        	2.840395e-17
1284.65       	2.840395e-17
1284.7        	2.840395e-17
1284.75       	2.840395e-17
1284.8        	2.840395e-17
1284.85       	2.840395e-17
1284.9        	2.840395e-17
1284.95       	2.840395e-17
1285          	2.840395e-17
1285.05       	2.840395e-17
1285.1        	2.840395e-17
1285.15       	2.840395e-17
1285.2        	2.840395e-17
1285.25       	2.840395e-17
1285.3        	2.840395e-17
1285.35       	2.840395e-17
1285.4        	2.840395e-17
1285.45       	2.840395e-17
1285.5        	2.840395e-17
1285.55       	2.840395e-17
1285.6        	2.840395e-17
1285.65       	2.840395e-17
1285.7        	2.840395e-17
1285.75       	2.840395e-17
1285.8        	2.840395e-17
1285.85       	2.840395e-17
1285.9        	2.840395e-17
1285.95       	2.840395e-17
1286          	2.840395e-17
1286.05       	2.840395e-17
1286.1        	2.840395e-17
1286.15       	2.840395e-17
1286.2        	2.840395e-17
1286.25       	2.840395e-17
1286.3        	2.840395e-17
1286.35       	2.840395e-17
1286.4        	2.840395e-17
1286.45       	2.840395e-17
1286.5        	2.840395e-17
1286.55       	2.840395e-17
1286.6        	2.840395e-17
1286.65       	2.840395e-17
1286.7        	2.840395e-17
1286.75       	2.840395e-17
1286.8        	2.840395e-17
1286.85       	2.840395e-17
1286.9        	2.840395e-17
1286.95       	2.840395e-17
1287          	2.840395e-17
1287.05       	2.840395e-17
1287.1        	2.840395e-17
1287.15       	2.840395e-17
1287.2        	2.840395e-17
1287.25       	2.840395e-17
1287.3        	2.840395e-17
1287.35       	2.840395e-17
1287.4        	2.840395e-17
1287.45       	2.840395e-17
1287.5        	2.840395e-17
1287.55       	2.840395e-17
1287.6        	2.840395e-17
1287.65       	2.840395e-17
1287.7        	2.840395e-17
1287.75       	2.840395e-17
1287.8        	2.840395e-17
1287.85       	2.840395e-17
1287.9        	2.840395e-17
1287.95       	2.840395e-17
1288          	2.840395e-17
1288.05       	2.840395e-17
1288.1        	2.840395e-17
1288.15       	2.840395e-17
1288.2        	2.840395e-17
1288.25       	2.840395e-17
1288.3        	2.840395e-17
1288.35       	2.840395e-17
1288.4        	2.840395e-17
1288.45       	2.840395e-17
1288.5        	2.840395e-17
1288.55       	2.840395e-17
1288.6        	2.840395e-17
1288.65       	2.840395e-17
1288.7        	2.840395e-17
1288.75       	2.840395e-17
1288.8        	2.840395e-17
1288.85       	2.840395e-17
1288.9        	2.840395e-17
1288.95       	2.840395e-17
1289          	2.840395e-17
1289.05       	2.840395e-17
1289.1        	2.840395e-17
1289.15       	2.840395e-17
1289.2        	2.840395e-17
1289.25       	2.840395e-17
1289.3        	2.840395e-17
1289.35       	2.840395e-17
1289.4        	2.840395e-17
1289.45       	2.840395e-17
1289.5        	2.840395e-17
1289.55       	2.840395e-17
1289.6        	2.840395e-17
1289.65       	2.840395e-17
1289.7        	2.840395e-17
1289.75       	2.840395e-17
1289.8        	2.840395e-17
1289.85       	2.840395e-17
1289.9        	2.840395e-17
1289.95       	2.840395e-17
1290          	2.840395e-17
1290.05       	2.840395e-17
1290.1        	2.840395e-17
1290.15       	2.840395e-17
1290.2        	2.840395e-17
1290.25       	2.840395e-17
1290.3        	2.840395e-17
1290.35       	2.840395e-17
1290.4        	2.840395e-17
1290.45       	2.840395e-17
1290.5        	2.840395e-17
1290.55       	2.840395e-17
1290.6        	2.840395e-17
1290.65       	2.840395e-17
1290.7        	2.840395e-17
1290.75       	2.840395e-17
1290.8        	2.840395e-17
1290.85       	2.840395e-17
1290.9        	2.840395e-17
1290.95       	2.840395e-17
1291          	2.840395e-17
1291.05       	2.840395e-17
1291.1        	2.840395e-17
1291.15       	2.840395e-17
1291.2        	2.840395e-17
1291.25       	2.840395e-17
1291.3        	2.840395e-17
1291.35       	2.840395e-17
1291.4        	2.840395e-17
1291.45       	2.840395e-17
1291.5        	2.840395e-17
1291.55       	2.840395e-17
1291.6        	2.840395e-17
1291.65       	2.840395e-17
1291.7        	2.840395e-17
1291.75       	2.840395e-17
1291.8        	2.840395e-17
1291.85       	2.840395e-17
1291.9        	2.840395e-17
1291.95       	2.840395e-17
1292          	2.840395e-17
1292.05       	2.840395e-17
1292.1        	2.840395e-17
1292.15       	2.840395e-17
1292.2        	2.840395e-17
1292.25       	2.840395e-17
1292.3        	2.840395e-17
1292.35       	2.840395e-17
1292.4        	2.840395e-17
1292.45       	2.840395e-17
1292.5        	2.840395e-17
1292.55       	2.840395e-17
1292.6        	2.840395e-17
1292.65       	2.840395e-17
1292.7        	2.840395e-17
1292.75       	2.840395e-17
1292.8        	2.840395e-17
1292.85       	2.840395e-17
1292.9        	2.840395e-17
1292.95       	2.840395e-17
1293          	2.840395e-17
1293.05       	2.840395e-17
1293.1        	2.840395e-17
1293.15       	2.840395e-17
1293.2        	2.840395e-17
1293.25       	2.840395e-17
1293.3        	2.840395e-17
1293.35       	2.840395e-17
1293.4        	2.840395e-17
1293.45       	2.840395e-17
1293.5        	2.840395e-17
1293.55       	2.840395e-17
1293.6        	2.840395e-17
1293.65       	2.840395e-17
1293.7        	2.840395e-17
1293.75       	2.840395e-17
1293.8        	2.840395e-17
1293.85       	2.840395e-17
1293.9        	2.840395e-17
1293.95       	2.840395e-17
1294          	2.840395e-17
1294.05       	2.840395e-17
1294.1        	2.840395e-17
1294.15       	2.840395e-17
1294.2        	2.840395e-17
1294.25       	2.840395e-17
1294.3        	2.840395e-17
1294.35       	2.840395e-17
1294.4        	2.840395e-17
1294.45       	2.840395e-17
1294.5        	2.840395e-17
1294.55       	2.840395e-17
1294.6        	2.840395e-17
1294.65       	2.840395e-17
1294.7        	2.840395e-17
1294.75       	2.840395e-17
1294.8        	2.840395e-17
1294.85       	2.840395e-17
1294.9        	2.840395e-17
1294.95       	2.840395e-17
1295          	2.840395e-17
1295.05       	2.840395e-17
1295.1        	2.840395e-17
1295.15       	2.840395e-17
1295.2        	2.840395e-17
1295.25       	2.840395e-17
1295.3        	2.840395e-17
1295.35       	2.840395e-17
1295.4        	2.840395e-17
1295.45       	2.840395e-17
1295.5        	2.840395e-17
1295.55       	2.840395e-17
1295.6        	2.840395e-17
1295.65       	2.840395e-17
1295.7        	2.840395e-17
1295.75       	2.840395e-17
1295.8        	2.840395e-17
1295.85       	2.840395e-17
1295.9        	2.840395e-17
1295.95       	2.840395e-17
1296          	2.840395e-17
1296.05       	2.840395e-17
1296.1        	2.840395e-17
1296.15       	2.840395e-17
1296.2        	2.840395e-17
1296.25       	2.840395e-17
1296.3        	2.840395e-17
1296.35       	2.840395e-17
1296.4        	2.840395e-17
1296.45       	2.840395e-17
1296.5        	2.840395e-17
1296.55       	2.840395e-17
1296.6        	2.840395e-17
1296.65       	2.840395e-17
1296.7        	2.840395e-17
1296.75       	2.840395e-17
1296.8        	2.840395e-17
1296.85       	2.840395e-17
1296.9        	2.840395e-17
1296.95       	2.840395e-17
1297          	2.840395e-17
1297.05       	2.840395e-17
1297.1        	2.840395e-17
1297.15       	2.840395e-17
1297.2        	2.840395e-17
1297.25       	2.840395e-17
1297.3        	2.840395e-17
1297.35       	2.840395e-17
1297.4        	2.840395e-17
1297.45       	2.840395e-17
1297.5        	2.840395e-17
1297.55       	2.840395e-17
1297.6        	2.840395e-17
1297.65       	2.840395e-17
1297.7        	2.840395e-17
1297.75       	2.840395e-17
1297.8        	2.840395e-17
1297.85       	2.840395e-17
1297.9        	2.840395e-17
1297.95       	2.840395e-17
1298          	2.840395e-17
1298.05       	2.840395e-17
1298.1        	2.840395e-17
1298.15       	2.840395e-17
1298.2        	2.840395e-17
1298.25       	2.840395e-17
1298.3        	2.840395e-17
1298.35       	2.840395e-17
1298.4        	2.840395e-17
1298.45       	2.840395e-17
1298.5        	2.840395e-17
1298.55       	2.840395e-17
1298.6        	2.840395e-17
1298.65       	2.840395e-17
1298.7        	2.840395e-17
1298.75       	2.840395e-17
1298.8        	2.840395e-17
1298.85       	2.840395e-17
1298.9        	2.840395e-17
1298.95       	2.840395e-17
1299          	2.840395e-17
1299.05       	2.840395e-17
1299.1        	2.840395e-17
1299.15       	2.840395e-17
1299.2        	2.840395e-17
1299.25       	2.840395e-17
1299.3        	2.840395e-17
1299.35       	2.840395e-17
1299.4        	2.840395e-17
1299.45       	2.840395e-17
1299.5        	2.840395e-17
1299.55       	2.840395e-17
1299.6        	2.840395e-17
1299.65       	2.840395e-17
1299.7        	2.840395e-17
1299.75       	2.840395e-17
1299.8        	2.840395e-17
1299.85       	2.840395e-17
1299.9        	2.840395e-17
1299.95       	2.840395e-17
1300          	2.840395e-17
1300.05       	2.840395e-17
1300.1        	2.840395e-17
1300.15       	2.840395e-17
1300.2        	2.840395e-17
1300.25       	2.840395e-17
1300.3        	2.840395e-17
1300.35       	2.840395e-17
1300.4        	2.840395e-17
1300.45       	2.840395e-17
1300.5        	2.840395e-17
1300.55       	2.840395e-17
1300.6        	2.840395e-17
1300.65       	2.840395e-17
1300.7        	2.840395e-17
1300.75       	2.840395e-17
1300.8        	2.840395e-17
1300.85       	2.840395e-17
1300.9        	2.840395e-17
1300.95       	2.840395e-17
1301          	2.840395e-17
1301.05       	2.840395e-17
1301.1        	2.840395e-17
1301.15       	2.840395e-17
1301.2        	2.840395e-17
1301.25       	2.840395e-17
1301.3        	2.840395e-17
1301.35       	2.840395e-17
1301.4        	2.840395e-17
1301.45       	2.840395e-17
1301.5        	2.840395e-17
1301.55       	2.840395e-17
1301.6        	2.840395e-17
1301.65       	2.840395e-17
1301.7        	2.840395e-17
1301.75       	2.840395e-17
1301.8        	2.840395e-17
1301.85       	2.840395e-17
1301.9        	2.840395e-17
1301.95       	2.840395e-17
1302          	2.840395e-17
1302.05       	2.840395e-17
1302.1        	2.840395e-17
1302.15       	2.840395e-17
1302.2        	2.840395e-17
1302.25       	2.840395e-17
1302.3        	2.840395e-17
1302.35       	2.840395e-17
1302.4        	2.840395e-17
1302.45       	2.840395e-17
1302.5        	2.840395e-17
1302.55       	2.840395e-17
1302.6        	2.840395e-17
1302.65       	2.840395e-17
1302.7        	2.840395e-17
1302.75       	2.840395e-17
1302.8        	2.840395e-17
1302.85       	2.840395e-17
1302.9        	2.840395e-17
1302.95       	2.840395e-17
1303          	2.840395e-17
1303.05       	2.840395e-17
1303.1        	2.840395e-17
1303.15       	2.840395e-17
1303.2        	2.840395e-17
1303.25       	2.840395e-17
1303.3        	2.840395e-17
1303.35       	2.840395e-17
1303.4        	2.840395e-17
1303.45       	2.840395e-17
1303.5        	2.840395e-17
1303.55       	2.840395e-17
1303.6        	2.840395e-17
1303.65       	2.840395e-17
1303.7        	2.840395e-17
1303.75       	2.840395e-17
1303.8        	2.840395e-17
1303.85       	2.840395e-17
1303.9        	2.840395e-17
1303.95       	2.840395e-17
1304          	2.840395e-17
1304.05       	2.840395e-17
1304.1        	2.840395e-17
1304.15       	2.840395e-17
1304.2        	2.840395e-17
1304.25       	2.840395e-17
1304.3        	2.840395e-17
1304.35       	2.840395e-17
1304.4        	2.840395e-17
1304.45       	2.840395e-17
1304.5        	2.840395e-17
1304.55       	2.840395e-17
1304.6        	2.840395e-17
1304.65       	2.840395e-17
1304.7        	2.840395e-17
1304.75       	2.840395e-17
1304.8        	2.840395e-17
1304.85       	2.840395e-17
1304.9        	2.840395e-17
1304.95       	2.840395e-17
1305          	2.840395e-17
1305.05       	2.840395e-17
1305.1        	2.840395e-17
1305.15       	2.840395e-17
1305.2        	2.840395e-17
1305.25       	2.840395e-17
1305.3        	2.840395e-17
1305.35       	2.840395e-17
1305.4        	2.840395e-17
1305.45       	2.840395e-17
1305.5        	2.840395e-17
1305.55       	2.840395e-17
1305.6        	2.840395e-17
1305.65       	2.840395e-17
1305.7        	2.840395e-17
1305.75       	2.840395e-17
1305.8        	2.840395e-17
1305.85       	2.840395e-17
1305.9        	2.840395e-17
1305.95       	2.840395e-17
1306          	2.840395e-17
1306.05       	2.840395e-17
1306.1        	2.840395e-17
1306.15       	2.840395e-17
1306.2        	2.840395e-17
1306.25       	2.840395e-17
1306.3        	2.840395e-17
1306.35       	2.840395e-17
1306.4        	2.840395e-17
1306.45       	2.840395e-17
1306.5        	2.840395e-17
1306.55       	2.840395e-17
1306.6        	2.840395e-17
1306.65       	2.840395e-17
1306.7        	2.840395e-17
1306.75       	2.840395e-17
1306.8        	2.840395e-17
1306.85       	2.840395e-17
1306.9        	2.840395e-17
1306.95       	2.840395e-17
1307          	2.840395e-17
1307.05       	2.840395e-17
1307.1        	2.840395e-17
1307.15       	2.840395e-17
1307.2        	2.840395e-17
1307.25       	2.840395e-17
1307.3        	2.840395e-17
1307.35       	2.840395e-17
1307.4        	2.840395e-17
1307.45       	2.840395e-17
1307.5        	2.840395e-17
1307.55       	2.840395e-17
1307.6        	2.840395e-17
1307.65       	2.840395e-17
1307.7        	2.840395e-17
1307.75       	2.840395e-17
1307.8        	2.840395e-17
1307.85       	2.840395e-17
1307.9        	2.840395e-17
1307.95       	2.840395e-17
1308          	2.840395e-17
1308.05       	2.840395e-17
1308.1        	2.840395e-17
1308.15       	2.840395e-17
1308.2        	2.840395e-17
1308.25       	2.840395e-17
1308.3        	2.840395e-17
1308.35       	2.840395e-17
1308.4        	2.840395e-17
1308.45       	2.840395e-17
1308.5        	2.840395e-17
1308.55       	2.840395e-17
1308.6        	2.840395e-17
1308.65       	2.840395e-17
1308.7        	2.840395e-17
1308.75       	2.840395e-17
1308.8        	2.840395e-17
1308.85       	2.840395e-17
1308.9        	2.840395e-17
1308.95       	2.840395e-17
1309          	2.840395e-17
1309.05       	2.840395e-17
1309.1        	2.840395e-17
1309.15       	2.840395e-17
1309.2        	2.840395e-17
1309.25       	2.840395e-17
1309.3        	2.840395e-17
1309.35       	2.840395e-17
1309.4        	2.840395e-17
1309.45       	2.840395e-17
1309.5        	2.840395e-17
1309.55       	2.840395e-17
1309.6        	2.840395e-17
1309.65       	2.840395e-17
1309.7        	2.840395e-17
1309.75       	2.840395e-17
1309.8        	2.840395e-17
1309.85       	2.840395e-17
1309.9        	2.840395e-17
1309.95       	2.840395e-17
1310          	2.840395e-17
1310.05       	2.840395e-17
1310.1        	2.840395e-17
1310.15       	2.840395e-17
1310.2        	2.840395e-17
1310.25       	2.840395e-17
1310.3        	2.840395e-17
1310.35       	2.840395e-17
1310.4        	2.840395e-17
1310.45       	2.840395e-17
1310.5        	2.840395e-17
1310.55       	2.840395e-17
1310.6        	2.840395e-17
1310.65       	2.840395e-17
1310.7        	2.840395e-17
1310.75       	2.840395e-17
1310.8        	2.840395e-17
1310.85       	2.840395e-17
1310.9        	2.840395e-17
1310.95       	2.840395e-17
1311          	2.840395e-17
1311.05       	2.840395e-17
1311.1        	2.840395e-17
1311.15       	2.840395e-17
1311.2        	2.840395e-17
1311.25       	2.840395e-17
1311.3        	2.840395e-17
1311.35       	2.840395e-17
1311.4        	2.840395e-17
1311.45       	2.840395e-17
1311.5        	2.840395e-17
1311.55       	2.840395e-17
1311.6        	2.840395e-17
1311.65       	2.840395e-17
1311.7        	2.840395e-17
1311.75       	2.840395e-17
1311.8        	2.840395e-17
1311.85       	2.840395e-17
1311.9        	2.840395e-17
1311.95       	2.840395e-17
1312          	2.840395e-17
1312.05       	2.840395e-17
1312.1        	2.840395e-17
1312.15       	2.840395e-17
1312.2        	2.840395e-17
1312.25       	2.840395e-17
1312.3        	2.840395e-17
1312.35       	2.840395e-17
1312.4        	2.840395e-17
1312.45       	2.840395e-17
1312.5        	2.840395e-17
1312.55       	2.840395e-17
1312.6        	2.840395e-17
1312.65       	2.840395e-17
1312.7        	2.840395e-17
1312.75       	2.840395e-17
1312.8        	2.840395e-17
1312.85       	2.840395e-17
1312.9        	2.840395e-17
1312.95       	2.840395e-17
1313          	2.840395e-17
1313.05       	2.840395e-17
1313.1        	2.840395e-17
1313.15       	2.840395e-17
1313.2        	2.840395e-17
1313.25       	2.840395e-17
1313.3        	2.840395e-17
1313.35       	2.840395e-17
1313.4        	2.840395e-17
1313.45       	2.840395e-17
1313.5        	2.840395e-17
1313.55       	2.840395e-17
1313.6        	2.840395e-17
1313.65       	2.840395e-17
1313.7        	2.840395e-17
1313.75       	2.840395e-17
1313.8        	2.840395e-17
1313.85       	2.840395e-17
1313.9        	2.840395e-17
1313.95       	2.840395e-17
1314          	2.840395e-17
1314.05       	2.840395e-17
1314.1        	2.840395e-17
1314.15       	2.840395e-17
1314.2        	2.840395e-17
1314.25       	2.840395e-17
1314.3        	2.840395e-17
1314.35       	2.840395e-17
1314.4        	2.840395e-17
1314.45       	2.840395e-17
1314.5        	2.840395e-17
1314.55       	2.840395e-17
1314.6        	2.840395e-17
1314.65       	2.840395e-17
1314.7        	2.840395e-17
1314.75       	2.840395e-17
1314.8        	2.840395e-17
1314.85       	2.840395e-17
1314.9        	2.840395e-17
1314.95       	2.840395e-17
1315          	2.840395e-17
1315.05       	2.840395e-17
1315.1        	2.840395e-17
1315.15       	2.840395e-17
1315.2        	2.840395e-17
1315.25       	2.840395e-17
1315.3        	2.840395e-17
1315.35       	2.840395e-17
1315.4        	2.840395e-17
1315.45       	2.840395e-17
1315.5        	2.840395e-17
1315.55       	2.840395e-17
1315.6        	2.840395e-17
1315.65       	2.840395e-17
1315.7        	2.840395e-17
1315.75       	2.840395e-17
1315.8        	2.840395e-17
1315.85       	2.840395e-17
1315.9        	2.840395e-17
1315.95       	2.840395e-17
1316          	2.840395e-17
1316.05       	2.840395e-17
1316.1        	2.840395e-17
1316.15       	2.840395e-17
1316.2        	2.840395e-17
1316.25       	2.840395e-17
1316.3        	2.840395e-17
1316.35       	2.840395e-17
1316.4        	2.840395e-17
1316.45       	2.840395e-17
1316.5        	2.840395e-17
1316.55       	2.840395e-17
1316.6        	2.840395e-17
1316.65       	2.840395e-17
1316.7        	2.840395e-17
1316.75       	2.840395e-17
1316.8        	2.840395e-17
1316.85       	2.840395e-17
1316.9        	2.840395e-17
1316.95       	2.840395e-17
1317          	2.840395e-17
1317.05       	2.840395e-17
1317.1        	2.840395e-17
1317.15       	2.840395e-17
1317.2        	2.840395e-17
1317.25       	2.840395e-17
1317.3        	2.840395e-17
1317.35       	2.840395e-17
1317.4        	2.840395e-17
1317.45       	2.840395e-17
1317.5        	2.840395e-17
1317.55       	2.840395e-17
1317.6        	2.840395e-17
1317.65       	2.840395e-17
1317.7        	2.840395e-17
1317.75       	2.840395e-17
1317.8        	2.840395e-17
1317.85       	2.840395e-17
1317.9        	2.840395e-17
1317.95       	2.840395e-17
1318          	2.840395e-17
1318.05       	2.840395e-17
1318.1        	2.840395e-17
1318.15       	2.840395e-17
1318.2        	2.840395e-17
1318.25       	2.840395e-17
1318.3        	2.840395e-17
1318.35       	2.840395e-17
1318.4        	2.840395e-17
1318.45       	2.840395e-17
1318.5        	2.840395e-17
1318.55       	2.840395e-17
1318.6        	2.840395e-17
1318.65       	2.840395e-17
1318.7        	2.840395e-17
1318.75       	2.840395e-17
1318.8        	2.840395e-17
1318.85       	2.840395e-17
1318.9        	2.840395e-17
1318.95       	2.840395e-17
1319          	2.840395e-17
1319.05       	2.840395e-17
1319.1        	2.840395e-17
1319.15       	2.840395e-17
1319.2        	2.840395e-17
1319.25       	2.840395e-17
1319.3        	2.840395e-17
1319.35       	2.840395e-17
1319.4        	2.840395e-17
1319.45       	2.840395e-17
1319.5        	2.840395e-17
1319.55       	2.840395e-17
1319.6        	2.840395e-17
1319.65       	2.840395e-17
1319.7        	2.840395e-17
1319.75       	2.840395e-17
1319.8        	2.840395e-17
1319.85       	2.840395e-17
1319.9        	2.840395e-17
1319.95       	2.840395e-17
1320          	2.840395e-17
1320.05       	2.840395e-17
1320.1        	2.840395e-17
1320.15       	2.840395e-17
1320.2        	2.840395e-17
1320.25       	2.840395e-17
1320.3        	2.840395e-17
1320.35       	2.840395e-17
1320.4        	2.840395e-17
1320.45       	2.840395e-17
1320.5        	2.840395e-17
1320.55       	2.840395e-17
1320.6        	2.840395e-17
1320.65       	2.840395e-17
1320.7        	2.840395e-17
1320.75       	2.840395e-17
1320.8        	2.840395e-17
1320.85       	2.840395e-17
1320.9        	2.840395e-17
1320.95       	2.840395e-17
1321          	2.840395e-17
1321.05       	2.840395e-17
1321.1        	2.840395e-17
1321.15       	2.840395e-17
1321.2        	2.840395e-17
1321.25       	2.840395e-17
1321.3        	2.840395e-17
1321.35       	2.840395e-17
1321.4        	2.840395e-17
1321.45       	2.840395e-17
1321.5        	2.840395e-17
1321.55       	2.840395e-17
1321.6        	2.840395e-17
1321.65       	2.840395e-17
1321.7        	2.840395e-17
1321.75       	2.840395e-17
1321.8        	2.840395e-17
1321.85       	2.840395e-17
1321.9        	2.840395e-17
1321.95       	2.840395e-17
1322          	2.840395e-17
1322.05       	2.840395e-17
1322.1        	2.840395e-17
1322.15       	2.840395e-17
1322.2        	2.840395e-17
1322.25       	2.840395e-17
1322.3        	2.840395e-17
1322.35       	2.840395e-17
1322.4        	2.840395e-17
1322.45       	2.840395e-17
1322.5        	2.840395e-17
1322.55       	2.840395e-17
1322.6        	2.840395e-17
1322.65       	2.840395e-17
1322.7        	2.840395e-17
1322.75       	2.840395e-17
1322.8        	2.840395e-17
1322.85       	2.840395e-17
1322.9        	2.840395e-17
1322.95       	2.840395e-17
1323          	2.840395e-17
1323.05       	2.840395e-17
1323.1        	2.840395e-17
1323.15       	2.840395e-17
1323.2        	2.840395e-17
1323.25       	2.840395e-17
1323.3        	2.840395e-17
1323.35       	2.840395e-17
1323.4        	2.840395e-17
1323.45       	2.840395e-17
1323.5        	2.840395e-17
1323.55       	2.840395e-17
1323.6        	2.840395e-17
1323.65       	2.840395e-17
1323.7        	2.840395e-17
1323.75       	2.840395e-17
1323.8        	2.840395e-17
1323.85       	2.840395e-17
1323.9        	2.840395e-17
1323.95       	2.840395e-17
1324          	2.840395e-17
1324.05       	2.840395e-17
1324.1        	2.840395e-17
1324.15       	2.840395e-17
1324.2        	2.840395e-17
1324.25       	2.840395e-17
1324.3        	2.840395e-17
1324.35       	2.840395e-17
1324.4        	2.840395e-17
1324.45       	2.840395e-17
1324.5        	2.840395e-17
1324.55       	2.840395e-17
1324.6        	2.840395e-17
1324.65       	2.840395e-17
1324.7        	2.840395e-17
1324.75       	2.840395e-17
1324.8        	2.840395e-17
1324.85       	2.840395e-17
1324.9        	2.840395e-17
1324.95       	2.840395e-17
1325          	2.840395e-17
1325.05       	2.840395e-17
1325.1        	2.840395e-17
1325.15       	2.840395e-17
1325.2        	2.840395e-17
1325.25       	2.840395e-17
1325.3        	2.840395e-17
1325.35       	2.840395e-17
1325.4        	2.840395e-17
1325.45       	2.840395e-17
1325.5        	2.840395e-17
1325.55       	2.840395e-17
1325.6        	2.840395e-17
1325.65       	2.840395e-17
1325.7        	2.840395e-17
1325.75       	2.840395e-17
1325.8        	2.840395e-17
1325.85       	2.840395e-17
1325.9        	2.840395e-17
1325.95       	2.840395e-17
1326          	2.840395e-17
1326.05       	2.840395e-17
1326.1        	2.840395e-17
1326.15       	2.840395e-17
1326.2        	2.840395e-17
1326.25       	2.840395e-17
1326.3        	2.840395e-17
1326.35       	2.840395e-17
1326.4        	2.840395e-17
1326.45       	2.840395e-17
1326.5        	2.840395e-17
1326.55       	2.840395e-17
1326.6        	2.840395e-17
1326.65       	2.840395e-17
1326.7        	2.840395e-17
1326.75       	2.840395e-17
1326.8        	2.840395e-17
1326.85       	2.840395e-17
1326.9        	2.840395e-17
1326.95       	2.840395e-17
1327          	2.840395e-17
1327.05       	2.840395e-17
1327.1        	2.840395e-17
1327.15       	2.840395e-17
1327.2        	2.840395e-17
1327.25       	2.840395e-17
1327.3        	2.840395e-17
1327.35       	2.840395e-17
1327.4        	2.840395e-17
1327.45       	2.840395e-17
1327.5        	2.840395e-17
1327.55       	2.840395e-17
1327.6        	2.840395e-17
1327.65       	2.840395e-17
1327.7        	2.840395e-17
1327.75       	2.840395e-17
1327.8        	2.840395e-17
1327.85       	2.840395e-17
1327.9        	2.840395e-17
1327.95       	2.840395e-17
1328          	2.840395e-17
1328.05       	2.840395e-17
1328.1        	2.840395e-17
1328.15       	2.840395e-17
1328.2        	2.840395e-17
1328.25       	2.840395e-17
1328.3        	2.840395e-17
1328.35       	2.840395e-17
1328.4        	2.840395e-17
1328.45       	2.840395e-17
1328.5        	2.840395e-17
1328.55       	2.840395e-17
1328.6        	2.840395e-17
1328.65       	2.840395e-17
1328.7        	2.840395e-17
1328.75       	2.840395e-17
1328.8        	2.840395e-17
1328.85       	2.840395e-17
1328.9        	2.840395e-17
1328.95       	2.840395e-17
1329          	2.840395e-17
1329.05       	2.840395e-17
1329.1        	2.840395e-17
1329.15       	2.840395e-17
1329.2        	2.840395e-17
1329.25       	2.840395e-17
1329.3        	2.840395e-17
1329.35       	2.840395e-17
1329.4        	2.840395e-17
1329.45       	2.840395e-17
1329.5        	2.840395e-17
1329.55       	2.840395e-17
1329.6        	2.840395e-17
1329.65       	2.840395e-17
1329.7        	2.840395e-17
1329.75       	2.840395e-17
1329.8        	2.840395e-17
1329.85       	2.840395e-17
1329.9        	2.840395e-17
1329.95       	2.840395e-17
1330          	2.840395e-17
1330.05       	2.840395e-17
1330.1        	2.840395e-17
1330.15       	2.840395e-17
1330.2        	2.840395e-17
1330.25       	2.840395e-17
1330.3        	2.840395e-17
1330.35       	2.840395e-17
1330.4        	2.840395e-17
1330.45       	2.840395e-17
1330.5        	2.840395e-17
1330.55       	2.840395e-17
1330.6        	2.840395e-17
1330.65       	2.840395e-17
1330.7        	2.840395e-17
1330.75       	2.840395e-17
1330.8        	2.840395e-17
1330.85       	2.840395e-17
1330.9        	2.840395e-17
1330.95       	2.840395e-17
1331          	2.840395e-17
1331.05       	2.840395e-17
1331.1        	2.840395e-17
1331.15       	2.840395e-17
1331.2        	2.840395e-17
1331.25       	2.840395e-17
1331.3        	2.840395e-17
1331.35       	2.840395e-17
1331.4        	2.840395e-17
1331.45       	2.840395e-17
1331.5        	2.840395e-17
1331.55       	2.840395e-17
1331.6        	2.840395e-17
1331.65       	2.840395e-17
1331.7        	2.840395e-17
1331.75       	2.840395e-17
1331.8        	2.840395e-17
1331.85       	2.840395e-17
1331.9        	2.840395e-17
1331.95       	2.840395e-17
1332          	2.840395e-17
1332.05       	2.840395e-17
1332.1        	2.840395e-17
1332.15       	2.840395e-17
1332.2        	2.840395e-17
1332.25       	2.840395e-17
1332.3        	2.840395e-17
1332.35       	2.840395e-17
1332.4        	2.840395e-17
1332.45       	2.840395e-17
1332.5        	2.840395e-17
1332.55       	2.840395e-17
1332.6        	2.840395e-17
1332.65       	2.840395e-17
1332.7        	2.840395e-17
1332.75       	2.840395e-17
1332.8        	2.840395e-17
1332.85       	2.840395e-17
1332.9        	2.840395e-17
1332.95       	2.840395e-17
1333          	2.840395e-17
1333.05       	2.840395e-17
1333.1        	2.840395e-17
1333.15       	2.840395e-17
1333.2        	2.840395e-17
1333.25       	2.840395e-17
1333.3        	2.840395e-17
1333.35       	2.840395e-17
1333.4        	2.840395e-17
1333.45       	2.840395e-17
1333.5        	2.840395e-17
1333.55       	2.840395e-17
1333.6        	2.840395e-17
1333.65       	2.840395e-17
1333.7        	2.840395e-17
1333.75       	2.840395e-17
1333.8        	2.840395e-17
1333.85       	2.840395e-17
1333.9        	2.840395e-17
1333.95       	2.840395e-17
1334          	2.840395e-17
1334.05       	2.840395e-17
1334.1        	2.840395e-17
1334.15       	2.840395e-17
1334.2        	2.840395e-17
1334.25       	2.840395e-17
1334.3        	2.840395e-17
1334.35       	2.840395e-17
1334.4        	2.840395e-17
1334.45       	2.840395e-17
1334.5        	2.840395e-17
1334.55       	2.840395e-17
1334.6        	2.840395e-17
1334.65       	2.840395e-17
1334.7        	2.840395e-17
1334.75       	2.840395e-17
1334.8        	2.840395e-17
1334.85       	2.840395e-17
1334.9        	2.840395e-17
1334.95       	2.840395e-17
1335          	2.840395e-17
1335.05       	2.840395e-17
1335.1        	2.840395e-17
1335.15       	2.840395e-17
1335.2        	2.840395e-17
1335.25       	2.840395e-17
1335.3        	2.840395e-17
1335.35       	2.840395e-17
1335.4        	2.840395e-17
1335.45       	2.840395e-17
1335.5        	2.840395e-17
1335.55       	2.840395e-17
1335.6        	2.840395e-17
1335.65       	2.840395e-17
1335.7        	2.840395e-17
1335.75       	2.840395e-17
1335.8        	2.840395e-17
1335.85       	2.840395e-17
1335.9        	2.840395e-17
1335.95       	2.840395e-17
1336          	2.840395e-17
1336.05       	2.840395e-17
1336.1        	2.840395e-17
1336.15       	2.840395e-17
1336.2        	2.840395e-17
1336.25       	2.840395e-17
1336.3        	2.840395e-17
1336.35       	2.840395e-17
1336.4        	2.840395e-17
1336.45       	2.840395e-17
1336.5        	2.840395e-17
1336.55       	2.840395e-17
1336.6        	2.840395e-17
1336.65       	2.840395e-17
1336.7        	2.840395e-17
1336.75       	2.840395e-17
1336.8        	2.840395e-17
1336.85       	2.840395e-17
1336.9        	2.840395e-17
1336.95       	2.840395e-17
1337          	2.840395e-17
1337.05       	2.840395e-17
1337.1        	2.840395e-17
1337.15       	2.840395e-17
1337.2        	2.840395e-17
1337.25       	2.840395e-17
1337.3        	2.840395e-17
1337.35       	2.840395e-17
1337.4        	2.840395e-17
1337.45       	2.840395e-17
1337.5        	2.840395e-17
1337.55       	2.840395e-17
1337.6        	2.840395e-17
1337.65       	2.840395e-17
1337.7        	2.840395e-17
1337.75       	2.840395e-17
1337.8        	2.840395e-17
1337.85       	2.840395e-17
1337.9        	2.840395e-17
1337.95       	2.840395e-17
1338          	2.840395e-17
1338.05       	2.840395e-17
1338.1        	2.840395e-17
1338.15       	2.840395e-17
1338.2        	2.840395e-17
1338.25       	2.840395e-17
1338.3        	2.840395e-17
1338.35       	2.840395e-17
1338.4        	2.840395e-17
1338.45       	2.840395e-17
1338.5        	2.840395e-17
1338.55       	2.840395e-17
1338.6        	2.840395e-17
1338.65       	2.840395e-17
1338.7        	2.840395e-17
1338.75       	2.840395e-17
1338.8        	2.840395e-17
1338.85       	2.840395e-17
1338.9        	2.840395e-17
1338.95       	2.840395e-17
1339          	2.840395e-17
1339.05       	2.840395e-17
1339.1        	2.840395e-17
1339.15       	2.840395e-17
1339.2        	2.840395e-17
1339.25       	2.840395e-17
1339.3        	2.840395e-17
1339.35       	2.840395e-17
1339.4        	2.840395e-17
1339.45       	2.840395e-17
1339.5        	2.840395e-17
1339.55       	2.840395e-17
1339.6        	2.840395e-17
1339.65       	2.840395e-17
1339.7        	2.840395e-17
1339.75       	2.840395e-17
1339.8        	2.840395e-17
1339.85       	2.840395e-17
1339.9        	2.840395e-17
1339.95       	2.840395e-17
1340          	2.840395e-17
1340.05       	2.840395e-17
1340.1        	2.840395e-17
1340.15       	2.840395e-17
1340.2        	2.840395e-17
1340.25       	2.840395e-17
1340.3        	2.840395e-17
1340.35       	2.840395e-17
1340.4        	2.840395e-17
1340.45       	2.840395e-17
1340.5        	2.840395e-17
1340.55       	2.840395e-17
1340.6        	2.840395e-17
1340.65       	2.840395e-17
1340.7        	2.840395e-17
1340.75       	2.840395e-17
1340.8        	2.840395e-17
1340.85       	2.840395e-17
1340.9        	2.840395e-17
1340.95       	2.840395e-17
1341          	2.840395e-17
1341.05       	2.840395e-17
1341.1        	2.840395e-17
1341.15       	2.840395e-17
1341.2        	2.840395e-17
1341.25       	2.840395e-17
1341.3        	2.840395e-17
1341.35       	2.840395e-17
1341.4        	2.840395e-17
1341.45       	2.840395e-17
1341.5        	2.840395e-17
1341.55       	2.840395e-17
1341.6        	2.840395e-17
1341.65       	2.840395e-17
1341.7        	2.840395e-17
1341.75       	2.840395e-17
1341.8        	2.840395e-17
1341.85       	2.840395e-17
1341.9        	2.840395e-17
1341.95       	2.840395e-17
1342          	2.840395e-17
1342.05       	2.840395e-17
1342.1        	2.840395e-17
1342.15       	2.840395e-17
1342.2        	2.840395e-17
1342.25       	2.840395e-17
1342.3        	2.840395e-17
1342.35       	2.840395e-17
1342.4        	2.840395e-17
1342.45       	2.840395e-17
1342.5        	2.840395e-17
1342.55       	2.840395e-17
1342.6        	2.840395e-17
1342.65       	2.840395e-17
1342.7        	2.840395e-17
1342.75       	2.840395e-17
1342.8        	2.840395e-17
1342.85       	2.840395e-17
1342.9        	2.840395e-17
1342.95       	2.840395e-17
1343          	2.840395e-17
1343.05       	2.840395e-17
1343.1        	2.840395e-17
1343.15       	2.840395e-17
1343.2        	2.840395e-17
1343.25       	2.840395e-17
1343.3        	2.840395e-17
1343.35       	2.840395e-17
1343.4        	2.840395e-17
1343.45       	2.840395e-17
1343.5        	2.840395e-17
1343.55       	2.840395e-17
1343.6        	2.840395e-17
1343.65       	2.840395e-17
1343.7        	2.840395e-17
1343.75       	2.840395e-17
1343.8        	2.840395e-17
1343.85       	2.840395e-17
1343.9        	2.840395e-17
1343.95       	2.840395e-17
1344          	2.840395e-17
1344.05       	2.840395e-17
1344.1        	2.840395e-17
1344.15       	2.840395e-17
1344.2        	2.840395e-17
1344.25       	2.840395e-17
1344.3        	2.840395e-17
1344.35       	2.840395e-17
1344.4        	2.840395e-17
1344.45       	2.840395e-17
1344.5        	2.840395e-17
1344.55       	2.840395e-17
1344.6        	2.840395e-17
1344.65       	2.840395e-17
1344.7        	2.840395e-17
1344.75       	2.840395e-17
1344.8        	2.840395e-17
1344.85       	2.840395e-17
1344.9        	2.840395e-17
1344.95       	2.840395e-17
1345          	2.840395e-17
1345.05       	2.840395e-17
1345.1        	2.840395e-17
1345.15       	2.840395e-17
1345.2        	2.840395e-17
1345.25       	2.840395e-17
1345.3        	2.840395e-17
1345.35       	2.840395e-17
1345.4        	2.840395e-17
1345.45       	2.840395e-17
1345.5        	2.840395e-17
1345.55       	2.840395e-17
1345.6        	2.840395e-17
1345.65       	2.840395e-17
1345.7        	2.840395e-17
1345.75       	2.840395e-17
1345.8        	2.840395e-17
1345.85       	2.840395e-17
1345.9        	2.840395e-17
1345.95       	2.840395e-17
1346          	2.840395e-17
1346.05       	2.840395e-17
1346.1        	2.840395e-17
1346.15       	2.840395e-17
1346.2        	2.840395e-17
1346.25       	2.840395e-17
1346.3        	2.840395e-17
1346.35       	2.840395e-17
1346.4        	2.840395e-17
1346.45       	2.840395e-17
1346.5        	2.840395e-17
1346.55       	2.840395e-17
1346.6        	2.840395e-17
1346.65       	2.840395e-17
1346.7        	2.840395e-17
1346.75       	2.840395e-17
1346.8        	2.840395e-17
1346.85       	2.840395e-17
1346.9        	2.840395e-17
1346.95       	2.840395e-17
1347          	2.840395e-17
1347.05       	2.840395e-17
1347.1        	2.840395e-17
1347.15       	2.840395e-17
1347.2        	2.840395e-17
1347.25       	2.840395e-17
1347.3        	2.840395e-17
1347.35       	2.840395e-17
1347.4        	2.840395e-17
1347.45       	2.840395e-17
1347.5        	2.840395e-17
1347.55       	2.840395e-17
1347.6        	2.840395e-17
1347.65       	2.840395e-17
1347.7        	2.840395e-17
1347.75       	2.840395e-17
1347.8        	2.840395e-17
1347.85       	2.840395e-17
1347.9        	2.840395e-17
1347.95       	2.840395e-17
1348          	2.840395e-17
1348.05       	2.840395e-17
1348.1        	2.840395e-17
1348.15       	2.840395e-17
1348.2        	2.840395e-17
1348.25       	2.840395e-17
1348.3        	2.840395e-17
1348.35       	2.840395e-17
1348.4        	2.840395e-17
1348.45       	2.840395e-17
1348.5        	2.840395e-17
1348.55       	2.840395e-17
1348.6        	2.840395e-17
1348.65       	2.840395e-17
1348.7        	2.840395e-17
1348.75       	2.840395e-17
1348.8        	2.840395e-17
1348.85       	2.840395e-17
1348.9        	2.840395e-17
1348.95       	2.840395e-17
1349          	2.840395e-17
1349.05       	2.840395e-17
1349.1        	2.840395e-17
1349.15       	2.840395e-17
1349.2        	2.840395e-17
1349.25       	2.840395e-17
1349.3        	2.840395e-17
1349.35       	2.840395e-17
1349.4        	2.840395e-17
1349.45       	2.840395e-17
1349.5        	2.840395e-17
1349.55       	2.840395e-17
1349.6        	2.840395e-17
1349.65       	2.840395e-17
1349.7        	2.840395e-17
1349.75       	2.840395e-17
1349.8        	2.840395e-17
1349.85       	2.840395e-17
1349.9        	2.840395e-17
1349.95       	2.840395e-17
1350          	2.840395e-17
1350.05       	2.840395e-17
1350.1        	2.840395e-17
1350.15       	2.840395e-17
1350.2        	2.840395e-17
1350.25       	2.840395e-17
1350.3        	2.840395e-17
1350.35       	2.840395e-17
1350.4        	2.840395e-17
1350.45       	2.840395e-17
1350.5        	2.840395e-17
1350.55       	2.840395e-17
1350.6        	2.840395e-17
1350.65       	2.840395e-17
1350.7        	2.840395e-17
1350.75       	2.840395e-17
1350.8        	2.840395e-17
1350.85       	2.840395e-17
1350.9        	2.840395e-17
1350.95       	2.840395e-17
1351          	2.840395e-17
1351.05       	2.840395e-17
1351.1        	2.840395e-17
1351.15       	2.840395e-17
1351.2        	2.840395e-17
1351.25       	2.840395e-17
1351.3        	2.840395e-17
1351.35       	2.840395e-17
1351.4        	2.840395e-17
1351.45       	2.840395e-17
1351.5        	2.840395e-17
1351.55       	2.840395e-17
1351.6        	2.840395e-17
1351.65       	2.840395e-17
1351.7        	2.840395e-17
1351.75       	2.840395e-17
1351.8        	2.840395e-17
1351.85       	2.840395e-17
1351.9        	2.840395e-17
1351.95       	2.840395e-17
1352          	2.840395e-17
1352.05       	2.840395e-17
1352.1        	2.840395e-17
1352.15       	2.840395e-17
1352.2        	2.840395e-17
1352.25       	2.840395e-17
1352.3        	2.840395e-17
1352.35       	2.840395e-17
1352.4        	2.840395e-17
1352.45       	2.840395e-17
1352.5        	2.840395e-17
1352.55       	2.840395e-17
1352.6        	2.840395e-17
1352.65       	2.840395e-17
1352.7        	2.840395e-17
1352.75       	2.840395e-17
1352.8        	2.840395e-17
1352.85       	2.840395e-17
1352.9        	2.840395e-17
1352.95       	2.840395e-17
1353          	2.840395e-17
1353.05       	2.840395e-17
1353.1        	2.840395e-17
1353.15       	2.840395e-17
1353.2        	2.840395e-17
1353.25       	2.840395e-17
1353.3        	2.840395e-17
1353.35       	2.840395e-17
1353.4        	2.840395e-17
1353.45       	2.840395e-17
1353.5        	2.840395e-17
1353.55       	2.840395e-17
1353.6        	2.840395e-17
1353.65       	2.840395e-17
1353.7        	2.840395e-17
1353.75       	2.840395e-17
1353.8        	2.840395e-17
1353.85       	2.840395e-17
1353.9        	2.840395e-17
1353.95       	2.840395e-17
1354          	2.840395e-17
1354.05       	2.840395e-17
1354.1        	2.840395e-17
1354.15       	2.840395e-17
1354.2        	2.840395e-17
1354.25       	2.840395e-17
1354.3        	2.840395e-17
1354.35       	2.840395e-17
1354.4        	2.840395e-17
1354.45       	2.840395e-17
1354.5        	2.840395e-17
1354.55       	2.840395e-17
1354.6        	2.840395e-17
1354.65       	2.840395e-17
1354.7        	2.840395e-17
1354.75       	2.840395e-17
1354.8        	2.840395e-17
1354.85       	2.840395e-17
1354.9        	2.840395e-17
1354.95       	2.840395e-17
1355          	2.840395e-17
1355.05       	2.840395e-17
1355.1        	2.840395e-17
1355.15       	2.840395e-17
1355.2        	2.840395e-17
1355.25       	2.840395e-17
1355.3        	2.840395e-17
1355.35       	2.840395e-17
1355.4        	2.840395e-17
1355.45       	2.840395e-17
1355.5        	2.840395e-17
1355.55       	2.840395e-17
1355.6        	2.840395e-17
1355.65       	2.840395e-17
1355.7        	2.840395e-17
1355.75       	2.840395e-17
1355.8        	2.840395e-17
1355.85       	2.840395e-17
1355.9        	2.840395e-17
1355.95       	2.840395e-17
1356          	2.840395e-17
1356.05       	2.840395e-17
1356.1        	2.840395e-17
1356.15       	2.840395e-17
1356.2        	2.840395e-17
1356.25       	2.840395e-17
1356.3        	2.840395e-17
1356.35       	2.840395e-17
1356.4        	2.840395e-17
1356.45       	2.840395e-17
1356.5        	2.840395e-17
1356.55       	2.840395e-17
1356.6        	2.840395e-17
1356.65       	2.840395e-17
1356.7        	2.840395e-17
1356.75       	2.840395e-17
1356.8        	2.840395e-17
1356.85       	2.840395e-17
1356.9        	2.840395e-17
1356.95       	2.840395e-17
1357          	2.840395e-17
1357.05       	2.840395e-17
1357.1        	2.840395e-17
1357.15       	2.840395e-17
1357.2        	2.840395e-17
1357.25       	2.840395e-17
1357.3        	2.840395e-17
1357.35       	2.840395e-17
1357.4        	2.840395e-17
1357.45       	2.840395e-17
1357.5        	2.840395e-17
1357.55       	2.840395e-17
1357.6        	2.840395e-17
1357.65       	2.840395e-17
1357.7        	2.840395e-17
1357.75       	2.840395e-17
1357.8        	2.840395e-17
1357.85       	2.840395e-17
1357.9        	2.840395e-17
1357.95       	2.840395e-17
1358          	2.840395e-17
1358.05       	2.840395e-17
1358.1        	2.840395e-17
1358.15       	2.840395e-17
1358.2        	2.840395e-17
1358.25       	2.840395e-17
1358.3        	2.840395e-17
1358.35       	2.840395e-17
1358.4        	2.840395e-17
1358.45       	2.840395e-17
1358.5        	2.840395e-17
1358.55       	2.840395e-17
1358.6        	2.840395e-17
1358.65       	2.840395e-17
1358.7        	2.840395e-17
1358.75       	2.840395e-17
1358.8        	2.840395e-17
1358.85       	2.840395e-17
1358.9        	2.840395e-17
1358.95       	2.840395e-17
1359          	2.840395e-17
1359.05       	2.840395e-17
1359.1        	2.840395e-17
1359.15       	2.840395e-17
1359.2        	2.840395e-17
1359.25       	2.840395e-17
1359.3        	2.840395e-17
1359.35       	2.840395e-17
1359.4        	2.840395e-17
1359.45       	2.840395e-17
1359.5        	2.840395e-17
1359.55       	2.840395e-17
1359.6        	2.840395e-17
1359.65       	2.840395e-17
1359.7        	2.840395e-17
1359.75       	2.840395e-17
1359.8        	2.840395e-17
1359.85       	2.840395e-17
1359.9        	2.840395e-17
1359.95       	2.840395e-17
1360          	2.840395e-17
1360.05       	2.840395e-17
1360.1        	2.840395e-17
1360.15       	2.840395e-17
1360.2        	2.840395e-17
1360.25       	2.840395e-17
1360.3        	2.840395e-17
1360.35       	2.840395e-17
1360.4        	2.840395e-17
1360.45       	2.840395e-17
1360.5        	2.840395e-17
1360.55       	2.840395e-17
1360.6        	2.840395e-17
1360.65       	2.840395e-17
1360.7        	2.840395e-17
1360.75       	2.840395e-17
1360.8        	2.840395e-17
1360.85       	2.840395e-17
1360.9        	2.840395e-17
1360.95       	2.840395e-17
1361          	2.840395e-17
1361.05       	2.840395e-17
1361.1        	2.840395e-17
1361.15       	2.840395e-17
1361.2        	2.840395e-17
1361.25       	2.840395e-17
1361.3        	2.840395e-17
1361.35       	2.840395e-17
1361.4        	2.840395e-17
1361.45       	2.840395e-17
1361.5        	2.840395e-17
1361.55       	2.840395e-17
1361.6        	2.840395e-17
1361.65       	2.840395e-17
1361.7        	2.840395e-17
1361.75       	2.840395e-17
1361.8        	2.840395e-17
1361.85       	2.840395e-17
1361.9        	2.840395e-17
1361.95       	2.840395e-17
1362          	2.840395e-17
1362.05       	2.840395e-17
1362.1        	2.840395e-17
1362.15       	2.840395e-17
1362.2        	2.840395e-17
1362.25       	2.840395e-17
1362.3        	2.840395e-17
1362.35       	2.840395e-17
1362.4        	2.840395e-17
1362.45       	2.840395e-17
1362.5        	2.840395e-17
1362.55       	2.840395e-17
1362.6        	2.840395e-17
1362.65       	2.840395e-17
1362.7        	2.840395e-17
1362.75       	2.840395e-17
1362.8        	2.840395e-17
1362.85       	2.840395e-17
1362.9        	2.840395e-17
1362.95       	2.840395e-17
1363          	2.840395e-17
1363.05       	2.840395e-17
1363.1        	2.840395e-17
1363.15       	2.840395e-17
1363.2        	2.840395e-17
1363.25       	2.840395e-17
1363.3        	2.840395e-17
1363.35       	2.840395e-17
1363.4        	2.840395e-17
1363.45       	2.840395e-17
1363.5        	2.840395e-17
1363.55       	2.840395e-17
1363.6        	2.840395e-17
1363.65       	2.840395e-17
1363.7        	2.840395e-17
1363.75       	2.840395e-17
1363.8        	2.840395e-17
1363.85       	2.840395e-17
1363.9        	2.840395e-17
1363.95       	2.840395e-17
1364          	2.840395e-17
1364.05       	2.840395e-17
1364.1        	2.840395e-17
1364.15       	2.840395e-17
1364.2        	2.840395e-17
1364.25       	2.840395e-17
1364.3        	2.840395e-17
1364.35       	2.840395e-17
1364.4        	2.840395e-17
1364.45       	2.840395e-17
1364.5        	2.840395e-17
1364.55       	2.840395e-17
1364.6        	2.840395e-17
1364.65       	2.840395e-17
1364.7        	2.840395e-17
1364.75       	2.840395e-17
1364.8        	2.840395e-17
1364.85       	2.840395e-17
1364.9        	2.840395e-17
1364.95       	2.840395e-17
1365          	2.840395e-17
1365.05       	2.840395e-17
1365.1        	2.840395e-17
1365.15       	2.840395e-17
1365.2        	2.840395e-17
1365.25       	2.840395e-17
1365.3        	2.840395e-17
1365.35       	2.840395e-17
1365.4        	2.840395e-17
1365.45       	2.840395e-17
1365.5        	2.840395e-17
1365.55       	2.840395e-17
1365.6        	2.840395e-17
1365.65       	2.840395e-17
1365.7        	2.840395e-17
1365.75       	2.840395e-17
1365.8        	2.840395e-17
1365.85       	2.840395e-17
1365.9        	2.840395e-17
1365.95       	2.840395e-17
1366          	2.840395e-17
1366.05       	2.840395e-17
1366.1        	2.840395e-17
1366.15       	2.840395e-17
1366.2        	2.840395e-17
1366.25       	2.840395e-17
1366.3        	2.840395e-17
1366.35       	2.840395e-17
1366.4        	2.840395e-17
1366.45       	2.840395e-17
1366.5        	2.840395e-17
1366.55       	2.840395e-17
1366.6        	2.840395e-17
1366.65       	2.840395e-17
1366.7        	2.840395e-17
1366.75       	2.840395e-17
1366.8        	2.840395e-17
1366.85       	2.840395e-17
1366.9        	2.840395e-17
1366.95       	2.840395e-17
1367          	2.840395e-17
1367.05       	2.840395e-17
1367.1        	2.840395e-17
1367.15       	2.840395e-17
1367.2        	2.840395e-17
1367.25       	2.840395e-17
1367.3        	2.840395e-17
1367.35       	2.840395e-17
1367.4        	2.840395e-17
1367.45       	2.840395e-17
1367.5        	2.840395e-17
1367.55       	2.840395e-17
1367.6        	2.840395e-17
1367.65       	2.840395e-17
1367.7        	2.840395e-17
1367.75       	2.840395e-17
1367.8        	2.840395e-17
1367.85       	2.840395e-17
1367.9        	2.840395e-17
1367.95       	2.840395e-17
1368          	2.840395e-17
1368.05       	2.840395e-17
1368.1        	2.840395e-17
1368.15       	2.840395e-17
1368.2        	2.840395e-17
1368.25       	2.840395e-17
1368.3        	2.840395e-17
1368.35       	2.840395e-17
1368.4        	2.840395e-17
1368.45       	2.840395e-17
1368.5        	2.840395e-17
1368.55       	2.840395e-17
1368.6        	2.840395e-17
1368.65       	2.840395e-17
1368.7        	2.840395e-17
1368.75       	2.840395e-17
1368.8        	2.840395e-17
1368.85       	2.840395e-17
1368.9        	2.840395e-17
1368.95       	2.840395e-17
1369          	2.840395e-17
1369.05       	2.840395e-17
1369.1        	2.840395e-17
1369.15       	2.840395e-17
1369.2        	2.840395e-17
1369.25       	2.840395e-17
1369.3        	2.840395e-17
1369.35       	2.840395e-17
1369.4        	2.840395e-17
1369.45       	2.840395e-17
1369.5        	2.840395e-17
1369.55       	2.840395e-17
1369.6        	2.840395e-17
1369.65       	2.840395e-17
1369.7        	2.840395e-17
1369.75       	2.840395e-17
1369.8        	2.840395e-17
1369.85       	2.840395e-17
1369.9        	2.840395e-17
1369.95       	2.840395e-17
1370          	2.840395e-17
1370.05       	2.840395e-17
1370.1        	2.840395e-17
1370.15       	2.840395e-17
1370.2        	2.840395e-17
1370.25       	2.840395e-17
1370.3        	2.840395e-17
1370.35       	2.840395e-17
1370.4        	2.840395e-17
1370.45       	2.840395e-17
1370.5        	2.840395e-17
1370.55       	2.840395e-17
1370.6        	2.840395e-17
1370.65       	2.840395e-17
1370.7        	2.840395e-17
1370.75       	2.840395e-17
1370.8        	2.840395e-17
1370.85       	2.840395e-17
1370.9        	2.840395e-17
1370.95       	2.840395e-17
1371          	2.840395e-17
1371.05       	2.840395e-17
1371.1        	2.840395e-17
1371.15       	2.840395e-17
1371.2        	2.840395e-17
1371.25       	2.840395e-17
1371.3        	2.840395e-17
1371.35       	2.840395e-17
1371.4        	2.840395e-17
1371.45       	2.840395e-17
1371.5        	2.840395e-17
1371.55       	2.840395e-17
1371.6        	2.840395e-17
1371.65       	2.840395e-17
1371.7        	2.840395e-17
1371.75       	2.840395e-17
1371.8        	2.840395e-17
1371.85       	2.840395e-17
1371.9        	2.840395e-17
1371.95       	2.840395e-17
1372          	2.840395e-17
1372.05       	2.840395e-17
1372.1        	2.840395e-17
1372.15       	2.840395e-17
1372.2        	2.840395e-17
1372.25       	2.840395e-17
1372.3        	2.840395e-17
1372.35       	2.840395e-17
1372.4        	2.840395e-17
1372.45       	2.840395e-17
1372.5        	2.840395e-17
1372.55       	2.840395e-17
1372.6        	2.840395e-17
1372.65       	2.840395e-17
1372.7        	2.840395e-17
1372.75       	2.840395e-17
1372.8        	2.840395e-17
1372.85       	2.840395e-17
1372.9        	2.840395e-17
1372.95       	2.840395e-17
1373          	2.840395e-17
1373.05       	2.840395e-17
1373.1        	2.840395e-17
1373.15       	2.840395e-17
1373.2        	2.840395e-17
1373.25       	2.840395e-17
1373.3        	2.840395e-17
1373.35       	2.840395e-17
1373.4        	2.840395e-17
1373.45       	2.840395e-17
1373.5        	2.840395e-17
1373.55       	2.840395e-17
1373.6        	2.840395e-17
1373.65       	2.840395e-17
1373.7        	2.840395e-17
1373.75       	2.840395e-17
1373.8        	2.840395e-17
1373.85       	2.840395e-17
1373.9        	2.840395e-17
1373.95       	2.840395e-17
1374          	2.840395e-17
1374.05       	2.840395e-17
1374.1        	2.840395e-17
1374.15       	2.840395e-17
1374.2        	2.840395e-17
1374.25       	2.840395e-17
1374.3        	2.840395e-17
1374.35       	2.840395e-17
1374.4        	2.840395e-17
1374.45       	2.840395e-17
1374.5        	2.840395e-17
1374.55       	2.840395e-17
1374.6        	2.840395e-17
1374.65       	2.840395e-17
1374.7        	2.840395e-17
1374.75       	2.840395e-17
1374.8        	2.840395e-17
1374.85       	2.840395e-17
1374.9        	2.840395e-17
1374.95       	2.840395e-17
1375          	2.840395e-17
1375.05       	2.840395e-17
1375.1        	2.840395e-17
1375.15       	2.840395e-17
1375.2        	2.840395e-17
1375.25       	2.840395e-17
1375.3        	2.840395e-17
1375.35       	2.840395e-17
1375.4        	2.840395e-17
1375.45       	2.840395e-17
1375.5        	2.840395e-17
1375.55       	2.840395e-17
1375.6        	2.840395e-17
1375.65       	2.840395e-17
1375.7        	2.840395e-17
1375.75       	2.840395e-17
1375.8        	2.840395e-17
1375.85       	2.840395e-17
1375.9        	2.840395e-17
1375.95       	2.840395e-17
1376          	2.840395e-17
1376.05       	2.840395e-17
1376.1        	2.840395e-17
1376.15       	2.840395e-17
1376.2        	2.840395e-17
1376.25       	2.840395e-17
1376.3        	2.840395e-17
1376.35       	2.840395e-17
1376.4        	2.840395e-17
1376.45       	2.840395e-17
1376.5        	2.840395e-17
1376.55       	2.840395e-17
1376.6        	2.840395e-17
1376.65       	2.840395e-17
1376.7        	2.840395e-17
1376.75       	2.840395e-17
1376.8        	2.840395e-17
1376.85       	2.840395e-17
1376.9        	2.840395e-17
1376.95       	2.840395e-17
1377          	2.840395e-17
1377.05       	2.840395e-17
1377.1        	2.840395e-17
1377.15       	2.840395e-17
1377.2        	2.840395e-17
1377.25       	2.840395e-17
1377.3        	2.840395e-17
1377.35       	2.840395e-17
1377.4        	2.840395e-17
1377.45       	2.840395e-17
1377.5        	2.840395e-17
1377.55       	2.840395e-17
1377.6        	2.840395e-17
1377.65       	2.840395e-17
1377.7        	2.840395e-17
1377.75       	2.840395e-17
1377.8        	2.840395e-17
1377.85       	2.840395e-17
1377.9        	2.840395e-17
1377.95       	2.840395e-17
1378          	2.840395e-17
1378.05       	2.840395e-17
1378.1        	2.840395e-17
1378.15       	2.840395e-17
1378.2        	2.840395e-17
1378.25       	2.840395e-17
1378.3        	2.840395e-17
1378.35       	2.840395e-17
1378.4        	2.840395e-17
1378.45       	2.840395e-17
1378.5        	2.840395e-17
1378.55       	2.840395e-17
1378.6        	2.840395e-17
1378.65       	2.840395e-17
1378.7        	2.840395e-17
1378.75       	2.840395e-17
1378.8        	2.840395e-17
1378.85       	2.840395e-17
1378.9        	2.840395e-17
1378.95       	2.840395e-17
1379          	2.840395e-17
1379.05       	2.840395e-17
1379.1        	2.840395e-17
1379.15       	2.840395e-17
1379.2        	2.840395e-17
1379.25       	2.840395e-17
1379.3        	2.840395e-17
1379.35       	2.840395e-17
1379.4        	2.840395e-17
1379.45       	2.840395e-17
1379.5        	2.840395e-17
1379.55       	2.840395e-17
1379.6        	2.840395e-17
1379.65       	2.840395e-17
1379.7        	2.840395e-17
1379.75       	2.840395e-17
1379.8        	2.840395e-17
1379.85       	2.840395e-17
1379.9        	2.840395e-17
1379.95       	2.840395e-17
1380          	2.840395e-17
1380.05       	2.840395e-17
1380.1        	2.840395e-17
1380.15       	2.840395e-17
1380.2        	2.840395e-17
1380.25       	2.840395e-17
1380.3        	2.840395e-17
1380.35       	2.840395e-17
1380.4        	2.840395e-17
1380.45       	2.840395e-17
1380.5        	2.840395e-17
1380.55       	2.840395e-17
1380.6        	2.840395e-17
1380.65       	2.840395e-17
1380.7        	2.840395e-17
1380.75       	2.840395e-17
1380.8        	2.840395e-17
1380.85       	2.840395e-17
1380.9        	2.840395e-17
1380.95       	2.840395e-17
1381          	2.840395e-17
1381.05       	2.840395e-17
1381.1        	2.840395e-17
1381.15       	2.840395e-17
1381.2        	2.840395e-17
1381.25       	2.840395e-17
1381.3        	2.840395e-17
1381.35       	2.840395e-17
1381.4        	2.840395e-17
1381.45       	2.840395e-17
1381.5        	2.840395e-17
1381.55       	2.840395e-17
1381.6        	2.840395e-17
1381.65       	2.840395e-17
1381.7        	2.840395e-17
1381.75       	2.840395e-17
1381.8        	2.840395e-17
1381.85       	2.840395e-17
1381.9        	2.840395e-17
1381.95       	2.840395e-17
1382          	2.840395e-17
1382.05       	2.840395e-17
1382.1        	2.840395e-17
1382.15       	2.840395e-17
1382.2        	2.840395e-17
1382.25       	2.840395e-17
1382.3        	2.840395e-17
1382.35       	2.840395e-17
1382.4        	2.840395e-17
1382.45       	2.840395e-17
1382.5        	2.840395e-17
1382.55       	2.840395e-17
1382.6        	2.840395e-17
1382.65       	2.840395e-17
1382.7        	2.840395e-17
1382.75       	2.840395e-17
1382.8        	2.840395e-17
1382.85       	2.840395e-17
1382.9        	2.840395e-17
1382.95       	2.840395e-17
1383          	2.840395e-17
1383.05       	2.840395e-17
1383.1        	2.840395e-17
1383.15       	2.840395e-17
1383.2        	2.840395e-17
1383.25       	2.840395e-17
1383.3        	2.840395e-17
1383.35       	2.840395e-17
1383.4        	2.840395e-17
1383.45       	2.840395e-17
1383.5        	2.840395e-17
1383.55       	2.840395e-17
1383.6        	2.840395e-17
1383.65       	2.840395e-17
1383.7        	2.840395e-17
1383.75       	2.840395e-17
1383.8        	2.840395e-17
1383.85       	2.840395e-17
1383.9        	2.840395e-17
1383.95       	2.840395e-17
1384          	2.840395e-17
1384.05       	2.840395e-17
1384.1        	2.840395e-17
1384.15       	2.840395e-17
1384.2        	2.840395e-17
1384.25       	2.840395e-17
1384.3        	2.840395e-17
1384.35       	2.840395e-17
1384.4        	2.840395e-17
1384.45       	2.840395e-17
1384.5        	2.840395e-17
1384.55       	2.840395e-17
1384.6        	2.840395e-17
1384.65       	2.840395e-17
1384.7        	2.840395e-17
1384.75       	2.840395e-17
1384.8        	2.840395e-17
1384.85       	2.840395e-17
1384.9        	2.840395e-17
1384.95       	2.840395e-17
1385          	2.840395e-17
1385.05       	2.840395e-17
1385.1        	2.840395e-17
1385.15       	2.840395e-17
1385.2        	2.840395e-17
1385.25       	2.840395e-17
1385.3        	2.840395e-17
1385.35       	2.840395e-17
1385.4        	2.840395e-17
1385.45       	2.840395e-17
1385.5        	2.840395e-17
1385.55       	2.840395e-17
1385.6        	2.840395e-17
1385.65       	2.840395e-17
1385.7        	2.840395e-17
1385.75       	2.840395e-17
1385.8        	2.840395e-17
1385.85       	2.840395e-17
1385.9        	2.840395e-17
1385.95       	2.840395e-17
1386          	2.840395e-17
1386.05       	2.840395e-17
1386.1        	2.840395e-17
1386.15       	2.840395e-17
1386.2        	2.840395e-17
1386.25       	2.840395e-17
1386.3        	2.840395e-17
1386.35       	2.840395e-17
1386.4        	2.840395e-17
1386.45       	2.840395e-17
1386.5        	2.840395e-17
1386.55       	2.840395e-17
1386.6        	2.840395e-17
1386.65       	2.840395e-17
1386.7        	2.840395e-17
1386.75       	2.840395e-17
1386.8        	2.840395e-17
1386.85       	2.840395e-17
1386.9        	2.840395e-17
1386.95       	2.840395e-17
1387          	2.840395e-17
1387.05       	2.840395e-17
1387.1        	2.840395e-17
1387.15       	2.840395e-17
1387.2        	2.840395e-17
1387.25       	2.840395e-17
1387.3        	2.840395e-17
1387.35       	2.840395e-17
1387.4        	2.840395e-17
1387.45       	2.840395e-17
1387.5        	2.840395e-17
1387.55       	2.840395e-17
1387.6        	2.840395e-17
1387.65       	2.840395e-17
1387.7        	2.840395e-17
1387.75       	2.840395e-17
1387.8        	2.840395e-17
1387.85       	2.840395e-17
1387.9        	2.840395e-17
1387.95       	2.840395e-17
1388          	2.840395e-17
1388.05       	2.840395e-17
1388.1        	2.840395e-17
1388.15       	2.840395e-17
1388.2        	2.840395e-17
1388.25       	2.840395e-17
1388.3        	2.840395e-17
1388.35       	2.840395e-17
1388.4        	2.840395e-17
1388.45       	2.840395e-17
1388.5        	2.840395e-17
1388.55       	2.840395e-17
1388.6        	2.840395e-17
1388.65       	2.840395e-17
1388.7        	2.840395e-17
1388.75       	2.840395e-17
1388.8        	2.840395e-17
1388.85       	2.840395e-17
1388.9        	2.840395e-17
1388.95       	2.840395e-17
1389          	2.840395e-17
1389.05       	2.840395e-17
1389.1        	2.840395e-17
1389.15       	2.840395e-17
1389.2        	2.840395e-17
1389.25       	2.840395e-17
1389.3        	2.840395e-17
1389.35       	2.840395e-17
1389.4        	2.840395e-17
1389.45       	2.840395e-17
1389.5        	2.840395e-17
1389.55       	2.840395e-17
1389.6        	2.840395e-17
1389.65       	2.840395e-17
1389.7        	2.840395e-17
1389.75       	2.840395e-17
1389.8        	2.840395e-17
1389.85       	2.840395e-17
1389.9        	2.840395e-17
1389.95       	2.840395e-17
1390          	2.840395e-17
1390.05       	2.840395e-17
1390.1        	2.840395e-17
1390.15       	2.840395e-17
1390.2        	2.840395e-17
1390.25       	2.840395e-17
1390.3        	2.840395e-17
1390.35       	2.840395e-17
1390.4        	2.840395e-17
1390.45       	2.840395e-17
1390.5        	2.840395e-17
1390.55       	2.840395e-17
1390.6        	2.840395e-17
1390.65       	2.840395e-17
1390.7        	2.840395e-17
1390.75       	2.840395e-17
1390.8        	2.840395e-17
1390.85       	2.840395e-17
1390.9        	2.840395e-17
1390.95       	2.840395e-17
1391          	2.840395e-17
1391.05       	2.840395e-17
1391.1        	2.840395e-17
1391.15       	2.840395e-17
1391.2        	2.840395e-17
1391.25       	2.840395e-17
1391.3        	2.840395e-17
1391.35       	2.840395e-17
1391.4        	2.840395e-17
1391.45       	2.840395e-17
1391.5        	2.840395e-17
1391.55       	2.840395e-17
1391.6        	2.840395e-17
1391.65       	2.840395e-17
1391.7        	2.840395e-17
1391.75       	2.840395e-17
1391.8        	2.840395e-17
1391.85       	2.840395e-17
1391.9        	2.840395e-17
1391.95       	2.840395e-17
1392          	2.840395e-17
1392.05       	2.840395e-17
1392.1        	2.840395e-17
1392.15       	2.840395e-17
1392.2        	2.840395e-17
1392.25       	2.840395e-17
1392.3        	2.840395e-17
1392.35       	2.840395e-17
1392.4        	2.840395e-17
1392.45       	2.840395e-17
1392.5        	2.840395e-17
1392.55       	2.840395e-17
1392.6        	2.840395e-17
1392.65       	2.840395e-17
1392.7        	2.840395e-17
1392.75       	2.840395e-17
1392.8        	2.840395e-17
1392.85       	2.840395e-17
1392.9        	2.840395e-17
1392.95       	2.840395e-17
1393          	2.840395e-17
1393.05       	2.840395e-17
1393.1        	2.840395e-17
1393.15       	2.840395e-17
1393.2        	2.840395e-17
1393.25       	2.840395e-17
1393.3        	2.840395e-17
1393.35       	2.840395e-17
1393.4        	2.840395e-17
1393.45       	2.840395e-17
1393.5        	2.840395e-17
1393.55       	2.840395e-17
1393.6        	2.840395e-17
1393.65       	2.840395e-17
1393.7        	2.840395e-17
1393.75       	2.840395e-17
1393.8        	2.840395e-17
1393.85       	2.840395e-17
1393.9        	2.840395e-17
1393.95       	2.840395e-17
1394          	2.840395e-17
1394.05       	2.840395e-17
1394.1        	2.840395e-17
1394.15       	2.840395e-17
1394.2        	2.840395e-17
1394.25       	2.840395e-17
1394.3        	2.840395e-17
1394.35       	2.840395e-17
1394.4        	2.840395e-17
1394.45       	2.840395e-17
1394.5        	2.840395e-17
1394.55       	2.840395e-17
1394.6        	2.840395e-17
1394.65       	2.840395e-17
1394.7        	2.840395e-17
1394.75       	2.840395e-17
1394.8        	2.840395e-17
1394.85       	2.840395e-17
1394.9        	2.840395e-17
1394.95       	2.840395e-17
1395          	2.840395e-17
1395.05       	2.840395e-17
1395.1        	2.840395e-17
1395.15       	2.840395e-17
1395.2        	2.840395e-17
1395.25       	2.840395e-17
1395.3        	2.840395e-17
1395.35       	2.840395e-17
1395.4        	2.840395e-17
1395.45       	2.840395e-17
1395.5        	2.840395e-17
1395.55       	2.840395e-17
1395.6        	2.840395e-17
1395.65       	2.840395e-17
1395.7        	2.840395e-17
1395.75       	2.840395e-17
1395.8        	2.840395e-17
1395.85       	2.840395e-17
1395.9        	2.840395e-17
1395.95       	2.840395e-17
1396          	2.840395e-17
1396.05       	2.840395e-17
1396.1        	2.840395e-17
1396.15       	2.840395e-17
1396.2        	2.840395e-17
1396.25       	2.840395e-17
1396.3        	2.840395e-17
1396.35       	2.840395e-17
1396.4        	2.840395e-17
1396.45       	2.840395e-17
1396.5        	2.840395e-17
1396.55       	2.840395e-17
1396.6        	2.840395e-17
1396.65       	2.840395e-17
1396.7        	2.840395e-17
1396.75       	2.840395e-17
1396.8        	2.840395e-17
1396.85       	2.840395e-17
1396.9        	2.840395e-17
1396.95       	2.840395e-17
1397          	2.840395e-17
1397.05       	2.840395e-17
1397.1        	2.840395e-17
1397.15       	2.840395e-17
1397.2        	2.840395e-17
1397.25       	2.840395e-17
1397.3        	2.840395e-17
1397.35       	2.840395e-17
1397.4        	2.840395e-17
1397.45       	2.840395e-17
1397.5        	2.840395e-17
1397.55       	2.840395e-17
1397.6        	2.840395e-17
1397.65       	2.840395e-17
1397.7        	2.840395e-17
1397.75       	2.840395e-17
1397.8        	2.840395e-17
1397.85       	2.840395e-17
1397.9        	2.840395e-17
1397.95       	2.840395e-17
1398          	2.840395e-17
1398.05       	2.840395e-17
1398.1        	2.840395e-17
1398.15       	2.840395e-17
1398.2        	2.840395e-17
1398.25       	2.840395e-17
1398.3        	2.840395e-17
1398.35       	2.840395e-17
1398.4        	2.840395e-17
1398.45       	2.840395e-17
1398.5        	2.840395e-17
1398.55       	2.840395e-17
1398.6        	2.840395e-17
1398.65       	2.840395e-17
1398.7        	2.840395e-17
1398.75       	2.840395e-17
1398.8        	2.840395e-17
1398.85       	2.840395e-17
1398.9        	2.840395e-17
1398.95       	2.840395e-17
1399          	2.840395e-17
1399.05       	2.840395e-17
1399.1        	2.840395e-17
1399.15       	2.840395e-17
1399.2        	2.840395e-17
1399.25       	2.840395e-17
1399.3        	2.840395e-17
1399.35       	2.840395e-17
1399.4        	2.840395e-17
1399.45       	2.840395e-17
1399.5        	2.840395e-17
1399.55       	2.840395e-17
1399.6        	2.840395e-17
1399.65       	2.840395e-17
1399.7        	2.840395e-17
1399.75       	2.840395e-17
1399.8        	2.840395e-17
1399.85       	2.840395e-17
1399.9        	2.840395e-17
1399.95       	2.840395e-17
1400          	2.840395e-17
1400.05       	2.840395e-17
1400.1        	2.840395e-17
1400.15       	2.840395e-17
1400.2        	2.840395e-17
1400.25       	2.840395e-17
1400.3        	2.840395e-17
1400.35       	2.840395e-17
1400.4        	2.840395e-17
1400.45       	2.840395e-17
1400.5        	2.840395e-17
1400.55       	2.840395e-17
1400.6        	2.840395e-17
1400.65       	2.840395e-17
1400.7        	2.840395e-17
1400.75       	2.840395e-17
1400.8        	2.840395e-17
1400.85       	2.840395e-17
1400.9        	2.840395e-17
1400.95       	2.840395e-17
1401          	2.840395e-17
1401.05       	2.840395e-17
1401.1        	2.840395e-17
1401.15       	2.840395e-17
1401.2        	2.840395e-17
1401.25       	2.840395e-17
1401.3        	2.840395e-17
1401.35       	2.840395e-17
1401.4        	2.840395e-17
1401.45       	2.840395e-17
1401.5        	2.840395e-17
1401.55       	2.840395e-17
1401.6        	2.840395e-17
1401.65       	2.840395e-17
1401.7        	2.840395e-17
1401.75       	2.840395e-17
1401.8        	2.840395e-17
1401.85       	2.840395e-17
1401.9        	2.840395e-17
1401.95       	2.840395e-17
1402          	2.840395e-17
1402.05       	2.840395e-17
1402.1        	2.840395e-17
1402.15       	2.840395e-17
1402.2        	2.840395e-17
1402.25       	2.840395e-17
1402.3        	2.840395e-17
1402.35       	2.840395e-17
1402.4        	2.840395e-17
1402.45       	2.840395e-17
1402.5        	2.840395e-17
1402.55       	2.840395e-17
1402.6        	2.840395e-17
1402.65       	2.840395e-17
1402.7        	2.840395e-17
1402.75       	2.840395e-17
1402.8        	2.840395e-17
1402.85       	2.840395e-17
1402.9        	2.840395e-17
1402.95       	2.840395e-17
1403          	2.840395e-17
1403.05       	2.840395e-17
1403.1        	2.840395e-17
1403.15       	2.840395e-17
1403.2        	2.840395e-17
1403.25       	2.840395e-17
1403.3        	2.840395e-17
1403.35       	2.840395e-17
1403.4        	2.840395e-17
1403.45       	2.840395e-17
1403.5        	2.840395e-17
1403.55       	2.840395e-17
1403.6        	2.840395e-17
1403.65       	2.840395e-17
1403.7        	2.840395e-17
1403.75       	2.840395e-17
1403.8        	2.840395e-17
1403.85       	2.840395e-17
1403.9        	2.840395e-17
1403.95       	2.840395e-17
1404          	2.840395e-17
1404.05       	2.840395e-17
1404.1        	2.840395e-17
1404.15       	2.840395e-17
1404.2        	2.840395e-17
1404.25       	2.840395e-17
1404.3        	2.840395e-17
1404.35       	2.840395e-17
1404.4        	2.840395e-17
1404.45       	2.840395e-17
1404.5        	2.840395e-17
1404.55       	2.840395e-17
1404.6        	2.840395e-17
1404.65       	2.840395e-17
1404.7        	2.840395e-17
1404.75       	2.840395e-17
1404.8        	2.840395e-17
1404.85       	2.840395e-17
1404.9        	2.840395e-17
1404.95       	2.840395e-17
1405          	2.840395e-17
1405.05       	2.840395e-17
1405.1        	2.840395e-17
1405.15       	2.840395e-17
1405.2        	2.840395e-17
1405.25       	2.840395e-17
1405.3        	2.840395e-17
1405.35       	2.840395e-17
1405.4        	2.840395e-17
1405.45       	2.840395e-17
1405.5        	2.840395e-17
1405.55       	2.840395e-17
1405.6        	2.840395e-17
1405.65       	2.840395e-17
1405.7        	2.840395e-17
1405.75       	2.840395e-17
1405.8        	2.840395e-17
1405.85       	2.840395e-17
1405.9        	2.840395e-17
1405.95       	2.840395e-17
1406          	2.840395e-17
1406.05       	2.840395e-17
1406.1        	2.840395e-17
1406.15       	2.840395e-17
1406.2        	2.840395e-17
1406.25       	2.840395e-17
1406.3        	2.840395e-17
1406.35       	2.840395e-17
1406.4        	2.840395e-17
1406.45       	2.840395e-17
1406.5        	2.840395e-17
1406.55       	2.840395e-17
1406.6        	2.840395e-17
1406.65       	2.840395e-17
1406.7        	2.840395e-17
1406.75       	2.840395e-17
1406.8        	2.840395e-17
1406.85       	2.840395e-17
1406.9        	2.840395e-17
1406.95       	2.840395e-17
1407          	2.840395e-17
1407.05       	2.840395e-17
1407.1        	2.840395e-17
1407.15       	2.840395e-17
1407.2        	2.840395e-17
1407.25       	2.840395e-17
1407.3        	2.840395e-17
1407.35       	2.840395e-17
1407.4        	2.840395e-17
1407.45       	2.840395e-17
1407.5        	2.840395e-17
1407.55       	2.840395e-17
1407.6        	2.840395e-17
1407.65       	2.840395e-17
1407.7        	2.840395e-17
1407.75       	2.840395e-17
1407.8        	2.840395e-17
1407.85       	2.840395e-17
1407.9        	2.840395e-17
1407.95       	2.840395e-17
1408          	2.840395e-17
1408.05       	2.840395e-17
1408.1        	2.840395e-17
1408.15       	2.840395e-17
1408.2        	2.840395e-17
1408.25       	2.840395e-17
1408.3        	2.840395e-17
1408.35       	2.840395e-17
1408.4        	2.840395e-17
1408.45       	2.840395e-17
1408.5        	2.840395e-17
1408.55       	2.840395e-17
1408.6        	2.840395e-17
1408.65       	2.840395e-17
1408.7        	2.840395e-17
1408.75       	2.840395e-17
1408.8        	2.840395e-17
1408.85       	2.840395e-17
1408.9        	2.840395e-17
1408.95       	2.840395e-17
1409          	2.840395e-17
1409.05       	2.840395e-17
1409.1        	2.840395e-17
1409.15       	2.840395e-17
1409.2        	2.840395e-17
1409.25       	2.840395e-17
1409.3        	2.840395e-17
1409.35       	2.840395e-17
1409.4        	2.840395e-17
1409.45       	2.840395e-17
1409.5        	2.840395e-17
1409.55       	2.840395e-17
1409.6        	2.840395e-17
1409.65       	2.840395e-17
1409.7        	2.840395e-17
1409.75       	2.840395e-17
1409.8        	2.840395e-17
1409.85       	2.840395e-17
1409.9        	2.840395e-17
1409.95       	2.840395e-17
1410          	2.840395e-17
1410.05       	2.840395e-17
1410.1        	2.840395e-17
1410.15       	2.840395e-17
1410.2        	2.840395e-17
1410.25       	2.840395e-17
1410.3        	2.840395e-17
1410.35       	2.840395e-17
1410.4        	2.840395e-17
1410.45       	2.840395e-17
1410.5        	2.840395e-17
1410.55       	2.840395e-17
1410.6        	2.840395e-17
1410.65       	2.840395e-17
1410.7        	2.840395e-17
1410.75       	2.840395e-17
1410.8        	2.840395e-17
1410.85       	2.840395e-17
1410.9        	2.840395e-17
1410.95       	2.840395e-17
1411          	2.840395e-17
1411.05       	2.840395e-17
1411.1        	2.840395e-17
1411.15       	2.840395e-17
1411.2        	2.840395e-17
1411.25       	2.840395e-17
1411.3        	2.840395e-17
1411.35       	2.840395e-17
1411.4        	2.840395e-17
1411.45       	2.840395e-17
1411.5        	2.840395e-17
1411.55       	2.840395e-17
1411.6        	2.840395e-17
1411.65       	2.840395e-17
1411.7        	2.840395e-17
1411.75       	2.840395e-17
1411.8        	2.840395e-17
1411.85       	2.840395e-17
1411.9        	2.840395e-17
1411.95       	2.840395e-17
1412          	2.840395e-17
1412.05       	2.840395e-17
1412.1        	2.840395e-17
1412.15       	2.840395e-17
1412.2        	2.840395e-17
1412.25       	2.840395e-17
1412.3        	2.840395e-17
1412.35       	2.840395e-17
1412.4        	2.840395e-17
1412.45       	2.840395e-17
1412.5        	2.840395e-17
1412.55       	2.840395e-17
1412.6        	2.840395e-17
1412.65       	2.840395e-17
1412.7        	2.840395e-17
1412.75       	2.840395e-17
1412.8        	2.840395e-17
1412.85       	2.840395e-17
1412.9        	2.840395e-17
1412.95       	2.840395e-17
1413          	2.840395e-17
1413.05       	2.840395e-17
1413.1        	2.840395e-17
1413.15       	2.840395e-17
1413.2        	2.840395e-17
1413.25       	2.840395e-17
1413.3        	2.840395e-17
1413.35       	2.840395e-17
1413.4        	2.840395e-17
1413.45       	2.840395e-17
1413.5        	2.840395e-17
1413.55       	2.840395e-17
1413.6        	2.840395e-17
1413.65       	2.840395e-17
1413.7        	2.840395e-17
1413.75       	2.840395e-17
1413.8        	2.840395e-17
1413.85       	2.840395e-17
1413.9        	2.840395e-17
1413.95       	2.840395e-17
1414          	2.840395e-17
1414.05       	2.840395e-17
1414.1        	2.840395e-17
1414.15       	2.840395e-17
1414.2        	2.840395e-17
1414.25       	2.840395e-17
1414.3        	2.840395e-17
1414.35       	2.840395e-17
1414.4        	2.840395e-17
1414.45       	2.840395e-17
1414.5        	2.840395e-17
1414.55       	2.840395e-17
1414.6        	2.840395e-17
1414.65       	2.840395e-17
1414.7        	2.840395e-17
1414.75       	2.840395e-17
1414.8        	2.840395e-17
1414.85       	2.840395e-17
1414.9        	2.840395e-17
1414.95       	2.840395e-17
1415          	2.840395e-17
1415.05       	2.840395e-17
1415.1        	2.840395e-17
1415.15       	2.840395e-17
1415.2        	2.840395e-17
1415.25       	2.840395e-17
1415.3        	2.840395e-17
1415.35       	2.840395e-17
1415.4        	2.840395e-17
1415.45       	2.840395e-17
1415.5        	2.840395e-17
1415.55       	2.840395e-17
1415.6        	2.840395e-17
1415.65       	2.840395e-17
1415.7        	2.840395e-17
1415.75       	2.840395e-17
1415.8        	2.840395e-17
1415.85       	2.840395e-17
1415.9        	2.840395e-17
1415.95       	2.840395e-17
1416          	2.840395e-17
1416.05       	2.840395e-17
1416.1        	2.840395e-17
1416.15       	2.840395e-17
1416.2        	2.840395e-17
1416.25       	2.840395e-17
1416.3        	2.840395e-17
1416.35       	2.840395e-17
1416.4        	2.840395e-17
1416.45       	2.840395e-17
1416.5        	2.840395e-17
1416.55       	2.840395e-17
1416.6        	2.840395e-17
1416.65       	2.840395e-17
1416.7        	2.840395e-17
1416.75       	2.840395e-17
1416.8        	2.840395e-17
1416.85       	2.840395e-17
1416.9        	2.840395e-17
1416.95       	2.840395e-17
1417          	2.840395e-17
1417.05       	2.840395e-17
1417.1        	2.840395e-17
1417.15       	2.840395e-17
1417.2        	2.840395e-17
1417.25       	2.840395e-17
1417.3        	2.840395e-17
1417.35       	2.840395e-17
1417.4        	2.840395e-17
1417.45       	2.840395e-17
1417.5        	2.840395e-17
1417.55       	2.840395e-17
1417.6        	2.840395e-17
1417.65       	2.840395e-17
1417.7        	2.840395e-17
1417.75       	2.840395e-17
1417.8        	2.840395e-17
1417.85       	2.840395e-17
1417.9        	2.840395e-17
1417.95       	2.840395e-17
1418          	2.840395e-17
1418.05       	2.840395e-17
1418.1        	2.840395e-17
1418.15       	2.840395e-17
1418.2        	2.840395e-17
1418.25       	2.840395e-17
1418.3        	2.840395e-17
1418.35       	2.840395e-17
1418.4        	2.840395e-17
1418.45       	2.840395e-17
1418.5        	2.840395e-17
1418.55       	2.840395e-17
1418.6        	2.840395e-17
1418.65       	2.840395e-17
1418.7        	2.840395e-17
1418.75       	2.840395e-17
1418.8        	2.840395e-17
1418.85       	2.840395e-17
1418.9        	2.840395e-17
1418.95       	2.840395e-17
1419          	2.840395e-17
1419.05       	2.840395e-17
1419.1        	2.840395e-17
1419.15       	2.840395e-17
1419.2        	2.840395e-17
1419.25       	2.840395e-17
1419.3        	2.840395e-17
1419.35       	2.840395e-17
1419.4        	2.840395e-17
1419.45       	2.840395e-17
1419.5        	2.840395e-17
1419.55       	2.840395e-17
1419.6        	2.840395e-17
1419.65       	2.840395e-17
1419.7        	2.840395e-17
1419.75       	2.840395e-17
1419.8        	2.840395e-17
1419.85       	2.840395e-17
1419.9        	2.840395e-17
1419.95       	2.840395e-17
1420          	2.840395e-17
1420.05       	2.840395e-17
1420.1        	2.840395e-17
1420.15       	2.840395e-17
1420.2        	2.840395e-17
1420.25       	2.840395e-17
1420.3        	2.840395e-17
1420.35       	2.840395e-17
1420.4        	2.840395e-17
1420.45       	2.840395e-17
1420.5        	2.840395e-17
1420.55       	2.840395e-17
1420.6        	2.840395e-17
1420.65       	2.840395e-17
1420.7        	2.840395e-17
1420.75       	2.840395e-17
1420.8        	2.840395e-17
1420.85       	2.840395e-17
1420.9        	2.840395e-17
1420.95       	2.840395e-17
1421          	2.840395e-17
1421.05       	2.840395e-17
1421.1        	2.840395e-17
1421.15       	2.840395e-17
1421.2        	2.840395e-17
1421.25       	2.840395e-17
1421.3        	2.840395e-17
1421.35       	2.840395e-17
1421.4        	2.840395e-17
1421.45       	2.840395e-17
1421.5        	2.840395e-17
1421.55       	2.840395e-17
1421.6        	2.840395e-17
1421.65       	2.840395e-17
1421.7        	2.840395e-17
1421.75       	2.840395e-17
1421.8        	2.840395e-17
1421.85       	2.840395e-17
1421.9        	2.840395e-17
1421.95       	2.840395e-17
1422          	2.840395e-17
1422.05       	2.840395e-17
1422.1        	2.840395e-17
1422.15       	2.840395e-17
1422.2        	2.840395e-17
1422.25       	2.840395e-17
1422.3        	2.840395e-17
1422.35       	2.840395e-17
1422.4        	2.840395e-17
1422.45       	2.840395e-17
1422.5        	2.840395e-17
1422.55       	2.840395e-17
1422.6        	2.840395e-17
1422.65       	2.840395e-17
1422.7        	2.840395e-17
1422.75       	2.840395e-17
1422.8        	2.840395e-17
1422.85       	2.840395e-17
1422.9        	2.840395e-17
1422.95       	2.840395e-17
1423          	2.840395e-17
1423.05       	2.840395e-17
1423.1        	2.840395e-17
1423.15       	2.840395e-17
1423.2        	2.840395e-17
1423.25       	2.840395e-17
1423.3        	2.840395e-17
1423.35       	2.840395e-17
1423.4        	2.840395e-17
1423.45       	2.840395e-17
1423.5        	2.840395e-17
1423.55       	2.840395e-17
1423.6        	2.840395e-17
1423.65       	2.840395e-17
1423.7        	2.840395e-17
1423.75       	2.840395e-17
1423.8        	2.840395e-17
1423.85       	2.840395e-17
1423.9        	2.840395e-17
1423.95       	2.840395e-17
1424          	2.840395e-17
1424.05       	2.840395e-17
1424.1        	2.840395e-17
1424.15       	2.840395e-17
1424.2        	2.840395e-17
1424.25       	2.840395e-17
1424.3        	2.840395e-17
1424.35       	2.840395e-17
1424.4        	2.840395e-17
1424.45       	2.840395e-17
1424.5        	2.840395e-17
1424.55       	2.840395e-17
1424.6        	2.840395e-17
1424.65       	2.840395e-17
1424.7        	2.840395e-17
1424.75       	2.840395e-17
1424.8        	2.840395e-17
1424.85       	2.840395e-17
1424.9        	2.840395e-17
1424.95       	2.840395e-17
1425          	2.840395e-17
1425.05       	2.840395e-17
1425.1        	2.840395e-17
1425.15       	2.840395e-17
1425.2        	2.840395e-17
1425.25       	2.840395e-17
1425.3        	2.840395e-17
1425.35       	2.840395e-17
1425.4        	2.840395e-17
1425.45       	2.840395e-17
1425.5        	2.840395e-17
1425.55       	2.840395e-17
1425.6        	2.840395e-17
1425.65       	2.840395e-17
1425.7        	2.840395e-17
1425.75       	2.840395e-17
1425.8        	2.840395e-17
1425.85       	2.840395e-17
1425.9        	2.840395e-17
1425.95       	2.840395e-17
1426          	2.840395e-17
1426.05       	2.840395e-17
1426.1        	2.840395e-17
1426.15       	2.840395e-17
1426.2        	2.840395e-17
1426.25       	2.840395e-17
1426.3        	2.840395e-17
1426.35       	2.840395e-17
1426.4        	2.840395e-17
1426.45       	2.840395e-17
1426.5        	2.840395e-17
1426.55       	2.840395e-17
1426.6        	2.840395e-17
1426.65       	2.840395e-17
1426.7        	2.840395e-17
1426.75       	2.840395e-17
1426.8        	2.840395e-17
1426.85       	2.840395e-17
1426.9        	2.840395e-17
1426.95       	2.840395e-17
1427          	2.840395e-17
1427.05       	2.840395e-17
1427.1        	2.840395e-17
1427.15       	2.840395e-17
1427.2        	2.840395e-17
1427.25       	2.840395e-17
1427.3        	2.840395e-17
1427.35       	2.840395e-17
1427.4        	2.840395e-17
1427.45       	2.840395e-17
1427.5        	2.840395e-17
1427.55       	2.840395e-17
1427.6        	2.840395e-17
1427.65       	2.840395e-17
1427.7        	2.840395e-17
1427.75       	2.840395e-17
1427.8        	2.840395e-17
1427.85       	2.840395e-17
1427.9        	2.840395e-17
1427.95       	2.840395e-17
1428          	2.840395e-17
1428.05       	2.840395e-17
1428.1        	2.840395e-17
1428.15       	2.840395e-17
1428.2        	2.840395e-17
1428.25       	2.840395e-17
1428.3        	2.840395e-17
1428.35       	2.840395e-17
1428.4        	2.840395e-17
1428.45       	2.840395e-17
1428.5        	2.840395e-17
1428.55       	2.840395e-17
1428.6        	2.840395e-17
1428.65       	2.840395e-17
1428.7        	2.840395e-17
1428.75       	2.840395e-17
1428.8        	2.840395e-17
1428.85       	2.840395e-17
1428.9        	2.840395e-17
1428.95       	2.840395e-17
1429          	2.840395e-17
1429.05       	2.840395e-17
1429.1        	2.840395e-17
1429.15       	2.840395e-17
1429.2        	2.840395e-17
1429.25       	2.840395e-17
1429.3        	2.840395e-17
1429.35       	2.840395e-17
1429.4        	2.840395e-17
1429.45       	2.840395e-17
1429.5        	2.840395e-17
1429.55       	2.840395e-17
1429.6        	2.840395e-17
1429.65       	2.840395e-17
1429.7        	2.840395e-17
1429.75       	2.840395e-17
1429.8        	2.840395e-17
1429.85       	2.840395e-17
1429.9        	2.840395e-17
1429.95       	2.840395e-17
1430          	2.840395e-17
1430.05       	2.840395e-17
1430.1        	2.840395e-17
1430.15       	2.840395e-17
1430.2        	2.840395e-17
1430.25       	2.840395e-17
1430.3        	2.840395e-17
1430.35       	2.840395e-17
1430.4        	2.840395e-17
1430.45       	2.840395e-17
1430.5        	2.840395e-17
1430.55       	2.840395e-17
1430.6        	2.840395e-17
1430.65       	2.840395e-17
1430.7        	2.840395e-17
1430.75       	2.840395e-17
1430.8        	2.840395e-17
1430.85       	2.840395e-17
1430.9        	2.840395e-17
1430.95       	2.840395e-17
1431          	2.840395e-17
1431.05       	2.840395e-17
1431.1        	2.840395e-17
1431.15       	2.840395e-17
1431.2        	2.840395e-17
1431.25       	2.840395e-17
1431.3        	2.840395e-17
1431.35       	2.840395e-17
1431.4        	2.840395e-17
1431.45       	2.840395e-17
1431.5        	2.840395e-17
1431.55       	2.840395e-17
1431.6        	2.840395e-17
1431.65       	2.840395e-17
1431.7        	2.840395e-17
1431.75       	2.840395e-17
1431.8        	2.840395e-17
1431.85       	2.840395e-17
1431.9        	2.840395e-17
1431.95       	2.840395e-17
1432          	2.840395e-17
1432.05       	2.840395e-17
1432.1        	2.840395e-17
1432.15       	2.840395e-17
1432.2        	2.840395e-17
1432.25       	2.840395e-17
1432.3        	2.840395e-17
1432.35       	2.840395e-17
1432.4        	2.840395e-17
1432.45       	2.840395e-17
1432.5        	2.840395e-17
1432.55       	2.840395e-17
1432.6        	2.840395e-17
1432.65       	2.840395e-17
1432.7        	2.840395e-17
1432.75       	2.840395e-17
1432.8        	2.840395e-17
1432.85       	2.840395e-17
1432.9        	2.840395e-17
1432.95       	2.840395e-17
1433          	2.840395e-17
1433.05       	2.840395e-17
1433.1        	2.840395e-17
1433.15       	2.840395e-17
1433.2        	2.840395e-17
1433.25       	2.840395e-17
1433.3        	2.840395e-17
1433.35       	2.840395e-17
1433.4        	2.840395e-17
1433.45       	2.840395e-17
1433.5        	2.840395e-17
1433.55       	2.840395e-17
1433.6        	2.840395e-17
1433.65       	2.840395e-17
1433.7        	2.840395e-17
1433.75       	2.840395e-17
1433.8        	2.840395e-17
1433.85       	2.840395e-17
1433.9        	2.840395e-17
1433.95       	2.840395e-17
1434          	2.840395e-17
1434.05       	2.840395e-17
1434.1        	2.840395e-17
1434.15       	2.840395e-17
1434.2        	2.840395e-17
1434.25       	2.840395e-17
1434.3        	2.840395e-17
1434.35       	2.840395e-17
1434.4        	2.840395e-17
1434.45       	2.840395e-17
1434.5        	2.840395e-17
1434.55       	2.840395e-17
1434.6        	2.840395e-17
1434.65       	2.840395e-17
1434.7        	2.840395e-17
1434.75       	2.840395e-17
1434.8        	2.840395e-17
1434.85       	2.840395e-17
1434.9        	2.840395e-17
1434.95       	2.840395e-17
1435          	2.840395e-17
1435.05       	2.840395e-17
1435.1        	2.840395e-17
1435.15       	2.840395e-17
1435.2        	2.840395e-17
1435.25       	2.840395e-17
1435.3        	2.840395e-17
1435.35       	2.840395e-17
1435.4        	2.840395e-17
1435.45       	2.840395e-17
1435.5        	2.840395e-17
1435.55       	2.840395e-17
1435.6        	2.840395e-17
1435.65       	2.840395e-17
1435.7        	2.840395e-17
1435.75       	2.840395e-17
1435.8        	2.840395e-17
1435.85       	2.840395e-17
1435.9        	2.840395e-17
1435.95       	2.840395e-17
1436          	2.840395e-17
1436.05       	2.840395e-17
1436.1        	2.840395e-17
1436.15       	2.840395e-17
1436.2        	2.840395e-17
1436.25       	2.840395e-17
1436.3        	2.840395e-17
1436.35       	2.840395e-17
1436.4        	2.840395e-17
1436.45       	2.840395e-17
1436.5        	2.840395e-17
1436.55       	2.840395e-17
1436.6        	2.840395e-17
1436.65       	2.840395e-17
1436.7        	2.840395e-17
1436.75       	2.840395e-17
1436.8        	2.840395e-17
1436.85       	2.840395e-17
1436.9        	2.840395e-17
1436.95       	2.840395e-17
1437          	2.840395e-17
1437.05       	2.840395e-17
1437.1        	2.840395e-17
1437.15       	2.840395e-17
1437.2        	2.840395e-17
1437.25       	2.840395e-17
1437.3        	2.840395e-17
1437.35       	2.840395e-17
1437.4        	2.840395e-17
1437.45       	2.840395e-17
1437.5        	2.840395e-17
1437.55       	2.840395e-17
1437.6        	2.840395e-17
1437.65       	2.840395e-17
1437.7        	2.840395e-17
1437.75       	2.840395e-17
1437.8        	2.840395e-17
1437.85       	2.840395e-17
1437.9        	2.840395e-17
1437.95       	2.840395e-17
1438          	2.840395e-17
1438.05       	2.840395e-17
1438.1        	2.840395e-17
1438.15       	2.840395e-17
1438.2        	2.840395e-17
1438.25       	2.840395e-17
1438.3        	2.840395e-17
1438.35       	2.840395e-17
1438.4        	2.840395e-17
1438.45       	2.840395e-17
1438.5        	2.840395e-17
1438.55       	2.840395e-17
1438.6        	2.840395e-17
1438.65       	2.840395e-17
1438.7        	2.840395e-17
1438.75       	2.840395e-17
1438.8        	2.840395e-17
1438.85       	2.840395e-17
1438.9        	2.840395e-17
1438.95       	2.840395e-17
1439          	2.840395e-17
1439.05       	2.840395e-17
1439.1        	2.840395e-17
1439.15       	2.840395e-17
1439.2        	2.840395e-17
1439.25       	2.840395e-17
1439.3        	2.840395e-17
1439.35       	2.840395e-17
1439.4        	2.840395e-17
1439.45       	2.840395e-17
1439.5        	2.840395e-17
1439.55       	2.840395e-17
1439.6        	2.840395e-17
1439.65       	2.840395e-17
1439.7        	2.840395e-17
1439.75       	2.840395e-17
1439.8        	2.840395e-17
1439.85       	2.840395e-17
1439.9        	2.840395e-17
1439.95       	2.840395e-17
1440          	2.840395e-17
1440.05       	2.840395e-17
1440.1        	2.840395e-17
1440.15       	2.840395e-17
1440.2        	2.840395e-17
1440.25       	2.840395e-17
1440.3        	2.840395e-17
1440.35       	2.840395e-17
1440.4        	2.840395e-17
1440.45       	2.840395e-17
1440.5        	2.840395e-17
1440.55       	2.840395e-17
1440.6        	2.840395e-17
1440.65       	2.840395e-17
1440.7        	2.840395e-17
1440.75       	2.840395e-17
1440.8        	2.840395e-17
1440.85       	2.840395e-17
1440.9        	2.840395e-17
1440.95       	2.840395e-17
1441          	2.840395e-17
1441.05       	2.840395e-17
1441.1        	2.840395e-17
1441.15       	2.840395e-17
1441.2        	2.840395e-17
1441.25       	2.840395e-17
1441.3        	2.840395e-17
1441.35       	2.840395e-17
1441.4        	2.840395e-17
1441.45       	2.840395e-17
1441.5        	2.840395e-17
1441.55       	2.840395e-17
1441.6        	2.840395e-17
1441.65       	2.840395e-17
1441.7        	2.840395e-17
1441.75       	2.840395e-17
1441.8        	2.840395e-17
1441.85       	2.840395e-17
1441.9        	2.840395e-17
1441.95       	2.840395e-17
1442          	2.840395e-17
1442.05       	2.840395e-17
1442.1        	2.840395e-17
1442.15       	2.840395e-17
1442.2        	2.840395e-17
1442.25       	2.840395e-17
1442.3        	2.840395e-17
1442.35       	2.840395e-17
1442.4        	2.840395e-17
1442.45       	2.840395e-17
1442.5        	2.840395e-17
1442.55       	2.840395e-17
1442.6        	2.840395e-17
1442.65       	2.840395e-17
1442.7        	2.840395e-17
1442.75       	2.840395e-17
1442.8        	2.840395e-17
1442.85       	2.840395e-17
1442.9        	2.840395e-17
1442.95       	2.840395e-17
1443          	2.840395e-17
1443.05       	2.840395e-17
1443.1        	2.840395e-17
1443.15       	2.840395e-17
1443.2        	2.840395e-17
1443.25       	2.840395e-17
1443.3        	2.840395e-17
1443.35       	2.840395e-17
1443.4        	2.840395e-17
1443.45       	2.840395e-17
1443.5        	2.840395e-17
1443.55       	2.840395e-17
1443.6        	2.840395e-17
1443.65       	2.840395e-17
1443.7        	2.840395e-17
1443.75       	2.840395e-17
1443.8        	2.840395e-17
1443.85       	2.840395e-17
1443.9        	2.840395e-17
1443.95       	2.840395e-17
1444          	2.840395e-17
1444.05       	2.840395e-17
1444.1        	2.840395e-17
1444.15       	2.840395e-17
1444.2        	2.840395e-17
1444.25       	2.840395e-17
1444.3        	2.840395e-17
1444.35       	2.840395e-17
1444.4        	2.840395e-17
1444.45       	2.840395e-17
1444.5        	2.840395e-17
1444.55       	2.840395e-17
1444.6        	2.840395e-17
1444.65       	2.840395e-17
1444.7        	2.840395e-17
1444.75       	2.840395e-17
1444.8        	2.840395e-17
1444.85       	2.840395e-17
1444.9        	2.840395e-17
1444.95       	2.840395e-17
1445          	2.840395e-17
1445.05       	2.840395e-17
1445.1        	2.840395e-17
1445.15       	2.840395e-17
1445.2        	2.840395e-17
1445.25       	2.840395e-17
1445.3        	2.840395e-17
1445.35       	2.840395e-17
1445.4        	2.840395e-17
1445.45       	2.840395e-17
1445.5        	2.840395e-17
1445.55       	2.840395e-17
1445.6        	2.840395e-17
1445.65       	2.840395e-17
1445.7        	2.840395e-17
1445.75       	2.840395e-17
1445.8        	2.840395e-17
1445.85       	2.840395e-17
1445.9        	2.840395e-17
1445.95       	2.840395e-17
1446          	2.840395e-17
1446.05       	2.840395e-17
1446.1        	2.840395e-17
1446.15       	2.840395e-17
1446.2        	2.840395e-17
1446.25       	2.840395e-17
1446.3        	2.840395e-17
1446.35       	2.840395e-17
1446.4        	2.840395e-17
1446.45       	2.840395e-17
1446.5        	2.840395e-17
1446.55       	2.840395e-17
1446.6        	2.840395e-17
1446.65       	2.840395e-17
1446.7        	2.840395e-17
1446.75       	2.840395e-17
1446.8        	2.840395e-17
1446.85       	2.840395e-17
1446.9        	2.840395e-17
1446.95       	2.840395e-17
1447          	2.840395e-17
1447.05       	2.840395e-17
1447.1        	2.840395e-17
1447.15       	2.840395e-17
1447.2        	2.840395e-17
1447.25       	2.840395e-17
1447.3        	2.840395e-17
1447.35       	2.840395e-17
1447.4        	2.840395e-17
1447.45       	2.840395e-17
1447.5        	2.840395e-17
1447.55       	2.840395e-17
1447.6        	2.840395e-17
1447.65       	2.840395e-17
1447.7        	2.840395e-17
1447.75       	2.840395e-17
1447.8        	2.840395e-17
1447.85       	2.840395e-17
1447.9        	2.840395e-17
1447.95       	2.840395e-17
1448          	2.840395e-17
1448.05       	2.840395e-17
1448.1        	2.840395e-17
1448.15       	2.840395e-17
1448.2        	2.840395e-17
1448.25       	2.840395e-17
1448.3        	2.840395e-17
1448.35       	2.840395e-17
1448.4        	2.840395e-17
1448.45       	2.840395e-17
1448.5        	2.840395e-17
1448.55       	2.840395e-17
1448.6        	2.840395e-17
1448.65       	2.840395e-17
1448.7        	2.840395e-17
1448.75       	2.840395e-17
1448.8        	2.840395e-17
1448.85       	2.840395e-17
1448.9        	2.840395e-17
1448.95       	2.840395e-17
1449          	2.840395e-17
1449.05       	2.840395e-17
1449.1        	2.840395e-17
1449.15       	2.840395e-17
1449.2        	2.840395e-17
1449.25       	2.840395e-17
1449.3        	2.840395e-17
1449.35       	2.840395e-17
1449.4        	2.840395e-17
1449.45       	2.840395e-17
1449.5        	2.840395e-17
1449.55       	2.840395e-17
1449.6        	2.840395e-17
1449.65       	2.840395e-17
1449.7        	2.840395e-17
1449.75       	2.840395e-17
1449.8        	2.840395e-17
1449.85       	2.840395e-17
1449.9        	2.840395e-17
1449.95       	2.840395e-17
1450          	2.840395e-17
1450.05       	2.840395e-17
1450.1        	2.840395e-17
1450.15       	2.840395e-17
1450.2        	2.840395e-17
1450.25       	2.840395e-17
1450.3        	2.840395e-17
1450.35       	2.840395e-17
1450.4        	2.840395e-17
1450.45       	2.840395e-17
1450.5        	2.840395e-17
1450.55       	2.840395e-17
1450.6        	2.840395e-17
1450.65       	2.840395e-17
1450.7        	2.840395e-17
1450.75       	2.840395e-17
1450.8        	2.840395e-17
1450.85       	2.840395e-17
1450.9        	2.840395e-17
1450.95       	2.840395e-17
1451          	2.840395e-17
1451.05       	2.840395e-17
1451.1        	2.840395e-17
1451.15       	2.840395e-17
1451.2        	2.840395e-17
1451.25       	2.840395e-17
1451.3        	2.840395e-17
1451.35       	2.840395e-17
1451.4        	2.840395e-17
1451.45       	2.840395e-17
1451.5        	2.840395e-17
1451.55       	2.840395e-17
1451.6        	2.840395e-17
1451.65       	2.840395e-17
1451.7        	2.840395e-17
1451.75       	2.840395e-17
1451.8        	2.840395e-17
1451.85       	2.840395e-17
1451.9        	2.840395e-17
1451.95       	2.840395e-17
1452          	2.840395e-17
1452.05       	2.840395e-17
1452.1        	2.840395e-17
1452.15       	2.840395e-17
1452.2        	2.840395e-17
1452.25       	2.840395e-17
1452.3        	2.840395e-17
1452.35       	2.840395e-17
1452.4        	2.840395e-17
1452.45       	2.840395e-17
1452.5        	2.840395e-17
1452.55       	2.840395e-17
1452.6        	2.840395e-17
1452.65       	2.840395e-17
1452.7        	2.840395e-17
1452.75       	2.840395e-17
1452.8        	2.840395e-17
1452.85       	2.840395e-17
1452.9        	2.840395e-17
1452.95       	2.840395e-17
1453          	2.840395e-17
1453.05       	2.840395e-17
1453.1        	2.840395e-17
1453.15       	2.840395e-17
1453.2        	2.840395e-17
1453.25       	2.840395e-17
1453.3        	2.840395e-17
1453.35       	2.840395e-17
1453.4        	2.840395e-17
1453.45       	2.840395e-17
1453.5        	2.840395e-17
1453.55       	2.840395e-17
1453.6        	2.840395e-17
1453.65       	2.840395e-17
1453.7        	2.840395e-17
1453.75       	2.840395e-17
1453.8        	2.840395e-17
1453.85       	2.840395e-17
1453.9        	2.840395e-17
1453.95       	2.840395e-17
1454          	2.840395e-17
1454.05       	2.840395e-17
1454.1        	2.840395e-17
1454.15       	2.840395e-17
1454.2        	2.840395e-17
1454.25       	2.840395e-17
1454.3        	2.840395e-17
1454.35       	2.840395e-17
1454.4        	2.840395e-17
1454.45       	2.840395e-17
1454.5        	2.840395e-17
1454.55       	2.840395e-17
1454.6        	2.840395e-17
1454.65       	2.840395e-17
1454.7        	2.840395e-17
1454.75       	2.840395e-17
1454.8        	2.840395e-17
1454.85       	2.840395e-17
1454.9        	2.840395e-17
1454.95       	2.840395e-17
1455          	2.840395e-17
1455.05       	2.840395e-17
1455.1        	2.840395e-17
1455.15       	2.840395e-17
1455.2        	2.840395e-17
1455.25       	2.840395e-17
1455.3        	2.840395e-17
1455.35       	2.840395e-17
1455.4        	2.840395e-17
1455.45       	2.840395e-17
1455.5        	2.840395e-17
1455.55       	2.840395e-17
1455.6        	2.840395e-17
1455.65       	2.840395e-17
1455.7        	2.840395e-17
1455.75       	2.840395e-17
1455.8        	2.840395e-17
1455.85       	2.840395e-17
1455.9        	2.840395e-17
1455.95       	2.840395e-17
1456          	2.840395e-17
1456.05       	2.840395e-17
1456.1        	2.840395e-17
1456.15       	2.840395e-17
1456.2        	2.840395e-17
1456.25       	2.840395e-17
1456.3        	2.840395e-17
1456.35       	2.840395e-17
1456.4        	2.840395e-17
1456.45       	2.840395e-17
1456.5        	2.840395e-17
1456.55       	2.840395e-17
1456.6        	2.840395e-17
1456.65       	2.840395e-17
1456.7        	2.840395e-17
1456.75       	2.840395e-17
1456.8        	2.840395e-17
1456.85       	2.840395e-17
1456.9        	2.840395e-17
1456.95       	2.840395e-17
1457          	2.840395e-17
1457.05       	2.840395e-17
1457.1        	2.840395e-17
1457.15       	2.840395e-17
1457.2        	2.840395e-17
1457.25       	2.840395e-17
1457.3        	2.840395e-17
1457.35       	2.840395e-17
1457.4        	2.840395e-17
1457.45       	2.840395e-17
1457.5        	2.840395e-17
1457.55       	2.840395e-17
1457.6        	2.840395e-17
1457.65       	2.840395e-17
1457.7        	2.840395e-17
1457.75       	2.840395e-17
1457.8        	2.840395e-17
1457.85       	2.840395e-17
1457.9        	2.840395e-17
1457.95       	2.840395e-17
1458          	2.840395e-17
1458.05       	2.840395e-17
1458.1        	2.840395e-17
1458.15       	2.840395e-17
1458.2        	2.840395e-17
1458.25       	2.840395e-17
1458.3        	2.840395e-17
1458.35       	2.840395e-17
1458.4        	2.840395e-17
1458.45       	2.840395e-17
1458.5        	2.840395e-17
1458.55       	2.840395e-17
1458.6        	2.840395e-17
1458.65       	2.840395e-17
1458.7        	2.840395e-17
1458.75       	2.840395e-17
1458.8        	2.840395e-17
1458.85       	2.840395e-17
1458.9        	2.840395e-17
1458.95       	2.840395e-17
1459          	2.840395e-17
1459.05       	2.840395e-17
1459.1        	2.840395e-17
1459.15       	2.840395e-17
1459.2        	2.840395e-17
1459.25       	2.840395e-17
1459.3        	2.840395e-17
1459.35       	2.840395e-17
1459.4        	2.840395e-17
1459.45       	2.840395e-17
1459.5        	2.840395e-17
1459.55       	2.840395e-17
1459.6        	2.840395e-17
1459.65       	2.840395e-17
1459.7        	2.840395e-17
1459.75       	2.840395e-17
1459.8        	2.840395e-17
1459.85       	2.840395e-17
1459.9        	2.840395e-17
1459.95       	2.840395e-17
1460          	2.840395e-17
1460.05       	2.840395e-17
1460.1        	2.840395e-17
1460.15       	2.840395e-17
1460.2        	2.840395e-17
1460.25       	2.840395e-17
1460.3        	2.840395e-17
1460.35       	2.840395e-17
1460.4        	2.840395e-17
1460.45       	2.840395e-17
1460.5        	2.840395e-17
1460.55       	2.840395e-17
1460.6        	2.840395e-17
1460.65       	2.840395e-17
1460.7        	2.840395e-17
1460.75       	2.840395e-17
1460.8        	2.840395e-17
1460.85       	2.840395e-17
1460.9        	2.840395e-17
1460.95       	2.840395e-17
1461          	2.840395e-17
1461.05       	2.840395e-17
1461.1        	2.840395e-17
1461.15       	2.840395e-17
1461.2        	2.840395e-17
1461.25       	2.840395e-17
1461.3        	2.840395e-17
1461.35       	2.840395e-17
1461.4        	2.840395e-17
1461.45       	2.840395e-17
1461.5        	2.840395e-17
1461.55       	2.840395e-17
1461.6        	2.840395e-17
1461.65       	2.840395e-17
1461.7        	2.840395e-17
1461.75       	2.840395e-17
1461.8        	2.840395e-17
1461.85       	2.840395e-17
1461.9        	2.840395e-17
1461.95       	2.840395e-17
1462          	2.840395e-17
1462.05       	2.840395e-17
1462.1        	2.840395e-17
1462.15       	2.840395e-17
1462.2        	2.840395e-17
1462.25       	2.840395e-17
1462.3        	2.840395e-17
1462.35       	2.840395e-17
1462.4        	2.840395e-17
1462.45       	2.840395e-17
1462.5        	2.840395e-17
1462.55       	2.840395e-17
1462.6        	2.840395e-17
1462.65       	2.840395e-17
1462.7        	2.840395e-17
1462.75       	2.840395e-17
1462.8        	2.840395e-17
1462.85       	2.840395e-17
1462.9        	2.840395e-17
1462.95       	2.840395e-17
1463          	2.840395e-17
1463.05       	2.840395e-17
1463.1        	2.840395e-17
1463.15       	2.840395e-17
1463.2        	2.840395e-17
1463.25       	2.840395e-17
1463.3        	2.840395e-17
1463.35       	2.840395e-17
1463.4        	2.840395e-17
1463.45       	2.840395e-17
1463.5        	2.840395e-17
1463.55       	2.840395e-17
1463.6        	2.840395e-17
1463.65       	2.840395e-17
1463.7        	2.840395e-17
1463.75       	2.840395e-17
1463.8        	2.840395e-17
1463.85       	2.840395e-17
1463.9        	2.840395e-17
1463.95       	2.840395e-17
1464          	2.840395e-17
1464.05       	2.840395e-17
1464.1        	2.840395e-17
1464.15       	2.840395e-17
1464.2        	2.840395e-17
1464.25       	2.840395e-17
1464.3        	2.840395e-17
1464.35       	2.840395e-17
1464.4        	2.840395e-17
1464.45       	2.840395e-17
1464.5        	2.840395e-17
1464.55       	2.840395e-17
1464.6        	2.840395e-17
1464.65       	2.840395e-17
1464.7        	2.840395e-17
1464.75       	2.840395e-17
1464.8        	2.840395e-17
1464.85       	2.840395e-17
1464.9        	2.840395e-17
1464.95       	2.840395e-17
1465          	2.840395e-17
1465.05       	2.840395e-17
1465.1        	2.840395e-17
1465.15       	2.840395e-17
1465.2        	2.840395e-17
1465.25       	2.840395e-17
1465.3        	2.840395e-17
1465.35       	2.840395e-17
1465.4        	2.840395e-17
1465.45       	2.840395e-17
1465.5        	2.840395e-17
1465.55       	2.840395e-17
1465.6        	2.840395e-17
1465.65       	2.840395e-17
1465.7        	2.840395e-17
1465.75       	2.840395e-17
1465.8        	2.840395e-17
1465.85       	2.840395e-17
1465.9        	2.840395e-17
1465.95       	2.840395e-17
1466          	2.840395e-17
1466.05       	2.840395e-17
1466.1        	2.840395e-17
1466.15       	2.840395e-17
1466.2        	2.840395e-17
1466.25       	2.840395e-17
1466.3        	2.840395e-17
1466.35       	2.840395e-17
1466.4        	2.840395e-17
1466.45       	2.840395e-17
1466.5        	2.840395e-17
1466.55       	2.840395e-17
1466.6        	2.840395e-17
1466.65       	2.840395e-17
1466.7        	2.840395e-17
1466.75       	2.840395e-17
1466.8        	2.840395e-17
1466.85       	2.840395e-17
1466.9        	2.840395e-17
1466.95       	2.840395e-17
1467          	2.840395e-17
1467.05       	2.840395e-17
1467.1        	2.840395e-17
1467.15       	2.840395e-17
1467.2        	2.840395e-17
1467.25       	2.840395e-17
1467.3        	2.840395e-17
1467.35       	2.840395e-17
1467.4        	2.840395e-17
1467.45       	2.840395e-17
1467.5        	2.840395e-17
1467.55       	2.840395e-17
1467.6        	2.840395e-17
1467.65       	2.840395e-17
1467.7        	2.840395e-17
1467.75       	2.840395e-17
1467.8        	2.840395e-17
1467.85       	2.840395e-17
1467.9        	2.840395e-17
1467.95       	2.840395e-17
1468          	2.840395e-17
1468.05       	2.840395e-17
1468.1        	2.840395e-17
1468.15       	2.840395e-17
1468.2        	2.840395e-17
1468.25       	2.840395e-17
1468.3        	2.840395e-17
1468.35       	2.840395e-17
1468.4        	2.840395e-17
1468.45       	2.840395e-17
1468.5        	2.840395e-17
1468.55       	2.840395e-17
1468.6        	2.840395e-17
1468.65       	2.840395e-17
1468.7        	2.840395e-17
1468.75       	2.840395e-17
1468.8        	2.840395e-17
1468.85       	2.840395e-17
1468.9        	2.840395e-17
1468.95       	2.840395e-17
1469          	2.840395e-17
1469.05       	2.840395e-17
1469.1        	2.840395e-17
1469.15       	2.840395e-17
1469.2        	2.840395e-17
1469.25       	2.840395e-17
1469.3        	2.840395e-17
1469.35       	2.840395e-17
1469.4        	2.840395e-17
1469.45       	2.840395e-17
1469.5        	2.840395e-17
1469.55       	2.840395e-17
1469.6        	2.840395e-17
1469.65       	2.840395e-17
1469.7        	2.840395e-17
1469.75       	2.840395e-17
1469.8        	2.840395e-17
1469.85       	2.840395e-17
1469.9        	2.840395e-17
1469.95       	2.840395e-17
1470          	2.840395e-17
1470.05       	2.840395e-17
1470.1        	2.840395e-17
1470.15       	2.840395e-17
1470.2        	2.840395e-17
1470.25       	2.840395e-17
1470.3        	2.840395e-17
1470.35       	2.840395e-17
1470.4        	2.840395e-17
1470.45       	2.840395e-17
1470.5        	2.840395e-17
1470.55       	2.840395e-17
1470.6        	2.840395e-17
1470.65       	2.840395e-17
1470.7        	2.840395e-17
1470.75       	2.840395e-17
1470.8        	2.840395e-17
1470.85       	2.840395e-17
1470.9        	2.840395e-17
1470.95       	2.840395e-17
1471          	2.840395e-17
1471.05       	2.840395e-17
1471.1        	2.840395e-17
1471.15       	2.840395e-17
1471.2        	2.840395e-17
1471.25       	2.840395e-17
1471.3        	2.840395e-17
1471.35       	2.840395e-17
1471.4        	2.840395e-17
1471.45       	2.840395e-17
1471.5        	2.840395e-17
1471.55       	2.840395e-17
1471.6        	2.840395e-17
1471.65       	2.840395e-17
1471.7        	2.840395e-17
1471.75       	2.840395e-17
1471.8        	2.840395e-17
1471.85       	2.840395e-17
1471.9        	2.840395e-17
1471.95       	2.840395e-17
1472          	2.840395e-17
1472.05       	2.840395e-17
1472.1        	2.840395e-17
1472.15       	2.840395e-17
1472.2        	2.840395e-17
1472.25       	2.840395e-17
1472.3        	2.840395e-17
1472.35       	2.840395e-17
1472.4        	2.840395e-17
1472.45       	2.840395e-17
1472.5        	2.840395e-17
1472.55       	2.840395e-17
1472.6        	2.840395e-17
1472.65       	2.840395e-17
1472.7        	2.840395e-17
1472.75       	2.840395e-17
1472.8        	2.840395e-17
1472.85       	2.840395e-17
1472.9        	2.840395e-17
1472.95       	2.840395e-17
1473          	2.840395e-17
1473.05       	2.840395e-17
1473.1        	2.840395e-17
1473.15       	2.840395e-17
1473.2        	2.840395e-17
1473.25       	2.840395e-17
1473.3        	2.840395e-17
1473.35       	2.840395e-17
1473.4        	2.840395e-17
1473.45       	2.840395e-17
1473.5        	2.840395e-17
1473.55       	2.840395e-17
1473.6        	2.840395e-17
1473.65       	2.840395e-17
1473.7        	2.840395e-17
1473.75       	2.840395e-17
1473.8        	2.840395e-17
1473.85       	2.840395e-17
1473.9        	2.840395e-17
1473.95       	2.840395e-17
1474          	2.840395e-17
1474.05       	2.840395e-17
1474.1        	2.840395e-17
1474.15       	2.840395e-17
1474.2        	2.840395e-17
1474.25       	2.840395e-17
1474.3        	2.840395e-17
1474.35       	2.840395e-17
1474.4        	2.840395e-17
1474.45       	2.840395e-17
1474.5        	2.840395e-17
1474.55       	2.840395e-17
1474.6        	2.840395e-17
1474.65       	2.840395e-17
1474.7        	2.840395e-17
1474.75       	2.840395e-17
1474.8        	2.840395e-17
1474.85       	2.840395e-17
1474.9        	2.840395e-17
1474.95       	2.840395e-17
1475          	2.840395e-17
1475.05       	2.840395e-17
1475.1        	2.840395e-17
1475.15       	2.840395e-17
1475.2        	2.840395e-17
1475.25       	2.840395e-17
1475.3        	2.840395e-17
1475.35       	2.840395e-17
1475.4        	2.840395e-17
1475.45       	2.840395e-17
1475.5        	2.840395e-17
1475.55       	2.840395e-17
1475.6        	2.840395e-17
1475.65       	2.840395e-17
1475.7        	2.840395e-17
1475.75       	2.840395e-17
1475.8        	2.840395e-17
1475.85       	2.840395e-17
1475.9        	2.840395e-17
1475.95       	2.840395e-17
1476          	2.840395e-17
1476.05       	2.840395e-17
1476.1        	2.840395e-17
1476.15       	2.840395e-17
1476.2        	2.840395e-17
1476.25       	2.840395e-17
1476.3        	2.840395e-17
1476.35       	2.840395e-17
1476.4        	2.840395e-17
1476.45       	2.840395e-17
1476.5        	2.840395e-17
1476.55       	2.840395e-17
1476.6        	2.840395e-17
1476.65       	2.840395e-17
1476.7        	2.840395e-17
1476.75       	2.840395e-17
1476.8        	2.840395e-17
1476.85       	2.840395e-17
1476.9        	2.840395e-17
1476.95       	2.840395e-17
1477          	2.840395e-17
1477.05       	2.840395e-17
1477.1        	2.840395e-17
1477.15       	2.840395e-17
1477.2        	2.840395e-17
1477.25       	2.840395e-17
1477.3        	2.840395e-17
1477.35       	2.840395e-17
1477.4        	2.840395e-17
1477.45       	2.840395e-17
1477.5        	2.840395e-17
1477.55       	2.840395e-17
1477.6        	2.840395e-17
1477.65       	2.840395e-17
1477.7        	2.840395e-17
1477.75       	2.840395e-17
1477.8        	2.840395e-17
1477.85       	2.840395e-17
1477.9        	2.840395e-17
1477.95       	2.840395e-17
1478          	2.840395e-17
1478.05       	2.840395e-17
1478.1        	2.840395e-17
1478.15       	2.840395e-17
1478.2        	2.840395e-17
1478.25       	2.840395e-17
1478.3        	2.840395e-17
1478.35       	2.840395e-17
1478.4        	2.840395e-17
1478.45       	2.840395e-17
1478.5        	2.840395e-17
1478.55       	2.840395e-17
1478.6        	2.840395e-17
1478.65       	2.840395e-17
1478.7        	2.840395e-17
1478.75       	2.840395e-17
1478.8        	2.840395e-17
1478.85       	2.840395e-17
1478.9        	2.840395e-17
1478.95       	2.840395e-17
1479          	2.840395e-17
1479.05       	2.840395e-17
1479.1        	2.840395e-17
1479.15       	2.840395e-17
1479.2        	2.840395e-17
1479.25       	2.840395e-17
1479.3        	2.840395e-17
1479.35       	2.840395e-17
1479.4        	2.840395e-17
1479.45       	2.840395e-17
1479.5        	2.840395e-17
1479.55       	2.840395e-17
1479.6        	2.840395e-17
1479.65       	2.840395e-17
1479.7        	2.840395e-17
1479.75       	2.840395e-17
1479.8        	2.840395e-17
1479.85       	2.840395e-17
1479.9        	2.840395e-17
1479.95       	2.840395e-17
1480          	2.840395e-17
1480.05       	2.840395e-17
1480.1        	2.840395e-17
1480.15       	2.840395e-17
1480.2        	2.840395e-17
1480.25       	2.840395e-17
1480.3        	2.840395e-17
1480.35       	2.840395e-17
1480.4        	2.840395e-17
1480.45       	2.840395e-17
1480.5        	2.840395e-17
1480.55       	2.840395e-17
1480.6        	2.840395e-17
1480.65       	2.840395e-17
1480.7        	2.840395e-17
1480.75       	2.840395e-17
1480.8        	2.840395e-17
1480.85       	2.840395e-17
1480.9        	2.840395e-17
1480.95       	2.840395e-17
1481          	2.840395e-17
1481.05       	2.840395e-17
1481.1        	2.840395e-17
1481.15       	2.840395e-17
1481.2        	2.840395e-17
1481.25       	2.840395e-17
1481.3        	2.840395e-17
1481.35       	2.840395e-17
1481.4        	2.840395e-17
1481.45       	2.840395e-17
1481.5        	2.840395e-17
1481.55       	2.840395e-17
1481.6        	2.840395e-17
1481.65       	2.840395e-17
1481.7        	2.840395e-17
1481.75       	2.840395e-17
1481.8        	2.840395e-17
1481.85       	2.840395e-17
1481.9        	2.840395e-17
1481.95       	2.840395e-17
1482          	2.840395e-17
1482.05       	2.840395e-17
1482.1        	2.840395e-17
1482.15       	2.840395e-17
1482.2        	2.840395e-17
1482.25       	2.840395e-17
1482.3        	2.840395e-17
1482.35       	2.840395e-17
1482.4        	2.840395e-17
1482.45       	2.840395e-17
1482.5        	2.840395e-17
1482.55       	2.840395e-17
1482.6        	2.840395e-17
1482.65       	2.840395e-17
1482.7        	2.840395e-17
1482.75       	2.840395e-17
1482.8        	2.840395e-17
1482.85       	2.840395e-17
1482.9        	2.840395e-17
1482.95       	2.840395e-17
1483          	2.840395e-17
1483.05       	2.840395e-17
1483.1        	2.840395e-17
1483.15       	2.840395e-17
1483.2        	2.840395e-17
1483.25       	2.840395e-17
1483.3        	2.840395e-17
1483.35       	2.840395e-17
1483.4        	2.840395e-17
1483.45       	2.840395e-17
1483.5        	2.840395e-17
1483.55       	2.840395e-17
1483.6        	2.840395e-17
1483.65       	2.840395e-17
1483.7        	2.840395e-17
1483.75       	2.840395e-17
1483.8        	2.840395e-17
1483.85       	2.840395e-17
1483.9        	2.840395e-17
1483.95       	2.840395e-17
1484          	2.840395e-17
1484.05       	2.840395e-17
1484.1        	2.840395e-17
1484.15       	2.840395e-17
1484.2        	2.840395e-17
1484.25       	2.840395e-17
1484.3        	2.840395e-17
1484.35       	2.840395e-17
1484.4        	2.840395e-17
1484.45       	2.840395e-17
1484.5        	2.840395e-17
1484.55       	2.840395e-17
1484.6        	2.840395e-17
1484.65       	2.840395e-17
1484.7        	2.840395e-17
1484.75       	2.840395e-17
1484.8        	2.840395e-17
1484.85       	2.840395e-17
1484.9        	2.840395e-17
1484.95       	2.840395e-17
1485          	2.840395e-17
1485.05       	2.840395e-17
1485.1        	2.840395e-17
1485.15       	2.840395e-17
1485.2        	2.840395e-17
1485.25       	2.840395e-17
1485.3        	2.840395e-17
1485.35       	2.840395e-17
1485.4        	2.840395e-17
1485.45       	2.840395e-17
1485.5        	2.840395e-17
1485.55       	2.840395e-17
1485.6        	2.840395e-17
1485.65       	2.840395e-17
1485.7        	2.840395e-17
1485.75       	2.840395e-17
1485.8        	2.840395e-17
1485.85       	2.840395e-17
1485.9        	2.840395e-17
1485.95       	2.840395e-17
1486          	2.840395e-17
1486.05       	2.840395e-17
1486.1        	2.840395e-17
1486.15       	2.840395e-17
1486.2        	2.840395e-17
1486.25       	2.840395e-17
1486.3        	2.840395e-17
1486.35       	2.840395e-17
1486.4        	2.840395e-17
1486.45       	2.840395e-17
1486.5        	2.840395e-17
1486.55       	2.840395e-17
1486.6        	2.840395e-17
1486.65       	2.840395e-17
1486.7        	2.840395e-17
1486.75       	2.840395e-17
1486.8        	2.840395e-17
1486.85       	2.840395e-17
1486.9        	2.840395e-17
1486.95       	2.840395e-17
1487          	2.840395e-17
1487.05       	2.840395e-17
1487.1        	2.840395e-17
1487.15       	2.840395e-17
1487.2        	2.840395e-17
1487.25       	2.840395e-17
1487.3        	2.840395e-17
1487.35       	2.840395e-17
1487.4        	2.840395e-17
1487.45       	2.840395e-17
1487.5        	2.840395e-17
1487.55       	2.840395e-17
1487.6        	2.840395e-17
1487.65       	2.840395e-17
1487.7        	2.840395e-17
1487.75       	2.840395e-17
1487.8        	2.840395e-17
1487.85       	2.840395e-17
1487.9        	2.840395e-17
1487.95       	2.840395e-17
1488          	2.840395e-17
1488.05       	2.840395e-17
1488.1        	2.840395e-17
1488.15       	2.840395e-17
1488.2        	2.840395e-17
1488.25       	2.840395e-17
1488.3        	2.840395e-17
1488.35       	2.840395e-17
1488.4        	2.840395e-17
1488.45       	2.840395e-17
1488.5        	2.840395e-17
1488.55       	2.840395e-17
1488.6        	2.840395e-17
1488.65       	2.840395e-17
1488.7        	2.840395e-17
1488.75       	2.840395e-17
1488.8        	2.840395e-17
1488.85       	2.840395e-17
1488.9        	2.840395e-17
1488.95       	2.840395e-17
1489          	2.840395e-17
1489.05       	2.840395e-17
1489.1        	2.840395e-17
1489.15       	2.840395e-17
1489.2        	2.840395e-17
1489.25       	2.840395e-17
1489.3        	2.840395e-17
1489.35       	2.840395e-17
1489.4        	2.840395e-17
1489.45       	2.840395e-17
1489.5        	2.840395e-17
1489.55       	2.840395e-17
1489.6        	2.840395e-17
1489.65       	2.840395e-17
1489.7        	2.840395e-17
1489.75       	2.840395e-17
1489.8        	2.840395e-17
1489.85       	2.840395e-17
1489.9        	2.840395e-17
1489.95       	2.840395e-17
1490          	2.840395e-17
1490.05       	2.840395e-17
1490.1        	2.840395e-17
1490.15       	2.840395e-17
1490.2        	2.840395e-17
1490.25       	2.840395e-17
1490.3        	2.840395e-17
1490.35       	2.840395e-17
1490.4        	2.840395e-17
1490.45       	2.840395e-17
1490.5        	2.840395e-17
1490.55       	2.840395e-17
1490.6        	2.840395e-17
1490.65       	2.840395e-17
1490.7        	2.840395e-17
1490.75       	2.840395e-17
1490.8        	2.840395e-17
1490.85       	2.840395e-17
1490.9        	2.840395e-17
1490.95       	2.840395e-17
1491          	2.840395e-17
1491.05       	2.840395e-17
1491.1        	2.840395e-17
1491.15       	2.840395e-17
1491.2        	2.840395e-17
1491.25       	2.840395e-17
1491.3        	2.840395e-17
1491.35       	2.840395e-17
1491.4        	2.840395e-17
1491.45       	2.840395e-17
1491.5        	2.840395e-17
1491.55       	2.840395e-17
1491.6        	2.840395e-17
1491.65       	2.840395e-17
1491.7        	2.840395e-17
1491.75       	2.840395e-17
1491.8        	2.840395e-17
1491.85       	2.840395e-17
1491.9        	2.840395e-17
1491.95       	2.840395e-17
1492          	2.840395e-17
1492.05       	2.840395e-17
1492.1        	2.840395e-17
1492.15       	2.840395e-17
1492.2        	2.840395e-17
1492.25       	2.840395e-17
1492.3        	2.840395e-17
1492.35       	2.840395e-17
1492.4        	2.840395e-17
1492.45       	2.840395e-17
1492.5        	2.840395e-17
1492.55       	2.840395e-17
1492.6        	2.840395e-17
1492.65       	2.840395e-17
1492.7        	2.840395e-17
1492.75       	2.840395e-17
1492.8        	2.840395e-17
1492.85       	2.840395e-17
1492.9        	2.840395e-17
1492.95       	2.840395e-17
1493          	2.840395e-17
1493.05       	2.840395e-17
1493.1        	2.840395e-17
1493.15       	2.840395e-17
1493.2        	2.840395e-17
1493.25       	2.840395e-17
1493.3        	2.840395e-17
1493.35       	2.840395e-17
1493.4        	2.840395e-17
1493.45       	2.840395e-17
1493.5        	2.840395e-17
1493.55       	2.840395e-17
1493.6        	2.840395e-17
1493.65       	2.840395e-17
1493.7        	2.840395e-17
1493.75       	2.840395e-17
1493.8        	2.840395e-17
1493.85       	2.840395e-17
1493.9        	2.840395e-17
1493.95       	2.840395e-17
1494          	2.840395e-17
1494.05       	2.840395e-17
1494.1        	2.840395e-17
1494.15       	2.840395e-17
1494.2        	2.840395e-17
1494.25       	2.840395e-17
1494.3        	2.840395e-17
1494.35       	2.840395e-17
1494.4        	2.840395e-17
1494.45       	2.840395e-17
1494.5        	2.840395e-17
1494.55       	2.840395e-17
1494.6        	2.840395e-17
1494.65       	2.840395e-17
1494.7        	2.840395e-17
1494.75       	2.840395e-17
1494.8        	2.840395e-17
1494.85       	2.840395e-17
1494.9        	2.840395e-17
1494.95       	2.840395e-17
1495          	2.840395e-17
1495.05       	2.840395e-17
1495.1        	2.840395e-17
1495.15       	2.840395e-17
1495.2        	2.840395e-17
1495.25       	2.840395e-17
1495.3        	2.840395e-17
1495.35       	2.840395e-17
1495.4        	2.840395e-17
1495.45       	2.840395e-17
1495.5        	2.840395e-17
1495.55       	2.840395e-17
1495.6        	2.840395e-17
1495.65       	2.840395e-17
1495.7        	2.840395e-17
1495.75       	2.840395e-17
1495.8        	2.840395e-17
1495.85       	2.840395e-17
1495.9        	2.840395e-17
1495.95       	2.840395e-17
1496          	2.840395e-17
1496.05       	2.840395e-17
1496.1        	2.840395e-17
1496.15       	2.840395e-17
1496.2        	2.840395e-17
1496.25       	2.840395e-17
1496.3        	2.840395e-17
1496.35       	2.840395e-17
1496.4        	2.840395e-17
1496.45       	2.840395e-17
1496.5        	2.840395e-17
1496.55       	2.840395e-17
1496.6        	2.840395e-17
1496.65       	2.840395e-17
1496.7        	2.840395e-17
1496.75       	2.840395e-17
1496.8        	2.840395e-17
1496.85       	2.840395e-17
1496.9        	2.840395e-17
1496.95       	2.840395e-17
1497          	2.840395e-17
1497.05       	2.840395e-17
1497.1        	2.840395e-17
1497.15       	2.840395e-17
1497.2        	2.840395e-17
1497.25       	2.840395e-17
1497.3        	2.840395e-17
1497.35       	2.840395e-17
1497.4        	2.840395e-17
1497.45       	2.840395e-17
1497.5        	2.840395e-17
1497.55       	2.840395e-17
1497.6        	2.840395e-17
1497.65       	2.840395e-17
1497.7        	2.840395e-17
1497.75       	2.840395e-17
1497.8        	2.840395e-17
1497.85       	2.840395e-17
1497.9        	2.840395e-17
1497.95       	2.840395e-17
1498          	2.840395e-17
1498.05       	2.840395e-17
1498.1        	2.840395e-17
1498.15       	2.840395e-17
1498.2        	2.840395e-17
1498.25       	2.840395e-17
1498.3        	2.840395e-17
1498.35       	2.840395e-17
1498.4        	2.840395e-17
1498.45       	2.840395e-17
1498.5        	2.840395e-17
1498.55       	2.840395e-17
1498.6        	2.840395e-17
1498.65       	2.840395e-17
1498.7        	2.840395e-17
1498.75       	2.840395e-17
1498.8        	2.840395e-17
1498.85       	2.840395e-17
1498.9        	2.840395e-17
1498.95       	2.840395e-17
1499          	2.840395e-17
1499.05       	2.840395e-17
1499.1        	2.840395e-17
1499.15       	2.840395e-17
1499.2        	2.840395e-17
1499.25       	2.840395e-17
1499.3        	2.840395e-17
1499.35       	2.840395e-17
1499.4        	2.840395e-17
1499.45       	2.840395e-17
1499.5        	2.840395e-17
1499.55       	2.840395e-17
1499.6        	2.840395e-17
1499.65       	2.840395e-17
1499.7        	2.840395e-17
1499.75       	2.840395e-17
1499.8        	2.840395e-17
1499.85       	2.840395e-17
1499.9        	2.840395e-17
1499.95       	2.840395e-17
1500          	2.840395e-17
1500.05       	2.840395e-17
1500.1        	2.840395e-17
1500.15       	2.840395e-17
1500.2        	2.840395e-17
1500.25       	2.840395e-17
1500.3        	2.840395e-17
1500.35       	2.840395e-17
1500.4        	2.840395e-17
1500.45       	2.840395e-17
1500.5        	2.840395e-17
1500.55       	2.840395e-17
1500.6        	2.840395e-17
1500.65       	2.840395e-17
1500.7        	2.840395e-17
1500.75       	2.840395e-17
1500.8        	2.840395e-17
1500.85       	2.840395e-17
1500.9        	2.840395e-17
1500.95       	2.840395e-17
1501          	2.840395e-17
1501.05       	2.840395e-17
1501.1        	2.840395e-17
1501.15       	2.840395e-17
1501.2        	2.840395e-17
1501.25       	2.840395e-17
1501.3        	2.840395e-17
1501.35       	2.840395e-17
1501.4        	2.840395e-17
1501.45       	2.840395e-17
1501.5        	2.840395e-17
1501.55       	2.840395e-17
1501.6        	2.840395e-17
1501.65       	2.840395e-17
1501.7        	2.840395e-17
1501.75       	2.840395e-17
1501.8        	2.840395e-17
1501.85       	2.840395e-17
1501.9        	2.840395e-17
1501.95       	2.840395e-17
1502          	2.840395e-17
1502.05       	2.840395e-17
1502.1        	2.840395e-17
1502.15       	2.840395e-17
1502.2        	2.840395e-17
1502.25       	2.840395e-17
1502.3        	2.840395e-17
1502.35       	2.840395e-17
1502.4        	2.840395e-17
1502.45       	2.840395e-17
1502.5        	2.840395e-17
1502.55       	2.840395e-17
1502.6        	2.840395e-17
1502.65       	2.840395e-17
1502.7        	2.840395e-17
1502.75       	2.840395e-17
1502.8        	2.840395e-17
1502.85       	2.840395e-17
1502.9        	2.840395e-17
1502.95       	2.840395e-17
1503          	2.840395e-17
1503.05       	2.840395e-17
1503.1        	2.840395e-17
1503.15       	2.840395e-17
1503.2        	2.840395e-17
1503.25       	2.840395e-17
1503.3        	2.840395e-17
1503.35       	2.840395e-17
1503.4        	2.840395e-17
1503.45       	2.840395e-17
1503.5        	2.840395e-17
1503.55       	2.840395e-17
1503.6        	2.840395e-17
1503.65       	2.840395e-17
1503.7        	2.840395e-17
1503.75       	2.840395e-17
1503.8        	2.840395e-17
1503.85       	2.840395e-17
1503.9        	2.840395e-17
1503.95       	2.840395e-17
1504          	2.840395e-17
1504.05       	2.840395e-17
1504.1        	2.840395e-17
1504.15       	2.840395e-17
1504.2        	2.840395e-17
1504.25       	2.840395e-17
1504.3        	2.840395e-17
1504.35       	2.840395e-17
1504.4        	2.840395e-17
1504.45       	2.840395e-17
1504.5        	2.840395e-17
1504.55       	2.840395e-17
1504.6        	2.840395e-17
1504.65       	2.840395e-17
1504.7        	2.840395e-17
1504.75       	2.840395e-17
1504.8        	2.840395e-17
1504.85       	2.840395e-17
1504.9        	2.840395e-17
1504.95       	2.840395e-17
1505          	2.840395e-17
1505.05       	2.840395e-17
1505.1        	2.840395e-17
1505.15       	2.840395e-17
1505.2        	2.840395e-17
1505.25       	2.840395e-17
1505.3        	2.840395e-17
1505.35       	2.840395e-17
1505.4        	2.840395e-17
1505.45       	2.840395e-17
1505.5        	2.840395e-17
1505.55       	2.840395e-17
1505.6        	2.840395e-17
1505.65       	2.840395e-17
1505.7        	2.840395e-17
1505.75       	2.840395e-17
1505.8        	2.840395e-17
1505.85       	2.840395e-17
1505.9        	2.840395e-17
1505.95       	2.840395e-17
1506          	2.840395e-17
1506.05       	2.840395e-17
1506.1        	2.840395e-17
1506.15       	2.840395e-17
1506.2        	2.840395e-17
1506.25       	2.840395e-17
1506.3        	2.840395e-17
1506.35       	2.840395e-17
1506.4        	2.840395e-17
1506.45       	2.840395e-17
1506.5        	2.840395e-17
1506.55       	2.840395e-17
1506.6        	2.840395e-17
1506.65       	2.840395e-17
1506.7        	2.840395e-17
1506.75       	2.840395e-17
1506.8        	2.840395e-17
1506.85       	2.840395e-17
1506.9        	2.840395e-17
1506.95       	2.840395e-17
1507          	2.840395e-17
1507.05       	2.840395e-17
1507.1        	2.840395e-17
1507.15       	2.840395e-17
1507.2        	2.840395e-17
1507.25       	2.840395e-17
1507.3        	2.840395e-17
1507.35       	2.840395e-17
1507.4        	2.840395e-17
1507.45       	2.840395e-17
1507.5        	2.840395e-17
1507.55       	2.840395e-17
1507.6        	2.840395e-17
1507.65       	2.840395e-17
1507.7        	2.840395e-17
1507.75       	2.840395e-17
1507.8        	2.840395e-17
1507.85       	2.840395e-17
1507.9        	2.840395e-17
1507.95       	2.840395e-17
1508          	2.840395e-17
1508.05       	2.840395e-17
1508.1        	2.840395e-17
1508.15       	2.840395e-17
1508.2        	2.840395e-17
1508.25       	2.840395e-17
1508.3        	2.840395e-17
1508.35       	2.840395e-17
1508.4        	2.840395e-17
1508.45       	2.840395e-17
1508.5        	2.840395e-17
1508.55       	2.840395e-17
1508.6        	2.840395e-17
1508.65       	2.840395e-17
1508.7        	2.840395e-17
1508.75       	2.840395e-17
1508.8        	2.840395e-17
1508.85       	2.840395e-17
1508.9        	2.840395e-17
1508.95       	2.840395e-17
1509          	2.840395e-17
1509.05       	2.840395e-17
1509.1        	2.840395e-17
1509.15       	2.840395e-17
1509.2        	2.840395e-17
1509.25       	2.840395e-17
1509.3        	2.840395e-17
1509.35       	2.840395e-17
1509.4        	2.840395e-17
1509.45       	2.840395e-17
1509.5        	2.840395e-17
1509.55       	2.840395e-17
1509.6        	2.840395e-17
1509.65       	2.840395e-17
1509.7        	2.840395e-17
1509.75       	2.840395e-17
1509.8        	2.840395e-17
1509.85       	2.840395e-17
1509.9        	2.840395e-17
1509.95       	2.840395e-17
1510          	2.840395e-17
1510.05       	2.840395e-17
1510.1        	2.840395e-17
1510.15       	2.840395e-17
1510.2        	2.840395e-17
1510.25       	2.840395e-17
1510.3        	2.840395e-17
1510.35       	2.840395e-17
1510.4        	2.840395e-17
1510.45       	2.840395e-17
1510.5        	2.840395e-17
1510.55       	2.840395e-17
1510.6        	2.840395e-17
1510.65       	2.840395e-17
1510.7        	2.840395e-17
1510.75       	2.840395e-17
1510.8        	2.840395e-17
1510.85       	2.840395e-17
1510.9        	2.840395e-17
1510.95       	2.840395e-17
1511          	2.840395e-17
1511.05       	2.840395e-17
1511.1        	2.840395e-17
1511.15       	2.840395e-17
1511.2        	2.840395e-17
1511.25       	2.840395e-17
1511.3        	2.840395e-17
1511.35       	2.840395e-17
1511.4        	2.840395e-17
1511.45       	2.840395e-17
1511.5        	2.840395e-17
1511.55       	2.840395e-17
1511.6        	2.840395e-17
1511.65       	2.840395e-17
1511.7        	2.840395e-17
1511.75       	2.840395e-17
1511.8        	2.840395e-17
1511.85       	2.840395e-17
1511.9        	2.840395e-17
1511.95       	2.840395e-17
1512          	2.840395e-17
1512.05       	2.840395e-17
1512.1        	2.840395e-17
1512.15       	2.840395e-17
1512.2        	2.840395e-17
1512.25       	2.840395e-17
1512.3        	2.840395e-17
1512.35       	2.840395e-17
1512.4        	2.840395e-17
1512.45       	2.840395e-17
1512.5        	2.840395e-17
1512.55       	2.840395e-17
1512.6        	2.840395e-17
1512.65       	2.840395e-17
1512.7        	2.840395e-17
1512.75       	2.840395e-17
1512.8        	2.840395e-17
1512.85       	2.840395e-17
1512.9        	2.840395e-17
1512.95       	2.840395e-17
1513          	2.840395e-17
1513.05       	2.840395e-17
1513.1        	2.840395e-17
1513.15       	2.840395e-17
1513.2        	2.840395e-17
1513.25       	2.840395e-17
1513.3        	2.840395e-17
1513.35       	2.840395e-17
1513.4        	2.840395e-17
1513.45       	2.840395e-17
1513.5        	2.840395e-17
1513.55       	2.840395e-17
1513.6        	2.840395e-17
1513.65       	2.840395e-17
1513.7        	2.840395e-17
1513.75       	2.840395e-17
1513.8        	2.840395e-17
1513.85       	2.840395e-17
1513.9        	2.840395e-17
1513.95       	2.840395e-17
1514          	2.840395e-17
1514.05       	2.840395e-17
1514.1        	2.840395e-17
1514.15       	2.840395e-17
1514.2        	2.840395e-17
1514.25       	2.840395e-17
1514.3        	2.840395e-17
1514.35       	2.840395e-17
1514.4        	2.840395e-17
1514.45       	2.840395e-17
1514.5        	2.840395e-17
1514.55       	2.840395e-17
1514.6        	2.840395e-17
1514.65       	2.840395e-17
1514.7        	2.840395e-17
1514.75       	2.840395e-17
1514.8        	2.840395e-17
1514.85       	2.840395e-17
1514.9        	2.840395e-17
1514.95       	2.840395e-17
1515          	2.840395e-17
1515.05       	2.840395e-17
1515.1        	2.840395e-17
1515.15       	2.840395e-17
1515.2        	2.840395e-17
1515.25       	2.840395e-17
1515.3        	2.840395e-17
1515.35       	2.840395e-17
1515.4        	2.840395e-17
1515.45       	2.840395e-17
1515.5        	2.840395e-17
1515.55       	2.840395e-17
1515.6        	2.840395e-17
1515.65       	2.840395e-17
1515.7        	2.840395e-17
1515.75       	2.840395e-17
1515.8        	2.840395e-17
1515.85       	2.840395e-17
1515.9        	2.840395e-17
1515.95       	2.840395e-17
1516          	2.840395e-17
1516.05       	2.840395e-17
1516.1        	2.840395e-17
1516.15       	2.840395e-17
1516.2        	2.840395e-17
1516.25       	2.840395e-17
1516.3        	2.840395e-17
1516.35       	2.840395e-17
1516.4        	2.840395e-17
1516.45       	2.840395e-17
1516.5        	2.840395e-17
1516.55       	2.840395e-17
1516.6        	2.840395e-17
1516.65       	2.840395e-17
1516.7        	2.840395e-17
1516.75       	2.840395e-17
1516.8        	2.840395e-17
1516.85       	2.840395e-17
1516.9        	2.840395e-17
1516.95       	2.840395e-17
1517          	2.840395e-17
1517.05       	2.840395e-17
1517.1        	2.840395e-17
1517.15       	2.840395e-17
1517.2        	2.840395e-17
1517.25       	2.840395e-17
1517.3        	2.840395e-17
1517.35       	2.840395e-17
1517.4        	2.840395e-17
1517.45       	2.840395e-17
1517.5        	2.840395e-17
1517.55       	2.840395e-17
1517.6        	2.840395e-17
1517.65       	2.840395e-17
1517.7        	2.840395e-17
1517.75       	2.840395e-17
1517.8        	2.840395e-17
1517.85       	2.840395e-17
1517.9        	2.840395e-17
1517.95       	2.840395e-17
1518          	2.840395e-17
1518.05       	2.840395e-17
1518.1        	2.840395e-17
1518.15       	2.840395e-17
1518.2        	2.840395e-17
1518.25       	2.840395e-17
1518.3        	2.840395e-17
1518.35       	2.840395e-17
1518.4        	2.840395e-17
1518.45       	2.840395e-17
1518.5        	2.840395e-17
1518.55       	2.840395e-17
1518.6        	2.840395e-17
1518.65       	2.840395e-17
1518.7        	2.840395e-17
1518.75       	2.840395e-17
1518.8        	2.840395e-17
1518.85       	2.840395e-17
1518.9        	2.840395e-17
1518.95       	2.840395e-17
1519          	2.840395e-17
1519.05       	2.840395e-17
1519.1        	2.840395e-17
1519.15       	2.840395e-17
1519.2        	2.840395e-17
1519.25       	2.840395e-17
1519.3        	2.840395e-17
1519.35       	2.840395e-17
1519.4        	2.840395e-17
1519.45       	2.840395e-17
1519.5        	2.840395e-17
1519.55       	2.840395e-17
1519.6        	2.840395e-17
1519.65       	2.840395e-17
1519.7        	2.840395e-17
1519.75       	2.840395e-17
1519.8        	2.840395e-17
1519.85       	2.840395e-17
1519.9        	2.840395e-17
1519.95       	2.840395e-17
1520          	2.840395e-17
1520.05       	2.840395e-17
1520.1        	2.840395e-17
1520.15       	2.840395e-17
1520.2        	2.840395e-17
1520.25       	2.840395e-17
1520.3        	2.840395e-17
1520.35       	2.840395e-17
1520.4        	2.840395e-17
1520.45       	2.840395e-17
1520.5        	2.840395e-17
1520.55       	2.840395e-17
1520.6        	2.840395e-17
1520.65       	2.840395e-17
1520.7        	2.840395e-17
1520.75       	2.840395e-17
1520.8        	2.840395e-17
1520.85       	2.840395e-17
1520.9        	2.840395e-17
1520.95       	2.840395e-17
1521          	2.840395e-17
1521.05       	2.840395e-17
1521.1        	2.840395e-17
1521.15       	2.840395e-17
1521.2        	2.840395e-17
1521.25       	2.840395e-17
1521.3        	2.840395e-17
1521.35       	2.840395e-17
1521.4        	2.840395e-17
1521.45       	2.840395e-17
1521.5        	2.840395e-17
1521.55       	2.840395e-17
1521.6        	2.840395e-17
1521.65       	2.840395e-17
1521.7        	2.840395e-17
1521.75       	2.840395e-17
1521.8        	2.840395e-17
1521.85       	2.840395e-17
1521.9        	2.840395e-17
1521.95       	2.840395e-17
1522          	2.840395e-17
1522.05       	2.840395e-17
1522.1        	2.840395e-17
1522.15       	2.840395e-17
1522.2        	2.840395e-17
1522.25       	2.840395e-17
1522.3        	2.840395e-17
1522.35       	2.840395e-17
1522.4        	2.840395e-17
1522.45       	2.840395e-17
1522.5        	2.840395e-17
1522.55       	2.840395e-17
1522.6        	2.840395e-17
1522.65       	2.840395e-17
1522.7        	2.840395e-17
1522.75       	2.840395e-17
1522.8        	2.840395e-17
1522.85       	2.840395e-17
1522.9        	2.840395e-17
1522.95       	2.840395e-17
1523          	2.840395e-17
1523.05       	2.840395e-17
1523.1        	2.840395e-17
1523.15       	2.840395e-17
1523.2        	2.840395e-17
1523.25       	2.840395e-17
1523.3        	2.840395e-17
1523.35       	2.840395e-17
1523.4        	2.840395e-17
1523.45       	2.840395e-17
1523.5        	2.840395e-17
1523.55       	2.840395e-17
1523.6        	2.840395e-17
1523.65       	2.840395e-17
1523.7        	2.840395e-17
1523.75       	2.840395e-17
1523.8        	2.840395e-17
1523.85       	2.840395e-17
1523.9        	2.840395e-17
1523.95       	2.840395e-17
1524          	2.840395e-17
1524.05       	2.840395e-17
1524.1        	2.840395e-17
1524.15       	2.840395e-17
1524.2        	2.840395e-17
1524.25       	2.840395e-17
1524.3        	2.840395e-17
1524.35       	2.840395e-17
1524.4        	2.840395e-17
1524.45       	2.840395e-17
1524.5        	2.840395e-17
1524.55       	2.840395e-17
1524.6        	2.840395e-17
1524.65       	2.840395e-17
1524.7        	2.840395e-17
1524.75       	2.840395e-17
1524.8        	2.840395e-17
1524.85       	2.840395e-17
1524.9        	2.840395e-17
1524.95       	2.840395e-17
1525          	2.840395e-17
1525.05       	2.840395e-17
1525.1        	2.840395e-17
1525.15       	2.840395e-17
1525.2        	2.840395e-17
1525.25       	2.840395e-17
1525.3        	2.840395e-17
1525.35       	2.840395e-17
1525.4        	2.840395e-17
1525.45       	2.840395e-17
1525.5        	2.840395e-17
1525.55       	2.840395e-17
1525.6        	2.840395e-17
1525.65       	2.840395e-17
1525.7        	2.840395e-17
1525.75       	2.840395e-17
1525.8        	2.840395e-17
1525.85       	2.840395e-17
1525.9        	2.840395e-17
1525.95       	2.840395e-17
1526          	2.840395e-17
1526.05       	2.840395e-17
1526.1        	2.840395e-17
1526.15       	2.840395e-17
1526.2        	2.840395e-17
1526.25       	2.840395e-17
1526.3        	2.840395e-17
1526.35       	2.840395e-17
1526.4        	2.840395e-17
1526.45       	2.840395e-17
1526.5        	2.840395e-17
1526.55       	2.840395e-17
1526.6        	2.840395e-17
1526.65       	2.840395e-17
1526.7        	2.840395e-17
1526.75       	2.840395e-17
1526.8        	2.840395e-17
1526.85       	2.840395e-17
1526.9        	2.840395e-17
1526.95       	2.840395e-17
1527          	2.840395e-17
1527.05       	2.840395e-17
1527.1        	2.840395e-17
1527.15       	2.840395e-17
1527.2        	2.840395e-17
1527.25       	2.840395e-17
1527.3        	2.840395e-17
1527.35       	2.840395e-17
1527.4        	2.840395e-17
1527.45       	2.840395e-17
1527.5        	2.840395e-17
1527.55       	2.840395e-17
1527.6        	2.840395e-17
1527.65       	2.840395e-17
1527.7        	2.840395e-17
1527.75       	2.840395e-17
1527.8        	2.840395e-17
1527.85       	2.840395e-17
1527.9        	2.840395e-17
1527.95       	2.840395e-17
1528          	2.840395e-17
1528.05       	2.840395e-17
1528.1        	2.840395e-17
1528.15       	2.840395e-17
1528.2        	2.840395e-17
1528.25       	2.840395e-17
1528.3        	2.840395e-17
1528.35       	2.840395e-17
1528.4        	2.840395e-17
1528.45       	2.840395e-17
1528.5        	2.840395e-17
1528.55       	2.840395e-17
1528.6        	2.840395e-17
1528.65       	2.840395e-17
1528.7        	2.840395e-17
1528.75       	2.840395e-17
1528.8        	2.840395e-17
1528.85       	2.840395e-17
1528.9        	2.840395e-17
1528.95       	2.840395e-17
1529          	2.840395e-17
1529.05       	2.840395e-17
1529.1        	2.840395e-17
1529.15       	2.840395e-17
1529.2        	2.840395e-17
1529.25       	2.840395e-17
1529.3        	2.840395e-17
1529.35       	2.840395e-17
1529.4        	2.840395e-17
1529.45       	2.840395e-17
1529.5        	2.840395e-17
1529.55       	2.840395e-17
1529.6        	2.840395e-17
1529.65       	2.840395e-17
1529.7        	2.840395e-17
1529.75       	2.840395e-17
1529.8        	2.840395e-17
1529.85       	2.840395e-17
1529.9        	2.840395e-17
1529.95       	2.840395e-17
1530          	2.840395e-17
1530.05       	2.840395e-17
1530.1        	2.840395e-17
1530.15       	2.840395e-17
1530.2        	2.840395e-17
1530.25       	2.840395e-17
1530.3        	2.840395e-17
1530.35       	2.840395e-17
1530.4        	2.840395e-17
1530.45       	2.840395e-17
1530.5        	2.840395e-17
1530.55       	2.840395e-17
1530.6        	2.840395e-17
1530.65       	2.840395e-17
1530.7        	2.840395e-17
1530.75       	2.840395e-17
1530.8        	2.840395e-17
1530.85       	2.840395e-17
1530.9        	2.840395e-17
1530.95       	2.840395e-17
1531          	2.840395e-17
1531.05       	2.840395e-17
1531.1        	2.840395e-17
1531.15       	2.840395e-17
1531.2        	2.840395e-17
1531.25       	2.840395e-17
1531.3        	2.840395e-17
1531.35       	2.840395e-17
1531.4        	2.840395e-17
1531.45       	2.840395e-17
1531.5        	2.840395e-17
1531.55       	2.840395e-17
1531.6        	2.840395e-17
1531.65       	2.840395e-17
1531.7        	2.840395e-17
1531.75       	2.840395e-17
1531.8        	2.840395e-17
1531.85       	2.840395e-17
1531.9        	2.840395e-17
1531.95       	2.840395e-17
1532          	2.840395e-17
1532.05       	2.840395e-17
1532.1        	2.840395e-17
1532.15       	2.840395e-17
1532.2        	2.840395e-17
1532.25       	2.840395e-17
1532.3        	2.840395e-17
1532.35       	2.840395e-17
1532.4        	2.840395e-17
1532.45       	2.840395e-17
1532.5        	2.840395e-17
1532.55       	2.840395e-17
1532.6        	2.840395e-17
1532.65       	2.840395e-17
1532.7        	2.840395e-17
1532.75       	2.840395e-17
1532.8        	2.840395e-17
1532.85       	2.840395e-17
1532.9        	2.840395e-17
1532.95       	2.840395e-17
1533          	2.840395e-17
1533.05       	2.840395e-17
1533.1        	2.840395e-17
1533.15       	2.840395e-17
1533.2        	2.840395e-17
1533.25       	2.840395e-17
1533.3        	2.840395e-17
1533.35       	2.840395e-17
1533.4        	2.840395e-17
1533.45       	2.840395e-17
1533.5        	2.840395e-17
1533.55       	2.840395e-17
1533.6        	2.840395e-17
1533.65       	2.840395e-17
1533.7        	2.840395e-17
1533.75       	2.840395e-17
1533.8        	2.840395e-17
1533.85       	2.840395e-17
1533.9        	2.840395e-17
1533.95       	2.840395e-17
1534          	2.840395e-17
1534.05       	2.840395e-17
1534.1        	2.840395e-17
1534.15       	2.840395e-17
1534.2        	2.840395e-17
1534.25       	2.840395e-17
1534.3        	2.840395e-17
1534.35       	2.840395e-17
1534.4        	2.840395e-17
1534.45       	2.840395e-17
1534.5        	2.840395e-17
1534.55       	2.840395e-17
1534.6        	2.840395e-17
1534.65       	2.840395e-17
1534.7        	2.840395e-17
1534.75       	2.840395e-17
1534.8        	2.840395e-17
1534.85       	2.840395e-17
1534.9        	2.840395e-17
1534.95       	2.840395e-17
1535          	2.840395e-17
1535.05       	2.840395e-17
1535.1        	2.840395e-17
1535.15       	2.840395e-17
1535.2        	2.840395e-17
1535.25       	2.840395e-17
1535.3        	2.840395e-17
1535.35       	2.840395e-17
1535.4        	2.840395e-17
1535.45       	2.840395e-17
1535.5        	2.840395e-17
1535.55       	2.840395e-17
1535.6        	2.840395e-17
1535.65       	2.840395e-17
1535.7        	2.840395e-17
1535.75       	2.840395e-17
1535.8        	2.840395e-17
1535.85       	2.840395e-17
1535.9        	2.840395e-17
1535.95       	2.840395e-17
1536          	2.840395e-17
1536.05       	2.840395e-17
1536.1        	2.840395e-17
1536.15       	2.840395e-17
1536.2        	2.840395e-17
1536.25       	2.840395e-17
1536.3        	2.840395e-17
1536.35       	2.840395e-17
1536.4        	2.840395e-17
1536.45       	2.840395e-17
1536.5        	2.840395e-17
1536.55       	2.840395e-17
1536.6        	2.840395e-17
1536.65       	2.840395e-17
1536.7        	2.840395e-17
1536.75       	2.840395e-17
1536.8        	2.840395e-17
1536.85       	2.840395e-17
1536.9        	2.840395e-17
1536.95       	2.840395e-17
1537          	2.840395e-17
1537.05       	2.840395e-17
1537.1        	2.840395e-17
1537.15       	2.840395e-17
1537.2        	2.840395e-17
1537.25       	2.840395e-17
1537.3        	2.840395e-17
1537.35       	2.840395e-17
1537.4        	2.840395e-17
1537.45       	2.840395e-17
1537.5        	2.840395e-17
1537.55       	2.840395e-17
1537.6        	2.840395e-17
1537.65       	2.840395e-17
1537.7        	2.840395e-17
1537.75       	2.840395e-17
1537.8        	2.840395e-17
1537.85       	2.840395e-17
1537.9        	2.840395e-17
1537.95       	2.840395e-17
1538          	2.840395e-17
1538.05       	2.840395e-17
1538.1        	2.840395e-17
1538.15       	2.840395e-17
1538.2        	2.840395e-17
1538.25       	2.840395e-17
1538.3        	2.840395e-17
1538.35       	2.840395e-17
1538.4        	2.840395e-17
1538.45       	2.840395e-17
1538.5        	2.840395e-17
1538.55       	2.840395e-17
1538.6        	2.840395e-17
1538.65       	2.840395e-17
1538.7        	2.840395e-17
1538.75       	2.840395e-17
1538.8        	2.840395e-17
1538.85       	2.840395e-17
1538.9        	2.840395e-17
1538.95       	2.840395e-17
1539          	2.840395e-17
1539.05       	2.840395e-17
1539.1        	2.840395e-17
1539.15       	2.840395e-17
1539.2        	2.840395e-17
1539.25       	2.840395e-17
1539.3        	2.840395e-17
1539.35       	2.840395e-17
1539.4        	2.840395e-17
1539.45       	2.840395e-17
1539.5        	2.840395e-17
1539.55       	2.840395e-17
1539.6        	2.840395e-17
1539.65       	2.840395e-17
1539.7        	2.840395e-17
1539.75       	2.840395e-17
1539.8        	2.840395e-17
1539.85       	2.840395e-17
1539.9        	2.840395e-17
1539.95       	2.840395e-17
1540          	2.840395e-17
1540.05       	2.840395e-17
1540.1        	2.840395e-17
1540.15       	2.840395e-17
1540.2        	2.840395e-17
1540.25       	2.840395e-17
1540.3        	2.840395e-17
1540.35       	2.840395e-17
1540.4        	2.840395e-17
1540.45       	2.840395e-17
1540.5        	2.840395e-17
1540.55       	2.840395e-17
1540.6        	2.840395e-17
1540.65       	2.840395e-17
1540.7        	2.840395e-17
1540.75       	2.840395e-17
1540.8        	2.840395e-17
1540.85       	2.840395e-17
1540.9        	2.840395e-17
1540.95       	2.840395e-17
1541          	2.840395e-17
1541.05       	2.840395e-17
1541.1        	2.840395e-17
1541.15       	2.840395e-17
1541.2        	2.840395e-17
1541.25       	2.840395e-17
1541.3        	2.840395e-17
1541.35       	2.840395e-17
1541.4        	2.840395e-17
1541.45       	2.840395e-17
1541.5        	2.840395e-17
1541.55       	2.840395e-17
1541.6        	2.840395e-17
1541.65       	2.840395e-17
1541.7        	2.840395e-17
1541.75       	2.840395e-17
1541.8        	2.840395e-17
1541.85       	2.840395e-17
1541.9        	2.840395e-17
1541.95       	2.840395e-17
1542          	2.840395e-17
1542.05       	2.840395e-17
1542.1        	2.840395e-17
1542.15       	2.840395e-17
1542.2        	2.840395e-17
1542.25       	2.840395e-17
1542.3        	2.840395e-17
1542.35       	2.840395e-17
1542.4        	2.840395e-17
1542.45       	2.840395e-17
1542.5        	2.840395e-17
1542.55       	2.840395e-17
1542.6        	2.840395e-17
1542.65       	2.840395e-17
1542.7        	2.840395e-17
1542.75       	2.840395e-17
1542.8        	2.840395e-17
1542.85       	2.840395e-17
1542.9        	2.840395e-17
1542.95       	2.840395e-17
1543          	2.840395e-17
1543.05       	2.840395e-17
1543.1        	2.840395e-17
1543.15       	2.840395e-17
1543.2        	2.840395e-17
1543.25       	2.840395e-17
1543.3        	2.840395e-17
1543.35       	2.840395e-17
1543.4        	2.840395e-17
1543.45       	2.840395e-17
1543.5        	2.840395e-17
1543.55       	2.840395e-17
1543.6        	2.840395e-17
1543.65       	2.840395e-17
1543.7        	2.840395e-17
1543.75       	2.840395e-17
1543.8        	2.840395e-17
1543.85       	2.840395e-17
1543.9        	2.840395e-17
1543.95       	2.840395e-17
1544          	2.840395e-17
1544.05       	2.840395e-17
1544.1        	2.840395e-17
1544.15       	2.840395e-17
1544.2        	2.840395e-17
1544.25       	2.840395e-17
1544.3        	2.840395e-17
1544.35       	2.840395e-17
1544.4        	2.840395e-17
1544.45       	2.840395e-17
1544.5        	2.840395e-17
1544.55       	2.840395e-17
1544.6        	2.840395e-17
1544.65       	2.840395e-17
1544.7        	2.840395e-17
1544.75       	2.840395e-17
1544.8        	2.840395e-17
1544.85       	2.840395e-17
1544.9        	2.840395e-17
1544.95       	2.840395e-17
1545          	2.840395e-17
1545.05       	2.840395e-17
1545.1        	2.840395e-17
1545.15       	2.840395e-17
1545.2        	2.840395e-17
1545.25       	2.840395e-17
1545.3        	2.840395e-17
1545.35       	2.840395e-17
1545.4        	2.840395e-17
1545.45       	2.840395e-17
1545.5        	2.840395e-17
1545.55       	2.840395e-17
1545.6        	2.840395e-17
1545.65       	2.840395e-17
1545.7        	2.840395e-17
1545.75       	2.840395e-17
1545.8        	2.840395e-17
1545.85       	2.840395e-17
1545.9        	2.840395e-17
1545.95       	2.840395e-17
1546          	2.840395e-17
1546.05       	2.840395e-17
1546.1        	2.840395e-17
1546.15       	2.840395e-17
1546.2        	2.840395e-17
1546.25       	2.840395e-17
1546.3        	2.840395e-17
1546.35       	2.840395e-17
1546.4        	2.840395e-17
1546.45       	2.840395e-17
1546.5        	2.840395e-17
1546.55       	2.840395e-17
1546.6        	2.840395e-17
1546.65       	2.840395e-17
1546.7        	2.840395e-17
1546.75       	2.840395e-17
1546.8        	2.840395e-17
1546.85       	2.840395e-17
1546.9        	2.840395e-17
1546.95       	2.840395e-17
1547          	2.840395e-17
1547.05       	2.840395e-17
1547.1        	2.840395e-17
1547.15       	2.840395e-17
1547.2        	2.840395e-17
1547.25       	2.840395e-17
1547.3        	2.840395e-17
1547.35       	2.840395e-17
1547.4        	2.840395e-17
1547.45       	2.840395e-17
1547.5        	2.840395e-17
1547.55       	2.840395e-17
1547.6        	2.840395e-17
1547.65       	2.840395e-17
1547.7        	2.840395e-17
1547.75       	2.840395e-17
1547.8        	2.840395e-17
1547.85       	2.840395e-17
1547.9        	2.840395e-17
1547.95       	2.840395e-17
1548          	2.840395e-17
1548.05       	2.840395e-17
1548.1        	2.840395e-17
1548.15       	2.840395e-17
1548.2        	2.840395e-17
1548.25       	2.840395e-17
1548.3        	2.840395e-17
1548.35       	2.840395e-17
1548.4        	2.840395e-17
1548.45       	2.840395e-17
1548.5        	2.840395e-17
1548.55       	2.840395e-17
1548.6        	2.840395e-17
1548.65       	2.840395e-17
1548.7        	2.840395e-17
1548.75       	2.840395e-17
1548.8        	2.840395e-17
1548.85       	2.840395e-17
1548.9        	2.840395e-17
1548.95       	2.840395e-17
1549          	2.840395e-17
1549.05       	2.840395e-17
1549.1        	2.840395e-17
1549.15       	2.840395e-17
1549.2        	2.840395e-17
1549.25       	2.840395e-17
1549.3        	2.840395e-17
1549.35       	2.840395e-17
1549.4        	2.840395e-17
1549.45       	2.840395e-17
1549.5        	2.840395e-17
1549.55       	2.840395e-17
1549.6        	2.840395e-17
1549.65       	2.840395e-17
1549.7        	2.840395e-17
1549.75       	2.840395e-17
1549.8        	2.840395e-17
1549.85       	2.840395e-17
1549.9        	2.840395e-17
1549.95       	2.840395e-17
1550          	2.840395e-17
1550.05       	2.840395e-17
1550.1        	2.840395e-17
1550.15       	2.840395e-17
1550.2        	2.840395e-17
1550.25       	2.840395e-17
1550.3        	2.840395e-17
1550.35       	2.840395e-17
1550.4        	2.840395e-17
1550.45       	2.840395e-17
1550.5        	2.840395e-17
1550.55       	2.840395e-17
1550.6        	2.840395e-17
1550.65       	2.840395e-17
1550.7        	2.840395e-17
1550.75       	2.840395e-17
1550.8        	2.840395e-17
1550.85       	2.840395e-17
1550.9        	2.840395e-17
1550.95       	2.840395e-17
1551          	2.840395e-17
1551.05       	2.840395e-17
1551.1        	2.840395e-17
1551.15       	2.840395e-17
1551.2        	2.840395e-17
1551.25       	2.840395e-17
1551.3        	2.840395e-17
1551.35       	2.840395e-17
1551.4        	2.840395e-17
1551.45       	2.840395e-17
1551.5        	2.840395e-17
1551.55       	2.840395e-17
1551.6        	2.840395e-17
1551.65       	2.840395e-17
1551.7        	2.840395e-17
1551.75       	2.840395e-17
1551.8        	2.840395e-17
1551.85       	2.840395e-17
1551.9        	2.840395e-17
1551.95       	2.840395e-17
1552          	2.840395e-17
1552.05       	2.840395e-17
1552.1        	2.840395e-17
1552.15       	2.840395e-17
1552.2        	2.840395e-17
1552.25       	2.840395e-17
1552.3        	2.840395e-17
1552.35       	2.840395e-17
1552.4        	2.840395e-17
1552.45       	2.840395e-17
1552.5        	2.840395e-17
1552.55       	2.840395e-17
1552.6        	2.840395e-17
1552.65       	2.840395e-17
1552.7        	2.840395e-17
1552.75       	2.840395e-17
1552.8        	2.840395e-17
1552.85       	2.840395e-17
1552.9        	2.840395e-17
1552.95       	2.840395e-17
1553          	2.840395e-17
1553.05       	2.840395e-17
1553.1        	2.840395e-17
1553.15       	2.840395e-17
1553.2        	2.840395e-17
1553.25       	2.840395e-17
1553.3        	2.840395e-17
1553.35       	2.840395e-17
1553.4        	2.840395e-17
1553.45       	2.840395e-17
1553.5        	2.840395e-17
1553.55       	2.840395e-17
1553.6        	2.840395e-17
1553.65       	2.840395e-17
1553.7        	2.840395e-17
1553.75       	2.840395e-17
1553.8        	2.840395e-17
1553.85       	2.840395e-17
1553.9        	2.840395e-17
1553.95       	2.840395e-17
1554          	2.840395e-17
1554.05       	2.840395e-17
1554.1        	2.840395e-17
1554.15       	2.840395e-17
1554.2        	2.840395e-17
1554.25       	2.840395e-17
1554.3        	2.840395e-17
1554.35       	2.840395e-17
1554.4        	2.840395e-17
1554.45       	2.840395e-17
1554.5        	2.840395e-17
1554.55       	2.840395e-17
1554.6        	2.840395e-17
1554.65       	2.840395e-17
1554.7        	2.840395e-17
1554.75       	2.840395e-17
1554.8        	2.840395e-17
1554.85       	2.840395e-17
1554.9        	2.840395e-17
1554.95       	2.840395e-17
1555          	2.840395e-17
1555.05       	2.840395e-17
1555.1        	2.840395e-17
1555.15       	2.840395e-17
1555.2        	2.840395e-17
1555.25       	2.840395e-17
1555.3        	2.840395e-17
1555.35       	2.840395e-17
1555.4        	2.840395e-17
1555.45       	2.840395e-17
1555.5        	2.840395e-17
1555.55       	2.840395e-17
1555.6        	2.840395e-17
1555.65       	2.840395e-17
1555.7        	2.840395e-17
1555.75       	2.840395e-17
1555.8        	2.840395e-17
1555.85       	2.840395e-17
1555.9        	2.840395e-17
1555.95       	2.840395e-17
1556          	2.840395e-17
1556.05       	2.840395e-17
1556.1        	2.840395e-17
1556.15       	2.840395e-17
1556.2        	2.840395e-17
1556.25       	2.840395e-17
1556.3        	2.840395e-17
1556.35       	2.840395e-17
1556.4        	2.840395e-17
1556.45       	2.840395e-17
1556.5        	2.840395e-17
1556.55       	2.840395e-17
1556.6        	2.840395e-17
1556.65       	2.840395e-17
1556.7        	2.840395e-17
1556.75       	2.840395e-17
1556.8        	2.840395e-17
1556.85       	2.840395e-17
1556.9        	2.840395e-17
1556.95       	2.840395e-17
1557          	2.840395e-17
1557.05       	2.840395e-17
1557.1        	2.840395e-17
1557.15       	2.840395e-17
1557.2        	2.840395e-17
1557.25       	2.840395e-17
1557.3        	2.840395e-17
1557.35       	2.840395e-17
1557.4        	2.840395e-17
1557.45       	2.840395e-17
1557.5        	2.840395e-17
1557.55       	2.840395e-17
1557.6        	2.840395e-17
1557.65       	2.840395e-17
1557.7        	2.840395e-17
1557.75       	2.840395e-17
1557.8        	2.840395e-17
1557.85       	2.840395e-17
1557.9        	2.840395e-17
1557.95       	2.840395e-17
1558          	2.840395e-17
1558.05       	2.840395e-17
1558.1        	2.840395e-17
1558.15       	2.840395e-17
1558.2        	2.840395e-17
1558.25       	2.840395e-17
1558.3        	2.840395e-17
1558.35       	2.840395e-17
1558.4        	2.840395e-17
1558.45       	2.840395e-17
1558.5        	2.840395e-17
1558.55       	2.840395e-17
1558.6        	2.840395e-17
1558.65       	2.840395e-17
1558.7        	2.840395e-17
1558.75       	2.840395e-17
1558.8        	2.840395e-17
1558.85       	2.840395e-17
1558.9        	2.840395e-17
1558.95       	2.840395e-17
1559          	2.840395e-17
1559.05       	2.840395e-17
1559.1        	2.840395e-17
1559.15       	2.840395e-17
1559.2        	2.840395e-17
1559.25       	2.840395e-17
1559.3        	2.840395e-17
1559.35       	2.840395e-17
1559.4        	2.840395e-17
1559.45       	2.840395e-17
1559.5        	2.840395e-17
1559.55       	2.840395e-17
1559.6        	2.840395e-17
1559.65       	2.840395e-17
1559.7        	2.840395e-17
1559.75       	2.840395e-17
1559.8        	2.840395e-17
1559.85       	2.840395e-17
1559.9        	2.840395e-17
1559.95       	2.840395e-17
1560          	2.840395e-17
1560.05       	2.840395e-17
1560.1        	2.840395e-17
1560.15       	2.840395e-17
1560.2        	2.840395e-17
1560.25       	2.840395e-17
1560.3        	2.840395e-17
1560.35       	2.840395e-17
1560.4        	2.840395e-17
1560.45       	2.840395e-17
1560.5        	2.840395e-17
1560.55       	2.840395e-17
1560.6        	2.840395e-17
1560.65       	2.840395e-17
1560.7        	2.840395e-17
1560.75       	2.840395e-17
1560.8        	2.840395e-17
1560.85       	2.840395e-17
1560.9        	2.840395e-17
1560.95       	2.840395e-17
1561          	2.840395e-17
1561.05       	2.840395e-17
1561.1        	2.840395e-17
1561.15       	2.840395e-17
1561.2        	2.840395e-17
1561.25       	2.840395e-17
1561.3        	2.840395e-17
1561.35       	2.840395e-17
1561.4        	2.840395e-17
1561.45       	2.840395e-17
1561.5        	2.840395e-17
1561.55       	2.840395e-17
1561.6        	2.840395e-17
1561.65       	2.840395e-17
1561.7        	2.840395e-17
1561.75       	2.840395e-17
1561.8        	2.840395e-17
1561.85       	2.840395e-17
1561.9        	2.840395e-17
1561.95       	2.840395e-17
1562          	2.840395e-17
1562.05       	2.840395e-17
1562.1        	2.840395e-17
1562.15       	2.840395e-17
1562.2        	2.840395e-17
1562.25       	2.840395e-17
1562.3        	2.840395e-17
1562.35       	2.840395e-17
1562.4        	2.840395e-17
1562.45       	2.840395e-17
1562.5        	2.840395e-17
1562.55       	2.840395e-17
1562.6        	2.840395e-17
1562.65       	2.840395e-17
1562.7        	2.840395e-17
1562.75       	2.840395e-17
1562.8        	2.840395e-17
1562.85       	2.840395e-17
1562.9        	2.840395e-17
1562.95       	2.840395e-17
1563          	2.840395e-17
1563.05       	2.840395e-17
1563.1        	2.840395e-17
1563.15       	2.840395e-17
1563.2        	2.840395e-17
1563.25       	2.840395e-17
1563.3        	2.840395e-17
1563.35       	2.840395e-17
1563.4        	2.840395e-17
1563.45       	2.840395e-17
1563.5        	2.840395e-17
1563.55       	2.840395e-17
1563.6        	2.840395e-17
1563.65       	2.840395e-17
1563.7        	2.840395e-17
1563.75       	2.840395e-17
1563.8        	2.840395e-17
1563.85       	2.840395e-17
1563.9        	2.840395e-17
1563.95       	2.840395e-17
1564          	2.840395e-17
1564.05       	2.840395e-17
1564.1        	2.840395e-17
1564.15       	2.840395e-17
1564.2        	2.840395e-17
1564.25       	2.840395e-17
1564.3        	2.840395e-17
1564.35       	2.840395e-17
1564.4        	2.840395e-17
1564.45       	2.840395e-17
1564.5        	2.840395e-17
1564.55       	2.840395e-17
1564.6        	2.840395e-17
1564.65       	2.840395e-17
1564.7        	2.840395e-17
1564.75       	2.840395e-17
1564.8        	2.840395e-17
1564.85       	2.840395e-17
1564.9        	2.840395e-17
1564.95       	2.840395e-17
1565          	2.840395e-17
1565.05       	2.840395e-17
1565.1        	2.840395e-17
1565.15       	2.840395e-17
1565.2        	2.840395e-17
1565.25       	2.840395e-17
1565.3        	2.840395e-17
1565.35       	2.840395e-17
1565.4        	2.840395e-17
1565.45       	2.840395e-17
1565.5        	2.840395e-17
1565.55       	2.840395e-17
1565.6        	2.840395e-17
1565.65       	2.840395e-17
1565.7        	2.840395e-17
1565.75       	2.840395e-17
1565.8        	2.840395e-17
1565.85       	2.840395e-17
1565.9        	2.840395e-17
1565.95       	2.840395e-17
1566          	2.840395e-17
1566.05       	2.840395e-17
1566.1        	2.840395e-17
1566.15       	2.840395e-17
1566.2        	2.840395e-17
1566.25       	2.840395e-17
1566.3        	2.840395e-17
1566.35       	2.840395e-17
1566.4        	2.840395e-17
1566.45       	2.840395e-17
1566.5        	2.840395e-17
1566.55       	2.840395e-17
1566.6        	2.840395e-17
1566.65       	2.840395e-17
1566.7        	2.840395e-17
1566.75       	2.840395e-17
1566.8        	2.840395e-17
1566.85       	2.840395e-17
1566.9        	2.840395e-17
1566.95       	2.840395e-17
1567          	2.840395e-17
1567.05       	2.840395e-17
1567.1        	2.840395e-17
1567.15       	2.840395e-17
1567.2        	2.840395e-17
1567.25       	2.840395e-17
1567.3        	2.840395e-17
1567.35       	2.840395e-17
1567.4        	2.840395e-17
1567.45       	2.840395e-17
1567.5        	2.840395e-17
1567.55       	2.840395e-17
1567.6        	2.840395e-17
1567.65       	2.840395e-17
1567.7        	2.840395e-17
1567.75       	2.840395e-17
1567.8        	2.840395e-17
1567.85       	2.840395e-17
1567.9        	2.840395e-17
1567.95       	2.840395e-17
1568          	2.840395e-17
1568.05       	2.840395e-17
1568.1        	2.840395e-17
1568.15       	2.840395e-17
1568.2        	2.840395e-17
1568.25       	2.840395e-17
1568.3        	2.840395e-17
1568.35       	2.840395e-17
1568.4        	2.840395e-17
1568.45       	2.840395e-17
1568.5        	2.840395e-17
1568.55       	2.840395e-17
1568.6        	2.840395e-17
1568.65       	2.840395e-17
1568.7        	2.840395e-17
1568.75       	2.840395e-17
1568.8        	2.840395e-17
1568.85       	2.840395e-17
1568.9        	2.840395e-17
1568.95       	2.840395e-17
1569          	2.840395e-17
1569.05       	2.840395e-17
1569.1        	2.840395e-17
1569.15       	2.840395e-17
1569.2        	2.840395e-17
1569.25       	2.840395e-17
1569.3        	2.840395e-17
1569.35       	2.840395e-17
1569.4        	2.840395e-17
1569.45       	2.840395e-17
1569.5        	2.840395e-17
1569.55       	2.840395e-17
1569.6        	2.840395e-17
1569.65       	2.840395e-17
1569.7        	2.840395e-17
1569.75       	2.840395e-17
1569.8        	2.840395e-17
1569.85       	2.840395e-17
1569.9        	2.840395e-17
1569.95       	2.840395e-17
1570          	2.840395e-17
1570.05       	2.840395e-17
1570.1        	2.840395e-17
1570.15       	2.840395e-17
1570.2        	2.840395e-17
1570.25       	2.840395e-17
1570.3        	2.840395e-17
1570.35       	2.840395e-17
1570.4        	2.840395e-17
1570.45       	2.840395e-17
1570.5        	2.840395e-17
1570.55       	2.840395e-17
1570.6        	2.840395e-17
1570.65       	2.840395e-17
1570.7        	2.840395e-17
1570.75       	2.840395e-17
1570.8        	2.840395e-17
1570.85       	2.840395e-17
1570.9        	2.840395e-17
1570.95       	2.840395e-17
1571          	2.840395e-17
1571.05       	2.840395e-17
1571.1        	2.840395e-17
1571.15       	2.840395e-17
1571.2        	2.840395e-17
1571.25       	2.840395e-17
1571.3        	2.840395e-17
1571.35       	2.840395e-17
1571.4        	2.840395e-17
1571.45       	2.840395e-17
1571.5        	2.840395e-17
1571.55       	2.840395e-17
1571.6        	2.840395e-17
1571.65       	2.840395e-17
1571.7        	2.840395e-17
1571.75       	2.840395e-17
1571.8        	2.840395e-17
1571.85       	2.840395e-17
1571.9        	2.840395e-17
1571.95       	2.840395e-17
1572          	2.840395e-17
1572.05       	2.840395e-17
1572.1        	2.840395e-17
1572.15       	2.840395e-17
1572.2        	2.840395e-17
1572.25       	2.840395e-17
1572.3        	2.840395e-17
1572.35       	2.840395e-17
1572.4        	2.840395e-17
1572.45       	2.840395e-17
1572.5        	2.840395e-17
1572.55       	2.840395e-17
1572.6        	2.840395e-17
1572.65       	2.840395e-17
1572.7        	2.840395e-17
1572.75       	2.840395e-17
1572.8        	2.840395e-17
1572.85       	2.840395e-17
1572.9        	2.840395e-17
1572.95       	2.840395e-17
1573          	2.840395e-17
1573.05       	2.840395e-17
1573.1        	2.840395e-17
1573.15       	2.840395e-17
1573.2        	2.840395e-17
1573.25       	2.840395e-17
1573.3        	2.840395e-17
1573.35       	2.840395e-17
1573.4        	2.840395e-17
1573.45       	2.840395e-17
1573.5        	2.840395e-17
1573.55       	2.840395e-17
1573.6        	2.840395e-17
1573.65       	2.840395e-17
1573.7        	2.840395e-17
1573.75       	2.840395e-17
1573.8        	2.840395e-17
1573.85       	2.840395e-17
1573.9        	2.840395e-17
1573.95       	2.840395e-17
1574          	2.840395e-17
1574.05       	2.840395e-17
1574.1        	2.840395e-17
1574.15       	2.840395e-17
1574.2        	2.840395e-17
1574.25       	2.840395e-17
1574.3        	2.840395e-17
1574.35       	2.840395e-17
1574.4        	2.840395e-17
1574.45       	2.840395e-17
1574.5        	2.840395e-17
1574.55       	2.840395e-17
1574.6        	2.840395e-17
1574.65       	2.840395e-17
1574.7        	2.840395e-17
1574.75       	2.840395e-17
1574.8        	2.840395e-17
1574.85       	2.840395e-17
1574.9        	2.840395e-17
1574.95       	2.840395e-17
1575          	2.840395e-17
1575.05       	2.840395e-17
1575.1        	2.840395e-17
1575.15       	2.840395e-17
1575.2        	2.840395e-17
1575.25       	2.840395e-17
1575.3        	2.840395e-17
1575.35       	2.840395e-17
1575.4        	2.840395e-17
1575.45       	2.840395e-17
1575.5        	2.840395e-17
1575.55       	2.840395e-17
1575.6        	2.840395e-17
1575.65       	2.840395e-17
1575.7        	2.840395e-17
1575.75       	2.840395e-17
1575.8        	2.840395e-17
1575.85       	2.840395e-17
1575.9        	2.840395e-17
1575.95       	2.840395e-17
1576          	2.840395e-17
1576.05       	2.840395e-17
1576.1        	2.840395e-17
1576.15       	2.840395e-17
1576.2        	2.840395e-17
1576.25       	2.840395e-17
1576.3        	2.840395e-17
1576.35       	2.840395e-17
1576.4        	2.840395e-17
1576.45       	2.840395e-17
1576.5        	2.840395e-17
1576.55       	2.840395e-17
1576.6        	2.840395e-17
1576.65       	2.840395e-17
1576.7        	2.840395e-17
1576.75       	2.840395e-17
1576.8        	2.840395e-17
1576.85       	2.840395e-17
1576.9        	2.840395e-17
1576.95       	2.840395e-17
1577          	2.840395e-17
1577.05       	2.840395e-17
1577.1        	2.840395e-17
1577.15       	2.840395e-17
1577.2        	2.840395e-17
1577.25       	2.840395e-17
1577.3        	2.840395e-17
1577.35       	2.840395e-17
1577.4        	2.840395e-17
1577.45       	2.840395e-17
1577.5        	2.840395e-17
1577.55       	2.840395e-17
1577.6        	2.840395e-17
1577.65       	2.840395e-17
1577.7        	2.840395e-17
1577.75       	2.840395e-17
1577.8        	2.840395e-17
1577.85       	2.840395e-17
1577.9        	2.840395e-17
1577.95       	2.840395e-17
1578          	2.840395e-17
1578.05       	2.840395e-17
1578.1        	2.840395e-17
1578.15       	2.840395e-17
1578.2        	2.840395e-17
1578.25       	2.840395e-17
1578.3        	2.840395e-17
1578.35       	2.840395e-17
1578.4        	2.840395e-17
1578.45       	2.840395e-17
1578.5        	2.840395e-17
1578.55       	2.840395e-17
1578.6        	2.840395e-17
1578.65       	2.840395e-17
1578.7        	2.840395e-17
1578.75       	2.840395e-17
1578.8        	2.840395e-17
1578.85       	2.840395e-17
1578.9        	2.840395e-17
1578.95       	2.840395e-17
1579          	2.840395e-17
1579.05       	2.840395e-17
1579.1        	2.840395e-17
1579.15       	2.840395e-17
1579.2        	2.840395e-17
1579.25       	2.840395e-17
1579.3        	2.840395e-17
1579.35       	2.840395e-17
1579.4        	2.840395e-17
1579.45       	2.840395e-17
1579.5        	2.840395e-17
1579.55       	2.840395e-17
1579.6        	2.840395e-17
1579.65       	2.840395e-17
1579.7        	2.840395e-17
1579.75       	2.840395e-17
1579.8        	2.840395e-17
1579.85       	2.840395e-17
1579.9        	2.840395e-17
1579.95       	2.840395e-17
1580          	2.840395e-17
1580.05       	2.840395e-17
1580.1        	2.840395e-17
1580.15       	2.840395e-17
1580.2        	2.840395e-17
1580.25       	2.840395e-17
1580.3        	2.840395e-17
1580.35       	2.840395e-17
1580.4        	2.840395e-17
1580.45       	2.840395e-17
1580.5        	2.840395e-17
1580.55       	2.840395e-17
1580.6        	2.840395e-17
1580.65       	2.840395e-17
1580.7        	2.840395e-17
1580.75       	2.840395e-17
1580.8        	2.840395e-17
1580.85       	2.840395e-17
1580.9        	2.840395e-17
1580.95       	2.840395e-17
1581          	2.840395e-17
1581.05       	2.840395e-17
1581.1        	2.840395e-17
1581.15       	2.840395e-17
1581.2        	2.840395e-17
1581.25       	2.840395e-17
1581.3        	2.840395e-17
1581.35       	2.840395e-17
1581.4        	2.840395e-17
1581.45       	2.840395e-17
1581.5        	2.840395e-17
1581.55       	2.840395e-17
1581.6        	2.840395e-17
1581.65       	2.840395e-17
1581.7        	2.840395e-17
1581.75       	2.840395e-17
1581.8        	2.840395e-17
1581.85       	2.840395e-17
1581.9        	2.840395e-17
1581.95       	2.840395e-17
1582          	2.840395e-17
1582.05       	2.840395e-17
1582.1        	2.840395e-17
1582.15       	2.840395e-17
1582.2        	2.840395e-17
1582.25       	2.840395e-17
1582.3        	2.840395e-17
1582.35       	2.840395e-17
1582.4        	2.840395e-17
1582.45       	2.840395e-17
1582.5        	2.840395e-17
1582.55       	2.840395e-17
1582.6        	2.840395e-17
1582.65       	2.840395e-17
1582.7        	2.840395e-17
1582.75       	2.840395e-17
1582.8        	2.840395e-17
1582.85       	2.840395e-17
1582.9        	2.840395e-17
1582.95       	2.840395e-17
1583          	2.840395e-17
1583.05       	2.840395e-17
1583.1        	2.840395e-17
1583.15       	2.840395e-17
1583.2        	2.840395e-17
1583.25       	2.840395e-17
1583.3        	2.840395e-17
1583.35       	2.840395e-17
1583.4        	2.840395e-17
1583.45       	2.840395e-17
1583.5        	2.840395e-17
1583.55       	2.840395e-17
1583.6        	2.840395e-17
1583.65       	2.840395e-17
1583.7        	2.840395e-17
1583.75       	2.840395e-17
1583.8        	2.840395e-17
1583.85       	2.840395e-17
1583.9        	2.840395e-17
1583.95       	2.840395e-17
1584          	2.840395e-17
1584.05       	2.840395e-17
1584.1        	2.840395e-17
1584.15       	2.840395e-17
1584.2        	2.840395e-17
1584.25       	2.840395e-17
1584.3        	2.840395e-17
1584.35       	2.840395e-17
1584.4        	2.840395e-17
1584.45       	2.840395e-17
1584.5        	2.840395e-17
1584.55       	2.840395e-17
1584.6        	2.840395e-17
1584.65       	2.840395e-17
1584.7        	2.840395e-17
1584.75       	2.840395e-17
1584.8        	2.840395e-17
1584.85       	2.840395e-17
1584.9        	2.840395e-17
1584.95       	2.840395e-17
1585          	2.840395e-17
1585.05       	2.840395e-17
1585.1        	2.840395e-17
1585.15       	2.840395e-17
1585.2        	2.840395e-17
1585.25       	2.840395e-17
1585.3        	2.840395e-17
1585.35       	2.840395e-17
1585.4        	2.840395e-17
1585.45       	2.840395e-17
1585.5        	2.840395e-17
1585.55       	2.840395e-17
1585.6        	2.840395e-17
1585.65       	2.840395e-17
1585.7        	2.840395e-17
1585.75       	2.840395e-17
1585.8        	2.840395e-17
1585.85       	2.840395e-17
1585.9        	2.840395e-17
1585.95       	2.840395e-17
1586          	2.840395e-17
1586.05       	2.840395e-17
1586.1        	2.840395e-17
1586.15       	2.840395e-17
1586.2        	2.840395e-17
1586.25       	2.840395e-17
1586.3        	2.840395e-17
1586.35       	2.840395e-17
1586.4        	2.840395e-17
1586.45       	2.840395e-17
1586.5        	2.840395e-17
1586.55       	2.840395e-17
1586.6        	2.840395e-17
1586.65       	2.840395e-17
1586.7        	2.840395e-17
1586.75       	2.840395e-17
1586.8        	2.840395e-17
1586.85       	2.840395e-17
1586.9        	2.840395e-17
1586.95       	2.840395e-17
1587          	2.840395e-17
1587.05       	2.840395e-17
1587.1        	2.840395e-17
1587.15       	2.840395e-17
1587.2        	2.840395e-17
1587.25       	2.840395e-17
1587.3        	2.840395e-17
1587.35       	2.840395e-17
1587.4        	2.840395e-17
1587.45       	2.840395e-17
1587.5        	2.840395e-17
1587.55       	2.840395e-17
1587.6        	2.840395e-17
1587.65       	2.840395e-17
1587.7        	2.840395e-17
1587.75       	2.840395e-17
1587.8        	2.840395e-17
1587.85       	2.840395e-17
1587.9        	2.840395e-17
1587.95       	2.840395e-17
1588          	2.840395e-17
1588.05       	2.840395e-17
1588.1        	2.840395e-17
1588.15       	2.840395e-17
1588.2        	2.840395e-17
1588.25       	2.840395e-17
1588.3        	2.840395e-17
1588.35       	2.840395e-17
1588.4        	2.840395e-17
1588.45       	2.840395e-17
1588.5        	2.840395e-17
1588.55       	2.840395e-17
1588.6        	2.840395e-17
1588.65       	2.840395e-17
1588.7        	2.840395e-17
1588.75       	2.840395e-17
1588.8        	2.840395e-17
1588.85       	2.840395e-17
1588.9        	2.840395e-17
1588.95       	2.840395e-17
1589          	2.840395e-17
1589.05       	2.840395e-17
1589.1        	2.840395e-17
1589.15       	2.840395e-17
1589.2        	2.840395e-17
1589.25       	2.840395e-17
1589.3        	2.840395e-17
1589.35       	2.840395e-17
1589.4        	2.840395e-17
1589.45       	2.840395e-17
1589.5        	2.840395e-17
1589.55       	2.840395e-17
1589.6        	2.840395e-17
1589.65       	2.840395e-17
1589.7        	2.840395e-17
1589.75       	2.840395e-17
1589.8        	2.840395e-17
1589.85       	2.840395e-17
1589.9        	2.840395e-17
1589.95       	2.840395e-17
1590          	2.840395e-17
1590.05       	2.840395e-17
1590.1        	2.840395e-17
1590.15       	2.840395e-17
1590.2        	2.840395e-17
1590.25       	2.840395e-17
1590.3        	2.840395e-17
1590.35       	2.840395e-17
1590.4        	2.840395e-17
1590.45       	2.840395e-17
1590.5        	2.840395e-17
1590.55       	2.840395e-17
1590.6        	2.840395e-17
1590.65       	2.840395e-17
1590.7        	2.840395e-17
1590.75       	2.840395e-17
1590.8        	2.840395e-17
1590.85       	2.840395e-17
1590.9        	2.840395e-17
1590.95       	2.840395e-17
1591          	2.840395e-17
1591.05       	2.840395e-17
1591.1        	2.840395e-17
1591.15       	2.840395e-17
1591.2        	2.840395e-17
1591.25       	2.840395e-17
1591.3        	2.840395e-17
1591.35       	2.840395e-17
1591.4        	2.840395e-17
1591.45       	2.840395e-17
1591.5        	2.840395e-17
1591.55       	2.840395e-17
1591.6        	2.840395e-17
1591.65       	2.840395e-17
1591.7        	2.840395e-17
1591.75       	2.840395e-17
1591.8        	2.840395e-17
1591.85       	2.840395e-17
1591.9        	2.840395e-17
1591.95       	2.840395e-17
1592          	2.840395e-17
1592.05       	2.840395e-17
1592.1        	2.840395e-17
1592.15       	2.840395e-17
1592.2        	2.840395e-17
1592.25       	2.840395e-17
1592.3        	2.840395e-17
1592.35       	2.840395e-17
1592.4        	2.840395e-17
1592.45       	2.840395e-17
1592.5        	2.840395e-17
1592.55       	2.840395e-17
1592.6        	2.840395e-17
1592.65       	2.840395e-17
1592.7        	2.840395e-17
1592.75       	2.840395e-17
1592.8        	2.840395e-17
1592.85       	2.840395e-17
1592.9        	2.840395e-17
1592.95       	2.840395e-17
1593          	2.840395e-17
1593.05       	2.840395e-17
1593.1        	2.840395e-17
1593.15       	2.840395e-17
1593.2        	2.840395e-17
1593.25       	2.840395e-17
1593.3        	2.840395e-17
1593.35       	2.840395e-17
1593.4        	2.840395e-17
1593.45       	2.840395e-17
1593.5        	2.840395e-17
1593.55       	2.840395e-17
1593.6        	2.840395e-17
1593.65       	2.840395e-17
1593.7        	2.840395e-17
1593.75       	2.840395e-17
1593.8        	2.840395e-17
1593.85       	2.840395e-17
1593.9        	2.840395e-17
1593.95       	2.840395e-17
1594          	2.840395e-17
1594.05       	2.840395e-17
1594.1        	2.840395e-17
1594.15       	2.840395e-17
1594.2        	2.840395e-17
1594.25       	2.840395e-17
1594.3        	2.840395e-17
1594.35       	2.840395e-17
1594.4        	2.840395e-17
1594.45       	2.840395e-17
1594.5        	2.840395e-17
1594.55       	2.840395e-17
1594.6        	2.840395e-17
1594.65       	2.840395e-17
1594.7        	2.840395e-17
1594.75       	2.840395e-17
1594.8        	2.840395e-17
1594.85       	2.840395e-17
1594.9        	2.840395e-17
1594.95       	2.840395e-17
1595          	2.840395e-17
1595.05       	2.840395e-17
1595.1        	2.840395e-17
1595.15       	2.840395e-17
1595.2        	2.840395e-17
1595.25       	2.840395e-17
1595.3        	2.840395e-17
1595.35       	2.840395e-17
1595.4        	2.840395e-17
1595.45       	2.840395e-17
1595.5        	2.840395e-17
1595.55       	2.840395e-17
1595.6        	2.840395e-17
1595.65       	2.840395e-17
1595.7        	2.840395e-17
1595.75       	2.840395e-17
1595.8        	2.840395e-17
1595.85       	2.840395e-17
1595.9        	2.840395e-17
1595.95       	2.840395e-17
1596          	2.840395e-17
1596.05       	2.840395e-17
1596.1        	2.840395e-17
1596.15       	2.840395e-17
1596.2        	2.840395e-17
1596.25       	2.840395e-17
1596.3        	2.840395e-17
1596.35       	2.840395e-17
1596.4        	2.840395e-17
1596.45       	2.840395e-17
1596.5        	2.840395e-17
1596.55       	2.840395e-17
1596.6        	2.840395e-17
1596.65       	2.840395e-17
1596.7        	2.840395e-17
1596.75       	2.840395e-17
1596.8        	2.840395e-17
1596.85       	2.840395e-17
1596.9        	2.840395e-17
1596.95       	2.840395e-17
1597          	2.840395e-17
1597.05       	2.840395e-17
1597.1        	2.840395e-17
1597.15       	2.840395e-17
1597.2        	2.840395e-17
1597.25       	2.840395e-17
1597.3        	2.840395e-17
1597.35       	2.840395e-17
1597.4        	2.840395e-17
1597.45       	2.840395e-17
1597.5        	2.840395e-17
1597.55       	2.840395e-17
1597.6        	2.840395e-17
1597.65       	2.840395e-17
1597.7        	2.840395e-17
1597.75       	2.840395e-17
1597.8        	2.840395e-17
1597.85       	2.840395e-17
1597.9        	2.840395e-17
1597.95       	2.840395e-17
1598          	2.840395e-17
1598.05       	2.840395e-17
1598.1        	2.840395e-17
1598.15       	2.840395e-17
1598.2        	2.840395e-17
1598.25       	2.840395e-17
1598.3        	2.840395e-17
1598.35       	2.840395e-17
1598.4        	2.840395e-17
1598.45       	2.840395e-17
1598.5        	2.840395e-17
1598.55       	2.840395e-17
1598.6        	2.840395e-17
1598.65       	2.840395e-17
1598.7        	2.840395e-17
1598.75       	2.840395e-17
1598.8        	2.840395e-17
1598.85       	2.840395e-17
1598.9        	2.840395e-17
1598.95       	2.840395e-17
1599          	2.840395e-17
1599.05       	2.840395e-17
1599.1        	2.840395e-17
1599.15       	2.840395e-17
1599.2        	2.840395e-17
1599.25       	2.840395e-17
1599.3        	2.840395e-17
1599.35       	2.840395e-17
1599.4        	2.840395e-17
1599.45       	2.840395e-17
1599.5        	2.840395e-17
1599.55       	2.840395e-17
1599.6        	2.840395e-17
1599.65       	2.840395e-17
1599.7        	2.840395e-17
1599.75       	2.840395e-17
1599.8        	2.840395e-17
1599.85       	2.840395e-17
1599.9        	2.840395e-17
1599.95       	2.840395e-17
1600          	2.840395e-17
1600.05       	2.840395e-17
1600.1        	2.840395e-17
1600.15       	2.840395e-17
1600.2        	2.840395e-17
1600.25       	2.840395e-17
1600.3        	2.840395e-17
1600.35       	2.840395e-17
1600.4        	2.840395e-17
1600.45       	2.840395e-17
1600.5        	2.840395e-17
1600.55       	2.840395e-17
1600.6        	2.840395e-17
1600.65       	2.840395e-17
1600.7        	2.840395e-17
1600.75       	2.840395e-17
1600.8        	2.840395e-17
1600.85       	2.840395e-17
1600.9        	2.840395e-17
1600.95       	2.840395e-17
1601          	2.840395e-17
1601.05       	2.840395e-17
1601.1        	2.840395e-17
1601.15       	2.840395e-17
1601.2        	2.840395e-17
1601.25       	2.840395e-17
1601.3        	2.840395e-17
1601.35       	2.840395e-17
1601.4        	2.840395e-17
1601.45       	2.840395e-17
1601.5        	2.840395e-17
1601.55       	2.840395e-17
1601.6        	2.840395e-17
1601.65       	2.840395e-17
1601.7        	2.840395e-17
1601.75       	2.840395e-17
1601.8        	2.840395e-17
1601.85       	2.840395e-17
1601.9        	2.840395e-17
1601.95       	2.840395e-17
1602          	2.840395e-17
1602.05       	2.840395e-17
1602.1        	2.840395e-17
1602.15       	2.840395e-17
1602.2        	2.840395e-17
1602.25       	2.840395e-17
1602.3        	2.840395e-17
1602.35       	2.840395e-17
1602.4        	2.840395e-17
1602.45       	2.840395e-17
1602.5        	2.840395e-17
1602.55       	2.840395e-17
1602.6        	2.840395e-17
1602.65       	2.840395e-17
1602.7        	2.840395e-17
1602.75       	2.840395e-17
1602.8        	2.840395e-17
1602.85       	2.840395e-17
1602.9        	2.840395e-17
1602.95       	2.840395e-17
1603          	2.840395e-17
1603.05       	2.840395e-17
1603.1        	2.840395e-17
1603.15       	2.840395e-17
1603.2        	2.840395e-17
1603.25       	2.840395e-17
1603.3        	2.840395e-17
1603.35       	2.840395e-17
1603.4        	2.840395e-17
1603.45       	2.840395e-17
1603.5        	2.840395e-17
1603.55       	2.840395e-17
1603.6        	2.840395e-17
1603.65       	2.840395e-17
1603.7        	2.840395e-17
1603.75       	2.840395e-17
1603.8        	2.840395e-17
1603.85       	2.840395e-17
1603.9        	2.840395e-17
1603.95       	2.840395e-17
1604          	2.840395e-17
1604.05       	2.840395e-17
1604.1        	2.840395e-17
1604.15       	2.840395e-17
1604.2        	2.840395e-17
1604.25       	2.840395e-17
1604.3        	2.840395e-17
1604.35       	2.840395e-17
1604.4        	2.840395e-17
1604.45       	2.840395e-17
1604.5        	2.840395e-17
1604.55       	2.840395e-17
1604.6        	2.840395e-17
1604.65       	2.840395e-17
1604.7        	2.840395e-17
1604.75       	2.840395e-17
1604.8        	2.840395e-17
1604.85       	2.840395e-17
1604.9        	2.840395e-17
1604.95       	2.840395e-17
1605          	2.840395e-17
1605.05       	2.840395e-17
1605.1        	2.840395e-17
1605.15       	2.840395e-17
1605.2        	2.840395e-17
1605.25       	2.840395e-17
1605.3        	2.840395e-17
1605.35       	2.840395e-17
1605.4        	2.840395e-17
1605.45       	2.840395e-17
1605.5        	2.840395e-17
1605.55       	2.840395e-17
1605.6        	2.840395e-17
1605.65       	2.840395e-17
1605.7        	2.840395e-17
1605.75       	2.840395e-17
1605.8        	2.840395e-17
1605.85       	2.840395e-17
1605.9        	2.840395e-17
1605.95       	2.840395e-17
1606          	2.840395e-17
1606.05       	2.840395e-17
1606.1        	2.840395e-17
1606.15       	2.840395e-17
1606.2        	2.840395e-17
1606.25       	2.840395e-17
1606.3        	2.840395e-17
1606.35       	2.840395e-17
1606.4        	2.840395e-17
1606.45       	2.840395e-17
1606.5        	2.840395e-17
1606.55       	2.840395e-17
1606.6        	2.840395e-17
1606.65       	2.840395e-17
1606.7        	2.840395e-17
1606.75       	2.840395e-17
1606.8        	2.840395e-17
1606.85       	2.840395e-17
1606.9        	2.840395e-17
1606.95       	2.840395e-17
1607          	2.840395e-17
1607.05       	2.840395e-17
1607.1        	2.840395e-17
1607.15       	2.840395e-17
1607.2        	2.840395e-17
1607.25       	2.840395e-17
1607.3        	2.840395e-17
1607.35       	2.840395e-17
1607.4        	2.840395e-17
1607.45       	2.840395e-17
1607.5        	2.840395e-17
1607.55       	2.840395e-17
1607.6        	2.840395e-17
1607.65       	2.840395e-17
1607.7        	2.840395e-17
1607.75       	2.840395e-17
1607.8        	2.840395e-17
1607.85       	2.840395e-17
1607.9        	2.840395e-17
1607.95       	2.840395e-17
1608          	2.840395e-17
1608.05       	2.840395e-17
1608.1        	2.840395e-17
1608.15       	2.840395e-17
1608.2        	2.840395e-17
1608.25       	2.840395e-17
1608.3        	2.840395e-17
1608.35       	2.840395e-17
1608.4        	2.840395e-17
1608.45       	2.840395e-17
1608.5        	2.840395e-17
1608.55       	2.840395e-17
1608.6        	2.840395e-17
1608.65       	2.840395e-17
1608.7        	2.840395e-17
1608.75       	2.840395e-17
1608.8        	2.840395e-17
1608.85       	2.840395e-17
1608.9        	2.840395e-17
1608.95       	2.840395e-17
1609          	2.840395e-17
1609.05       	2.840395e-17
1609.1        	2.840395e-17
1609.15       	2.840395e-17
1609.2        	2.840395e-17
1609.25       	2.840395e-17
1609.3        	2.840395e-17
1609.35       	2.840395e-17
1609.4        	2.840395e-17
1609.45       	2.840395e-17
1609.5        	2.840395e-17
1609.55       	2.840395e-17
1609.6        	2.840395e-17
1609.65       	2.840395e-17
1609.7        	2.840395e-17
1609.75       	2.840395e-17
1609.8        	2.840395e-17
1609.85       	2.840395e-17
1609.9        	2.840395e-17
1609.95       	2.840395e-17
1610          	2.840395e-17
1610.05       	2.840395e-17
1610.1        	2.840395e-17
1610.15       	2.840395e-17
1610.2        	2.840395e-17
1610.25       	2.840395e-17
1610.3        	2.840395e-17
1610.35       	2.840395e-17
1610.4        	2.840395e-17
1610.45       	2.840395e-17
1610.5        	2.840395e-17
1610.55       	2.840395e-17
1610.6        	2.840395e-17
1610.65       	2.840395e-17
1610.7        	2.840395e-17
1610.75       	2.840395e-17
1610.8        	2.840395e-17
1610.85       	2.840395e-17
1610.9        	2.840395e-17
1610.95       	2.840395e-17
1611          	2.840395e-17
1611.05       	2.840395e-17
1611.1        	2.840395e-17
1611.15       	2.840395e-17
1611.2        	2.840395e-17
1611.25       	2.840395e-17
1611.3        	2.840395e-17
1611.35       	2.840395e-17
1611.4        	2.840395e-17
1611.45       	2.840395e-17
1611.5        	2.840395e-17
1611.55       	2.840395e-17
1611.6        	2.840395e-17
1611.65       	2.840395e-17
1611.7        	2.840395e-17
1611.75       	2.840395e-17
1611.8        	2.840395e-17
1611.85       	2.840395e-17
1611.9        	2.840395e-17
1611.95       	2.840395e-17
1612          	2.840395e-17
1612.05       	2.840395e-17
1612.1        	2.840395e-17
1612.15       	2.840395e-17
1612.2        	2.840395e-17
1612.25       	2.840395e-17
1612.3        	2.840395e-17
1612.35       	2.840395e-17
1612.4        	2.840395e-17
1612.45       	2.840395e-17
1612.5        	2.840395e-17
1612.55       	2.840395e-17
1612.6        	2.840395e-17
1612.65       	2.840395e-17
1612.7        	2.840395e-17
1612.75       	2.840395e-17
1612.8        	2.840395e-17
1612.85       	2.840395e-17
1612.9        	2.840395e-17
1612.95       	2.840395e-17
1613          	2.840395e-17
1613.05       	2.840395e-17
1613.1        	2.840395e-17
1613.15       	2.840395e-17
1613.2        	2.840395e-17
1613.25       	2.840395e-17
1613.3        	2.840395e-17
1613.35       	2.840395e-17
1613.4        	2.840395e-17
1613.45       	2.840395e-17
1613.5        	2.840395e-17
1613.55       	2.840395e-17
1613.6        	2.840395e-17
1613.65       	2.840395e-17
1613.7        	2.840395e-17
1613.75       	2.840395e-17
1613.8        	2.840395e-17
1613.85       	2.840395e-17
1613.9        	2.840395e-17
1613.95       	2.840395e-17
1614          	2.840395e-17
1614.05       	2.840395e-17
1614.1        	2.840395e-17
1614.15       	2.840395e-17
1614.2        	2.840395e-17
1614.25       	2.840395e-17
1614.3        	2.840395e-17
1614.35       	2.840395e-17
1614.4        	2.840395e-17
1614.45       	2.840395e-17
1614.5        	2.840395e-17
1614.55       	2.840395e-17
1614.6        	2.840395e-17
1614.65       	2.840395e-17
1614.7        	2.840395e-17
1614.75       	2.840395e-17
1614.8        	2.840395e-17
1614.85       	2.840395e-17
1614.9        	2.840395e-17
1614.95       	2.840395e-17
1615          	2.840395e-17
1615.05       	2.840395e-17
1615.1        	2.840395e-17
1615.15       	2.840395e-17
1615.2        	2.840395e-17
1615.25       	2.840395e-17
1615.3        	2.840395e-17
1615.35       	2.840395e-17
1615.4        	2.840395e-17
1615.45       	2.840395e-17
1615.5        	2.840395e-17
1615.55       	2.840395e-17
1615.6        	2.840395e-17
1615.65       	2.840395e-17
1615.7        	2.840395e-17
1615.75       	2.840395e-17
1615.8        	2.840395e-17
1615.85       	2.840395e-17
1615.9        	2.840395e-17
1615.95       	2.840395e-17
1616          	2.840395e-17
1616.05       	2.840395e-17
1616.1        	2.840395e-17
1616.15       	2.840395e-17
1616.2        	2.840395e-17
1616.25       	2.840395e-17
1616.3        	2.840395e-17
1616.35       	2.840395e-17
1616.4        	2.840395e-17
1616.45       	2.840395e-17
1616.5        	2.840395e-17
1616.55       	2.840395e-17
1616.6        	2.840395e-17
1616.65       	2.840395e-17
1616.7        	2.840395e-17
1616.75       	2.840395e-17
1616.8        	2.840395e-17
1616.85       	2.840395e-17
1616.9        	2.840395e-17
1616.95       	2.840395e-17
1617          	2.840395e-17
1617.05       	2.840395e-17
1617.1        	2.840395e-17
1617.15       	2.840395e-17
1617.2        	2.840395e-17
1617.25       	2.840395e-17
1617.3        	2.840395e-17
1617.35       	2.840395e-17
1617.4        	2.840395e-17
1617.45       	2.840395e-17
1617.5        	2.840395e-17
1617.55       	2.840395e-17
1617.6        	2.840395e-17
1617.65       	2.840395e-17
1617.7        	2.840395e-17
1617.75       	2.840395e-17
1617.8        	2.840395e-17
1617.85       	2.840395e-17
1617.9        	2.840395e-17
1617.95       	2.840395e-17
1618          	2.840395e-17
1618.05       	2.840395e-17
1618.1        	2.840395e-17
1618.15       	2.840395e-17
1618.2        	2.840395e-17
1618.25       	2.840395e-17
1618.3        	2.840395e-17
1618.35       	2.840395e-17
1618.4        	2.840395e-17
1618.45       	2.840395e-17
1618.5        	2.840395e-17
1618.55       	2.840395e-17
1618.6        	2.840395e-17
1618.65       	2.840395e-17
1618.7        	2.840395e-17
1618.75       	2.840395e-17
1618.8        	2.840395e-17
1618.85       	2.840395e-17
1618.9        	2.840395e-17
1618.95       	2.840395e-17
1619          	2.840395e-17
1619.05       	2.840395e-17
1619.1        	2.840395e-17
1619.15       	2.840395e-17
1619.2        	2.840395e-17
1619.25       	2.840395e-17
1619.3        	2.840395e-17
1619.35       	2.840395e-17
1619.4        	2.840395e-17
1619.45       	2.840395e-17
1619.5        	2.840395e-17
1619.55       	2.840395e-17
1619.6        	2.840395e-17
1619.65       	2.840395e-17
1619.7        	2.840395e-17
1619.75       	2.840395e-17
1619.8        	2.840395e-17
1619.85       	2.840395e-17
1619.9        	2.840395e-17
1619.95       	2.840395e-17
1620          	2.840395e-17
1620.05       	2.840395e-17
1620.1        	2.840395e-17
1620.15       	2.840395e-17
1620.2        	2.840395e-17
1620.25       	2.840395e-17
1620.3        	2.840395e-17
1620.35       	2.840395e-17
1620.4        	2.840395e-17
1620.45       	2.840395e-17
1620.5        	2.840395e-17
1620.55       	2.840395e-17
1620.6        	2.840395e-17
1620.65       	2.840395e-17
1620.7        	2.840395e-17
1620.75       	2.840395e-17
1620.8        	2.840395e-17
1620.85       	2.840395e-17
1620.9        	2.840395e-17
1620.95       	2.840395e-17
1621          	2.840395e-17
1621.05       	2.840395e-17
1621.1        	2.840395e-17
1621.15       	2.840395e-17
1621.2        	2.840395e-17
1621.25       	2.840395e-17
1621.3        	2.840395e-17
1621.35       	2.840395e-17
1621.4        	2.840395e-17
1621.45       	2.840395e-17
1621.5        	2.840395e-17
1621.55       	2.840395e-17
1621.6        	2.840395e-17
1621.65       	2.840395e-17
1621.7        	2.840395e-17
1621.75       	2.840395e-17
1621.8        	2.840395e-17
1621.85       	2.840395e-17
1621.9        	2.840395e-17
1621.95       	2.840395e-17
1622          	2.840395e-17
1622.05       	2.840395e-17
1622.1        	2.840395e-17
1622.15       	2.840395e-17
1622.2        	2.840395e-17
1622.25       	2.840395e-17
1622.3        	2.840395e-17
1622.35       	2.840395e-17
1622.4        	2.840395e-17
1622.45       	2.840395e-17
1622.5        	2.840395e-17
1622.55       	2.840395e-17
1622.6        	2.840395e-17
1622.65       	2.840395e-17
1622.7        	2.840395e-17
1622.75       	2.840395e-17
1622.8        	2.840395e-17
1622.85       	2.840395e-17
1622.9        	2.840395e-17
1622.95       	2.840395e-17
1623          	2.840395e-17
1623.05       	2.840395e-17
1623.1        	2.840395e-17
1623.15       	2.840395e-17
1623.2        	2.840395e-17
1623.25       	2.840395e-17
1623.3        	2.840395e-17
1623.35       	2.840395e-17
1623.4        	2.840395e-17
1623.45       	2.840395e-17
1623.5        	2.840395e-17
1623.55       	2.840395e-17
1623.6        	2.840395e-17
1623.65       	2.840395e-17
1623.7        	2.840395e-17
1623.75       	2.840395e-17
1623.8        	2.840395e-17
1623.85       	2.840395e-17
1623.9        	2.840395e-17
1623.95       	2.840395e-17
1624          	2.840395e-17
1624.05       	2.840395e-17
1624.1        	2.840395e-17
1624.15       	2.840395e-17
1624.2        	2.840395e-17
1624.25       	2.840395e-17
1624.3        	2.840395e-17
1624.35       	2.840395e-17
1624.4        	2.840395e-17
1624.45       	2.840395e-17
1624.5        	2.840395e-17
1624.55       	2.840395e-17
1624.6        	2.840395e-17
1624.65       	2.840395e-17
1624.7        	2.840395e-17
1624.75       	2.840395e-17
1624.8        	2.840395e-17
1624.85       	2.840395e-17
1624.9        	2.840395e-17
1624.95       	2.840395e-17
1625          	2.840395e-17
1625.05       	2.840395e-17
1625.1        	2.840395e-17
1625.15       	2.840395e-17
1625.2        	2.840395e-17
1625.25       	2.840395e-17
1625.3        	2.840395e-17
1625.35       	2.840395e-17
1625.4        	2.840395e-17
1625.45       	2.840395e-17
1625.5        	2.840395e-17
1625.55       	2.840395e-17
1625.6        	2.840395e-17
1625.65       	2.840395e-17
1625.7        	2.840395e-17
1625.75       	2.840395e-17
1625.8        	2.840395e-17
1625.85       	2.840395e-17
1625.9        	2.840395e-17
1625.95       	2.840395e-17
1626          	2.840395e-17
1626.05       	2.840395e-17
1626.1        	2.840395e-17
1626.15       	2.840395e-17
1626.2        	2.840395e-17
1626.25       	2.840395e-17
1626.3        	2.840395e-17
1626.35       	2.840395e-17
1626.4        	2.840395e-17
1626.45       	2.840395e-17
1626.5        	2.840395e-17
1626.55       	2.840395e-17
1626.6        	2.840395e-17
1626.65       	2.840395e-17
1626.7        	2.840395e-17
1626.75       	2.840395e-17
1626.8        	2.840395e-17
1626.85       	2.840395e-17
1626.9        	2.840395e-17
1626.95       	2.840395e-17
1627          	2.840395e-17
1627.05       	2.840395e-17
1627.1        	2.840395e-17
1627.15       	2.840395e-17
1627.2        	2.840395e-17
1627.25       	2.840395e-17
1627.3        	2.840395e-17
1627.35       	2.840395e-17
1627.4        	2.840395e-17
1627.45       	2.840395e-17
1627.5        	2.840395e-17
1627.55       	2.840395e-17
1627.6        	2.840395e-17
1627.65       	2.840395e-17
1627.7        	2.840395e-17
1627.75       	2.840395e-17
1627.8        	2.840395e-17
1627.85       	2.840395e-17
1627.9        	2.840395e-17
1627.95       	2.840395e-17
1628          	2.840395e-17
1628.05       	2.840395e-17
1628.1        	2.840395e-17
1628.15       	2.840395e-17
1628.2        	2.840395e-17
1628.25       	2.840395e-17
1628.3        	2.840395e-17
1628.35       	2.840395e-17
1628.4        	2.840395e-17
1628.45       	2.840395e-17
1628.5        	2.840395e-17
1628.55       	2.840395e-17
1628.6        	2.840395e-17
1628.65       	2.840395e-17
1628.7        	2.840395e-17
1628.75       	2.840395e-17
1628.8        	2.840395e-17
1628.85       	2.840395e-17
1628.9        	2.840395e-17
1628.95       	2.840395e-17
1629          	2.840395e-17
1629.05       	2.840395e-17
1629.1        	2.840395e-17
1629.15       	2.840395e-17
1629.2        	2.840395e-17
1629.25       	2.840395e-17
1629.3        	2.840395e-17
1629.35       	2.840395e-17
1629.4        	2.840395e-17
1629.45       	2.840395e-17
1629.5        	2.840395e-17
1629.55       	2.840395e-17
1629.6        	2.840395e-17
1629.65       	2.840395e-17
1629.7        	2.840395e-17
1629.75       	2.840395e-17
1629.8        	2.840395e-17
1629.85       	2.840395e-17
1629.9        	2.840395e-17
1629.95       	2.840395e-17
1630          	2.840395e-17
1630.05       	2.840395e-17
1630.1        	2.840395e-17
1630.15       	2.840395e-17
1630.2        	2.840395e-17
1630.25       	2.840395e-17
1630.3        	2.840395e-17
1630.35       	2.840395e-17
1630.4        	2.840395e-17
1630.45       	2.840395e-17
1630.5        	2.840395e-17
1630.55       	2.840395e-17
1630.6        	2.840395e-17
1630.65       	2.840395e-17
1630.7        	2.840395e-17
1630.75       	2.840395e-17
1630.8        	2.840395e-17
1630.85       	2.840395e-17
1630.9        	2.840395e-17
1630.95       	2.840395e-17
1631          	2.840395e-17
1631.05       	2.840395e-17
1631.1        	2.840395e-17
1631.15       	2.840395e-17
1631.2        	2.840395e-17
1631.25       	2.840395e-17
1631.3        	2.840395e-17
1631.35       	2.840395e-17
1631.4        	2.840395e-17
1631.45       	2.840395e-17
1631.5        	2.840395e-17
1631.55       	2.840395e-17
1631.6        	2.840395e-17
1631.65       	2.840395e-17
1631.7        	2.840395e-17
1631.75       	2.840395e-17
1631.8        	2.840395e-17
1631.85       	2.840395e-17
1631.9        	2.840395e-17
1631.95       	2.840395e-17
1632          	2.840395e-17
1632.05       	2.840395e-17
1632.1        	2.840395e-17
1632.15       	2.840395e-17
1632.2        	2.840395e-17
1632.25       	2.840395e-17
1632.3        	2.840395e-17
1632.35       	2.840395e-17
1632.4        	2.840395e-17
1632.45       	2.840395e-17
1632.5        	2.840395e-17
1632.55       	2.840395e-17
1632.6        	2.840395e-17
1632.65       	2.840395e-17
1632.7        	2.840395e-17
1632.75       	2.840395e-17
1632.8        	2.840395e-17
1632.85       	2.840395e-17
1632.9        	2.840395e-17
1632.95       	2.840395e-17
1633          	2.840395e-17
1633.05       	2.840395e-17
1633.1        	2.840395e-17
1633.15       	2.840395e-17
1633.2        	2.840395e-17
1633.25       	2.840395e-17
1633.3        	2.840395e-17
1633.35       	2.840395e-17
1633.4        	2.840395e-17
1633.45       	2.840395e-17
1633.5        	2.840395e-17
1633.55       	2.840395e-17
1633.6        	2.840395e-17
1633.65       	2.840395e-17
1633.7        	2.840395e-17
1633.75       	2.840395e-17
1633.8        	2.840395e-17
1633.85       	2.840395e-17
1633.9        	2.840395e-17
1633.95       	2.840395e-17
1634          	2.840395e-17
1634.05       	2.840395e-17
1634.1        	2.840395e-17
1634.15       	2.840395e-17
1634.2        	2.840395e-17
1634.25       	2.840395e-17
1634.3        	2.840395e-17
1634.35       	2.840395e-17
1634.4        	2.840395e-17
1634.45       	2.840395e-17
1634.5        	2.840395e-17
1634.55       	2.840395e-17
1634.6        	2.840395e-17
1634.65       	2.840395e-17
1634.7        	2.840395e-17
1634.75       	2.840395e-17
1634.8        	2.840395e-17
1634.85       	2.840395e-17
1634.9        	2.840395e-17
1634.95       	2.840395e-17
1635          	2.840395e-17
1635.05       	2.840395e-17
1635.1        	2.840395e-17
1635.15       	2.840395e-17
1635.2        	2.840395e-17
1635.25       	2.840395e-17
1635.3        	2.840395e-17
1635.35       	2.840395e-17
1635.4        	2.840395e-17
1635.45       	2.840395e-17
1635.5        	2.840395e-17
1635.55       	2.840395e-17
1635.6        	2.840395e-17
1635.65       	2.840395e-17
1635.7        	2.840395e-17
1635.75       	2.840395e-17
1635.8        	2.840395e-17
1635.85       	2.840395e-17
1635.9        	2.840395e-17
1635.95       	2.840395e-17
1636          	2.840395e-17
1636.05       	2.840395e-17
1636.1        	2.840395e-17
1636.15       	2.840395e-17
1636.2        	2.840395e-17
1636.25       	2.840395e-17
1636.3        	2.840395e-17
1636.35       	2.840395e-17
1636.4        	2.840395e-17
1636.45       	2.840395e-17
1636.5        	2.840395e-17
1636.55       	2.840395e-17
1636.6        	2.840395e-17
1636.65       	2.840395e-17
1636.7        	2.840395e-17
1636.75       	2.840395e-17
1636.8        	2.840395e-17
1636.85       	2.840395e-17
1636.9        	2.840395e-17
1636.95       	2.840395e-17
1637          	2.840395e-17
1637.05       	2.840395e-17
1637.1        	2.840395e-17
1637.15       	2.840395e-17
1637.2        	2.840395e-17
1637.25       	2.840395e-17
1637.3        	2.840395e-17
1637.35       	2.840395e-17
1637.4        	2.840395e-17
1637.45       	2.840395e-17
1637.5        	2.840395e-17
1637.55       	2.840395e-17
1637.6        	2.840395e-17
1637.65       	2.840395e-17
1637.7        	2.840395e-17
1637.75       	2.840395e-17
1637.8        	2.840395e-17
1637.85       	2.840395e-17
1637.9        	2.840395e-17
1637.95       	2.840395e-17
1638          	2.840395e-17
1638.05       	2.840395e-17
1638.1        	2.840395e-17
1638.15       	2.840395e-17
1638.2        	2.840395e-17
1638.25       	2.840395e-17
1638.3        	2.840395e-17
1638.35       	2.840395e-17
1638.4        	2.840395e-17
1638.45       	2.840395e-17
1638.5        	2.840395e-17
1638.55       	2.840395e-17
1638.6        	2.840395e-17
1638.65       	2.840395e-17
1638.7        	2.840395e-17
1638.75       	2.840395e-17
1638.8        	2.840395e-17
1638.85       	2.840395e-17
1638.9        	2.840395e-17
1638.95       	2.840395e-17
1639          	2.840395e-17
1639.05       	2.840395e-17
1639.1        	2.840395e-17
1639.15       	2.840395e-17
1639.2        	2.840395e-17
1639.25       	2.840395e-17
1639.3        	2.840395e-17
1639.35       	2.840395e-17
1639.4        	2.840395e-17
1639.45       	2.840395e-17
1639.5        	2.840395e-17
1639.55       	2.840395e-17
1639.6        	2.840395e-17
1639.65       	2.840395e-17
1639.7        	2.840395e-17
1639.75       	2.840395e-17
1639.8        	2.840395e-17
1639.85       	2.840395e-17
1639.9        	2.840395e-17
1639.95       	2.840395e-17
1640          	2.840395e-17
1640.05       	2.840395e-17
1640.1        	2.840395e-17
1640.15       	2.840395e-17
1640.2        	2.840395e-17
1640.25       	2.840395e-17
1640.3        	2.840395e-17
1640.35       	2.840395e-17
1640.4        	2.840395e-17
1640.45       	2.840395e-17
1640.5        	2.840395e-17
1640.55       	2.840395e-17
1640.6        	2.840395e-17
1640.65       	2.840395e-17
1640.7        	2.840395e-17
1640.75       	2.840395e-17
1640.8        	2.840395e-17
1640.85       	2.840395e-17
1640.9        	2.840395e-17
1640.95       	2.840395e-17
1641          	2.840395e-17
1641.05       	2.840395e-17
1641.1        	2.840395e-17
1641.15       	2.840395e-17
1641.2        	2.840395e-17
1641.25       	2.840395e-17
1641.3        	2.840395e-17
1641.35       	2.840395e-17
1641.4        	2.840395e-17
1641.45       	2.840395e-17
1641.5        	2.840395e-17
1641.55       	2.840395e-17
1641.6        	2.840395e-17
1641.65       	2.840395e-17
1641.7        	2.840395e-17
1641.75       	2.840395e-17
1641.8        	2.840395e-17
1641.85       	2.840395e-17
1641.9        	2.840395e-17
1641.95       	2.840395e-17
1642          	2.840395e-17
1642.05       	2.840395e-17
1642.1        	2.840395e-17
1642.15       	2.840395e-17
1642.2        	2.840395e-17
1642.25       	2.840395e-17
1642.3        	2.840395e-17
1642.35       	2.840395e-17
1642.4        	2.840395e-17
1642.45       	2.840395e-17
1642.5        	2.840395e-17
1642.55       	2.840395e-17
1642.6        	2.840395e-17
1642.65       	2.840395e-17
1642.7        	2.840395e-17
1642.75       	2.840395e-17
1642.8        	2.840395e-17
1642.85       	2.840395e-17
1642.9        	2.840395e-17
1642.95       	2.840395e-17
1643          	2.840395e-17
1643.05       	2.840395e-17
1643.1        	2.840395e-17
1643.15       	2.840395e-17
1643.2        	2.840395e-17
1643.25       	2.840395e-17
1643.3        	2.840395e-17
1643.35       	2.840395e-17
1643.4        	2.840395e-17
1643.45       	2.840395e-17
1643.5        	2.840395e-17
1643.55       	2.840395e-17
1643.6        	2.840395e-17
1643.65       	2.840395e-17
1643.7        	2.840395e-17
1643.75       	2.840395e-17
1643.8        	2.840395e-17
1643.85       	2.840395e-17
1643.9        	2.840395e-17
1643.95       	2.840395e-17
1644          	2.840395e-17
1644.05       	2.840395e-17
1644.1        	2.840395e-17
1644.15       	2.840395e-17
1644.2        	2.840395e-17
1644.25       	2.840395e-17
1644.3        	2.840395e-17
1644.35       	2.840395e-17
1644.4        	2.840395e-17
1644.45       	2.840395e-17
1644.5        	2.840395e-17
1644.55       	2.840395e-17
1644.6        	2.840395e-17
1644.65       	2.840395e-17
1644.7        	2.840395e-17
1644.75       	2.840395e-17
1644.8        	2.840395e-17
1644.85       	2.840395e-17
1644.9        	2.840395e-17
1644.95       	2.840395e-17
1645          	2.840395e-17
1645.05       	2.840395e-17
1645.1        	2.840395e-17
1645.15       	2.840395e-17
1645.2        	2.840395e-17
1645.25       	2.840395e-17
1645.3        	2.840395e-17
1645.35       	2.840395e-17
1645.4        	2.840395e-17
1645.45       	2.840395e-17
1645.5        	2.840395e-17
1645.55       	2.840395e-17
1645.6        	2.840395e-17
1645.65       	2.840395e-17
1645.7        	2.840395e-17
1645.75       	2.840395e-17
1645.8        	2.840395e-17
1645.85       	2.840395e-17
1645.9        	2.840395e-17
1645.95       	2.840395e-17
1646          	2.840395e-17
1646.05       	2.840395e-17
1646.1        	2.840395e-17
1646.15       	2.840395e-17
1646.2        	2.840395e-17
1646.25       	2.840395e-17
1646.3        	2.840395e-17
1646.35       	2.840395e-17
1646.4        	2.840395e-17
1646.45       	2.840395e-17
1646.5        	2.840395e-17
1646.55       	2.840395e-17
1646.6        	2.840395e-17
1646.65       	2.840395e-17
1646.7        	2.840395e-17
1646.75       	2.840395e-17
1646.8        	2.840395e-17
1646.85       	2.840395e-17
1646.9        	2.840395e-17
1646.95       	2.840395e-17
1647          	2.840395e-17
1647.05       	2.840395e-17
1647.1        	2.840395e-17
1647.15       	2.840395e-17
1647.2        	2.840395e-17
1647.25       	2.840395e-17
1647.3        	2.840395e-17
1647.35       	2.840395e-17
1647.4        	2.840395e-17
1647.45       	2.840395e-17
1647.5        	2.840395e-17
1647.55       	2.840395e-17
1647.6        	2.840395e-17
1647.65       	2.840395e-17
1647.7        	2.840395e-17
1647.75       	2.840395e-17
1647.8        	2.840395e-17
1647.85       	2.840395e-17
1647.9        	2.840395e-17
1647.95       	2.840395e-17
1648          	2.840395e-17
1648.05       	2.840395e-17
1648.1        	2.840395e-17
1648.15       	2.840395e-17
1648.2        	2.840395e-17
1648.25       	2.840395e-17
1648.3        	2.840395e-17
1648.35       	2.840395e-17
1648.4        	2.840395e-17
1648.45       	2.840395e-17
1648.5        	2.840395e-17
1648.55       	2.840395e-17
1648.6        	2.840395e-17
1648.65       	2.840395e-17
1648.7        	2.840395e-17
1648.75       	2.840395e-17
1648.8        	2.840395e-17
1648.85       	2.840395e-17
1648.9        	2.840395e-17
1648.95       	2.840395e-17
1649          	2.840395e-17
1649.05       	2.840395e-17
1649.1        	2.840395e-17
1649.15       	2.840395e-17
1649.2        	2.840395e-17
1649.25       	2.840395e-17
1649.3        	2.840395e-17
1649.35       	2.840395e-17
1649.4        	2.840395e-17
1649.45       	2.840395e-17
1649.5        	2.840395e-17
1649.55       	2.840395e-17
1649.6        	2.840395e-17
1649.65       	2.840395e-17
1649.7        	2.840395e-17
1649.75       	2.840395e-17
1649.8        	2.840395e-17
1649.85       	2.840395e-17
1649.9        	2.840395e-17
1649.95       	2.840395e-17
1650          	2.840395e-17
1650.05       	2.840395e-17
1650.1        	2.840395e-17
1650.15       	2.840395e-17
1650.2        	2.840395e-17
1650.25       	2.840395e-17
1650.3        	2.840395e-17
1650.35       	2.840395e-17
1650.4        	2.840395e-17
1650.45       	2.840395e-17
1650.5        	2.840395e-17
1650.55       	2.840395e-17
1650.6        	2.840395e-17
1650.65       	2.840395e-17
1650.7        	2.840395e-17
1650.75       	2.840395e-17
1650.8        	2.840395e-17
1650.85       	2.840395e-17
1650.9        	2.840395e-17
1650.95       	2.840395e-17
1651          	2.840395e-17
1651.05       	2.840395e-17
1651.1        	2.840395e-17
1651.15       	2.840395e-17
1651.2        	2.840395e-17
1651.25       	2.840395e-17
1651.3        	2.840395e-17
1651.35       	2.840395e-17
1651.4        	2.840395e-17
1651.45       	2.840395e-17
1651.5        	2.840395e-17
1651.55       	2.840395e-17
1651.6        	2.840395e-17
1651.65       	2.840395e-17
1651.7        	2.840395e-17
1651.75       	2.840395e-17
1651.8        	2.840395e-17
1651.85       	2.840395e-17
1651.9        	2.840395e-17
1651.95       	2.840395e-17
1652          	2.840395e-17
1652.05       	2.840395e-17
1652.1        	2.840395e-17
1652.15       	2.840395e-17
1652.2        	2.840395e-17
1652.25       	2.840395e-17
1652.3        	2.840395e-17
1652.35       	2.840395e-17
1652.4        	2.840395e-17
1652.45       	2.840395e-17
1652.5        	2.840395e-17
1652.55       	2.840395e-17
1652.6        	2.840395e-17
1652.65       	2.840395e-17
1652.7        	2.840395e-17
1652.75       	2.840395e-17
1652.8        	2.840395e-17
1652.85       	2.840395e-17
1652.9        	2.840395e-17
1652.95       	2.840395e-17
1653          	2.840395e-17
1653.05       	2.840395e-17
1653.1        	2.840395e-17
1653.15       	2.840395e-17
1653.2        	2.840395e-17
1653.25       	2.840395e-17
1653.3        	2.840395e-17
1653.35       	2.840395e-17
1653.4        	2.840395e-17
1653.45       	2.840395e-17
1653.5        	2.840395e-17
1653.55       	2.840395e-17
1653.6        	2.840395e-17
1653.65       	2.840395e-17
1653.7        	2.840395e-17
1653.75       	2.840395e-17
1653.8        	2.840395e-17
1653.85       	2.840395e-17
1653.9        	2.840395e-17
1653.95       	2.840395e-17
1654          	2.840395e-17
1654.05       	2.840395e-17
1654.1        	2.840395e-17
1654.15       	2.840395e-17
1654.2        	2.840395e-17
1654.25       	2.840395e-17
1654.3        	2.840395e-17
1654.35       	2.840395e-17
1654.4        	2.840395e-17
1654.45       	2.840395e-17
1654.5        	2.840395e-17
1654.55       	2.840395e-17
1654.6        	2.840395e-17
1654.65       	2.840395e-17
1654.7        	2.840395e-17
1654.75       	2.840395e-17
1654.8        	2.840395e-17
1654.85       	2.840395e-17
1654.9        	2.840395e-17
1654.95       	2.840395e-17
1655          	2.840395e-17
1655.05       	2.840395e-17
1655.1        	2.840395e-17
1655.15       	2.840395e-17
1655.2        	2.840395e-17
1655.25       	2.840395e-17
1655.3        	2.840395e-17
1655.35       	2.840395e-17
1655.4        	2.840395e-17
1655.45       	2.840395e-17
1655.5        	2.840395e-17
1655.55       	2.840395e-17
1655.6        	2.840395e-17
1655.65       	2.840395e-17
1655.7        	2.840395e-17
1655.75       	2.840395e-17
1655.8        	2.840395e-17
1655.85       	2.840395e-17
1655.9        	2.840395e-17
1655.95       	2.840395e-17
1656          	2.840395e-17
1656.05       	2.840395e-17
1656.1        	2.840395e-17
1656.15       	2.840395e-17
1656.2        	2.840395e-17
1656.25       	2.840395e-17
1656.3        	2.840395e-17
1656.35       	2.840395e-17
1656.4        	2.840395e-17
1656.45       	2.840395e-17
1656.5        	2.840395e-17
1656.55       	2.840395e-17
1656.6        	2.840395e-17
1656.65       	2.840395e-17
1656.7        	2.840395e-17
1656.75       	2.840395e-17
1656.8        	2.840395e-17
1656.85       	2.840395e-17
1656.9        	2.840395e-17
1656.95       	2.840395e-17
1657          	2.840395e-17
1657.05       	2.840395e-17
1657.1        	2.840395e-17
1657.15       	2.840395e-17
1657.2        	2.840395e-17
1657.25       	2.840395e-17
1657.3        	2.840395e-17
1657.35       	2.840395e-17
1657.4        	2.840395e-17
1657.45       	2.840395e-17
1657.5        	2.840395e-17
1657.55       	2.840395e-17
1657.6        	2.840395e-17
1657.65       	2.840395e-17
1657.7        	2.840395e-17
1657.75       	2.840395e-17
1657.8        	2.840395e-17
1657.85       	2.840395e-17
1657.9        	2.840395e-17
1657.95       	2.840395e-17
1658          	2.840395e-17
1658.05       	2.840395e-17
1658.1        	2.840395e-17
1658.15       	2.840395e-17
1658.2        	2.840395e-17
1658.25       	2.840395e-17
1658.3        	2.840395e-17
1658.35       	2.840395e-17
1658.4        	2.840395e-17
1658.45       	2.840395e-17
1658.5        	2.840395e-17
1658.55       	2.840395e-17
1658.6        	2.840395e-17
1658.65       	2.840395e-17
1658.7        	2.840395e-17
1658.75       	2.840395e-17
1658.8        	2.840395e-17
1658.85       	2.840395e-17
1658.9        	2.840395e-17
1658.95       	2.840395e-17
1659          	2.840395e-17
1659.05       	2.840395e-17
1659.1        	2.840395e-17
1659.15       	2.840395e-17
1659.2        	2.840395e-17
1659.25       	2.840395e-17
1659.3        	2.840395e-17
1659.35       	2.840395e-17
1659.4        	2.840395e-17
1659.45       	2.840395e-17
1659.5        	2.840395e-17
1659.55       	2.840395e-17
1659.6        	2.840395e-17
1659.65       	2.840395e-17
1659.7        	2.840395e-17
1659.75       	2.840395e-17
1659.8        	2.840395e-17
1659.85       	2.840395e-17
1659.9        	2.840395e-17
1659.95       	2.840395e-17
1660          	2.840395e-17
1660.05       	2.840395e-17
1660.1        	2.840395e-17
1660.15       	2.840395e-17
1660.2        	2.840395e-17
1660.25       	2.840395e-17
1660.3        	2.840395e-17
1660.35       	2.840395e-17
1660.4        	2.840395e-17
1660.45       	2.840395e-17
1660.5        	2.840395e-17
1660.55       	2.840395e-17
1660.6        	2.840395e-17
1660.65       	2.840395e-17
1660.7        	2.840395e-17
1660.75       	2.840395e-17
1660.8        	2.840395e-17
1660.85       	2.840395e-17
1660.9        	2.840395e-17
1660.95       	2.840395e-17
1661          	2.840395e-17
1661.05       	2.840395e-17
1661.1        	2.840395e-17
1661.15       	2.840395e-17
1661.2        	2.840395e-17
1661.25       	2.840395e-17
1661.3        	2.840395e-17
1661.35       	2.840395e-17
1661.4        	2.840395e-17
1661.45       	2.840395e-17
1661.5        	2.840395e-17
1661.55       	2.840395e-17
1661.6        	2.840395e-17
1661.65       	2.840395e-17
1661.7        	2.840395e-17
1661.75       	2.840395e-17
1661.8        	2.840395e-17
1661.85       	2.840395e-17
1661.9        	2.840395e-17
1661.95       	2.840395e-17
1662          	2.840395e-17
1662.05       	2.840395e-17
1662.1        	2.840395e-17
1662.15       	2.840395e-17
1662.2        	2.840395e-17
1662.25       	2.840395e-17
1662.3        	2.840395e-17
1662.35       	2.840395e-17
1662.4        	2.840395e-17
1662.45       	2.840395e-17
1662.5        	2.840395e-17
1662.55       	2.840395e-17
1662.6        	2.840395e-17
1662.65       	2.840395e-17
1662.7        	2.840395e-17
1662.75       	2.840395e-17
1662.8        	2.840395e-17
1662.85       	2.840395e-17
1662.9        	2.840395e-17
1662.95       	2.840395e-17
1663          	2.840395e-17
1663.05       	2.840395e-17
1663.1        	2.840395e-17
1663.15       	2.840395e-17
1663.2        	2.840395e-17
1663.25       	2.840395e-17
1663.3        	2.840395e-17
1663.35       	2.840395e-17
1663.4        	2.840395e-17
1663.45       	2.840395e-17
1663.5        	2.840395e-17
1663.55       	2.840395e-17
1663.6        	2.840395e-17
1663.65       	2.840395e-17
1663.7        	2.840395e-17
1663.75       	2.840395e-17
1663.8        	2.840395e-17
1663.85       	2.840395e-17
1663.9        	2.840395e-17
1663.95       	2.840395e-17
1664          	2.840395e-17
1664.05       	2.840395e-17
1664.1        	2.840395e-17
1664.15       	2.840395e-17
1664.2        	2.840395e-17
1664.25       	2.840395e-17
1664.3        	2.840395e-17
1664.35       	2.840395e-17
1664.4        	2.840395e-17
1664.45       	2.840395e-17
1664.5        	2.840395e-17
1664.55       	2.840395e-17
1664.6        	2.840395e-17
1664.65       	2.840395e-17
1664.7        	2.840395e-17
1664.75       	2.840395e-17
1664.8        	2.840395e-17
1664.85       	2.840395e-17
1664.9        	2.840395e-17
1664.95       	2.840395e-17
1665          	2.840395e-17
1665.05       	2.840395e-17
1665.1        	2.840395e-17
1665.15       	2.840395e-17
1665.2        	2.840395e-17
1665.25       	2.840395e-17
1665.3        	2.840395e-17
1665.35       	2.840395e-17
1665.4        	2.840395e-17
1665.45       	2.840395e-17
1665.5        	2.840395e-17
1665.55       	2.840395e-17
1665.6        	2.840395e-17
1665.65       	2.840395e-17
1665.7        	2.840395e-17
1665.75       	2.840395e-17
1665.8        	2.840395e-17
1665.85       	2.840395e-17
1665.9        	2.840395e-17
1665.95       	2.840395e-17
1666          	2.840395e-17
1666.05       	2.840395e-17
1666.1        	2.840395e-17
1666.15       	2.840395e-17
1666.2        	2.840395e-17
1666.25       	2.840395e-17
1666.3        	2.840395e-17
1666.35       	2.840395e-17
1666.4        	2.840395e-17
1666.45       	2.840395e-17
1666.5        	2.840395e-17
1666.55       	2.840395e-17
1666.6        	2.840395e-17
1666.65       	2.840395e-17
1666.7        	2.840395e-17
1666.75       	2.840395e-17
1666.8        	2.840395e-17
1666.85       	2.840395e-17
1666.9        	2.840395e-17
1666.95       	2.840395e-17
1667          	2.840395e-17
1667.05       	2.840395e-17
1667.1        	2.840395e-17
1667.15       	2.840395e-17
1667.2        	2.840395e-17
1667.25       	2.840395e-17
1667.3        	2.840395e-17
1667.35       	2.840395e-17
1667.4        	2.840395e-17
1667.45       	2.840395e-17
1667.5        	2.840395e-17
1667.55       	2.840395e-17
1667.6        	2.840395e-17
1667.65       	2.840395e-17
1667.7        	2.840395e-17
1667.75       	2.840395e-17
1667.8        	2.840395e-17
1667.85       	2.840395e-17
1667.9        	2.840395e-17
1667.95       	2.840395e-17
1668          	2.840395e-17
1668.05       	2.840395e-17
1668.1        	2.840395e-17
1668.15       	2.840395e-17
1668.2        	2.840395e-17
1668.25       	2.840395e-17
1668.3        	2.840395e-17
1668.35       	2.840395e-17
1668.4        	2.840395e-17
1668.45       	2.840395e-17
1668.5        	2.840395e-17
1668.55       	2.840395e-17
1668.6        	2.840395e-17
1668.65       	2.840395e-17
1668.7        	2.840395e-17
1668.75       	2.840395e-17
1668.8        	2.840395e-17
1668.85       	2.840395e-17
1668.9        	2.840395e-17
1668.95       	2.840395e-17
1669          	2.840395e-17
1669.05       	2.840395e-17
1669.1        	2.840395e-17
1669.15       	2.840395e-17
1669.2        	2.840395e-17
1669.25       	2.840395e-17
1669.3        	2.840395e-17
1669.35       	2.840395e-17
1669.4        	2.840395e-17
1669.45       	2.840395e-17
1669.5        	2.840395e-17
1669.55       	2.840395e-17
1669.6        	2.840395e-17
1669.65       	2.840395e-17
1669.7        	2.840395e-17
1669.75       	2.840395e-17
1669.8        	2.840395e-17
1669.85       	2.840395e-17
1669.9        	2.840395e-17
1669.95       	2.840395e-17
1670          	2.840395e-17
1670.05       	2.840395e-17
1670.1        	2.840395e-17
1670.15       	2.840395e-17
1670.2        	2.840395e-17
1670.25       	2.840395e-17
1670.3        	2.840395e-17
1670.35       	2.840395e-17
1670.4        	2.840395e-17
1670.45       	2.840395e-17
1670.5        	2.840395e-17
1670.55       	2.840395e-17
1670.6        	2.840395e-17
1670.65       	2.840395e-17
1670.7        	2.840395e-17
1670.75       	2.840395e-17
1670.8        	2.840395e-17
1670.85       	2.840395e-17
1670.9        	2.840395e-17
1670.95       	2.840395e-17
1671          	2.840395e-17
1671.05       	2.840395e-17
1671.1        	2.840395e-17
1671.15       	2.840395e-17
1671.2        	2.840395e-17
1671.25       	2.840395e-17
1671.3        	2.840395e-17
1671.35       	2.840395e-17
1671.4        	2.840395e-17
1671.45       	2.840395e-17
1671.5        	2.840395e-17
1671.55       	2.840395e-17
1671.6        	2.840395e-17
1671.65       	2.840395e-17
1671.7        	2.840395e-17
1671.75       	2.840395e-17
1671.8        	2.840395e-17
1671.85       	2.840395e-17
1671.9        	2.840395e-17
1671.95       	2.840395e-17
1672          	2.840395e-17
1672.05       	2.840395e-17
1672.1        	2.840395e-17
1672.15       	2.840395e-17
1672.2        	2.840395e-17
1672.25       	2.840395e-17
1672.3        	2.840395e-17
1672.35       	2.840395e-17
1672.4        	2.840395e-17
1672.45       	2.840395e-17
1672.5        	2.840395e-17
1672.55       	2.840395e-17
1672.6        	2.840395e-17
1672.65       	2.840395e-17
1672.7        	2.840395e-17
1672.75       	2.840395e-17
1672.8        	2.840395e-17
1672.85       	2.840395e-17
1672.9        	2.840395e-17
1672.95       	2.840395e-17
1673          	2.840395e-17
1673.05       	2.840395e-17
1673.1        	2.840395e-17
1673.15       	2.840395e-17
1673.2        	2.840395e-17
1673.25       	2.840395e-17
1673.3        	2.840395e-17
1673.35       	2.840395e-17
1673.4        	2.840395e-17
1673.45       	2.840395e-17
1673.5        	2.840395e-17
1673.55       	2.840395e-17
1673.6        	2.840395e-17
1673.65       	2.840395e-17
1673.7        	2.840395e-17
1673.75       	2.840395e-17
1673.8        	2.840395e-17
1673.85       	2.840395e-17
1673.9        	2.840395e-17
1673.95       	2.840395e-17
1674          	2.840395e-17
1674.05       	2.840395e-17
1674.1        	2.840395e-17
1674.15       	2.840395e-17
1674.2        	2.840395e-17
1674.25       	2.840395e-17
1674.3        	2.840395e-17
1674.35       	2.840395e-17
1674.4        	2.840395e-17
1674.45       	2.840395e-17
1674.5        	2.840395e-17
1674.55       	2.840395e-17
1674.6        	2.840395e-17
1674.65       	2.840395e-17
1674.7        	2.840395e-17
1674.75       	2.840395e-17
1674.8        	2.840395e-17
1674.85       	2.840395e-17
1674.9        	2.840395e-17
1674.95       	2.840395e-17
1675          	2.840395e-17
1675.05       	2.840395e-17
1675.1        	2.840395e-17
1675.15       	2.840395e-17
1675.2        	2.840395e-17
1675.25       	2.840395e-17
1675.3        	2.840395e-17
1675.35       	2.840395e-17
1675.4        	2.840395e-17
1675.45       	2.840395e-17
1675.5        	2.840395e-17
1675.55       	2.840395e-17
1675.6        	2.840395e-17
1675.65       	2.840395e-17
1675.7        	2.840395e-17
1675.75       	2.840395e-17
1675.8        	2.840395e-17
1675.85       	2.840395e-17
1675.9        	2.840395e-17
1675.95       	2.840395e-17
1676          	2.840395e-17
1676.05       	2.840395e-17
1676.1        	2.840395e-17
1676.15       	2.840395e-17
1676.2        	2.840395e-17
1676.25       	2.840395e-17
1676.3        	2.840395e-17
1676.35       	2.840395e-17
1676.4        	2.840395e-17
1676.45       	2.840395e-17
1676.5        	2.840395e-17
1676.55       	2.840395e-17
1676.6        	2.840395e-17
1676.65       	2.840395e-17
1676.7        	2.840395e-17
1676.75       	2.840395e-17
1676.8        	2.840395e-17
1676.85       	2.840395e-17
1676.9        	2.840395e-17
1676.95       	2.840395e-17
1677          	2.840395e-17
1677.05       	2.840395e-17
1677.1        	2.840395e-17
1677.15       	2.840395e-17
1677.2        	2.840395e-17
1677.25       	2.840395e-17
1677.3        	2.840395e-17
1677.35       	2.840395e-17
1677.4        	2.840395e-17
1677.45       	2.840395e-17
1677.5        	2.840395e-17
1677.55       	2.840395e-17
1677.6        	2.840395e-17
1677.65       	2.840395e-17
1677.7        	2.840395e-17
1677.75       	2.840395e-17
1677.8        	2.840395e-17
1677.85       	2.840395e-17
1677.9        	2.840395e-17
1677.95       	2.840395e-17
1678          	2.840395e-17
1678.05       	2.840395e-17
1678.1        	2.840395e-17
1678.15       	2.840395e-17
1678.2        	2.840395e-17
1678.25       	2.840395e-17
1678.3        	2.840395e-17
1678.35       	2.840395e-17
1678.4        	2.840395e-17
1678.45       	2.840395e-17
1678.5        	2.840395e-17
1678.55       	2.840395e-17
1678.6        	2.840395e-17
1678.65       	2.840395e-17
1678.7        	2.840395e-17
1678.75       	2.840395e-17
1678.8        	2.840395e-17
1678.85       	2.840395e-17
1678.9        	2.840395e-17
1678.95       	2.840395e-17
1679          	2.840395e-17
1679.05       	2.840395e-17
1679.1        	2.840395e-17
1679.15       	2.840395e-17
1679.2        	2.840395e-17
1679.25       	2.840395e-17
1679.3        	2.840395e-17
1679.35       	2.840395e-17
1679.4        	2.840395e-17
1679.45       	2.840395e-17
1679.5        	2.840395e-17
1679.55       	2.840395e-17
1679.6        	2.840395e-17
1679.65       	2.840395e-17
1679.7        	2.840395e-17
1679.75       	2.840395e-17
1679.8        	2.840395e-17
1679.85       	2.840395e-17
1679.9        	2.840395e-17
1679.95       	2.840395e-17
1680          	2.840395e-17
1680.05       	2.840395e-17
1680.1        	2.840395e-17
1680.15       	2.840395e-17
1680.2        	2.840395e-17
1680.25       	2.840395e-17
1680.3        	2.840395e-17
1680.35       	2.840395e-17
1680.4        	2.840395e-17
1680.45       	2.840395e-17
1680.5        	2.840395e-17
1680.55       	2.840395e-17
1680.6        	2.840395e-17
1680.65       	2.840395e-17
1680.7        	2.840395e-17
1680.75       	2.840395e-17
1680.8        	2.840395e-17
1680.85       	2.840395e-17
1680.9        	2.840395e-17
1680.95       	2.840395e-17
1681          	2.840395e-17
1681.05       	2.840395e-17
1681.1        	2.840395e-17
1681.15       	2.840395e-17
1681.2        	2.840395e-17
1681.25       	2.840395e-17
1681.3        	2.840395e-17
1681.35       	2.840395e-17
1681.4        	2.840395e-17
1681.45       	2.840395e-17
1681.5        	2.840395e-17
1681.55       	2.840395e-17
1681.6        	2.840395e-17
1681.65       	2.840395e-17
1681.7        	2.840395e-17
1681.75       	2.840395e-17
1681.8        	2.840395e-17
1681.85       	2.840395e-17
1681.9        	2.840395e-17
1681.95       	2.840395e-17
1682          	2.840395e-17
1682.05       	2.840395e-17
1682.1        	2.840395e-17
1682.15       	2.840395e-17
1682.2        	2.840395e-17
1682.25       	2.840395e-17
1682.3        	2.840395e-17
1682.35       	2.840395e-17
1682.4        	2.840395e-17
1682.45       	2.840395e-17
1682.5        	2.840395e-17
1682.55       	2.840395e-17
1682.6        	2.840395e-17
1682.65       	2.840395e-17
1682.7        	2.840395e-17
1682.75       	2.840395e-17
1682.8        	2.840395e-17
1682.85       	2.840395e-17
1682.9        	2.840395e-17
1682.95       	2.840395e-17
1683          	2.840395e-17
1683.05       	2.840395e-17
1683.1        	2.840395e-17
1683.15       	2.840395e-17
1683.2        	2.840395e-17
1683.25       	2.840395e-17
1683.3        	2.840395e-17
1683.35       	2.840395e-17
1683.4        	2.840395e-17
1683.45       	2.840395e-17
1683.5        	2.840395e-17
1683.55       	2.840395e-17
1683.6        	2.840395e-17
1683.65       	2.840395e-17
1683.7        	2.840395e-17
1683.75       	2.840395e-17
1683.8        	2.840395e-17
1683.85       	2.840395e-17
1683.9        	2.840395e-17
1683.95       	2.840395e-17
1684          	2.840395e-17
1684.05       	2.840395e-17
1684.1        	2.840395e-17
1684.15       	2.840395e-17
1684.2        	2.840395e-17
1684.25       	2.840395e-17
1684.3        	2.840395e-17
1684.35       	2.840395e-17
1684.4        	2.840395e-17
1684.45       	2.840395e-17
1684.5        	2.840395e-17
1684.55       	2.840395e-17
1684.6        	2.840395e-17
1684.65       	2.840395e-17
1684.7        	2.840395e-17
1684.75       	2.840395e-17
1684.8        	2.840395e-17
1684.85       	2.840395e-17
1684.9        	2.840395e-17
1684.95       	2.840395e-17
1685          	2.840395e-17
1685.05       	2.840395e-17
1685.1        	2.840395e-17
1685.15       	2.840395e-17
1685.2        	2.840395e-17
1685.25       	2.840395e-17
1685.3        	2.840395e-17
1685.35       	2.840395e-17
1685.4        	2.840395e-17
1685.45       	2.840395e-17
1685.5        	2.840395e-17
1685.55       	2.840395e-17
1685.6        	2.840395e-17
1685.65       	2.840395e-17
1685.7        	2.840395e-17
1685.75       	2.840395e-17
1685.8        	2.840395e-17
1685.85       	2.840395e-17
1685.9        	2.840395e-17
1685.95       	2.840395e-17
1686          	2.840395e-17
1686.05       	2.840395e-17
1686.1        	2.840395e-17
1686.15       	2.840395e-17
1686.2        	2.840395e-17
1686.25       	2.840395e-17
1686.3        	2.840395e-17
1686.35       	2.840395e-17
1686.4        	2.840395e-17
1686.45       	2.840395e-17
1686.5        	2.840395e-17
1686.55       	2.840395e-17
1686.6        	2.840395e-17
1686.65       	2.840395e-17
1686.7        	2.840395e-17
1686.75       	2.840395e-17
1686.8        	2.840395e-17
1686.85       	2.840395e-17
1686.9        	2.840395e-17
1686.95       	2.840395e-17
1687          	2.840395e-17
1687.05       	2.840395e-17
1687.1        	2.840395e-17
1687.15       	2.840395e-17
1687.2        	2.840395e-17
1687.25       	2.840395e-17
1687.3        	2.840395e-17
1687.35       	2.840395e-17
1687.4        	2.840395e-17
1687.45       	2.840395e-17
1687.5        	2.840395e-17
1687.55       	2.840395e-17
1687.6        	2.840395e-17
1687.65       	2.840395e-17
1687.7        	2.840395e-17
1687.75       	2.840395e-17
1687.8        	2.840395e-17
1687.85       	2.840395e-17
1687.9        	2.840395e-17
1687.95       	2.840395e-17
1688          	2.840395e-17
1688.05       	2.840395e-17
1688.1        	2.840395e-17
1688.15       	2.840395e-17
1688.2        	2.840395e-17
1688.25       	2.840395e-17
1688.3        	2.840395e-17
1688.35       	2.840395e-17
1688.4        	2.840395e-17
1688.45       	2.840395e-17
1688.5        	2.840395e-17
1688.55       	2.840395e-17
1688.6        	2.840395e-17
1688.65       	2.840395e-17
1688.7        	2.840395e-17
1688.75       	2.840395e-17
1688.8        	2.840395e-17
1688.85       	2.840395e-17
1688.9        	2.840395e-17
1688.95       	2.840395e-17
1689          	2.840395e-17
1689.05       	2.840395e-17
1689.1        	2.840395e-17
1689.15       	2.840395e-17
1689.2        	2.840395e-17
1689.25       	2.840395e-17
1689.3        	2.840395e-17
1689.35       	2.840395e-17
1689.4        	2.840395e-17
1689.45       	2.840395e-17
1689.5        	2.840395e-17
1689.55       	2.840395e-17
1689.6        	2.840395e-17
1689.65       	2.840395e-17
1689.7        	2.840395e-17
1689.75       	2.840395e-17
1689.8        	2.840395e-17
1689.85       	2.840395e-17
1689.9        	2.840395e-17
1689.95       	2.840395e-17
1690          	2.840395e-17
1690.05       	2.840395e-17
1690.1        	2.840395e-17
1690.15       	2.840395e-17
1690.2        	2.840395e-17
1690.25       	2.840395e-17
1690.3        	2.840395e-17
1690.35       	2.840395e-17
1690.4        	2.840395e-17
1690.45       	2.840395e-17
1690.5        	2.840395e-17
1690.55       	2.840395e-17
1690.6        	2.840395e-17
1690.65       	2.840395e-17
1690.7        	2.840395e-17
1690.75       	2.840395e-17
1690.8        	2.840395e-17
1690.85       	2.840395e-17
1690.9        	2.840395e-17
1690.95       	2.840395e-17
1691          	2.840395e-17
1691.05       	2.840395e-17
1691.1        	2.840395e-17
1691.15       	2.840395e-17
1691.2        	2.840395e-17
1691.25       	2.840395e-17
1691.3        	2.840395e-17
1691.35       	2.840395e-17
1691.4        	2.840395e-17
1691.45       	2.840395e-17
1691.5        	2.840395e-17
1691.55       	2.840395e-17
1691.6        	2.840395e-17
1691.65       	2.840395e-17
1691.7        	2.840395e-17
1691.75       	2.840395e-17
1691.8        	2.840395e-17
1691.85       	2.840395e-17
1691.9        	2.840395e-17
1691.95       	2.840395e-17
1692          	2.840395e-17
1692.05       	2.840395e-17
1692.1        	2.840395e-17
1692.15       	2.840395e-17
1692.2        	2.840395e-17
1692.25       	2.840395e-17
1692.3        	2.840395e-17
1692.35       	2.840395e-17
1692.4        	2.840395e-17
1692.45       	2.840395e-17
1692.5        	2.840395e-17
1692.55       	2.840395e-17
1692.6        	2.840395e-17
1692.65       	2.840395e-17
1692.7        	2.840395e-17
1692.75       	2.840395e-17
1692.8        	2.840395e-17
1692.85       	2.840395e-17
1692.9        	2.840395e-17
1692.95       	2.840395e-17
1693          	2.840395e-17
1693.05       	2.840395e-17
1693.1        	2.840395e-17
1693.15       	2.840395e-17
1693.2        	2.840395e-17
1693.25       	2.840395e-17
1693.3        	2.840395e-17
1693.35       	2.840395e-17
1693.4        	2.840395e-17
1693.45       	2.840395e-17
1693.5        	2.840395e-17
1693.55       	2.840395e-17
1693.6        	2.840395e-17
1693.65       	2.840395e-17
1693.7        	2.840395e-17
1693.75       	2.840395e-17
1693.8        	2.840395e-17
1693.85       	2.840395e-17
1693.9        	2.840395e-17
1693.95       	2.840395e-17
1694          	2.840395e-17
1694.05       	2.840395e-17
1694.1        	2.840395e-17
1694.15       	2.840395e-17
1694.2        	2.840395e-17
1694.25       	2.840395e-17
1694.3        	2.840395e-17
1694.35       	2.840395e-17
1694.4        	2.840395e-17
1694.45       	2.840395e-17
1694.5        	2.840395e-17
1694.55       	2.840395e-17
1694.6        	2.840395e-17
1694.65       	2.840395e-17
1694.7        	2.840395e-17
1694.75       	2.840395e-17
1694.8        	2.840395e-17
1694.85       	2.840395e-17
1694.9        	2.840395e-17
1694.95       	2.840395e-17
1695          	2.840395e-17
1695.05       	2.840395e-17
1695.1        	2.840395e-17
1695.15       	2.840395e-17
1695.2        	2.840395e-17
1695.25       	2.840395e-17
1695.3        	2.840395e-17
1695.35       	2.840395e-17
1695.4        	2.840395e-17
1695.45       	2.840395e-17
1695.5        	2.840395e-17
1695.55       	2.840395e-17
1695.6        	2.840395e-17
1695.65       	2.840395e-17
1695.7        	2.840395e-17
1695.75       	2.840395e-17
1695.8        	2.840395e-17
1695.85       	2.840395e-17
1695.9        	2.840395e-17
1695.95       	2.840395e-17
1696          	2.840395e-17
1696.05       	2.840395e-17
1696.1        	2.840395e-17
1696.15       	2.840395e-17
1696.2        	2.840395e-17
1696.25       	2.840395e-17
1696.3        	2.840395e-17
1696.35       	2.840395e-17
1696.4        	2.840395e-17
1696.45       	2.840395e-17
1696.5        	2.840395e-17
1696.55       	2.840395e-17
1696.6        	2.840395e-17
1696.65       	2.840395e-17
1696.7        	2.840395e-17
1696.75       	2.840395e-17
1696.8        	2.840395e-17
1696.85       	2.840395e-17
1696.9        	2.840395e-17
1696.95       	2.840395e-17
1697          	2.840395e-17
1697.05       	2.840395e-17
1697.1        	2.840395e-17
1697.15       	2.840395e-17
1697.2        	2.840395e-17
1697.25       	2.840395e-17
1697.3        	2.840395e-17
1697.35       	2.840395e-17
1697.4        	2.840395e-17
1697.45       	2.840395e-17
1697.5        	2.840395e-17
1697.55       	2.840395e-17
1697.6        	2.840395e-17
1697.65       	2.840395e-17
1697.7        	2.840395e-17
1697.75       	2.840395e-17
1697.8        	2.840395e-17
1697.85       	2.840395e-17
1697.9        	2.840395e-17
1697.95       	2.840395e-17
1698          	2.840395e-17
1698.05       	2.840395e-17
1698.1        	2.840395e-17
1698.15       	2.840395e-17
1698.2        	2.840395e-17
1698.25       	2.840395e-17
1698.3        	2.840395e-17
1698.35       	2.840395e-17
1698.4        	2.840395e-17
1698.45       	2.840395e-17
1698.5        	2.840395e-17
1698.55       	2.840395e-17
1698.6        	2.840395e-17
1698.65       	2.840395e-17
1698.7        	2.840395e-17
1698.75       	2.840395e-17
1698.8        	2.840395e-17
1698.85       	2.840395e-17
1698.9        	2.840395e-17
1698.95       	2.840395e-17
1699          	2.840395e-17
1699.05       	2.840395e-17
1699.1        	2.840395e-17
1699.15       	2.840395e-17
1699.2        	2.840395e-17
1699.25       	2.840395e-17
1699.3        	2.840395e-17
1699.35       	2.840395e-17
1699.4        	2.840395e-17
1699.45       	2.840395e-17
1699.5        	2.840395e-17
1699.55       	2.840395e-17
1699.6        	2.840395e-17
1699.65       	2.840395e-17
1699.7        	2.840395e-17
1699.75       	2.840395e-17
1699.8        	2.840395e-17
1699.85       	2.840395e-17
1699.9        	2.840395e-17
1699.95       	2.840395e-17
1700          	2.840395e-17
1700.05       	2.840395e-17
1700.1        	2.840395e-17
1700.15       	2.840395e-17
1700.2        	2.840395e-17
1700.25       	2.840395e-17
1700.3        	2.840395e-17
1700.35       	2.840395e-17
1700.4        	2.840395e-17
1700.45       	2.840395e-17
1700.5        	2.840395e-17
1700.55       	2.840395e-17
1700.6        	2.840395e-17
1700.65       	2.840395e-17
1700.7        	2.840395e-17
1700.75       	2.840395e-17
1700.8        	2.840395e-17
1700.85       	2.840395e-17
1700.9        	2.840395e-17
1700.95       	2.840395e-17
1701          	2.840395e-17
1701.05       	2.840395e-17
1701.1        	2.840395e-17
1701.15       	2.840395e-17
1701.2        	2.840395e-17
1701.25       	2.840395e-17
1701.3        	2.840395e-17
1701.35       	2.840395e-17
1701.4        	2.840395e-17
1701.45       	2.840395e-17
1701.5        	2.840395e-17
1701.55       	2.840395e-17
1701.6        	2.840395e-17
1701.65       	2.840395e-17
1701.7        	2.840395e-17
1701.75       	2.840395e-17
1701.8        	2.840395e-17
1701.85       	2.840395e-17
1701.9        	2.840395e-17
1701.95       	2.840395e-17
1702          	2.840395e-17
1702.05       	2.840395e-17
1702.1        	2.840395e-17
1702.15       	2.840395e-17
1702.2        	2.840395e-17
1702.25       	2.840395e-17
1702.3        	2.840395e-17
1702.35       	2.840395e-17
1702.4        	2.840395e-17
1702.45       	2.840395e-17
1702.5        	2.840395e-17
1702.55       	2.840395e-17
1702.6        	2.840395e-17
1702.65       	2.840395e-17
1702.7        	2.840395e-17
1702.75       	2.840395e-17
1702.8        	2.840395e-17
1702.85       	2.840395e-17
1702.9        	2.840395e-17
1702.95       	2.840395e-17
1703          	2.840395e-17
1703.05       	2.840395e-17
1703.1        	2.840395e-17
1703.15       	2.840395e-17
1703.2        	2.840395e-17
1703.25       	2.840395e-17
1703.3        	2.840395e-17
1703.35       	2.840395e-17
1703.4        	2.840395e-17
1703.45       	2.840395e-17
1703.5        	2.840395e-17
1703.55       	2.840395e-17
1703.6        	2.840395e-17
1703.65       	2.840395e-17
1703.7        	2.840395e-17
1703.75       	2.840395e-17
1703.8        	2.840395e-17
1703.85       	2.840395e-17
1703.9        	2.840395e-17
1703.95       	2.840395e-17
1704          	2.840395e-17
1704.05       	2.840395e-17
1704.1        	2.840395e-17
1704.15       	2.840395e-17
1704.2        	2.840395e-17
1704.25       	2.840395e-17
1704.3        	2.840395e-17
1704.35       	2.840395e-17
1704.4        	2.840395e-17
1704.45       	2.840395e-17
1704.5        	2.840395e-17
1704.55       	2.840395e-17
1704.6        	2.840395e-17
1704.65       	2.840395e-17
1704.7        	2.840395e-17
1704.75       	2.840395e-17
1704.8        	2.840395e-17
1704.85       	2.840395e-17
1704.9        	2.840395e-17
1704.95       	2.840395e-17
1705          	2.840395e-17
1705.05       	2.840395e-17
1705.1        	2.840395e-17
1705.15       	2.840395e-17
1705.2        	2.840395e-17
1705.25       	2.840395e-17
1705.3        	2.840395e-17
1705.35       	2.840395e-17
1705.4        	2.840395e-17
1705.45       	2.840395e-17
1705.5        	2.840395e-17
1705.55       	2.840395e-17
1705.6        	2.840395e-17
1705.65       	2.840395e-17
1705.7        	2.840395e-17
1705.75       	2.840395e-17
1705.8        	2.840395e-17
1705.85       	2.840395e-17
1705.9        	2.840395e-17
1705.95       	2.840395e-17
1706          	2.840395e-17
1706.05       	2.840395e-17
1706.1        	2.840395e-17
1706.15       	2.840395e-17
1706.2        	2.840395e-17
1706.25       	2.840395e-17
1706.3        	2.840395e-17
1706.35       	2.840395e-17
1706.4        	2.840395e-17
1706.45       	2.840395e-17
1706.5        	2.840395e-17
1706.55       	2.840395e-17
1706.6        	2.840395e-17
1706.65       	2.840395e-17
1706.7        	2.840395e-17
1706.75       	2.840395e-17
1706.8        	2.840395e-17
1706.85       	2.840395e-17
1706.9        	2.840395e-17
1706.95       	2.840395e-17
1707          	2.840395e-17
1707.05       	2.840395e-17
1707.1        	2.840395e-17
1707.15       	2.840395e-17
1707.2        	2.840395e-17
1707.25       	2.840395e-17
1707.3        	2.840395e-17
1707.35       	2.840395e-17
1707.4        	2.840395e-17
1707.45       	2.840395e-17
1707.5        	2.840395e-17
1707.55       	2.840395e-17
1707.6        	2.840395e-17
1707.65       	2.840395e-17
1707.7        	2.840395e-17
1707.75       	2.840395e-17
1707.8        	2.840395e-17
1707.85       	2.840395e-17
1707.9        	2.840395e-17
1707.95       	2.840395e-17
1708          	2.840395e-17
1708.05       	2.840395e-17
1708.1        	2.840395e-17
1708.15       	2.840395e-17
1708.2        	2.840395e-17
1708.25       	2.840395e-17
1708.3        	2.840395e-17
1708.35       	2.840395e-17
1708.4        	2.840395e-17
1708.45       	2.840395e-17
1708.5        	2.840395e-17
1708.55       	2.840395e-17
1708.6        	2.840395e-17
1708.65       	2.840395e-17
1708.7        	2.840395e-17
1708.75       	2.840395e-17
1708.8        	2.840395e-17
1708.85       	2.840395e-17
1708.9        	2.840395e-17
1708.95       	2.840395e-17
1709          	2.840395e-17
1709.05       	2.840395e-17
1709.1        	2.840395e-17
1709.15       	2.840395e-17
1709.2        	2.840395e-17
1709.25       	2.840395e-17
1709.3        	2.840395e-17
1709.35       	2.840395e-17
1709.4        	2.840395e-17
1709.45       	2.840395e-17
1709.5        	2.840395e-17
1709.55       	2.840395e-17
1709.6        	2.840395e-17
1709.65       	2.840395e-17
1709.7        	2.840395e-17
1709.75       	2.840395e-17
1709.8        	2.840395e-17
1709.85       	2.840395e-17
1709.9        	2.840395e-17
1709.95       	2.840395e-17
1710          	2.840395e-17
1710.05       	2.840395e-17
1710.1        	2.840395e-17
1710.15       	2.840395e-17
1710.2        	2.840395e-17
1710.25       	2.840395e-17
1710.3        	2.840395e-17
1710.35       	2.840395e-17
1710.4        	2.840395e-17
1710.45       	2.840395e-17
1710.5        	2.840395e-17
1710.55       	2.840395e-17
1710.6        	2.840395e-17
1710.65       	2.840395e-17
1710.7        	2.840395e-17
1710.75       	2.840395e-17
1710.8        	2.840395e-17
1710.85       	2.840395e-17
1710.9        	2.840395e-17
1710.95       	2.840395e-17
1711          	2.840395e-17
1711.05       	2.840395e-17
1711.1        	2.840395e-17
1711.15       	2.840395e-17
1711.2        	2.840395e-17
1711.25       	2.840395e-17
1711.3        	2.840395e-17
1711.35       	2.840395e-17
1711.4        	2.840395e-17
1711.45       	2.840395e-17
1711.5        	2.840395e-17
1711.55       	2.840395e-17
1711.6        	2.840395e-17
1711.65       	2.840395e-17
1711.7        	2.840395e-17
1711.75       	2.840395e-17
1711.8        	2.840395e-17
1711.85       	2.840395e-17
1711.9        	2.840395e-17
1711.95       	2.840395e-17
1712          	2.840395e-17
1712.05       	2.840395e-17
1712.1        	2.840395e-17
1712.15       	2.840395e-17
1712.2        	2.840395e-17
1712.25       	2.840395e-17
1712.3        	2.840395e-17
1712.35       	2.840395e-17
1712.4        	2.840395e-17
1712.45       	2.840395e-17
1712.5        	2.840395e-17
1712.55       	2.840395e-17
1712.6        	2.840395e-17
1712.65       	2.840395e-17
1712.7        	2.840395e-17
1712.75       	2.840395e-17
1712.8        	2.840395e-17
1712.85       	2.840395e-17
1712.9        	2.840395e-17
1712.95       	2.840395e-17
1713          	2.840395e-17
1713.05       	2.840395e-17
1713.1        	2.840395e-17
1713.15       	2.840395e-17
1713.2        	2.840395e-17
1713.25       	2.840395e-17
1713.3        	2.840395e-17
1713.35       	2.840395e-17
1713.4        	2.840395e-17
1713.45       	2.840395e-17
1713.5        	2.840395e-17
1713.55       	2.840395e-17
1713.6        	2.840395e-17
1713.65       	2.840395e-17
1713.7        	2.840395e-17
1713.75       	2.840395e-17
1713.8        	2.840395e-17
1713.85       	2.840395e-17
1713.9        	2.840395e-17
1713.95       	2.840395e-17
1714          	2.840395e-17
1714.05       	2.840395e-17
1714.1        	2.840395e-17
1714.15       	2.840395e-17
1714.2        	2.840395e-17
1714.25       	2.840395e-17
1714.3        	2.840395e-17
1714.35       	2.840395e-17
1714.4        	2.840395e-17
1714.45       	2.840395e-17
1714.5        	2.840395e-17
1714.55       	2.840395e-17
1714.6        	2.840395e-17
1714.65       	2.840395e-17
1714.7        	2.840395e-17
1714.75       	2.840395e-17
1714.8        	2.840395e-17
1714.85       	2.840395e-17
1714.9        	2.840395e-17
1714.95       	2.840395e-17
1715          	2.840395e-17
1715.05       	2.840395e-17
1715.1        	2.840395e-17
1715.15       	2.840395e-17
1715.2        	2.840395e-17
1715.25       	2.840395e-17
1715.3        	2.840395e-17
1715.35       	2.840395e-17
1715.4        	2.840395e-17
1715.45       	2.840395e-17
1715.5        	2.840395e-17
1715.55       	2.840395e-17
1715.6        	2.840395e-17
1715.65       	2.840395e-17
1715.7        	2.840395e-17
1715.75       	2.840395e-17
1715.8        	2.840395e-17
1715.85       	2.840395e-17
1715.9        	2.840395e-17
1715.95       	2.840395e-17
1716          	2.840395e-17
1716.05       	2.840395e-17
1716.1        	2.840395e-17
1716.15       	2.840395e-17
1716.2        	2.840395e-17
1716.25       	2.840395e-17
1716.3        	2.840395e-17
1716.35       	2.840395e-17
1716.4        	2.840395e-17
1716.45       	2.840395e-17
1716.5        	2.840395e-17
1716.55       	2.840395e-17
1716.6        	2.840395e-17
1716.65       	2.840395e-17
1716.7        	2.840395e-17
1716.75       	2.840395e-17
1716.8        	2.840395e-17
1716.85       	2.840395e-17
1716.9        	2.840395e-17
1716.95       	2.840395e-17
1717          	2.840395e-17
1717.05       	2.840395e-17
1717.1        	2.840395e-17
1717.15       	2.840395e-17
1717.2        	2.840395e-17
1717.25       	2.840395e-17
1717.3        	2.840395e-17
1717.35       	2.840395e-17
1717.4        	2.840395e-17
1717.45       	2.840395e-17
1717.5        	2.840395e-17
1717.55       	2.840395e-17
1717.6        	2.840395e-17
1717.65       	2.840395e-17
1717.7        	2.840395e-17
1717.75       	2.840395e-17
1717.8        	2.840395e-17
1717.85       	2.840395e-17
1717.9        	2.840395e-17
1717.95       	2.840395e-17
1718          	2.840395e-17
1718.05       	2.840395e-17
1718.1        	2.840395e-17
1718.15       	2.840395e-17
1718.2        	2.840395e-17
1718.25       	2.840395e-17
1718.3        	2.840395e-17
1718.35       	2.840395e-17
1718.4        	2.840395e-17
1718.45       	2.840395e-17
1718.5        	2.840395e-17
1718.55       	2.840395e-17
1718.6        	2.840395e-17
1718.65       	2.840395e-17
1718.7        	2.840395e-17
1718.75       	2.840395e-17
1718.8        	2.840395e-17
1718.85       	2.840395e-17
1718.9        	2.840395e-17
1718.95       	2.840395e-17
1719          	2.840395e-17
1719.05       	2.840395e-17
1719.1        	2.840395e-17
1719.15       	2.840395e-17
1719.2        	2.840395e-17
1719.25       	2.840395e-17
1719.3        	2.840395e-17
1719.35       	2.840395e-17
1719.4        	2.840395e-17
1719.45       	2.840395e-17
1719.5        	2.840395e-17
1719.55       	2.840395e-17
1719.6        	2.840395e-17
1719.65       	2.840395e-17
1719.7        	2.840395e-17
1719.75       	2.840395e-17
1719.8        	2.840395e-17
1719.85       	2.840395e-17
1719.9        	2.840395e-17
1719.95       	2.840395e-17
1720          	2.840395e-17
1720.05       	2.840395e-17
1720.1        	2.840395e-17
1720.15       	2.840395e-17
1720.2        	2.840395e-17
1720.25       	2.840395e-17
1720.3        	2.840395e-17
1720.35       	2.840395e-17
1720.4        	2.840395e-17
1720.45       	2.840395e-17
1720.5        	2.840395e-17
1720.55       	2.840395e-17
1720.6        	2.840395e-17
1720.65       	2.840395e-17
1720.7        	2.840395e-17
1720.75       	2.840395e-17
1720.8        	2.840395e-17
1720.85       	2.840395e-17
1720.9        	2.840395e-17
1720.95       	2.840395e-17
1721          	2.840395e-17
1721.05       	2.840395e-17
1721.1        	2.840395e-17
1721.15       	2.840395e-17
1721.2        	2.840395e-17
1721.25       	2.840395e-17
1721.3        	2.840395e-17
1721.35       	2.840395e-17
1721.4        	2.840395e-17
1721.45       	2.840395e-17
1721.5        	2.840395e-17
1721.55       	2.840395e-17
1721.6        	2.840395e-17
1721.65       	2.840395e-17
1721.7        	2.840395e-17
1721.75       	2.840395e-17
1721.8        	2.840395e-17
1721.85       	2.840395e-17
1721.9        	2.840395e-17
1721.95       	2.840395e-17
1722          	2.840395e-17
1722.05       	2.840395e-17
1722.1        	2.840395e-17
1722.15       	2.840395e-17
1722.2        	2.840395e-17
1722.25       	2.840395e-17
1722.3        	2.840395e-17
1722.35       	2.840395e-17
1722.4        	2.840395e-17
1722.45       	2.840395e-17
1722.5        	2.840395e-17
1722.55       	2.840395e-17
1722.6        	2.840395e-17
1722.65       	2.840395e-17
1722.7        	2.840395e-17
1722.75       	2.840395e-17
1722.8        	2.840395e-17
1722.85       	2.840395e-17
1722.9        	2.840395e-17
1722.95       	2.840395e-17
1723          	2.840395e-17
1723.05       	2.840395e-17
1723.1        	2.840395e-17
1723.15       	2.840395e-17
1723.2        	2.840395e-17
1723.25       	2.840395e-17
1723.3        	2.840395e-17
1723.35       	2.840395e-17
1723.4        	2.840395e-17
1723.45       	2.840395e-17
1723.5        	2.840395e-17
1723.55       	2.840395e-17
1723.6        	2.840395e-17
1723.65       	2.840395e-17
1723.7        	2.840395e-17
1723.75       	2.840395e-17
1723.8        	2.840395e-17
1723.85       	2.840395e-17
1723.9        	2.840395e-17
1723.95       	2.840395e-17
1724          	2.840395e-17
1724.05       	2.840395e-17
1724.1        	2.840395e-17
1724.15       	2.840395e-17
1724.2        	2.840395e-17
1724.25       	2.840395e-17
1724.3        	2.840395e-17
1724.35       	2.840395e-17
1724.4        	2.840395e-17
1724.45       	2.840395e-17
1724.5        	2.840395e-17
1724.55       	2.840395e-17
1724.6        	2.840395e-17
1724.65       	2.840395e-17
1724.7        	2.840395e-17
1724.75       	2.840395e-17
1724.8        	2.840395e-17
1724.85       	2.840395e-17
1724.9        	2.840395e-17
1724.95       	2.840395e-17
1725          	2.840395e-17
1725.05       	2.840395e-17
1725.1        	2.840395e-17
1725.15       	2.840395e-17
1725.2        	2.840395e-17
1725.25       	2.840395e-17
1725.3        	2.840395e-17
1725.35       	2.840395e-17
1725.4        	2.840395e-17
1725.45       	2.840395e-17
1725.5        	2.840395e-17
1725.55       	2.840395e-17
1725.6        	2.840395e-17
1725.65       	2.840395e-17
1725.7        	2.840395e-17
1725.75       	2.840395e-17
1725.8        	2.840395e-17
1725.85       	2.840395e-17
1725.9        	2.840395e-17
1725.95       	2.840395e-17
1726          	2.840395e-17
1726.05       	2.840395e-17
1726.1        	2.840395e-17
1726.15       	2.840395e-17
1726.2        	2.840395e-17
1726.25       	2.840395e-17
1726.3        	2.840395e-17
1726.35       	2.840395e-17
1726.4        	2.840395e-17
1726.45       	2.840395e-17
1726.5        	2.840395e-17
1726.55       	2.840395e-17
1726.6        	2.840395e-17
1726.65       	2.840395e-17
1726.7        	2.840395e-17
1726.75       	2.840395e-17
1726.8        	2.840395e-17
1726.85       	2.840395e-17
1726.9        	2.840395e-17
1726.95       	2.840395e-17
1727          	2.840395e-17
1727.05       	2.840395e-17
1727.1        	2.840395e-17
1727.15       	2.840395e-17
1727.2        	2.840395e-17
1727.25       	2.840395e-17
1727.3        	2.840395e-17
1727.35       	2.840395e-17
1727.4        	2.840395e-17
1727.45       	2.840395e-17
1727.5        	2.840395e-17
1727.55       	2.840395e-17
1727.6        	2.840395e-17
1727.65       	2.840395e-17
1727.7        	2.840395e-17
1727.75       	2.840395e-17
1727.8        	2.840395e-17
1727.85       	2.840395e-17
1727.9        	2.840395e-17
1727.95       	2.840395e-17
1728          	2.840395e-17
1728.05       	2.840395e-17
1728.1        	2.840395e-17
1728.15       	2.840395e-17
1728.2        	2.840395e-17
1728.25       	2.840395e-17
1728.3        	2.840395e-17
1728.35       	2.840395e-17
1728.4        	2.840395e-17
1728.45       	2.840395e-17
1728.5        	2.840395e-17
1728.55       	2.840395e-17
1728.6        	2.840395e-17
1728.65       	2.840395e-17
1728.7        	2.840395e-17
1728.75       	2.840395e-17
1728.8        	2.840395e-17
1728.85       	2.840395e-17
1728.9        	2.840395e-17
1728.95       	2.840395e-17
1729          	2.840395e-17
1729.05       	2.840395e-17
1729.1        	2.840395e-17
1729.15       	2.840395e-17
1729.2        	2.840395e-17
1729.25       	2.840395e-17
1729.3        	2.840395e-17
1729.35       	2.840395e-17
1729.4        	2.840395e-17
1729.45       	2.840395e-17
1729.5        	2.840395e-17
1729.55       	2.840395e-17
1729.6        	2.840395e-17
1729.65       	2.840395e-17
1729.7        	2.840395e-17
1729.75       	2.840395e-17
1729.8        	2.840395e-17
1729.85       	2.840395e-17
1729.9        	2.840395e-17
1729.95       	2.840395e-17
1730          	2.840395e-17
1730.05       	2.840395e-17
1730.1        	2.840395e-17
1730.15       	2.840395e-17
1730.2        	2.840395e-17
1730.25       	2.840395e-17
1730.3        	2.840395e-17
1730.35       	2.840395e-17
1730.4        	2.840395e-17
1730.45       	2.840395e-17
1730.5        	2.840395e-17
1730.55       	2.840395e-17
1730.6        	2.840395e-17
1730.65       	2.840395e-17
1730.7        	2.840395e-17
1730.75       	2.840395e-17
1730.8        	2.840395e-17
1730.85       	2.840395e-17
1730.9        	2.840395e-17
1730.95       	2.840395e-17
1731          	2.840395e-17
1731.05       	2.840395e-17
1731.1        	2.840395e-17
1731.15       	2.840395e-17
1731.2        	2.840395e-17
1731.25       	2.840395e-17
1731.3        	2.840395e-17
1731.35       	2.840395e-17
1731.4        	2.840395e-17
1731.45       	2.840395e-17
1731.5        	2.840395e-17
1731.55       	2.840395e-17
1731.6        	2.840395e-17
1731.65       	2.840395e-17
1731.7        	2.840395e-17
1731.75       	2.840395e-17
1731.8        	2.840395e-17
1731.85       	2.840395e-17
1731.9        	2.840395e-17
1731.95       	2.840395e-17
1732          	2.840395e-17
1732.05       	2.840395e-17
1732.1        	2.840395e-17
1732.15       	2.840395e-17
1732.2        	2.840395e-17
1732.25       	2.840395e-17
1732.3        	2.840395e-17
1732.35       	2.840395e-17
1732.4        	2.840395e-17
1732.45       	2.840395e-17
1732.5        	2.840395e-17
1732.55       	2.840395e-17
1732.6        	2.840395e-17
1732.65       	2.840395e-17
1732.7        	2.840395e-17
1732.75       	2.840395e-17
1732.8        	2.840395e-17
1732.85       	2.840395e-17
1732.9        	2.840395e-17
1732.95       	2.840395e-17
1733          	2.840395e-17
1733.05       	2.840395e-17
1733.1        	2.840395e-17
1733.15       	2.840395e-17
1733.2        	2.840395e-17
1733.25       	2.840395e-17
1733.3        	2.840395e-17
1733.35       	2.840395e-17
1733.4        	2.840395e-17
1733.45       	2.840395e-17
1733.5        	2.840395e-17
1733.55       	2.840395e-17
1733.6        	2.840395e-17
1733.65       	2.840395e-17
1733.7        	2.840395e-17
1733.75       	2.840395e-17
1733.8        	2.840395e-17
1733.85       	2.840395e-17
1733.9        	2.840395e-17
1733.95       	2.840395e-17
1734          	2.840395e-17
1734.05       	2.840395e-17
1734.1        	2.840395e-17
1734.15       	2.840395e-17
1734.2        	2.840395e-17
1734.25       	2.840395e-17
1734.3        	2.840395e-17
1734.35       	2.840395e-17
1734.4        	2.840395e-17
1734.45       	2.840395e-17
1734.5        	2.840395e-17
1734.55       	2.840395e-17
1734.6        	2.840395e-17
1734.65       	2.840395e-17
1734.7        	2.840395e-17
1734.75       	2.840395e-17
1734.8        	2.840395e-17
1734.85       	2.840395e-17
1734.9        	2.840395e-17
1734.95       	2.840395e-17
1735          	2.840395e-17
1735.05       	2.840395e-17
1735.1        	2.840395e-17
1735.15       	2.840395e-17
1735.2        	2.840395e-17
1735.25       	2.840395e-17
1735.3        	2.840395e-17
1735.35       	2.840395e-17
1735.4        	2.840395e-17
1735.45       	2.840395e-17
1735.5        	2.840395e-17
1735.55       	2.840395e-17
1735.6        	2.840395e-17
1735.65       	2.840395e-17
1735.7        	2.840395e-17
1735.75       	2.840395e-17
1735.8        	2.840395e-17
1735.85       	2.840395e-17
1735.9        	2.840395e-17
1735.95       	2.840395e-17
1736          	2.840395e-17
1736.05       	2.840395e-17
1736.1        	2.840395e-17
1736.15       	2.840395e-17
1736.2        	2.840395e-17
1736.25       	2.840395e-17
1736.3        	2.840395e-17
1736.35       	2.840395e-17
1736.4        	2.840395e-17
1736.45       	2.840395e-17
1736.5        	2.840395e-17
1736.55       	2.840395e-17
1736.6        	2.840395e-17
1736.65       	2.840395e-17
1736.7        	2.840395e-17
1736.75       	2.840395e-17
1736.8        	2.840395e-17
1736.85       	2.840395e-17
1736.9        	2.840395e-17
1736.95       	2.840395e-17
1737          	2.840395e-17
1737.05       	2.840395e-17
1737.1        	2.840395e-17
1737.15       	2.840395e-17
1737.2        	2.840395e-17
1737.25       	2.840395e-17
1737.3        	2.840395e-17
1737.35       	2.840395e-17
1737.4        	2.840395e-17
1737.45       	2.840395e-17
1737.5        	2.840395e-17
1737.55       	2.840395e-17
1737.6        	2.840395e-17
1737.65       	2.840395e-17
1737.7        	2.840395e-17
1737.75       	2.840395e-17
1737.8        	2.840395e-17
1737.85       	2.840395e-17
1737.9        	2.840395e-17
1737.95       	2.840395e-17
1738          	2.840395e-17
1738.05       	2.840395e-17
1738.1        	2.840395e-17
1738.15       	2.840395e-17
1738.2        	2.840395e-17
1738.25       	2.840395e-17
1738.3        	2.840395e-17
1738.35       	2.840395e-17
1738.4        	2.840395e-17
1738.45       	2.840395e-17
1738.5        	2.840395e-17
1738.55       	2.840395e-17
1738.6        	2.840395e-17
1738.65       	2.840395e-17
1738.7        	2.840395e-17
1738.75       	2.840395e-17
1738.8        	2.840395e-17
1738.85       	2.840395e-17
1738.9        	2.840395e-17
1738.95       	2.840395e-17
1739          	2.840395e-17
1739.05       	2.840395e-17
1739.1        	2.840395e-17
1739.15       	2.840395e-17
1739.2        	2.840395e-17
1739.25       	2.840395e-17
1739.3        	2.840395e-17
1739.35       	2.840395e-17
1739.4        	2.840395e-17
1739.45       	2.840395e-17
1739.5        	2.840395e-17
1739.55       	2.840395e-17
1739.6        	2.840395e-17
1739.65       	2.840395e-17
1739.7        	2.840395e-17
1739.75       	2.840395e-17
1739.8        	2.840395e-17
1739.85       	2.840395e-17
1739.9        	2.840395e-17
1739.95       	2.840395e-17
1740          	2.840395e-17
1740.05       	2.840395e-17
1740.1        	2.840395e-17
1740.15       	2.840395e-17
1740.2        	2.840395e-17
1740.25       	2.840395e-17
1740.3        	2.840395e-17
1740.35       	2.840395e-17
1740.4        	2.840395e-17
1740.45       	2.840395e-17
1740.5        	2.840395e-17
1740.55       	2.840395e-17
1740.6        	2.840395e-17
1740.65       	2.840395e-17
1740.7        	2.840395e-17
1740.75       	2.840395e-17
1740.8        	2.840395e-17
1740.85       	2.840395e-17
1740.9        	2.840395e-17
1740.95       	2.840395e-17
1741          	2.840395e-17
1741.05       	2.840395e-17
1741.1        	2.840395e-17
1741.15       	2.840395e-17
1741.2        	2.840395e-17
1741.25       	2.840395e-17
1741.3        	2.840395e-17
1741.35       	2.840395e-17
1741.4        	2.840395e-17
1741.45       	2.840395e-17
1741.5        	2.840395e-17
1741.55       	2.840395e-17
1741.6        	2.840395e-17
1741.65       	2.840395e-17
1741.7        	2.840395e-17
1741.75       	2.840395e-17
1741.8        	2.840395e-17
1741.85       	2.840395e-17
1741.9        	2.840395e-17
1741.95       	2.840395e-17
1742          	2.840395e-17
1742.05       	2.840395e-17
1742.1        	2.840395e-17
1742.15       	2.840395e-17
1742.2        	2.840395e-17
1742.25       	2.840395e-17
1742.3        	2.840395e-17
1742.35       	2.840395e-17
1742.4        	2.840395e-17
1742.45       	2.840395e-17
1742.5        	2.840395e-17
1742.55       	2.840395e-17
1742.6        	2.840395e-17
1742.65       	2.840395e-17
1742.7        	2.840395e-17
1742.75       	2.840395e-17
1742.8        	2.840395e-17
1742.85       	2.840395e-17
1742.9        	2.840395e-17
1742.95       	2.840395e-17
1743          	2.840395e-17
1743.05       	2.840395e-17
1743.1        	2.840395e-17
1743.15       	2.840395e-17
1743.2        	2.840395e-17
1743.25       	2.840395e-17
1743.3        	2.840395e-17
1743.35       	2.840395e-17
1743.4        	2.840395e-17
1743.45       	2.840395e-17
1743.5        	2.840395e-17
1743.55       	2.840395e-17
1743.6        	2.840395e-17
1743.65       	2.840395e-17
1743.7        	2.840395e-17
1743.75       	2.840395e-17
1743.8        	2.840395e-17
1743.85       	2.840395e-17
1743.9        	2.840395e-17
1743.95       	2.840395e-17
1744          	2.840395e-17
1744.05       	2.840395e-17
1744.1        	2.840395e-17
1744.15       	2.840395e-17
1744.2        	2.840395e-17
1744.25       	2.840395e-17
1744.3        	2.840395e-17
1744.35       	2.840395e-17
1744.4        	2.840395e-17
1744.45       	2.840395e-17
1744.5        	2.840395e-17
1744.55       	2.840395e-17
1744.6        	2.840395e-17
1744.65       	2.840395e-17
1744.7        	2.840395e-17
1744.75       	2.840395e-17
1744.8        	2.840395e-17
1744.85       	2.840395e-17
1744.9        	2.840395e-17
1744.95       	2.840395e-17
1745          	2.840395e-17
1745.05       	2.840395e-17
1745.1        	2.840395e-17
1745.15       	2.840395e-17
1745.2        	2.840395e-17
1745.25       	2.840395e-17
1745.3        	2.840395e-17
1745.35       	2.840395e-17
1745.4        	2.840395e-17
1745.45       	2.840395e-17
1745.5        	2.840395e-17
1745.55       	2.840395e-17
1745.6        	2.840395e-17
1745.65       	2.840395e-17
1745.7        	2.840395e-17
1745.75       	2.840395e-17
1745.8        	2.840395e-17
1745.85       	2.840395e-17
1745.9        	2.840395e-17
1745.95       	2.840395e-17
1746          	2.840395e-17
1746.05       	2.840395e-17
1746.1        	2.840395e-17
1746.15       	2.840395e-17
1746.2        	2.840395e-17
1746.25       	2.840395e-17
1746.3        	2.840395e-17
1746.35       	2.840395e-17
1746.4        	2.840395e-17
1746.45       	2.840395e-17
1746.5        	2.840395e-17
1746.55       	2.840395e-17
1746.6        	2.840395e-17
1746.65       	2.840395e-17
1746.7        	2.840395e-17
1746.75       	2.840395e-17
1746.8        	2.840395e-17
1746.85       	2.840395e-17
1746.9        	2.840395e-17
1746.95       	2.840395e-17
1747          	2.840395e-17
1747.05       	2.840395e-17
1747.1        	2.840395e-17
1747.15       	2.840395e-17
1747.2        	2.840395e-17
1747.25       	2.840395e-17
1747.3        	2.840395e-17
1747.35       	2.840395e-17
1747.4        	2.840395e-17
1747.45       	2.840395e-17
1747.5        	2.840395e-17
1747.55       	2.840395e-17
1747.6        	2.840395e-17
1747.65       	2.840395e-17
1747.7        	2.840395e-17
1747.75       	2.840395e-17
1747.8        	2.840395e-17
1747.85       	2.840395e-17
1747.9        	2.840395e-17
1747.95       	2.840395e-17
1748          	2.840395e-17
1748.05       	2.840395e-17
1748.1        	2.840395e-17
1748.15       	2.840395e-17
1748.2        	2.840395e-17
1748.25       	2.840395e-17
1748.3        	2.840395e-17
1748.35       	2.840395e-17
1748.4        	2.840395e-17
1748.45       	2.840395e-17
1748.5        	2.840395e-17
1748.55       	2.840395e-17
1748.6        	2.840395e-17
1748.65       	2.840395e-17
1748.7        	2.840395e-17
1748.75       	2.840395e-17
1748.8        	2.840395e-17
1748.85       	2.840395e-17
1748.9        	2.840395e-17
1748.95       	2.840395e-17
1749          	2.840395e-17
1749.05       	2.840395e-17
1749.1        	2.840395e-17
1749.15       	2.840395e-17
1749.2        	2.840395e-17
1749.25       	2.840395e-17
1749.3        	2.840395e-17
1749.35       	2.840395e-17
1749.4        	2.840395e-17
1749.45       	2.840395e-17
1749.5        	2.840395e-17
1749.55       	2.840395e-17
1749.6        	2.840395e-17
1749.65       	2.840395e-17
1749.7        	2.840395e-17
1749.75       	2.840395e-17
1749.8        	2.840395e-17
1749.85       	2.840395e-17
1749.9        	2.840395e-17
1749.95       	2.840395e-17
1750          	2.840395e-17
1750.05       	2.840395e-17
1750.1        	2.840395e-17
1750.15       	2.840395e-17
1750.2        	2.840395e-17
1750.25       	2.840395e-17
1750.3        	2.840395e-17
1750.35       	2.840395e-17
1750.4        	2.840395e-17
1750.45       	2.840395e-17
1750.5        	2.840395e-17
1750.55       	2.840395e-17
1750.6        	2.840395e-17
1750.65       	2.840395e-17
1750.7        	2.840395e-17
1750.75       	2.840395e-17
1750.8        	2.840395e-17
1750.85       	2.840395e-17
1750.9        	2.840395e-17
1750.95       	2.840395e-17
1751          	2.840395e-17
1751.05       	2.840395e-17
1751.1        	2.840395e-17
1751.15       	2.840395e-17
1751.2        	2.840395e-17
1751.25       	2.840395e-17
1751.3        	2.840395e-17
1751.35       	2.840395e-17
1751.4        	2.840395e-17
1751.45       	2.840395e-17
1751.5        	2.840395e-17
1751.55       	2.840395e-17
1751.6        	2.840395e-17
1751.65       	2.840395e-17
1751.7        	2.840395e-17
1751.75       	2.840395e-17
1751.8        	2.840395e-17
1751.85       	2.840395e-17
1751.9        	2.840395e-17
1751.95       	2.840395e-17
1752          	2.840395e-17
1752.05       	2.840395e-17
1752.1        	2.840395e-17
1752.15       	2.840395e-17
1752.2        	2.840395e-17
1752.25       	2.840395e-17
1752.3        	2.840395e-17
1752.35       	2.840395e-17
1752.4        	2.840395e-17
1752.45       	2.840395e-17
1752.5        	2.840395e-17
1752.55       	2.840395e-17
1752.6        	2.840395e-17
1752.65       	2.840395e-17
1752.7        	2.840395e-17
1752.75       	2.840395e-17
1752.8        	2.840395e-17
1752.85       	2.840395e-17
1752.9        	2.840395e-17
1752.95       	2.840395e-17
1753          	2.840395e-17
1753.05       	2.840395e-17
1753.1        	2.840395e-17
1753.15       	2.840395e-17
1753.2        	2.840395e-17
1753.25       	2.840395e-17
1753.3        	2.840395e-17
1753.35       	2.840395e-17
1753.4        	2.840395e-17
1753.45       	2.840395e-17
1753.5        	2.840395e-17
1753.55       	2.840395e-17
1753.6        	2.840395e-17
1753.65       	2.840395e-17
1753.7        	2.840395e-17
1753.75       	2.840395e-17
1753.8        	2.840395e-17
1753.85       	2.840395e-17
1753.9        	2.840395e-17
1753.95       	2.840395e-17
1754          	2.840395e-17
1754.05       	2.840395e-17
1754.1        	2.840395e-17
1754.15       	2.840395e-17
1754.2        	2.840395e-17
1754.25       	2.840395e-17
1754.3        	2.840395e-17
1754.35       	2.840395e-17
1754.4        	2.840395e-17
1754.45       	2.840395e-17
1754.5        	2.840395e-17
1754.55       	2.840395e-17
1754.6        	2.840395e-17
1754.65       	2.840395e-17
1754.7        	2.840395e-17
1754.75       	2.840395e-17
1754.8        	2.840395e-17
1754.85       	2.840395e-17
1754.9        	2.840395e-17
1754.95       	2.840395e-17
1755          	2.840395e-17
1755.05       	2.840395e-17
1755.1        	2.840395e-17
1755.15       	2.840395e-17
1755.2        	2.840395e-17
1755.25       	2.840395e-17
1755.3        	2.840395e-17
1755.35       	2.840395e-17
1755.4        	2.840395e-17
1755.45       	2.840395e-17
1755.5        	2.840395e-17
1755.55       	2.840395e-17
1755.6        	2.840395e-17
1755.65       	2.840395e-17
1755.7        	2.840395e-17
1755.75       	2.840395e-17
1755.8        	2.840395e-17
1755.85       	2.840395e-17
1755.9        	2.840395e-17
1755.95       	2.840395e-17
1756          	2.840395e-17
1756.05       	2.840395e-17
1756.1        	2.840395e-17
1756.15       	2.840395e-17
1756.2        	2.840395e-17
1756.25       	2.840395e-17
1756.3        	2.840395e-17
1756.35       	2.840395e-17
1756.4        	2.840395e-17
1756.45       	2.840395e-17
1756.5        	2.840395e-17
1756.55       	2.840395e-17
1756.6        	2.840395e-17
1756.65       	2.840395e-17
1756.7        	2.840395e-17
1756.75       	2.840395e-17
1756.8        	2.840395e-17
1756.85       	2.840395e-17
1756.9        	2.840395e-17
1756.95       	2.840395e-17
1757          	2.840395e-17
1757.05       	2.840395e-17
1757.1        	2.840395e-17
1757.15       	2.840395e-17
1757.2        	2.840395e-17
1757.25       	2.840395e-17
1757.3        	2.840395e-17
1757.35       	2.840395e-17
1757.4        	2.840395e-17
1757.45       	2.840395e-17
1757.5        	2.840395e-17
1757.55       	2.840395e-17
1757.6        	2.840395e-17
1757.65       	2.840395e-17
1757.7        	2.840395e-17
1757.75       	2.840395e-17
1757.8        	2.840395e-17
1757.85       	2.840395e-17
1757.9        	2.840395e-17
1757.95       	2.840395e-17
1758          	2.840395e-17
1758.05       	2.840395e-17
1758.1        	2.840395e-17
1758.15       	2.840395e-17
1758.2        	2.840395e-17
1758.25       	2.840395e-17
1758.3        	2.840395e-17
1758.35       	2.840395e-17
1758.4        	2.840395e-17
1758.45       	2.840395e-17
1758.5        	2.840395e-17
1758.55       	2.840395e-17
1758.6        	2.840395e-17
1758.65       	2.840395e-17
1758.7        	2.840395e-17
1758.75       	2.840395e-17
1758.8        	2.840395e-17
1758.85       	2.840395e-17
1758.9        	2.840395e-17
1758.95       	2.840395e-17
1759          	2.840395e-17
1759.05       	2.840395e-17
1759.1        	2.840395e-17
1759.15       	2.840395e-17
1759.2        	2.840395e-17
1759.25       	2.840395e-17
1759.3        	2.840395e-17
1759.35       	2.840395e-17
1759.4        	2.840395e-17
1759.45       	2.840395e-17
1759.5        	2.840395e-17
1759.55       	2.840395e-17
1759.6        	2.840395e-17
1759.65       	2.840395e-17
1759.7        	2.840395e-17
1759.75       	2.840395e-17
1759.8        	2.840395e-17
1759.85       	2.840395e-17
1759.9        	2.840395e-17
1759.95       	2.840395e-17
1760          	2.840395e-17
1760.05       	2.840395e-17
1760.1        	2.840395e-17
1760.15       	2.840395e-17
1760.2        	2.840395e-17
1760.25       	2.840395e-17
1760.3        	2.840395e-17
1760.35       	2.840395e-17
1760.4        	2.840395e-17
1760.45       	2.840395e-17
1760.5        	2.840395e-17
1760.55       	2.840395e-17
1760.6        	2.840395e-17
1760.65       	2.840395e-17
1760.7        	2.840395e-17
1760.75       	2.840395e-17
1760.8        	2.840395e-17
1760.85       	2.840395e-17
1760.9        	2.840395e-17
1760.95       	2.840395e-17
1761          	2.840395e-17
1761.05       	2.840395e-17
1761.1        	2.840395e-17
1761.15       	2.840395e-17
1761.2        	2.840395e-17
1761.25       	2.840395e-17
1761.3        	2.840395e-17
1761.35       	2.840395e-17
1761.4        	2.840395e-17
1761.45       	2.840395e-17
1761.5        	2.840395e-17
1761.55       	2.840395e-17
1761.6        	2.840395e-17
1761.65       	2.840395e-17
1761.7        	2.840395e-17
1761.75       	2.840395e-17
1761.8        	2.840395e-17
1761.85       	2.840395e-17
1761.9        	2.840395e-17
1761.95       	2.840395e-17
1762          	2.840395e-17
1762.05       	2.840395e-17
1762.1        	2.840395e-17
1762.15       	2.840395e-17
1762.2        	2.840395e-17
1762.25       	2.840395e-17
1762.3        	2.840395e-17
1762.35       	2.840395e-17
1762.4        	2.840395e-17
1762.45       	2.840395e-17
1762.5        	2.840395e-17
1762.55       	2.840395e-17
1762.6        	2.840395e-17
1762.65       	2.840395e-17
1762.7        	2.840395e-17
1762.75       	2.840395e-17
1762.8        	2.840395e-17
1762.85       	2.840395e-17
1762.9        	2.840395e-17
1762.95       	2.840395e-17
1763          	2.840395e-17
1763.05       	2.840395e-17
1763.1        	2.840395e-17
1763.15       	2.840395e-17
1763.2        	2.840395e-17
1763.25       	2.840395e-17
1763.3        	2.840395e-17
1763.35       	2.840395e-17
1763.4        	2.840395e-17
1763.45       	2.840395e-17
1763.5        	2.840395e-17
1763.55       	2.840395e-17
1763.6        	2.840395e-17
1763.65       	2.840395e-17
1763.7        	2.840395e-17
1763.75       	2.840395e-17
1763.8        	2.840395e-17
1763.85       	2.840395e-17
1763.9        	2.840395e-17
1763.95       	2.840395e-17
1764          	2.840395e-17
1764.05       	2.840395e-17
1764.1        	2.840395e-17
1764.15       	2.840395e-17
1764.2        	2.840395e-17
1764.25       	2.840395e-17
1764.3        	2.840395e-17
1764.35       	2.840395e-17
1764.4        	2.840395e-17
1764.45       	2.840395e-17
1764.5        	2.840395e-17
1764.55       	2.840395e-17
1764.6        	2.840395e-17
1764.65       	2.840395e-17
1764.7        	2.840395e-17
1764.75       	2.840395e-17
1764.8        	2.840395e-17
1764.85       	2.840395e-17
1764.9        	2.840395e-17
1764.95       	2.840395e-17
1765          	2.840395e-17
1765.05       	2.840395e-17
1765.1        	2.840395e-17
1765.15       	2.840395e-17
1765.2        	2.840395e-17
1765.25       	2.840395e-17
1765.3        	2.840395e-17
1765.35       	2.840395e-17
1765.4        	2.840395e-17
1765.45       	2.840395e-17
1765.5        	2.840395e-17
1765.55       	2.840395e-17
1765.6        	2.840395e-17
1765.65       	2.840395e-17
1765.7        	2.840395e-17
1765.75       	2.840395e-17
1765.8        	2.840395e-17
1765.85       	2.840395e-17
1765.9        	2.840395e-17
1765.95       	2.840395e-17
1766          	2.840395e-17
1766.05       	2.840395e-17
1766.1        	2.840395e-17
1766.15       	2.840395e-17
1766.2        	2.840395e-17
1766.25       	2.840395e-17
1766.3        	2.840395e-17
1766.35       	2.840395e-17
1766.4        	2.840395e-17
1766.45       	2.840395e-17
1766.5        	2.840395e-17
1766.55       	2.840395e-17
1766.6        	2.840395e-17
1766.65       	2.840395e-17
1766.7        	2.840395e-17
1766.75       	2.840395e-17
1766.8        	2.840395e-17
1766.85       	2.840395e-17
1766.9        	2.840395e-17
1766.95       	2.840395e-17
1767          	2.840395e-17
1767.05       	2.840395e-17
1767.1        	2.840395e-17
1767.15       	2.840395e-17
1767.2        	2.840395e-17
1767.25       	2.840395e-17
1767.3        	2.840395e-17
1767.35       	2.840395e-17
1767.4        	2.840395e-17
1767.45       	2.840395e-17
1767.5        	2.840395e-17
1767.55       	2.840395e-17
1767.6        	2.840395e-17
1767.65       	2.840395e-17
1767.7        	2.840395e-17
1767.75       	2.840395e-17
1767.8        	2.840395e-17
1767.85       	2.840395e-17
1767.9        	2.840395e-17
1767.95       	2.840395e-17
1768          	2.840395e-17
1768.05       	2.840395e-17
1768.1        	2.840395e-17
1768.15       	2.840395e-17
1768.2        	2.840395e-17
1768.25       	2.840395e-17
1768.3        	2.840395e-17
1768.35       	2.840395e-17
1768.4        	2.840395e-17
1768.45       	2.840395e-17
1768.5        	2.840395e-17
1768.55       	2.840395e-17
1768.6        	2.840395e-17
1768.65       	2.840395e-17
1768.7        	2.840395e-17
1768.75       	2.840395e-17
1768.8        	2.840395e-17
1768.85       	2.840395e-17
1768.9        	2.840395e-17
1768.95       	2.840395e-17
1769          	2.840395e-17
1769.05       	2.840395e-17
1769.1        	2.840395e-17
1769.15       	2.840395e-17
1769.2        	2.840395e-17
1769.25       	2.840395e-17
1769.3        	2.840395e-17
1769.35       	2.840395e-17
1769.4        	2.840395e-17
1769.45       	2.840395e-17
1769.5        	2.840395e-17
1769.55       	2.840395e-17
1769.6        	2.840395e-17
1769.65       	2.840395e-17
1769.7        	2.840395e-17
1769.75       	2.840395e-17
1769.8        	2.840395e-17
1769.85       	2.840395e-17
1769.9        	2.840395e-17
1769.95       	2.840395e-17
1770          	2.840395e-17
1770.05       	2.840395e-17
1770.1        	2.840395e-17
1770.15       	2.840395e-17
1770.2        	2.840395e-17
1770.25       	2.840395e-17
1770.3        	2.840395e-17
1770.35       	2.840395e-17
1770.4        	2.840395e-17
1770.45       	2.840395e-17
1770.5        	2.840395e-17
1770.55       	2.840395e-17
1770.6        	2.840395e-17
1770.65       	2.840395e-17
1770.7        	2.840395e-17
1770.75       	2.840395e-17
1770.8        	2.840395e-17
1770.85       	2.840395e-17
1770.9        	2.840395e-17
1770.95       	2.840395e-17
1771          	2.840395e-17
1771.05       	2.840395e-17
1771.1        	2.840395e-17
1771.15       	2.840395e-17
1771.2        	2.840395e-17
1771.25       	2.840395e-17
1771.3        	2.840395e-17
1771.35       	2.840395e-17
1771.4        	2.840395e-17
1771.45       	2.840395e-17
1771.5        	2.840395e-17
1771.55       	2.840395e-17
1771.6        	2.840395e-17
1771.65       	2.840395e-17
1771.7        	2.840395e-17
1771.75       	2.840395e-17
1771.8        	2.840395e-17
1771.85       	2.840395e-17
1771.9        	2.840395e-17
1771.95       	2.840395e-17
1772          	2.840395e-17
1772.05       	2.840395e-17
1772.1        	2.840395e-17
1772.15       	2.840395e-17
1772.2        	2.840395e-17
1772.25       	2.840395e-17
1772.3        	2.840395e-17
1772.35       	2.840395e-17
1772.4        	2.840395e-17
1772.45       	2.840395e-17
1772.5        	2.840395e-17
1772.55       	2.840395e-17
1772.6        	2.840395e-17
1772.65       	2.840395e-17
1772.7        	2.840395e-17
1772.75       	2.840395e-17
1772.8        	2.840395e-17
1772.85       	2.840395e-17
1772.9        	2.840395e-17
1772.95       	2.840395e-17
1773          	2.840395e-17
1773.05       	2.840395e-17
1773.1        	2.840395e-17
1773.15       	2.840395e-17
1773.2        	2.840395e-17
1773.25       	2.840395e-17
1773.3        	2.840395e-17
1773.35       	2.840395e-17
1773.4        	2.840395e-17
1773.45       	2.840395e-17
1773.5        	2.840395e-17
1773.55       	2.840395e-17
1773.6        	2.840395e-17
1773.65       	2.840395e-17
1773.7        	2.840395e-17
1773.75       	2.840395e-17
1773.8        	2.840395e-17
1773.85       	2.840395e-17
1773.9        	2.840395e-17
1773.95       	2.840395e-17
1774          	2.840395e-17
1774.05       	2.840395e-17
1774.1        	2.840395e-17
1774.15       	2.840395e-17
1774.2        	2.840395e-17
1774.25       	2.840395e-17
1774.3        	2.840395e-17
1774.35       	2.840395e-17
1774.4        	2.840395e-17
1774.45       	2.840395e-17
1774.5        	2.840395e-17
1774.55       	2.840395e-17
1774.6        	2.840395e-17
1774.65       	2.840395e-17
1774.7        	2.840395e-17
1774.75       	2.840395e-17
1774.8        	2.840395e-17
1774.85       	2.840395e-17
1774.9        	2.840395e-17
1774.95       	2.840395e-17
1775          	2.840395e-17
1775.05       	2.840395e-17
1775.1        	2.840395e-17
1775.15       	2.840395e-17
1775.2        	2.840395e-17
1775.25       	2.840395e-17
1775.3        	2.840395e-17
1775.35       	2.840395e-17
1775.4        	2.840395e-17
1775.45       	2.840395e-17
1775.5        	2.840395e-17
1775.55       	2.840395e-17
1775.6        	2.840395e-17
1775.65       	2.840395e-17
1775.7        	2.840395e-17
1775.75       	2.840395e-17
1775.8        	2.840395e-17
1775.85       	2.840395e-17
1775.9        	2.840395e-17
1775.95       	2.840395e-17
1776          	2.840395e-17
1776.05       	2.840395e-17
1776.1        	2.840395e-17
1776.15       	2.840395e-17
1776.2        	2.840395e-17
1776.25       	2.840395e-17
1776.3        	2.840395e-17
1776.35       	2.840395e-17
1776.4        	2.840395e-17
1776.45       	2.840395e-17
1776.5        	2.840395e-17
1776.55       	2.840395e-17
1776.6        	2.840395e-17
1776.65       	2.840395e-17
1776.7        	2.840395e-17
1776.75       	2.840395e-17
1776.8        	2.840395e-17
1776.85       	2.840395e-17
1776.9        	2.840395e-17
1776.95       	2.840395e-17
1777          	2.840395e-17
1777.05       	2.840395e-17
1777.1        	2.840395e-17
1777.15       	2.840395e-17
1777.2        	2.840395e-17
1777.25       	2.840395e-17
1777.3        	2.840395e-17
1777.35       	2.840395e-17
1777.4        	2.840395e-17
1777.45       	2.840395e-17
1777.5        	2.840395e-17
1777.55       	2.840395e-17
1777.6        	2.840395e-17
1777.65       	2.840395e-17
1777.7        	2.840395e-17
1777.75       	2.840395e-17
1777.8        	2.840395e-17
1777.85       	2.840395e-17
1777.9        	2.840395e-17
1777.95       	2.840395e-17
1778          	2.840395e-17
1778.05       	2.840395e-17
1778.1        	2.840395e-17
1778.15       	2.840395e-17
1778.2        	2.840395e-17
1778.25       	2.840395e-17
1778.3        	2.840395e-17
1778.35       	2.840395e-17
1778.4        	2.840395e-17
1778.45       	2.840395e-17
1778.5        	2.840395e-17
1778.55       	2.840395e-17
1778.6        	2.840395e-17
1778.65       	2.840395e-17
1778.7        	2.840395e-17
1778.75       	2.840395e-17
1778.8        	2.840395e-17
1778.85       	2.840395e-17
1778.9        	2.840395e-17
1778.95       	2.840395e-17
1779          	2.840395e-17
1779.05       	2.840395e-17
1779.1        	2.840395e-17
1779.15       	2.840395e-17
1779.2        	2.840395e-17
1779.25       	2.840395e-17
1779.3        	2.840395e-17
1779.35       	2.840395e-17
1779.4        	2.840395e-17
1779.45       	2.840395e-17
1779.5        	2.840395e-17
1779.55       	2.840395e-17
1779.6        	2.840395e-17
1779.65       	2.840395e-17
1779.7        	2.840395e-17
1779.75       	2.840395e-17
1779.8        	2.840395e-17
1779.85       	2.840395e-17
1779.9        	2.840395e-17
1779.95       	2.840395e-17
1780          	2.840395e-17
1780.05       	2.840395e-17
1780.1        	2.840395e-17
1780.15       	2.840395e-17
1780.2        	2.840395e-17
1780.25       	2.840395e-17
1780.3        	2.840395e-17
1780.35       	2.840395e-17
1780.4        	2.840395e-17
1780.45       	2.840395e-17
1780.5        	2.840395e-17
1780.55       	2.840395e-17
1780.6        	2.840395e-17
1780.65       	2.840395e-17
1780.7        	2.840395e-17
1780.75       	2.840395e-17
1780.8        	2.840395e-17
1780.85       	2.840395e-17
1780.9        	2.840395e-17
1780.95       	2.840395e-17
1781          	2.840395e-17
1781.05       	2.840395e-17
1781.1        	2.840395e-17
1781.15       	2.840395e-17
1781.2        	2.840395e-17
1781.25       	2.840395e-17
1781.3        	2.840395e-17
1781.35       	2.840395e-17
1781.4        	2.840395e-17
1781.45       	2.840395e-17
1781.5        	2.840395e-17
1781.55       	2.840395e-17
1781.6        	2.840395e-17
1781.65       	2.840395e-17
1781.7        	2.840395e-17
1781.75       	2.840395e-17
1781.8        	2.840395e-17
1781.85       	2.840395e-17
1781.9        	2.840395e-17
1781.95       	2.840395e-17
1782          	2.840395e-17
1782.05       	2.840395e-17
1782.1        	2.840395e-17
1782.15       	2.840395e-17
1782.2        	2.840395e-17
1782.25       	2.840395e-17
1782.3        	2.840395e-17
1782.35       	2.840395e-17
1782.4        	2.840395e-17
1782.45       	2.840395e-17
1782.5        	2.840395e-17
1782.55       	2.840395e-17
1782.6        	2.840395e-17
1782.65       	2.840395e-17
1782.7        	2.840395e-17
1782.75       	2.840395e-17
1782.8        	2.840395e-17
1782.85       	2.840395e-17
1782.9        	2.840395e-17
1782.95       	2.840395e-17
1783          	2.840395e-17
1783.05       	2.840395e-17
1783.1        	2.840395e-17
1783.15       	2.840395e-17
1783.2        	2.840395e-17
1783.25       	2.840395e-17
1783.3        	2.840395e-17
1783.35       	2.840395e-17
1783.4        	2.840395e-17
1783.45       	2.840395e-17
1783.5        	2.840395e-17
1783.55       	2.840395e-17
1783.6        	2.840395e-17
1783.65       	2.840395e-17
1783.7        	2.840395e-17
1783.75       	2.840395e-17
1783.8        	2.840395e-17
1783.85       	2.840395e-17
1783.9        	2.840395e-17
1783.95       	2.840395e-17
1784          	2.840395e-17
1784.05       	2.840395e-17
1784.1        	2.840395e-17
1784.15       	2.840395e-17
1784.2        	2.840395e-17
1784.25       	2.840395e-17
1784.3        	2.840395e-17
1784.35       	2.840395e-17
1784.4        	2.840395e-17
1784.45       	2.840395e-17
1784.5        	2.840395e-17
1784.55       	2.840395e-17
1784.6        	2.840395e-17
1784.65       	2.840395e-17
1784.7        	2.840395e-17
1784.75       	2.840395e-17
1784.8        	2.840395e-17
1784.85       	2.840395e-17
1784.9        	2.840395e-17
1784.95       	2.840395e-17
1785          	2.840395e-17
1785.05       	2.840395e-17
1785.1        	2.840395e-17
1785.15       	2.840395e-17
1785.2        	2.840395e-17
1785.25       	2.840395e-17
1785.3        	2.840395e-17
1785.35       	2.840395e-17
1785.4        	2.840395e-17
1785.45       	2.840395e-17
1785.5        	2.840395e-17
1785.55       	2.840395e-17
1785.6        	2.840395e-17
1785.65       	2.840395e-17
1785.7        	2.840395e-17
1785.75       	2.840395e-17
1785.8        	2.840395e-17
1785.85       	2.840395e-17
1785.9        	2.840395e-17
1785.95       	2.840395e-17
1786          	2.840395e-17
1786.05       	2.840395e-17
1786.1        	2.840395e-17
1786.15       	2.840395e-17
1786.2        	2.840395e-17
1786.25       	2.840395e-17
1786.3        	2.840395e-17
1786.35       	2.840395e-17
1786.4        	2.840395e-17
1786.45       	2.840395e-17
1786.5        	2.840395e-17
1786.55       	2.840395e-17
1786.6        	2.840395e-17
1786.65       	2.840395e-17
1786.7        	2.840395e-17
1786.75       	2.840395e-17
1786.8        	2.840395e-17
1786.85       	2.840395e-17
1786.9        	2.840395e-17
1786.95       	2.840395e-17
1787          	2.840395e-17
1787.05       	2.840395e-17
1787.1        	2.840395e-17
1787.15       	2.840395e-17
1787.2        	2.840395e-17
1787.25       	2.840395e-17
1787.3        	2.840395e-17
1787.35       	2.840395e-17
1787.4        	2.840395e-17
1787.45       	2.840395e-17
1787.5        	2.840395e-17
1787.55       	2.840395e-17
1787.6        	2.840395e-17
1787.65       	2.840395e-17
1787.7        	2.840395e-17
1787.75       	2.840395e-17
1787.8        	2.840395e-17
1787.85       	2.840395e-17
1787.9        	2.840395e-17
1787.95       	2.840395e-17
1788          	2.840395e-17
1788.05       	2.840395e-17
1788.1        	2.840395e-17
1788.15       	2.840395e-17
1788.2        	2.840395e-17
1788.25       	2.840395e-17
1788.3        	2.840395e-17
1788.35       	2.840395e-17
1788.4        	2.840395e-17
1788.45       	2.840395e-17
1788.5        	2.840395e-17
1788.55       	2.840395e-17
1788.6        	2.840395e-17
1788.65       	2.840395e-17
1788.7        	2.840395e-17
1788.75       	2.840395e-17
1788.8        	2.840395e-17
1788.85       	2.840395e-17
1788.9        	2.840395e-17
1788.95       	2.840395e-17
1789          	2.840395e-17
1789.05       	2.840395e-17
1789.1        	2.840395e-17
1789.15       	2.840395e-17
1789.2        	2.840395e-17
1789.25       	2.840395e-17
1789.3        	2.840395e-17
1789.35       	2.840395e-17
1789.4        	2.840395e-17
1789.45       	2.840395e-17
1789.5        	2.840395e-17
1789.55       	2.840395e-17
1789.6        	2.840395e-17
1789.65       	2.840395e-17
1789.7        	2.840395e-17
1789.75       	2.840395e-17
1789.8        	2.840395e-17
1789.85       	2.840395e-17
1789.9        	2.840395e-17
1789.95       	2.840395e-17
1790          	2.840395e-17
1790.05       	2.840395e-17
1790.1        	2.840395e-17
1790.15       	2.840395e-17
1790.2        	2.840395e-17
1790.25       	2.840395e-17
1790.3        	2.840395e-17
1790.35       	2.840395e-17
1790.4        	2.840395e-17
1790.45       	2.840395e-17
1790.5        	2.840395e-17
1790.55       	2.840395e-17
1790.6        	2.840395e-17
1790.65       	2.840395e-17
1790.7        	2.840395e-17
1790.75       	2.840395e-17
1790.8        	2.840395e-17
1790.85       	2.840395e-17
1790.9        	2.840395e-17
1790.95       	2.840395e-17
1791          	2.840395e-17
1791.05       	2.840395e-17
1791.1        	2.840395e-17
1791.15       	2.840395e-17
1791.2        	2.840395e-17
1791.25       	2.840395e-17
1791.3        	2.840395e-17
1791.35       	2.840395e-17
1791.4        	2.840395e-17
1791.45       	2.840395e-17
1791.5        	2.840395e-17
1791.55       	2.840395e-17
1791.6        	2.840395e-17
1791.65       	2.840395e-17
1791.7        	2.840395e-17
1791.75       	2.840395e-17
1791.8        	2.840395e-17
1791.85       	2.840395e-17
1791.9        	2.840395e-17
1791.95       	2.840395e-17
1792          	2.840395e-17
1792.05       	2.840395e-17
1792.1        	2.840395e-17
1792.15       	2.840395e-17
1792.2        	2.840395e-17
1792.25       	2.840395e-17
1792.3        	2.840395e-17
1792.35       	2.840395e-17
1792.4        	2.840395e-17
1792.45       	2.840395e-17
1792.5        	2.840395e-17
1792.55       	2.840395e-17
1792.6        	2.840395e-17
1792.65       	2.840395e-17
1792.7        	2.840395e-17
1792.75       	2.840395e-17
1792.8        	2.840395e-17
1792.85       	2.840395e-17
1792.9        	2.840395e-17
1792.95       	2.840395e-17
1793          	2.840395e-17
1793.05       	2.840395e-17
1793.1        	2.840395e-17
1793.15       	2.840395e-17
1793.2        	2.840395e-17
1793.25       	2.840395e-17
1793.3        	2.840395e-17
1793.35       	2.840395e-17
1793.4        	2.840395e-17
1793.45       	2.840395e-17
1793.5        	2.840395e-17
1793.55       	2.840395e-17
1793.6        	2.840395e-17
1793.65       	2.840395e-17
1793.7        	2.840395e-17
1793.75       	2.840395e-17
1793.8        	2.840395e-17
1793.85       	2.840395e-17
1793.9        	2.840395e-17
1793.95       	2.840395e-17
1794          	2.840395e-17
1794.05       	2.840395e-17
1794.1        	2.840395e-17
1794.15       	2.840395e-17
1794.2        	2.840395e-17
1794.25       	2.840395e-17
1794.3        	2.840395e-17
1794.35       	2.840395e-17
1794.4        	2.840395e-17
1794.45       	2.840395e-17
1794.5        	2.840395e-17
1794.55       	2.840395e-17
1794.6        	2.840395e-17
1794.65       	2.840395e-17
1794.7        	2.840395e-17
1794.75       	2.840395e-17
1794.8        	2.840395e-17
1794.85       	2.840395e-17
1794.9        	2.840395e-17
1794.95       	2.840395e-17
1795          	2.840395e-17
1795.05       	2.840395e-17
1795.1        	2.840395e-17
1795.15       	2.840395e-17
1795.2        	2.840395e-17
1795.25       	2.840395e-17
1795.3        	2.840395e-17
1795.35       	2.840395e-17
1795.4        	2.840395e-17
1795.45       	2.840395e-17
1795.5        	2.840395e-17
1795.55       	2.840395e-17
1795.6        	2.840395e-17
1795.65       	2.840395e-17
1795.7        	2.840395e-17
1795.75       	2.840395e-17
1795.8        	2.840395e-17
1795.85       	2.840395e-17
1795.9        	2.840395e-17
1795.95       	2.840395e-17
1796          	2.840395e-17
1796.05       	2.840395e-17
1796.1        	2.840395e-17
1796.15       	2.840395e-17
1796.2        	2.840395e-17
1796.25       	2.840395e-17
1796.3        	2.840395e-17
1796.35       	2.840395e-17
1796.4        	2.840395e-17
1796.45       	2.840395e-17
1796.5        	2.840395e-17
1796.55       	2.840395e-17
1796.6        	2.840395e-17
1796.65       	2.840395e-17
1796.7        	2.840395e-17
1796.75       	2.840395e-17
1796.8        	2.840395e-17
1796.85       	2.840395e-17
1796.9        	2.840395e-17
1796.95       	2.840395e-17
1797          	2.840395e-17
1797.05       	2.840395e-17
1797.1        	2.840395e-17
1797.15       	2.840395e-17
1797.2        	2.840395e-17
1797.25       	2.840395e-17
1797.3        	2.840395e-17
1797.35       	2.840395e-17
1797.4        	2.840395e-17
1797.45       	2.840395e-17
1797.5        	2.840395e-17
1797.55       	2.840395e-17
1797.6        	2.840395e-17
1797.65       	2.840395e-17
1797.7        	2.840395e-17
1797.75       	2.840395e-17
1797.8        	2.840395e-17
1797.85       	2.840395e-17
1797.9        	2.840395e-17
1797.95       	2.840395e-17
1798          	2.840395e-17
1798.05       	2.840395e-17
1798.1        	2.840395e-17
1798.15       	2.840395e-17
1798.2        	2.840395e-17
1798.25       	2.840395e-17
1798.3        	2.840395e-17
1798.35       	2.840395e-17
1798.4        	2.840395e-17
1798.45       	2.840395e-17
1798.5        	2.840395e-17
1798.55       	2.840395e-17
1798.6        	2.840395e-17
1798.65       	2.840395e-17
1798.7        	2.840395e-17
1798.75       	2.840395e-17
1798.8        	2.840395e-17
1798.85       	2.840395e-17
1798.9        	2.840395e-17
1798.95       	2.840395e-17
1799          	2.840395e-17
1799.05       	2.840395e-17
1799.1        	2.840395e-17
1799.15       	2.840395e-17
1799.2        	2.840395e-17
1799.25       	2.840395e-17
1799.3        	2.840395e-17
1799.35       	2.840395e-17
1799.4        	2.840395e-17
1799.45       	2.840395e-17
1799.5        	2.840395e-17
1799.55       	2.840395e-17
1799.6        	2.840395e-17
1799.65       	2.840395e-17
1799.7        	2.840395e-17
1799.75       	2.840395e-17
1799.8        	2.840395e-17
1799.85       	2.840395e-17
1799.9        	2.840395e-17
1799.95       	2.840395e-17
1800          	2.840395e-17
1800.05       	2.840395e-17
1800.1        	2.840395e-17
1800.15       	2.840395e-17
1800.2        	2.840395e-17
1800.25       	2.840395e-17
1800.3        	2.840395e-17
1800.35       	2.840395e-17
1800.4        	2.840395e-17
1800.45       	2.840395e-17
1800.5        	2.840395e-17
1800.55       	2.840395e-17
1800.6        	2.840395e-17
1800.65       	2.840395e-17
1800.7        	2.840395e-17
1800.75       	2.840395e-17
1800.8        	2.840395e-17
1800.85       	2.840395e-17
1800.9        	2.840395e-17
1800.95       	2.840395e-17
1801          	2.840395e-17
1801.05       	2.840395e-17
1801.1        	2.840395e-17
1801.15       	2.840395e-17
1801.2        	2.840395e-17
1801.25       	2.840395e-17
1801.3        	2.840395e-17
1801.35       	2.840395e-17
1801.4        	2.840395e-17
1801.45       	2.840395e-17
1801.5        	2.840395e-17
1801.55       	2.840395e-17
1801.6        	2.840395e-17
1801.65       	2.840395e-17
1801.7        	2.840395e-17
1801.75       	2.840395e-17
1801.8        	2.840395e-17
1801.85       	2.840395e-17
1801.9        	2.840395e-17
1801.95       	2.840395e-17
1802          	2.840395e-17
1802.05       	2.840395e-17
1802.1        	2.840395e-17
1802.15       	2.840395e-17
1802.2        	2.840395e-17
1802.25       	2.840395e-17
1802.3        	2.840395e-17
1802.35       	2.840395e-17
1802.4        	2.840395e-17
1802.45       	2.840395e-17
1802.5        	2.840395e-17
1802.55       	2.840395e-17
1802.6        	2.840395e-17
1802.65       	2.840395e-17
1802.7        	2.840395e-17
1802.75       	2.840395e-17
1802.8        	2.840395e-17
1802.85       	2.840395e-17
1802.9        	2.840395e-17
1802.95       	2.840395e-17
1803          	2.840395e-17
1803.05       	2.840395e-17
1803.1        	2.840395e-17
1803.15       	2.840395e-17
1803.2        	2.840395e-17
1803.25       	2.840395e-17
1803.3        	2.840395e-17
1803.35       	2.840395e-17
1803.4        	2.840395e-17
1803.45       	2.840395e-17
1803.5        	2.840395e-17
1803.55       	2.840395e-17
1803.6        	2.840395e-17
1803.65       	2.840395e-17
1803.7        	2.840395e-17
1803.75       	2.840395e-17
1803.8        	2.840395e-17
1803.85       	2.840395e-17
1803.9        	2.840395e-17
1803.95       	2.840395e-17
1804          	2.840395e-17
1804.05       	2.840395e-17
1804.1        	2.840395e-17
1804.15       	2.840395e-17
1804.2        	2.840395e-17
1804.25       	2.840395e-17
1804.3        	2.840395e-17
1804.35       	2.840395e-17
1804.4        	2.840395e-17
1804.45       	2.840395e-17
1804.5        	2.840395e-17
1804.55       	2.840395e-17
1804.6        	2.840395e-17
1804.65       	2.840395e-17
1804.7        	2.840395e-17
1804.75       	2.840395e-17
1804.8        	2.840395e-17
1804.85       	2.840395e-17
1804.9        	2.840395e-17
1804.95       	2.840395e-17
1805          	2.840395e-17
1805.05       	2.840395e-17
1805.1        	2.840395e-17
1805.15       	2.840395e-17
1805.2        	2.840395e-17
1805.25       	2.840395e-17
1805.3        	2.840395e-17
1805.35       	2.840395e-17
1805.4        	2.840395e-17
1805.45       	2.840395e-17
1805.5        	2.840395e-17
1805.55       	2.840395e-17
1805.6        	2.840395e-17
1805.65       	2.840395e-17
1805.7        	2.840395e-17
1805.75       	2.840395e-17
1805.8        	2.840395e-17
1805.85       	2.840395e-17
1805.9        	2.840395e-17
1805.95       	2.840395e-17
1806          	2.840395e-17
1806.05       	2.840395e-17
1806.1        	2.840395e-17
1806.15       	2.840395e-17
1806.2        	2.840395e-17
1806.25       	2.840395e-17
1806.3        	2.840395e-17
1806.35       	2.840395e-17
1806.4        	2.840395e-17
1806.45       	2.840395e-17
1806.5        	2.840395e-17
1806.55       	2.840395e-17
1806.6        	2.840395e-17
1806.65       	2.840395e-17
1806.7        	2.840395e-17
1806.75       	2.840395e-17
1806.8        	2.840395e-17
1806.85       	2.840395e-17
1806.9        	2.840395e-17
1806.95       	2.840395e-17
1807          	2.840395e-17
1807.05       	2.840395e-17
1807.1        	2.840395e-17
1807.15       	2.840395e-17
1807.2        	2.840395e-17
1807.25       	2.840395e-17
1807.3        	2.840395e-17
1807.35       	2.840395e-17
1807.4        	2.840395e-17
1807.45       	2.840395e-17
1807.5        	2.840395e-17
1807.55       	2.840395e-17
1807.6        	2.840395e-17
1807.65       	2.840395e-17
1807.7        	2.840395e-17
1807.75       	2.840395e-17
1807.8        	2.840395e-17
1807.85       	2.840395e-17
1807.9        	2.840395e-17
1807.95       	2.840395e-17
1808          	2.840395e-17
1808.05       	2.840395e-17
1808.1        	2.840395e-17
1808.15       	2.840395e-17
1808.2        	2.840395e-17
1808.25       	2.840395e-17
1808.3        	2.840395e-17
1808.35       	2.840395e-17
1808.4        	2.840395e-17
1808.45       	2.840395e-17
1808.5        	2.840395e-17
1808.55       	2.840395e-17
1808.6        	2.840395e-17
1808.65       	2.840395e-17
1808.7        	2.840395e-17
1808.75       	2.840395e-17
1808.8        	2.840395e-17
1808.85       	2.840395e-17
1808.9        	2.840395e-17
1808.95       	2.840395e-17
1809          	2.840395e-17
1809.05       	2.840395e-17
1809.1        	2.840395e-17
1809.15       	2.840395e-17
1809.2        	2.840395e-17
1809.25       	2.840395e-17
1809.3        	2.840395e-17
1809.35       	2.840395e-17
1809.4        	2.840395e-17
1809.45       	2.840395e-17
1809.5        	2.840395e-17
1809.55       	2.840395e-17
1809.6        	2.840395e-17
1809.65       	2.840395e-17
1809.7        	2.840395e-17
1809.75       	2.840395e-17
1809.8        	2.840395e-17
1809.85       	2.840395e-17
1809.9        	2.840395e-17
1809.95       	2.840395e-17
1810          	2.840395e-17
1810.05       	2.840395e-17
1810.1        	2.840395e-17
1810.15       	2.840395e-17
1810.2        	2.840395e-17
1810.25       	2.840395e-17
1810.3        	2.840395e-17
1810.35       	2.840395e-17
1810.4        	2.840395e-17
1810.45       	2.840395e-17
1810.5        	2.840395e-17
1810.55       	2.840395e-17
1810.6        	2.840395e-17
1810.65       	2.840395e-17
1810.7        	2.840395e-17
1810.75       	2.840395e-17
1810.8        	2.840395e-17
1810.85       	2.840395e-17
1810.9        	2.840395e-17
1810.95       	2.840395e-17
1811          	2.840395e-17
1811.05       	2.840395e-17
1811.1        	2.840395e-17
1811.15       	2.840395e-17
1811.2        	2.840395e-17
1811.25       	2.840395e-17
1811.3        	2.840395e-17
1811.35       	2.840395e-17
1811.4        	2.840395e-17
1811.45       	2.840395e-17
1811.5        	2.840395e-17
1811.55       	2.840395e-17
1811.6        	2.840395e-17
1811.65       	2.840395e-17
1811.7        	2.840395e-17
1811.75       	2.840395e-17
1811.8        	2.840395e-17
1811.85       	2.840395e-17
1811.9        	2.840395e-17
1811.95       	2.840395e-17
1812          	2.840395e-17
1812.05       	2.840395e-17
1812.1        	2.840395e-17
1812.15       	2.840395e-17
1812.2        	2.840395e-17
1812.25       	2.840395e-17
1812.3        	2.840395e-17
1812.35       	2.840395e-17
1812.4        	2.840395e-17
1812.45       	2.840395e-17
1812.5        	2.840395e-17
1812.55       	2.840395e-17
1812.6        	2.840395e-17
1812.65       	2.840395e-17
1812.7        	2.840395e-17
1812.75       	2.840395e-17
1812.8        	2.840395e-17
1812.85       	2.840395e-17
1812.9        	2.840395e-17
1812.95       	2.840395e-17
1813          	2.840395e-17
1813.05       	2.840395e-17
1813.1        	2.840395e-17
1813.15       	2.840395e-17
1813.2        	2.840395e-17
1813.25       	2.840395e-17
1813.3        	2.840395e-17
1813.35       	2.840395e-17
1813.4        	2.840395e-17
1813.45       	2.840395e-17
1813.5        	2.840395e-17
1813.55       	2.840395e-17
1813.6        	2.840395e-17
1813.65       	2.840395e-17
1813.7        	2.840395e-17
1813.75       	2.840395e-17
1813.8        	2.840395e-17
1813.85       	2.840395e-17
1813.9        	2.840395e-17
1813.95       	2.840395e-17
1814          	2.840395e-17
1814.05       	2.840395e-17
1814.1        	2.840395e-17
1814.15       	2.840395e-17
1814.2        	2.840395e-17
1814.25       	2.840395e-17
1814.3        	2.840395e-17
1814.35       	2.840395e-17
1814.4        	2.840395e-17
1814.45       	2.840395e-17
1814.5        	2.840395e-17
1814.55       	2.840395e-17
1814.6        	2.840395e-17
1814.65       	2.840395e-17
1814.7        	2.840395e-17
1814.75       	2.840395e-17
1814.8        	2.840395e-17
1814.85       	2.840395e-17
1814.9        	2.840395e-17
1814.95       	2.840395e-17
1815          	2.840395e-17
1815.05       	2.840395e-17
1815.1        	2.840395e-17
1815.15       	2.840395e-17
1815.2        	2.840395e-17
1815.25       	2.840395e-17
1815.3        	2.840395e-17
1815.35       	2.840395e-17
1815.4        	2.840395e-17
1815.45       	2.840395e-17
1815.5        	2.840395e-17
1815.55       	2.840395e-17
1815.6        	2.840395e-17
1815.65       	2.840395e-17
1815.7        	2.840395e-17
1815.75       	2.840395e-17
1815.8        	2.840395e-17
1815.85       	2.840395e-17
1815.9        	2.840395e-17
1815.95       	2.840395e-17
1816          	2.840395e-17
1816.05       	2.840395e-17
1816.1        	2.840395e-17
1816.15       	2.840395e-17
1816.2        	2.840395e-17
1816.25       	2.840395e-17
1816.3        	2.840395e-17
1816.35       	2.840395e-17
1816.4        	2.840395e-17
1816.45       	2.840395e-17
1816.5        	2.840395e-17
1816.55       	2.840395e-17
1816.6        	2.840395e-17
1816.65       	2.840395e-17
1816.7        	2.840395e-17
1816.75       	2.840395e-17
1816.8        	2.840395e-17
1816.85       	2.840395e-17
1816.9        	2.840395e-17
1816.95       	2.840395e-17
1817          	2.840395e-17
1817.05       	2.840395e-17
1817.1        	2.840395e-17
1817.15       	2.840395e-17
1817.2        	2.840395e-17
1817.25       	2.840395e-17
1817.3        	2.840395e-17
1817.35       	2.840395e-17
1817.4        	2.840395e-17
1817.45       	2.840395e-17
1817.5        	2.840395e-17
1817.55       	2.840395e-17
1817.6        	2.840395e-17
1817.65       	2.840395e-17
1817.7        	2.840395e-17
1817.75       	2.840395e-17
1817.8        	2.840395e-17
1817.85       	2.840395e-17
1817.9        	2.840395e-17
1817.95       	2.840395e-17
1818          	2.840395e-17
1818.05       	2.840395e-17
1818.1        	2.840395e-17
1818.15       	2.840395e-17
1818.2        	2.840395e-17
1818.25       	2.840395e-17
1818.3        	2.840395e-17
1818.35       	2.840395e-17
1818.4        	2.840395e-17
1818.45       	2.840395e-17
1818.5        	2.840395e-17
1818.55       	2.840395e-17
1818.6        	2.840395e-17
1818.65       	2.840395e-17
1818.7        	2.840395e-17
1818.75       	2.840395e-17
1818.8        	2.840395e-17
1818.85       	2.840395e-17
1818.9        	2.840395e-17
1818.95       	2.840395e-17
1819          	2.840395e-17
1819.05       	2.840395e-17
1819.1        	2.840395e-17
1819.15       	2.840395e-17
1819.2        	2.840395e-17
1819.25       	2.840395e-17
1819.3        	2.840395e-17
1819.35       	2.840395e-17
1819.4        	2.840395e-17
1819.45       	2.840395e-17
1819.5        	2.840395e-17
1819.55       	2.840395e-17
1819.6        	2.840395e-17
1819.65       	2.840395e-17
1819.7        	2.840395e-17
1819.75       	2.840395e-17
1819.8        	2.840395e-17
1819.85       	2.840395e-17
1819.9        	2.840395e-17
1819.95       	2.840395e-17
1820          	2.840395e-17
1820.05       	2.840395e-17
1820.1        	2.840395e-17
1820.15       	2.840395e-17
1820.2        	2.840395e-17
1820.25       	2.840395e-17
1820.3        	2.840395e-17
1820.35       	2.840395e-17
1820.4        	2.840395e-17
1820.45       	2.840395e-17
1820.5        	2.840395e-17
1820.55       	2.840395e-17
1820.6        	2.840395e-17
1820.65       	2.840395e-17
1820.7        	2.840395e-17
1820.75       	2.840395e-17
1820.8        	2.840395e-17
1820.85       	2.840395e-17
1820.9        	2.840395e-17
1820.95       	2.840395e-17
1821          	2.840395e-17
1821.05       	2.840395e-17
1821.1        	2.840395e-17
1821.15       	2.840395e-17
1821.2        	2.840395e-17
1821.25       	2.840395e-17
1821.3        	2.840395e-17
1821.35       	2.840395e-17
1821.4        	2.840395e-17
1821.45       	2.840395e-17
1821.5        	2.840395e-17
1821.55       	2.840395e-17
1821.6        	2.840395e-17
1821.65       	2.840395e-17
1821.7        	2.840395e-17
1821.75       	2.840395e-17
1821.8        	2.840395e-17
1821.85       	2.840395e-17
1821.9        	2.840395e-17
1821.95       	2.840395e-17
1822          	2.840395e-17
1822.05       	2.840395e-17
1822.1        	2.840395e-17
1822.15       	2.840395e-17
1822.2        	2.840395e-17
1822.25       	2.840395e-17
1822.3        	2.840395e-17
1822.35       	2.840395e-17
1822.4        	2.840395e-17
1822.45       	2.840395e-17
1822.5        	2.840395e-17
1822.55       	2.840395e-17
1822.6        	2.840395e-17
1822.65       	2.840395e-17
1822.7        	2.840395e-17
1822.75       	2.840395e-17
1822.8        	2.840395e-17
1822.85       	2.840395e-17
1822.9        	2.840395e-17
1822.95       	2.840395e-17
1823          	2.840395e-17
1823.05       	2.840395e-17
1823.1        	2.840395e-17
1823.15       	2.840395e-17
1823.2        	2.840395e-17
1823.25       	2.840395e-17
1823.3        	2.840395e-17
1823.35       	2.840395e-17
1823.4        	2.840395e-17
1823.45       	2.840395e-17
1823.5        	2.840395e-17
1823.55       	2.840395e-17
1823.6        	2.840395e-17
1823.65       	2.840395e-17
1823.7        	2.840395e-17
1823.75       	2.840395e-17
1823.8        	2.840395e-17
1823.85       	2.840395e-17
1823.9        	2.840395e-17
1823.95       	2.840395e-17
1824          	2.840395e-17
1824.05       	2.840395e-17
1824.1        	2.840395e-17
1824.15       	2.840395e-17
1824.2        	2.840395e-17
1824.25       	2.840395e-17
1824.3        	2.840395e-17
1824.35       	2.840395e-17
1824.4        	2.840395e-17
1824.45       	2.840395e-17
1824.5        	2.840395e-17
1824.55       	2.840395e-17
1824.6        	2.840395e-17
1824.65       	2.840395e-17
1824.7        	2.840395e-17
1824.75       	2.840395e-17
1824.8        	2.840395e-17
1824.85       	2.840395e-17
1824.9        	2.840395e-17
1824.95       	2.840395e-17
1825          	2.840395e-17
1825.05       	2.840395e-17
1825.1        	2.840395e-17
1825.15       	2.840395e-17
1825.2        	2.840395e-17
1825.25       	2.840395e-17
1825.3        	2.840395e-17
1825.35       	2.840395e-17
1825.4        	2.840395e-17
1825.45       	2.840395e-17
1825.5        	2.840395e-17
1825.55       	2.840395e-17
1825.6        	2.840395e-17
1825.65       	2.840395e-17
1825.7        	2.840395e-17
1825.75       	2.840395e-17
1825.8        	2.840395e-17
1825.85       	2.840395e-17
1825.9        	2.840395e-17
1825.95       	2.840395e-17
1826          	2.840395e-17
1826.05       	2.840395e-17
1826.1        	2.840395e-17
1826.15       	2.840395e-17
1826.2        	2.840395e-17
1826.25       	2.840395e-17
1826.3        	2.840395e-17
1826.35       	2.840395e-17
1826.4        	2.840395e-17
1826.45       	2.840395e-17
1826.5        	2.840395e-17
1826.55       	2.840395e-17
1826.6        	2.840395e-17
1826.65       	2.840395e-17
1826.7        	2.840395e-17
1826.75       	2.840395e-17
1826.8        	2.840395e-17
1826.85       	2.840395e-17
1826.9        	2.840395e-17
1826.95       	2.840395e-17
1827          	2.840395e-17
1827.05       	2.840395e-17
1827.1        	2.840395e-17
1827.15       	2.840395e-17
1827.2        	2.840395e-17
1827.25       	2.840395e-17
1827.3        	2.840395e-17
1827.35       	2.840395e-17
1827.4        	2.840395e-17
1827.45       	2.840395e-17
1827.5        	2.840395e-17
1827.55       	2.840395e-17
1827.6        	2.840395e-17
1827.65       	2.840395e-17
1827.7        	2.840395e-17
1827.75       	2.840395e-17
1827.8        	2.840395e-17
1827.85       	2.840395e-17
1827.9        	2.840395e-17
1827.95       	2.840395e-17
1828          	2.840395e-17
1828.05       	2.840395e-17
1828.1        	2.840395e-17
1828.15       	2.840395e-17
1828.2        	2.840395e-17
1828.25       	2.840395e-17
1828.3        	2.840395e-17
1828.35       	2.840395e-17
1828.4        	2.840395e-17
1828.45       	2.840395e-17
1828.5        	2.840395e-17
1828.55       	2.840395e-17
1828.6        	2.840395e-17
1828.65       	2.840395e-17
1828.7        	2.840395e-17
1828.75       	2.840395e-17
1828.8        	2.840395e-17
1828.85       	2.840395e-17
1828.9        	2.840395e-17
1828.95       	2.840395e-17
1829          	2.840395e-17
1829.05       	2.840395e-17
1829.1        	2.840395e-17
1829.15       	2.840395e-17
1829.2        	2.840395e-17
1829.25       	2.840395e-17
1829.3        	2.840395e-17
1829.35       	2.840395e-17
1829.4        	2.840395e-17
1829.45       	2.840395e-17
1829.5        	2.840395e-17
1829.55       	2.840395e-17
1829.6        	2.840395e-17
1829.65       	2.840395e-17
1829.7        	2.840395e-17
1829.75       	2.840395e-17
1829.8        	2.840395e-17
1829.85       	2.840395e-17
1829.9        	2.840395e-17
1829.95       	2.840395e-17
1830          	2.840395e-17
1830.05       	2.840395e-17
1830.1        	2.840395e-17
1830.15       	2.840395e-17
1830.2        	2.840395e-17
1830.25       	2.840395e-17
1830.3        	2.840395e-17
1830.35       	2.840395e-17
1830.4        	2.840395e-17
1830.45       	2.840395e-17
1830.5        	2.840395e-17
1830.55       	2.840395e-17
1830.6        	2.840395e-17
1830.65       	2.840395e-17
1830.7        	2.840395e-17
1830.75       	2.840395e-17
1830.8        	2.840395e-17
1830.85       	2.840395e-17
1830.9        	2.840395e-17
1830.95       	2.840395e-17
1831          	2.840395e-17
1831.05       	2.840395e-17
1831.1        	2.840395e-17
1831.15       	2.840395e-17
1831.2        	2.840395e-17
1831.25       	2.840395e-17
1831.3        	2.840395e-17
1831.35       	2.840395e-17
1831.4        	2.840395e-17
1831.45       	2.840395e-17
1831.5        	2.840395e-17
1831.55       	2.840395e-17
1831.6        	2.840395e-17
1831.65       	2.840395e-17
1831.7        	2.840395e-17
1831.75       	2.840395e-17
1831.8        	2.840395e-17
1831.85       	2.840395e-17
1831.9        	2.840395e-17
1831.95       	2.840395e-17
1832          	2.840395e-17
1832.05       	2.840395e-17
1832.1        	2.840395e-17
1832.15       	2.840395e-17
1832.2        	2.840395e-17
1832.25       	2.840395e-17
1832.3        	2.840395e-17
1832.35       	2.840395e-17
1832.4        	2.840395e-17
1832.45       	2.840395e-17
1832.5        	2.840395e-17
1832.55       	2.840395e-17
1832.6        	2.840395e-17
1832.65       	2.840395e-17
1832.7        	2.840395e-17
1832.75       	2.840395e-17
1832.8        	2.840395e-17
1832.85       	2.840395e-17
1832.9        	2.840395e-17
1832.95       	2.840395e-17
1833          	2.840395e-17
1833.05       	2.840395e-17
1833.1        	2.840395e-17
1833.15       	2.840395e-17
1833.2        	2.840395e-17
1833.25       	2.840395e-17
1833.3        	2.840395e-17
1833.35       	2.840395e-17
1833.4        	2.840395e-17
1833.45       	2.840395e-17
1833.5        	2.840395e-17
1833.55       	2.840395e-17
1833.6        	2.840395e-17
1833.65       	2.840395e-17
1833.7        	2.840395e-17
1833.75       	2.840395e-17
1833.8        	2.840395e-17
1833.85       	2.840395e-17
1833.9        	2.840395e-17
1833.95       	2.840395e-17
1834          	2.840395e-17
1834.05       	2.840395e-17
1834.1        	2.840395e-17
1834.15       	2.840395e-17
1834.2        	2.840395e-17
1834.25       	2.840395e-17
1834.3        	2.840395e-17
1834.35       	2.840395e-17
1834.4        	2.840395e-17
1834.45       	2.840395e-17
1834.5        	2.840395e-17
1834.55       	2.840395e-17
1834.6        	2.840395e-17
1834.65       	2.840395e-17
1834.7        	2.840395e-17
1834.75       	2.840395e-17
1834.8        	2.840395e-17
1834.85       	2.840395e-17
1834.9        	2.840395e-17
1834.95       	2.840395e-17
1835          	2.840395e-17
1835.05       	2.840395e-17
1835.1        	2.840395e-17
1835.15       	2.840395e-17
1835.2        	2.840395e-17
1835.25       	2.840395e-17
1835.3        	2.840395e-17
1835.35       	2.840395e-17
1835.4        	2.840395e-17
1835.45       	2.840395e-17
1835.5        	2.840395e-17
1835.55       	2.840395e-17
1835.6        	2.840395e-17
1835.65       	2.840395e-17
1835.7        	2.840395e-17
1835.75       	2.840395e-17
1835.8        	2.840395e-17
1835.85       	2.840395e-17
1835.9        	2.840395e-17
1835.95       	2.840395e-17
1836          	2.840395e-17
1836.05       	2.840395e-17
1836.1        	2.840395e-17
1836.15       	2.840395e-17
1836.2        	2.840395e-17
1836.25       	2.840395e-17
1836.3        	2.840395e-17
1836.35       	2.840395e-17
1836.4        	2.840395e-17
1836.45       	2.840395e-17
1836.5        	2.840395e-17
1836.55       	2.840395e-17
1836.6        	2.840395e-17
1836.65       	2.840395e-17
1836.7        	2.840395e-17
1836.75       	2.840395e-17
1836.8        	2.840395e-17
1836.85       	2.840395e-17
1836.9        	2.840395e-17
1836.95       	2.840395e-17
1837          	2.840395e-17
1837.05       	2.840395e-17
1837.1        	2.840395e-17
1837.15       	2.840395e-17
1837.2        	2.840395e-17
1837.25       	2.840395e-17
1837.3        	2.840395e-17
1837.35       	2.840395e-17
1837.4        	2.840395e-17
1837.45       	2.840395e-17
1837.5        	2.840395e-17
1837.55       	2.840395e-17
1837.6        	2.840395e-17
1837.65       	2.840395e-17
1837.7        	2.840395e-17
1837.75       	2.840395e-17
1837.8        	2.840395e-17
1837.85       	2.840395e-17
1837.9        	2.840395e-17
1837.95       	2.840395e-17
1838          	2.840395e-17
1838.05       	2.840395e-17
1838.1        	2.840395e-17
1838.15       	2.840395e-17
1838.2        	2.840395e-17
1838.25       	2.840395e-17
1838.3        	2.840395e-17
1838.35       	2.840395e-17
1838.4        	2.840395e-17
1838.45       	2.840395e-17
1838.5        	2.840395e-17
1838.55       	2.840395e-17
1838.6        	2.840395e-17
1838.65       	2.840395e-17
1838.7        	2.840395e-17
1838.75       	2.840395e-17
1838.8        	2.840395e-17
1838.85       	2.840395e-17
1838.9        	2.840395e-17
1838.95       	2.840395e-17
1839          	2.840395e-17
1839.05       	2.840395e-17
1839.1        	2.840395e-17
1839.15       	2.840395e-17
1839.2        	2.840395e-17
1839.25       	2.840395e-17
1839.3        	2.840395e-17
1839.35       	2.840395e-17
1839.4        	2.840395e-17
1839.45       	2.840395e-17
1839.5        	2.840395e-17
1839.55       	2.840395e-17
1839.6        	2.840395e-17
1839.65       	2.840395e-17
1839.7        	2.840395e-17
1839.75       	2.840395e-17
1839.8        	2.840395e-17
1839.85       	2.840395e-17
1839.9        	2.840395e-17
1839.95       	2.840395e-17
1840          	2.840395e-17
1840.05       	2.840395e-17
1840.1        	2.840395e-17
1840.15       	2.840395e-17
1840.2        	2.840395e-17
1840.25       	2.840395e-17
1840.3        	2.840395e-17
1840.35       	2.840395e-17
1840.4        	2.840395e-17
1840.45       	2.840395e-17
1840.5        	2.840395e-17
1840.55       	2.840395e-17
1840.6        	2.840395e-17
1840.65       	2.840395e-17
1840.7        	2.840395e-17
1840.75       	2.840395e-17
1840.8        	2.840395e-17
1840.85       	2.840395e-17
1840.9        	2.840395e-17
1840.95       	2.840395e-17
1841          	2.840395e-17
1841.05       	2.840395e-17
1841.1        	2.840395e-17
1841.15       	2.840395e-17
1841.2        	2.840395e-17
1841.25       	2.840395e-17
1841.3        	2.840395e-17
1841.35       	2.840395e-17
1841.4        	2.840395e-17
1841.45       	2.840395e-17
1841.5        	2.840395e-17
1841.55       	2.840395e-17
1841.6        	2.840395e-17
1841.65       	2.840395e-17
1841.7        	2.840395e-17
1841.75       	2.840395e-17
1841.8        	2.840395e-17
1841.85       	2.840395e-17
1841.9        	2.840395e-17
1841.95       	2.840395e-17
1842          	2.840395e-17
1842.05       	2.840395e-17
1842.1        	2.840395e-17
1842.15       	2.840395e-17
1842.2        	2.840395e-17
1842.25       	2.840395e-17
1842.3        	2.840395e-17
1842.35       	2.840395e-17
1842.4        	2.840395e-17
1842.45       	2.840395e-17
1842.5        	2.840395e-17
1842.55       	2.840395e-17
1842.6        	2.840395e-17
1842.65       	2.840395e-17
1842.7        	2.840395e-17
1842.75       	2.840395e-17
1842.8        	2.840395e-17
1842.85       	2.840395e-17
1842.9        	2.840395e-17
1842.95       	2.840395e-17
1843          	2.840395e-17
1843.05       	2.840395e-17
1843.1        	2.840395e-17
1843.15       	2.840395e-17
1843.2        	2.840395e-17
1843.25       	2.840395e-17
1843.3        	2.840395e-17
1843.35       	2.840395e-17
1843.4        	2.840395e-17
1843.45       	2.840395e-17
1843.5        	2.840395e-17
1843.55       	2.840395e-17
1843.6        	2.840395e-17
1843.65       	2.840395e-17
1843.7        	2.840395e-17
1843.75       	2.840395e-17
1843.8        	2.840395e-17
1843.85       	2.840395e-17
1843.9        	2.840395e-17
1843.95       	2.840395e-17
1844          	2.840395e-17
1844.05       	2.840395e-17
1844.1        	2.840395e-17
1844.15       	2.840395e-17
1844.2        	2.840395e-17
1844.25       	2.840395e-17
1844.3        	2.840395e-17
1844.35       	2.840395e-17
1844.4        	2.840395e-17
1844.45       	2.840395e-17
1844.5        	2.840395e-17
1844.55       	2.840395e-17
1844.6        	2.840395e-17
1844.65       	2.840395e-17
1844.7        	2.840395e-17
1844.75       	2.840395e-17
1844.8        	2.840395e-17
1844.85       	2.840395e-17
1844.9        	2.840395e-17
1844.95       	2.840395e-17
1845          	2.840395e-17
1845.05       	2.840395e-17
1845.1        	2.840395e-17
1845.15       	2.840395e-17
1845.2        	2.840395e-17
1845.25       	2.840395e-17
1845.3        	2.840395e-17
1845.35       	2.840395e-17
1845.4        	2.840395e-17
1845.45       	2.840395e-17
1845.5        	2.840395e-17
1845.55       	2.840395e-17
1845.6        	2.840395e-17
1845.65       	2.840395e-17
1845.7        	2.840395e-17
1845.75       	2.840395e-17
1845.8        	2.840395e-17
1845.85       	2.840395e-17
1845.9        	2.840395e-17
1845.95       	2.840395e-17
1846          	2.840395e-17
1846.05       	2.840395e-17
1846.1        	2.840395e-17
1846.15       	2.840395e-17
1846.2        	2.840395e-17
1846.25       	2.840395e-17
1846.3        	2.840395e-17
1846.35       	2.840395e-17
1846.4        	2.840395e-17
1846.45       	2.840395e-17
1846.5        	2.840395e-17
1846.55       	2.840395e-17
1846.6        	2.840395e-17
1846.65       	2.840395e-17
1846.7        	2.840395e-17
1846.75       	2.840395e-17
1846.8        	2.840395e-17
1846.85       	2.840395e-17
1846.9        	2.840395e-17
1846.95       	2.840395e-17
1847          	2.840395e-17
1847.05       	2.840395e-17
1847.1        	2.840395e-17
1847.15       	2.840395e-17
1847.2        	2.840395e-17
1847.25       	2.840395e-17
1847.3        	2.840395e-17
1847.35       	2.840395e-17
1847.4        	2.840395e-17
1847.45       	2.840395e-17
1847.5        	2.840395e-17
1847.55       	2.840395e-17
1847.6        	2.840395e-17
1847.65       	2.840395e-17
1847.7        	2.840395e-17
1847.75       	2.840395e-17
1847.8        	2.840395e-17
1847.85       	2.840395e-17
1847.9        	2.840395e-17
1847.95       	2.840395e-17
1848          	2.840395e-17
1848.05       	2.840395e-17
1848.1        	2.840395e-17
1848.15       	2.840395e-17
1848.2        	2.840395e-17
1848.25       	2.840395e-17
1848.3        	2.840395e-17
1848.35       	2.840395e-17
1848.4        	2.840395e-17
1848.45       	2.840395e-17
1848.5        	2.840395e-17
1848.55       	2.840395e-17
1848.6        	2.840395e-17
1848.65       	2.840395e-17
1848.7        	2.840395e-17
1848.75       	2.840395e-17
1848.8        	2.840395e-17
1848.85       	2.840395e-17
1848.9        	2.840395e-17
1848.95       	2.840395e-17
1849          	2.840395e-17
1849.05       	2.840395e-17
1849.1        	2.840395e-17
1849.15       	2.840395e-17
1849.2        	2.840395e-17
1849.25       	2.840395e-17
1849.3        	2.840395e-17
1849.35       	2.840395e-17
1849.4        	2.840395e-17
1849.45       	2.840395e-17
1849.5        	2.840395e-17
1849.55       	2.840395e-17
1849.6        	2.840395e-17
1849.65       	2.840395e-17
1849.7        	2.840395e-17
1849.75       	2.840395e-17
1849.8        	2.840395e-17
1849.85       	2.840395e-17
1849.9        	2.840395e-17
1849.95       	2.840395e-17
1850          	2.840395e-17
1850.05       	2.840395e-17
1850.1        	2.840395e-17
1850.15       	2.840395e-17
1850.2        	2.840395e-17
1850.25       	2.840395e-17
1850.3        	2.840395e-17
1850.35       	2.840395e-17
1850.4        	2.840395e-17
1850.45       	2.840395e-17
1850.5        	2.840395e-17
1850.55       	2.840395e-17
1850.6        	2.840395e-17
1850.65       	2.840395e-17
1850.7        	2.840395e-17
1850.75       	2.840395e-17
1850.8        	2.840395e-17
1850.85       	2.840395e-17
1850.9        	2.840395e-17
1850.95       	2.840395e-17
1851          	2.840395e-17
1851.05       	2.840395e-17
1851.1        	2.840395e-17
1851.15       	2.840395e-17
1851.2        	2.840395e-17
1851.25       	2.840395e-17
1851.3        	2.840395e-17
1851.35       	2.840395e-17
1851.4        	2.840395e-17
1851.45       	2.840395e-17
1851.5        	2.840395e-17
1851.55       	2.840395e-17
1851.6        	2.840395e-17
1851.65       	2.840395e-17
1851.7        	2.840395e-17
1851.75       	2.840395e-17
1851.8        	2.840395e-17
1851.85       	2.840395e-17
1851.9        	2.840395e-17
1851.95       	2.840395e-17
1852          	2.840395e-17
1852.05       	2.840395e-17
1852.1        	2.840395e-17
1852.15       	2.840395e-17
1852.2        	2.840395e-17
1852.25       	2.840395e-17
1852.3        	2.840395e-17
1852.35       	2.840395e-17
1852.4        	2.840395e-17
1852.45       	2.840395e-17
1852.5        	2.840395e-17
1852.55       	2.840395e-17
1852.6        	2.840395e-17
1852.65       	2.840395e-17
1852.7        	2.840395e-17
1852.75       	2.840395e-17
1852.8        	2.840395e-17
1852.85       	2.840395e-17
1852.9        	2.840395e-17
1852.95       	2.840395e-17
1853          	2.840395e-17
1853.05       	2.840395e-17
1853.1        	2.840395e-17
1853.15       	2.840395e-17
1853.2        	2.840395e-17
1853.25       	2.840395e-17
1853.3        	2.840395e-17
1853.35       	2.840395e-17
1853.4        	2.840395e-17
1853.45       	2.840395e-17
1853.5        	2.840395e-17
1853.55       	2.840395e-17
1853.6        	2.840395e-17
1853.65       	2.840395e-17
1853.7        	2.840395e-17
1853.75       	2.840395e-17
1853.8        	2.840395e-17
1853.85       	2.840395e-17
1853.9        	2.840395e-17
1853.95       	2.840395e-17
1854          	2.840395e-17
1854.05       	2.840395e-17
1854.1        	2.840395e-17
1854.15       	2.840395e-17
1854.2        	2.840395e-17
1854.25       	2.840395e-17
1854.3        	2.840395e-17
1854.35       	2.840395e-17
1854.4        	2.840395e-17
1854.45       	2.840395e-17
1854.5        	2.840395e-17
1854.55       	2.840395e-17
1854.6        	2.840395e-17
1854.65       	2.840395e-17
1854.7        	2.840395e-17
1854.75       	2.840395e-17
1854.8        	2.840395e-17
1854.85       	2.840395e-17
1854.9        	2.840395e-17
1854.95       	2.840395e-17
1855          	2.840395e-17
1855.05       	2.840395e-17
1855.1        	2.840395e-17
1855.15       	2.840395e-17
1855.2        	2.840395e-17
1855.25       	2.840395e-17
1855.3        	2.840395e-17
1855.35       	2.840395e-17
1855.4        	2.840395e-17
1855.45       	2.840395e-17
1855.5        	2.840395e-17
1855.55       	2.840395e-17
1855.6        	2.840395e-17
1855.65       	2.840395e-17
1855.7        	2.840395e-17
1855.75       	2.840395e-17
1855.8        	2.840395e-17
1855.85       	2.840395e-17
1855.9        	2.840395e-17
1855.95       	2.840395e-17
1856          	2.840395e-17
1856.05       	2.840395e-17
1856.1        	2.840395e-17
1856.15       	2.840395e-17
1856.2        	2.840395e-17
1856.25       	2.840395e-17
1856.3        	2.840395e-17
1856.35       	2.840395e-17
1856.4        	2.840395e-17
1856.45       	2.840395e-17
1856.5        	2.840395e-17
1856.55       	2.840395e-17
1856.6        	2.840395e-17
1856.65       	2.840395e-17
1856.7        	2.840395e-17
1856.75       	2.840395e-17
1856.8        	2.840395e-17
1856.85       	2.840395e-17
1856.9        	2.840395e-17
1856.95       	2.840395e-17
1857          	2.840395e-17
1857.05       	2.840395e-17
1857.1        	2.840395e-17
1857.15       	2.840395e-17
1857.2        	2.840395e-17
1857.25       	2.840395e-17
1857.3        	2.840395e-17
1857.35       	2.840395e-17
1857.4        	2.840395e-17
1857.45       	2.840395e-17
1857.5        	2.840395e-17
1857.55       	2.840395e-17
1857.6        	2.840395e-17
1857.65       	2.840395e-17
1857.7        	2.840395e-17
1857.75       	2.840395e-17
1857.8        	2.840395e-17
1857.85       	2.840395e-17
1857.9        	2.840395e-17
1857.95       	2.840395e-17
1858          	2.840395e-17
1858.05       	2.840395e-17
1858.1        	2.840395e-17
1858.15       	2.840395e-17
1858.2        	2.840395e-17
1858.25       	2.840395e-17
1858.3        	2.840395e-17
1858.35       	2.840395e-17
1858.4        	2.840395e-17
1858.45       	2.840395e-17
1858.5        	2.840395e-17
1858.55       	2.840395e-17
1858.6        	2.840395e-17
1858.65       	2.840395e-17
1858.7        	2.840395e-17
1858.75       	2.840395e-17
1858.8        	2.840395e-17
1858.85       	2.840395e-17
1858.9        	2.840395e-17
1858.95       	2.840395e-17
1859          	2.840395e-17
1859.05       	2.840395e-17
1859.1        	2.840395e-17
1859.15       	2.840395e-17
1859.2        	2.840395e-17
1859.25       	2.840395e-17
1859.3        	2.840395e-17
1859.35       	2.840395e-17
1859.4        	2.840395e-17
1859.45       	2.840395e-17
1859.5        	2.840395e-17
1859.55       	2.840395e-17
1859.6        	2.840395e-17
1859.65       	2.840395e-17
1859.7        	2.840395e-17
1859.75       	2.840395e-17
1859.8        	2.840395e-17
1859.85       	2.840395e-17
1859.9        	2.840395e-17
1859.95       	2.840395e-17
1860          	2.840395e-17
1860.05       	2.840395e-17
1860.1        	2.840395e-17
1860.15       	2.840395e-17
1860.2        	2.840395e-17
1860.25       	2.840395e-17
1860.3        	2.840395e-17
1860.35       	2.840395e-17
1860.4        	2.840395e-17
1860.45       	2.840395e-17
1860.5        	2.840395e-17
1860.55       	2.840395e-17
1860.6        	2.840395e-17
1860.65       	2.840395e-17
1860.7        	2.840395e-17
1860.75       	2.840395e-17
1860.8        	2.840395e-17
1860.85       	2.840395e-17
1860.9        	2.840395e-17
1860.95       	2.840395e-17
1861          	2.840395e-17
1861.05       	2.840395e-17
1861.1        	2.840395e-17
1861.15       	2.840395e-17
1861.2        	2.840395e-17
1861.25       	2.840395e-17
1861.3        	2.840395e-17
1861.35       	2.840395e-17
1861.4        	2.840395e-17
1861.45       	2.840395e-17
1861.5        	2.840395e-17
1861.55       	2.840395e-17
1861.6        	2.840395e-17
1861.65       	2.840395e-17
1861.7        	2.840395e-17
1861.75       	2.840395e-17
1861.8        	2.840395e-17
1861.85       	2.840395e-17
1861.9        	2.840395e-17
1861.95       	2.840395e-17
1862          	2.840395e-17
1862.05       	2.840395e-17
1862.1        	2.840395e-17
1862.15       	2.840395e-17
1862.2        	2.840395e-17
1862.25       	2.840395e-17
1862.3        	2.840395e-17
1862.35       	2.840395e-17
1862.4        	2.840395e-17
1862.45       	2.840395e-17
1862.5        	2.840395e-17
1862.55       	2.840395e-17
1862.6        	2.840395e-17
1862.65       	2.840395e-17
1862.7        	2.840395e-17
1862.75       	2.840395e-17
1862.8        	2.840395e-17
1862.85       	2.840395e-17
1862.9        	2.840395e-17
1862.95       	2.840395e-17
1863          	2.840395e-17
1863.05       	2.840395e-17
1863.1        	2.840395e-17
1863.15       	2.840395e-17
1863.2        	2.840395e-17
1863.25       	2.840395e-17
1863.3        	2.840395e-17
1863.35       	2.840395e-17
1863.4        	2.840395e-17
1863.45       	2.840395e-17
1863.5        	2.840395e-17
1863.55       	2.840395e-17
1863.6        	2.840395e-17
1863.65       	2.840395e-17
1863.7        	2.840395e-17
1863.75       	2.840395e-17
1863.8        	2.840395e-17
1863.85       	2.840395e-17
1863.9        	2.840395e-17
1863.95       	2.840395e-17
1864          	2.840395e-17
1864.05       	2.840395e-17
1864.1        	2.840395e-17
1864.15       	2.840395e-17
1864.2        	2.840395e-17
1864.25       	2.840395e-17
1864.3        	2.840395e-17
1864.35       	2.840395e-17
1864.4        	2.840395e-17
1864.45       	2.840395e-17
1864.5        	2.840395e-17
1864.55       	2.840395e-17
1864.6        	2.840395e-17
1864.65       	2.840395e-17
1864.7        	2.840395e-17
1864.75       	2.840395e-17
1864.8        	2.840395e-17
1864.85       	2.840395e-17
1864.9        	2.840395e-17
1864.95       	2.840395e-17
1865          	2.840395e-17
1865.05       	2.840395e-17
1865.1        	2.840395e-17
1865.15       	2.840395e-17
1865.2        	2.840395e-17
1865.25       	2.840395e-17
1865.3        	2.840395e-17
1865.35       	2.840395e-17
1865.4        	2.840395e-17
1865.45       	2.840395e-17
1865.5        	2.840395e-17
1865.55       	2.840395e-17
1865.6        	2.840395e-17
1865.65       	2.840395e-17
1865.7        	2.840395e-17
1865.75       	2.840395e-17
1865.8        	2.840395e-17
1865.85       	2.840395e-17
1865.9        	2.840395e-17
1865.95       	2.840395e-17
1866          	2.840395e-17
1866.05       	2.840395e-17
1866.1        	2.840395e-17
1866.15       	2.840395e-17
1866.2        	2.840395e-17
1866.25       	2.840395e-17
1866.3        	2.840395e-17
1866.35       	2.840395e-17
1866.4        	2.840395e-17
1866.45       	2.840395e-17
1866.5        	2.840395e-17
1866.55       	2.840395e-17
1866.6        	2.840395e-17
1866.65       	2.840395e-17
1866.7        	2.840395e-17
1866.75       	2.840395e-17
1866.8        	2.840395e-17
1866.85       	2.840395e-17
1866.9        	2.840395e-17
1866.95       	2.840395e-17
1867          	2.840395e-17
1867.05       	2.840395e-17
1867.1        	2.840395e-17
1867.15       	2.840395e-17
1867.2        	2.840395e-17
1867.25       	2.840395e-17
1867.3        	2.840395e-17
1867.35       	2.840395e-17
1867.4        	2.840395e-17
1867.45       	2.840395e-17
1867.5        	2.840395e-17
1867.55       	2.840395e-17
1867.6        	2.840395e-17
1867.65       	2.840395e-17
1867.7        	2.840395e-17
1867.75       	2.840395e-17
1867.8        	2.840395e-17
1867.85       	2.840395e-17
1867.9        	2.840395e-17
1867.95       	2.840395e-17
1868          	2.840395e-17
1868.05       	2.840395e-17
1868.1        	2.840395e-17
1868.15       	2.840395e-17
1868.2        	2.840395e-17
1868.25       	2.840395e-17
1868.3        	2.840395e-17
1868.35       	2.840395e-17
1868.4        	2.840395e-17
1868.45       	2.840395e-17
1868.5        	2.840395e-17
1868.55       	2.840395e-17
1868.6        	2.840395e-17
1868.65       	2.840395e-17
1868.7        	2.840395e-17
1868.75       	2.840395e-17
1868.8        	2.840395e-17
1868.85       	2.840395e-17
1868.9        	2.840395e-17
1868.95       	2.840395e-17
1869          	2.840395e-17
1869.05       	2.840395e-17
1869.1        	2.840395e-17
1869.15       	2.840395e-17
1869.2        	2.840395e-17
1869.25       	2.840395e-17
1869.3        	2.840395e-17
1869.35       	2.840395e-17
1869.4        	2.840395e-17
1869.45       	2.840395e-17
1869.5        	2.840395e-17
1869.55       	2.840395e-17
1869.6        	2.840395e-17
1869.65       	2.840395e-17
1869.7        	2.840395e-17
1869.75       	2.840395e-17
1869.8        	2.840395e-17
1869.85       	2.840395e-17
1869.9        	2.840395e-17
1869.95       	2.840395e-17
1870          	2.840395e-17
1870.05       	2.840395e-17
1870.1        	2.840395e-17
1870.15       	2.840395e-17
1870.2        	2.840395e-17
1870.25       	2.840395e-17
1870.3        	2.840395e-17
1870.35       	2.840395e-17
1870.4        	2.840395e-17
1870.45       	2.840395e-17
1870.5        	2.840395e-17
1870.55       	2.840395e-17
1870.6        	2.840395e-17
1870.65       	2.840395e-17
1870.7        	2.840395e-17
1870.75       	2.840395e-17
1870.8        	2.840395e-17
1870.85       	2.840395e-17
1870.9        	2.840395e-17
1870.95       	2.840395e-17
1871          	2.840395e-17
1871.05       	2.840395e-17
1871.1        	2.840395e-17
1871.15       	2.840395e-17
1871.2        	2.840395e-17
1871.25       	2.840395e-17
1871.3        	2.840395e-17
1871.35       	2.840395e-17
1871.4        	2.840395e-17
1871.45       	2.840395e-17
1871.5        	2.840395e-17
1871.55       	2.840395e-17
1871.6        	2.840395e-17
1871.65       	2.840395e-17
1871.7        	2.840395e-17
1871.75       	2.840395e-17
1871.8        	2.840395e-17
1871.85       	2.840395e-17
1871.9        	2.840395e-17
1871.95       	2.840395e-17
1872          	2.840395e-17
1872.05       	2.840395e-17
1872.1        	2.840395e-17
1872.15       	2.840395e-17
1872.2        	2.840395e-17
1872.25       	2.840395e-17
1872.3        	2.840395e-17
1872.35       	2.840395e-17
1872.4        	2.840395e-17
1872.45       	2.840395e-17
1872.5        	2.840395e-17
1872.55       	2.840395e-17
1872.6        	2.840395e-17
1872.65       	2.840395e-17
1872.7        	2.840395e-17
1872.75       	2.840395e-17
1872.8        	2.840395e-17
1872.85       	2.840395e-17
1872.9        	2.840395e-17
1872.95       	2.840395e-17
1873          	2.840395e-17
1873.05       	2.840395e-17
1873.1        	2.840395e-17
1873.15       	2.840395e-17
1873.2        	2.840395e-17
1873.25       	2.840395e-17
1873.3        	2.840395e-17
1873.35       	2.840395e-17
1873.4        	2.840395e-17
1873.45       	2.840395e-17
1873.5        	2.840395e-17
1873.55       	2.840395e-17
1873.6        	2.840395e-17
1873.65       	2.840395e-17
1873.7        	2.840395e-17
1873.75       	2.840395e-17
1873.8        	2.840395e-17
1873.85       	2.840395e-17
1873.9        	2.840395e-17
1873.95       	2.840395e-17
1874          	2.840395e-17
1874.05       	2.840395e-17
1874.1        	2.840395e-17
1874.15       	2.840395e-17
1874.2        	2.840395e-17
1874.25       	2.840395e-17
1874.3        	2.840395e-17
1874.35       	2.840395e-17
1874.4        	2.840395e-17
1874.45       	2.840395e-17
1874.5        	2.840395e-17
1874.55       	2.840395e-17
1874.6        	2.840395e-17
1874.65       	2.840395e-17
1874.7        	2.840395e-17
1874.75       	2.840395e-17
1874.8        	2.840395e-17
1874.85       	2.840395e-17
1874.9        	2.840395e-17
1874.95       	2.840395e-17
1875          	2.840395e-17
1875.05       	2.840395e-17
1875.1        	2.840395e-17
1875.15       	2.840395e-17
1875.2        	2.840395e-17
1875.25       	2.840395e-17
1875.3        	2.840395e-17
1875.35       	2.840395e-17
1875.4        	2.840395e-17
1875.45       	2.840395e-17
1875.5        	2.840395e-17
1875.55       	2.840395e-17
1875.6        	2.840395e-17
1875.65       	2.840395e-17
1875.7        	2.840395e-17
1875.75       	2.840395e-17
1875.8        	2.840395e-17
1875.85       	2.840395e-17
1875.9        	2.840395e-17
1875.95       	2.840395e-17
1876          	2.840395e-17
1876.05       	2.840395e-17
1876.1        	2.840395e-17
1876.15       	2.840395e-17
1876.2        	2.840395e-17
1876.25       	2.840395e-17
1876.3        	2.840395e-17
1876.35       	2.840395e-17
1876.4        	2.840395e-17
1876.45       	2.840395e-17
1876.5        	2.840395e-17
1876.55       	2.840395e-17
1876.6        	2.840395e-17
1876.65       	2.840395e-17
1876.7        	2.840395e-17
1876.75       	2.840395e-17
1876.8        	2.840395e-17
1876.85       	2.840395e-17
1876.9        	2.840395e-17
1876.95       	2.840395e-17
1877          	2.840395e-17
1877.05       	2.840395e-17
1877.1        	2.840395e-17
1877.15       	2.840395e-17
1877.2        	2.840395e-17
1877.25       	2.840395e-17
1877.3        	2.840395e-17
1877.35       	2.840395e-17
1877.4        	2.840395e-17
1877.45       	2.840395e-17
1877.5        	2.840395e-17
1877.55       	2.840395e-17
1877.6        	2.840395e-17
1877.65       	2.840395e-17
1877.7        	2.840395e-17
1877.75       	2.840395e-17
1877.8        	2.840395e-17
1877.85       	2.840395e-17
1877.9        	2.840395e-17
1877.95       	2.840395e-17
1878          	2.840395e-17
1878.05       	2.840395e-17
1878.1        	2.840395e-17
1878.15       	2.840395e-17
1878.2        	2.840395e-17
1878.25       	2.840395e-17
1878.3        	2.840395e-17
1878.35       	2.840395e-17
1878.4        	2.840395e-17
1878.45       	2.840395e-17
1878.5        	2.840395e-17
1878.55       	2.840395e-17
1878.6        	2.840395e-17
1878.65       	2.840395e-17
1878.7        	2.840395e-17
1878.75       	2.840395e-17
1878.8        	2.840395e-17
1878.85       	2.840395e-17
1878.9        	2.840395e-17
1878.95       	2.840395e-17
1879          	2.840395e-17
1879.05       	2.840395e-17
1879.1        	2.840395e-17
1879.15       	2.840395e-17
1879.2        	2.840395e-17
1879.25       	2.840395e-17
1879.3        	2.840395e-17
1879.35       	2.840395e-17
1879.4        	2.840395e-17
1879.45       	2.840395e-17
1879.5        	2.840395e-17
1879.55       	2.840395e-17
1879.6        	2.840395e-17
1879.65       	2.840395e-17
1879.7        	2.840395e-17
1879.75       	2.840395e-17
1879.8        	2.840395e-17
1879.85       	2.840395e-17
1879.9        	2.840395e-17
1879.95       	2.840395e-17
1880          	2.840395e-17
1880.05       	2.840395e-17
1880.1        	2.840395e-17
1880.15       	2.840395e-17
1880.2        	2.840395e-17
1880.25       	2.840395e-17
1880.3        	2.840395e-17
1880.35       	2.840395e-17
1880.4        	2.840395e-17
1880.45       	2.840395e-17
1880.5        	2.840395e-17
1880.55       	2.840395e-17
1880.6        	2.840395e-17
1880.65       	2.840395e-17
1880.7        	2.840395e-17
1880.75       	2.840395e-17
1880.8        	2.840395e-17
1880.85       	2.840395e-17
1880.9        	2.840395e-17
1880.95       	2.840395e-17
1881          	2.840395e-17
1881.05       	2.840395e-17
1881.1        	2.840395e-17
1881.15       	2.840395e-17
1881.2        	2.840395e-17
1881.25       	2.840395e-17
1881.3        	2.840395e-17
1881.35       	2.840395e-17
1881.4        	2.840395e-17
1881.45       	2.840395e-17
1881.5        	2.840395e-17
1881.55       	2.840395e-17
1881.6        	2.840395e-17
1881.65       	2.840395e-17
1881.7        	2.840395e-17
1881.75       	2.840395e-17
1881.8        	2.840395e-17
1881.85       	2.840395e-17
1881.9        	2.840395e-17
1881.95       	2.840395e-17
1882          	2.840395e-17
1882.05       	2.840395e-17
1882.1        	2.840395e-17
1882.15       	2.840395e-17
1882.2        	2.840395e-17
1882.25       	2.840395e-17
1882.3        	2.840395e-17
1882.35       	2.840395e-17
1882.4        	2.840395e-17
1882.45       	2.840395e-17
1882.5        	2.840395e-17
1882.55       	2.840395e-17
1882.6        	2.840395e-17
1882.65       	2.840395e-17
1882.7        	2.840395e-17
1882.75       	2.840395e-17
1882.8        	2.840395e-17
1882.85       	2.840395e-17
1882.9        	2.840395e-17
1882.95       	2.840395e-17
1883          	2.840395e-17
1883.05       	2.840395e-17
1883.1        	2.840395e-17
1883.15       	2.840395e-17
1883.2        	2.840395e-17
1883.25       	2.840395e-17
1883.3        	2.840395e-17
1883.35       	2.840395e-17
1883.4        	2.840395e-17
1883.45       	2.840395e-17
1883.5        	2.840395e-17
1883.55       	2.840395e-17
1883.6        	2.840395e-17
1883.65       	2.840395e-17
1883.7        	2.840395e-17
1883.75       	2.840395e-17
1883.8        	2.840395e-17
1883.85       	2.840395e-17
1883.9        	2.840395e-17
1883.95       	2.840395e-17
1884          	2.840395e-17
1884.05       	2.840395e-17
1884.1        	2.840395e-17
1884.15       	2.840395e-17
1884.2        	2.840395e-17
1884.25       	2.840395e-17
1884.3        	2.840395e-17
1884.35       	2.840395e-17
1884.4        	2.840395e-17
1884.45       	2.840395e-17
1884.5        	2.840395e-17
1884.55       	2.840395e-17
1884.6        	2.840395e-17
1884.65       	2.840395e-17
1884.7        	2.840395e-17
1884.75       	2.840395e-17
1884.8        	2.840395e-17
1884.85       	2.840395e-17
1884.9        	2.840395e-17
1884.95       	2.840395e-17
1885          	2.840395e-17
1885.05       	2.840395e-17
1885.1        	2.840395e-17
1885.15       	2.840395e-17
1885.2        	2.840395e-17
1885.25       	2.840395e-17
1885.3        	2.840395e-17
1885.35       	2.840395e-17
1885.4        	2.840395e-17
1885.45       	2.840395e-17
1885.5        	2.840395e-17
1885.55       	2.840395e-17
1885.6        	2.840395e-17
1885.65       	2.840395e-17
1885.7        	2.840395e-17
1885.75       	2.840395e-17
1885.8        	2.840395e-17
1885.85       	2.840395e-17
1885.9        	2.840395e-17
1885.95       	2.840395e-17
1886          	2.840395e-17
1886.05       	2.840395e-17
1886.1        	2.840395e-17
1886.15       	2.840395e-17
1886.2        	2.840395e-17
1886.25       	2.840395e-17
1886.3        	2.840395e-17
1886.35       	2.840395e-17
1886.4        	2.840395e-17
1886.45       	2.840395e-17
1886.5        	2.840395e-17
1886.55       	2.840395e-17
1886.6        	2.840395e-17
1886.65       	2.840395e-17
1886.7        	2.840395e-17
1886.75       	2.840395e-17
1886.8        	2.840395e-17
1886.85       	2.840395e-17
1886.9        	2.840395e-17
1886.95       	2.840395e-17
1887          	2.840395e-17
1887.05       	2.840395e-17
1887.1        	2.840395e-17
1887.15       	2.840395e-17
1887.2        	2.840395e-17
1887.25       	2.840395e-17
1887.3        	2.840395e-17
1887.35       	2.840395e-17
1887.4        	2.840395e-17
1887.45       	2.840395e-17
1887.5        	2.840395e-17
1887.55       	2.840395e-17
1887.6        	2.840395e-17
1887.65       	2.840395e-17
1887.7        	2.840395e-17
1887.75       	2.840395e-17
1887.8        	2.840395e-17
1887.85       	2.840395e-17
1887.9        	2.840395e-17
1887.95       	2.840395e-17
1888          	2.840395e-17
1888.05       	2.840395e-17
1888.1        	2.840395e-17
1888.15       	2.840395e-17
1888.2        	2.840395e-17
1888.25       	2.840395e-17
1888.3        	2.840395e-17
1888.35       	2.840395e-17
1888.4        	2.840395e-17
1888.45       	2.840395e-17
1888.5        	2.840395e-17
1888.55       	2.840395e-17
1888.6        	2.840395e-17
1888.65       	2.840395e-17
1888.7        	2.840395e-17
1888.75       	2.840395e-17
1888.8        	2.840395e-17
1888.85       	2.840395e-17
1888.9        	2.840395e-17
1888.95       	2.840395e-17
1889          	2.840395e-17
1889.05       	2.840395e-17
1889.1        	2.840395e-17
1889.15       	2.840395e-17
1889.2        	2.840395e-17
1889.25       	2.840395e-17
1889.3        	2.840395e-17
1889.35       	2.840395e-17
1889.4        	2.840395e-17
1889.45       	2.840395e-17
1889.5        	2.840395e-17
1889.55       	2.840395e-17
1889.6        	2.840395e-17
1889.65       	2.840395e-17
1889.7        	2.840395e-17
1889.75       	2.840395e-17
1889.8        	2.840395e-17
1889.85       	2.840395e-17
1889.9        	2.840395e-17
1889.95       	2.840395e-17
1890          	2.840395e-17
1890.05       	2.840395e-17
1890.1        	2.840395e-17
1890.15       	2.840395e-17
1890.2        	2.840395e-17
1890.25       	2.840395e-17
1890.3        	2.840395e-17
1890.35       	2.840395e-17
1890.4        	2.840395e-17
1890.45       	2.840395e-17
1890.5        	2.840395e-17
1890.55       	2.840395e-17
1890.6        	2.840395e-17
1890.65       	2.840395e-17
1890.7        	2.840395e-17
1890.75       	2.840395e-17
1890.8        	2.840395e-17
1890.85       	2.840395e-17
1890.9        	2.840395e-17
1890.95       	2.840395e-17
1891          	2.840395e-17
1891.05       	2.840395e-17
1891.1        	2.840395e-17
1891.15       	2.840395e-17
1891.2        	2.840395e-17
1891.25       	2.840395e-17
1891.3        	2.840395e-17
1891.35       	2.840395e-17
1891.4        	2.840395e-17
1891.45       	2.840395e-17
1891.5        	2.840395e-17
1891.55       	2.840395e-17
1891.6        	2.840395e-17
1891.65       	2.840395e-17
1891.7        	2.840395e-17
1891.75       	2.840395e-17
1891.8        	2.840395e-17
1891.85       	2.840395e-17
1891.9        	2.840395e-17
1891.95       	2.840395e-17
1892          	2.840395e-17
1892.05       	2.840395e-17
1892.1        	2.840395e-17
1892.15       	2.840395e-17
1892.2        	2.840395e-17
1892.25       	2.840395e-17
1892.3        	2.840395e-17
1892.35       	2.840395e-17
1892.4        	2.840395e-17
1892.45       	2.840395e-17
1892.5        	2.840395e-17
1892.55       	2.840395e-17
1892.6        	2.840395e-17
1892.65       	2.840395e-17
1892.7        	2.840395e-17
1892.75       	2.840395e-17
1892.8        	2.840395e-17
1892.85       	2.840395e-17
1892.9        	2.840395e-17
1892.95       	2.840395e-17
1893          	2.840395e-17
1893.05       	2.840395e-17
1893.1        	2.840395e-17
1893.15       	2.840395e-17
1893.2        	2.840395e-17
1893.25       	2.840395e-17
1893.3        	2.840395e-17
1893.35       	2.840395e-17
1893.4        	2.840395e-17
1893.45       	2.840395e-17
1893.5        	2.840395e-17
1893.55       	2.840395e-17
1893.6        	2.840395e-17
1893.65       	2.840395e-17
1893.7        	2.840395e-17
1893.75       	2.840395e-17
1893.8        	2.840395e-17
1893.85       	2.840395e-17
1893.9        	2.840395e-17
1893.95       	2.840395e-17
1894          	2.840395e-17
1894.05       	2.840395e-17
1894.1        	2.840395e-17
1894.15       	2.840395e-17
1894.2        	2.840395e-17
1894.25       	2.840395e-17
1894.3        	2.840395e-17
1894.35       	2.840395e-17
1894.4        	2.840395e-17
1894.45       	2.840395e-17
1894.5        	2.840395e-17
1894.55       	2.840395e-17
1894.6        	2.840395e-17
1894.65       	2.840395e-17
1894.7        	2.840395e-17
1894.75       	2.840395e-17
1894.8        	2.840395e-17
1894.85       	2.840395e-17
1894.9        	2.840395e-17
1894.95       	2.840395e-17
1895          	2.840395e-17
1895.05       	2.840395e-17
1895.1        	2.840395e-17
1895.15       	2.840395e-17
1895.2        	2.840395e-17
1895.25       	2.840395e-17
1895.3        	2.840395e-17
1895.35       	2.840395e-17
1895.4        	2.840395e-17
1895.45       	2.840395e-17
1895.5        	2.840395e-17
1895.55       	2.840395e-17
1895.6        	2.840395e-17
1895.65       	2.840395e-17
1895.7        	2.840395e-17
1895.75       	2.840395e-17
1895.8        	2.840395e-17
1895.85       	2.840395e-17
1895.9        	2.840395e-17
1895.95       	2.840395e-17
1896          	2.840395e-17
1896.05       	2.840395e-17
1896.1        	2.840395e-17
1896.15       	2.840395e-17
1896.2        	2.840395e-17
1896.25       	2.840395e-17
1896.3        	2.840395e-17
1896.35       	2.840395e-17
1896.4        	2.840395e-17
1896.45       	2.840395e-17
1896.5        	2.840395e-17
1896.55       	2.840395e-17
1896.6        	2.840395e-17
1896.65       	2.840395e-17
1896.7        	2.840395e-17
1896.75       	2.840395e-17
1896.8        	2.840395e-17
1896.85       	2.840395e-17
1896.9        	2.840395e-17
1896.95       	2.840395e-17
1897          	2.840395e-17
1897.05       	2.840395e-17
1897.1        	2.840395e-17
1897.15       	2.840395e-17
1897.2        	2.840395e-17
1897.25       	2.840395e-17
1897.3        	2.840395e-17
1897.35       	2.840395e-17
1897.4        	2.840395e-17
1897.45       	2.840395e-17
1897.5        	2.840395e-17
1897.55       	2.840395e-17
1897.6        	2.840395e-17
1897.65       	2.840395e-17
1897.7        	2.840395e-17
1897.75       	2.840395e-17
1897.8        	2.840395e-17
1897.85       	2.840395e-17
1897.9        	2.840395e-17
1897.95       	2.840395e-17
1898          	2.840395e-17
1898.05       	2.840395e-17
1898.1        	2.840395e-17
1898.15       	2.840395e-17
1898.2        	2.840395e-17
1898.25       	2.840395e-17
1898.3        	2.840395e-17
1898.35       	2.840395e-17
1898.4        	2.840395e-17
1898.45       	2.840395e-17
1898.5        	2.840395e-17
1898.55       	2.840395e-17
1898.6        	2.840395e-17
1898.65       	2.840395e-17
1898.7        	2.840395e-17
1898.75       	2.840395e-17
1898.8        	2.840395e-17
1898.85       	2.840395e-17
1898.9        	2.840395e-17
1898.95       	2.840395e-17
1899          	2.840395e-17
1899.05       	2.840395e-17
1899.1        	2.840395e-17
1899.15       	2.840395e-17
1899.2        	2.840395e-17
1899.25       	2.840395e-17
1899.3        	2.840395e-17
1899.35       	2.840395e-17
1899.4        	2.840395e-17
1899.45       	2.840395e-17
1899.5        	2.840395e-17
1899.55       	2.840395e-17
1899.6        	2.840395e-17
1899.65       	2.840395e-17
1899.7        	2.840395e-17
1899.75       	2.840395e-17
1899.8        	2.840395e-17
1899.85       	2.840395e-17
1899.9        	2.840395e-17
1899.95       	2.840395e-17
1900          	2.840395e-17
1900.05       	2.840395e-17
1900.1        	2.840395e-17
1900.15       	2.840395e-17
1900.2        	2.840395e-17
1900.25       	2.840395e-17
1900.3        	2.840395e-17
1900.35       	2.840395e-17
1900.4        	2.840395e-17
1900.45       	2.840395e-17
1900.5        	2.840395e-17
1900.55       	2.840395e-17
1900.6        	2.840395e-17
1900.65       	2.840395e-17
1900.7        	2.840395e-17
1900.75       	2.840395e-17
1900.8        	2.840395e-17
1900.85       	2.840395e-17
1900.9        	2.840395e-17
1900.95       	2.840395e-17
1901          	2.840395e-17
1901.05       	2.840395e-17
1901.1        	2.840395e-17
1901.15       	2.840395e-17
1901.2        	2.840395e-17
1901.25       	2.840395e-17
1901.3        	2.840395e-17
1901.35       	2.840395e-17
1901.4        	2.840395e-17
1901.45       	2.840395e-17
1901.5        	2.840395e-17
1901.55       	2.840395e-17
1901.6        	2.840395e-17
1901.65       	2.840395e-17
1901.7        	2.840395e-17
1901.75       	2.840395e-17
1901.8        	2.840395e-17
1901.85       	2.840395e-17
1901.9        	2.840395e-17
1901.95       	2.840395e-17
1902          	2.840395e-17
1902.05       	2.840395e-17
1902.1        	2.840395e-17
1902.15       	2.840395e-17
1902.2        	2.840395e-17
1902.25       	2.840395e-17
1902.3        	2.840395e-17
1902.35       	2.840395e-17
1902.4        	2.840395e-17
1902.45       	2.840395e-17
1902.5        	2.840395e-17
1902.55       	2.840395e-17
1902.6        	2.840395e-17
1902.65       	2.840395e-17
1902.7        	2.840395e-17
1902.75       	2.840395e-17
1902.8        	2.840395e-17
1902.85       	2.840395e-17
1902.9        	2.840395e-17
1902.95       	2.840395e-17
1903          	2.840395e-17
1903.05       	2.840395e-17
1903.1        	2.840395e-17
1903.15       	2.840395e-17
1903.2        	2.840395e-17
1903.25       	2.840395e-17
1903.3        	2.840395e-17
1903.35       	2.840395e-17
1903.4        	2.840395e-17
1903.45       	2.840395e-17
1903.5        	2.840395e-17
1903.55       	2.840395e-17
1903.6        	2.840395e-17
1903.65       	2.840395e-17
1903.7        	2.840395e-17
1903.75       	2.840395e-17
1903.8        	2.840395e-17
1903.85       	2.840395e-17
1903.9        	2.840395e-17
1903.95       	2.840395e-17
1904          	2.840395e-17
1904.05       	2.840395e-17
1904.1        	2.840395e-17
1904.15       	2.840395e-17
1904.2        	2.840395e-17
1904.25       	2.840395e-17
1904.3        	2.840395e-17
1904.35       	2.840395e-17
1904.4        	2.840395e-17
1904.45       	2.840395e-17
1904.5        	2.840395e-17
1904.55       	2.840395e-17
1904.6        	2.840395e-17
1904.65       	2.840395e-17
1904.7        	2.840395e-17
1904.75       	2.840395e-17
1904.8        	2.840395e-17
1904.85       	2.840395e-17
1904.9        	2.840395e-17
1904.95       	2.840395e-17
1905          	2.840395e-17
1905.05       	2.840395e-17
1905.1        	2.840395e-17
1905.15       	2.840395e-17
1905.2        	2.840395e-17
1905.25       	2.840395e-17
1905.3        	2.840395e-17
1905.35       	2.840395e-17
1905.4        	2.840395e-17
1905.45       	2.840395e-17
1905.5        	2.840395e-17
1905.55       	2.840395e-17
1905.6        	2.840395e-17
1905.65       	2.840395e-17
1905.7        	2.840395e-17
1905.75       	2.840395e-17
1905.8        	2.840395e-17
1905.85       	2.840395e-17
1905.9        	2.840395e-17
1905.95       	2.840395e-17
1906          	2.840395e-17
1906.05       	2.840395e-17
1906.1        	2.840395e-17
1906.15       	2.840395e-17
1906.2        	2.840395e-17
1906.25       	2.840395e-17
1906.3        	2.840395e-17
1906.35       	2.840395e-17
1906.4        	2.840395e-17
1906.45       	2.840395e-17
1906.5        	2.840395e-17
1906.55       	2.840395e-17
1906.6        	2.840395e-17
1906.65       	2.840395e-17
1906.7        	2.840395e-17
1906.75       	2.840395e-17
1906.8        	2.840395e-17
1906.85       	2.840395e-17
1906.9        	2.840395e-17
1906.95       	2.840395e-17
1907          	2.840395e-17
1907.05       	2.840395e-17
1907.1        	2.840395e-17
1907.15       	2.840395e-17
1907.2        	2.840395e-17
1907.25       	2.840395e-17
1907.3        	2.840395e-17
1907.35       	2.840395e-17
1907.4        	2.840395e-17
1907.45       	2.840395e-17
1907.5        	2.840395e-17
1907.55       	2.840395e-17
1907.6        	2.840395e-17
1907.65       	2.840395e-17
1907.7        	2.840395e-17
1907.75       	2.840395e-17
1907.8        	2.840395e-17
1907.85       	2.840395e-17
1907.9        	2.840395e-17
1907.95       	2.840395e-17
1908          	2.840395e-17
1908.05       	2.840395e-17
1908.1        	2.840395e-17
1908.15       	2.840395e-17
1908.2        	2.840395e-17
1908.25       	2.840395e-17
1908.3        	2.840395e-17
1908.35       	2.840395e-17
1908.4        	2.840395e-17
1908.45       	2.840395e-17
1908.5        	2.840395e-17
1908.55       	2.840395e-17
1908.6        	2.840395e-17
1908.65       	2.840395e-17
1908.7        	2.840395e-17
1908.75       	2.840395e-17
1908.8        	2.840395e-17
1908.85       	2.840395e-17
1908.9        	2.840395e-17
1908.95       	2.840395e-17
1909          	2.840395e-17
1909.05       	2.840395e-17
1909.1        	2.840395e-17
1909.15       	2.840395e-17
1909.2        	2.840395e-17
1909.25       	2.840395e-17
1909.3        	2.840395e-17
1909.35       	2.840395e-17
1909.4        	2.840395e-17
1909.45       	2.840395e-17
1909.5        	2.840395e-17
1909.55       	2.840395e-17
1909.6        	2.840395e-17
1909.65       	2.840395e-17
1909.7        	2.840395e-17
1909.75       	2.840395e-17
1909.8        	2.840395e-17
1909.85       	2.840395e-17
1909.9        	2.840395e-17
1909.95       	2.840395e-17
1910          	2.840395e-17
1910.05       	2.840395e-17
1910.1        	2.840395e-17
1910.15       	2.840395e-17
1910.2        	2.840395e-17
1910.25       	2.840395e-17
1910.3        	2.840395e-17
1910.35       	2.840395e-17
1910.4        	2.840395e-17
1910.45       	2.840395e-17
1910.5        	2.840395e-17
1910.55       	2.840395e-17
1910.6        	2.840395e-17
1910.65       	2.840395e-17
1910.7        	2.840395e-17
1910.75       	2.840395e-17
1910.8        	2.840395e-17
1910.85       	2.840395e-17
1910.9        	2.840395e-17
1910.95       	2.840395e-17
1911          	2.840395e-17
1911.05       	2.840395e-17
1911.1        	2.840395e-17
1911.15       	2.840395e-17
1911.2        	2.840395e-17
1911.25       	2.840395e-17
1911.3        	2.840395e-17
1911.35       	2.840395e-17
1911.4        	2.840395e-17
1911.45       	2.840395e-17
1911.5        	2.840395e-17
1911.55       	2.840395e-17
1911.6        	2.840395e-17
1911.65       	2.840395e-17
1911.7        	2.840395e-17
1911.75       	2.840395e-17
1911.8        	2.840395e-17
1911.85       	2.840395e-17
1911.9        	2.840395e-17
1911.95       	2.840395e-17
1912          	2.840395e-17
1912.05       	2.840395e-17
1912.1        	2.840395e-17
1912.15       	2.840395e-17
1912.2        	2.840395e-17
1912.25       	2.840395e-17
1912.3        	2.840395e-17
1912.35       	2.840395e-17
1912.4        	2.840395e-17
1912.45       	2.840395e-17
1912.5        	2.840395e-17
1912.55       	2.840395e-17
1912.6        	2.840395e-17
1912.65       	2.840395e-17
1912.7        	2.840395e-17
1912.75       	2.840395e-17
1912.8        	2.840395e-17
1912.85       	2.840395e-17
1912.9        	2.840395e-17
1912.95       	2.840395e-17
1913          	2.840395e-17
1913.05       	2.840395e-17
1913.1        	2.840395e-17
1913.15       	2.840395e-17
1913.2        	2.840395e-17
1913.25       	2.840395e-17
1913.3        	2.840395e-17
1913.35       	2.840395e-17
1913.4        	2.840395e-17
1913.45       	2.840395e-17
1913.5        	2.840395e-17
1913.55       	2.840395e-17
1913.6        	2.840395e-17
1913.65       	2.840395e-17
1913.7        	2.840395e-17
1913.75       	2.840395e-17
1913.8        	2.840395e-17
1913.85       	2.840395e-17
1913.9        	2.840395e-17
1913.95       	2.840395e-17
1914          	2.840395e-17
1914.05       	2.840395e-17
1914.1        	2.840395e-17
1914.15       	2.840395e-17
1914.2        	2.840395e-17
1914.25       	2.840395e-17
1914.3        	2.840395e-17
1914.35       	2.840395e-17
1914.4        	2.840395e-17
1914.45       	2.840395e-17
1914.5        	2.840395e-17
1914.55       	2.840395e-17
1914.6        	2.840395e-17
1914.65       	2.840395e-17
1914.7        	2.840395e-17
1914.75       	2.840395e-17
1914.8        	2.840395e-17
1914.85       	2.840395e-17
1914.9        	2.840395e-17
1914.95       	2.840395e-17
1915          	2.840395e-17
1915.05       	2.840395e-17
1915.1        	2.840395e-17
1915.15       	2.840395e-17
1915.2        	2.840395e-17
1915.25       	2.840395e-17
1915.3        	2.840395e-17
1915.35       	2.840395e-17
1915.4        	2.840395e-17
1915.45       	2.840395e-17
1915.5        	2.840395e-17
1915.55       	2.840395e-17
1915.6        	2.840395e-17
1915.65       	2.840395e-17
1915.7        	2.840395e-17
1915.75       	2.840395e-17
1915.8        	2.840395e-17
1915.85       	2.840395e-17
1915.9        	2.840395e-17
1915.95       	2.840395e-17
1916          	2.840395e-17
1916.05       	2.840395e-17
1916.1        	2.840395e-17
1916.15       	2.840395e-17
1916.2        	2.840395e-17
1916.25       	2.840395e-17
1916.3        	2.840395e-17
1916.35       	2.840395e-17
1916.4        	2.840395e-17
1916.45       	2.840395e-17
1916.5        	2.840395e-17
1916.55       	2.840395e-17
1916.6        	2.840395e-17
1916.65       	2.840395e-17
1916.7        	2.840395e-17
1916.75       	2.840395e-17
1916.8        	2.840395e-17
1916.85       	2.840395e-17
1916.9        	2.840395e-17
1916.95       	2.840395e-17
1917          	2.840395e-17
1917.05       	2.840395e-17
1917.1        	2.840395e-17
1917.15       	2.840395e-17
1917.2        	2.840395e-17
1917.25       	2.840395e-17
1917.3        	2.840395e-17
1917.35       	2.840395e-17
1917.4        	2.840395e-17
1917.45       	2.840395e-17
1917.5        	2.840395e-17
1917.55       	2.840395e-17
1917.6        	2.840395e-17
1917.65       	2.840395e-17
1917.7        	2.840395e-17
1917.75       	2.840395e-17
1917.8        	2.840395e-17
1917.85       	2.840395e-17
1917.9        	2.840395e-17
1917.95       	2.840395e-17
1918          	2.840395e-17
1918.05       	2.840395e-17
1918.1        	2.840395e-17
1918.15       	2.840395e-17
1918.2        	2.840395e-17
1918.25       	2.840395e-17
1918.3        	2.840395e-17
1918.35       	2.840395e-17
1918.4        	2.840395e-17
1918.45       	2.840395e-17
1918.5        	2.840395e-17
1918.55       	2.840395e-17
1918.6        	2.840395e-17
1918.65       	2.840395e-17
1918.7        	2.840395e-17
1918.75       	2.840395e-17
1918.8        	2.840395e-17
1918.85       	2.840395e-17
1918.9        	2.840395e-17
1918.95       	2.840395e-17
1919          	2.840395e-17
1919.05       	2.840395e-17
1919.1        	2.840395e-17
1919.15       	2.840395e-17
1919.2        	2.840395e-17
1919.25       	2.840395e-17
1919.3        	2.840395e-17
1919.35       	2.840395e-17
1919.4        	2.840395e-17
1919.45       	2.840395e-17
1919.5        	2.840395e-17
1919.55       	2.840395e-17
1919.6        	2.840395e-17
1919.65       	2.840395e-17
1919.7        	2.840395e-17
1919.75       	2.840395e-17
1919.8        	2.840395e-17
1919.85       	2.840395e-17
1919.9        	2.840395e-17
1919.95       	2.840395e-17
1920          	2.840395e-17
1920.05       	2.840395e-17
1920.1        	2.840395e-17
1920.15       	2.840395e-17
1920.2        	2.840395e-17
1920.25       	2.840395e-17
1920.3        	2.840395e-17
1920.35       	2.840395e-17
1920.4        	2.840395e-17
1920.45       	2.840395e-17
1920.5        	2.840395e-17
1920.55       	2.840395e-17
1920.6        	2.840395e-17
1920.65       	2.840395e-17
1920.7        	2.840395e-17
1920.75       	2.840395e-17
1920.8        	2.840395e-17
1920.85       	2.840395e-17
1920.9        	2.840395e-17
1920.95       	2.840395e-17
1921          	2.840395e-17
1921.05       	2.840395e-17
1921.1        	2.840395e-17
1921.15       	2.840395e-17
1921.2        	2.840395e-17
1921.25       	2.840395e-17
1921.3        	2.840395e-17
1921.35       	2.840395e-17
1921.4        	2.840395e-17
1921.45       	2.840395e-17
1921.5        	2.840395e-17
1921.55       	2.840395e-17
1921.6        	2.840395e-17
1921.65       	2.840395e-17
1921.7        	2.840395e-17
1921.75       	2.840395e-17
1921.8        	2.840395e-17
1921.85       	2.840395e-17
1921.9        	2.840395e-17
1921.95       	2.840395e-17
1922          	2.840395e-17
1922.05       	2.840395e-17
1922.1        	2.840395e-17
1922.15       	2.840395e-17
1922.2        	2.840395e-17
1922.25       	2.840395e-17
1922.3        	2.840395e-17
1922.35       	2.840395e-17
1922.4        	2.840395e-17
1922.45       	2.840395e-17
1922.5        	2.840395e-17
1922.55       	2.840395e-17
1922.6        	2.840395e-17
1922.65       	2.840395e-17
1922.7        	2.840395e-17
1922.75       	2.840395e-17
1922.8        	2.840395e-17
1922.85       	2.840395e-17
1922.9        	2.840395e-17
1922.95       	2.840395e-17
1923          	2.840395e-17
1923.05       	2.840395e-17
1923.1        	2.840395e-17
1923.15       	2.840395e-17
1923.2        	2.840395e-17
1923.25       	2.840395e-17
1923.3        	2.840395e-17
1923.35       	2.840395e-17
1923.4        	2.840395e-17
1923.45       	2.840395e-17
1923.5        	2.840395e-17
1923.55       	2.840395e-17
1923.6        	2.840395e-17
1923.65       	2.840395e-17
1923.7        	2.840395e-17
1923.75       	2.840395e-17
1923.8        	2.840395e-17
1923.85       	2.840395e-17
1923.9        	2.840395e-17
1923.95       	2.840395e-17
1924          	2.840395e-17
1924.05       	2.840395e-17
1924.1        	2.840395e-17
1924.15       	2.840395e-17
1924.2        	2.840395e-17
1924.25       	2.840395e-17
1924.3        	2.840395e-17
1924.35       	2.840395e-17
1924.4        	2.840395e-17
1924.45       	2.840395e-17
1924.5        	2.840395e-17
1924.55       	2.840395e-17
1924.6        	2.840395e-17
1924.65       	2.840395e-17
1924.7        	2.840395e-17
1924.75       	2.840395e-17
1924.8        	2.840395e-17
1924.85       	2.840395e-17
1924.9        	2.840395e-17
1924.95       	2.840395e-17
1925          	2.840395e-17
1925.05       	2.840395e-17
1925.1        	2.840395e-17
1925.15       	2.840395e-17
1925.2        	2.840395e-17
1925.25       	2.840395e-17
1925.3        	2.840395e-17
1925.35       	2.840395e-17
1925.4        	2.840395e-17
1925.45       	2.840395e-17
1925.5        	2.840395e-17
1925.55       	2.840395e-17
1925.6        	2.840395e-17
1925.65       	2.840395e-17
1925.7        	2.840395e-17
1925.75       	2.840395e-17
1925.8        	2.840395e-17
1925.85       	2.840395e-17
1925.9        	2.840395e-17
1925.95       	2.840395e-17
1926          	2.840395e-17
1926.05       	2.840395e-17
1926.1        	2.840395e-17
1926.15       	2.840395e-17
1926.2        	2.840395e-17
1926.25       	2.840395e-17
1926.3        	2.840395e-17
1926.35       	2.840395e-17
1926.4        	2.840395e-17
1926.45       	2.840395e-17
1926.5        	2.840395e-17
1926.55       	2.840395e-17
1926.6        	2.840395e-17
1926.65       	2.840395e-17
1926.7        	2.840395e-17
1926.75       	2.840395e-17
1926.8        	2.840395e-17
1926.85       	2.840395e-17
1926.9        	2.840395e-17
1926.95       	2.840395e-17
1927          	2.840395e-17
1927.05       	2.840395e-17
1927.1        	2.840395e-17
1927.15       	2.840395e-17
1927.2        	2.840395e-17
1927.25       	2.840395e-17
1927.3        	2.840395e-17
1927.35       	2.840395e-17
1927.4        	2.840395e-17
1927.45       	2.840395e-17
1927.5        	2.840395e-17
1927.55       	2.840395e-17
1927.6        	2.840395e-17
1927.65       	2.840395e-17
1927.7        	2.840395e-17
1927.75       	2.840395e-17
1927.8        	2.840395e-17
1927.85       	2.840395e-17
1927.9        	2.840395e-17
1927.95       	2.840395e-17
1928          	2.840395e-17
1928.05       	2.840395e-17
1928.1        	2.840395e-17
1928.15       	2.840395e-17
1928.2        	2.840395e-17
1928.25       	2.840395e-17
1928.3        	2.840395e-17
1928.35       	2.840395e-17
1928.4        	2.840395e-17
1928.45       	2.840395e-17
1928.5        	2.840395e-17
1928.55       	2.840395e-17
1928.6        	2.840395e-17
1928.65       	2.840395e-17
1928.7        	2.840395e-17
1928.75       	2.840395e-17
1928.8        	2.840395e-17
1928.85       	2.840395e-17
1928.9        	2.840395e-17
1928.95       	2.840395e-17
1929          	2.840395e-17
1929.05       	2.840395e-17
1929.1        	2.840395e-17
1929.15       	2.840395e-17
1929.2        	2.840395e-17
1929.25       	2.840395e-17
1929.3        	2.840395e-17
1929.35       	2.840395e-17
1929.4        	2.840395e-17
1929.45       	2.840395e-17
1929.5        	2.840395e-17
1929.55       	2.840395e-17
1929.6        	2.840395e-17
1929.65       	2.840395e-17
1929.7        	2.840395e-17
1929.75       	2.840395e-17
1929.8        	2.840395e-17
1929.85       	2.840395e-17
1929.9        	2.840395e-17
1929.95       	2.840395e-17
1930          	2.840395e-17
1930.05       	2.840395e-17
1930.1        	2.840395e-17
1930.15       	2.840395e-17
1930.2        	2.840395e-17
1930.25       	2.840395e-17
1930.3        	2.840395e-17
1930.35       	2.840395e-17
1930.4        	2.840395e-17
1930.45       	2.840395e-17
1930.5        	2.840395e-17
1930.55       	2.840395e-17
1930.6        	2.840395e-17
1930.65       	2.840395e-17
1930.7        	2.840395e-17
1930.75       	2.840395e-17
1930.8        	2.840395e-17
1930.85       	2.840395e-17
1930.9        	2.840395e-17
1930.95       	2.840395e-17
1931          	2.840395e-17
1931.05       	2.840395e-17
1931.1        	2.840395e-17
1931.15       	2.840395e-17
1931.2        	2.840395e-17
1931.25       	2.840395e-17
1931.3        	2.840395e-17
1931.35       	2.840395e-17
1931.4        	2.840395e-17
1931.45       	2.840395e-17
1931.5        	2.840395e-17
1931.55       	2.840395e-17
1931.6        	2.840395e-17
1931.65       	2.840395e-17
1931.7        	2.840395e-17
1931.75       	2.840395e-17
1931.8        	2.840395e-17
1931.85       	2.840395e-17
1931.9        	2.840395e-17
1931.95       	2.840395e-17
1932          	2.840395e-17
1932.05       	2.840395e-17
1932.1        	2.840395e-17
1932.15       	2.840395e-17
1932.2        	2.840395e-17
1932.25       	2.840395e-17
1932.3        	2.840395e-17
1932.35       	2.840395e-17
1932.4        	2.840395e-17
1932.45       	2.840395e-17
1932.5        	2.840395e-17
1932.55       	2.840395e-17
1932.6        	2.840395e-17
1932.65       	2.840395e-17
1932.7        	2.840395e-17
1932.75       	2.840395e-17
1932.8        	2.840395e-17
1932.85       	2.840395e-17
1932.9        	2.840395e-17
1932.95       	2.840395e-17
1933          	2.840395e-17
1933.05       	2.840395e-17
1933.1        	2.840395e-17
1933.15       	2.840395e-17
1933.2        	2.840395e-17
1933.25       	2.840395e-17
1933.3        	2.840395e-17
1933.35       	2.840395e-17
1933.4        	2.840395e-17
1933.45       	2.840395e-17
1933.5        	2.840395e-17
1933.55       	2.840395e-17
1933.6        	2.840395e-17
1933.65       	2.840395e-17
1933.7        	2.840395e-17
1933.75       	2.840395e-17
1933.8        	2.840395e-17
1933.85       	2.840395e-17
1933.9        	2.840395e-17
1933.95       	2.840395e-17
1934          	2.840395e-17
1934.05       	2.840395e-17
1934.1        	2.840395e-17
1934.15       	2.840395e-17
1934.2        	2.840395e-17
1934.25       	2.840395e-17
1934.3        	2.840395e-17
1934.35       	2.840395e-17
1934.4        	2.840395e-17
1934.45       	2.840395e-17
1934.5        	2.840395e-17
1934.55       	2.840395e-17
1934.6        	2.840395e-17
1934.65       	2.840395e-17
1934.7        	2.840395e-17
1934.75       	2.840395e-17
1934.8        	2.840395e-17
1934.85       	2.840395e-17
1934.9        	2.840395e-17
1934.95       	2.840395e-17
1935          	2.840395e-17
1935.05       	2.840395e-17
1935.1        	2.840395e-17
1935.15       	2.840395e-17
1935.2        	2.840395e-17
1935.25       	2.840395e-17
1935.3        	2.840395e-17
1935.35       	2.840395e-17
1935.4        	2.840395e-17
1935.45       	2.840395e-17
1935.5        	2.840395e-17
1935.55       	2.840395e-17
1935.6        	2.840395e-17
1935.65       	2.840395e-17
1935.7        	2.840395e-17
1935.75       	2.840395e-17
1935.8        	2.840395e-17
1935.85       	2.840395e-17
1935.9        	2.840395e-17
1935.95       	2.840395e-17
1936          	2.840395e-17
1936.05       	2.840395e-17
1936.1        	2.840395e-17
1936.15       	2.840395e-17
1936.2        	2.840395e-17
1936.25       	2.840395e-17
1936.3        	2.840395e-17
1936.35       	2.840395e-17
1936.4        	2.840395e-17
1936.45       	2.840395e-17
1936.5        	2.840395e-17
1936.55       	2.840395e-17
1936.6        	2.840395e-17
1936.65       	2.840395e-17
1936.7        	2.840395e-17
1936.75       	2.840395e-17
1936.8        	2.840395e-17
1936.85       	2.840395e-17
1936.9        	2.840395e-17
1936.95       	2.840395e-17
1937          	2.840395e-17
1937.05       	2.840395e-17
1937.1        	2.840395e-17
1937.15       	2.840395e-17
1937.2        	2.840395e-17
1937.25       	2.840395e-17
1937.3        	2.840395e-17
1937.35       	2.840395e-17
1937.4        	2.840395e-17
1937.45       	2.840395e-17
1937.5        	2.840395e-17
1937.55       	2.840395e-17
1937.6        	2.840395e-17
1937.65       	2.840395e-17
1937.7        	2.840395e-17
1937.75       	2.840395e-17
1937.8        	2.840395e-17
1937.85       	2.840395e-17
1937.9        	2.840395e-17
1937.95       	2.840395e-17
1938          	2.840395e-17
1938.05       	2.840395e-17
1938.1        	2.840395e-17
1938.15       	2.840395e-17
1938.2        	2.840395e-17
1938.25       	2.840395e-17
1938.3        	2.840395e-17
1938.35       	2.840395e-17
1938.4        	2.840395e-17
1938.45       	2.840395e-17
1938.5        	2.840395e-17
1938.55       	2.840395e-17
1938.6        	2.840395e-17
1938.65       	2.840395e-17
1938.7        	2.840395e-17
1938.75       	2.840395e-17
1938.8        	2.840395e-17
1938.85       	2.840395e-17
1938.9        	2.840395e-17
1938.95       	2.840395e-17
1939          	2.840395e-17
1939.05       	2.840395e-17
1939.1        	2.840395e-17
1939.15       	2.840395e-17
1939.2        	2.840395e-17
1939.25       	2.840395e-17
1939.3        	2.840395e-17
1939.35       	2.840395e-17
1939.4        	2.840395e-17
1939.45       	2.840395e-17
1939.5        	2.840395e-17
1939.55       	2.840395e-17
1939.6        	2.840395e-17
1939.65       	2.840395e-17
1939.7        	2.840395e-17
1939.75       	2.840395e-17
1939.8        	2.840395e-17
1939.85       	2.840395e-17
1939.9        	2.840395e-17
1939.95       	2.840395e-17
1940          	2.840395e-17
1940.05       	2.840395e-17
1940.1        	2.840395e-17
1940.15       	2.840395e-17
1940.2        	2.840395e-17
1940.25       	2.840395e-17
1940.3        	2.840395e-17
1940.35       	2.840395e-17
1940.4        	2.840395e-17
1940.45       	2.840395e-17
1940.5        	2.840395e-17
1940.55       	2.840395e-17
1940.6        	2.840395e-17
1940.65       	2.840395e-17
1940.7        	2.840395e-17
1940.75       	2.840395e-17
1940.8        	2.840395e-17
1940.85       	2.840395e-17
1940.9        	2.840395e-17
1940.95       	2.840395e-17
1941          	2.840395e-17
1941.05       	2.840395e-17
1941.1        	2.840395e-17
1941.15       	2.840395e-17
1941.2        	2.840395e-17
1941.25       	2.840395e-17
1941.3        	2.840395e-17
1941.35       	2.840395e-17
1941.4        	2.840395e-17
1941.45       	2.840395e-17
1941.5        	2.840395e-17
1941.55       	2.840395e-17
1941.6        	2.840395e-17
1941.65       	2.840395e-17
1941.7        	2.840395e-17
1941.75       	2.840395e-17
1941.8        	2.840395e-17
1941.85       	2.840395e-17
1941.9        	2.840395e-17
1941.95       	2.840395e-17
1942          	2.840395e-17
1942.05       	2.840395e-17
1942.1        	2.840395e-17
1942.15       	2.840395e-17
1942.2        	2.840395e-17
1942.25       	2.840395e-17
1942.3        	2.840395e-17
1942.35       	2.840395e-17
1942.4        	2.840395e-17
1942.45       	2.840395e-17
1942.5        	2.840395e-17
1942.55       	2.840395e-17
1942.6        	2.840395e-17
1942.65       	2.840395e-17
1942.7        	2.840395e-17
1942.75       	2.840395e-17
1942.8        	2.840395e-17
1942.85       	2.840395e-17
1942.9        	2.840395e-17
1942.95       	2.840395e-17
1943          	2.840395e-17
1943.05       	2.840395e-17
1943.1        	2.840395e-17
1943.15       	2.840395e-17
1943.2        	2.840395e-17
1943.25       	2.840395e-17
1943.3        	2.840395e-17
1943.35       	2.840395e-17
1943.4        	2.840395e-17
1943.45       	2.840395e-17
1943.5        	2.840395e-17
1943.55       	2.840395e-17
1943.6        	2.840395e-17
1943.65       	2.840395e-17
1943.7        	2.840395e-17
1943.75       	2.840395e-17
1943.8        	2.840395e-17
1943.85       	2.840395e-17
1943.9        	2.840395e-17
1943.95       	2.840395e-17
1944          	2.840395e-17
1944.05       	2.840395e-17
1944.1        	2.840395e-17
1944.15       	2.840395e-17
1944.2        	2.840395e-17
1944.25       	2.840395e-17
1944.3        	2.840395e-17
1944.35       	2.840395e-17
1944.4        	2.840395e-17
1944.45       	2.840395e-17
1944.5        	2.840395e-17
1944.55       	2.840395e-17
1944.6        	2.840395e-17
1944.65       	2.840395e-17
1944.7        	2.840395e-17
1944.75       	2.840395e-17
1944.8        	2.840395e-17
1944.85       	2.840395e-17
1944.9        	2.840395e-17
1944.95       	2.840395e-17
1945          	2.840395e-17
1945.05       	2.840395e-17
1945.1        	2.840395e-17
1945.15       	2.840395e-17
1945.2        	2.840395e-17
1945.25       	2.840395e-17
1945.3        	2.840395e-17
1945.35       	2.840395e-17
1945.4        	2.840395e-17
1945.45       	2.840395e-17
1945.5        	2.840395e-17
1945.55       	2.840395e-17
1945.6        	2.840395e-17
1945.65       	2.840395e-17
1945.7        	2.840395e-17
1945.75       	2.840395e-17
1945.8        	2.840395e-17
1945.85       	2.840395e-17
1945.9        	2.840395e-17
1945.95       	2.840395e-17
1946          	2.840395e-17
1946.05       	2.840395e-17
1946.1        	2.840395e-17
1946.15       	2.840395e-17
1946.2        	2.840395e-17
1946.25       	2.840395e-17
1946.3        	2.840395e-17
1946.35       	2.840395e-17
1946.4        	2.840395e-17
1946.45       	2.840395e-17
1946.5        	2.840395e-17
1946.55       	2.840395e-17
1946.6        	2.840395e-17
1946.65       	2.840395e-17
1946.7        	2.840395e-17
1946.75       	2.840395e-17
1946.8        	2.840395e-17
1946.85       	2.840395e-17
1946.9        	2.840395e-17
1946.95       	2.840395e-17
1947          	2.840395e-17
1947.05       	2.840395e-17
1947.1        	2.840395e-17
1947.15       	2.840395e-17
1947.2        	2.840395e-17
1947.25       	2.840395e-17
1947.3        	2.840395e-17
1947.35       	2.840395e-17
1947.4        	2.840395e-17
1947.45       	2.840395e-17
1947.5        	2.840395e-17
1947.55       	2.840395e-17
1947.6        	2.840395e-17
1947.65       	2.840395e-17
1947.7        	2.840395e-17
1947.75       	2.840395e-17
1947.8        	2.840395e-17
1947.85       	2.840395e-17
1947.9        	2.840395e-17
1947.95       	2.840395e-17
1948          	2.840395e-17
1948.05       	2.840395e-17
1948.1        	2.840395e-17
1948.15       	2.840395e-17
1948.2        	2.840395e-17
1948.25       	2.840395e-17
1948.3        	2.840395e-17
1948.35       	2.840395e-17
1948.4        	2.840395e-17
1948.45       	2.840395e-17
1948.5        	2.840395e-17
1948.55       	2.840395e-17
1948.6        	2.840395e-17
1948.65       	2.840395e-17
1948.7        	2.840395e-17
1948.75       	2.840395e-17
1948.8        	2.840395e-17
1948.85       	2.840395e-17
1948.9        	2.840395e-17
1948.95       	2.840395e-17
1949          	2.840395e-17
1949.05       	2.840395e-17
1949.1        	2.840395e-17
1949.15       	2.840395e-17
1949.2        	2.840395e-17
1949.25       	2.840395e-17
1949.3        	2.840395e-17
1949.35       	2.840395e-17
1949.4        	2.840395e-17
1949.45       	2.840395e-17
1949.5        	2.840395e-17
1949.55       	2.840395e-17
1949.6        	2.840395e-17
1949.65       	2.840395e-17
1949.7        	2.840395e-17
1949.75       	2.840395e-17
1949.8        	2.840395e-17
1949.85       	2.840395e-17
1949.9        	2.840395e-17
1949.95       	2.840395e-17
1950          	2.840395e-17
1950.05       	2.840395e-17
1950.1        	2.840395e-17
1950.15       	2.840395e-17
1950.2        	2.840395e-17
1950.25       	2.840395e-17
1950.3        	2.840395e-17
1950.35       	2.840395e-17
1950.4        	2.840395e-17
1950.45       	2.840395e-17
1950.5        	2.840395e-17
1950.55       	2.840395e-17
1950.6        	2.840395e-17
1950.65       	2.840395e-17
1950.7        	2.840395e-17
1950.75       	2.840395e-17
1950.8        	2.840395e-17
1950.85       	2.840395e-17
1950.9        	2.840395e-17
1950.95       	2.840395e-17
1951          	2.840395e-17
1951.05       	2.840395e-17
1951.1        	2.840395e-17
1951.15       	2.840395e-17
1951.2        	2.840395e-17
1951.25       	2.840395e-17
1951.3        	2.840395e-17
1951.35       	2.840395e-17
1951.4        	2.840395e-17
1951.45       	2.840395e-17
1951.5        	2.840395e-17
1951.55       	2.840395e-17
1951.6        	2.840395e-17
1951.65       	2.840395e-17
1951.7        	2.840395e-17
1951.75       	2.840395e-17
1951.8        	2.840395e-17
1951.85       	2.840395e-17
1951.9        	2.840395e-17
1951.95       	2.840395e-17
1952          	2.840395e-17
1952.05       	2.840395e-17
1952.1        	2.840395e-17
1952.15       	2.840395e-17
1952.2        	2.840395e-17
1952.25       	2.840395e-17
1952.3        	2.840395e-17
1952.35       	2.840395e-17
1952.4        	2.840395e-17
1952.45       	2.840395e-17
1952.5        	2.840395e-17
1952.55       	2.840395e-17
1952.6        	2.840395e-17
1952.65       	2.840395e-17
1952.7        	2.840395e-17
1952.75       	2.840395e-17
1952.8        	2.840395e-17
1952.85       	2.840395e-17
1952.9        	2.840395e-17
1952.95       	2.840395e-17
1953          	2.840395e-17
1953.05       	2.840395e-17
1953.1        	2.840395e-17
1953.15       	2.840395e-17
1953.2        	2.840395e-17
1953.25       	2.840395e-17
1953.3        	2.840395e-17
1953.35       	2.840395e-17
1953.4        	2.840395e-17
1953.45       	2.840395e-17
1953.5        	2.840395e-17
1953.55       	2.840395e-17
1953.6        	2.840395e-17
1953.65       	2.840395e-17
1953.7        	2.840395e-17
1953.75       	2.840395e-17
1953.8        	2.840395e-17
1953.85       	2.840395e-17
1953.9        	2.840395e-17
1953.95       	2.840395e-17
1954          	2.840395e-17
1954.05       	2.840395e-17
1954.1        	2.840395e-17
1954.15       	2.840395e-17
1954.2        	2.840395e-17
1954.25       	2.840395e-17
1954.3        	2.840395e-17
1954.35       	2.840395e-17
1954.4        	2.840395e-17
1954.45       	2.840395e-17
1954.5        	2.840395e-17
1954.55       	2.840395e-17
1954.6        	2.840395e-17
1954.65       	2.840395e-17
1954.7        	2.840395e-17
1954.75       	2.840395e-17
1954.8        	2.840395e-17
1954.85       	2.840395e-17
1954.9        	2.840395e-17
1954.95       	2.840395e-17
1955          	2.840395e-17
1955.05       	2.840395e-17
1955.1        	2.840395e-17
1955.15       	2.840395e-17
1955.2        	2.840395e-17
1955.25       	2.840395e-17
1955.3        	2.840395e-17
1955.35       	2.840395e-17
1955.4        	2.840395e-17
1955.45       	2.840395e-17
1955.5        	2.840395e-17
1955.55       	2.840395e-17
1955.6        	2.840395e-17
1955.65       	2.840395e-17
1955.7        	2.840395e-17
1955.75       	2.840395e-17
1955.8        	2.840395e-17
1955.85       	2.840395e-17
1955.9        	2.840395e-17
1955.95       	2.840395e-17
1956          	2.840395e-17
1956.05       	2.840395e-17
1956.1        	2.840395e-17
1956.15       	2.840395e-17
1956.2        	2.840395e-17
1956.25       	2.840395e-17
1956.3        	2.840395e-17
1956.35       	2.840395e-17
1956.4        	2.840395e-17
1956.45       	2.840395e-17
1956.5        	2.840395e-17
1956.55       	2.840395e-17
1956.6        	2.840395e-17
1956.65       	2.840395e-17
1956.7        	2.840395e-17
1956.75       	2.840395e-17
1956.8        	2.840395e-17
1956.85       	2.840395e-17
1956.9        	2.840395e-17
1956.95       	2.840395e-17
1957          	2.840395e-17
1957.05       	2.840395e-17
1957.1        	2.840395e-17
1957.15       	2.840395e-17
1957.2        	2.840395e-17
1957.25       	2.840395e-17
1957.3        	2.840395e-17
1957.35       	2.840395e-17
1957.4        	2.840395e-17
1957.45       	2.840395e-17
1957.5        	2.840395e-17
1957.55       	2.840395e-17
1957.6        	2.840395e-17
1957.65       	2.840395e-17
1957.7        	2.840395e-17
1957.75       	2.840395e-17
1957.8        	2.840395e-17
1957.85       	2.840395e-17
1957.9        	2.840395e-17
1957.95       	2.840395e-17
1958          	2.840395e-17
1958.05       	2.840395e-17
1958.1        	2.840395e-17
1958.15       	2.840395e-17
1958.2        	2.840395e-17
1958.25       	2.840395e-17
1958.3        	2.840395e-17
1958.35       	2.840395e-17
1958.4        	2.840395e-17
1958.45       	2.840395e-17
1958.5        	2.840395e-17
1958.55       	2.840395e-17
1958.6        	2.840395e-17
1958.65       	2.840395e-17
1958.7        	2.840395e-17
1958.75       	2.840395e-17
1958.8        	2.840395e-17
1958.85       	2.840395e-17
1958.9        	2.840395e-17
1958.95       	2.840395e-17
1959          	2.840395e-17
1959.05       	2.840395e-17
1959.1        	2.840395e-17
1959.15       	2.840395e-17
1959.2        	2.840395e-17
1959.25       	2.840395e-17
1959.3        	2.840395e-17
1959.35       	2.840395e-17
1959.4        	2.840395e-17
1959.45       	2.840395e-17
1959.5        	2.840395e-17
1959.55       	2.840395e-17
1959.6        	2.840395e-17
1959.65       	2.840395e-17
1959.7        	2.840395e-17
1959.75       	2.840395e-17
1959.8        	2.840395e-17
1959.85       	2.840395e-17
1959.9        	2.840395e-17
1959.95       	2.840395e-17
1960          	2.840395e-17
1960.05       	2.840395e-17
1960.1        	2.840395e-17
1960.15       	2.840395e-17
1960.2        	2.840395e-17
1960.25       	2.840395e-17
1960.3        	2.840395e-17
1960.35       	2.840395e-17
1960.4        	2.840395e-17
1960.45       	2.840395e-17
1960.5        	2.840395e-17
1960.55       	2.840395e-17
1960.6        	2.840395e-17
1960.65       	2.840395e-17
1960.7        	2.840395e-17
1960.75       	2.840395e-17
1960.8        	2.840395e-17
1960.85       	2.840395e-17
1960.9        	2.840395e-17
1960.95       	2.840395e-17
1961          	2.840395e-17
1961.05       	2.840395e-17
1961.1        	2.840395e-17
1961.15       	2.840395e-17
1961.2        	2.840395e-17
1961.25       	2.840395e-17
1961.3        	2.840395e-17
1961.35       	2.840395e-17
1961.4        	2.840395e-17
1961.45       	2.840395e-17
1961.5        	2.840395e-17
1961.55       	2.840395e-17
1961.6        	2.840395e-17
1961.65       	2.840395e-17
1961.7        	2.840395e-17
1961.75       	2.840395e-17
1961.8        	2.840395e-17
1961.85       	2.840395e-17
1961.9        	2.840395e-17
1961.95       	2.840395e-17
1962          	2.840395e-17
1962.05       	2.840395e-17
1962.1        	2.840395e-17
1962.15       	2.840395e-17
1962.2        	2.840395e-17
1962.25       	2.840395e-17
1962.3        	2.840395e-17
1962.35       	2.840395e-17
1962.4        	2.840395e-17
1962.45       	2.840395e-17
1962.5        	2.840395e-17
1962.55       	2.840395e-17
1962.6        	2.840395e-17
1962.65       	2.840395e-17
1962.7        	2.840395e-17
1962.75       	2.840395e-17
1962.8        	2.840395e-17
1962.85       	2.840395e-17
1962.9        	2.840395e-17
1962.95       	2.840395e-17
1963          	2.840395e-17
1963.05       	2.840395e-17
1963.1        	2.840395e-17
1963.15       	2.840395e-17
1963.2        	2.840395e-17
1963.25       	2.840395e-17
1963.3        	2.840395e-17
1963.35       	2.840395e-17
1963.4        	2.840395e-17
1963.45       	2.840395e-17
1963.5        	2.840395e-17
1963.55       	2.840395e-17
1963.6        	2.840395e-17
1963.65       	2.840395e-17
1963.7        	2.840395e-17
1963.75       	2.840395e-17
1963.8        	2.840395e-17
1963.85       	2.840395e-17
1963.9        	2.840395e-17
1963.95       	2.840395e-17
1964          	2.840395e-17
1964.05       	2.840395e-17
1964.1        	2.840395e-17
1964.15       	2.840395e-17
1964.2        	2.840395e-17
1964.25       	2.840395e-17
1964.3        	2.840395e-17
1964.35       	2.840395e-17
1964.4        	2.840395e-17
1964.45       	2.840395e-17
1964.5        	2.840395e-17
1964.55       	2.840395e-17
1964.6        	2.840395e-17
1964.65       	2.840395e-17
1964.7        	2.840395e-17
1964.75       	2.840395e-17
1964.8        	2.840395e-17
1964.85       	2.840395e-17
1964.9        	2.840395e-17
1964.95       	2.840395e-17
1965          	2.840395e-17
1965.05       	2.840395e-17
1965.1        	2.840395e-17
1965.15       	2.840395e-17
1965.2        	2.840395e-17
1965.25       	2.840395e-17
1965.3        	2.840395e-17
1965.35       	2.840395e-17
1965.4        	2.840395e-17
1965.45       	2.840395e-17
1965.5        	2.840395e-17
1965.55       	2.840395e-17
1965.6        	2.840395e-17
1965.65       	2.840395e-17
1965.7        	2.840395e-17
1965.75       	2.840395e-17
1965.8        	2.840395e-17
1965.85       	2.840395e-17
1965.9        	2.840395e-17
1965.95       	2.840395e-17
1966          	2.840395e-17
1966.05       	2.840395e-17
1966.1        	2.840395e-17
1966.15       	2.840395e-17
1966.2        	2.840395e-17
1966.25       	2.840395e-17
1966.3        	2.840395e-17
1966.35       	2.840395e-17
1966.4        	2.840395e-17
1966.45       	2.840395e-17
1966.5        	2.840395e-17
1966.55       	2.840395e-17
1966.6        	2.840395e-17
1966.65       	2.840395e-17
1966.7        	2.840395e-17
1966.75       	2.840395e-17
1966.8        	2.840395e-17
1966.85       	2.840395e-17
1966.9        	2.840395e-17
1966.95       	2.840395e-17
1967          	2.840395e-17
1967.05       	2.840395e-17
1967.1        	2.840395e-17
1967.15       	2.840395e-17
1967.2        	2.840395e-17
1967.25       	2.840395e-17
1967.3        	2.840395e-17
1967.35       	2.840395e-17
1967.4        	2.840395e-17
1967.45       	2.840395e-17
1967.5        	2.840395e-17
1967.55       	2.840395e-17
1967.6        	2.840395e-17
1967.65       	2.840395e-17
1967.7        	2.840395e-17
1967.75       	2.840395e-17
1967.8        	2.840395e-17
1967.85       	2.840395e-17
1967.9        	2.840395e-17
1967.95       	2.840395e-17
1968          	2.840395e-17
1968.05       	2.840395e-17
1968.1        	2.840395e-17
1968.15       	2.840395e-17
1968.2        	2.840395e-17
1968.25       	2.840395e-17
1968.3        	2.840395e-17
1968.35       	2.840395e-17
1968.4        	2.840395e-17
1968.45       	2.840395e-17
1968.5        	2.840395e-17
1968.55       	2.840395e-17
1968.6        	2.840395e-17
1968.65       	2.840395e-17
1968.7        	2.840395e-17
1968.75       	2.840395e-17
1968.8        	2.840395e-17
1968.85       	2.840395e-17
1968.9        	2.840395e-17
1968.95       	2.840395e-17
1969          	2.840395e-17
1969.05       	2.840395e-17
1969.1        	2.840395e-17
1969.15       	2.840395e-17
1969.2        	2.840395e-17
1969.25       	2.840395e-17
1969.3        	2.840395e-17
1969.35       	2.840395e-17
1969.4        	2.840395e-17
1969.45       	2.840395e-17
1969.5        	2.840395e-17
1969.55       	2.840395e-17
1969.6        	2.840395e-17
1969.65       	2.840395e-17
1969.7        	2.840395e-17
1969.75       	2.840395e-17
1969.8        	2.840395e-17
1969.85       	2.840395e-17
1969.9        	2.840395e-17
1969.95       	2.840395e-17
1970          	2.840395e-17
1970.05       	2.840395e-17
1970.1        	2.840395e-17
1970.15       	2.840395e-17
1970.2        	2.840395e-17
1970.25       	2.840395e-17
1970.3        	2.840395e-17
1970.35       	2.840395e-17
1970.4        	2.840395e-17
1970.45       	2.840395e-17
1970.5        	2.840395e-17
1970.55       	2.840395e-17
1970.6        	2.840395e-17
1970.65       	2.840395e-17
1970.7        	2.840395e-17
1970.75       	2.840395e-17
1970.8        	2.840395e-17
1970.85       	2.840395e-17
1970.9        	2.840395e-17
1970.95       	2.840395e-17
1971          	2.840395e-17
1971.05       	2.840395e-17
1971.1        	2.840395e-17
1971.15       	2.840395e-17
1971.2        	2.840395e-17
1971.25       	2.840395e-17
1971.3        	2.840395e-17
1971.35       	2.840395e-17
1971.4        	2.840395e-17
1971.45       	2.840395e-17
1971.5        	2.840395e-17
1971.55       	2.840395e-17
1971.6        	2.840395e-17
1971.65       	2.840395e-17
1971.7        	2.840395e-17
1971.75       	2.840395e-17
1971.8        	2.840395e-17
1971.85       	2.840395e-17
1971.9        	2.840395e-17
1971.95       	2.840395e-17
1972          	2.840395e-17
1972.05       	2.840395e-17
1972.1        	2.840395e-17
1972.15       	2.840395e-17
1972.2        	2.840395e-17
1972.25       	2.840395e-17
1972.3        	2.840395e-17
1972.35       	2.840395e-17
1972.4        	2.840395e-17
1972.45       	2.840395e-17
1972.5        	2.840395e-17
1972.55       	2.840395e-17
1972.6        	2.840395e-17
1972.65       	2.840395e-17
1972.7        	2.840395e-17
1972.75       	2.840395e-17
1972.8        	2.840395e-17
1972.85       	2.840395e-17
1972.9        	2.840395e-17
1972.95       	2.840395e-17
1973          	2.840395e-17
1973.05       	2.840395e-17
1973.1        	2.840395e-17
1973.15       	2.840395e-17
1973.2        	2.840395e-17
1973.25       	2.840395e-17
1973.3        	2.840395e-17
1973.35       	2.840395e-17
1973.4        	2.840395e-17
1973.45       	2.840395e-17
1973.5        	2.840395e-17
1973.55       	2.840395e-17
1973.6        	2.840395e-17
1973.65       	2.840395e-17
1973.7        	2.840395e-17
1973.75       	2.840395e-17
1973.8        	2.840395e-17
1973.85       	2.840395e-17
1973.9        	2.840395e-17
1973.95       	2.840395e-17
1974          	2.840395e-17
1974.05       	2.840395e-17
1974.1        	2.840395e-17
1974.15       	2.840395e-17
1974.2        	2.840395e-17
1974.25       	2.840395e-17
1974.3        	2.840395e-17
1974.35       	2.840395e-17
1974.4        	2.840395e-17
1974.45       	2.840395e-17
1974.5        	2.840395e-17
1974.55       	2.840395e-17
1974.6        	2.840395e-17
1974.65       	2.840395e-17
1974.7        	2.840395e-17
1974.75       	2.840395e-17
1974.8        	2.840395e-17
1974.85       	2.840395e-17
1974.9        	2.840395e-17
1974.95       	2.840395e-17
1975          	2.840395e-17
1975.05       	2.840395e-17
1975.1        	2.840395e-17
1975.15       	2.840395e-17
1975.2        	2.840395e-17
1975.25       	2.840395e-17
1975.3        	2.840395e-17
1975.35       	2.840395e-17
1975.4        	2.840395e-17
1975.45       	2.840395e-17
1975.5        	2.840395e-17
1975.55       	2.840395e-17
1975.6        	2.840395e-17
1975.65       	2.840395e-17
1975.7        	2.840395e-17
1975.75       	2.840395e-17
1975.8        	2.840395e-17
1975.85       	2.840395e-17
1975.9        	2.840395e-17
1975.95       	2.840395e-17
1976          	2.840395e-17
1976.05       	2.840395e-17
1976.1        	2.840395e-17
1976.15       	2.840395e-17
1976.2        	2.840395e-17
1976.25       	2.840395e-17
1976.3        	2.840395e-17
1976.35       	2.840395e-17
1976.4        	2.840395e-17
1976.45       	2.840395e-17
1976.5        	2.840395e-17
1976.55       	2.840395e-17
1976.6        	2.840395e-17
1976.65       	2.840395e-17
1976.7        	2.840395e-17
1976.75       	2.840395e-17
1976.8        	2.840395e-17
1976.85       	2.840395e-17
1976.9        	2.840395e-17
1976.95       	2.840395e-17
1977          	2.840395e-17
1977.05       	2.840395e-17
1977.1        	2.840395e-17
1977.15       	2.840395e-17
1977.2        	2.840395e-17
1977.25       	2.840395e-17
1977.3        	2.840395e-17
1977.35       	2.840395e-17
1977.4        	2.840395e-17
1977.45       	2.840395e-17
1977.5        	2.840395e-17
1977.55       	2.840395e-17
1977.6        	2.840395e-17
1977.65       	2.840395e-17
1977.7        	2.840395e-17
1977.75       	2.840395e-17
1977.8        	2.840395e-17
1977.85       	2.840395e-17
1977.9        	2.840395e-17
1977.95       	2.840395e-17
1978          	2.840395e-17
1978.05       	2.840395e-17
1978.1        	2.840395e-17
1978.15       	2.840395e-17
1978.2        	2.840395e-17
1978.25       	2.840395e-17
1978.3        	2.840395e-17
1978.35       	2.840395e-17
1978.4        	2.840395e-17
1978.45       	2.840395e-17
1978.5        	2.840395e-17
1978.55       	2.840395e-17
1978.6        	2.840395e-17
1978.65       	2.840395e-17
1978.7        	2.840395e-17
1978.75       	2.840395e-17
1978.8        	2.840395e-17
1978.85       	2.840395e-17
1978.9        	2.840395e-17
1978.95       	2.840395e-17
1979          	2.840395e-17
1979.05       	2.840395e-17
1979.1        	2.840395e-17
1979.15       	2.840395e-17
1979.2        	2.840395e-17
1979.25       	2.840395e-17
1979.3        	2.840395e-17
1979.35       	2.840395e-17
1979.4        	2.840395e-17
1979.45       	2.840395e-17
1979.5        	2.840395e-17
1979.55       	2.840395e-17
1979.6        	2.840395e-17
1979.65       	2.840395e-17
1979.7        	2.840395e-17
1979.75       	2.840395e-17
1979.8        	2.840395e-17
1979.85       	2.840395e-17
1979.9        	2.840395e-17
1979.95       	2.840395e-17
1980          	2.840395e-17
1980.05       	2.840395e-17
1980.1        	2.840395e-17
1980.15       	2.840395e-17
1980.2        	2.840395e-17
1980.25       	2.840395e-17
1980.3        	2.840395e-17
1980.35       	2.840395e-17
1980.4        	2.840395e-17
1980.45       	2.840395e-17
1980.5        	2.840395e-17
1980.55       	2.840395e-17
1980.6        	2.840395e-17
1980.65       	2.840395e-17
1980.7        	2.840395e-17
1980.75       	2.840395e-17
1980.8        	2.840395e-17
1980.85       	2.840395e-17
1980.9        	2.840395e-17
1980.95       	2.840395e-17
1981          	2.840395e-17
1981.05       	2.840395e-17
1981.1        	2.840395e-17
1981.15       	2.840395e-17
1981.2        	2.840395e-17
1981.25       	2.840395e-17
1981.3        	2.840395e-17
1981.35       	2.840395e-17
1981.4        	2.840395e-17
1981.45       	2.840395e-17
1981.5        	2.840395e-17
1981.55       	2.840395e-17
1981.6        	2.840395e-17
1981.65       	2.840395e-17
1981.7        	2.840395e-17
1981.75       	2.840395e-17
1981.8        	2.840395e-17
1981.85       	2.840395e-17
1981.9        	2.840395e-17
1981.95       	2.840395e-17
1982          	2.840395e-17
1982.05       	2.840395e-17
1982.1        	2.840395e-17
1982.15       	2.840395e-17
1982.2        	2.840395e-17
1982.25       	2.840395e-17
1982.3        	2.840395e-17
1982.35       	2.840395e-17
1982.4        	2.840395e-17
1982.45       	2.840395e-17
1982.5        	2.840395e-17
1982.55       	2.840395e-17
1982.6        	2.840395e-17
1982.65       	2.840395e-17
1982.7        	2.840395e-17
1982.75       	2.840395e-17
1982.8        	2.840395e-17
1982.85       	2.840395e-17
1982.9        	2.840395e-17
1982.95       	2.840395e-17
1983          	2.840395e-17
1983.05       	2.840395e-17
1983.1        	2.840395e-17
1983.15       	2.840395e-17
1983.2        	2.840395e-17
1983.25       	2.840395e-17
1983.3        	2.840395e-17
1983.35       	2.840395e-17
1983.4        	2.840395e-17
1983.45       	2.840395e-17
1983.5        	2.840395e-17
1983.55       	2.840395e-17
1983.6        	2.840395e-17
1983.65       	2.840395e-17
1983.7        	2.840395e-17
1983.75       	2.840395e-17
1983.8        	2.840395e-17
1983.85       	2.840395e-17
1983.9        	2.840395e-17
1983.95       	2.840395e-17
1984          	2.840395e-17
1984.05       	2.840395e-17
1984.1        	2.840395e-17
1984.15       	2.840395e-17
1984.2        	2.840395e-17
1984.25       	2.840395e-17
1984.3        	2.840395e-17
1984.35       	2.840395e-17
1984.4        	2.840395e-17
1984.45       	2.840395e-17
1984.5        	2.840395e-17
1984.55       	2.840395e-17
1984.6        	2.840395e-17
1984.65       	2.840395e-17
1984.7        	2.840395e-17
1984.75       	2.840395e-17
1984.8        	2.840395e-17
1984.85       	2.840395e-17
1984.9        	2.840395e-17
1984.95       	2.840395e-17
1985          	2.840395e-17
1985.05       	2.840395e-17
1985.1        	2.840395e-17
1985.15       	2.840395e-17
1985.2        	2.840395e-17
1985.25       	2.840395e-17
1985.3        	2.840395e-17
1985.35       	2.840395e-17
1985.4        	2.840395e-17
1985.45       	2.840395e-17
1985.5        	2.840395e-17
1985.55       	2.840395e-17
1985.6        	2.840395e-17
1985.65       	2.840395e-17
1985.7        	2.840395e-17
1985.75       	2.840395e-17
1985.8        	2.840395e-17
1985.85       	2.840395e-17
1985.9        	2.840395e-17
1985.95       	2.840395e-17
1986          	2.840395e-17
1986.05       	2.840395e-17
1986.1        	2.840395e-17
1986.15       	2.840395e-17
1986.2        	2.840395e-17
1986.25       	2.840395e-17
1986.3        	2.840395e-17
1986.35       	2.840395e-17
1986.4        	2.840395e-17
1986.45       	2.840395e-17
1986.5        	2.840395e-17
1986.55       	2.840395e-17
1986.6        	2.840395e-17
1986.65       	2.840395e-17
1986.7        	2.840395e-17
1986.75       	2.840395e-17
1986.8        	2.840395e-17
1986.85       	2.840395e-17
1986.9        	2.840395e-17
1986.95       	2.840395e-17
1987          	2.840395e-17
1987.05       	2.840395e-17
1987.1        	2.840395e-17
1987.15       	2.840395e-17
1987.2        	2.840395e-17
1987.25       	2.840395e-17
1987.3        	2.840395e-17
1987.35       	2.840395e-17
1987.4        	2.840395e-17
1987.45       	2.840395e-17
1987.5        	2.840395e-17
1987.55       	2.840395e-17
1987.6        	2.840395e-17
1987.65       	2.840395e-17
1987.7        	2.840395e-17
1987.75       	2.840395e-17
1987.8        	2.840395e-17
1987.85       	2.840395e-17
1987.9        	2.840395e-17
1987.95       	2.840395e-17
1988          	2.840395e-17
1988.05       	2.840395e-17
1988.1        	2.840395e-17
1988.15       	2.840395e-17
1988.2        	2.840395e-17
1988.25       	2.840395e-17
1988.3        	2.840395e-17
1988.35       	2.840395e-17
1988.4        	2.840395e-17
1988.45       	2.840395e-17
1988.5        	2.840395e-17
1988.55       	2.840395e-17
1988.6        	2.840395e-17
1988.65       	2.840395e-17
1988.7        	2.840395e-17
1988.75       	2.840395e-17
1988.8        	2.840395e-17
1988.85       	2.840395e-17
1988.9        	2.840395e-17
1988.95       	2.840395e-17
1989          	2.840395e-17
1989.05       	2.840395e-17
1989.1        	2.840395e-17
1989.15       	2.840395e-17
1989.2        	2.840395e-17
1989.25       	2.840395e-17
1989.3        	2.840395e-17
1989.35       	2.840395e-17
1989.4        	2.840395e-17
1989.45       	2.840395e-17
1989.5        	2.840395e-17
1989.55       	2.840395e-17
1989.6        	2.840395e-17
1989.65       	2.840395e-17
1989.7        	2.840395e-17
1989.75       	2.840395e-17
1989.8        	2.840395e-17
1989.85       	2.840395e-17
1989.9        	2.840395e-17
1989.95       	2.840395e-17
1990          	2.840395e-17
1990.05       	2.840395e-17
1990.1        	2.840395e-17
1990.15       	2.840395e-17
1990.2        	2.840395e-17
1990.25       	2.840395e-17
1990.3        	2.840395e-17
1990.35       	2.840395e-17
1990.4        	2.840395e-17
1990.45       	2.840395e-17
1990.5        	2.840395e-17
1990.55       	2.840395e-17
1990.6        	2.840395e-17
1990.65       	2.840395e-17
1990.7        	2.840395e-17
1990.75       	2.840395e-17
1990.8        	2.840395e-17
1990.85       	2.840395e-17
1990.9        	2.840395e-17
1990.95       	2.840395e-17
1991          	2.840395e-17
1991.05       	2.840395e-17
1991.1        	2.840395e-17
1991.15       	2.840395e-17
1991.2        	2.840395e-17
1991.25       	2.840395e-17
1991.3        	2.840395e-17
1991.35       	2.840395e-17
1991.4        	2.840395e-17
1991.45       	2.840395e-17
1991.5        	2.840395e-17
1991.55       	2.840395e-17
1991.6        	2.840395e-17
1991.65       	2.840395e-17
1991.7        	2.840395e-17
1991.75       	2.840395e-17
1991.8        	2.840395e-17
1991.85       	2.840395e-17
1991.9        	2.840395e-17
1991.95       	2.840395e-17
1992          	2.840395e-17
1992.05       	2.840395e-17
1992.1        	2.840395e-17
1992.15       	2.840395e-17
1992.2        	2.840395e-17
1992.25       	2.840395e-17
1992.3        	2.840395e-17
1992.35       	2.840395e-17
1992.4        	2.840395e-17
1992.45       	2.840395e-17
1992.5        	2.840395e-17
1992.55       	2.840395e-17
1992.6        	2.840395e-17
1992.65       	2.840395e-17
1992.7        	2.840395e-17
1992.75       	2.840395e-17
1992.8        	2.840395e-17
1992.85       	2.840395e-17
1992.9        	2.840395e-17
1992.95       	2.840395e-17
1993          	2.840395e-17
1993.05       	2.840395e-17
1993.1        	2.840395e-17
1993.15       	2.840395e-17
1993.2        	2.840395e-17
1993.25       	2.840395e-17
1993.3        	2.840395e-17
1993.35       	2.840395e-17
1993.4        	2.840395e-17
1993.45       	2.840395e-17
1993.5        	2.840395e-17
1993.55       	2.840395e-17
1993.6        	2.840395e-17
1993.65       	2.840395e-17
1993.7        	2.840395e-17
1993.75       	2.840395e-17
1993.8        	2.840395e-17
1993.85       	2.840395e-17
1993.9        	2.840395e-17
1993.95       	2.840395e-17
1994          	2.840395e-17
1994.05       	2.840395e-17
1994.1        	2.840395e-17
1994.15       	2.840395e-17
1994.2        	2.840395e-17
1994.25       	2.840395e-17
1994.3        	2.840395e-17
1994.35       	2.840395e-17
1994.4        	2.840395e-17
1994.45       	2.840395e-17
1994.5        	2.840395e-17
1994.55       	2.840395e-17
1994.6        	2.840395e-17
1994.65       	2.840395e-17
1994.7        	2.840395e-17
1994.75       	2.840395e-17
1994.8        	2.840395e-17
1994.85       	2.840395e-17
1994.9        	2.840395e-17
1994.95       	2.840395e-17
1995          	2.840395e-17
1995.05       	2.840395e-17
1995.1        	2.840395e-17
1995.15       	2.840395e-17
1995.2        	2.840395e-17
1995.25       	2.840395e-17
1995.3        	2.840395e-17
1995.35       	2.840395e-17
1995.4        	2.840395e-17
1995.45       	2.840395e-17
1995.5        	2.840395e-17
1995.55       	2.840395e-17
1995.6        	2.840395e-17
1995.65       	2.840395e-17
1995.7        	2.840395e-17
1995.75       	2.840395e-17
1995.8        	2.840395e-17
1995.85       	2.840395e-17
1995.9        	2.840395e-17
1995.95       	2.840395e-17
1996          	2.840395e-17
1996.05       	2.840395e-17
1996.1        	2.840395e-17
1996.15       	2.840395e-17
1996.2        	2.840395e-17
1996.25       	2.840395e-17
1996.3        	2.840395e-17
1996.35       	2.840395e-17
1996.4        	2.840395e-17
1996.45       	2.840395e-17
1996.5        	2.840395e-17
1996.55       	2.840395e-17
1996.6        	2.840395e-17
1996.65       	2.840395e-17
1996.7        	2.840395e-17
1996.75       	2.840395e-17
1996.8        	2.840395e-17
1996.85       	2.840395e-17
1996.9        	2.840395e-17
1996.95       	2.840395e-17
1997          	2.840395e-17
1997.05       	2.840395e-17
1997.1        	2.840395e-17
1997.15       	2.840395e-17
1997.2        	2.840395e-17
1997.25       	2.840395e-17
1997.3        	2.840395e-17
1997.35       	2.840395e-17
1997.4        	2.840395e-17
1997.45       	2.840395e-17
1997.5        	2.840395e-17
1997.55       	2.840395e-17
1997.6        	2.840395e-17
1997.65       	2.840395e-17
1997.7        	2.840395e-17
1997.75       	2.840395e-17
1997.8        	2.840395e-17
1997.85       	2.840395e-17
1997.9        	2.840395e-17
1997.95       	2.840395e-17
1998          	2.840395e-17
1998.05       	2.840395e-17
1998.1        	2.840395e-17
1998.15       	2.840395e-17
1998.2        	2.840395e-17
1998.25       	2.840395e-17
1998.3        	2.840395e-17
1998.35       	2.840395e-17
1998.4        	2.840395e-17
1998.45       	2.840395e-17
1998.5        	2.840395e-17
1998.55       	2.840395e-17
1998.6        	2.840395e-17
1998.65       	2.840395e-17
1998.7        	2.840395e-17
1998.75       	2.840395e-17
1998.8        	2.840395e-17
1998.85       	2.840395e-17
1998.9        	2.840395e-17
1998.95       	2.840395e-17
1999          	2.840395e-17
1999.05       	2.840395e-17
1999.1        	2.840395e-17
1999.15       	2.840395e-17
1999.2        	2.840395e-17
1999.25       	2.840395e-17
1999.3        	2.840395e-17
1999.35       	2.840395e-17
1999.4        	2.840395e-17
1999.45       	2.840395e-17
1999.5        	2.840395e-17
1999.55       	2.840395e-17
1999.6        	2.840395e-17
1999.65       	2.840395e-17
1999.7        	2.840395e-17
1999.75       	2.840395e-17
1999.8        	2.840395e-17
1999.85       	2.840395e-17
1999.9        	2.840395e-17
1999.95       	2.840395e-17
2000          	2.840395e-17
