# Region type : patch outlet
# Faces  :    96
# Area   :    9.230917e-08
# Time        	areaIntegrate(phi)
1000          	2.819237e-17
1000.05       	2.819238e-17
1000.1        	2.819239e-17
1000.15       	2.819240e-17
1000.2        	2.819241e-17
1000.25       	2.819242e-17
1000.3        	2.819243e-17
1000.35       	2.819241e-17
1000.4        	2.819225e-17
1000.45       	2.819158e-17
1000.5        	2.818950e-17
1000.55       	2.818428e-17
1000.6        	2.817300e-17
1000.65       	2.815100e-17
1000.7        	2.811151e-17
1000.75       	2.804528e-17
1000.8        	2.794082e-17
1000.85       	2.778505e-17
1000.9        	2.756449e-17
1000.95       	2.726664e-17
1001          	2.688152e-17
1001.05       	2.640303e-17
1001.1        	2.582990e-17
1001.15       	2.516593e-17
1001.2        	2.441973e-17
1001.25       	2.360384e-17
1001.3        	2.273354e-17
1001.35       	2.182529e-17
1001.4        	2.089543e-17
1001.45       	1.995919e-17
1001.5        	1.903012e-17
1001.55       	1.811972e-17
1001.6        	1.723717e-17
1001.65       	1.638916e-17
1001.7        	1.558020e-17
1001.75       	1.481306e-17
1001.8        	1.408924e-17
1001.85       	1.340919e-17
1001.9        	1.277260e-17
1001.95       	1.217858e-17
1002          	1.162588e-17
1002.05       	1.111288e-17
1002.1        	1.063768e-17
1002.15       	1.019824e-17
1002.2        	9.792362e-18
1002.25       	9.417859e-18
1002.3        	9.072697e-18
1002.35       	8.754978e-18
1002.4        	8.462803e-18
1002.45       	8.194211e-18
1002.5        	7.947241e-18
1002.55       	7.720032e-18
1002.6        	7.510941e-18
1002.65       	7.318583e-18
1002.7        	7.141748e-18
1002.75       	6.979299e-18
1002.8        	6.830166e-18
1002.85       	6.693350e-18
1002.9        	6.567873e-18
1002.95       	6.452730e-18
1003          	6.346884e-18
1003.05       	6.249338e-18
1003.1        	6.159209e-18
1003.15       	6.075764e-18
1003.2        	5.998427e-18
1003.25       	5.926711e-18
1003.3        	5.860219e-18
1003.35       	5.798589e-18
1003.4        	5.741470e-18
1003.45       	5.688503e-18
1003.5        	5.639337e-18
1003.55       	5.593640e-18
1003.6        	5.551113e-18
1003.65       	5.511493e-18
1003.7        	5.474547e-18
1003.75       	5.440063e-18
1003.8        	5.407856e-18
1003.85       	5.377753e-18
1003.9        	5.349605e-18
1003.95       	5.323279e-18
1004          	5.298646e-18
1004.05       	5.275579e-18
1004.1        	5.253948e-18
1004.15       	5.233629e-18
1004.2        	5.214510e-18
1004.25       	5.196496e-18
1004.3        	5.179503e-18
1004.35       	5.163463e-18
1004.4        	5.148315e-18
1004.45       	5.134005e-18
1004.5        	5.120480e-18
1004.55       	5.107692e-18
1004.6        	5.095596e-18
1004.65       	5.084151e-18
1004.7        	5.073316e-18
1004.75       	5.063056e-18
1004.8        	5.053336e-18
1004.85       	5.044124e-18
1004.9        	5.035387e-18
1004.95       	5.027093e-18
1005          	5.019213e-18
1005.05       	5.011719e-18
1005.1        	5.004587e-18
1005.15       	4.997796e-18
1005.2        	4.991327e-18
1005.25       	4.985161e-18
1005.3        	4.979284e-18
1005.35       	4.973678e-18
1005.4        	4.968331e-18
1005.45       	4.963229e-18
1005.5        	4.958358e-18
1005.55       	4.953707e-18
1005.6        	4.949265e-18
1005.65       	4.945021e-18
1005.7        	4.940965e-18
1005.75       	4.937088e-18
1005.8        	4.933380e-18
1005.85       	4.929834e-18
1005.9        	4.926442e-18
1005.95       	4.923196e-18
1006          	4.920089e-18
1006.05       	4.917114e-18
1006.1        	4.914265e-18
1006.15       	4.911536e-18
1006.2        	4.908920e-18
1006.25       	4.906412e-18
1006.3        	4.904007e-18
1006.35       	4.901699e-18
1006.4        	4.899485e-18
1006.45       	4.897358e-18
1006.5        	4.895316e-18
1006.55       	4.893354e-18
1006.6        	4.891468e-18
1006.65       	4.889655e-18
1006.7        	4.887911e-18
1006.75       	4.886233e-18
1006.8        	4.884619e-18
1006.85       	4.883066e-18
1006.9        	4.881571e-18
1006.95       	4.880132e-18
1007          	4.878746e-18
1007.05       	4.877412e-18
1007.1        	4.876128e-18
1007.15       	4.874892e-18
1007.2        	4.873701e-18
1007.25       	4.872555e-18
1007.3        	4.871453e-18
1007.35       	4.870393e-18
1007.4        	4.869375e-18
1007.45       	4.868400e-18
1007.5        	4.867464e-18
1007.55       	4.866567e-18
1007.6        	4.865706e-18
1007.65       	4.864878e-18
1007.7        	4.864082e-18
1007.75       	4.863316e-18
1007.8        	4.862577e-18
1007.85       	4.861865e-18
1007.9        	4.861178e-18
1007.95       	4.860516e-18
1008          	4.859879e-18
1008.05       	4.859265e-18
1008.1        	4.858675e-18
1008.15       	4.858106e-18
1008.2        	4.857559e-18
1008.25       	4.857033e-18
1008.3        	4.856528e-18
1008.35       	4.856041e-18
1008.4        	4.855574e-18
1008.45       	4.855124e-18
1008.5        	4.854692e-18
1008.55       	4.854277e-18
1008.6        	4.853877e-18
1008.65       	4.853493e-18
1008.7        	4.853124e-18
1008.75       	4.852769e-18
1008.8        	4.852427e-18
1008.85       	4.852099e-18
1008.9        	4.851784e-18
1008.95       	4.851481e-18
1009          	4.851189e-18
1009.05       	4.850909e-18
1009.1        	4.850640e-18
1009.15       	4.850381e-18
1009.2        	4.850132e-18
1009.25       	4.849892e-18
1009.3        	4.849662e-18
1009.35       	4.849441e-18
1009.4        	4.849228e-18
1009.45       	4.849024e-18
1009.5        	4.848828e-18
1009.55       	4.848639e-18
1009.6        	4.848458e-18
1009.65       	4.848285e-18
1009.7        	4.848118e-18
1009.75       	4.847958e-18
1009.8        	4.847804e-18
1009.85       	4.847657e-18
1009.9        	4.847515e-18
1009.95       	4.847380e-18
1010          	4.847250e-18
1010.05       	4.847125e-18
1010.1        	4.847006e-18
1010.15       	4.846892e-18
1010.2        	4.846783e-18
1010.25       	4.846678e-18
1010.3        	4.846578e-18
1010.35       	4.846483e-18
1010.4        	4.846391e-18
1010.45       	4.846304e-18
1010.5        	4.846221e-18
1010.55       	4.846141e-18
1010.6        	4.846066e-18
1010.65       	4.845993e-18
1010.7        	4.845925e-18
1010.75       	4.845859e-18
1010.8        	4.845796e-18
1010.85       	4.845737e-18
1010.9        	4.845680e-18
1010.95       	4.845626e-18
1011          	4.845575e-18
1011.05       	4.845526e-18
1011.1        	4.845479e-18
1011.15       	4.845435e-18
1011.2        	4.845393e-18
1011.25       	4.845352e-18
1011.3        	4.845313e-18
1011.35       	4.845276e-18
1011.4        	4.845241e-18
1011.45       	4.845206e-18
1011.5        	4.845173e-18
1011.55       	4.845141e-18
1011.6        	4.845110e-18
1011.65       	4.845079e-18
1011.7        	4.845049e-18
1011.75       	4.845019e-18
1011.8        	4.844990e-18
1011.85       	4.844960e-18
1011.9        	4.844930e-18
1011.95       	4.844899e-18
1012          	4.844867e-18
1012.05       	4.844835e-18
1012.1        	4.844801e-18
1012.15       	4.844765e-18
1012.2        	4.844728e-18
1012.25       	4.844688e-18
1012.3        	4.844646e-18
1012.35       	4.844601e-18
1012.4        	4.844552e-18
1012.45       	4.844500e-18
1012.5        	4.844444e-18
1012.55       	4.844383e-18
1012.6        	4.844317e-18
1012.65       	4.844246e-18
1012.7        	4.844169e-18
1012.75       	4.844086e-18
1012.8        	4.843996e-18
1012.85       	4.843898e-18
1012.9        	4.843793e-18
1012.95       	4.843679e-18
1013          	4.843556e-18
1013.05       	4.843424e-18
1013.1        	4.843281e-18
1013.15       	4.843128e-18
1013.2        	4.842964e-18
1013.25       	4.842788e-18
1013.3        	4.842600e-18
1013.35       	4.842398e-18
1013.4        	4.842183e-18
1013.45       	4.841955e-18
1013.5        	4.841712e-18
1013.55       	4.841452e-18
1013.6        	4.841174e-18
1013.65       	4.840876e-18
1013.7        	4.840557e-18
1013.75       	4.840217e-18
1013.8        	4.839857e-18
1013.85       	4.839476e-18
1013.9        	4.839075e-18
1013.95       	4.838655e-18
1014          	4.838215e-18
1014.05       	4.837757e-18
1014.1        	4.837281e-18
1014.15       	4.836785e-18
1014.2        	4.836271e-18
1014.25       	4.835738e-18
1014.3        	4.835185e-18
1014.35       	4.834610e-18
1014.4        	4.834014e-18
1014.45       	4.833396e-18
1014.5        	4.832756e-18
1014.55       	4.832095e-18
1014.6        	4.831413e-18
1014.65       	4.830709e-18
1014.7        	4.829984e-18
1014.75       	4.829236e-18
1014.8        	4.828466e-18
1014.85       	4.827673e-18
1014.9        	4.826857e-18
1014.95       	4.826017e-18
1015          	4.825154e-18
1015.05       	4.824267e-18
1015.1        	4.823357e-18
1015.15       	4.822422e-18
1015.2        	4.821464e-18
1015.25       	4.820483e-18
1015.3        	4.819478e-18
1015.35       	4.818449e-18
1015.4        	4.817397e-18
1015.45       	4.816321e-18
1015.5        	4.815222e-18
1015.55       	4.814099e-18
1015.6        	4.812952e-18
1015.65       	4.811781e-18
1015.7        	4.810587e-18
1015.75       	4.809369e-18
1015.8        	4.808128e-18
1015.85       	4.806862e-18
1015.9        	4.805572e-18
1015.95       	4.804258e-18
1016          	4.802920e-18
1016.05       	4.801558e-18
1016.1        	4.800172e-18
1016.15       	4.798762e-18
1016.2        	4.797327e-18
1016.25       	4.795868e-18
1016.3        	4.794385e-18
1016.35       	4.792878e-18
1016.4        	4.791347e-18
1016.45       	4.789792e-18
1016.5        	4.788214e-18
1016.55       	4.786611e-18
1016.6        	4.784985e-18
1016.65       	4.783335e-18
1016.7        	4.781662e-18
1016.75       	4.779966e-18
1016.8        	4.778247e-18
1016.85       	4.776505e-18
1016.9        	4.774740e-18
1016.95       	4.772953e-18
1017          	4.771144e-18
1017.05       	4.769313e-18
1017.1        	4.767460e-18
1017.15       	4.765585e-18
1017.2        	4.763690e-18
1017.25       	4.761773e-18
1017.3        	4.759836e-18
1017.35       	4.757878e-18
1017.4        	4.755900e-18
1017.45       	4.753902e-18
1017.5        	4.751885e-18
1017.55       	4.749848e-18
1017.6        	4.747793e-18
1017.65       	4.745719e-18
1017.7        	4.743627e-18
1017.75       	4.741517e-18
1017.8        	4.739389e-18
1017.85       	4.737245e-18
1017.9        	4.735083e-18
1017.95       	4.732905e-18
1018          	4.730711e-18
1018.05       	4.728501e-18
1018.1        	4.726276e-18
1018.15       	4.724036e-18
1018.2        	4.721781e-18
1018.25       	4.719513e-18
1018.3        	4.717230e-18
1018.35       	4.714934e-18
1018.4        	4.712625e-18
1018.45       	4.710304e-18
1018.5        	4.707970e-18
1018.55       	4.705625e-18
1018.6        	4.703268e-18
1018.65       	4.700900e-18
1018.7        	4.698522e-18
1018.75       	4.696133e-18
1018.8        	4.693735e-18
1018.85       	4.691327e-18
1018.9        	4.688910e-18
1018.95       	4.686484e-18
1019          	4.684050e-18
1019.05       	4.681608e-18
1019.1        	4.679159e-18
1019.15       	4.676702e-18
1019.2        	4.674238e-18
1019.25       	4.671768e-18
1019.3        	4.669292e-18
1019.35       	4.666810e-18
1019.4        	4.664322e-18
1019.45       	4.661829e-18
1019.5        	4.659332e-18
1019.55       	4.656829e-18
1019.6        	4.654323e-18
1019.65       	4.651812e-18
1019.7        	4.649298e-18
1019.75       	4.646781e-18
1019.8        	4.644261e-18
1019.85       	4.641737e-18
1019.9        	4.639212e-18
1019.95       	4.636684e-18
1020          	4.634154e-18
1020.05       	4.631623e-18
1020.1        	4.629090e-18
1020.15       	4.626556e-18
1020.2        	4.624021e-18
1020.25       	4.621485e-18
1020.3        	4.618949e-18
1020.35       	4.616413e-18
1020.4        	4.613877e-18
1020.45       	4.611341e-18
1020.5        	4.608806e-18
1020.55       	4.606271e-18
1020.6        	4.603737e-18
1020.65       	4.601204e-18
1020.7        	4.598673e-18
1020.75       	4.596143e-18
1020.8        	4.593615e-18
1020.85       	4.591089e-18
1020.9        	4.588565e-18
1020.95       	4.586043e-18
1021          	4.583523e-18
1021.05       	4.581006e-18
1021.1        	4.578492e-18
1021.15       	4.575981e-18
1021.2        	4.573473e-18
1021.25       	4.570968e-18
1021.3        	4.568466e-18
1021.35       	4.565968e-18
1021.4        	4.563473e-18
1021.45       	4.560983e-18
1021.5        	4.558496e-18
1021.55       	4.556013e-18
1021.6        	4.553535e-18
1021.65       	4.551061e-18
1021.7        	4.548591e-18
1021.75       	4.546126e-18
1021.8        	4.543665e-18
1021.85       	4.541209e-18
1021.9        	4.538758e-18
1021.95       	4.536312e-18
1022          	4.533870e-18
1022.05       	4.531434e-18
1022.1        	4.529004e-18
1022.15       	4.526578e-18
1022.2        	4.524158e-18
1022.25       	4.521743e-18
1022.3        	4.519334e-18
1022.35       	4.516931e-18
1022.4        	4.514533e-18
1022.45       	4.512141e-18
1022.5        	4.509754e-18
1022.55       	4.507374e-18
1022.6        	4.504999e-18
1022.65       	4.502631e-18
1022.7        	4.500268e-18
1022.75       	4.497911e-18
1022.8        	4.495561e-18
1022.85       	4.493217e-18
1022.9        	4.490878e-18
1022.95       	4.488546e-18
1023          	4.486221e-18
1023.05       	4.483901e-18
1023.1        	4.481588e-18
1023.15       	4.479281e-18
1023.2        	4.476980e-18
1023.25       	4.474686e-18
1023.3        	4.472398e-18
1023.35       	4.470116e-18
1023.4        	4.467841e-18
1023.45       	4.465572e-18
1023.5        	4.463309e-18
1023.55       	4.461052e-18
1023.6        	4.458802e-18
1023.65       	4.456558e-18
1023.7        	4.454320e-18
1023.75       	4.452088e-18
1023.8        	4.449863e-18
1023.85       	4.447644e-18
1023.9        	4.445430e-18
1023.95       	4.443223e-18
1024          	4.441022e-18
1024.05       	4.438827e-18
1024.1        	4.436637e-18
1024.15       	4.434454e-18
1024.2        	4.432276e-18
1024.25       	4.430104e-18
1024.3        	4.427938e-18
1024.35       	4.425777e-18
1024.4        	4.423622e-18
1024.45       	4.421472e-18
1024.5        	4.419327e-18
1024.55       	4.417188e-18
1024.6        	4.415054e-18
1024.65       	4.412925e-18
1024.7        	4.410801e-18
1024.75       	4.408682e-18
1024.8        	4.406568e-18
1024.85       	4.404458e-18
1024.9        	4.402354e-18
1024.95       	4.400253e-18
1025          	4.398157e-18
1025.05       	4.396066e-18
1025.1        	4.393979e-18
1025.15       	4.391895e-18
1025.2        	4.389816e-18
1025.25       	4.387741e-18
1025.3        	4.385670e-18
1025.35       	4.383602e-18
1025.4        	4.381538e-18
1025.45       	4.379478e-18
1025.5        	4.377420e-18
1025.55       	4.375367e-18
1025.6        	4.373316e-18
1025.65       	4.371269e-18
1025.7        	4.369224e-18
1025.75       	4.367183e-18
1025.8        	4.365144e-18
1025.85       	4.363108e-18
1025.9        	4.361075e-18
1025.95       	4.359045e-18
1026          	4.357016e-18
1026.05       	4.354991e-18
1026.1        	4.352967e-18
1026.15       	4.350946e-18
1026.2        	4.348927e-18
1026.25       	4.346910e-18
1026.3        	4.344895e-18
1026.35       	4.342882e-18
1026.4        	4.340871e-18
1026.45       	4.338861e-18
1026.5        	4.336854e-18
1026.55       	4.334848e-18
1026.6        	4.332844e-18
1026.65       	4.330841e-18
1026.7        	4.328840e-18
1026.75       	4.326841e-18
1026.8        	4.324843e-18
1026.85       	4.322846e-18
1026.9        	4.320851e-18
1026.95       	4.318857e-18
1027          	4.316865e-18
1027.05       	4.314873e-18
1027.1        	4.312884e-18
1027.15       	4.310895e-18
1027.2        	4.308908e-18
1027.25       	4.306922e-18
1027.3        	4.304937e-18
1027.35       	4.302953e-18
1027.4        	4.300971e-18
1027.45       	4.298989e-18
1027.5        	4.297009e-18
1027.55       	4.295030e-18
1027.6        	4.293053e-18
1027.65       	4.291076e-18
1027.7        	4.289101e-18
1027.75       	4.287127e-18
1027.8        	4.285154e-18
1027.85       	4.283182e-18
1027.9        	4.281212e-18
1027.95       	4.279242e-18
1028          	4.277275e-18
1028.05       	4.275308e-18
1028.1        	4.273342e-18
1028.15       	4.271378e-18
1028.2        	4.269416e-18
1028.25       	4.267454e-18
1028.3        	4.265494e-18
1028.35       	4.263535e-18
1028.4        	4.261578e-18
1028.45       	4.259622e-18
1028.5        	4.257668e-18
1028.55       	4.255715e-18
1028.6        	4.253764e-18
1028.65       	4.251814e-18
1028.7        	4.249865e-18
1028.75       	4.247919e-18
1028.8        	4.245973e-18
1028.85       	4.244030e-18
1028.9        	4.242088e-18
1028.95       	4.240148e-18
1029          	4.238210e-18
1029.05       	4.236273e-18
1029.1        	4.234338e-18
1029.15       	4.232405e-18
1029.2        	4.230473e-18
1029.25       	4.228544e-18
1029.3        	4.226616e-18
1029.35       	4.224691e-18
1029.4        	4.222767e-18
1029.45       	4.220845e-18
1029.5        	4.218926e-18
1029.55       	4.217008e-18
1029.6        	4.215092e-18
1029.65       	4.213179e-18
1029.7        	4.211267e-18
1029.75       	4.209358e-18
1029.8        	4.207451e-18
1029.85       	4.205545e-18
1029.9        	4.203643e-18
1029.95       	4.201742e-18
1030          	4.199844e-18
1030.05       	4.197948e-18
1030.1        	4.196054e-18
1030.15       	4.194162e-18
1030.2        	4.192273e-18
1030.25       	4.190386e-18
1030.3        	4.188502e-18
1030.35       	4.186620e-18
1030.4        	4.184740e-18
1030.45       	4.182863e-18
1030.5        	4.180988e-18
1030.55       	4.179116e-18
1030.6        	4.177246e-18
1030.65       	4.175379e-18
1030.7        	4.173514e-18
1030.75       	4.171652e-18
1030.8        	4.169792e-18
1030.85       	4.167935e-18
1030.9        	4.166080e-18
1030.95       	4.164228e-18
1031          	4.162378e-18
1031.05       	4.160531e-18
1031.1        	4.158687e-18
1031.15       	4.156845e-18
1031.2        	4.155006e-18
1031.25       	4.153169e-18
1031.3        	4.151335e-18
1031.35       	4.149504e-18
1031.4        	4.147675e-18
1031.45       	4.145849e-18
1031.5        	4.144025e-18
1031.55       	4.142204e-18
1031.6        	4.140386e-18
1031.65       	4.138570e-18
1031.7        	4.136757e-18
1031.75       	4.134946e-18
1031.8        	4.133138e-18
1031.85       	4.131333e-18
1031.9        	4.129530e-18
1031.95       	4.127730e-18
1032          	4.125932e-18
1032.05       	4.124137e-18
1032.1        	4.122345e-18
1032.15       	4.120555e-18
1032.2        	4.118768e-18
1032.25       	4.116983e-18
1032.3        	4.115201e-18
1032.35       	4.113422e-18
1032.4        	4.111645e-18
1032.45       	4.109870e-18
1032.5        	4.108099e-18
1032.55       	4.106329e-18
1032.6        	4.104562e-18
1032.65       	4.102798e-18
1032.7        	4.101036e-18
1032.75       	4.099277e-18
1032.8        	4.097520e-18
1032.85       	4.095766e-18
1032.9        	4.094014e-18
1032.95       	4.092265e-18
1033          	4.090518e-18
1033.05       	4.088773e-18
1033.1        	4.087031e-18
1033.15       	4.085292e-18
1033.2        	4.083555e-18
1033.25       	4.081820e-18
1033.3        	4.080088e-18
1033.35       	4.078358e-18
1033.4        	4.076631e-18
1033.45       	4.074906e-18
1033.5        	4.073183e-18
1033.55       	4.071463e-18
1033.6        	4.069746e-18
1033.65       	4.068030e-18
1033.7        	4.066317e-18
1033.75       	4.064607e-18
1033.8        	4.062899e-18
1033.85       	4.061193e-18
1033.9        	4.059490e-18
1033.95       	4.057789e-18
1034          	4.056090e-18
1034.05       	4.054394e-18
1034.1        	4.052701e-18
1034.15       	4.051009e-18
1034.2        	4.049320e-18
1034.25       	4.047634e-18
1034.3        	4.045949e-18
1034.35       	4.044268e-18
1034.4        	4.042588e-18
1034.45       	4.040911e-18
1034.5        	4.039236e-18
1034.55       	4.037564e-18
1034.6        	4.035894e-18
1034.65       	4.034226e-18
1034.7        	4.032561e-18
1034.75       	4.030898e-18
1034.8        	4.029238e-18
1034.85       	4.027580e-18
1034.9        	4.025924e-18
1034.95       	4.024271e-18
1035          	4.022620e-18
1035.05       	4.020971e-18
1035.1        	4.019325e-18
1035.15       	4.017681e-18
1035.2        	4.016040e-18
1035.25       	4.014401e-18
1035.3        	4.012764e-18
1035.35       	4.011130e-18
1035.4        	4.009498e-18
1035.45       	4.007868e-18
1035.5        	4.006241e-18
1035.55       	4.004616e-18
1035.6        	4.002993e-18
1035.65       	4.001373e-18
1035.7        	3.999755e-18
1035.75       	3.998139e-18
1035.8        	3.996526e-18
1035.85       	3.994915e-18
1035.9        	3.993306e-18
1035.95       	3.991700e-18
1036          	3.990095e-18
1036.05       	3.988493e-18
1036.1        	3.986894e-18
1036.15       	3.985296e-18
1036.2        	3.983701e-18
1036.25       	3.982108e-18
1036.3        	3.980517e-18
1036.35       	3.978929e-18
1036.4        	3.977342e-18
1036.45       	3.975758e-18
1036.5        	3.974176e-18
1036.55       	3.972596e-18
1036.6        	3.971018e-18
1036.65       	3.969442e-18
1036.7        	3.967869e-18
1036.75       	3.966297e-18
1036.8        	3.964727e-18
1036.85       	3.963160e-18
1036.9        	3.961594e-18
1036.95       	3.960030e-18
1037          	3.958469e-18
1037.05       	3.956909e-18
1037.1        	3.955351e-18
1037.15       	3.953795e-18
1037.2        	3.952241e-18
1037.25       	3.950689e-18
1037.3        	3.949138e-18
1037.35       	3.947589e-18
1037.4        	3.946042e-18
1037.45       	3.944497e-18
1037.5        	3.942954e-18
1037.55       	3.941412e-18
1037.6        	3.939871e-18
1037.65       	3.938333e-18
1037.7        	3.936796e-18
1037.75       	3.935260e-18
1037.8        	3.933726e-18
1037.85       	3.932194e-18
1037.9        	3.930663e-18
1037.95       	3.929133e-18
1038          	3.927605e-18
1038.05       	3.926079e-18
1038.1        	3.924554e-18
1038.15       	3.923030e-18
1038.2        	3.921507e-18
1038.25       	3.919986e-18
1038.3        	3.918466e-18
1038.35       	3.916947e-18
1038.4        	3.915429e-18
1038.45       	3.913913e-18
1038.5        	3.912398e-18
1038.55       	3.910884e-18
1038.6        	3.909371e-18
1038.65       	3.907859e-18
1038.7        	3.906348e-18
1038.75       	3.904838e-18
1038.8        	3.903329e-18
1038.85       	3.901822e-18
1038.9        	3.900315e-18
1038.95       	3.898809e-18
1039          	3.897304e-18
1039.05       	3.895800e-18
1039.1        	3.894297e-18
1039.15       	3.892795e-18
1039.2        	3.891293e-18
1039.25       	3.889793e-18
1039.3        	3.888293e-18
1039.35       	3.886794e-18
1039.4        	3.885296e-18
1039.45       	3.883799e-18
1039.5        	3.882303e-18
1039.55       	3.880807e-18
1039.6        	3.879312e-18
1039.65       	3.877818e-18
1039.7        	3.876324e-18
1039.75       	3.874831e-18
1039.8        	3.873339e-18
1039.85       	3.871848e-18
1039.9        	3.870357e-18
1039.95       	3.868867e-18
1040          	3.867377e-18
1040.05       	3.865889e-18
1040.1        	3.864401e-18
1040.15       	3.862913e-18
1040.2        	3.861426e-18
1040.25       	3.859940e-18
1040.3        	3.858455e-18
1040.35       	3.856970e-18
1040.4        	3.855486e-18
1040.45       	3.854002e-18
1040.5        	3.852520e-18
1040.55       	3.851037e-18
1040.6        	3.849556e-18
1040.65       	3.848075e-18
1040.7        	3.846595e-18
1040.75       	3.845115e-18
1040.8        	3.843636e-18
1040.85       	3.842158e-18
1040.9        	3.840681e-18
1040.95       	3.839204e-18
1041          	3.837728e-18
1041.05       	3.836252e-18
1041.1        	3.834778e-18
1041.15       	3.833304e-18
1041.2        	3.831831e-18
1041.25       	3.830358e-18
1041.3        	3.828886e-18
1041.35       	3.827415e-18
1041.4        	3.825945e-18
1041.45       	3.824476e-18
1041.5        	3.823007e-18
1041.55       	3.821539e-18
1041.6        	3.820072e-18
1041.65       	3.818606e-18
1041.7        	3.817141e-18
1041.75       	3.815677e-18
1041.8        	3.814213e-18
1041.85       	3.812751e-18
1041.9        	3.811289e-18
1041.95       	3.809828e-18
1042          	3.808368e-18
1042.05       	3.806909e-18
1042.1        	3.805451e-18
1042.15       	3.803994e-18
1042.2        	3.802538e-18
1042.25       	3.801083e-18
1042.3        	3.799629e-18
1042.35       	3.798176e-18
1042.4        	3.796725e-18
1042.45       	3.795274e-18
1042.5        	3.793824e-18
1042.55       	3.792375e-18
1042.6        	3.790928e-18
1042.65       	3.789482e-18
1042.7        	3.788036e-18
1042.75       	3.786592e-18
1042.8        	3.785149e-18
1042.85       	3.783708e-18
1042.9        	3.782267e-18
1042.95       	3.780828e-18
1043          	3.779390e-18
1043.05       	3.777953e-18
1043.1        	3.776518e-18
1043.15       	3.775084e-18
1043.2        	3.773651e-18
1043.25       	3.772219e-18
1043.3        	3.770789e-18
1043.35       	3.769360e-18
1043.4        	3.767932e-18
1043.45       	3.766506e-18
1043.5        	3.765081e-18
1043.55       	3.763658e-18
1043.6        	3.762235e-18
1043.65       	3.760815e-18
1043.7        	3.759395e-18
1043.75       	3.757978e-18
1043.8        	3.756561e-18
1043.85       	3.755146e-18
1043.9        	3.753733e-18
1043.95       	3.752321e-18
1044          	3.750910e-18
1044.05       	3.749501e-18
1044.1        	3.748094e-18
1044.15       	3.746688e-18
1044.2        	3.745284e-18
1044.25       	3.743881e-18
1044.3        	3.742479e-18
1044.35       	3.741080e-18
1044.4        	3.739681e-18
1044.45       	3.738285e-18
1044.5        	3.736890e-18
1044.55       	3.735496e-18
1044.6        	3.734104e-18
1044.65       	3.732714e-18
1044.7        	3.731325e-18
1044.75       	3.729938e-18
1044.8        	3.728553e-18
1044.85       	3.727169e-18
1044.9        	3.725786e-18
1044.95       	3.724406e-18
1045          	3.723027e-18
1045.05       	3.721650e-18
1045.1        	3.720274e-18
1045.15       	3.718900e-18
1045.2        	3.717527e-18
1045.25       	3.716157e-18
1045.3        	3.714787e-18
1045.35       	3.713420e-18
1045.4        	3.712054e-18
1045.45       	3.710690e-18
1045.5        	3.709328e-18
1045.55       	3.707967e-18
1045.6        	3.706608e-18
1045.65       	3.705250e-18
1045.7        	3.703894e-18
1045.75       	3.702540e-18
1045.8        	3.701188e-18
1045.85       	3.699837e-18
1045.9        	3.698488e-18
1045.95       	3.697140e-18
1046          	3.695794e-18
1046.05       	3.694450e-18
1046.1        	3.693108e-18
1046.15       	3.691767e-18
1046.2        	3.690428e-18
1046.25       	3.689090e-18
1046.3        	3.687754e-18
1046.35       	3.686420e-18
1046.4        	3.685087e-18
1046.45       	3.683756e-18
1046.5        	3.682427e-18
1046.55       	3.681099e-18
1046.6        	3.679773e-18
1046.65       	3.678449e-18
1046.7        	3.677126e-18
1046.75       	3.675805e-18
1046.8        	3.674486e-18
1046.85       	3.673168e-18
1046.9        	3.671851e-18
1046.95       	3.670537e-18
1047          	3.669223e-18
1047.05       	3.667912e-18
1047.1        	3.666602e-18
1047.15       	3.665294e-18
1047.2        	3.663987e-18
1047.25       	3.662682e-18
1047.3        	3.661378e-18
1047.35       	3.660076e-18
1047.4        	3.658775e-18
1047.45       	3.657476e-18
1047.5        	3.656179e-18
1047.55       	3.654883e-18
1047.6        	3.653589e-18
1047.65       	3.652296e-18
1047.7        	3.651005e-18
1047.75       	3.649715e-18
1047.8        	3.648426e-18
1047.85       	3.647140e-18
1047.9        	3.645854e-18
1047.95       	3.644570e-18
1048          	3.643288e-18
1048.05       	3.642007e-18
1048.1        	3.640727e-18
1048.15       	3.639449e-18
1048.2        	3.638173e-18
1048.25       	3.636898e-18
1048.3        	3.635624e-18
1048.35       	3.634351e-18
1048.4        	3.633080e-18
1048.45       	3.631811e-18
1048.5        	3.630543e-18
1048.55       	3.629276e-18
1048.6        	3.628010e-18
1048.65       	3.626746e-18
1048.7        	3.625484e-18
1048.75       	3.624222e-18
1048.8        	3.622962e-18
1048.85       	3.621703e-18
1048.9        	3.620446e-18
1048.95       	3.619190e-18
1049          	3.617935e-18
1049.05       	3.616682e-18
1049.1        	3.615429e-18
1049.15       	3.614178e-18
1049.2        	3.612929e-18
1049.25       	3.611680e-18
1049.3        	3.610433e-18
1049.35       	3.609187e-18
1049.4        	3.607942e-18
1049.45       	3.606698e-18
1049.5        	3.605456e-18
1049.55       	3.604215e-18
1049.6        	3.602975e-18
1049.65       	3.601736e-18
1049.7        	3.600498e-18
1049.75       	3.599261e-18
1049.8        	3.598026e-18
1049.85       	3.596792e-18
1049.9        	3.595559e-18
1049.95       	3.594326e-18
1050          	3.593095e-18
1050.05       	3.591866e-18
1050.1        	3.590637e-18
1050.15       	3.589409e-18
1050.2        	3.588182e-18
1050.25       	3.586957e-18
1050.3        	3.585732e-18
1050.35       	3.584509e-18
1050.4        	3.583286e-18
1050.45       	3.582065e-18
1050.5        	3.580844e-18
1050.55       	3.579625e-18
1050.6        	3.578406e-18
1050.65       	3.577189e-18
1050.7        	3.575972e-18
1050.75       	3.574756e-18
1050.8        	3.573542e-18
1050.85       	3.572328e-18
1050.9        	3.571115e-18
1050.95       	3.569904e-18
1051          	3.568693e-18
1051.05       	3.567483e-18
1051.1        	3.566274e-18
1051.15       	3.565065e-18
1051.2        	3.563858e-18
1051.25       	3.562652e-18
1051.3        	3.561446e-18
1051.35       	3.560241e-18
1051.4        	3.559038e-18
1051.45       	3.557835e-18
1051.5        	3.556633e-18
1051.55       	3.555431e-18
1051.6        	3.554231e-18
1051.65       	3.553031e-18
1051.7        	3.551832e-18
1051.75       	3.550634e-18
1051.8        	3.549437e-18
1051.85       	3.548241e-18
1051.9        	3.547045e-18
1051.95       	3.545851e-18
1052          	3.544657e-18
1052.05       	3.543464e-18
1052.1        	3.542271e-18
1052.15       	3.541080e-18
1052.2        	3.539889e-18
1052.25       	3.538699e-18
1052.3        	3.537509e-18
1052.35       	3.536321e-18
1052.4        	3.535133e-18
1052.45       	3.533946e-18
1052.5        	3.532760e-18
1052.55       	3.531574e-18
1052.6        	3.530389e-18
1052.65       	3.529205e-18
1052.7        	3.528022e-18
1052.75       	3.526839e-18
1052.8        	3.525657e-18
1052.85       	3.524476e-18
1052.9        	3.523296e-18
1052.95       	3.522116e-18
1053          	3.520937e-18
1053.05       	3.519759e-18
1053.1        	3.518582e-18
1053.15       	3.517405e-18
1053.2        	3.516229e-18
1053.25       	3.515054e-18
1053.3        	3.513879e-18
1053.35       	3.512705e-18
1053.4        	3.511532e-18
1053.45       	3.510360e-18
1053.5        	3.509188e-18
1053.55       	3.508017e-18
1053.6        	3.506847e-18
1053.65       	3.505677e-18
1053.7        	3.504508e-18
1053.75       	3.503340e-18
1053.8        	3.502173e-18
1053.85       	3.501006e-18
1053.9        	3.499840e-18
1053.95       	3.498675e-18
1054          	3.497511e-18
1054.05       	3.496347e-18
1054.1        	3.495184e-18
1054.15       	3.494022e-18
1054.2        	3.492860e-18
1054.25       	3.491700e-18
1054.3        	3.490540e-18
1054.35       	3.489380e-18
1054.4        	3.488222e-18
1054.45       	3.487064e-18
1054.5        	3.485907e-18
1054.55       	3.484751e-18
1054.6        	3.483595e-18
1054.65       	3.482441e-18
1054.7        	3.481287e-18
1054.75       	3.480133e-18
1054.8        	3.478981e-18
1054.85       	3.477829e-18
1054.9        	3.476678e-18
1054.95       	3.475528e-18
1055          	3.474379e-18
1055.05       	3.473230e-18
1055.1        	3.472083e-18
1055.15       	3.470936e-18
1055.2        	3.469789e-18
1055.25       	3.468644e-18
1055.3        	3.467499e-18
1055.35       	3.466356e-18
1055.4        	3.465213e-18
1055.45       	3.464070e-18
1055.5        	3.462929e-18
1055.55       	3.461789e-18
1055.6        	3.460649e-18
1055.65       	3.459510e-18
1055.7        	3.458372e-18
1055.75       	3.457235e-18
1055.8        	3.456098e-18
1055.85       	3.454963e-18
1055.9        	3.453828e-18
1055.95       	3.452694e-18
1056          	3.451561e-18
1056.05       	3.450429e-18
1056.1        	3.449298e-18
1056.15       	3.448167e-18
1056.2        	3.447037e-18
1056.25       	3.445909e-18
1056.3        	3.444781e-18
1056.35       	3.443654e-18
1056.4        	3.442528e-18
1056.45       	3.441403e-18
1056.5        	3.440278e-18
1056.55       	3.439155e-18
1056.6        	3.438032e-18
1056.65       	3.436910e-18
1056.7        	3.435790e-18
1056.75       	3.434670e-18
1056.8        	3.433551e-18
1056.85       	3.432433e-18
1056.9        	3.431316e-18
1056.95       	3.430199e-18
1057          	3.429084e-18
1057.05       	3.427969e-18
1057.1        	3.426856e-18
1057.15       	3.425743e-18
1057.2        	3.424632e-18
1057.25       	3.423521e-18
1057.3        	3.422411e-18
1057.35       	3.421302e-18
1057.4        	3.420194e-18
1057.45       	3.419087e-18
1057.5        	3.417981e-18
1057.55       	3.416876e-18
1057.6        	3.415772e-18
1057.65       	3.414668e-18
1057.7        	3.413566e-18
1057.75       	3.412465e-18
1057.8        	3.411364e-18
1057.85       	3.410265e-18
1057.9        	3.409166e-18
1057.95       	3.408069e-18
1058          	3.406972e-18
1058.05       	3.405876e-18
1058.1        	3.404782e-18
1058.15       	3.403688e-18
1058.2        	3.402595e-18
1058.25       	3.401503e-18
1058.3        	3.400412e-18
1058.35       	3.399322e-18
1058.4        	3.398233e-18
1058.45       	3.397145e-18
1058.5        	3.396058e-18
1058.55       	3.394972e-18
1058.6        	3.393887e-18
1058.65       	3.392803e-18
1058.7        	3.391720e-18
1058.75       	3.390638e-18
1058.8        	3.389556e-18
1058.85       	3.388476e-18
1058.9        	3.387397e-18
1058.95       	3.386318e-18
1059          	3.385241e-18
1059.05       	3.384165e-18
1059.1        	3.383089e-18
1059.15       	3.382015e-18
1059.2        	3.380941e-18
1059.25       	3.379869e-18
1059.3        	3.378797e-18
1059.35       	3.377726e-18
1059.4        	3.376657e-18
1059.45       	3.375588e-18
1059.5        	3.374520e-18
1059.55       	3.373453e-18
1059.6        	3.372388e-18
1059.65       	3.371323e-18
1059.7        	3.370259e-18
1059.75       	3.369196e-18
1059.8        	3.368134e-18
1059.85       	3.367073e-18
1059.9        	3.366013e-18
1059.95       	3.364954e-18
1060          	3.363895e-18
1060.05       	3.362838e-18
1060.1        	3.361782e-18
1060.15       	3.360726e-18
1060.2        	3.359672e-18
1060.25       	3.358618e-18
1060.3        	3.357566e-18
1060.35       	3.356514e-18
1060.4        	3.355463e-18
1060.45       	3.354414e-18
1060.5        	3.353365e-18
1060.55       	3.352317e-18
1060.6        	3.351270e-18
1060.65       	3.350224e-18
1060.7        	3.349179e-18
1060.75       	3.348134e-18
1060.8        	3.347091e-18
1060.85       	3.346049e-18
1060.9        	3.345007e-18
1060.95       	3.343966e-18
1061          	3.342927e-18
1061.05       	3.341888e-18
1061.1        	3.340850e-18
1061.15       	3.339813e-18
1061.2        	3.338777e-18
1061.25       	3.337741e-18
1061.3        	3.336707e-18
1061.35       	3.335673e-18
1061.4        	3.334641e-18
1061.45       	3.333609e-18
1061.5        	3.332578e-18
1061.55       	3.331548e-18
1061.6        	3.330519e-18
1061.65       	3.329490e-18
1061.7        	3.328463e-18
1061.75       	3.327436e-18
1061.8        	3.326411e-18
1061.85       	3.325386e-18
1061.9        	3.324362e-18
1061.95       	3.323338e-18
1062          	3.322316e-18
1062.05       	3.321294e-18
1062.1        	3.320273e-18
1062.15       	3.319253e-18
1062.2        	3.318234e-18
1062.25       	3.317216e-18
1062.3        	3.316198e-18
1062.35       	3.315182e-18
1062.4        	3.314166e-18
1062.45       	3.313150e-18
1062.5        	3.312136e-18
1062.55       	3.311123e-18
1062.6        	3.310110e-18
1062.65       	3.309098e-18
1062.7        	3.308086e-18
1062.75       	3.307076e-18
1062.8        	3.306066e-18
1062.85       	3.305057e-18
1062.9        	3.304049e-18
1062.95       	3.303042e-18
1063          	3.302035e-18
1063.05       	3.301029e-18
1063.1        	3.300024e-18
1063.15       	3.299019e-18
1063.2        	3.298016e-18
1063.25       	3.297013e-18
1063.3        	3.296010e-18
1063.35       	3.295009e-18
1063.4        	3.294008e-18
1063.45       	3.293008e-18
1063.5        	3.292008e-18
1063.55       	3.291009e-18
1063.6        	3.290011e-18
1063.65       	3.289014e-18
1063.7        	3.288017e-18
1063.75       	3.287021e-18
1063.8        	3.286026e-18
1063.85       	3.285032e-18
1063.9        	3.284038e-18
1063.95       	3.283044e-18
1064          	3.282052e-18
1064.05       	3.281060e-18
1064.1        	3.280068e-18
1064.15       	3.279078e-18
1064.2        	3.278088e-18
1064.25       	3.277098e-18
1064.3        	3.276110e-18
1064.35       	3.275122e-18
1064.4        	3.274134e-18
1064.45       	3.273147e-18
1064.5        	3.272161e-18
1064.55       	3.271176e-18
1064.6        	3.270191e-18
1064.65       	3.269207e-18
1064.7        	3.268223e-18
1064.75       	3.267240e-18
1064.8        	3.266257e-18
1064.85       	3.265275e-18
1064.9        	3.264294e-18
1064.95       	3.263313e-18
1065          	3.262333e-18
1065.05       	3.261354e-18
1065.1        	3.260375e-18
1065.15       	3.259397e-18
1065.2        	3.258419e-18
1065.25       	3.257442e-18
1065.3        	3.256465e-18
1065.35       	3.255489e-18
1065.4        	3.254514e-18
1065.45       	3.253539e-18
1065.5        	3.252565e-18
1065.55       	3.251591e-18
1065.6        	3.250618e-18
1065.65       	3.249645e-18
1065.7        	3.248673e-18
1065.75       	3.247702e-18
1065.8        	3.246731e-18
1065.85       	3.245760e-18
1065.9        	3.244790e-18
1065.95       	3.243821e-18
1066          	3.242852e-18
1066.05       	3.241884e-18
1066.1        	3.240917e-18
1066.15       	3.239949e-18
1066.2        	3.238983e-18
1066.25       	3.238017e-18
1066.3        	3.237051e-18
1066.35       	3.236086e-18
1066.4        	3.235122e-18
1066.45       	3.234158e-18
1066.5        	3.233194e-18
1066.55       	3.232231e-18
1066.6        	3.231269e-18
1066.65       	3.230307e-18
1066.7        	3.229346e-18
1066.75       	3.228385e-18
1066.8        	3.227425e-18
1066.85       	3.226465e-18
1066.9        	3.225506e-18
1066.95       	3.224547e-18
1067          	3.223589e-18
1067.05       	3.222631e-18
1067.1        	3.221674e-18
1067.15       	3.220717e-18
1067.2        	3.219761e-18
1067.25       	3.218805e-18
1067.3        	3.217850e-18
1067.35       	3.216895e-18
1067.4        	3.215941e-18
1067.45       	3.214987e-18
1067.5        	3.214034e-18
1067.55       	3.213082e-18
1067.6        	3.212130e-18
1067.65       	3.211178e-18
1067.7        	3.210227e-18
1067.75       	3.209276e-18
1067.8        	3.208326e-18
1067.85       	3.207377e-18
1067.9        	3.206427e-18
1067.95       	3.205479e-18
1068          	3.204531e-18
1068.05       	3.203583e-18
1068.1        	3.202636e-18
1068.15       	3.201690e-18
1068.2        	3.200743e-18
1068.25       	3.199798e-18
1068.3        	3.198853e-18
1068.35       	3.197908e-18
1068.4        	3.196964e-18
1068.45       	3.196021e-18
1068.5        	3.195078e-18
1068.55       	3.194135e-18
1068.6        	3.193193e-18
1068.65       	3.192251e-18
1068.7        	3.191310e-18
1068.75       	3.190370e-18
1068.8        	3.189430e-18
1068.85       	3.188490e-18
1068.9        	3.187551e-18
1068.95       	3.186613e-18
1069          	3.185675e-18
1069.05       	3.184737e-18
1069.1        	3.183801e-18
1069.15       	3.182864e-18
1069.2        	3.181928e-18
1069.25       	3.180993e-18
1069.3        	3.180058e-18
1069.35       	3.179123e-18
1069.4        	3.178189e-18
1069.45       	3.177256e-18
1069.5        	3.176323e-18
1069.55       	3.175391e-18
1069.6        	3.174459e-18
1069.65       	3.173528e-18
1069.7        	3.172597e-18
1069.75       	3.171667e-18
1069.8        	3.170737e-18
1069.85       	3.169808e-18
1069.9        	3.168879e-18
1069.95       	3.167951e-18
1070          	3.167023e-18
1070.05       	3.166096e-18
1070.1        	3.165169e-18
1070.15       	3.164243e-18
1070.2        	3.163317e-18
1070.25       	3.162392e-18
1070.3        	3.161467e-18
1070.35       	3.160543e-18
1070.4        	3.159620e-18
1070.45       	3.158697e-18
1070.5        	3.157774e-18
1070.55       	3.156852e-18
1070.6        	3.155931e-18
1070.65       	3.155010e-18
1070.7        	3.154090e-18
1070.75       	3.153170e-18
1070.8        	3.152250e-18
1070.85       	3.151332e-18
1070.9        	3.150413e-18
1070.95       	3.149496e-18
1071          	3.148578e-18
1071.05       	3.147662e-18
1071.1        	3.146746e-18
1071.15       	3.145830e-18
1071.2        	3.144915e-18
1071.25       	3.144000e-18
1071.3        	3.143086e-18
1071.35       	3.142173e-18
1071.4        	3.141260e-18
1071.45       	3.140347e-18
1071.5        	3.139436e-18
1071.55       	3.138524e-18
1071.6        	3.137613e-18
1071.65       	3.136703e-18
1071.7        	3.135793e-18
1071.75       	3.134884e-18
1071.8        	3.133976e-18
1071.85       	3.133067e-18
1071.9        	3.132160e-18
1071.95       	3.131253e-18
1072          	3.130346e-18
1072.05       	3.129440e-18
1072.1        	3.128535e-18
1072.15       	3.127630e-18
1072.2        	3.126726e-18
1072.25       	3.125822e-18
1072.3        	3.124918e-18
1072.35       	3.124016e-18
1072.4        	3.123113e-18
1072.45       	3.122212e-18
1072.5        	3.121311e-18
1072.55       	3.120410e-18
1072.6        	3.119510e-18
1072.65       	3.118610e-18
1072.7        	3.117711e-18
1072.75       	3.116813e-18
1072.8        	3.115915e-18
1072.85       	3.115018e-18
1072.9        	3.114121e-18
1072.95       	3.113225e-18
1073          	3.112329e-18
1073.05       	3.111434e-18
1073.1        	3.110539e-18
1073.15       	3.109645e-18
1073.2        	3.108751e-18
1073.25       	3.107858e-18
1073.3        	3.106966e-18
1073.35       	3.106074e-18
1073.4        	3.105182e-18
1073.45       	3.104291e-18
1073.5        	3.103401e-18
1073.55       	3.102511e-18
1073.6        	3.101622e-18
1073.65       	3.100733e-18
1073.7        	3.099845e-18
1073.75       	3.098957e-18
1073.8        	3.098070e-18
1073.85       	3.097183e-18
1073.9        	3.096297e-18
1073.95       	3.095412e-18
1074          	3.094527e-18
1074.05       	3.093642e-18
1074.1        	3.092758e-18
1074.15       	3.091875e-18
1074.2        	3.090992e-18
1074.25       	3.090110e-18
1074.3        	3.089228e-18
1074.35       	3.088346e-18
1074.4        	3.087466e-18
1074.45       	3.086585e-18
1074.5        	3.085706e-18
1074.55       	3.084826e-18
1074.6        	3.083948e-18
1074.65       	3.083070e-18
1074.7        	3.082192e-18
1074.75       	3.081315e-18
1074.8        	3.080438e-18
1074.85       	3.079562e-18
1074.9        	3.078687e-18
1074.95       	3.077812e-18
1075          	3.076937e-18
1075.05       	3.076063e-18
1075.1        	3.075190e-18
1075.15       	3.074317e-18
1075.2        	3.073444e-18
1075.25       	3.072572e-18
1075.3        	3.071701e-18
1075.35       	3.070830e-18
1075.4        	3.069960e-18
1075.45       	3.069090e-18
1075.5        	3.068220e-18
1075.55       	3.067351e-18
1075.6        	3.066483e-18
1075.65       	3.065615e-18
1075.7        	3.064748e-18
1075.75       	3.063881e-18
1075.8        	3.063015e-18
1075.85       	3.062149e-18
1075.9        	3.061284e-18
1075.95       	3.060419e-18
1076          	3.059554e-18
1076.05       	3.058691e-18
1076.1        	3.057827e-18
1076.15       	3.056965e-18
1076.2        	3.056102e-18
1076.25       	3.055240e-18
1076.3        	3.054379e-18
1076.35       	3.053518e-18
1076.4        	3.052658e-18
1076.45       	3.051798e-18
1076.5        	3.050939e-18
1076.55       	3.050080e-18
1076.6        	3.049222e-18
1076.65       	3.048364e-18
1076.7        	3.047506e-18
1076.75       	3.046649e-18
1076.8        	3.045793e-18
1076.85       	3.044937e-18
1076.9        	3.044082e-18
1076.95       	3.043227e-18
1077          	3.042372e-18
1077.05       	3.041518e-18
1077.1        	3.040665e-18
1077.15       	3.039812e-18
1077.2        	3.038959e-18
1077.25       	3.038107e-18
1077.3        	3.037255e-18
1077.35       	3.036404e-18
1077.4        	3.035554e-18
1077.45       	3.034703e-18
1077.5        	3.033854e-18
1077.55       	3.033005e-18
1077.6        	3.032156e-18
1077.65       	3.031308e-18
1077.7        	3.030460e-18
1077.75       	3.029612e-18
1077.8        	3.028765e-18
1077.85       	3.027919e-18
1077.9        	3.027073e-18
1077.95       	3.026228e-18
1078          	3.025383e-18
1078.05       	3.024538e-18
1078.1        	3.023694e-18
1078.15       	3.022850e-18
1078.2        	3.022007e-18
1078.25       	3.021165e-18
1078.3        	3.020322e-18
1078.35       	3.019480e-18
1078.4        	3.018639e-18
1078.45       	3.017798e-18
1078.5        	3.016958e-18
1078.55       	3.016118e-18
1078.6        	3.015278e-18
1078.65       	3.014439e-18
1078.7        	3.013601e-18
1078.75       	3.012763e-18
1078.8        	3.011925e-18
1078.85       	3.011088e-18
1078.9        	3.010251e-18
1078.95       	3.009415e-18
1079          	3.008579e-18
1079.05       	3.007743e-18
1079.1        	3.006908e-18
1079.15       	3.006074e-18
1079.2        	3.005240e-18
1079.25       	3.004406e-18
1079.3        	3.003573e-18
1079.35       	3.002740e-18
1079.4        	3.001908e-18
1079.45       	3.001076e-18
1079.5        	3.000245e-18
1079.55       	2.999414e-18
1079.6        	2.998583e-18
1079.65       	2.997753e-18
1079.7        	2.996923e-18
1079.75       	2.996094e-18
1079.8        	2.995265e-18
1079.85       	2.994437e-18
1079.9        	2.993609e-18
1079.95       	2.992782e-18
1080          	2.991955e-18
1080.05       	2.991128e-18
1080.1        	2.990302e-18
1080.15       	2.989477e-18
1080.2        	2.988651e-18
1080.25       	2.987827e-18
1080.3        	2.987002e-18
1080.35       	2.986178e-18
1080.4        	2.985355e-18
1080.45       	2.984532e-18
1080.5        	2.983709e-18
1080.55       	2.982887e-18
1080.6        	2.982065e-18
1080.65       	2.981244e-18
1080.7        	2.980423e-18
1080.75       	2.979602e-18
1080.8        	2.978782e-18
1080.85       	2.977963e-18
1080.9        	2.977144e-18
1080.95       	2.976325e-18
1081          	2.975507e-18
1081.05       	2.974689e-18
1081.1        	2.973871e-18
1081.15       	2.973054e-18
1081.2        	2.972238e-18
1081.25       	2.971422e-18
1081.3        	2.970606e-18
1081.35       	2.969791e-18
1081.4        	2.968976e-18
1081.45       	2.968162e-18
1081.5        	2.967348e-18
1081.55       	2.966534e-18
1081.6        	2.965721e-18
1081.65       	2.964908e-18
1081.7        	2.964096e-18
1081.75       	2.963284e-18
1081.8        	2.962473e-18
1081.85       	2.961662e-18
1081.9        	2.960851e-18
1081.95       	2.960041e-18
1082          	2.959231e-18
1082.05       	2.958422e-18
1082.1        	2.957613e-18
1082.15       	2.956805e-18
1082.2        	2.955997e-18
1082.25       	2.955189e-18
1082.3        	2.954382e-18
1082.35       	2.953576e-18
1082.4        	2.952769e-18
1082.45       	2.951963e-18
1082.5        	2.951158e-18
1082.55       	2.950353e-18
1082.6        	2.949548e-18
1082.65       	2.948744e-18
1082.7        	2.947940e-18
1082.75       	2.947137e-18
1082.8        	2.946334e-18
1082.85       	2.945532e-18
1082.9        	2.944730e-18
1082.95       	2.943928e-18
1083          	2.943127e-18
1083.05       	2.942326e-18
1083.1        	2.941526e-18
1083.15       	2.940726e-18
1083.2        	2.939927e-18
1083.25       	2.939127e-18
1083.3        	2.938329e-18
1083.35       	2.937531e-18
1083.4        	2.936733e-18
1083.45       	2.935935e-18
1083.5        	2.935138e-18
1083.55       	2.934342e-18
1083.6        	2.933546e-18
1083.65       	2.932750e-18
1083.7        	2.931955e-18
1083.75       	2.931160e-18
1083.8        	2.930365e-18
1083.85       	2.929571e-18
1083.9        	2.928778e-18
1083.95       	2.927985e-18
1084          	2.927192e-18
1084.05       	2.926399e-18
1084.1        	2.925608e-18
1084.15       	2.924816e-18
1084.2        	2.924025e-18
1084.25       	2.923234e-18
1084.3        	2.922444e-18
1084.35       	2.921654e-18
1084.4        	2.920865e-18
1084.45       	2.920076e-18
1084.5        	2.919287e-18
1084.55       	2.918499e-18
1084.6        	2.917711e-18
1084.65       	2.916924e-18
1084.7        	2.916137e-18
1084.75       	2.915350e-18
1084.8        	2.914564e-18
1084.85       	2.913778e-18
1084.9        	2.912993e-18
1084.95       	2.912208e-18
1085          	2.911424e-18
1085.05       	2.910640e-18
1085.1        	2.909856e-18
1085.15       	2.909073e-18
1085.2        	2.908290e-18
1085.25       	2.907508e-18
1085.3        	2.906726e-18
1085.35       	2.905944e-18
1085.4        	2.905163e-18
1085.45       	2.904382e-18
1085.5        	2.903602e-18
1085.55       	2.902822e-18
1085.6        	2.902042e-18
1085.65       	2.901263e-18
1085.7        	2.900484e-18
1085.75       	2.899706e-18
1085.8        	2.898928e-18
1085.85       	2.898150e-18
1085.9        	2.897373e-18
1085.95       	2.896596e-18
1086          	2.895820e-18
1086.05       	2.895044e-18
1086.1        	2.894269e-18
1086.15       	2.893493e-18
1086.2        	2.892719e-18
1086.25       	2.891944e-18
1086.3        	2.891170e-18
1086.35       	2.890397e-18
1086.4        	2.889624e-18
1086.45       	2.888851e-18
1086.5        	2.888079e-18
1086.55       	2.887307e-18
1086.6        	2.886535e-18
1086.65       	2.885764e-18
1086.7        	2.884993e-18
1086.75       	2.884223e-18
1086.8        	2.883453e-18
1086.85       	2.882683e-18
1086.9        	2.881914e-18
1086.95       	2.881145e-18
1087          	2.880377e-18
1087.05       	2.879609e-18
1087.1        	2.878841e-18
1087.15       	2.878074e-18
1087.2        	2.877307e-18
1087.25       	2.876541e-18
1087.3        	2.875775e-18
1087.35       	2.875009e-18
1087.4        	2.874244e-18
1087.45       	2.873479e-18
1087.5        	2.872714e-18
1087.55       	2.871950e-18
1087.6        	2.871186e-18
1087.65       	2.870423e-18
1087.7        	2.869660e-18
1087.75       	2.868897e-18
1087.8        	2.868135e-18
1087.85       	2.867373e-18
1087.9        	2.866612e-18
1087.95       	2.865850e-18
1088          	2.865090e-18
1088.05       	2.864329e-18
1088.1        	2.863569e-18
1088.15       	2.862810e-18
1088.2        	2.862051e-18
1088.25       	2.861292e-18
1088.3        	2.860533e-18
1088.35       	2.859775e-18
1088.4        	2.859017e-18
1088.45       	2.858260e-18
1088.5        	2.857503e-18
1088.55       	2.856746e-18
1088.6        	2.855990e-18
1088.65       	2.855234e-18
1088.7        	2.854479e-18
1088.75       	2.853723e-18
1088.8        	2.852969e-18
1088.85       	2.852214e-18
1088.9        	2.851460e-18
1088.95       	2.850706e-18
1089          	2.849953e-18
1089.05       	2.849200e-18
1089.1        	2.848448e-18
1089.15       	2.847695e-18
1089.2        	2.846943e-18
1089.25       	2.846192e-18
1089.3        	2.845441e-18
1089.35       	2.844690e-18
1089.4        	2.843939e-18
1089.45       	2.843189e-18
1089.5        	2.842439e-18
1089.55       	2.841690e-18
1089.6        	2.840941e-18
1089.65       	2.840192e-18
1089.7        	2.839444e-18
1089.75       	2.838696e-18
1089.8        	2.837948e-18
1089.85       	2.837201e-18
1089.9        	2.836454e-18
1089.95       	2.835707e-18
1090          	2.834961e-18
1090.05       	2.834215e-18
1090.1        	2.833470e-18
1090.15       	2.832725e-18
1090.2        	2.831980e-18
1090.25       	2.831235e-18
1090.3        	2.830491e-18
1090.35       	2.829747e-18
1090.4        	2.829004e-18
1090.45       	2.828261e-18
1090.5        	2.827518e-18
1090.55       	2.826775e-18
1090.6        	2.826033e-18
1090.65       	2.825291e-18
1090.7        	2.824550e-18
1090.75       	2.823809e-18
1090.8        	2.823068e-18
1090.85       	2.822328e-18
1090.9        	2.821588e-18
1090.95       	2.820848e-18
1091          	2.820108e-18
1091.05       	2.819369e-18
1091.1        	2.818631e-18
1091.15       	2.817892e-18
1091.2        	2.817154e-18
1091.25       	2.816416e-18
1091.3        	2.815679e-18
1091.35       	2.814942e-18
1091.4        	2.814205e-18
1091.45       	2.813468e-18
1091.5        	2.812732e-18
1091.55       	2.811997e-18
1091.6        	2.811261e-18
1091.65       	2.810526e-18
1091.7        	2.809791e-18
1091.75       	2.809057e-18
1091.8        	2.808323e-18
1091.85       	2.807589e-18
1091.9        	2.806855e-18
1091.95       	2.806122e-18
1092          	2.805389e-18
1092.05       	2.804657e-18
1092.1        	2.803924e-18
1092.15       	2.803193e-18
1092.2        	2.802461e-18
1092.25       	2.801730e-18
1092.3        	2.800999e-18
1092.35       	2.800268e-18
1092.4        	2.799538e-18
1092.45       	2.798808e-18
1092.5        	2.798078e-18
1092.55       	2.797349e-18
1092.6        	2.796620e-18
1092.65       	2.795891e-18
1092.7        	2.795163e-18
1092.75       	2.794435e-18
1092.8        	2.793707e-18
1092.85       	2.792979e-18
1092.9        	2.792252e-18
1092.95       	2.791525e-18
1093          	2.790799e-18
1093.05       	2.790073e-18
1093.1        	2.789347e-18
1093.15       	2.788621e-18
1093.2        	2.787896e-18
1093.25       	2.787171e-18
1093.3        	2.786446e-18
1093.35       	2.785722e-18
1093.4        	2.784998e-18
1093.45       	2.784274e-18
1093.5        	2.783551e-18
1093.55       	2.782828e-18
1093.6        	2.782105e-18
1093.65       	2.781383e-18
1093.7        	2.780660e-18
1093.75       	2.779939e-18
1093.8        	2.779217e-18
1093.85       	2.778496e-18
1093.9        	2.777775e-18
1093.95       	2.777054e-18
1094          	2.776334e-18
1094.05       	2.775614e-18
1094.1        	2.774894e-18
1094.15       	2.774175e-18
1094.2        	2.773456e-18
1094.25       	2.772737e-18
1094.3        	2.772018e-18
1094.35       	2.771300e-18
1094.4        	2.770582e-18
1094.45       	2.769864e-18
1094.5        	2.769147e-18
1094.55       	2.768430e-18
1094.6        	2.767713e-18
1094.65       	2.766997e-18
1094.7        	2.766281e-18
1094.75       	2.765565e-18
1094.8        	2.764850e-18
1094.85       	2.764134e-18
1094.9        	2.763420e-18
1094.95       	2.762705e-18
1095          	2.761991e-18
1095.05       	2.761277e-18
1095.1        	2.760563e-18
1095.15       	2.759850e-18
1095.2        	2.759136e-18
1095.25       	2.758424e-18
1095.3        	2.757711e-18
1095.35       	2.756999e-18
1095.4        	2.756287e-18
1095.45       	2.755575e-18
1095.5        	2.754864e-18
1095.55       	2.754153e-18
1095.6        	2.753442e-18
1095.65       	2.752732e-18
1095.7        	2.752022e-18
1095.75       	2.751312e-18
1095.8        	2.750602e-18
1095.85       	2.749893e-18
1095.9        	2.749184e-18
1095.95       	2.748475e-18
1096          	2.747767e-18
1096.05       	2.747059e-18
1096.1        	2.746351e-18
1096.15       	2.745644e-18
1096.2        	2.744936e-18
1096.25       	2.744229e-18
1096.3        	2.743523e-18
1096.35       	2.742816e-18
1096.4        	2.742110e-18
1096.45       	2.741405e-18
1096.5        	2.740699e-18
1096.55       	2.739994e-18
1096.6        	2.739289e-18
1096.65       	2.738584e-18
1096.7        	2.737880e-18
1096.75       	2.737176e-18
1096.8        	2.736472e-18
1096.85       	2.735769e-18
1096.9        	2.735066e-18
1096.95       	2.734363e-18
1097          	2.733660e-18
1097.05       	2.732958e-18
1097.1        	2.732256e-18
1097.15       	2.731554e-18
1097.2        	2.730853e-18
1097.25       	2.730152e-18
1097.3        	2.729451e-18
1097.35       	2.728750e-18
1097.4        	2.728050e-18
1097.45       	2.727350e-18
1097.5        	2.726650e-18
1097.55       	2.725951e-18
1097.6        	2.725252e-18
1097.65       	2.724553e-18
1097.7        	2.723854e-18
1097.75       	2.723156e-18
1097.8        	2.722458e-18
1097.85       	2.721760e-18
1097.9        	2.721063e-18
1097.95       	2.720366e-18
1098          	2.719669e-18
1098.05       	2.718972e-18
1098.1        	2.718276e-18
1098.15       	2.717580e-18
1098.2        	2.716884e-18
1098.25       	2.716189e-18
1098.3        	2.715494e-18
1098.35       	2.714799e-18
1098.4        	2.714104e-18
1098.45       	2.713410e-18
1098.5        	2.712716e-18
1098.55       	2.712022e-18
1098.6        	2.711329e-18
1098.65       	2.710636e-18
1098.7        	2.709943e-18
1098.75       	2.709250e-18
1098.8        	2.708558e-18
1098.85       	2.707865e-18
1098.9        	2.707174e-18
1098.95       	2.706482e-18
1099          	2.705791e-18
1099.05       	2.705100e-18
1099.1        	2.704409e-18
1099.15       	2.703719e-18
1099.2        	2.703029e-18
1099.25       	2.702339e-18
1099.3        	2.701649e-18
1099.35       	2.700960e-18
1099.4        	2.700271e-18
1099.45       	2.699582e-18
1099.5        	2.698894e-18
1099.55       	2.698205e-18
1099.6        	2.697517e-18
1099.65       	2.696830e-18
1099.7        	2.696142e-18
1099.75       	2.695455e-18
1099.8        	2.694768e-18
1099.85       	2.694082e-18
1099.9        	2.693396e-18
1099.95       	2.692710e-18
1100          	2.692024e-18
1100.05       	2.691338e-18
1100.1        	2.690653e-18
1100.15       	2.689968e-18
1100.2        	2.689284e-18
1100.25       	2.688599e-18
1100.3        	2.687915e-18
1100.35       	2.687231e-18
1100.4        	2.686548e-18
1100.45       	2.685864e-18
1100.5        	2.685181e-18
1100.55       	2.684498e-18
1100.6        	2.683816e-18
1100.65       	2.683134e-18
1100.7        	2.682452e-18
1100.75       	2.681770e-18
1100.8        	2.681089e-18
1100.85       	2.680407e-18
1100.9        	2.679726e-18
1100.95       	2.679046e-18
1101          	2.678365e-18
1101.05       	2.677685e-18
1101.1        	2.677006e-18
1101.15       	2.676326e-18
1101.2        	2.675647e-18
1101.25       	2.674968e-18
1101.3        	2.674289e-18
1101.35       	2.673610e-18
1101.4        	2.672932e-18
1101.45       	2.672254e-18
1101.5        	2.671576e-18
1101.55       	2.670899e-18
1101.6        	2.670222e-18
1101.65       	2.669545e-18
1101.7        	2.668868e-18
1101.75       	2.668192e-18
1101.8        	2.667516e-18
1101.85       	2.666840e-18
1101.9        	2.666164e-18
1101.95       	2.665489e-18
1102          	2.664813e-18
1102.05       	2.664139e-18
1102.1        	2.663464e-18
1102.15       	2.662790e-18
1102.2        	2.662116e-18
1102.25       	2.661442e-18
1102.3        	2.660768e-18
1102.35       	2.660095e-18
1102.4        	2.659422e-18
1102.45       	2.658749e-18
1102.5        	2.658077e-18
1102.55       	2.657404e-18
1102.6        	2.656732e-18
1102.65       	2.656061e-18
1102.7        	2.655389e-18
1102.75       	2.654718e-18
1102.8        	2.654047e-18
1102.85       	2.653376e-18
1102.9        	2.652706e-18
1102.95       	2.652035e-18
1103          	2.651365e-18
1103.05       	2.650696e-18
1103.1        	2.650026e-18
1103.15       	2.649357e-18
1103.2        	2.648688e-18
1103.25       	2.648019e-18
1103.3        	2.647351e-18
1103.35       	2.646683e-18
1103.4        	2.646015e-18
1103.45       	2.645347e-18
1103.5        	2.644679e-18
1103.55       	2.644012e-18
1103.6        	2.643345e-18
1103.65       	2.642679e-18
1103.7        	2.642012e-18
1103.75       	2.641346e-18
1103.8        	2.640680e-18
1103.85       	2.640014e-18
1103.9        	2.639349e-18
1103.95       	2.638684e-18
1104          	2.638019e-18
1104.05       	2.637354e-18
1104.1        	2.636689e-18
1104.15       	2.636025e-18
1104.2        	2.635361e-18
1104.25       	2.634698e-18
1104.3        	2.634034e-18
1104.35       	2.633371e-18
1104.4        	2.632708e-18
1104.45       	2.632045e-18
1104.5        	2.631383e-18
1104.55       	2.630720e-18
1104.6        	2.630058e-18
1104.65       	2.629397e-18
1104.7        	2.628735e-18
1104.75       	2.628074e-18
1104.8        	2.627413e-18
1104.85       	2.626752e-18
1104.9        	2.626091e-18
1104.95       	2.625431e-18
1105          	2.624771e-18
1105.05       	2.624111e-18
1105.1        	2.623452e-18
1105.15       	2.622792e-18
1105.2        	2.622133e-18
1105.25       	2.621474e-18
1105.3        	2.620816e-18
1105.35       	2.620158e-18
1105.4        	2.619499e-18
1105.45       	2.618842e-18
1105.5        	2.618184e-18
1105.55       	2.617526e-18
1105.6        	2.616869e-18
1105.65       	2.616212e-18
1105.7        	2.615556e-18
1105.75       	2.614899e-18
1105.8        	2.614243e-18
1105.85       	2.613587e-18
1105.9        	2.612931e-18
1105.95       	2.612276e-18
1106          	2.611621e-18
1106.05       	2.610966e-18
1106.1        	2.610311e-18
1106.15       	2.609656e-18
1106.2        	2.609002e-18
1106.25       	2.608348e-18
1106.3        	2.607694e-18
1106.35       	2.607041e-18
1106.4        	2.606387e-18
1106.45       	2.605734e-18
1106.5        	2.605081e-18
1106.55       	2.604429e-18
1106.6        	2.603776e-18
1106.65       	2.603124e-18
1106.7        	2.602472e-18
1106.75       	2.601820e-18
1106.8        	2.601169e-18
1106.85       	2.600518e-18
1106.9        	2.599867e-18
1106.95       	2.599216e-18
1107          	2.598565e-18
1107.05       	2.597915e-18
1107.1        	2.597265e-18
1107.15       	2.596615e-18
1107.2        	2.595966e-18
1107.25       	2.595316e-18
1107.3        	2.594667e-18
1107.35       	2.594018e-18
1107.4        	2.593370e-18
1107.45       	2.592721e-18
1107.5        	2.592073e-18
1107.55       	2.591425e-18
1107.6        	2.590777e-18
1107.65       	2.590130e-18
1107.7        	2.589482e-18
1107.75       	2.588835e-18
1107.8        	2.588189e-18
1107.85       	2.587542e-18
1107.9        	2.586896e-18
1107.95       	2.586250e-18
1108          	2.585604e-18
1108.05       	2.584958e-18
1108.1        	2.584313e-18
1108.15       	2.583667e-18
1108.2        	2.583022e-18
1108.25       	2.582378e-18
1108.3        	2.581733e-18
1108.35       	2.581089e-18
1108.4        	2.580445e-18
1108.45       	2.579801e-18
1108.5        	2.579158e-18
1108.55       	2.578514e-18
1108.6        	2.577871e-18
1108.65       	2.577228e-18
1108.7        	2.576585e-18
1108.75       	2.575943e-18
1108.8        	2.575301e-18
1108.85       	2.574659e-18
1108.9        	2.574017e-18
1108.95       	2.573376e-18
1109          	2.572734e-18
1109.05       	2.572093e-18
1109.1        	2.571452e-18
1109.15       	2.570812e-18
1109.2        	2.570171e-18
1109.25       	2.569531e-18
1109.3        	2.568891e-18
1109.35       	2.568251e-18
1109.4        	2.567612e-18
1109.45       	2.566973e-18
1109.5        	2.566334e-18
1109.55       	2.565695e-18
1109.6        	2.565056e-18
1109.65       	2.564418e-18
1109.7        	2.563780e-18
1109.75       	2.563142e-18
1109.8        	2.562504e-18
1109.85       	2.561867e-18
1109.9        	2.561229e-18
1109.95       	2.560592e-18
1110          	2.559956e-18
1110.05       	2.559319e-18
1110.1        	2.558683e-18
1110.15       	2.558047e-18
1110.2        	2.557411e-18
1110.25       	2.556775e-18
1110.3        	2.556140e-18
1110.35       	2.555504e-18
1110.4        	2.554869e-18
1110.45       	2.554235e-18
1110.5        	2.553600e-18
1110.55       	2.552966e-18
1110.6        	2.552332e-18
1110.65       	2.551698e-18
1110.7        	2.551064e-18
1110.75       	2.550431e-18
1110.8        	2.549797e-18
1110.85       	2.549164e-18
1110.9        	2.548532e-18
1110.95       	2.547899e-18
1111          	2.547267e-18
1111.05       	2.546635e-18
1111.1        	2.546003e-18
1111.15       	2.545371e-18
1111.2        	2.544740e-18
1111.25       	2.544108e-18
1111.3        	2.543477e-18
1111.35       	2.542847e-18
1111.4        	2.542216e-18
1111.45       	2.541586e-18
1111.5        	2.540956e-18
1111.55       	2.540326e-18
1111.6        	2.539696e-18
1111.65       	2.539066e-18
1111.7        	2.538437e-18
1111.75       	2.537808e-18
1111.8        	2.537179e-18
1111.85       	2.536551e-18
1111.9        	2.535922e-18
1111.95       	2.535294e-18
1112          	2.534666e-18
1112.05       	2.534039e-18
1112.1        	2.533411e-18
1112.15       	2.532784e-18
1112.2        	2.532157e-18
1112.25       	2.531530e-18
1112.3        	2.530903e-18
1112.35       	2.530277e-18
1112.4        	2.529650e-18
1112.45       	2.529024e-18
1112.5        	2.528399e-18
1112.55       	2.527773e-18
1112.6        	2.527148e-18
1112.65       	2.526523e-18
1112.7        	2.525898e-18
1112.75       	2.525273e-18
1112.8        	2.524649e-18
1112.85       	2.524024e-18
1112.9        	2.523400e-18
1112.95       	2.522776e-18
1113          	2.522153e-18
1113.05       	2.521529e-18
1113.1        	2.520906e-18
1113.15       	2.520283e-18
1113.2        	2.519661e-18
1113.25       	2.519038e-18
1113.3        	2.518416e-18
1113.35       	2.517794e-18
1113.4        	2.517172e-18
1113.45       	2.516550e-18
1113.5        	2.515928e-18
1113.55       	2.515307e-18
1113.6        	2.514686e-18
1113.65       	2.514065e-18
1113.7        	2.513445e-18
1113.75       	2.512824e-18
1113.8        	2.512204e-18
1113.85       	2.511584e-18
1113.9        	2.510964e-18
1113.95       	2.510345e-18
1114          	2.509725e-18
1114.05       	2.509106e-18
1114.1        	2.508487e-18
1114.15       	2.507868e-18
1114.2        	2.507250e-18
1114.25       	2.506632e-18
1114.3        	2.506014e-18
1114.35       	2.505396e-18
1114.4        	2.504778e-18
1114.45       	2.504161e-18
1114.5        	2.503543e-18
1114.55       	2.502926e-18
1114.6        	2.502309e-18
1114.65       	2.501693e-18
1114.7        	2.501076e-18
1114.75       	2.500460e-18
1114.8        	2.499844e-18
1114.85       	2.499228e-18
1114.9        	2.498613e-18
1114.95       	2.497997e-18
1115          	2.497382e-18
1115.05       	2.496767e-18
1115.1        	2.496152e-18
1115.15       	2.495538e-18
1115.2        	2.494924e-18
1115.25       	2.494309e-18
1115.3        	2.493696e-18
1115.35       	2.493082e-18
1115.4        	2.492468e-18
1115.45       	2.491855e-18
1115.5        	2.491242e-18
1115.55       	2.490629e-18
1115.6        	2.490016e-18
1115.65       	2.489404e-18
1115.7        	2.488792e-18
1115.75       	2.488180e-18
1115.8        	2.487568e-18
1115.85       	2.486956e-18
1115.9        	2.486345e-18
1115.95       	2.485733e-18
1116          	2.485122e-18
1116.05       	2.484511e-18
1116.1        	2.483901e-18
1116.15       	2.483290e-18
1116.2        	2.482680e-18
1116.25       	2.482070e-18
1116.3        	2.481460e-18
1116.35       	2.480851e-18
1116.4        	2.480241e-18
1116.45       	2.479632e-18
1116.5        	2.479023e-18
1116.55       	2.478414e-18
1116.6        	2.477806e-18
1116.65       	2.477197e-18
1116.7        	2.476589e-18
1116.75       	2.475981e-18
1116.8        	2.475373e-18
1116.85       	2.474766e-18
1116.9        	2.474158e-18
1116.95       	2.473551e-18
1117          	2.472944e-18
1117.05       	2.472337e-18
1117.1        	2.471731e-18
1117.15       	2.471124e-18
1117.2        	2.470518e-18
1117.25       	2.469912e-18
1117.3        	2.469306e-18
1117.35       	2.468701e-18
1117.4        	2.468095e-18
1117.45       	2.467490e-18
1117.5        	2.466885e-18
1117.55       	2.466280e-18
1117.6        	2.465676e-18
1117.65       	2.465071e-18
1117.7        	2.464467e-18
1117.75       	2.463863e-18
1117.8        	2.463260e-18
1117.85       	2.462656e-18
1117.9        	2.462053e-18
1117.95       	2.461449e-18
1118          	2.460846e-18
1118.05       	2.460244e-18
1118.1        	2.459641e-18
1118.15       	2.459039e-18
1118.2        	2.458436e-18
1118.25       	2.457834e-18
1118.3        	2.457233e-18
1118.35       	2.456631e-18
1118.4        	2.456030e-18
1118.45       	2.455428e-18
1118.5        	2.454827e-18
1118.55       	2.454226e-18
1118.6        	2.453626e-18
1118.65       	2.453025e-18
1118.7        	2.452425e-18
1118.75       	2.451825e-18
1118.8        	2.451225e-18
1118.85       	2.450626e-18
1118.9        	2.450026e-18
1118.95       	2.449427e-18
1119          	2.448828e-18
1119.05       	2.448229e-18
1119.1        	2.447630e-18
1119.15       	2.447032e-18
1119.2        	2.446434e-18
1119.25       	2.445836e-18
1119.3        	2.445238e-18
1119.35       	2.444640e-18
1119.4        	2.444042e-18
1119.45       	2.443445e-18
1119.5        	2.442848e-18
1119.55       	2.442251e-18
1119.6        	2.441654e-18
1119.65       	2.441058e-18
1119.7        	2.440462e-18
1119.75       	2.439865e-18
1119.8        	2.439269e-18
1119.85       	2.438674e-18
1119.9        	2.438078e-18
1119.95       	2.437483e-18
1120          	2.436888e-18
1120.05       	2.436293e-18
1120.1        	2.435698e-18
1120.15       	2.435103e-18
1120.2        	2.434509e-18
1120.25       	2.433915e-18
1120.3        	2.433321e-18
1120.35       	2.432727e-18
1120.4        	2.432133e-18
1120.45       	2.431540e-18
1120.5        	2.430946e-18
1120.55       	2.430353e-18
1120.6        	2.429760e-18
1120.65       	2.429168e-18
1120.7        	2.428575e-18
1120.75       	2.427983e-18
1120.8        	2.427391e-18
1120.85       	2.426799e-18
1120.9        	2.426207e-18
1120.95       	2.425616e-18
1121          	2.425024e-18
1121.05       	2.424433e-18
1121.1        	2.423842e-18
1121.15       	2.423251e-18
1121.2        	2.422661e-18
1121.25       	2.422070e-18
1121.3        	2.421480e-18
1121.35       	2.420890e-18
1121.4        	2.420300e-18
1121.45       	2.419711e-18
1121.5        	2.419121e-18
1121.55       	2.418532e-18
1121.6        	2.417943e-18
1121.65       	2.417354e-18
1121.7        	2.416765e-18
1121.75       	2.416177e-18
1121.8        	2.415589e-18
1121.85       	2.415000e-18
1121.9        	2.414412e-18
1121.95       	2.413825e-18
1122          	2.413237e-18
1122.05       	2.412650e-18
1122.1        	2.412063e-18
1122.15       	2.411476e-18
1122.2        	2.410889e-18
1122.25       	2.410302e-18
1122.3        	2.409716e-18
1122.35       	2.409129e-18
1122.4        	2.408543e-18
1122.45       	2.407957e-18
1122.5        	2.407372e-18
1122.55       	2.406786e-18
1122.6        	2.406201e-18
1122.65       	2.405616e-18
1122.7        	2.405031e-18
1122.75       	2.404446e-18
1122.8        	2.403861e-18
1122.85       	2.403277e-18
1122.9        	2.402693e-18
1122.95       	2.402109e-18
1123          	2.401525e-18
1123.05       	2.400941e-18
1123.1        	2.400358e-18
1123.15       	2.399775e-18
1123.2        	2.399192e-18
1123.25       	2.398609e-18
1123.3        	2.398026e-18
1123.35       	2.397443e-18
1123.4        	2.396861e-18
1123.45       	2.396279e-18
1123.5        	2.395697e-18
1123.55       	2.395115e-18
1123.6        	2.394533e-18
1123.65       	2.393952e-18
1123.7        	2.393371e-18
1123.75       	2.392790e-18
1123.8        	2.392209e-18
1123.85       	2.391628e-18
1123.9        	2.391048e-18
1123.95       	2.390467e-18
1124          	2.389887e-18
1124.05       	2.389307e-18
1124.1        	2.388727e-18
1124.15       	2.388148e-18
1124.2        	2.387568e-18
1124.25       	2.386989e-18
1124.3        	2.386410e-18
1124.35       	2.385831e-18
1124.4        	2.385253e-18
1124.45       	2.384674e-18
1124.5        	2.384096e-18
1124.55       	2.383518e-18
1124.6        	2.382940e-18
1124.65       	2.382362e-18
1124.7        	2.381784e-18
1124.75       	2.381207e-18
1124.8        	2.380630e-18
1124.85       	2.380053e-18
1124.9        	2.379476e-18
1124.95       	2.378899e-18
1125          	2.378323e-18
1125.05       	2.377746e-18
1125.1        	2.377170e-18
1125.15       	2.376594e-18
1125.2        	2.376018e-18
1125.25       	2.375443e-18
1125.3        	2.374867e-18
1125.35       	2.374292e-18
1125.4        	2.373717e-18
1125.45       	2.373142e-18
1125.5        	2.372567e-18
1125.55       	2.371993e-18
1125.6        	2.371419e-18
1125.65       	2.370844e-18
1125.7        	2.370270e-18
1125.75       	2.369697e-18
1125.8        	2.369123e-18
1125.85       	2.368550e-18
1125.9        	2.367976e-18
1125.95       	2.367403e-18
1126          	2.366830e-18
1126.05       	2.366258e-18
1126.1        	2.365685e-18
1126.15       	2.365113e-18
1126.2        	2.364540e-18
1126.25       	2.363968e-18
1126.3        	2.363397e-18
1126.35       	2.362825e-18
1126.4        	2.362253e-18
1126.45       	2.361682e-18
1126.5        	2.361111e-18
1126.55       	2.360540e-18
1126.6        	2.359969e-18
1126.65       	2.359399e-18
1126.7        	2.358828e-18
1126.75       	2.358258e-18
1126.8        	2.357688e-18
1126.85       	2.357118e-18
1126.9        	2.356548e-18
1126.95       	2.355979e-18
1127          	2.355410e-18
1127.05       	2.354840e-18
1127.1        	2.354271e-18
1127.15       	2.353703e-18
1127.2        	2.353134e-18
1127.25       	2.352565e-18
1127.3        	2.351997e-18
1127.35       	2.351429e-18
1127.4        	2.350861e-18
1127.45       	2.350293e-18
1127.5        	2.349726e-18
1127.55       	2.349158e-18
1127.6        	2.348591e-18
1127.65       	2.348024e-18
1127.7        	2.347457e-18
1127.75       	2.346890e-18
1127.8        	2.346324e-18
1127.85       	2.345757e-18
1127.9        	2.345191e-18
1127.95       	2.344625e-18
1128          	2.344059e-18
1128.05       	2.343494e-18
1128.1        	2.342928e-18
1128.15       	2.342363e-18
1128.2        	2.341798e-18
1128.25       	2.341233e-18
1128.3        	2.340668e-18
1128.35       	2.340103e-18
1128.4        	2.339539e-18
1128.45       	2.338975e-18
1128.5        	2.338410e-18
1128.55       	2.337847e-18
1128.6        	2.337283e-18
1128.65       	2.336719e-18
1128.7        	2.336156e-18
1128.75       	2.335593e-18
1128.8        	2.335029e-18
1128.85       	2.334467e-18
1128.9        	2.333904e-18
1128.95       	2.333341e-18
1129          	2.332779e-18
1129.05       	2.332217e-18
1129.1        	2.331655e-18
1129.15       	2.331093e-18
1129.2        	2.330531e-18
1129.25       	2.329970e-18
1129.3        	2.329408e-18
1129.35       	2.328847e-18
1129.4        	2.328286e-18
1129.45       	2.327725e-18
1129.5        	2.327165e-18
1129.55       	2.326604e-18
1129.6        	2.326044e-18
1129.65       	2.325484e-18
1129.7        	2.324924e-18
1129.75       	2.324364e-18
1129.8        	2.323804e-18
1129.85       	2.323245e-18
1129.9        	2.322685e-18
1129.95       	2.322126e-18
1130          	2.321567e-18
1130.05       	2.321008e-18
1130.1        	2.320450e-18
1130.15       	2.319891e-18
1130.2        	2.319333e-18
1130.25       	2.318775e-18
1130.3        	2.318217e-18
1130.35       	2.317659e-18
1130.4        	2.317102e-18
1130.45       	2.316544e-18
1130.5        	2.315987e-18
1130.55       	2.315430e-18
1130.6        	2.314873e-18
1130.65       	2.314316e-18
1130.7        	2.313759e-18
1130.75       	2.313203e-18
1130.8        	2.312647e-18
1130.85       	2.312091e-18
1130.9        	2.311535e-18
1130.95       	2.310979e-18
1131          	2.310423e-18
1131.05       	2.309868e-18
1131.1        	2.309313e-18
1131.15       	2.308758e-18
1131.2        	2.308203e-18
1131.25       	2.307648e-18
1131.3        	2.307093e-18
1131.35       	2.306539e-18
1131.4        	2.305985e-18
1131.45       	2.305431e-18
1131.5        	2.304877e-18
1131.55       	2.304323e-18
1131.6        	2.303769e-18
1131.65       	2.303216e-18
1131.7        	2.302663e-18
1131.75       	2.302110e-18
1131.8        	2.301557e-18
1131.85       	2.301004e-18
1131.9        	2.300451e-18
1131.95       	2.299899e-18
1132          	2.299347e-18
1132.05       	2.298795e-18
1132.1        	2.298243e-18
1132.15       	2.297691e-18
1132.2        	2.297139e-18
1132.25       	2.296588e-18
1132.3        	2.296037e-18
1132.35       	2.295486e-18
1132.4        	2.294935e-18
1132.45       	2.294384e-18
1132.5        	2.293833e-18
1132.55       	2.293283e-18
1132.6        	2.292732e-18
1132.65       	2.292182e-18
1132.7        	2.291632e-18
1132.75       	2.291083e-18
1132.8        	2.290533e-18
1132.85       	2.289984e-18
1132.9        	2.289434e-18
1132.95       	2.288885e-18
1133          	2.288336e-18
1133.05       	2.287787e-18
1133.1        	2.287239e-18
1133.15       	2.286690e-18
1133.2        	2.286142e-18
1133.25       	2.285594e-18
1133.3        	2.285046e-18
1133.35       	2.284498e-18
1133.4        	2.283950e-18
1133.45       	2.283403e-18
1133.5        	2.282856e-18
1133.55       	2.282308e-18
1133.6        	2.281761e-18
1133.65       	2.281215e-18
1133.7        	2.280668e-18
1133.75       	2.280121e-18
1133.8        	2.279575e-18
1133.85       	2.279029e-18
1133.9        	2.278483e-18
1133.95       	2.277937e-18
1134          	2.277391e-18
1134.05       	2.276846e-18
1134.1        	2.276300e-18
1134.15       	2.275755e-18
1134.2        	2.275210e-18
1134.25       	2.274665e-18
1134.3        	2.274120e-18
1134.35       	2.273576e-18
1134.4        	2.273031e-18
1134.45       	2.272487e-18
1134.5        	2.271943e-18
1134.55       	2.271399e-18
1134.6        	2.270855e-18
1134.65       	2.270312e-18
1134.7        	2.269768e-18
1134.75       	2.269225e-18
1134.8        	2.268682e-18
1134.85       	2.268139e-18
1134.9        	2.267596e-18
1134.95       	2.267054e-18
1135          	2.266511e-18
1135.05       	2.265969e-18
1135.1        	2.265427e-18
1135.15       	2.264885e-18
1135.2        	2.264343e-18
1135.25       	2.263801e-18
1135.3        	2.263259e-18
1135.35       	2.262718e-18
1135.4        	2.262177e-18
1135.45       	2.261636e-18
1135.5        	2.261095e-18
1135.55       	2.260554e-18
1135.6        	2.260014e-18
1135.65       	2.259473e-18
1135.7        	2.258933e-18
1135.75       	2.258393e-18
1135.8        	2.257853e-18
1135.85       	2.257313e-18
1135.9        	2.256774e-18
1135.95       	2.256234e-18
1136          	2.255695e-18
1136.05       	2.255156e-18
1136.1        	2.254617e-18
1136.15       	2.254078e-18
1136.2        	2.253539e-18
1136.25       	2.253001e-18
1136.3        	2.252462e-18
1136.35       	2.251924e-18
1136.4        	2.251386e-18
1136.45       	2.250848e-18
1136.5        	2.250311e-18
1136.55       	2.249773e-18
1136.6        	2.249236e-18
1136.65       	2.248698e-18
1136.7        	2.248161e-18
1136.75       	2.247624e-18
1136.8        	2.247088e-18
1136.85       	2.246551e-18
1136.9        	2.246014e-18
1136.95       	2.245478e-18
1137          	2.244942e-18
1137.05       	2.244406e-18
1137.1        	2.243870e-18
1137.15       	2.243334e-18
1137.2        	2.242799e-18
1137.25       	2.242264e-18
1137.3        	2.241728e-18
1137.35       	2.241193e-18
1137.4        	2.240658e-18
1137.45       	2.240124e-18
1137.5        	2.239589e-18
1137.55       	2.239055e-18
1137.6        	2.238520e-18
1137.65       	2.237986e-18
1137.7        	2.237452e-18
1137.75       	2.236918e-18
1137.8        	2.236385e-18
1137.85       	2.235851e-18
1137.9        	2.235318e-18
1137.95       	2.234785e-18
1138          	2.234252e-18
1138.05       	2.233719e-18
1138.1        	2.233186e-18
1138.15       	2.232654e-18
1138.2        	2.232121e-18
1138.25       	2.231589e-18
1138.3        	2.231057e-18
1138.35       	2.230525e-18
1138.4        	2.229993e-18
1138.45       	2.229461e-18
1138.5        	2.228930e-18
1138.55       	2.228399e-18
1138.6        	2.227867e-18
1138.65       	2.227336e-18
1138.7        	2.226806e-18
1138.75       	2.226275e-18
1138.8        	2.225744e-18
1138.85       	2.225214e-18
1138.9        	2.224684e-18
1138.95       	2.224153e-18
1139          	2.223623e-18
1139.05       	2.223094e-18
1139.1        	2.222564e-18
1139.15       	2.222035e-18
1139.2        	2.221505e-18
1139.25       	2.220976e-18
1139.3        	2.220447e-18
1139.35       	2.219918e-18
1139.4        	2.219389e-18
1139.45       	2.218861e-18
1139.5        	2.218332e-18
1139.55       	2.217804e-18
1139.6        	2.217276e-18
1139.65       	2.216748e-18
1139.7        	2.216220e-18
1139.75       	2.215693e-18
1139.8        	2.215165e-18
1139.85       	2.214638e-18
1139.9        	2.214110e-18
1139.95       	2.213583e-18
1140          	2.213057e-18
1140.05       	2.212530e-18
1140.1        	2.212003e-18
1140.15       	2.211477e-18
1140.2        	2.210950e-18
1140.25       	2.210424e-18
1140.3        	2.209898e-18
1140.35       	2.209372e-18
1140.4        	2.208847e-18
1140.45       	2.208321e-18
1140.5        	2.207796e-18
1140.55       	2.207271e-18
1140.6        	2.206745e-18
1140.65       	2.206221e-18
1140.7        	2.205696e-18
1140.75       	2.205171e-18
1140.8        	2.204647e-18
1140.85       	2.204122e-18
1140.9        	2.203598e-18
1140.95       	2.203074e-18
1141          	2.202550e-18
1141.05       	2.202026e-18
1141.1        	2.201503e-18
1141.15       	2.200979e-18
1141.2        	2.200456e-18
1141.25       	2.199933e-18
1141.3        	2.199410e-18
1141.35       	2.198887e-18
1141.4        	2.198364e-18
1141.45       	2.197842e-18
1141.5        	2.197320e-18
1141.55       	2.196797e-18
1141.6        	2.196275e-18
1141.65       	2.195753e-18
1141.7        	2.195231e-18
1141.75       	2.194710e-18
1141.8        	2.194188e-18
1141.85       	2.193667e-18
1141.9        	2.193146e-18
1141.95       	2.192625e-18
1142          	2.192104e-18
1142.05       	2.191583e-18
1142.1        	2.191062e-18
1142.15       	2.190542e-18
1142.2        	2.190022e-18
1142.25       	2.189501e-18
1142.3        	2.188981e-18
1142.35       	2.188462e-18
1142.4        	2.187942e-18
1142.45       	2.187422e-18
1142.5        	2.186903e-18
1142.55       	2.186384e-18
1142.6        	2.185864e-18
1142.65       	2.185346e-18
1142.7        	2.184827e-18
1142.75       	2.184308e-18
1142.8        	2.183789e-18
1142.85       	2.183271e-18
1142.9        	2.182753e-18
1142.95       	2.182235e-18
1143          	2.181717e-18
1143.05       	2.181199e-18
1143.1        	2.180681e-18
1143.15       	2.180164e-18
1143.2        	2.179646e-18
1143.25       	2.179129e-18
1143.3        	2.178612e-18
1143.35       	2.178095e-18
1143.4        	2.177578e-18
1143.45       	2.177062e-18
1143.5        	2.176545e-18
1143.55       	2.176029e-18
1143.6        	2.175513e-18
1143.65       	2.174997e-18
1143.7        	2.174481e-18
1143.75       	2.173965e-18
1143.8        	2.173449e-18
1143.85       	2.172934e-18
1143.9        	2.172419e-18
1143.95       	2.171903e-18
1144          	2.171388e-18
1144.05       	2.170874e-18
1144.1        	2.170359e-18
1144.15       	2.169844e-18
1144.2        	2.169330e-18
1144.25       	2.168815e-18
1144.3        	2.168301e-18
1144.35       	2.167787e-18
1144.4        	2.167273e-18
1144.45       	2.166760e-18
1144.5        	2.166246e-18
1144.55       	2.165733e-18
1144.6        	2.165219e-18
1144.65       	2.164706e-18
1144.7        	2.164193e-18
1144.75       	2.163680e-18
1144.8        	2.163168e-18
1144.85       	2.162655e-18
1144.9        	2.162143e-18
1144.95       	2.161630e-18
1145          	2.161118e-18
1145.05       	2.160606e-18
1145.1        	2.160094e-18
1145.15       	2.159583e-18
1145.2        	2.159071e-18
1145.25       	2.158560e-18
1145.3        	2.158048e-18
1145.35       	2.157537e-18
1145.4        	2.157026e-18
1145.45       	2.156515e-18
1145.5        	2.156005e-18
1145.55       	2.155494e-18
1145.6        	2.154984e-18
1145.65       	2.154473e-18
1145.7        	2.153963e-18
1145.75       	2.153453e-18
1145.8        	2.152943e-18
1145.85       	2.152434e-18
1145.9        	2.151924e-18
1145.95       	2.151415e-18
1146          	2.150905e-18
1146.05       	2.150396e-18
1146.1        	2.149887e-18
1146.15       	2.149378e-18
1146.2        	2.148870e-18
1146.25       	2.148361e-18
1146.3        	2.147853e-18
1146.35       	2.147344e-18
1146.4        	2.146836e-18
1146.45       	2.146328e-18
1146.5        	2.145820e-18
1146.55       	2.145313e-18
1146.6        	2.144805e-18
1146.65       	2.144298e-18
1146.7        	2.143790e-18
1146.75       	2.143283e-18
1146.8        	2.142776e-18
1146.85       	2.142269e-18
1146.9        	2.141762e-18
1146.95       	2.141256e-18
1147          	2.140749e-18
1147.05       	2.140243e-18
1147.1        	2.139737e-18
1147.15       	2.139231e-18
1147.2        	2.138725e-18
1147.25       	2.138219e-18
1147.3        	2.137714e-18
1147.35       	2.137208e-18
1147.4        	2.136703e-18
1147.45       	2.136198e-18
1147.5        	2.135693e-18
1147.55       	2.135188e-18
1147.6        	2.134683e-18
1147.65       	2.134178e-18
1147.7        	2.133674e-18
1147.75       	2.133170e-18
1147.8        	2.132665e-18
1147.85       	2.132161e-18
1147.9        	2.131657e-18
1147.95       	2.131154e-18
1148          	2.130650e-18
1148.05       	2.130146e-18
1148.1        	2.129643e-18
1148.15       	2.129140e-18
1148.2        	2.128637e-18
1148.25       	2.128134e-18
1148.3        	2.127631e-18
1148.35       	2.127128e-18
1148.4        	2.126626e-18
1148.45       	2.126123e-18
1148.5        	2.125621e-18
1148.55       	2.125119e-18
1148.6        	2.124617e-18
1148.65       	2.124115e-18
1148.7        	2.123613e-18
1148.75       	2.123112e-18
1148.8        	2.122610e-18
1148.85       	2.122109e-18
1148.9        	2.121608e-18
1148.95       	2.121107e-18
1149          	2.120606e-18
1149.05       	2.120105e-18
1149.1        	2.119605e-18
1149.15       	2.119104e-18
1149.2        	2.118604e-18
1149.25       	2.118104e-18
1149.3        	2.117604e-18
1149.35       	2.117104e-18
1149.4        	2.116604e-18
1149.45       	2.116105e-18
1149.5        	2.115605e-18
1149.55       	2.115106e-18
1149.6        	2.114607e-18
1149.65       	2.114107e-18
1149.7        	2.113608e-18
1149.75       	2.113110e-18
1149.8        	2.112611e-18
1149.85       	2.112112e-18
1149.9        	2.111614e-18
1149.95       	2.111116e-18
1150          	2.110618e-18
1150.05       	2.110120e-18
1150.1        	2.109622e-18
1150.15       	2.109124e-18
1150.2        	2.108627e-18
1150.25       	2.108129e-18
1150.3        	2.107632e-18
1150.35       	2.107135e-18
1150.4        	2.106638e-18
1150.45       	2.106141e-18
1150.5        	2.105644e-18
1150.55       	2.105147e-18
1150.6        	2.104651e-18
1150.65       	2.104155e-18
1150.7        	2.103658e-18
1150.75       	2.103162e-18
1150.8        	2.102666e-18
1150.85       	2.102171e-18
1150.9        	2.101675e-18
1150.95       	2.101179e-18
1151          	2.100684e-18
1151.05       	2.100189e-18
1151.1        	2.099694e-18
1151.15       	2.099199e-18
1151.2        	2.098704e-18
1151.25       	2.098209e-18
1151.3        	2.097714e-18
1151.35       	2.097220e-18
1151.4        	2.096726e-18
1151.45       	2.096232e-18
1151.5        	2.095737e-18
1151.55       	2.095244e-18
1151.6        	2.094750e-18
1151.65       	2.094256e-18
1151.7        	2.093763e-18
1151.75       	2.093269e-18
1151.8        	2.092776e-18
1151.85       	2.092283e-18
1151.9        	2.091790e-18
1151.95       	2.091297e-18
1152          	2.090804e-18
1152.05       	2.090312e-18
1152.1        	2.089819e-18
1152.15       	2.089327e-18
1152.2        	2.088835e-18
1152.25       	2.088343e-18
1152.3        	2.087851e-18
1152.35       	2.087359e-18
1152.4        	2.086868e-18
1152.45       	2.086376e-18
1152.5        	2.085885e-18
1152.55       	2.085394e-18
1152.6        	2.084903e-18
1152.65       	2.084412e-18
1152.7        	2.083921e-18
1152.75       	2.083430e-18
1152.8        	2.082940e-18
1152.85       	2.082449e-18
1152.9        	2.081959e-18
1152.95       	2.081469e-18
1153          	2.080979e-18
1153.05       	2.080489e-18
1153.1        	2.079999e-18
1153.15       	2.079509e-18
1153.2        	2.079020e-18
1153.25       	2.078531e-18
1153.3        	2.078041e-18
1153.35       	2.077552e-18
1153.4        	2.077063e-18
1153.45       	2.076574e-18
1153.5        	2.076086e-18
1153.55       	2.075597e-18
1153.6        	2.075109e-18
1153.65       	2.074620e-18
1153.7        	2.074132e-18
1153.75       	2.073644e-18
1153.8        	2.073156e-18
1153.85       	2.072669e-18
1153.9        	2.072181e-18
1153.95       	2.071693e-18
1154          	2.071206e-18
1154.05       	2.070719e-18
1154.1        	2.070232e-18
1154.15       	2.069745e-18
1154.2        	2.069258e-18
1154.25       	2.068771e-18
1154.3        	2.068285e-18
1154.35       	2.067798e-18
1154.4        	2.067312e-18
1154.45       	2.066826e-18
1154.5        	2.066340e-18
1154.55       	2.065854e-18
1154.6        	2.065368e-18
1154.65       	2.064882e-18
1154.7        	2.064397e-18
1154.75       	2.063911e-18
1154.8        	2.063426e-18
1154.85       	2.062941e-18
1154.9        	2.062456e-18
1154.95       	2.061971e-18
1155          	2.061486e-18
1155.05       	2.061002e-18
1155.1        	2.060517e-18
1155.15       	2.060033e-18
1155.2        	2.059549e-18
1155.25       	2.059064e-18
1155.3        	2.058580e-18
1155.35       	2.058097e-18
1155.4        	2.057613e-18
1155.45       	2.057129e-18
1155.5        	2.056646e-18
1155.55       	2.056163e-18
1155.6        	2.055679e-18
1155.65       	2.055196e-18
1155.7        	2.054713e-18
1155.75       	2.054231e-18
1155.8        	2.053748e-18
1155.85       	2.053265e-18
1155.9        	2.052783e-18
1155.95       	2.052301e-18
1156          	2.051819e-18
1156.05       	2.051337e-18
1156.1        	2.050855e-18
1156.15       	2.050373e-18
1156.2        	2.049891e-18
1156.25       	2.049410e-18
1156.3        	2.048928e-18
1156.35       	2.048447e-18
1156.4        	2.047966e-18
1156.45       	2.047485e-18
1156.5        	2.047004e-18
1156.55       	2.046523e-18
1156.6        	2.046043e-18
1156.65       	2.045562e-18
1156.7        	2.045082e-18
1156.75       	2.044602e-18
1156.8        	2.044122e-18
1156.85       	2.043642e-18
1156.9        	2.043162e-18
1156.95       	2.042682e-18
1157          	2.042203e-18
1157.05       	2.041723e-18
1157.1        	2.041244e-18
1157.15       	2.040765e-18
1157.2        	2.040286e-18
1157.25       	2.039807e-18
1157.3        	2.039328e-18
1157.35       	2.038849e-18
1157.4        	2.038371e-18
1157.45       	2.037892e-18
1157.5        	2.037414e-18
1157.55       	2.036936e-18
1157.6        	2.036458e-18
1157.65       	2.035980e-18
1157.7        	2.035502e-18
1157.75       	2.035024e-18
1157.8        	2.034547e-18
1157.85       	2.034070e-18
1157.9        	2.033592e-18
1157.95       	2.033115e-18
1158          	2.032638e-18
1158.05       	2.032161e-18
1158.1        	2.031684e-18
1158.15       	2.031208e-18
1158.2        	2.030731e-18
1158.25       	2.030255e-18
1158.3        	2.029779e-18
1158.35       	2.029303e-18
1158.4        	2.028827e-18
1158.45       	2.028351e-18
1158.5        	2.027875e-18
1158.55       	2.027399e-18
1158.6        	2.026924e-18
1158.65       	2.026448e-18
1158.7        	2.025973e-18
1158.75       	2.025498e-18
1158.8        	2.025023e-18
1158.85       	2.024548e-18
1158.9        	2.024074e-18
1158.95       	2.023599e-18
1159          	2.023124e-18
1159.05       	2.022650e-18
1159.1        	2.022176e-18
1159.15       	2.021702e-18
1159.2        	2.021228e-18
1159.25       	2.020754e-18
1159.3        	2.020280e-18
1159.35       	2.019807e-18
1159.4        	2.019333e-18
1159.45       	2.018860e-18
1159.5        	2.018386e-18
1159.55       	2.017913e-18
1159.6        	2.017440e-18
1159.65       	2.016968e-18
1159.7        	2.016495e-18
1159.75       	2.016022e-18
1159.8        	2.015550e-18
1159.85       	2.015077e-18
1159.9        	2.014605e-18
1159.95       	2.014133e-18
1160          	2.013661e-18
1160.05       	2.013189e-18
1160.1        	2.012718e-18
1160.15       	2.012246e-18
1160.2        	2.011774e-18
1160.25       	2.011303e-18
1160.3        	2.010832e-18
1160.35       	2.010361e-18
1160.4        	2.009890e-18
1160.45       	2.009419e-18
1160.5        	2.008948e-18
1160.55       	2.008478e-18
1160.6        	2.008007e-18
1160.65       	2.007537e-18
1160.7        	2.007067e-18
1160.75       	2.006596e-18
1160.8        	2.006126e-18
1160.85       	2.005657e-18
1160.9        	2.005187e-18
1160.95       	2.004717e-18
1161          	2.004248e-18
1161.05       	2.003778e-18
1161.1        	2.003309e-18
1161.15       	2.002840e-18
1161.2        	2.002371e-18
1161.25       	2.001902e-18
1161.3        	2.001433e-18
1161.35       	2.000965e-18
1161.4        	2.000496e-18
1161.45       	2.000028e-18
1161.5        	1.999560e-18
1161.55       	1.999092e-18
1161.6        	1.998624e-18
1161.65       	1.998156e-18
1161.7        	1.997688e-18
1161.75       	1.997220e-18
1161.8        	1.996753e-18
1161.85       	1.996285e-18
1161.9        	1.995818e-18
1161.95       	1.995351e-18
1162          	1.994884e-18
1162.05       	1.994417e-18
1162.1        	1.993950e-18
1162.15       	1.993484e-18
1162.2        	1.993017e-18
1162.25       	1.992551e-18
1162.3        	1.992084e-18
1162.35       	1.991618e-18
1162.4        	1.991152e-18
1162.45       	1.990686e-18
1162.5        	1.990220e-18
1162.55       	1.989755e-18
1162.6        	1.989289e-18
1162.65       	1.988824e-18
1162.7        	1.988359e-18
1162.75       	1.987893e-18
1162.8        	1.987428e-18
1162.85       	1.986963e-18
1162.9        	1.986499e-18
1162.95       	1.986034e-18
1163          	1.985569e-18
1163.05       	1.985105e-18
1163.1        	1.984640e-18
1163.15       	1.984176e-18
1163.2        	1.983712e-18
1163.25       	1.983248e-18
1163.3        	1.982784e-18
1163.35       	1.982321e-18
1163.4        	1.981857e-18
1163.45       	1.981394e-18
1163.5        	1.980930e-18
1163.55       	1.980467e-18
1163.6        	1.980004e-18
1163.65       	1.979541e-18
1163.7        	1.979078e-18
1163.75       	1.978615e-18
1163.8        	1.978153e-18
1163.85       	1.977690e-18
1163.9        	1.977228e-18
1163.95       	1.976765e-18
1164          	1.976303e-18
1164.05       	1.975841e-18
1164.1        	1.975379e-18
1164.15       	1.974918e-18
1164.2        	1.974456e-18
1164.25       	1.973994e-18
1164.3        	1.973533e-18
1164.35       	1.973072e-18
1164.4        	1.972610e-18
1164.45       	1.972149e-18
1164.5        	1.971688e-18
1164.55       	1.971228e-18
1164.6        	1.970767e-18
1164.65       	1.970306e-18
1164.7        	1.969846e-18
1164.75       	1.969386e-18
1164.8        	1.968925e-18
1164.85       	1.968465e-18
1164.9        	1.968005e-18
1164.95       	1.967545e-18
1165          	1.967086e-18
1165.05       	1.966626e-18
1165.1        	1.966167e-18
1165.15       	1.965707e-18
1165.2        	1.965248e-18
1165.25       	1.964789e-18
1165.3        	1.964330e-18
1165.35       	1.963871e-18
1165.4        	1.963412e-18
1165.45       	1.962953e-18
1165.5        	1.962495e-18
1165.55       	1.962036e-18
1165.6        	1.961578e-18
1165.65       	1.961120e-18
1165.7        	1.960662e-18
1165.75       	1.960204e-18
1165.8        	1.959746e-18
1165.85       	1.959288e-18
1165.9        	1.958831e-18
1165.95       	1.958373e-18
1166          	1.957916e-18
1166.05       	1.957459e-18
1166.1        	1.957002e-18
1166.15       	1.956545e-18
1166.2        	1.956088e-18
1166.25       	1.955631e-18
1166.3        	1.955174e-18
1166.35       	1.954718e-18
1166.4        	1.954261e-18
1166.45       	1.953805e-18
1166.5        	1.953349e-18
1166.55       	1.952893e-18
1166.6        	1.952437e-18
1166.65       	1.951981e-18
1166.7        	1.951525e-18
1166.75       	1.951070e-18
1166.8        	1.950614e-18
1166.85       	1.950159e-18
1166.9        	1.949704e-18
1166.95       	1.949249e-18
1167          	1.948794e-18
1167.05       	1.948339e-18
1167.1        	1.947884e-18
1167.15       	1.947430e-18
1167.2        	1.946975e-18
1167.25       	1.946521e-18
1167.3        	1.946066e-18
1167.35       	1.945612e-18
1167.4        	1.945158e-18
1167.45       	1.944704e-18
1167.5        	1.944250e-18
1167.55       	1.943797e-18
1167.6        	1.943343e-18
1167.65       	1.942890e-18
1167.7        	1.942436e-18
1167.75       	1.941983e-18
1167.8        	1.941530e-18
1167.85       	1.941077e-18
1167.9        	1.940624e-18
1167.95       	1.940171e-18
1168          	1.939719e-18
1168.05       	1.939266e-18
1168.1        	1.938814e-18
1168.15       	1.938362e-18
1168.2        	1.937909e-18
1168.25       	1.937457e-18
1168.3        	1.937005e-18
1168.35       	1.936554e-18
1168.4        	1.936102e-18
1168.45       	1.935650e-18
1168.5        	1.935199e-18
1168.55       	1.934747e-18
1168.6        	1.934296e-18
1168.65       	1.933845e-18
1168.7        	1.933394e-18
1168.75       	1.932943e-18
1168.8        	1.932492e-18
1168.85       	1.932042e-18
1168.9        	1.931591e-18
1168.95       	1.931141e-18
1169          	1.930691e-18
1169.05       	1.930240e-18
1169.1        	1.929790e-18
1169.15       	1.929340e-18
1169.2        	1.928890e-18
1169.25       	1.928441e-18
1169.3        	1.927991e-18
1169.35       	1.927542e-18
1169.4        	1.927092e-18
1169.45       	1.926643e-18
1169.5        	1.926194e-18
1169.55       	1.925745e-18
1169.6        	1.925296e-18
1169.65       	1.924847e-18
1169.7        	1.924398e-18
1169.75       	1.923950e-18
1169.8        	1.923501e-18
1169.85       	1.923053e-18
1169.9        	1.922605e-18
1169.95       	1.922157e-18
1170          	1.921709e-18
1170.05       	1.921261e-18
1170.1        	1.920813e-18
1170.15       	1.920365e-18
1170.2        	1.919918e-18
1170.25       	1.919470e-18
1170.3        	1.919023e-18
1170.35       	1.918576e-18
1170.4        	1.918129e-18
1170.45       	1.917682e-18
1170.5        	1.917235e-18
1170.55       	1.916788e-18
1170.6        	1.916342e-18
1170.65       	1.915895e-18
1170.7        	1.915449e-18
1170.75       	1.915003e-18
1170.8        	1.914556e-18
1170.85       	1.914110e-18
1170.9        	1.913664e-18
1170.95       	1.913219e-18
1171          	1.912773e-18
1171.05       	1.912327e-18
1171.1        	1.911882e-18
1171.15       	1.911436e-18
1171.2        	1.910991e-18
1171.25       	1.910546e-18
1171.3        	1.910101e-18
1171.35       	1.909656e-18
1171.4        	1.909211e-18
1171.45       	1.908767e-18
1171.5        	1.908322e-18
1171.55       	1.907878e-18
1171.6        	1.907433e-18
1171.65       	1.906989e-18
1171.7        	1.906545e-18
1171.75       	1.906101e-18
1171.8        	1.905657e-18
1171.85       	1.905213e-18
1171.9        	1.904770e-18
1171.95       	1.904326e-18
1172          	1.903883e-18
1172.05       	1.903439e-18
1172.1        	1.902996e-18
1172.15       	1.902553e-18
1172.2        	1.902110e-18
1172.25       	1.901667e-18
1172.3        	1.901225e-18
1172.35       	1.900782e-18
1172.4        	1.900339e-18
1172.45       	1.899897e-18
1172.5        	1.899455e-18
1172.55       	1.899013e-18
1172.6        	1.898570e-18
1172.65       	1.898128e-18
1172.7        	1.897687e-18
1172.75       	1.897245e-18
1172.8        	1.896803e-18
1172.85       	1.896362e-18
1172.9        	1.895920e-18
1172.95       	1.895479e-18
1173          	1.895038e-18
1173.05       	1.894597e-18
1173.1        	1.894156e-18
1173.15       	1.893715e-18
1173.2        	1.893274e-18
1173.25       	1.892834e-18
1173.3        	1.892393e-18
1173.35       	1.891953e-18
1173.4        	1.891513e-18
1173.45       	1.891072e-18
1173.5        	1.890632e-18
1173.55       	1.890193e-18
1173.6        	1.889753e-18
1173.65       	1.889313e-18
1173.7        	1.888873e-18
1173.75       	1.888434e-18
1173.8        	1.887995e-18
1173.85       	1.887555e-18
1173.9        	1.887116e-18
1173.95       	1.886677e-18
1174          	1.886238e-18
1174.05       	1.885799e-18
1174.1        	1.885361e-18
1174.15       	1.884922e-18
1174.2        	1.884484e-18
1174.25       	1.884045e-18
1174.3        	1.883607e-18
1174.35       	1.883169e-18
1174.4        	1.882731e-18
1174.45       	1.882293e-18
1174.5        	1.881855e-18
1174.55       	1.881417e-18
1174.6        	1.880980e-18
1174.65       	1.880542e-18
1174.7        	1.880105e-18
1174.75       	1.879668e-18
1174.8        	1.879230e-18
1174.85       	1.878793e-18
1174.9        	1.878357e-18
1174.95       	1.877920e-18
1175          	1.877483e-18
1175.05       	1.877046e-18
1175.1        	1.876610e-18
1175.15       	1.876174e-18
1175.2        	1.875737e-18
1175.25       	1.875301e-18
1175.3        	1.874865e-18
1175.35       	1.874429e-18
1175.4        	1.873993e-18
1175.45       	1.873558e-18
1175.5        	1.873122e-18
1175.55       	1.872687e-18
1175.6        	1.872251e-18
1175.65       	1.871816e-18
1175.7        	1.871381e-18
1175.75       	1.870946e-18
1175.8        	1.870511e-18
1175.85       	1.870076e-18
1175.9        	1.869641e-18
1175.95       	1.869207e-18
1176          	1.868772e-18
1176.05       	1.868338e-18
1176.1        	1.867904e-18
1176.15       	1.867469e-18
1176.2        	1.867035e-18
1176.25       	1.866601e-18
1176.3        	1.866168e-18
1176.35       	1.865734e-18
1176.4        	1.865300e-18
1176.45       	1.864867e-18
1176.5        	1.864433e-18
1176.55       	1.864000e-18
1176.6        	1.863567e-18
1176.65       	1.863134e-18
1176.7        	1.862701e-18
1176.75       	1.862268e-18
1176.8        	1.861835e-18
1176.85       	1.861403e-18
1176.9        	1.860970e-18
1176.95       	1.860538e-18
1177          	1.860105e-18
1177.05       	1.859673e-18
1177.1        	1.859241e-18
1177.15       	1.858809e-18
1177.2        	1.858377e-18
1177.25       	1.857945e-18
1177.3        	1.857514e-18
1177.35       	1.857082e-18
1177.4        	1.856651e-18
1177.45       	1.856220e-18
1177.5        	1.855788e-18
1177.55       	1.855357e-18
1177.6        	1.854926e-18
1177.65       	1.854495e-18
1177.7        	1.854065e-18
1177.75       	1.853634e-18
1177.8        	1.853203e-18
1177.85       	1.852773e-18
1177.9        	1.852343e-18
1177.95       	1.851912e-18
1178          	1.851482e-18
1178.05       	1.851052e-18
1178.1        	1.850622e-18
1178.15       	1.850192e-18
1178.2        	1.849763e-18
1178.25       	1.849333e-18
1178.3        	1.848904e-18
1178.35       	1.848474e-18
1178.4        	1.848045e-18
1178.45       	1.847616e-18
1178.5        	1.847187e-18
1178.55       	1.846758e-18
1178.6        	1.846329e-18
1178.65       	1.845900e-18
1178.7        	1.845472e-18
1178.75       	1.845043e-18
1178.8        	1.844615e-18
1178.85       	1.844187e-18
1178.9        	1.843758e-18
1178.95       	1.843330e-18
1179          	1.842902e-18
1179.05       	1.842475e-18
1179.1        	1.842047e-18
1179.15       	1.841619e-18
1179.2        	1.841192e-18
1179.25       	1.840764e-18
1179.3        	1.840337e-18
1179.35       	1.839910e-18
1179.4        	1.839483e-18
1179.45       	1.839056e-18
1179.5        	1.838629e-18
1179.55       	1.838202e-18
1179.6        	1.837775e-18
1179.65       	1.837349e-18
1179.7        	1.836922e-18
1179.75       	1.836496e-18
1179.8        	1.836070e-18
1179.85       	1.835643e-18
1179.9        	1.835217e-18
1179.95       	1.834791e-18
1180          	1.834366e-18
1180.05       	1.833940e-18
1180.1        	1.833514e-18
1180.15       	1.833089e-18
1180.2        	1.832663e-18
1180.25       	1.832238e-18
1180.3        	1.831813e-18
1180.35       	1.831388e-18
1180.4        	1.830963e-18
1180.45       	1.830538e-18
1180.5        	1.830113e-18
1180.55       	1.829689e-18
1180.6        	1.829264e-18
1180.65       	1.828840e-18
1180.7        	1.828415e-18
1180.75       	1.827991e-18
1180.8        	1.827567e-18
1180.85       	1.827143e-18
1180.9        	1.826719e-18
1180.95       	1.826295e-18
1181          	1.825872e-18
1181.05       	1.825448e-18
1181.1        	1.825025e-18
1181.15       	1.824601e-18
1181.2        	1.824178e-18
1181.25       	1.823755e-18
1181.3        	1.823332e-18
1181.35       	1.822909e-18
1181.4        	1.822486e-18
1181.45       	1.822063e-18
1181.5        	1.821641e-18
1181.55       	1.821218e-18
1181.6        	1.820796e-18
1181.65       	1.820373e-18
1181.7        	1.819951e-18
1181.75       	1.819529e-18
1181.8        	1.819107e-18
1181.85       	1.818685e-18
1181.9        	1.818263e-18
1181.95       	1.817842e-18
1182          	1.817420e-18
1182.05       	1.816999e-18
1182.1        	1.816577e-18
1182.15       	1.816156e-18
1182.2        	1.815735e-18
1182.25       	1.815314e-18
1182.3        	1.814893e-18
1182.35       	1.814472e-18
1182.4        	1.814051e-18
1182.45       	1.813631e-18
1182.5        	1.813210e-18
1182.55       	1.812790e-18
1182.6        	1.812369e-18
1182.65       	1.811949e-18
1182.7        	1.811529e-18
1182.75       	1.811109e-18
1182.8        	1.810689e-18
1182.85       	1.810269e-18
1182.9        	1.809850e-18
1182.95       	1.809430e-18
1183          	1.809011e-18
1183.05       	1.808591e-18
1183.1        	1.808172e-18
1183.15       	1.807753e-18
1183.2        	1.807334e-18
1183.25       	1.806915e-18
1183.3        	1.806496e-18
1183.35       	1.806077e-18
1183.4        	1.805659e-18
1183.45       	1.805240e-18
1183.5        	1.804822e-18
1183.55       	1.804403e-18
1183.6        	1.803985e-18
1183.65       	1.803567e-18
1183.7        	1.803149e-18
1183.75       	1.802731e-18
1183.8        	1.802313e-18
1183.85       	1.801895e-18
1183.9        	1.801478e-18
1183.95       	1.801060e-18
1184          	1.800643e-18
1184.05       	1.800226e-18
1184.1        	1.799809e-18
1184.15       	1.799391e-18
1184.2        	1.798974e-18
1184.25       	1.798558e-18
1184.3        	1.798141e-18
1184.35       	1.797724e-18
1184.4        	1.797308e-18
1184.45       	1.796891e-18
1184.5        	1.796475e-18
1184.55       	1.796059e-18
1184.6        	1.795642e-18
1184.65       	1.795226e-18
1184.7        	1.794810e-18
1184.75       	1.794395e-18
1184.8        	1.793979e-18
1184.85       	1.793563e-18
1184.9        	1.793148e-18
1184.95       	1.792732e-18
1185          	1.792317e-18
1185.05       	1.791902e-18
1185.1        	1.791487e-18
1185.15       	1.791072e-18
1185.2        	1.790657e-18
1185.25       	1.790242e-18
1185.3        	1.789827e-18
1185.35       	1.789413e-18
1185.4        	1.788998e-18
1185.45       	1.788584e-18
1185.5        	1.788169e-18
1185.55       	1.787755e-18
1185.6        	1.787341e-18
1185.65       	1.786927e-18
1185.7        	1.786513e-18
1185.75       	1.786100e-18
1185.8        	1.785686e-18
1185.85       	1.785272e-18
1185.9        	1.784859e-18
1185.95       	1.784445e-18
1186          	1.784032e-18
1186.05       	1.783619e-18
1186.1        	1.783206e-18
1186.15       	1.782793e-18
1186.2        	1.782380e-18
1186.25       	1.781967e-18
1186.3        	1.781555e-18
1186.35       	1.781142e-18
1186.4        	1.780730e-18
1186.45       	1.780317e-18
1186.5        	1.779905e-18
1186.55       	1.779493e-18
1186.6        	1.779081e-18
1186.65       	1.778669e-18
1186.7        	1.778257e-18
1186.75       	1.777846e-18
1186.8        	1.777434e-18
1186.85       	1.777022e-18
1186.9        	1.776611e-18
1186.95       	1.776200e-18
1187          	1.775788e-18
1187.05       	1.775377e-18
1187.1        	1.774966e-18
1187.15       	1.774555e-18
1187.2        	1.774145e-18
1187.25       	1.773734e-18
1187.3        	1.773323e-18
1187.35       	1.772913e-18
1187.4        	1.772502e-18
1187.45       	1.772092e-18
1187.5        	1.771682e-18
1187.55       	1.771272e-18
1187.6        	1.770862e-18
1187.65       	1.770452e-18
1187.7        	1.770042e-18
1187.75       	1.769632e-18
1187.8        	1.769223e-18
1187.85       	1.768813e-18
1187.9        	1.768404e-18
1187.95       	1.767995e-18
1188          	1.767585e-18
1188.05       	1.767176e-18
1188.1        	1.766767e-18
1188.15       	1.766358e-18
1188.2        	1.765950e-18
1188.25       	1.765541e-18
1188.3        	1.765132e-18
1188.35       	1.764724e-18
1188.4        	1.764316e-18
1188.45       	1.763907e-18
1188.5        	1.763499e-18
1188.55       	1.763091e-18
1188.6        	1.762683e-18
1188.65       	1.762275e-18
1188.7        	1.761867e-18
1188.75       	1.761460e-18
1188.8        	1.761052e-18
1188.85       	1.760645e-18
1188.9        	1.760237e-18
1188.95       	1.759830e-18
1189          	1.759423e-18
1189.05       	1.759016e-18
1189.1        	1.758609e-18
1189.15       	1.758202e-18
1189.2        	1.757795e-18
1189.25       	1.757389e-18
1189.3        	1.756982e-18
1189.35       	1.756575e-18
1189.4        	1.756169e-18
1189.45       	1.755763e-18
1189.5        	1.755357e-18
1189.55       	1.754951e-18
1189.6        	1.754545e-18
1189.65       	1.754139e-18
1189.7        	1.753733e-18
1189.75       	1.753327e-18
1189.8        	1.752922e-18
1189.85       	1.752516e-18
1189.9        	1.752111e-18
1189.95       	1.751706e-18
1190          	1.751300e-18
1190.05       	1.750895e-18
1190.1        	1.750490e-18
1190.15       	1.750086e-18
1190.2        	1.749681e-18
1190.25       	1.749276e-18
1190.3        	1.748872e-18
1190.35       	1.748467e-18
1190.4        	1.748063e-18
1190.45       	1.747658e-18
1190.5        	1.747254e-18
1190.55       	1.746850e-18
1190.6        	1.746446e-18
1190.65       	1.746042e-18
1190.7        	1.745639e-18
1190.75       	1.745235e-18
1190.8        	1.744831e-18
1190.85       	1.744428e-18
1190.9        	1.744024e-18
1190.95       	1.743621e-18
1191          	1.743218e-18
1191.05       	1.742815e-18
1191.1        	1.742412e-18
1191.15       	1.742009e-18
1191.2        	1.741606e-18
1191.25       	1.741204e-18
1191.3        	1.740801e-18
1191.35       	1.740399e-18
1191.4        	1.739996e-18
1191.45       	1.739594e-18
1191.5        	1.739192e-18
1191.55       	1.738790e-18
1191.6        	1.738388e-18
1191.65       	1.737986e-18
1191.7        	1.737584e-18
1191.75       	1.737182e-18
1191.8        	1.736781e-18
1191.85       	1.736379e-18
1191.9        	1.735978e-18
1191.95       	1.735576e-18
1192          	1.735175e-18
1192.05       	1.734774e-18
1192.1        	1.734373e-18
1192.15       	1.733972e-18
1192.2        	1.733571e-18
1192.25       	1.733171e-18
1192.3        	1.732770e-18
1192.35       	1.732370e-18
1192.4        	1.731969e-18
1192.45       	1.731569e-18
1192.5        	1.731169e-18
1192.55       	1.730768e-18
1192.6        	1.730368e-18
1192.65       	1.729969e-18
1192.7        	1.729569e-18
1192.75       	1.729169e-18
1192.8        	1.728769e-18
1192.85       	1.728370e-18
1192.9        	1.727970e-18
1192.95       	1.727571e-18
1193          	1.727172e-18
1193.05       	1.726773e-18
1193.1        	1.726374e-18
1193.15       	1.725975e-18
1193.2        	1.725576e-18
1193.25       	1.725177e-18
1193.3        	1.724778e-18
1193.35       	1.724380e-18
1193.4        	1.723981e-18
1193.45       	1.723583e-18
1193.5        	1.723185e-18
1193.55       	1.722787e-18
1193.6        	1.722389e-18
1193.65       	1.721991e-18
1193.7        	1.721593e-18
1193.75       	1.721195e-18
1193.8        	1.720797e-18
1193.85       	1.720400e-18
1193.9        	1.720002e-18
1193.95       	1.719605e-18
1194          	1.719208e-18
1194.05       	1.718810e-18
1194.1        	1.718413e-18
1194.15       	1.718016e-18
1194.2        	1.717619e-18
1194.25       	1.717223e-18
1194.3        	1.716826e-18
1194.35       	1.716429e-18
1194.4        	1.716033e-18
1194.45       	1.715636e-18
1194.5        	1.715240e-18
1194.55       	1.714844e-18
1194.6        	1.714448e-18
1194.65       	1.714052e-18
1194.7        	1.713656e-18
1194.75       	1.713260e-18
1194.8        	1.712864e-18
1194.85       	1.712469e-18
1194.9        	1.712073e-18
1194.95       	1.711678e-18
1195          	1.711282e-18
1195.05       	1.710887e-18
1195.1        	1.710492e-18
1195.15       	1.710097e-18
1195.2        	1.709702e-18
1195.25       	1.709307e-18
1195.3        	1.708912e-18
1195.35       	1.708517e-18
1195.4        	1.708123e-18
1195.45       	1.707728e-18
1195.5        	1.707334e-18
1195.55       	1.706940e-18
1195.6        	1.706546e-18
1195.65       	1.706151e-18
1195.7        	1.705757e-18
1195.75       	1.705364e-18
1195.8        	1.704970e-18
1195.85       	1.704576e-18
1195.9        	1.704182e-18
1195.95       	1.703789e-18
1196          	1.703395e-18
1196.05       	1.703002e-18
1196.1        	1.702609e-18
1196.15       	1.702216e-18
1196.2        	1.701823e-18
1196.25       	1.701430e-18
1196.3        	1.701037e-18
1196.35       	1.700644e-18
1196.4        	1.700252e-18
1196.45       	1.699859e-18
1196.5        	1.699467e-18
1196.55       	1.699074e-18
1196.6        	1.698682e-18
1196.65       	1.698290e-18
1196.7        	1.697898e-18
1196.75       	1.697506e-18
1196.8        	1.697114e-18
1196.85       	1.696722e-18
1196.9        	1.696330e-18
1196.95       	1.695939e-18
1197          	1.695547e-18
1197.05       	1.695156e-18
1197.1        	1.694764e-18
1197.15       	1.694373e-18
1197.2        	1.693982e-18
1197.25       	1.693591e-18
1197.3        	1.693200e-18
1197.35       	1.692809e-18
1197.4        	1.692419e-18
1197.45       	1.692028e-18
1197.5        	1.691637e-18
1197.55       	1.691247e-18
1197.6        	1.690857e-18
1197.65       	1.690466e-18
1197.7        	1.690076e-18
1197.75       	1.689686e-18
1197.8        	1.689296e-18
1197.85       	1.688906e-18
1197.9        	1.688516e-18
1197.95       	1.688127e-18
1198          	1.687737e-18
1198.05       	1.687348e-18
1198.1        	1.686958e-18
1198.15       	1.686569e-18
1198.2        	1.686180e-18
1198.25       	1.685790e-18
1198.3        	1.685401e-18
1198.35       	1.685012e-18
1198.4        	1.684624e-18
1198.45       	1.684235e-18
1198.5        	1.683846e-18
1198.55       	1.683458e-18
1198.6        	1.683069e-18
1198.65       	1.682681e-18
1198.7        	1.682293e-18
1198.75       	1.681904e-18
1198.8        	1.681516e-18
1198.85       	1.681128e-18
1198.9        	1.680740e-18
1198.95       	1.680353e-18
1199          	1.679965e-18
1199.05       	1.679577e-18
1199.1        	1.679190e-18
1199.15       	1.678802e-18
1199.2        	1.678415e-18
1199.25       	1.678028e-18
1199.3        	1.677641e-18
1199.35       	1.677253e-18
1199.4        	1.676867e-18
1199.45       	1.676480e-18
1199.5        	1.676093e-18
1199.55       	1.675706e-18
1199.6        	1.675320e-18
1199.65       	1.674933e-18
1199.7        	1.674547e-18
1199.75       	1.674160e-18
1199.8        	1.673774e-18
1199.85       	1.673388e-18
1199.9        	1.673002e-18
1199.95       	1.672616e-18
1200          	1.672230e-18
1200.05       	1.671845e-18
1200.1        	1.671459e-18
1200.15       	1.671073e-18
1200.2        	1.670688e-18
1200.25       	1.670303e-18
1200.3        	1.669917e-18
1200.35       	1.669532e-18
1200.4        	1.669147e-18
1200.45       	1.668762e-18
1200.5        	1.668377e-18
1200.55       	1.667992e-18
1200.6        	1.667608e-18
1200.65       	1.667223e-18
1200.7        	1.666838e-18
1200.75       	1.666454e-18
1200.8        	1.666070e-18
1200.85       	1.665685e-18
1200.9        	1.665301e-18
1200.95       	1.664917e-18
1201          	1.664533e-18
1201.05       	1.664149e-18
1201.1        	1.663766e-18
1201.15       	1.663382e-18
1201.2        	1.662998e-18
1201.25       	1.662615e-18
1201.3        	1.662231e-18
1201.35       	1.661848e-18
1201.4        	1.661465e-18
1201.45       	1.661082e-18
1201.5        	1.660699e-18
1201.55       	1.660316e-18
1201.6        	1.659933e-18
1201.65       	1.659550e-18
1201.7        	1.659167e-18
1201.75       	1.658785e-18
1201.8        	1.658402e-18
1201.85       	1.658020e-18
1201.9        	1.657638e-18
1201.95       	1.657256e-18
1202          	1.656873e-18
1202.05       	1.656491e-18
1202.1        	1.656109e-18
1202.15       	1.655728e-18
1202.2        	1.655346e-18
1202.25       	1.654964e-18
1202.3        	1.654583e-18
1202.35       	1.654201e-18
1202.4        	1.653820e-18
1202.45       	1.653439e-18
1202.5        	1.653057e-18
1202.55       	1.652676e-18
1202.6        	1.652295e-18
1202.65       	1.651914e-18
1202.7        	1.651534e-18
1202.75       	1.651153e-18
1202.8        	1.650772e-18
1202.85       	1.650392e-18
1202.9        	1.650011e-18
1202.95       	1.649631e-18
1203          	1.649251e-18
1203.05       	1.648870e-18
1203.1        	1.648490e-18
1203.15       	1.648110e-18
1203.2        	1.647730e-18
1203.25       	1.647351e-18
1203.3        	1.646971e-18
1203.35       	1.646591e-18
1203.4        	1.646212e-18
1203.45       	1.645832e-18
1203.5        	1.645453e-18
1203.55       	1.645074e-18
1203.6        	1.644695e-18
1203.65       	1.644315e-18
1203.7        	1.643936e-18
1203.75       	1.643558e-18
1203.8        	1.643179e-18
1203.85       	1.642800e-18
1203.9        	1.642421e-18
1203.95       	1.642043e-18
1204          	1.641665e-18
1204.05       	1.641286e-18
1204.1        	1.640908e-18
1204.15       	1.640530e-18
1204.2        	1.640152e-18
1204.25       	1.639774e-18
1204.3        	1.639396e-18
1204.35       	1.639018e-18
1204.4        	1.638640e-18
1204.45       	1.638263e-18
1204.5        	1.637885e-18
1204.55       	1.637508e-18
1204.6        	1.637130e-18
1204.65       	1.636753e-18
1204.7        	1.636376e-18
1204.75       	1.635999e-18
1204.8        	1.635622e-18
1204.85       	1.635245e-18
1204.9        	1.634868e-18
1204.95       	1.634492e-18
1205          	1.634115e-18
1205.05       	1.633738e-18
1205.1        	1.633362e-18
1205.15       	1.632986e-18
1205.2        	1.632609e-18
1205.25       	1.632233e-18
1205.3        	1.631857e-18
1205.35       	1.631481e-18
1205.4        	1.631105e-18
1205.45       	1.630730e-18
1205.5        	1.630354e-18
1205.55       	1.629978e-18
1205.6        	1.629603e-18
1205.65       	1.629227e-18
1205.7        	1.628852e-18
1205.75       	1.628477e-18
1205.8        	1.628102e-18
1205.85       	1.627727e-18
1205.9        	1.627352e-18
1205.95       	1.626977e-18
1206          	1.626602e-18
1206.05       	1.626227e-18
1206.1        	1.625853e-18
1206.15       	1.625478e-18
1206.2        	1.625104e-18
1206.25       	1.624729e-18
1206.3        	1.624355e-18
1206.35       	1.623981e-18
1206.4        	1.623607e-18
1206.45       	1.623233e-18
1206.5        	1.622859e-18
1206.55       	1.622485e-18
1206.6        	1.622111e-18
1206.65       	1.621738e-18
1206.7        	1.621364e-18
1206.75       	1.620991e-18
1206.8        	1.620617e-18
1206.85       	1.620244e-18
1206.9        	1.619871e-18
1206.95       	1.619498e-18
1207          	1.619125e-18
1207.05       	1.618752e-18
1207.1        	1.618379e-18
1207.15       	1.618006e-18
1207.2        	1.617634e-18
1207.25       	1.617261e-18
1207.3        	1.616889e-18
1207.35       	1.616516e-18
1207.4        	1.616144e-18
1207.45       	1.615772e-18
1207.5        	1.615400e-18
1207.55       	1.615028e-18
1207.6        	1.614656e-18
1207.65       	1.614284e-18
1207.7        	1.613912e-18
1207.75       	1.613541e-18
1207.8        	1.613169e-18
1207.85       	1.612798e-18
1207.9        	1.612426e-18
1207.95       	1.612055e-18
1208          	1.611684e-18
1208.05       	1.611313e-18
1208.1        	1.610941e-18
1208.15       	1.610571e-18
1208.2        	1.610200e-18
1208.25       	1.609829e-18
1208.3        	1.609458e-18
1208.35       	1.609088e-18
1208.4        	1.608717e-18
1208.45       	1.608347e-18
1208.5        	1.607976e-18
1208.55       	1.607606e-18
1208.6        	1.607236e-18
1208.65       	1.606866e-18
1208.7        	1.606496e-18
1208.75       	1.606126e-18
1208.8        	1.605756e-18
1208.85       	1.605387e-18
1208.9        	1.605017e-18
1208.95       	1.604648e-18
1209          	1.604278e-18
1209.05       	1.603909e-18
1209.1        	1.603540e-18
1209.15       	1.603170e-18
1209.2        	1.602801e-18
1209.25       	1.602432e-18
1209.3        	1.602063e-18
1209.35       	1.601695e-18
1209.4        	1.601326e-18
1209.45       	1.600957e-18
1209.5        	1.600589e-18
1209.55       	1.600220e-18
1209.6        	1.599852e-18
1209.65       	1.599484e-18
1209.7        	1.599115e-18
1209.75       	1.598747e-18
1209.8        	1.598379e-18
1209.85       	1.598011e-18
1209.9        	1.597644e-18
1209.95       	1.597276e-18
1210          	1.596908e-18
1210.05       	1.596541e-18
1210.1        	1.596173e-18
1210.15       	1.595806e-18
1210.2        	1.595438e-18
1210.25       	1.595071e-18
1210.3        	1.594704e-18
1210.35       	1.594337e-18
1210.4        	1.593970e-18
1210.45       	1.593603e-18
1210.5        	1.593236e-18
1210.55       	1.592870e-18
1210.6        	1.592503e-18
1210.65       	1.592137e-18
1210.7        	1.591770e-18
1210.75       	1.591404e-18
1210.8        	1.591038e-18
1210.85       	1.590671e-18
1210.9        	1.590305e-18
1210.95       	1.589939e-18
1211          	1.589573e-18
1211.05       	1.589208e-18
1211.1        	1.588842e-18
1211.15       	1.588476e-18
1211.2        	1.588111e-18
1211.25       	1.587745e-18
1211.3        	1.587380e-18
1211.35       	1.587015e-18
1211.4        	1.586649e-18
1211.45       	1.586284e-18
1211.5        	1.585919e-18
1211.55       	1.585554e-18
1211.6        	1.585190e-18
1211.65       	1.584825e-18
1211.7        	1.584460e-18
1211.75       	1.584095e-18
1211.8        	1.583731e-18
1211.85       	1.583367e-18
1211.9        	1.583002e-18
1211.95       	1.582638e-18
1212          	1.582274e-18
1212.05       	1.581910e-18
1212.1        	1.581546e-18
1212.15       	1.581182e-18
1212.2        	1.580818e-18
1212.25       	1.580454e-18
1212.3        	1.580091e-18
1212.35       	1.579727e-18
1212.4        	1.579364e-18
1212.45       	1.579000e-18
1212.5        	1.578637e-18
1212.55       	1.578274e-18
1212.6        	1.577911e-18
1212.65       	1.577548e-18
1212.7        	1.577185e-18
1212.75       	1.576822e-18
1212.8        	1.576459e-18
1212.85       	1.576097e-18
1212.9        	1.575734e-18
1212.95       	1.575372e-18
1213          	1.575009e-18
1213.05       	1.574647e-18
1213.1        	1.574285e-18
1213.15       	1.573922e-18
1213.2        	1.573560e-18
1213.25       	1.573198e-18
1213.3        	1.572836e-18
1213.35       	1.572475e-18
1213.4        	1.572113e-18
1213.45       	1.571751e-18
1213.5        	1.571390e-18
1213.55       	1.571028e-18
1213.6        	1.570667e-18
1213.65       	1.570306e-18
1213.7        	1.569944e-18
1213.75       	1.569583e-18
1213.8        	1.569222e-18
1213.85       	1.568861e-18
1213.9        	1.568500e-18
1213.95       	1.568140e-18
1214          	1.567779e-18
1214.05       	1.567418e-18
1214.1        	1.567058e-18
1214.15       	1.566697e-18
1214.2        	1.566337e-18
1214.25       	1.565977e-18
1214.3        	1.565617e-18
1214.35       	1.565257e-18
1214.4        	1.564897e-18
1214.45       	1.564537e-18
1214.5        	1.564177e-18
1214.55       	1.563817e-18
1214.6        	1.563457e-18
1214.65       	1.563098e-18
1214.7        	1.562738e-18
1214.75       	1.562379e-18
1214.8        	1.562020e-18
1214.85       	1.561660e-18
1214.9        	1.561301e-18
1214.95       	1.560942e-18
1215          	1.560583e-18
1215.05       	1.560224e-18
1215.1        	1.559866e-18
1215.15       	1.559507e-18
1215.2        	1.559148e-18
1215.25       	1.558790e-18
1215.3        	1.558431e-18
1215.35       	1.558073e-18
1215.4        	1.557715e-18
1215.45       	1.557356e-18
1215.5        	1.556998e-18
1215.55       	1.556640e-18
1215.6        	1.556282e-18
1215.65       	1.555925e-18
1215.7        	1.555567e-18
1215.75       	1.555209e-18
1215.8        	1.554852e-18
1215.85       	1.554494e-18
1215.9        	1.554137e-18
1215.95       	1.553779e-18
1216          	1.553422e-18
1216.05       	1.553065e-18
1216.1        	1.552708e-18
1216.15       	1.552351e-18
1216.2        	1.551994e-18
1216.25       	1.551637e-18
1216.3        	1.551280e-18
1216.35       	1.550924e-18
1216.4        	1.550567e-18
1216.45       	1.550210e-18
1216.5        	1.549854e-18
1216.55       	1.549498e-18
1216.6        	1.549142e-18
1216.65       	1.548785e-18
1216.7        	1.548429e-18
1216.75       	1.548073e-18
1216.8        	1.547717e-18
1216.85       	1.547362e-18
1216.9        	1.547006e-18
1216.95       	1.546650e-18
1217          	1.546295e-18
1217.05       	1.545939e-18
1217.1        	1.545584e-18
1217.15       	1.545228e-18
1217.2        	1.544873e-18
1217.25       	1.544518e-18
1217.3        	1.544163e-18
1217.35       	1.543808e-18
1217.4        	1.543453e-18
1217.45       	1.543098e-18
1217.5        	1.542744e-18
1217.55       	1.542389e-18
1217.6        	1.542035e-18
1217.65       	1.541680e-18
1217.7        	1.541326e-18
1217.75       	1.540971e-18
1217.8        	1.540617e-18
1217.85       	1.540263e-18
1217.9        	1.539909e-18
1217.95       	1.539555e-18
1218          	1.539201e-18
1218.05       	1.538847e-18
1218.1        	1.538494e-18
1218.15       	1.538140e-18
1218.2        	1.537787e-18
1218.25       	1.537433e-18
1218.3        	1.537080e-18
1218.35       	1.536727e-18
1218.4        	1.536373e-18
1218.45       	1.536020e-18
1218.5        	1.535667e-18
1218.55       	1.535314e-18
1218.6        	1.534961e-18
1218.65       	1.534609e-18
1218.7        	1.534256e-18
1218.75       	1.533903e-18
1218.8        	1.533551e-18
1218.85       	1.533198e-18
1218.9        	1.532846e-18
1218.95       	1.532494e-18
1219          	1.532142e-18
1219.05       	1.531789e-18
1219.1        	1.531437e-18
1219.15       	1.531085e-18
1219.2        	1.530734e-18
1219.25       	1.530382e-18
1219.3        	1.530030e-18
1219.35       	1.529679e-18
1219.4        	1.529327e-18
1219.45       	1.528976e-18
1219.5        	1.528624e-18
1219.55       	1.528273e-18
1219.6        	1.527922e-18
1219.65       	1.527571e-18
1219.7        	1.527220e-18
1219.75       	1.526869e-18
1219.8        	1.526518e-18
1219.85       	1.526167e-18
1219.9        	1.525816e-18
1219.95       	1.525466e-18
1220          	1.525115e-18
1220.05       	1.524765e-18
1220.1        	1.524415e-18
1220.15       	1.524064e-18
1220.2        	1.523714e-18
1220.25       	1.523364e-18
1220.3        	1.523014e-18
1220.35       	1.522664e-18
1220.4        	1.522314e-18
1220.45       	1.521964e-18
1220.5        	1.521615e-18
1220.55       	1.521265e-18
1220.6        	1.520916e-18
1220.65       	1.520566e-18
1220.7        	1.520217e-18
1220.75       	1.519867e-18
1220.8        	1.519518e-18
1220.85       	1.519169e-18
1220.9        	1.518820e-18
1220.95       	1.518471e-18
1221          	1.518122e-18
1221.05       	1.517774e-18
1221.1        	1.517425e-18
1221.15       	1.517076e-18
1221.2        	1.516728e-18
1221.25       	1.516379e-18
1221.3        	1.516031e-18
1221.35       	1.515683e-18
1221.4        	1.515335e-18
1221.45       	1.514986e-18
1221.5        	1.514638e-18
1221.55       	1.514290e-18
1221.6        	1.513943e-18
1221.65       	1.513595e-18
1221.7        	1.513247e-18
1221.75       	1.512899e-18
1221.8        	1.512552e-18
1221.85       	1.512204e-18
1221.9        	1.511857e-18
1221.95       	1.511510e-18
1222          	1.511163e-18
1222.05       	1.510815e-18
1222.1        	1.510468e-18
1222.15       	1.510121e-18
1222.2        	1.509775e-18
1222.25       	1.509428e-18
1222.3        	1.509081e-18
1222.35       	1.508734e-18
1222.4        	1.508388e-18
1222.45       	1.508041e-18
1222.5        	1.507695e-18
1222.55       	1.507349e-18
1222.6        	1.507003e-18
1222.65       	1.506656e-18
1222.7        	1.506310e-18
1222.75       	1.505964e-18
1222.8        	1.505619e-18
1222.85       	1.505273e-18
1222.9        	1.504927e-18
1222.95       	1.504581e-18
1223          	1.504236e-18
1223.05       	1.503890e-18
1223.1        	1.503545e-18
1223.15       	1.503200e-18
1223.2        	1.502854e-18
1223.25       	1.502509e-18
1223.3        	1.502164e-18
1223.35       	1.501819e-18
1223.4        	1.501474e-18
1223.45       	1.501129e-18
1223.5        	1.500785e-18
1223.55       	1.500440e-18
1223.6        	1.500095e-18
1223.65       	1.499751e-18
1223.7        	1.499406e-18
1223.75       	1.499062e-18
1223.8        	1.498718e-18
1223.85       	1.498374e-18
1223.9        	1.498030e-18
1223.95       	1.497686e-18
1224          	1.497342e-18
1224.05       	1.496998e-18
1224.1        	1.496654e-18
1224.15       	1.496310e-18
1224.2        	1.495967e-18
1224.25       	1.495623e-18
1224.3        	1.495280e-18
1224.35       	1.494936e-18
1224.4        	1.494593e-18
1224.45       	1.494250e-18
1224.5        	1.493907e-18
1224.55       	1.493564e-18
1224.6        	1.493221e-18
1224.65       	1.492878e-18
1224.7        	1.492535e-18
1224.75       	1.492193e-18
1224.8        	1.491850e-18
1224.85       	1.491507e-18
1224.9        	1.491165e-18
1224.95       	1.490823e-18
1225          	1.490480e-18
1225.05       	1.490138e-18
1225.1        	1.489796e-18
1225.15       	1.489454e-18
1225.2        	1.489112e-18
1225.25       	1.488770e-18
1225.3        	1.488428e-18
1225.35       	1.488086e-18
1225.4        	1.487745e-18
1225.45       	1.487403e-18
1225.5        	1.487062e-18
1225.55       	1.486720e-18
1225.6        	1.486379e-18
1225.65       	1.486038e-18
1225.7        	1.485696e-18
1225.75       	1.485355e-18
1225.8        	1.485014e-18
1225.85       	1.484673e-18
1225.9        	1.484333e-18
1225.95       	1.483992e-18
1226          	1.483651e-18
1226.05       	1.483311e-18
1226.1        	1.482970e-18
1226.15       	1.482630e-18
1226.2        	1.482289e-18
1226.25       	1.481949e-18
1226.3        	1.481609e-18
1226.35       	1.481269e-18
1226.4        	1.480929e-18
1226.45       	1.480589e-18
1226.5        	1.480249e-18
1226.55       	1.479909e-18
1226.6        	1.479569e-18
1226.65       	1.479230e-18
1226.7        	1.478890e-18
1226.75       	1.478550e-18
1226.8        	1.478211e-18
1226.85       	1.477872e-18
1226.9        	1.477533e-18
1226.95       	1.477193e-18
1227          	1.476854e-18
1227.05       	1.476515e-18
1227.1        	1.476176e-18
1227.15       	1.475838e-18
1227.2        	1.475499e-18
1227.25       	1.475160e-18
1227.3        	1.474821e-18
1227.35       	1.474483e-18
1227.4        	1.474145e-18
1227.45       	1.473806e-18
1227.5        	1.473468e-18
1227.55       	1.473130e-18
1227.6        	1.472792e-18
1227.65       	1.472454e-18
1227.7        	1.472116e-18
1227.75       	1.471778e-18
1227.8        	1.471440e-18
1227.85       	1.471102e-18
1227.9        	1.470765e-18
1227.95       	1.470427e-18
1228          	1.470090e-18
1228.05       	1.469752e-18
1228.1        	1.469415e-18
1228.15       	1.469078e-18
1228.2        	1.468740e-18
1228.25       	1.468403e-18
1228.3        	1.468066e-18
1228.35       	1.467729e-18
1228.4        	1.467393e-18
1228.45       	1.467056e-18
1228.5        	1.466719e-18
1228.55       	1.466382e-18
1228.6        	1.466046e-18
1228.65       	1.465709e-18
1228.7        	1.465373e-18
1228.75       	1.465037e-18
1228.8        	1.464701e-18
1228.85       	1.464365e-18
1228.9        	1.464028e-18
1228.95       	1.463692e-18
1229          	1.463357e-18
1229.05       	1.463021e-18
1229.1        	1.462685e-18
1229.15       	1.462349e-18
1229.2        	1.462014e-18
1229.25       	1.461678e-18
1229.3        	1.461343e-18
1229.35       	1.461008e-18
1229.4        	1.460672e-18
1229.45       	1.460337e-18
1229.5        	1.460002e-18
1229.55       	1.459667e-18
1229.6        	1.459332e-18
1229.65       	1.458997e-18
1229.7        	1.458662e-18
1229.75       	1.458328e-18
1229.8        	1.457993e-18
1229.85       	1.457659e-18
1229.9        	1.457324e-18
1229.95       	1.456990e-18
1230          	1.456655e-18
1230.05       	1.456321e-18
1230.1        	1.455987e-18
1230.15       	1.455653e-18
1230.2        	1.455319e-18
1230.25       	1.454985e-18
1230.3        	1.454651e-18
1230.35       	1.454317e-18
1230.4        	1.453984e-18
1230.45       	1.453650e-18
1230.5        	1.453317e-18
1230.55       	1.452983e-18
1230.6        	1.452650e-18
1230.65       	1.452317e-18
1230.7        	1.451983e-18
1230.75       	1.451650e-18
1230.8        	1.451317e-18
1230.85       	1.450984e-18
1230.9        	1.450651e-18
1230.95       	1.450318e-18
1231          	1.449986e-18
1231.05       	1.449653e-18
1231.1        	1.449321e-18
1231.15       	1.448988e-18
1231.2        	1.448656e-18
1231.25       	1.448323e-18
1231.3        	1.447991e-18
1231.35       	1.447659e-18
1231.4        	1.447327e-18
1231.45       	1.446995e-18
1231.5        	1.446663e-18
1231.55       	1.446331e-18
1231.6        	1.445999e-18
1231.65       	1.445667e-18
1231.7        	1.445336e-18
1231.75       	1.445004e-18
1231.8        	1.444673e-18
1231.85       	1.444341e-18
1231.9        	1.444010e-18
1231.95       	1.443679e-18
1232          	1.443347e-18
1232.05       	1.443016e-18
1232.1        	1.442685e-18
1232.15       	1.442354e-18
1232.2        	1.442024e-18
1232.25       	1.441693e-18
1232.3        	1.441362e-18
1232.35       	1.441031e-18
1232.4        	1.440701e-18
1232.45       	1.440370e-18
1232.5        	1.440040e-18
1232.55       	1.439710e-18
1232.6        	1.439379e-18
1232.65       	1.439049e-18
1232.7        	1.438719e-18
1232.75       	1.438389e-18
1232.8        	1.438059e-18
1232.85       	1.437729e-18
1232.9        	1.437400e-18
1232.95       	1.437070e-18
1233          	1.436740e-18
1233.05       	1.436411e-18
1233.1        	1.436081e-18
1233.15       	1.435752e-18
1233.2        	1.435423e-18
1233.25       	1.435093e-18
1233.3        	1.434764e-18
1233.35       	1.434435e-18
1233.4        	1.434106e-18
1233.45       	1.433777e-18
1233.5        	1.433448e-18
1233.55       	1.433120e-18
1233.6        	1.432791e-18
1233.65       	1.432462e-18
1233.7        	1.432134e-18
1233.75       	1.431805e-18
1233.8        	1.431477e-18
1233.85       	1.431149e-18
1233.9        	1.430821e-18
1233.95       	1.430492e-18
1234          	1.430164e-18
1234.05       	1.429836e-18
1234.1        	1.429508e-18
1234.15       	1.429181e-18
1234.2        	1.428853e-18
1234.25       	1.428525e-18
1234.3        	1.428198e-18
1234.35       	1.427870e-18
1234.4        	1.427543e-18
1234.45       	1.427215e-18
1234.5        	1.426888e-18
1234.55       	1.426561e-18
1234.6        	1.426234e-18
1234.65       	1.425906e-18
1234.7        	1.425579e-18
1234.75       	1.425253e-18
1234.8        	1.424926e-18
1234.85       	1.424599e-18
1234.9        	1.424272e-18
1234.95       	1.423946e-18
1235          	1.423619e-18
1235.05       	1.423293e-18
1235.1        	1.422966e-18
1235.15       	1.422640e-18
1235.2        	1.422314e-18
1235.25       	1.421988e-18
1235.3        	1.421662e-18
1235.35       	1.421336e-18
1235.4        	1.421010e-18
1235.45       	1.420684e-18
1235.5        	1.420358e-18
1235.55       	1.420032e-18
1235.6        	1.419707e-18
1235.65       	1.419381e-18
1235.7        	1.419056e-18
1235.75       	1.418730e-18
1235.8        	1.418405e-18
1235.85       	1.418080e-18
1235.9        	1.417755e-18
1235.95       	1.417430e-18
1236          	1.417105e-18
1236.05       	1.416780e-18
1236.1        	1.416455e-18
1236.15       	1.416130e-18
1236.2        	1.415805e-18
1236.25       	1.415481e-18
1236.3        	1.415156e-18
1236.35       	1.414832e-18
1236.4        	1.414507e-18
1236.45       	1.414183e-18
1236.5        	1.413859e-18
1236.55       	1.413535e-18
1236.6        	1.413211e-18
1236.65       	1.412887e-18
1236.7        	1.412563e-18
1236.75       	1.412239e-18
1236.8        	1.411915e-18
1236.85       	1.411591e-18
1236.9        	1.411268e-18
1236.95       	1.410944e-18
1237          	1.410621e-18
1237.05       	1.410297e-18
1237.1        	1.409974e-18
1237.15       	1.409651e-18
1237.2        	1.409328e-18
1237.25       	1.409005e-18
1237.3        	1.408682e-18
1237.35       	1.408359e-18
1237.4        	1.408036e-18
1237.45       	1.407713e-18
1237.5        	1.407390e-18
1237.55       	1.407068e-18
1237.6        	1.406745e-18
1237.65       	1.406423e-18
1237.7        	1.406100e-18
1237.75       	1.405778e-18
1237.8        	1.405456e-18
1237.85       	1.405133e-18
1237.9        	1.404811e-18
1237.95       	1.404489e-18
1238          	1.404167e-18
1238.05       	1.403845e-18
1238.1        	1.403524e-18
1238.15       	1.403202e-18
1238.2        	1.402880e-18
1238.25       	1.402559e-18
1238.3        	1.402237e-18
1238.35       	1.401916e-18
1238.4        	1.401594e-18
1238.45       	1.401273e-18
1238.5        	1.400952e-18
1238.55       	1.400631e-18
1238.6        	1.400310e-18
1238.65       	1.399989e-18
1238.7        	1.399668e-18
1238.75       	1.399347e-18
1238.8        	1.399026e-18
1238.85       	1.398706e-18
1238.9        	1.398385e-18
1238.95       	1.398064e-18
1239          	1.397744e-18
1239.05       	1.397424e-18
1239.1        	1.397103e-18
1239.15       	1.396783e-18
1239.2        	1.396463e-18
1239.25       	1.396143e-18
1239.3        	1.395823e-18
1239.35       	1.395503e-18
1239.4        	1.395183e-18
1239.45       	1.394863e-18
1239.5        	1.394544e-18
1239.55       	1.394224e-18
1239.6        	1.393904e-18
1239.65       	1.393585e-18
1239.7        	1.393266e-18
1239.75       	1.392946e-18
1239.8        	1.392627e-18
1239.85       	1.392308e-18
1239.9        	1.391989e-18
1239.95       	1.391670e-18
1240          	1.391351e-18
1240.05       	1.391032e-18
1240.1        	1.390713e-18
1240.15       	1.390394e-18
1240.2        	1.390076e-18
1240.25       	1.389757e-18
1240.3        	1.389439e-18
1240.35       	1.389120e-18
1240.4        	1.388802e-18
1240.45       	1.388484e-18
1240.5        	1.388165e-18
1240.55       	1.387847e-18
1240.6        	1.387529e-18
1240.65       	1.387211e-18
1240.7        	1.386893e-18
1240.75       	1.386575e-18
1240.8        	1.386258e-18
1240.85       	1.385940e-18
1240.9        	1.385622e-18
1240.95       	1.385305e-18
1241          	1.384987e-18
1241.05       	1.384670e-18
1241.1        	1.384353e-18
1241.15       	1.384035e-18
1241.2        	1.383718e-18
1241.25       	1.383401e-18
1241.3        	1.383084e-18
1241.35       	1.382767e-18
1241.4        	1.382450e-18
1241.45       	1.382134e-18
1241.5        	1.381817e-18
1241.55       	1.381500e-18
1241.6        	1.381184e-18
1241.65       	1.380867e-18
1241.7        	1.380551e-18
1241.75       	1.380234e-18
1241.8        	1.379918e-18
1241.85       	1.379602e-18
1241.9        	1.379286e-18
1241.95       	1.378970e-18
1242          	1.378654e-18
1242.05       	1.378338e-18
1242.1        	1.378022e-18
1242.15       	1.377706e-18
1242.2        	1.377391e-18
1242.25       	1.377075e-18
1242.3        	1.376760e-18
1242.35       	1.376444e-18
1242.4        	1.376129e-18
1242.45       	1.375813e-18
1242.5        	1.375498e-18
1242.55       	1.375183e-18
1242.6        	1.374868e-18
1242.65       	1.374553e-18
1242.7        	1.374238e-18
1242.75       	1.373923e-18
1242.8        	1.373608e-18
1242.85       	1.373294e-18
1242.9        	1.372979e-18
1242.95       	1.372664e-18
1243          	1.372350e-18
1243.05       	1.372035e-18
1243.1        	1.371721e-18
1243.15       	1.371407e-18
1243.2        	1.371093e-18
1243.25       	1.370779e-18
1243.3        	1.370464e-18
1243.35       	1.370151e-18
1243.4        	1.369837e-18
1243.45       	1.369523e-18
1243.5        	1.369209e-18
1243.55       	1.368895e-18
1243.6        	1.368582e-18
1243.65       	1.368268e-18
1243.7        	1.367955e-18
1243.75       	1.367641e-18
1243.8        	1.367328e-18
1243.85       	1.367015e-18
1243.9        	1.366702e-18
1243.95       	1.366388e-18
1244          	1.366075e-18
1244.05       	1.365762e-18
1244.1        	1.365450e-18
1244.15       	1.365137e-18
1244.2        	1.364824e-18
1244.25       	1.364511e-18
1244.3        	1.364199e-18
1244.35       	1.363886e-18
1244.4        	1.363574e-18
1244.45       	1.363261e-18
1244.5        	1.362949e-18
1244.55       	1.362637e-18
1244.6        	1.362325e-18
1244.65       	1.362013e-18
1244.7        	1.361701e-18
1244.75       	1.361389e-18
1244.8        	1.361077e-18
1244.85       	1.360765e-18
1244.9        	1.360453e-18
1244.95       	1.360142e-18
1245          	1.359830e-18
1245.05       	1.359519e-18
1245.1        	1.359207e-18
1245.15       	1.358896e-18
1245.2        	1.358585e-18
1245.25       	1.358273e-18
1245.3        	1.357962e-18
1245.35       	1.357651e-18
1245.4        	1.357340e-18
1245.45       	1.357029e-18
1245.5        	1.356719e-18
1245.55       	1.356408e-18
1245.6        	1.356097e-18
1245.65       	1.355786e-18
1245.7        	1.355476e-18
1245.75       	1.355165e-18
1245.8        	1.354855e-18
1245.85       	1.354545e-18
1245.9        	1.354234e-18
1245.95       	1.353924e-18
1246          	1.353614e-18
1246.05       	1.353304e-18
1246.1        	1.352994e-18
1246.15       	1.352684e-18
1246.2        	1.352374e-18
1246.25       	1.352065e-18
1246.3        	1.351755e-18
1246.35       	1.351445e-18
1246.4        	1.351136e-18
1246.45       	1.350826e-18
1246.5        	1.350517e-18
1246.55       	1.350208e-18
1246.6        	1.349898e-18
1246.65       	1.349589e-18
1246.7        	1.349280e-18
1246.75       	1.348971e-18
1246.8        	1.348662e-18
1246.85       	1.348353e-18
1246.9        	1.348045e-18
1246.95       	1.347736e-18
1247          	1.347427e-18
1247.05       	1.347119e-18
1247.1        	1.346810e-18
1247.15       	1.346502e-18
1247.2        	1.346193e-18
1247.25       	1.345885e-18
1247.3        	1.345577e-18
1247.35       	1.345268e-18
1247.4        	1.344960e-18
1247.45       	1.344652e-18
1247.5        	1.344344e-18
1247.55       	1.344037e-18
1247.6        	1.343729e-18
1247.65       	1.343421e-18
1247.7        	1.343113e-18
1247.75       	1.342806e-18
1247.8        	1.342498e-18
1247.85       	1.342191e-18
1247.9        	1.341883e-18
1247.95       	1.341576e-18
1248          	1.341269e-18
1248.05       	1.340962e-18
1248.1        	1.340655e-18
1248.15       	1.340348e-18
1248.2        	1.340041e-18
1248.25       	1.339734e-18
1248.3        	1.339427e-18
1248.35       	1.339120e-18
1248.4        	1.338814e-18
1248.45       	1.338507e-18
1248.5        	1.338201e-18
1248.55       	1.337894e-18
1248.6        	1.337588e-18
1248.65       	1.337281e-18
1248.7        	1.336975e-18
1248.75       	1.336669e-18
1248.8        	1.336363e-18
1248.85       	1.336057e-18
1248.9        	1.335751e-18
1248.95       	1.335445e-18
1249          	1.335139e-18
1249.05       	1.334834e-18
1249.1        	1.334528e-18
1249.15       	1.334222e-18
1249.2        	1.333917e-18
1249.25       	1.333612e-18
1249.3        	1.333306e-18
1249.35       	1.333001e-18
1249.4        	1.332696e-18
1249.45       	1.332390e-18
1249.5        	1.332085e-18
1249.55       	1.331780e-18
1249.6        	1.331475e-18
1249.65       	1.331171e-18
1249.7        	1.330866e-18
1249.75       	1.330561e-18
1249.8        	1.330256e-18
1249.85       	1.329952e-18
1249.9        	1.329647e-18
1249.95       	1.329343e-18
1250          	1.329038e-18
1250.05       	1.328734e-18
1250.1        	1.328430e-18
1250.15       	1.328126e-18
1250.2        	1.327822e-18
1250.25       	1.327518e-18
1250.3        	1.327214e-18
1250.35       	1.326910e-18
1250.4        	1.326606e-18
1250.45       	1.326302e-18
1250.5        	1.325999e-18
1250.55       	1.325695e-18
1250.6        	1.325392e-18
1250.65       	1.325088e-18
1250.7        	1.324785e-18
1250.75       	1.324481e-18
1250.8        	1.324178e-18
1250.85       	1.323875e-18
1250.9        	1.323572e-18
1250.95       	1.323269e-18
1251          	1.322966e-18
1251.05       	1.322663e-18
1251.1        	1.322360e-18
1251.15       	1.322058e-18
1251.2        	1.321755e-18
1251.25       	1.321452e-18
1251.3        	1.321150e-18
1251.35       	1.320847e-18
1251.4        	1.320545e-18
1251.45       	1.320243e-18
1251.5        	1.319940e-18
1251.55       	1.319638e-18
1251.6        	1.319336e-18
1251.65       	1.319034e-18
1251.7        	1.318732e-18
1251.75       	1.318430e-18
1251.8        	1.318128e-18
1251.85       	1.317827e-18
1251.9        	1.317525e-18
1251.95       	1.317223e-18
1252          	1.316922e-18
1252.05       	1.316620e-18
1252.1        	1.316319e-18
1252.15       	1.316017e-18
1252.2        	1.315716e-18
1252.25       	1.315415e-18
1252.3        	1.315114e-18
1252.35       	1.314813e-18
1252.4        	1.314512e-18
1252.45       	1.314211e-18
1252.5        	1.313910e-18
1252.55       	1.313609e-18
1252.6        	1.313309e-18
1252.65       	1.313008e-18
1252.7        	1.312707e-18
1252.75       	1.312407e-18
1252.8        	1.312107e-18
1252.85       	1.311806e-18
1252.9        	1.311506e-18
1252.95       	1.311206e-18
1253          	1.310906e-18
1253.05       	1.310605e-18
1253.1        	1.310305e-18
1253.15       	1.310006e-18
1253.2        	1.309706e-18
1253.25       	1.309406e-18
1253.3        	1.309106e-18
1253.35       	1.308806e-18
1253.4        	1.308507e-18
1253.45       	1.308207e-18
1253.5        	1.307908e-18
1253.55       	1.307609e-18
1253.6        	1.307309e-18
1253.65       	1.307010e-18
1253.7        	1.306711e-18
1253.75       	1.306412e-18
1253.8        	1.306113e-18
1253.85       	1.305814e-18
1253.9        	1.305515e-18
1253.95       	1.305216e-18
1254          	1.304917e-18
1254.05       	1.304619e-18
1254.1        	1.304320e-18
1254.15       	1.304022e-18
1254.2        	1.303723e-18
1254.25       	1.303425e-18
1254.3        	1.303126e-18
1254.35       	1.302828e-18
1254.4        	1.302530e-18
1254.45       	1.302232e-18
1254.5        	1.301934e-18
1254.55       	1.301636e-18
1254.6        	1.301338e-18
1254.65       	1.301040e-18
1254.7        	1.300742e-18
1254.75       	1.300445e-18
1254.8        	1.300147e-18
1254.85       	1.299849e-18
1254.9        	1.299552e-18
1254.95       	1.299254e-18
1255          	1.298957e-18
1255.05       	1.298660e-18
1255.1        	1.298363e-18
1255.15       	1.298065e-18
1255.2        	1.297768e-18
1255.25       	1.297471e-18
1255.3        	1.297174e-18
1255.35       	1.296877e-18
1255.4        	1.296581e-18
1255.45       	1.296284e-18
1255.5        	1.295987e-18
1255.55       	1.295691e-18
1255.6        	1.295394e-18
1255.65       	1.295098e-18
1255.7        	1.294801e-18
1255.75       	1.294505e-18
1255.8        	1.294209e-18
1255.85       	1.293913e-18
1255.9        	1.293616e-18
1255.95       	1.293320e-18
1256          	1.293024e-18
1256.05       	1.292729e-18
1256.1        	1.292433e-18
1256.15       	1.292137e-18
1256.2        	1.291841e-18
1256.25       	1.291546e-18
1256.3        	1.291250e-18
1256.35       	1.290955e-18
1256.4        	1.290659e-18
1256.45       	1.290364e-18
1256.5        	1.290068e-18
1256.55       	1.289773e-18
1256.6        	1.289478e-18
1256.65       	1.289183e-18
1256.7        	1.288888e-18
1256.75       	1.288593e-18
1256.8        	1.288298e-18
1256.85       	1.288003e-18
1256.9        	1.287709e-18
1256.95       	1.287414e-18
1257          	1.287119e-18
1257.05       	1.286825e-18
1257.1        	1.286530e-18
1257.15       	1.286236e-18
1257.2        	1.285942e-18
1257.25       	1.285647e-18
1257.3        	1.285353e-18
1257.35       	1.285059e-18
1257.4        	1.284765e-18
1257.45       	1.284471e-18
1257.5        	1.284177e-18
1257.55       	1.283883e-18
1257.6        	1.283590e-18
1257.65       	1.283296e-18
1257.7        	1.283002e-18
1257.75       	1.282709e-18
1257.8        	1.282415e-18
1257.85       	1.282122e-18
1257.9        	1.281828e-18
1257.95       	1.281535e-18
1258          	1.281242e-18
1258.05       	1.280949e-18
1258.1        	1.280655e-18
1258.15       	1.280362e-18
1258.2        	1.280069e-18
1258.25       	1.279777e-18
1258.3        	1.279484e-18
1258.35       	1.279191e-18
1258.4        	1.278898e-18
1258.45       	1.278606e-18
1258.5        	1.278313e-18
1258.55       	1.278021e-18
1258.6        	1.277728e-18
1258.65       	1.277436e-18
1258.7        	1.277144e-18
1258.75       	1.276851e-18
1258.8        	1.276559e-18
1258.85       	1.276267e-18
1258.9        	1.275975e-18
1258.95       	1.275683e-18
1259          	1.275391e-18
1259.05       	1.275100e-18
1259.1        	1.274808e-18
1259.15       	1.274516e-18
1259.2        	1.274225e-18
1259.25       	1.273933e-18
1259.3        	1.273642e-18
1259.35       	1.273350e-18
1259.4        	1.273059e-18
1259.45       	1.272768e-18
1259.5        	1.272476e-18
1259.55       	1.272185e-18
1259.6        	1.271894e-18
1259.65       	1.271603e-18
1259.7        	1.271312e-18
1259.75       	1.271021e-18
1259.8        	1.270731e-18
1259.85       	1.270440e-18
1259.9        	1.270149e-18
1259.95       	1.269859e-18
1260          	1.269568e-18
1260.05       	1.269278e-18
1260.1        	1.268987e-18
1260.15       	1.268697e-18
1260.2        	1.268407e-18
1260.25       	1.268117e-18
1260.3        	1.267826e-18
1260.35       	1.267536e-18
1260.4        	1.267246e-18
1260.45       	1.266957e-18
1260.5        	1.266667e-18
1260.55       	1.266377e-18
1260.6        	1.266087e-18
1260.65       	1.265798e-18
1260.7        	1.265508e-18
1260.75       	1.265219e-18
1260.8        	1.264929e-18
1260.85       	1.264640e-18
1260.9        	1.264350e-18
1260.95       	1.264061e-18
1261          	1.263772e-18
1261.05       	1.263483e-18
1261.1        	1.263194e-18
1261.15       	1.262905e-18
1261.2        	1.262616e-18
1261.25       	1.262327e-18
1261.3        	1.262038e-18
1261.35       	1.261750e-18
1261.4        	1.261461e-18
1261.45       	1.261172e-18
1261.5        	1.260884e-18
1261.55       	1.260596e-18
1261.6        	1.260307e-18
1261.65       	1.260019e-18
1261.7        	1.259731e-18
1261.75       	1.259442e-18
1261.8        	1.259154e-18
1261.85       	1.258866e-18
1261.9        	1.258578e-18
1261.95       	1.258290e-18
1262          	1.258003e-18
1262.05       	1.257715e-18
1262.1        	1.257427e-18
1262.15       	1.257140e-18
1262.2        	1.256852e-18
1262.25       	1.256565e-18
1262.3        	1.256277e-18
1262.35       	1.255990e-18
1262.4        	1.255702e-18
1262.45       	1.255415e-18
1262.5        	1.255128e-18
1262.55       	1.254841e-18
1262.6        	1.254554e-18
1262.65       	1.254267e-18
1262.7        	1.253980e-18
1262.75       	1.253693e-18
1262.8        	1.253406e-18
1262.85       	1.253120e-18
1262.9        	1.252833e-18
1262.95       	1.252547e-18
1263          	1.252260e-18
1263.05       	1.251974e-18
1263.1        	1.251687e-18
1263.15       	1.251401e-18
1263.2        	1.251115e-18
1263.25       	1.250829e-18
1263.3        	1.250543e-18
1263.35       	1.250256e-18
1263.4        	1.249971e-18
1263.45       	1.249685e-18
1263.5        	1.249399e-18
1263.55       	1.249113e-18
1263.6        	1.248827e-18
1263.65       	1.248542e-18
1263.7        	1.248256e-18
1263.75       	1.247971e-18
1263.8        	1.247685e-18
1263.85       	1.247400e-18
1263.9        	1.247115e-18
1263.95       	1.246829e-18
1264          	1.246544e-18
1264.05       	1.246259e-18
1264.1        	1.245974e-18
1264.15       	1.245689e-18
1264.2        	1.245404e-18
1264.25       	1.245119e-18
1264.3        	1.244835e-18
1264.35       	1.244550e-18
1264.4        	1.244265e-18
1264.45       	1.243981e-18
1264.5        	1.243696e-18
1264.55       	1.243412e-18
1264.6        	1.243127e-18
1264.65       	1.242843e-18
1264.7        	1.242559e-18
1264.75       	1.242275e-18
1264.8        	1.241990e-18
1264.85       	1.241706e-18
1264.9        	1.241422e-18
1264.95       	1.241139e-18
1265          	1.240855e-18
1265.05       	1.240571e-18
1265.1        	1.240287e-18
1265.15       	1.240004e-18
1265.2        	1.239720e-18
1265.25       	1.239436e-18
1265.3        	1.239153e-18
1265.35       	1.238870e-18
1265.4        	1.238586e-18
1265.45       	1.238303e-18
1265.5        	1.238020e-18
1265.55       	1.237737e-18
1265.6        	1.237454e-18
1265.65       	1.237171e-18
1265.7        	1.236888e-18
1265.75       	1.236605e-18
1265.8        	1.236322e-18
1265.85       	1.236039e-18
1265.9        	1.235757e-18
1265.95       	1.235474e-18
1266          	1.235192e-18
1266.05       	1.234909e-18
1266.1        	1.234627e-18
1266.15       	1.234344e-18
1266.2        	1.234062e-18
1266.25       	1.233780e-18
1266.3        	1.233498e-18
1266.35       	1.233216e-18
1266.4        	1.232934e-18
1266.45       	1.232652e-18
1266.5        	1.232370e-18
1266.55       	1.232088e-18
1266.6        	1.231806e-18
1266.65       	1.231525e-18
1266.7        	1.231243e-18
1266.75       	1.230961e-18
1266.8        	1.230680e-18
1266.85       	1.230398e-18
1266.9        	1.230117e-18
1266.95       	1.229836e-18
1267          	1.229555e-18
1267.05       	1.229273e-18
1267.1        	1.228992e-18
1267.15       	1.228711e-18
1267.2        	1.228430e-18
1267.25       	1.228149e-18
1267.3        	1.227869e-18
1267.35       	1.227588e-18
1267.4        	1.227307e-18
1267.45       	1.227027e-18
1267.5        	1.226746e-18
1267.55       	1.226465e-18
1267.6        	1.226185e-18
1267.65       	1.225905e-18
1267.7        	1.225624e-18
1267.75       	1.225344e-18
1267.8        	1.225064e-18
1267.85       	1.224784e-18
1267.9        	1.224504e-18
1267.95       	1.224224e-18
1268          	1.223944e-18
1268.05       	1.223664e-18
1268.1        	1.223384e-18
1268.15       	1.223104e-18
1268.2        	1.222825e-18
1268.25       	1.222545e-18
1268.3        	1.222266e-18
1268.35       	1.221986e-18
1268.4        	1.221707e-18
1268.45       	1.221427e-18
1268.5        	1.221148e-18
1268.55       	1.220869e-18
1268.6        	1.220590e-18
1268.65       	1.220311e-18
1268.7        	1.220032e-18
1268.75       	1.219753e-18
1268.8        	1.219474e-18
1268.85       	1.219195e-18
1268.9        	1.218916e-18
1268.95       	1.218638e-18
1269          	1.218359e-18
1269.05       	1.218080e-18
1269.1        	1.217802e-18
1269.15       	1.217523e-18
1269.2        	1.217245e-18
1269.25       	1.216967e-18
1269.3        	1.216689e-18
1269.35       	1.216410e-18
1269.4        	1.216132e-18
1269.45       	1.215854e-18
1269.5        	1.215576e-18
1269.55       	1.215298e-18
1269.6        	1.215020e-18
1269.65       	1.214743e-18
1269.7        	1.214465e-18
1269.75       	1.214187e-18
1269.8        	1.213910e-18
1269.85       	1.213632e-18
1269.9        	1.213355e-18
1269.95       	1.213077e-18
1270          	1.212800e-18
1270.05       	1.212523e-18
1270.1        	1.212245e-18
1270.15       	1.211968e-18
1270.2        	1.211691e-18
1270.25       	1.211414e-18
1270.3        	1.211137e-18
1270.35       	1.210860e-18
1270.4        	1.210584e-18
1270.45       	1.210307e-18
1270.5        	1.210030e-18
1270.55       	1.209753e-18
1270.6        	1.209477e-18
1270.65       	1.209200e-18
1270.7        	1.208924e-18
1270.75       	1.208648e-18
1270.8        	1.208371e-18
1270.85       	1.208095e-18
1270.9        	1.207819e-18
1270.95       	1.207543e-18
1271          	1.207267e-18
1271.05       	1.206991e-18
1271.1        	1.206715e-18
1271.15       	1.206439e-18
1271.2        	1.206163e-18
1271.25       	1.205887e-18
1271.3        	1.205612e-18
1271.35       	1.205336e-18
1271.4        	1.205060e-18
1271.45       	1.204785e-18
1271.5        	1.204510e-18
1271.55       	1.204234e-18
1271.6        	1.203959e-18
1271.65       	1.203684e-18
1271.7        	1.203408e-18
1271.75       	1.203133e-18
1271.8        	1.202858e-18
1271.85       	1.202583e-18
1271.9        	1.202308e-18
1271.95       	1.202034e-18
1272          	1.201759e-18
1272.05       	1.201484e-18
1272.1        	1.201209e-18
1272.15       	1.200935e-18
1272.2        	1.200660e-18
1272.25       	1.200386e-18
1272.3        	1.200111e-18
1272.35       	1.199837e-18
1272.4        	1.199563e-18
1272.45       	1.199289e-18
1272.5        	1.199015e-18
1272.55       	1.198740e-18
1272.6        	1.198466e-18
1272.65       	1.198192e-18
1272.7        	1.197919e-18
1272.75       	1.197645e-18
1272.8        	1.197371e-18
1272.85       	1.197097e-18
1272.9        	1.196824e-18
1272.95       	1.196550e-18
1273          	1.196277e-18
1273.05       	1.196003e-18
1273.1        	1.195730e-18
1273.15       	1.195456e-18
1273.2        	1.195183e-18
1273.25       	1.194910e-18
1273.3        	1.194637e-18
1273.35       	1.194364e-18
1273.4        	1.194091e-18
1273.45       	1.193818e-18
1273.5        	1.193545e-18
1273.55       	1.193272e-18
1273.6        	1.192999e-18
1273.65       	1.192727e-18
1273.7        	1.192454e-18
1273.75       	1.192181e-18
1273.8        	1.191909e-18
1273.85       	1.191637e-18
1273.9        	1.191364e-18
1273.95       	1.191092e-18
1274          	1.190820e-18
1274.05       	1.190547e-18
1274.1        	1.190275e-18
1274.15       	1.190003e-18
1274.2        	1.189731e-18
1274.25       	1.189459e-18
1274.3        	1.189187e-18
1274.35       	1.188916e-18
1274.4        	1.188644e-18
1274.45       	1.188372e-18
1274.5        	1.188101e-18
1274.55       	1.187829e-18
1274.6        	1.187558e-18
1274.65       	1.187286e-18
1274.7        	1.187015e-18
1274.75       	1.186743e-18
1274.8        	1.186472e-18
1274.85       	1.186201e-18
1274.9        	1.185930e-18
1274.95       	1.185659e-18
1275          	1.185388e-18
1275.05       	1.185117e-18
1275.1        	1.184846e-18
1275.15       	1.184575e-18
1275.2        	1.184304e-18
1275.25       	1.184034e-18
1275.3        	1.183763e-18
1275.35       	1.183493e-18
1275.4        	1.183222e-18
1275.45       	1.182952e-18
1275.5        	1.182681e-18
1275.55       	1.182411e-18
1275.6        	1.182141e-18
1275.65       	1.181871e-18
1275.7        	1.181601e-18
1275.75       	1.181330e-18
1275.8        	1.181060e-18
1275.85       	1.180791e-18
1275.9        	1.180521e-18
1275.95       	1.180251e-18
1276          	1.179981e-18
1276.05       	1.179711e-18
1276.1        	1.179442e-18
1276.15       	1.179172e-18
1276.2        	1.178903e-18
1276.25       	1.178633e-18
1276.3        	1.178364e-18
1276.35       	1.178095e-18
1276.4        	1.177825e-18
1276.45       	1.177556e-18
1276.5        	1.177287e-18
1276.55       	1.177018e-18
1276.6        	1.176749e-18
1276.65       	1.176480e-18
1276.7        	1.176211e-18
1276.75       	1.175943e-18
1276.8        	1.175674e-18
1276.85       	1.175405e-18
1276.9        	1.175136e-18
1276.95       	1.174868e-18
1277          	1.174599e-18
1277.05       	1.174331e-18
1277.1        	1.174063e-18
1277.15       	1.173794e-18
1277.2        	1.173526e-18
1277.25       	1.173258e-18
1277.3        	1.172990e-18
1277.35       	1.172722e-18
1277.4        	1.172454e-18
1277.45       	1.172186e-18
1277.5        	1.171918e-18
1277.55       	1.171650e-18
1277.6        	1.171382e-18
1277.65       	1.171115e-18
1277.7        	1.170847e-18
1277.75       	1.170579e-18
1277.8        	1.170312e-18
1277.85       	1.170045e-18
1277.9        	1.169777e-18
1277.95       	1.169510e-18
1278          	1.169243e-18
1278.05       	1.168975e-18
1278.1        	1.168708e-18
1278.15       	1.168441e-18
1278.2        	1.168174e-18
1278.25       	1.167907e-18
1278.3        	1.167640e-18
1278.35       	1.167374e-18
1278.4        	1.167107e-18
1278.45       	1.166840e-18
1278.5        	1.166573e-18
1278.55       	1.166307e-18
1278.6        	1.166040e-18
1278.65       	1.165774e-18
1278.7        	1.165507e-18
1278.75       	1.165241e-18
1278.8        	1.164975e-18
1278.85       	1.164709e-18
1278.9        	1.164443e-18
1278.95       	1.164176e-18
1279          	1.163910e-18
1279.05       	1.163644e-18
1279.1        	1.163379e-18
1279.15       	1.163113e-18
1279.2        	1.162847e-18
1279.25       	1.162581e-18
1279.3        	1.162316e-18
1279.35       	1.162050e-18
1279.4        	1.161784e-18
1279.45       	1.161519e-18
1279.5        	1.161254e-18
1279.55       	1.160988e-18
1279.6        	1.160723e-18
1279.65       	1.160458e-18
1279.7        	1.160193e-18
1279.75       	1.159927e-18
1279.8        	1.159662e-18
1279.85       	1.159397e-18
1279.9        	1.159133e-18
1279.95       	1.158868e-18
1280          	1.158603e-18
1280.05       	1.158338e-18
1280.1        	1.158073e-18
1280.15       	1.157809e-18
1280.2        	1.157544e-18
1280.25       	1.157280e-18
1280.3        	1.157015e-18
1280.35       	1.156751e-18
1280.4        	1.156487e-18
1280.45       	1.156222e-18
1280.5        	1.155958e-18
1280.55       	1.155694e-18
1280.6        	1.155430e-18
1280.65       	1.155166e-18
1280.7        	1.154902e-18
1280.75       	1.154638e-18
1280.8        	1.154374e-18
1280.85       	1.154111e-18
1280.9        	1.153847e-18
1280.95       	1.153583e-18
1281          	1.153320e-18
1281.05       	1.153056e-18
1281.1        	1.152793e-18
1281.15       	1.152529e-18
1281.2        	1.152266e-18
1281.25       	1.152003e-18
1281.3        	1.151740e-18
1281.35       	1.151476e-18
1281.4        	1.151213e-18
1281.45       	1.150950e-18
1281.5        	1.150687e-18
1281.55       	1.150424e-18
1281.6        	1.150162e-18
1281.65       	1.149899e-18
1281.7        	1.149636e-18
1281.75       	1.149373e-18
1281.8        	1.149111e-18
1281.85       	1.148848e-18
1281.9        	1.148586e-18
1281.95       	1.148323e-18
1282          	1.148061e-18
1282.05       	1.147799e-18
1282.1        	1.147537e-18
1282.15       	1.147274e-18
1282.2        	1.147012e-18
1282.25       	1.146750e-18
1282.3        	1.146488e-18
1282.35       	1.146226e-18
1282.4        	1.145964e-18
1282.45       	1.145703e-18
1282.5        	1.145441e-18
1282.55       	1.145179e-18
1282.6        	1.144917e-18
1282.65       	1.144656e-18
1282.7        	1.144394e-18
1282.75       	1.144133e-18
1282.8        	1.143872e-18
1282.85       	1.143610e-18
1282.9        	1.143349e-18
1282.95       	1.143088e-18
1283          	1.142827e-18
1283.05       	1.142565e-18
1283.1        	1.142304e-18
1283.15       	1.142043e-18
1283.2        	1.141783e-18
1283.25       	1.141522e-18
1283.3        	1.141261e-18
1283.35       	1.141000e-18
1283.4        	1.140740e-18
1283.45       	1.140479e-18
1283.5        	1.140218e-18
1283.55       	1.139958e-18
1283.6        	1.139697e-18
1283.65       	1.139437e-18
1283.7        	1.139177e-18
1283.75       	1.138917e-18
1283.8        	1.138656e-18
1283.85       	1.138396e-18
1283.9        	1.138136e-18
1283.95       	1.137876e-18
1284          	1.137616e-18
1284.05       	1.137356e-18
1284.1        	1.137097e-18
1284.15       	1.136837e-18
1284.2        	1.136577e-18
1284.25       	1.136317e-18
1284.3        	1.136058e-18
1284.35       	1.135798e-18
1284.4        	1.135539e-18
1284.45       	1.135279e-18
1284.5        	1.135020e-18
1284.55       	1.134761e-18
1284.6        	1.134502e-18
1284.65       	1.134242e-18
1284.7        	1.133983e-18
1284.75       	1.133724e-18
1284.8        	1.133465e-18
1284.85       	1.133206e-18
1284.9        	1.132947e-18
1284.95       	1.132689e-18
1285          	1.132430e-18
1285.05       	1.132171e-18
1285.1        	1.131913e-18
1285.15       	1.131654e-18
1285.2        	1.131395e-18
1285.25       	1.131137e-18
1285.3        	1.130879e-18
1285.35       	1.130620e-18
1285.4        	1.130362e-18
1285.45       	1.130104e-18
1285.5        	1.129846e-18
1285.55       	1.129588e-18
1285.6        	1.129330e-18
1285.65       	1.129072e-18
1285.7        	1.128814e-18
1285.75       	1.128556e-18
1285.8        	1.128298e-18
1285.85       	1.128040e-18
1285.9        	1.127783e-18
1285.95       	1.127525e-18
1286          	1.127267e-18
1286.05       	1.127010e-18
1286.1        	1.126752e-18
1286.15       	1.126495e-18
1286.2        	1.126238e-18
1286.25       	1.125981e-18
1286.3        	1.125723e-18
1286.35       	1.125466e-18
1286.4        	1.125209e-18
1286.45       	1.124952e-18
1286.5        	1.124695e-18
1286.55       	1.124438e-18
1286.6        	1.124181e-18
1286.65       	1.123925e-18
1286.7        	1.123668e-18
1286.75       	1.123411e-18
1286.8        	1.123155e-18
1286.85       	1.122898e-18
1286.9        	1.122642e-18
1286.95       	1.122385e-18
1287          	1.122129e-18
1287.05       	1.121872e-18
1287.1        	1.121616e-18
1287.15       	1.121360e-18
1287.2        	1.121104e-18
1287.25       	1.120848e-18
1287.3        	1.120592e-18
1287.35       	1.120336e-18
1287.4        	1.120080e-18
1287.45       	1.119824e-18
1287.5        	1.119568e-18
1287.55       	1.119313e-18
1287.6        	1.119057e-18
1287.65       	1.118801e-18
1287.7        	1.118546e-18
1287.75       	1.118290e-18
1287.8        	1.118035e-18
1287.85       	1.117779e-18
1287.9        	1.117524e-18
1287.95       	1.117269e-18
1288          	1.117014e-18
1288.05       	1.116759e-18
1288.1        	1.116504e-18
1288.15       	1.116248e-18
1288.2        	1.115994e-18
1288.25       	1.115739e-18
1288.3        	1.115484e-18
1288.35       	1.115229e-18
1288.4        	1.114974e-18
1288.45       	1.114720e-18
1288.5        	1.114465e-18
1288.55       	1.114210e-18
1288.6        	1.113956e-18
1288.65       	1.113702e-18
1288.7        	1.113447e-18
1288.75       	1.113193e-18
1288.8        	1.112939e-18
1288.85       	1.112684e-18
1288.9        	1.112430e-18
1288.95       	1.112176e-18
1289          	1.111922e-18
1289.05       	1.111668e-18
1289.1        	1.111414e-18
1289.15       	1.111161e-18
1289.2        	1.110907e-18
1289.25       	1.110653e-18
1289.3        	1.110399e-18
1289.35       	1.110146e-18
1289.4        	1.109892e-18
1289.45       	1.109639e-18
1289.5        	1.109385e-18
1289.55       	1.109132e-18
1289.6        	1.108879e-18
1289.65       	1.108625e-18
1289.7        	1.108372e-18
1289.75       	1.108119e-18
1289.8        	1.107866e-18
1289.85       	1.107613e-18
1289.9        	1.107360e-18
1289.95       	1.107107e-18
1290          	1.106854e-18
1290.05       	1.106601e-18
1290.1        	1.106349e-18
1290.15       	1.106096e-18
1290.2        	1.105843e-18
1290.25       	1.105591e-18
1290.3        	1.105338e-18
1290.35       	1.105086e-18
1290.4        	1.104834e-18
1290.45       	1.104581e-18
1290.5        	1.104329e-18
1290.55       	1.104077e-18
1290.6        	1.103825e-18
1290.65       	1.103572e-18
1290.7        	1.103320e-18
1290.75       	1.103068e-18
1290.8        	1.102817e-18
1290.85       	1.102565e-18
1290.9        	1.102313e-18
1290.95       	1.102061e-18
1291          	1.101809e-18
1291.05       	1.101558e-18
1291.1        	1.101306e-18
1291.15       	1.101055e-18
1291.2        	1.100803e-18
1291.25       	1.100552e-18
1291.3        	1.100301e-18
1291.35       	1.100049e-18
1291.4        	1.099798e-18
1291.45       	1.099547e-18
1291.5        	1.099296e-18
1291.55       	1.099045e-18
1291.6        	1.098794e-18
1291.65       	1.098543e-18
1291.7        	1.098292e-18
1291.75       	1.098041e-18
1291.8        	1.097790e-18
1291.85       	1.097540e-18
1291.9        	1.097289e-18
1291.95       	1.097039e-18
1292          	1.096788e-18
1292.05       	1.096538e-18
1292.1        	1.096287e-18
1292.15       	1.096037e-18
1292.2        	1.095786e-18
1292.25       	1.095536e-18
1292.3        	1.095286e-18
1292.35       	1.095036e-18
1292.4        	1.094786e-18
1292.45       	1.094536e-18
1292.5        	1.094286e-18
1292.55       	1.094036e-18
1292.6        	1.093786e-18
1292.65       	1.093536e-18
1292.7        	1.093287e-18
1292.75       	1.093037e-18
1292.8        	1.092787e-18
1292.85       	1.092538e-18
1292.9        	1.092288e-18
1292.95       	1.092039e-18
1293          	1.091790e-18
1293.05       	1.091540e-18
1293.1        	1.091291e-18
1293.15       	1.091042e-18
1293.2        	1.090793e-18
1293.25       	1.090544e-18
1293.3        	1.090295e-18
1293.35       	1.090046e-18
1293.4        	1.089797e-18
1293.45       	1.089548e-18
1293.5        	1.089299e-18
1293.55       	1.089050e-18
1293.6        	1.088802e-18
1293.65       	1.088553e-18
1293.7        	1.088304e-18
1293.75       	1.088056e-18
1293.8        	1.087807e-18
1293.85       	1.087559e-18
1293.9        	1.087311e-18
1293.95       	1.087062e-18
1294          	1.086814e-18
1294.05       	1.086566e-18
1294.1        	1.086318e-18
1294.15       	1.086070e-18
1294.2        	1.085822e-18
1294.25       	1.085574e-18
1294.3        	1.085326e-18
1294.35       	1.085078e-18
1294.4        	1.084830e-18
1294.45       	1.084583e-18
1294.5        	1.084335e-18
1294.55       	1.084087e-18
1294.6        	1.083840e-18
1294.65       	1.083592e-18
1294.7        	1.083345e-18
1294.75       	1.083098e-18
1294.8        	1.082850e-18
1294.85       	1.082603e-18
1294.9        	1.082356e-18
1294.95       	1.082109e-18
1295          	1.081862e-18
1295.05       	1.081615e-18
1295.1        	1.081368e-18
1295.15       	1.081121e-18
1295.2        	1.080874e-18
1295.25       	1.080627e-18
1295.3        	1.080380e-18
1295.35       	1.080134e-18
1295.4        	1.079887e-18
1295.45       	1.079640e-18
1295.5        	1.079394e-18
1295.55       	1.079147e-18
1295.6        	1.078901e-18
1295.65       	1.078655e-18
1295.7        	1.078408e-18
1295.75       	1.078162e-18
1295.8        	1.077916e-18
1295.85       	1.077670e-18
1295.9        	1.077424e-18
1295.95       	1.077178e-18
1296          	1.076932e-18
1296.05       	1.076686e-18
1296.1        	1.076440e-18
1296.15       	1.076194e-18
1296.2        	1.075949e-18
1296.25       	1.075703e-18
1296.3        	1.075457e-18
1296.35       	1.075212e-18
1296.4        	1.074966e-18
1296.45       	1.074721e-18
1296.5        	1.074475e-18
1296.55       	1.074230e-18
1296.6        	1.073985e-18
1296.65       	1.073740e-18
1296.7        	1.073495e-18
1296.75       	1.073249e-18
1296.8        	1.073004e-18
1296.85       	1.072759e-18
1296.9        	1.072514e-18
1296.95       	1.072270e-18
1297          	1.072025e-18
1297.05       	1.071780e-18
1297.1        	1.071535e-18
1297.15       	1.071291e-18
1297.2        	1.071046e-18
1297.25       	1.070802e-18
1297.3        	1.070557e-18
1297.35       	1.070313e-18
1297.4        	1.070068e-18
1297.45       	1.069824e-18
1297.5        	1.069580e-18
1297.55       	1.069335e-18
1297.6        	1.069091e-18
1297.65       	1.068847e-18
1297.7        	1.068603e-18
1297.75       	1.068359e-18
1297.8        	1.068115e-18
1297.85       	1.067871e-18
1297.9        	1.067628e-18
1297.95       	1.067384e-18
1298          	1.067140e-18
1298.05       	1.066897e-18
1298.1        	1.066653e-18
1298.15       	1.066409e-18
1298.2        	1.066166e-18
1298.25       	1.065923e-18
1298.3        	1.065679e-18
1298.35       	1.065436e-18
1298.4        	1.065193e-18
1298.45       	1.064949e-18
1298.5        	1.064706e-18
1298.55       	1.064463e-18
1298.6        	1.064220e-18
1298.65       	1.063977e-18
1298.7        	1.063734e-18
1298.75       	1.063492e-18
1298.8        	1.063249e-18
1298.85       	1.063006e-18
1298.9        	1.062763e-18
1298.95       	1.062521e-18
1299          	1.062278e-18
1299.05       	1.062036e-18
1299.1        	1.061793e-18
1299.15       	1.061551e-18
1299.2        	1.061308e-18
1299.25       	1.061066e-18
1299.3        	1.060824e-18
1299.35       	1.060582e-18
1299.4        	1.060340e-18
1299.45       	1.060097e-18
1299.5        	1.059855e-18
1299.55       	1.059613e-18
1299.6        	1.059372e-18
1299.65       	1.059130e-18
1299.7        	1.058888e-18
1299.75       	1.058646e-18
1299.8        	1.058404e-18
1299.85       	1.058163e-18
1299.9        	1.057921e-18
1299.95       	1.057680e-18
1300          	1.057438e-18
1300.05       	1.057197e-18
1300.1        	1.056956e-18
1300.15       	1.056714e-18
1300.2        	1.056473e-18
1300.25       	1.056232e-18
1300.3        	1.055991e-18
1300.35       	1.055750e-18
1300.4        	1.055509e-18
1300.45       	1.055268e-18
1300.5        	1.055027e-18
1300.55       	1.054786e-18
1300.6        	1.054545e-18
1300.65       	1.054304e-18
1300.7        	1.054064e-18
1300.75       	1.053823e-18
1300.8        	1.053583e-18
1300.85       	1.053342e-18
1300.9        	1.053102e-18
1300.95       	1.052861e-18
1301          	1.052621e-18
1301.05       	1.052380e-18
1301.1        	1.052140e-18
1301.15       	1.051900e-18
1301.2        	1.051660e-18
1301.25       	1.051420e-18
1301.3        	1.051180e-18
1301.35       	1.050940e-18
1301.4        	1.050700e-18
1301.45       	1.050460e-18
1301.5        	1.050220e-18
1301.55       	1.049981e-18
1301.6        	1.049741e-18
1301.65       	1.049501e-18
1301.7        	1.049262e-18
1301.75       	1.049022e-18
1301.8        	1.048783e-18
1301.85       	1.048543e-18
1301.9        	1.048304e-18
1301.95       	1.048065e-18
1302          	1.047825e-18
1302.05       	1.047586e-18
1302.1        	1.047347e-18
1302.15       	1.047108e-18
1302.2        	1.046869e-18
1302.25       	1.046630e-18
1302.3        	1.046391e-18
1302.35       	1.046152e-18
1302.4        	1.045913e-18
1302.45       	1.045675e-18
1302.5        	1.045436e-18
1302.55       	1.045197e-18
1302.6        	1.044959e-18
1302.65       	1.044720e-18
1302.7        	1.044482e-18
1302.75       	1.044243e-18
1302.8        	1.044005e-18
1302.85       	1.043767e-18
1302.9        	1.043528e-18
1302.95       	1.043290e-18
1303          	1.043052e-18
1303.05       	1.042814e-18
1303.1        	1.042576e-18
1303.15       	1.042338e-18
1303.2        	1.042100e-18
1303.25       	1.041862e-18
1303.3        	1.041624e-18
1303.35       	1.041386e-18
1303.4        	1.041149e-18
1303.45       	1.040911e-18
1303.5        	1.040673e-18
1303.55       	1.040436e-18
1303.6        	1.040198e-18
1303.65       	1.039961e-18
1303.7        	1.039724e-18
1303.75       	1.039486e-18
1303.8        	1.039249e-18
1303.85       	1.039012e-18
1303.9        	1.038775e-18
1303.95       	1.038538e-18
1304          	1.038300e-18
1304.05       	1.038063e-18
1304.1        	1.037827e-18
1304.15       	1.037590e-18
1304.2        	1.037353e-18
1304.25       	1.037116e-18
1304.3        	1.036879e-18
1304.35       	1.036643e-18
1304.4        	1.036406e-18
1304.45       	1.036169e-18
1304.5        	1.035933e-18
1304.55       	1.035696e-18
1304.6        	1.035460e-18
1304.65       	1.035224e-18
1304.7        	1.034987e-18
1304.75       	1.034751e-18
1304.8        	1.034515e-18
1304.85       	1.034279e-18
1304.9        	1.034043e-18
1304.95       	1.033807e-18
1305          	1.033571e-18
1305.05       	1.033335e-18
1305.1        	1.033099e-18
1305.15       	1.032863e-18
1305.2        	1.032627e-18
1305.25       	1.032392e-18
1305.3        	1.032156e-18
1305.35       	1.031921e-18
1305.4        	1.031685e-18
1305.45       	1.031450e-18
1305.5        	1.031214e-18
1305.55       	1.030979e-18
1305.6        	1.030743e-18
1305.65       	1.030508e-18
1305.7        	1.030273e-18
1305.75       	1.030038e-18
1305.8        	1.029803e-18
1305.85       	1.029568e-18
1305.9        	1.029333e-18
1305.95       	1.029098e-18
1306          	1.028863e-18
1306.05       	1.028628e-18
1306.1        	1.028393e-18
1306.15       	1.028158e-18
1306.2        	1.027924e-18
1306.25       	1.027689e-18
1306.3        	1.027455e-18
1306.35       	1.027220e-18
1306.4        	1.026986e-18
1306.45       	1.026751e-18
1306.5        	1.026517e-18
1306.55       	1.026283e-18
1306.6        	1.026048e-18
1306.65       	1.025814e-18
1306.7        	1.025580e-18
1306.75       	1.025346e-18
1306.8        	1.025112e-18
1306.85       	1.024878e-18
1306.9        	1.024644e-18
1306.95       	1.024410e-18
1307          	1.024176e-18
1307.05       	1.023943e-18
1307.1        	1.023709e-18
1307.15       	1.023475e-18
1307.2        	1.023242e-18
1307.25       	1.023008e-18
1307.3        	1.022775e-18
1307.35       	1.022541e-18
1307.4        	1.022308e-18
1307.45       	1.022075e-18
1307.5        	1.021841e-18
1307.55       	1.021608e-18
1307.6        	1.021375e-18
1307.65       	1.021142e-18
1307.7        	1.020909e-18
1307.75       	1.020676e-18
1307.8        	1.020443e-18
1307.85       	1.020210e-18
1307.9        	1.019977e-18
1307.95       	1.019744e-18
1308          	1.019512e-18
1308.05       	1.019279e-18
1308.1        	1.019046e-18
1308.15       	1.018814e-18
1308.2        	1.018581e-18
1308.25       	1.018349e-18
1308.3        	1.018116e-18
1308.35       	1.017884e-18
1308.4        	1.017652e-18
1308.45       	1.017419e-18
1308.5        	1.017187e-18
1308.55       	1.016955e-18
1308.6        	1.016723e-18
1308.65       	1.016491e-18
1308.7        	1.016259e-18
1308.75       	1.016027e-18
1308.8        	1.015795e-18
1308.85       	1.015563e-18
1308.9        	1.015332e-18
1308.95       	1.015100e-18
1309          	1.014868e-18
1309.05       	1.014637e-18
1309.1        	1.014405e-18
1309.15       	1.014173e-18
1309.2        	1.013942e-18
1309.25       	1.013711e-18
1309.3        	1.013479e-18
1309.35       	1.013248e-18
1309.4        	1.013017e-18
1309.45       	1.012786e-18
1309.5        	1.012554e-18
1309.55       	1.012323e-18
1309.6        	1.012092e-18
1309.65       	1.011861e-18
1309.7        	1.011630e-18
1309.75       	1.011400e-18
1309.8        	1.011169e-18
1309.85       	1.010938e-18
1309.9        	1.010707e-18
1309.95       	1.010477e-18
1310          	1.010246e-18
1310.05       	1.010015e-18
1310.1        	1.009785e-18
1310.15       	1.009554e-18
1310.2        	1.009324e-18
1310.25       	1.009094e-18
1310.3        	1.008863e-18
1310.35       	1.008633e-18
1310.4        	1.008403e-18
1310.45       	1.008173e-18
1310.5        	1.007943e-18
1310.55       	1.007713e-18
1310.6        	1.007483e-18
1310.65       	1.007253e-18
1310.7        	1.007023e-18
1310.75       	1.006793e-18
1310.8        	1.006564e-18
1310.85       	1.006334e-18
1310.9        	1.006104e-18
1310.95       	1.005875e-18
1311          	1.005645e-18
1311.05       	1.005416e-18
1311.1        	1.005186e-18
1311.15       	1.004957e-18
1311.2        	1.004727e-18
1311.25       	1.004498e-18
1311.3        	1.004269e-18
1311.35       	1.004040e-18
1311.4        	1.003811e-18
1311.45       	1.003581e-18
1311.5        	1.003352e-18
1311.55       	1.003124e-18
1311.6        	1.002895e-18
1311.65       	1.002666e-18
1311.7        	1.002437e-18
1311.75       	1.002208e-18
1311.8        	1.001979e-18
1311.85       	1.001751e-18
1311.9        	1.001522e-18
1311.95       	1.001294e-18
1312          	1.001065e-18
1312.05       	1.000837e-18
1312.1        	1.000608e-18
1312.15       	1.000380e-18
1312.2        	1.000152e-18
1312.25       	9.999235e-19
1312.3        	9.996953e-19
1312.35       	9.994672e-19
1312.4        	9.992391e-19
1312.45       	9.990111e-19
1312.5        	9.987831e-19
1312.55       	9.985552e-19
1312.6        	9.983273e-19
1312.65       	9.980995e-19
1312.7        	9.978718e-19
1312.75       	9.976441e-19
1312.8        	9.974164e-19
1312.85       	9.971888e-19
1312.9        	9.969613e-19
1312.95       	9.967338e-19
1313          	9.965063e-19
1313.05       	9.962789e-19
1313.1        	9.960516e-19
1313.15       	9.958243e-19
1313.2        	9.955970e-19
1313.25       	9.953699e-19
1313.3        	9.951427e-19
1313.35       	9.949156e-19
1313.4        	9.946886e-19
1313.45       	9.944616e-19
1313.5        	9.942347e-19
1313.55       	9.940078e-19
1313.6        	9.937810e-19
1313.65       	9.935543e-19
1313.7        	9.933275e-19
1313.75       	9.931009e-19
1313.8        	9.928743e-19
1313.85       	9.926477e-19
1313.9        	9.924212e-19
1313.95       	9.921947e-19
1314          	9.919683e-19
1314.05       	9.917420e-19
1314.1        	9.915157e-19
1314.15       	9.912894e-19
1314.2        	9.910632e-19
1314.25       	9.908371e-19
1314.3        	9.906110e-19
1314.35       	9.903850e-19
1314.4        	9.901590e-19
1314.45       	9.899331e-19
1314.5        	9.897072e-19
1314.55       	9.894813e-19
1314.6        	9.892556e-19
1314.65       	9.890298e-19
1314.7        	9.888042e-19
1314.75       	9.885785e-19
1314.8        	9.883530e-19
1314.85       	9.881274e-19
1314.9        	9.879020e-19
1314.95       	9.876765e-19
1315          	9.874512e-19
1315.05       	9.872259e-19
1315.1        	9.870006e-19
1315.15       	9.867754e-19
1315.2        	9.865502e-19
1315.25       	9.863251e-19
1315.3        	9.861001e-19
1315.35       	9.858751e-19
1315.4        	9.856501e-19
1315.45       	9.854252e-19
1315.5        	9.852004e-19
1315.55       	9.849756e-19
1315.6        	9.847508e-19
1315.65       	9.845261e-19
1315.7        	9.843015e-19
1315.75       	9.840769e-19
1315.8        	9.838524e-19
1315.85       	9.836279e-19
1315.9        	9.834034e-19
1315.95       	9.831791e-19
1316          	9.829547e-19
1316.05       	9.827304e-19
1316.1        	9.825062e-19
1316.15       	9.822820e-19
1316.2        	9.820579e-19
1316.25       	9.818338e-19
1316.3        	9.816098e-19
1316.35       	9.813858e-19
1316.4        	9.811619e-19
1316.45       	9.809380e-19
1316.5        	9.807142e-19
1316.55       	9.804905e-19
1316.6        	9.802667e-19
1316.65       	9.800431e-19
1316.7        	9.798195e-19
1316.75       	9.795959e-19
1316.8        	9.793724e-19
1316.85       	9.791489e-19
1316.9        	9.789255e-19
1316.95       	9.787022e-19
1317          	9.784789e-19
1317.05       	9.782556e-19
1317.1        	9.780324e-19
1317.15       	9.778093e-19
1317.2        	9.775862e-19
1317.25       	9.773631e-19
1317.3        	9.771401e-19
1317.35       	9.769172e-19
1317.4        	9.766943e-19
1317.45       	9.764714e-19
1317.5        	9.762486e-19
1317.55       	9.760259e-19
1317.6        	9.758032e-19
1317.65       	9.755806e-19
1317.7        	9.753580e-19
1317.75       	9.751354e-19
1317.8        	9.749130e-19
1317.85       	9.746905e-19
1317.9        	9.744681e-19
1317.95       	9.742458e-19
1318          	9.740235e-19
1318.05       	9.738013e-19
1318.1        	9.735791e-19
1318.15       	9.733570e-19
1318.2        	9.731349e-19
1318.25       	9.729129e-19
1318.3        	9.726909e-19
1318.35       	9.724690e-19
1318.4        	9.722471e-19
1318.45       	9.720253e-19
1318.5        	9.718035e-19
1318.55       	9.715818e-19
1318.6        	9.713601e-19
1318.65       	9.711385e-19
1318.7        	9.709169e-19
1318.75       	9.706954e-19
1318.8        	9.704739e-19
1318.85       	9.702525e-19
1318.9        	9.700312e-19
1318.95       	9.698099e-19
1319          	9.695886e-19
1319.05       	9.693674e-19
1319.1        	9.691462e-19
1319.15       	9.689251e-19
1319.2        	9.687040e-19
1319.25       	9.684830e-19
1319.3        	9.682621e-19
1319.35       	9.680412e-19
1319.4        	9.678203e-19
1319.45       	9.675995e-19
1319.5        	9.673787e-19
1319.55       	9.671580e-19
1319.6        	9.669374e-19
1319.65       	9.667168e-19
1319.7        	9.664962e-19
1319.75       	9.662757e-19
1319.8        	9.660553e-19
1319.85       	9.658349e-19
1319.9        	9.656145e-19
1319.95       	9.653942e-19
1320          	9.651740e-19
1320.05       	9.649538e-19
1320.1        	9.647336e-19
1320.15       	9.645135e-19
1320.2        	9.642935e-19
1320.25       	9.640735e-19
1320.3        	9.638535e-19
1320.35       	9.636336e-19
1320.4        	9.634138e-19
1320.45       	9.631940e-19
1320.5        	9.629743e-19
1320.55       	9.627546e-19
1320.6        	9.625349e-19
1320.65       	9.623153e-19
1320.7        	9.620958e-19
1320.75       	9.618763e-19
1320.8        	9.616568e-19
1320.85       	9.614374e-19
1320.9        	9.612181e-19
1320.95       	9.609988e-19
1321          	9.607796e-19
1321.05       	9.605604e-19
1321.1        	9.603412e-19
1321.15       	9.601222e-19
1321.2        	9.599031e-19
1321.25       	9.596841e-19
1321.3        	9.594652e-19
1321.35       	9.592463e-19
1321.4        	9.590275e-19
1321.45       	9.588087e-19
1321.5        	9.585899e-19
1321.55       	9.583712e-19
1321.6        	9.581526e-19
1321.65       	9.579340e-19
1321.7        	9.577155e-19
1321.75       	9.574970e-19
1321.8        	9.572786e-19
1321.85       	9.570602e-19
1321.9        	9.568418e-19
1321.95       	9.566235e-19
1322          	9.564053e-19
1322.05       	9.561871e-19
1322.1        	9.559690e-19
1322.15       	9.557509e-19
1322.2        	9.555329e-19
1322.25       	9.553149e-19
1322.3        	9.550969e-19
1322.35       	9.548790e-19
1322.4        	9.546612e-19
1322.45       	9.544434e-19
1322.5        	9.542257e-19
1322.55       	9.540080e-19
1322.6        	9.537904e-19
1322.65       	9.535728e-19
1322.7        	9.533552e-19
1322.75       	9.531377e-19
1322.8        	9.529203e-19
1322.85       	9.527029e-19
1322.9        	9.524856e-19
1322.95       	9.522683e-19
1323          	9.520511e-19
1323.05       	9.518339e-19
1323.1        	9.516167e-19
1323.15       	9.513996e-19
1323.2        	9.511826e-19
1323.25       	9.509656e-19
1323.3        	9.507487e-19
1323.35       	9.505318e-19
1323.4        	9.503150e-19
1323.45       	9.500982e-19
1323.5        	9.498814e-19
1323.55       	9.496647e-19
1323.6        	9.494481e-19
1323.65       	9.492315e-19
1323.7        	9.490150e-19
1323.75       	9.487985e-19
1323.8        	9.485820e-19
1323.85       	9.483656e-19
1323.9        	9.481493e-19
1323.95       	9.479330e-19
1324          	9.477168e-19
1324.05       	9.475006e-19
1324.1        	9.472844e-19
1324.15       	9.470683e-19
1324.2        	9.468523e-19
1324.25       	9.466363e-19
1324.3        	9.464203e-19
1324.35       	9.462044e-19
1324.4        	9.459886e-19
1324.45       	9.457728e-19
1324.5        	9.455571e-19
1324.55       	9.453414e-19
1324.6        	9.451257e-19
1324.65       	9.449101e-19
1324.7        	9.446946e-19
1324.75       	9.444791e-19
1324.8        	9.442636e-19
1324.85       	9.440482e-19
1324.9        	9.438329e-19
1324.95       	9.436176e-19
1325          	9.434023e-19
1325.05       	9.431871e-19
1325.1        	9.429719e-19
1325.15       	9.427568e-19
1325.2        	9.425418e-19
1325.25       	9.423268e-19
1325.3        	9.421118e-19
1325.35       	9.418969e-19
1325.4        	9.416820e-19
1325.45       	9.414672e-19
1325.5        	9.412525e-19
1325.55       	9.410378e-19
1325.6        	9.408231e-19
1325.65       	9.406085e-19
1325.7        	9.403939e-19
1325.75       	9.401794e-19
1325.8        	9.399650e-19
1325.85       	9.397505e-19
1325.9        	9.395362e-19
1325.95       	9.393219e-19
1326          	9.391076e-19
1326.05       	9.388934e-19
1326.1        	9.386792e-19
1326.15       	9.384651e-19
1326.2        	9.382510e-19
1326.25       	9.380370e-19
1326.3        	9.378230e-19
1326.35       	9.376091e-19
1326.4        	9.373952e-19
1326.45       	9.371814e-19
1326.5        	9.369676e-19
1326.55       	9.367539e-19
1326.6        	9.365402e-19
1326.65       	9.363266e-19
1326.7        	9.361130e-19
1326.75       	9.358995e-19
1326.8        	9.356860e-19
1326.85       	9.354725e-19
1326.9        	9.352592e-19
1326.95       	9.350458e-19
1327          	9.348325e-19
1327.05       	9.346193e-19
1327.1        	9.344061e-19
1327.15       	9.341930e-19
1327.2        	9.339799e-19
1327.25       	9.337668e-19
1327.3        	9.335538e-19
1327.35       	9.333409e-19
1327.4        	9.331280e-19
1327.45       	9.329152e-19
1327.5        	9.327024e-19
1327.55       	9.324896e-19
1327.6        	9.322769e-19
1327.65       	9.320642e-19
1327.7        	9.318516e-19
1327.75       	9.316391e-19
1327.8        	9.314266e-19
1327.85       	9.312141e-19
1327.9        	9.310017e-19
1327.95       	9.307894e-19
1328          	9.305770e-19
1328.05       	9.303648e-19
1328.1        	9.301526e-19
1328.15       	9.299404e-19
1328.2        	9.297283e-19
1328.25       	9.295162e-19
1328.3        	9.293042e-19
1328.35       	9.290922e-19
1328.4        	9.288803e-19
1328.45       	9.286684e-19
1328.5        	9.284566e-19
1328.55       	9.282448e-19
1328.6        	9.280331e-19
1328.65       	9.278214e-19
1328.7        	9.276098e-19
1328.75       	9.273982e-19
1328.8        	9.271867e-19
1328.85       	9.269752e-19
1328.9        	9.267638e-19
1328.95       	9.265524e-19
1329          	9.263410e-19
1329.05       	9.261297e-19
1329.1        	9.259185e-19
1329.15       	9.257073e-19
1329.2        	9.254962e-19
1329.25       	9.252851e-19
1329.3        	9.250740e-19
1329.35       	9.248630e-19
1329.4        	9.246521e-19
1329.45       	9.244412e-19
1329.5        	9.242303e-19
1329.55       	9.240195e-19
1329.6        	9.238087e-19
1329.65       	9.235980e-19
1329.7        	9.233874e-19
1329.75       	9.231768e-19
1329.8        	9.229662e-19
1329.85       	9.227557e-19
1329.9        	9.225452e-19
1329.95       	9.223348e-19
1330          	9.221244e-19
1330.05       	9.219141e-19
1330.1        	9.217038e-19
1330.15       	9.214936e-19
1330.2        	9.212834e-19
1330.25       	9.210733e-19
1330.3        	9.208632e-19
1330.35       	9.206531e-19
1330.4        	9.204432e-19
1330.45       	9.202332e-19
1330.5        	9.200233e-19
1330.55       	9.198135e-19
1330.6        	9.196037e-19
1330.65       	9.193939e-19
1330.7        	9.191843e-19
1330.75       	9.189746e-19
1330.8        	9.187650e-19
1330.85       	9.185554e-19
1330.9        	9.183459e-19
1330.95       	9.181365e-19
1331          	9.179271e-19
1331.05       	9.177177e-19
1331.1        	9.175084e-19
1331.15       	9.172991e-19
1331.2        	9.170899e-19
1331.25       	9.168807e-19
1331.3        	9.166716e-19
1331.35       	9.164625e-19
1331.4        	9.162535e-19
1331.45       	9.160445e-19
1331.5        	9.158356e-19
1331.55       	9.156267e-19
1331.6        	9.154179e-19
1331.65       	9.152091e-19
1331.7        	9.150004e-19
1331.75       	9.147917e-19
1331.8        	9.145830e-19
1331.85       	9.143744e-19
1331.9        	9.141659e-19
1331.95       	9.139574e-19
1332          	9.137489e-19
1332.05       	9.135405e-19
1332.1        	9.133322e-19
1332.15       	9.131239e-19
1332.2        	9.129156e-19
1332.25       	9.127074e-19
1332.3        	9.124992e-19
1332.35       	9.122911e-19
1332.4        	9.120830e-19
1332.45       	9.118750e-19
1332.5        	9.116670e-19
1332.55       	9.114591e-19
1332.6        	9.112512e-19
1332.65       	9.110434e-19
1332.7        	9.108356e-19
1332.75       	9.106279e-19
1332.8        	9.104202e-19
1332.85       	9.102125e-19
1332.9        	9.100050e-19
1332.95       	9.097974e-19
1333          	9.095899e-19
1333.05       	9.093825e-19
1333.1        	9.091751e-19
1333.15       	9.089677e-19
1333.2        	9.087604e-19
1333.25       	9.085531e-19
1333.3        	9.083459e-19
1333.35       	9.081388e-19
1333.4        	9.079316e-19
1333.45       	9.077246e-19
1333.5        	9.075175e-19
1333.55       	9.073106e-19
1333.6        	9.071036e-19
1333.65       	9.068968e-19
1333.7        	9.066899e-19
1333.75       	9.064831e-19
1333.8        	9.062764e-19
1333.85       	9.060697e-19
1333.9        	9.058631e-19
1333.95       	9.056565e-19
1334          	9.054499e-19
1334.05       	9.052434e-19
1334.1        	9.050370e-19
1334.15       	9.048305e-19
1334.2        	9.046242e-19
1334.25       	9.044179e-19
1334.3        	9.042116e-19
1334.35       	9.040054e-19
1334.4        	9.037992e-19
1334.45       	9.035931e-19
1334.5        	9.033870e-19
1334.55       	9.031810e-19
1334.6        	9.029750e-19
1334.65       	9.027691e-19
1334.7        	9.025632e-19
1334.75       	9.023573e-19
1334.8        	9.021515e-19
1334.85       	9.019458e-19
1334.9        	9.017401e-19
1334.95       	9.015345e-19
1335          	9.013288e-19
1335.05       	9.011233e-19
1335.1        	9.009178e-19
1335.15       	9.007123e-19
1335.2        	9.005069e-19
1335.25       	9.003015e-19
1335.3        	9.000962e-19
1335.35       	8.998909e-19
1335.4        	8.996857e-19
1335.45       	8.994805e-19
1335.5        	8.992754e-19
1335.55       	8.990703e-19
1335.6        	8.988653e-19
1335.65       	8.986603e-19
1335.7        	8.984553e-19
1335.75       	8.982504e-19
1335.8        	8.980456e-19
1335.85       	8.978408e-19
1335.9        	8.976360e-19
1335.95       	8.974313e-19
1336          	8.972266e-19
1336.05       	8.970220e-19
1336.1        	8.968174e-19
1336.15       	8.966129e-19
1336.2        	8.964084e-19
1336.25       	8.962040e-19
1336.3        	8.959996e-19
1336.35       	8.957953e-19
1336.4        	8.955910e-19
1336.45       	8.953868e-19
1336.5        	8.951826e-19
1336.55       	8.949784e-19
1336.6        	8.947743e-19
1336.65       	8.945702e-19
1336.7        	8.943662e-19
1336.75       	8.941623e-19
1336.8        	8.939584e-19
1336.85       	8.937545e-19
1336.9        	8.935507e-19
1336.95       	8.933469e-19
1337          	8.931432e-19
1337.05       	8.929395e-19
1337.1        	8.927358e-19
1337.15       	8.925323e-19
1337.2        	8.923287e-19
1337.25       	8.921252e-19
1337.3        	8.919218e-19
1337.35       	8.917184e-19
1337.4        	8.915150e-19
1337.45       	8.913117e-19
1337.5        	8.911084e-19
1337.55       	8.909052e-19
1337.6        	8.907021e-19
1337.65       	8.904989e-19
1337.7        	8.902959e-19
1337.75       	8.900928e-19
1337.8        	8.898898e-19
1337.85       	8.896869e-19
1337.9        	8.894840e-19
1337.95       	8.892812e-19
1338          	8.890784e-19
1338.05       	8.888756e-19
1338.1        	8.886729e-19
1338.15       	8.884703e-19
1338.2        	8.882677e-19
1338.25       	8.880651e-19
1338.3        	8.878626e-19
1338.35       	8.876601e-19
1338.4        	8.874577e-19
1338.45       	8.872553e-19
1338.5        	8.870530e-19
1338.55       	8.868507e-19
1338.6        	8.866484e-19
1338.65       	8.864462e-19
1338.7        	8.862441e-19
1338.75       	8.860420e-19
1338.8        	8.858399e-19
1338.85       	8.856379e-19
1338.9        	8.854360e-19
1338.95       	8.852340e-19
1339          	8.850322e-19
1339.05       	8.848303e-19
1339.1        	8.846286e-19
1339.15       	8.844268e-19
1339.2        	8.842251e-19
1339.25       	8.840235e-19
1339.3        	8.838219e-19
1339.35       	8.836204e-19
1339.4        	8.834189e-19
1339.45       	8.832174e-19
1339.5        	8.830160e-19
1339.55       	8.828146e-19
1339.6        	8.826133e-19
1339.65       	8.824121e-19
1339.7        	8.822108e-19
1339.75       	8.820097e-19
1339.8        	8.818085e-19
1339.85       	8.816074e-19
1339.9        	8.814064e-19
1339.95       	8.812054e-19
1340          	8.810045e-19
1340.05       	8.808036e-19
1340.1        	8.806027e-19
1340.15       	8.804019e-19
1340.2        	8.802011e-19
1340.25       	8.800004e-19
1340.3        	8.797997e-19
1340.35       	8.795991e-19
1340.4        	8.793985e-19
1340.45       	8.791980e-19
1340.5        	8.789975e-19
1340.55       	8.787971e-19
1340.6        	8.785967e-19
1340.65       	8.783963e-19
1340.7        	8.781960e-19
1340.75       	8.779958e-19
1340.8        	8.777956e-19
1340.85       	8.775954e-19
1340.9        	8.773953e-19
1340.95       	8.771952e-19
1341          	8.769952e-19
1341.05       	8.767952e-19
1341.1        	8.765952e-19
1341.15       	8.763953e-19
1341.2        	8.761955e-19
1341.25       	8.759957e-19
1341.3        	8.757959e-19
1341.35       	8.755962e-19
1341.4        	8.753966e-19
1341.45       	8.751970e-19
1341.5        	8.749974e-19
1341.55       	8.747979e-19
1341.6        	8.745984e-19
1341.65       	8.743989e-19
1341.7        	8.741996e-19
1341.75       	8.740002e-19
1341.8        	8.738009e-19
1341.85       	8.736017e-19
1341.9        	8.734025e-19
1341.95       	8.732033e-19
1342          	8.730042e-19
1342.05       	8.728051e-19
1342.1        	8.726061e-19
1342.15       	8.724071e-19
1342.2        	8.722082e-19
1342.25       	8.720093e-19
1342.3        	8.718105e-19
1342.35       	8.716117e-19
1342.4        	8.714129e-19
1342.45       	8.712142e-19
1342.5        	8.710155e-19
1342.55       	8.708169e-19
1342.6        	8.706184e-19
1342.65       	8.704198e-19
1342.7        	8.702214e-19
1342.75       	8.700229e-19
1342.8        	8.698245e-19
1342.85       	8.696262e-19
1342.9        	8.694279e-19
1342.95       	8.692297e-19
1343          	8.690315e-19
1343.05       	8.688333e-19
1343.1        	8.686352e-19
1343.15       	8.684371e-19
1343.2        	8.682391e-19
1343.25       	8.680411e-19
1343.3        	8.678432e-19
1343.35       	8.676453e-19
1343.4        	8.674474e-19
1343.45       	8.672496e-19
1343.5        	8.670519e-19
1343.55       	8.668542e-19
1343.6        	8.666565e-19
1343.65       	8.664589e-19
1343.7        	8.662613e-19
1343.75       	8.660638e-19
1343.8        	8.658663e-19
1343.85       	8.656689e-19
1343.9        	8.654715e-19
1343.95       	8.652742e-19
1344          	8.650769e-19
1344.05       	8.648796e-19
1344.1        	8.646824e-19
1344.15       	8.644852e-19
1344.2        	8.642881e-19
1344.25       	8.640911e-19
1344.3        	8.638940e-19
1344.35       	8.636970e-19
1344.4        	8.635001e-19
1344.45       	8.633032e-19
1344.5        	8.631064e-19
1344.55       	8.629096e-19
1344.6        	8.627128e-19
1344.65       	8.625161e-19
1344.7        	8.623194e-19
1344.75       	8.621228e-19
1344.8        	8.619262e-19
1344.85       	8.617297e-19
1344.9        	8.615332e-19
1344.95       	8.613368e-19
1345          	8.611404e-19
1345.05       	8.609440e-19
1345.1        	8.607477e-19
1345.15       	8.605514e-19
1345.2        	8.603552e-19
1345.25       	8.601590e-19
1345.3        	8.599629e-19
1345.35       	8.597668e-19
1345.4        	8.595708e-19
1345.45       	8.593748e-19
1345.5        	8.591789e-19
1345.55       	8.589830e-19
1345.6        	8.587871e-19
1345.65       	8.585913e-19
1345.7        	8.583955e-19
1345.75       	8.581998e-19
1345.8        	8.580041e-19
1345.85       	8.578085e-19
1345.9        	8.576129e-19
1345.95       	8.574173e-19
1346          	8.572218e-19
1346.05       	8.570264e-19
1346.1        	8.568310e-19
1346.15       	8.566356e-19
1346.2        	8.564403e-19
1346.25       	8.562450e-19
1346.3        	8.560498e-19
1346.35       	8.558546e-19
1346.4        	8.556595e-19
1346.45       	8.554644e-19
1346.5        	8.552693e-19
1346.55       	8.550743e-19
1346.6        	8.548793e-19
1346.65       	8.546844e-19
1346.7        	8.544895e-19
1346.75       	8.542947e-19
1346.8        	8.540999e-19
1346.85       	8.539052e-19
1346.9        	8.537105e-19
1346.95       	8.535158e-19
1347          	8.533212e-19
1347.05       	8.531267e-19
1347.1        	8.529321e-19
1347.15       	8.527377e-19
1347.2        	8.525432e-19
1347.25       	8.523489e-19
1347.3        	8.521545e-19
1347.35       	8.519602e-19
1347.4        	8.517660e-19
1347.45       	8.515718e-19
1347.5        	8.513776e-19
1347.55       	8.511835e-19
1347.6        	8.509894e-19
1347.65       	8.507954e-19
1347.7        	8.506014e-19
1347.75       	8.504075e-19
1347.8        	8.502136e-19
1347.85       	8.500197e-19
1347.9        	8.498259e-19
1347.95       	8.496321e-19
1348          	8.494384e-19
1348.05       	8.492447e-19
1348.1        	8.490511e-19
1348.15       	8.488575e-19
1348.2        	8.486640e-19
1348.25       	8.484705e-19
1348.3        	8.482770e-19
1348.35       	8.480836e-19
1348.4        	8.478903e-19
1348.45       	8.476970e-19
1348.5        	8.475037e-19
1348.55       	8.473104e-19
1348.6        	8.471173e-19
1348.65       	8.469241e-19
1348.7        	8.467310e-19
1348.75       	8.465380e-19
1348.8        	8.463450e-19
1348.85       	8.461520e-19
1348.9        	8.459591e-19
1348.95       	8.457662e-19
1349          	8.455734e-19
1349.05       	8.453806e-19
1349.1        	8.451878e-19
1349.15       	8.449951e-19
1349.2        	8.448025e-19
1349.25       	8.446099e-19
1349.3        	8.444173e-19
1349.35       	8.442248e-19
1349.4        	8.440323e-19
1349.45       	8.438398e-19
1349.5        	8.436475e-19
1349.55       	8.434551e-19
1349.6        	8.432628e-19
1349.65       	8.430705e-19
1349.7        	8.428783e-19
1349.75       	8.426862e-19
1349.8        	8.424940e-19
1349.85       	8.423019e-19
1349.9        	8.421099e-19
1349.95       	8.419179e-19
1350          	8.417260e-19
1350.05       	8.415340e-19
1350.1        	8.413422e-19
1350.15       	8.411504e-19
1350.2        	8.409586e-19
1350.25       	8.407669e-19
1350.3        	8.405752e-19
1350.35       	8.403835e-19
1350.4        	8.401919e-19
1350.45       	8.400004e-19
1350.5        	8.398088e-19
1350.55       	8.396174e-19
1350.6        	8.394260e-19
1350.65       	8.392346e-19
1350.7        	8.390432e-19
1350.75       	8.388519e-19
1350.8        	8.386607e-19
1350.85       	8.384695e-19
1350.9        	8.382783e-19
1350.95       	8.380872e-19
1351          	8.378961e-19
1351.05       	8.377051e-19
1351.1        	8.375141e-19
1351.15       	8.373232e-19
1351.2        	8.371323e-19
1351.25       	8.369414e-19
1351.3        	8.367506e-19
1351.35       	8.365598e-19
1351.4        	8.363691e-19
1351.45       	8.361784e-19
1351.5        	8.359878e-19
1351.55       	8.357972e-19
1351.6        	8.356066e-19
1351.65       	8.354161e-19
1351.7        	8.352256e-19
1351.75       	8.350352e-19
1351.8        	8.348449e-19
1351.85       	8.346545e-19
1351.9        	8.344642e-19
1351.95       	8.342740e-19
1352          	8.340838e-19
1352.05       	8.338936e-19
1352.1        	8.337035e-19
1352.15       	8.335134e-19
1352.2        	8.333234e-19
1352.25       	8.331334e-19
1352.3        	8.329435e-19
1352.35       	8.327536e-19
1352.4        	8.325637e-19
1352.45       	8.323739e-19
1352.5        	8.321841e-19
1352.55       	8.319944e-19
1352.6        	8.318047e-19
1352.65       	8.316151e-19
1352.7        	8.314255e-19
1352.75       	8.312359e-19
1352.8        	8.310464e-19
1352.85       	8.308570e-19
1352.9        	8.306676e-19
1352.95       	8.304782e-19
1353          	8.302888e-19
1353.05       	8.300996e-19
1353.1        	8.299103e-19
1353.15       	8.297211e-19
1353.2        	8.295319e-19
1353.25       	8.293428e-19
1353.3        	8.291537e-19
1353.35       	8.289647e-19
1353.4        	8.287757e-19
1353.45       	8.285868e-19
1353.5        	8.283979e-19
1353.55       	8.282090e-19
1353.6        	8.280202e-19
1353.65       	8.278314e-19
1353.7        	8.276427e-19
1353.75       	8.274540e-19
1353.8        	8.272654e-19
1353.85       	8.270768e-19
1353.9        	8.268882e-19
1353.95       	8.266997e-19
1354          	8.265112e-19
1354.05       	8.263228e-19
1354.1        	8.261344e-19
1354.15       	8.259461e-19
1354.2        	8.257578e-19
1354.25       	8.255695e-19
1354.3        	8.253813e-19
1354.35       	8.251932e-19
1354.4        	8.250050e-19
1354.45       	8.248170e-19
1354.5        	8.246289e-19
1354.55       	8.244409e-19
1354.6        	8.242530e-19
1354.65       	8.240651e-19
1354.7        	8.238772e-19
1354.75       	8.236894e-19
1354.8        	8.235016e-19
1354.85       	8.233138e-19
1354.9        	8.231261e-19
1354.95       	8.229385e-19
1355          	8.227509e-19
1355.05       	8.225633e-19
1355.1        	8.223758e-19
1355.15       	8.221883e-19
1355.2        	8.220009e-19
1355.25       	8.218135e-19
1355.3        	8.216261e-19
1355.35       	8.214388e-19
1355.4        	8.212516e-19
1355.45       	8.210643e-19
1355.5        	8.208772e-19
1355.55       	8.206900e-19
1355.6        	8.205029e-19
1355.65       	8.203159e-19
1355.7        	8.201289e-19
1355.75       	8.199419e-19
1355.8        	8.197550e-19
1355.85       	8.195681e-19
1355.9        	8.193812e-19
1355.95       	8.191945e-19
1356          	8.190077e-19
1356.05       	8.188210e-19
1356.1        	8.186343e-19
1356.15       	8.184477e-19
1356.2        	8.182611e-19
1356.25       	8.180746e-19
1356.3        	8.178881e-19
1356.35       	8.177016e-19
1356.4        	8.175152e-19
1356.45       	8.173288e-19
1356.5        	8.171425e-19
1356.55       	8.169562e-19
1356.6        	8.167700e-19
1356.65       	8.165838e-19
1356.7        	8.163976e-19
1356.75       	8.162115e-19
1356.8        	8.160255e-19
1356.85       	8.158394e-19
1356.9        	8.156534e-19
1356.95       	8.154675e-19
1357          	8.152816e-19
1357.05       	8.150957e-19
1357.1        	8.149099e-19
1357.15       	8.147242e-19
1357.2        	8.145384e-19
1357.25       	8.143527e-19
1357.3        	8.141671e-19
1357.35       	8.139815e-19
1357.4        	8.137959e-19
1357.45       	8.136104e-19
1357.5        	8.134249e-19
1357.55       	8.132395e-19
1357.6        	8.130541e-19
1357.65       	8.128688e-19
1357.7        	8.126835e-19
1357.75       	8.124982e-19
1357.8        	8.123130e-19
1357.85       	8.121278e-19
1357.9        	8.119427e-19
1357.95       	8.117576e-19
1358          	8.115725e-19
1358.05       	8.113875e-19
1358.1        	8.112025e-19
1358.15       	8.110176e-19
1358.2        	8.108327e-19
1358.25       	8.106479e-19
1358.3        	8.104631e-19
1358.35       	8.102783e-19
1358.4        	8.100936e-19
1358.45       	8.099090e-19
1358.5        	8.097243e-19
1358.55       	8.095397e-19
1358.6        	8.093552e-19
1358.65       	8.091707e-19
1358.7        	8.089862e-19
1358.75       	8.088018e-19
1358.8        	8.086174e-19
1358.85       	8.084331e-19
1358.9        	8.082488e-19
1358.95       	8.080646e-19
1359          	8.078804e-19
1359.05       	8.076962e-19
1359.1        	8.075121e-19
1359.15       	8.073280e-19
1359.2        	8.071440e-19
1359.25       	8.069600e-19
1359.3        	8.067760e-19
1359.35       	8.065921e-19
1359.4        	8.064082e-19
1359.45       	8.062244e-19
1359.5        	8.060406e-19
1359.55       	8.058569e-19
1359.6        	8.056732e-19
1359.65       	8.054895e-19
1359.7        	8.053059e-19
1359.75       	8.051223e-19
1359.8        	8.049388e-19
1359.85       	8.047553e-19
1359.9        	8.045718e-19
1359.95       	8.043884e-19
1360          	8.042051e-19
1360.05       	8.040217e-19
1360.1        	8.038385e-19
1360.15       	8.036552e-19
1360.2        	8.034720e-19
1360.25       	8.032889e-19
1360.3        	8.031058e-19
1360.35       	8.029227e-19
1360.4        	8.027397e-19
1360.45       	8.025567e-19
1360.5        	8.023737e-19
1360.55       	8.021908e-19
1360.6        	8.020079e-19
1360.65       	8.018251e-19
1360.7        	8.016423e-19
1360.75       	8.014596e-19
1360.8        	8.012769e-19
1360.85       	8.010943e-19
1360.9        	8.009116e-19
1360.95       	8.007291e-19
1361          	8.005465e-19
1361.05       	8.003641e-19
1361.1        	8.001816e-19
1361.15       	7.999992e-19
1361.2        	7.998168e-19
1361.25       	7.996345e-19
1361.3        	7.994522e-19
1361.35       	7.992700e-19
1361.4        	7.990878e-19
1361.45       	7.989057e-19
1361.5        	7.987236e-19
1361.55       	7.985415e-19
1361.6        	7.983595e-19
1361.65       	7.981775e-19
1361.7        	7.979955e-19
1361.75       	7.978136e-19
1361.8        	7.976318e-19
1361.85       	7.974499e-19
1361.9        	7.972682e-19
1361.95       	7.970864e-19
1362          	7.969047e-19
1362.05       	7.967231e-19
1362.1        	7.965415e-19
1362.15       	7.963599e-19
1362.2        	7.961784e-19
1362.25       	7.959969e-19
1362.3        	7.958154e-19
1362.35       	7.956340e-19
1362.4        	7.954526e-19
1362.45       	7.952713e-19
1362.5        	7.950900e-19
1362.55       	7.949088e-19
1362.6        	7.947276e-19
1362.65       	7.945465e-19
1362.7        	7.943653e-19
1362.75       	7.941843e-19
1362.8        	7.940032e-19
1362.85       	7.938222e-19
1362.9        	7.936413e-19
1362.95       	7.934604e-19
1363          	7.932795e-19
1363.05       	7.930987e-19
1363.1        	7.929179e-19
1363.15       	7.927372e-19
1363.2        	7.925565e-19
1363.25       	7.923758e-19
1363.3        	7.921952e-19
1363.35       	7.920146e-19
1363.4        	7.918341e-19
1363.45       	7.916536e-19
1363.5        	7.914731e-19
1363.55       	7.912927e-19
1363.6        	7.911123e-19
1363.65       	7.909320e-19
1363.7        	7.907517e-19
1363.75       	7.905715e-19
1363.8        	7.903913e-19
1363.85       	7.902111e-19
1363.9        	7.900310e-19
1363.95       	7.898509e-19
1364          	7.896709e-19
1364.05       	7.894909e-19
1364.1        	7.893109e-19
1364.15       	7.891310e-19
1364.2        	7.889511e-19
1364.25       	7.887713e-19
1364.3        	7.885915e-19
1364.35       	7.884117e-19
1364.4        	7.882320e-19
1364.45       	7.880523e-19
1364.5        	7.878727e-19
1364.55       	7.876931e-19
1364.6        	7.875136e-19
1364.65       	7.873341e-19
1364.7        	7.871546e-19
1364.75       	7.869752e-19
1364.8        	7.867958e-19
1364.85       	7.866164e-19
1364.9        	7.864371e-19
1364.95       	7.862579e-19
1365          	7.860787e-19
1365.05       	7.858995e-19
1365.1        	7.857203e-19
1365.15       	7.855412e-19
1365.2        	7.853622e-19
1365.25       	7.851832e-19
1365.3        	7.850042e-19
1365.35       	7.848253e-19
1365.4        	7.846464e-19
1365.45       	7.844675e-19
1365.5        	7.842887e-19
1365.55       	7.841099e-19
1365.6        	7.839312e-19
1365.65       	7.837525e-19
1365.7        	7.835739e-19
1365.75       	7.833953e-19
1365.8        	7.832167e-19
1365.85       	7.830382e-19
1365.9        	7.828597e-19
1365.95       	7.826813e-19
1366          	7.825029e-19
1366.05       	7.823245e-19
1366.1        	7.821462e-19
1366.15       	7.819679e-19
1366.2        	7.817897e-19
1366.25       	7.816115e-19
1366.3        	7.814333e-19
1366.35       	7.812552e-19
1366.4        	7.810771e-19
1366.45       	7.808991e-19
1366.5        	7.807211e-19
1366.55       	7.805431e-19
1366.6        	7.803652e-19
1366.65       	7.801873e-19
1366.7        	7.800095e-19
1366.75       	7.798317e-19
1366.8        	7.796540e-19
1366.85       	7.794763e-19
1366.9        	7.792986e-19
1366.95       	7.791210e-19
1367          	7.789434e-19
1367.05       	7.787658e-19
1367.1        	7.785883e-19
1367.15       	7.784109e-19
1367.2        	7.782334e-19
1367.25       	7.780560e-19
1367.3        	7.778787e-19
1367.35       	7.777014e-19
1367.4        	7.775241e-19
1367.45       	7.773469e-19
1367.5        	7.771697e-19
1367.55       	7.769926e-19
1367.6        	7.768155e-19
1367.65       	7.766384e-19
1367.7        	7.764614e-19
1367.75       	7.762844e-19
1367.8        	7.761075e-19
1367.85       	7.759306e-19
1367.9        	7.757537e-19
1367.95       	7.755769e-19
1368          	7.754001e-19
1368.05       	7.752234e-19
1368.1        	7.750467e-19
1368.15       	7.748700e-19
1368.2        	7.746934e-19
1368.25       	7.745168e-19
1368.3        	7.743403e-19
1368.35       	7.741638e-19
1368.4        	7.739874e-19
1368.45       	7.738109e-19
1368.5        	7.736346e-19
1368.55       	7.734582e-19
1368.6        	7.732819e-19
1368.65       	7.731057e-19
1368.7        	7.729295e-19
1368.75       	7.727533e-19
1368.8        	7.725772e-19
1368.85       	7.724011e-19
1368.9        	7.722250e-19
1368.95       	7.720490e-19
1369          	7.718730e-19
1369.05       	7.716971e-19
1369.1        	7.715212e-19
1369.15       	7.713454e-19
1369.2        	7.711696e-19
1369.25       	7.709938e-19
1369.3        	7.708181e-19
1369.35       	7.706424e-19
1369.4        	7.704667e-19
1369.45       	7.702911e-19
1369.5        	7.701155e-19
1369.55       	7.699400e-19
1369.6        	7.697645e-19
1369.65       	7.695891e-19
1369.7        	7.694137e-19
1369.75       	7.692383e-19
1369.8        	7.690630e-19
1369.85       	7.688877e-19
1369.9        	7.687124e-19
1369.95       	7.685372e-19
1370          	7.683621e-19
1370.05       	7.681869e-19
1370.1        	7.680118e-19
1370.15       	7.678368e-19
1370.2        	7.676618e-19
1370.25       	7.674868e-19
1370.3        	7.673119e-19
1370.35       	7.671370e-19
1370.4        	7.669621e-19
1370.45       	7.667873e-19
1370.5        	7.666126e-19
1370.55       	7.664378e-19
1370.6        	7.662632e-19
1370.65       	7.660885e-19
1370.7        	7.659139e-19
1370.75       	7.657393e-19
1370.8        	7.655648e-19
1370.85       	7.653903e-19
1370.9        	7.652159e-19
1370.95       	7.650415e-19
1371          	7.648671e-19
1371.05       	7.646928e-19
1371.1        	7.645185e-19
1371.15       	7.643442e-19
1371.2        	7.641700e-19
1371.25       	7.639958e-19
1371.3        	7.638217e-19
1371.35       	7.636476e-19
1371.4        	7.634736e-19
1371.45       	7.632996e-19
1371.5        	7.631256e-19
1371.55       	7.629516e-19
1371.6        	7.627778e-19
1371.65       	7.626039e-19
1371.7        	7.624301e-19
1371.75       	7.622563e-19
1371.8        	7.620826e-19
1371.85       	7.619089e-19
1371.9        	7.617352e-19
1371.95       	7.615616e-19
1372          	7.613881e-19
1372.05       	7.612145e-19
1372.1        	7.610410e-19
1372.15       	7.608676e-19
1372.2        	7.606942e-19
1372.25       	7.605208e-19
1372.3        	7.603474e-19
1372.35       	7.601741e-19
1372.4        	7.600009e-19
1372.45       	7.598277e-19
1372.5        	7.596545e-19
1372.55       	7.594814e-19
1372.6        	7.593083e-19
1372.65       	7.591352e-19
1372.7        	7.589622e-19
1372.75       	7.587892e-19
1372.8        	7.586163e-19
1372.85       	7.584434e-19
1372.9        	7.582705e-19
1372.95       	7.580977e-19
1373          	7.579249e-19
1373.05       	7.577521e-19
1373.1        	7.575794e-19
1373.15       	7.574068e-19
1373.2        	7.572342e-19
1373.25       	7.570616e-19
1373.3        	7.568890e-19
1373.35       	7.567165e-19
1373.4        	7.565441e-19
1373.45       	7.563716e-19
1373.5        	7.561992e-19
1373.55       	7.560269e-19
1373.6        	7.558546e-19
1373.65       	7.556823e-19
1373.7        	7.555101e-19
1373.75       	7.553379e-19
1373.8        	7.551657e-19
1373.85       	7.549936e-19
1373.9        	7.548216e-19
1373.95       	7.546495e-19
1374          	7.544775e-19
1374.05       	7.543056e-19
1374.1        	7.541337e-19
1374.15       	7.539618e-19
1374.2        	7.537899e-19
1374.25       	7.536181e-19
1374.3        	7.534464e-19
1374.35       	7.532747e-19
1374.4        	7.531030e-19
1374.45       	7.529313e-19
1374.5        	7.527597e-19
1374.55       	7.525882e-19
1374.6        	7.524167e-19
1374.65       	7.522452e-19
1374.7        	7.520737e-19
1374.75       	7.519023e-19
1374.8        	7.517310e-19
1374.85       	7.515596e-19
1374.9        	7.513883e-19
1374.95       	7.512171e-19
1375          	7.510459e-19
1375.05       	7.508747e-19
1375.1        	7.507036e-19
1375.15       	7.505325e-19
1375.2        	7.503614e-19
1375.25       	7.501904e-19
1375.3        	7.500194e-19
1375.35       	7.498485e-19
1375.4        	7.496776e-19
1375.45       	7.495068e-19
1375.5        	7.493359e-19
1375.55       	7.491652e-19
1375.6        	7.489944e-19
1375.65       	7.488237e-19
1375.7        	7.486530e-19
1375.75       	7.484824e-19
1375.8        	7.483118e-19
1375.85       	7.481413e-19
1375.9        	7.479708e-19
1375.95       	7.478003e-19
1376          	7.476299e-19
1376.05       	7.474595e-19
1376.1        	7.472891e-19
1376.15       	7.471188e-19
1376.2        	7.469486e-19
1376.25       	7.467783e-19
1376.3        	7.466081e-19
1376.35       	7.464380e-19
1376.4        	7.462679e-19
1376.45       	7.460978e-19
1376.5        	7.459277e-19
1376.55       	7.457577e-19
1376.6        	7.455878e-19
1376.65       	7.454179e-19
1376.7        	7.452480e-19
1376.75       	7.450781e-19
1376.8        	7.449083e-19
1376.85       	7.447385e-19
1376.9        	7.445688e-19
1376.95       	7.443991e-19
1377          	7.442295e-19
1377.05       	7.440599e-19
1377.1        	7.438903e-19
1377.15       	7.437208e-19
1377.2        	7.435513e-19
1377.25       	7.433818e-19
1377.3        	7.432124e-19
1377.35       	7.430430e-19
1377.4        	7.428737e-19
1377.45       	7.427044e-19
1377.5        	7.425351e-19
1377.55       	7.423659e-19
1377.6        	7.421967e-19
1377.65       	7.420275e-19
1377.7        	7.418584e-19
1377.75       	7.416893e-19
1377.8        	7.415203e-19
1377.85       	7.413513e-19
1377.9        	7.411824e-19
1377.95       	7.410134e-19
1378          	7.408446e-19
1378.05       	7.406757e-19
1378.1        	7.405069e-19
1378.15       	7.403382e-19
1378.2        	7.401694e-19
1378.25       	7.400008e-19
1378.3        	7.398321e-19
1378.35       	7.396635e-19
1378.4        	7.394949e-19
1378.45       	7.393264e-19
1378.5        	7.391579e-19
1378.55       	7.389895e-19
1378.6        	7.388210e-19
1378.65       	7.386527e-19
1378.7        	7.384843e-19
1378.75       	7.383160e-19
1378.8        	7.381478e-19
1378.85       	7.379795e-19
1378.9        	7.378114e-19
1378.95       	7.376432e-19
1379          	7.374751e-19
1379.05       	7.373070e-19
1379.1        	7.371390e-19
1379.15       	7.369710e-19
1379.2        	7.368030e-19
1379.25       	7.366351e-19
1379.3        	7.364673e-19
1379.35       	7.362994e-19
1379.4        	7.361316e-19
1379.45       	7.359639e-19
1379.5        	7.357961e-19
1379.55       	7.356284e-19
1379.6        	7.354608e-19
1379.65       	7.352932e-19
1379.7        	7.351256e-19
1379.75       	7.349581e-19
1379.8        	7.347906e-19
1379.85       	7.346231e-19
1379.9        	7.344557e-19
1379.95       	7.342883e-19
1380          	7.341210e-19
1380.05       	7.339537e-19
1380.1        	7.337864e-19
1380.15       	7.336192e-19
1380.2        	7.334520e-19
1380.25       	7.332849e-19
1380.3        	7.331177e-19
1380.35       	7.329507e-19
1380.4        	7.327836e-19
1380.45       	7.326166e-19
1380.5        	7.324497e-19
1380.55       	7.322828e-19
1380.6        	7.321159e-19
1380.65       	7.319490e-19
1380.7        	7.317822e-19
1380.75       	7.316154e-19
1380.8        	7.314487e-19
1380.85       	7.312820e-19
1380.9        	7.311154e-19
1380.95       	7.309488e-19
1381          	7.307822e-19
1381.05       	7.306156e-19
1381.1        	7.304491e-19
1381.15       	7.302827e-19
1381.2        	7.301162e-19
1381.25       	7.299499e-19
1381.3        	7.297835e-19
1381.35       	7.296172e-19
1381.4        	7.294509e-19
1381.45       	7.292847e-19
1381.5        	7.291185e-19
1381.55       	7.289523e-19
1381.6        	7.287862e-19
1381.65       	7.286201e-19
1381.7        	7.284541e-19
1381.75       	7.282881e-19
1381.8        	7.281221e-19
1381.85       	7.279562e-19
1381.9        	7.277903e-19
1381.95       	7.276244e-19
1382          	7.274586e-19
1382.05       	7.272928e-19
1382.1        	7.271271e-19
1382.15       	7.269614e-19
1382.2        	7.267957e-19
1382.25       	7.266301e-19
1382.3        	7.264645e-19
1382.35       	7.262989e-19
1382.4        	7.261334e-19
1382.45       	7.259679e-19
1382.5        	7.258025e-19
1382.55       	7.256371e-19
1382.6        	7.254717e-19
1382.65       	7.253064e-19
1382.7        	7.251411e-19
1382.75       	7.249758e-19
1382.8        	7.248106e-19
1382.85       	7.246454e-19
1382.9        	7.244803e-19
1382.95       	7.243152e-19
1383          	7.241501e-19
1383.05       	7.239851e-19
1383.1        	7.238201e-19
1383.15       	7.236552e-19
1383.2        	7.234903e-19
1383.25       	7.233254e-19
1383.3        	7.231606e-19
1383.35       	7.229958e-19
1383.4        	7.228310e-19
1383.45       	7.226663e-19
1383.5        	7.225016e-19
1383.55       	7.223369e-19
1383.6        	7.221723e-19
1383.65       	7.220078e-19
1383.7        	7.218432e-19
1383.75       	7.216787e-19
1383.8        	7.215143e-19
1383.85       	7.213498e-19
1383.9        	7.211855e-19
1383.95       	7.210211e-19
1384          	7.208568e-19
1384.05       	7.206925e-19
1384.1        	7.205283e-19
1384.15       	7.203641e-19
1384.2        	7.201999e-19
1384.25       	7.200358e-19
1384.3        	7.198717e-19
1384.35       	7.197077e-19
1384.4        	7.195437e-19
1384.45       	7.193797e-19
1384.5        	7.192158e-19
1384.55       	7.190519e-19
1384.6        	7.188880e-19
1384.65       	7.187242e-19
1384.7        	7.185604e-19
1384.75       	7.183966e-19
1384.8        	7.182329e-19
1384.85       	7.180692e-19
1384.9        	7.179056e-19
1384.95       	7.177420e-19
1385          	7.175785e-19
1385.05       	7.174149e-19
1385.1        	7.172514e-19
1385.15       	7.170880e-19
1385.2        	7.169246e-19
1385.25       	7.167612e-19
1385.3        	7.165979e-19
1385.35       	7.164346e-19
1385.4        	7.162713e-19
1385.45       	7.161081e-19
1385.5        	7.159449e-19
1385.55       	7.157817e-19
1385.6        	7.156186e-19
1385.65       	7.154555e-19
1385.7        	7.152925e-19
1385.75       	7.151295e-19
1385.8        	7.149665e-19
1385.85       	7.148036e-19
1385.9        	7.146407e-19
1385.95       	7.144779e-19
1386          	7.143151e-19
1386.05       	7.141523e-19
1386.1        	7.139895e-19
1386.15       	7.138268e-19
1386.2        	7.136642e-19
1386.25       	7.135015e-19
1386.3        	7.133389e-19
1386.35       	7.131764e-19
1386.4        	7.130139e-19
1386.45       	7.128514e-19
1386.5        	7.126889e-19
1386.55       	7.125265e-19
1386.6        	7.123642e-19
1386.65       	7.122018e-19
1386.7        	7.120395e-19
1386.75       	7.118773e-19
1386.8        	7.117151e-19
1386.85       	7.115529e-19
1386.9        	7.113907e-19
1386.95       	7.112286e-19
1387          	7.110665e-19
1387.05       	7.109045e-19
1387.1        	7.107425e-19
1387.15       	7.105805e-19
1387.2        	7.104186e-19
1387.25       	7.102567e-19
1387.3        	7.100949e-19
1387.35       	7.099331e-19
1387.4        	7.097713e-19
1387.45       	7.096095e-19
1387.5        	7.094478e-19
1387.55       	7.092862e-19
1387.6        	7.091245e-19
1387.65       	7.089629e-19
1387.7        	7.088014e-19
1387.75       	7.086399e-19
1387.8        	7.084784e-19
1387.85       	7.083169e-19
1387.9        	7.081555e-19
1387.95       	7.079942e-19
1388          	7.078328e-19
1388.05       	7.076715e-19
1388.1        	7.075103e-19
1388.15       	7.073490e-19
1388.2        	7.071879e-19
1388.25       	7.070267e-19
1388.3        	7.068656e-19
1388.35       	7.067045e-19
1388.4        	7.065435e-19
1388.45       	7.063825e-19
1388.5        	7.062215e-19
1388.55       	7.060606e-19
1388.6        	7.058997e-19
1388.65       	7.057388e-19
1388.7        	7.055780e-19
1388.75       	7.054172e-19
1388.8        	7.052565e-19
1388.85       	7.050958e-19
1388.9        	7.049351e-19
1388.95       	7.047745e-19
1389          	7.046139e-19
1389.05       	7.044533e-19
1389.1        	7.042928e-19
1389.15       	7.041323e-19
1389.2        	7.039718e-19
1389.25       	7.038114e-19
1389.3        	7.036510e-19
1389.35       	7.034907e-19
1389.4        	7.033304e-19
1389.45       	7.031701e-19
1389.5        	7.030099e-19
1389.55       	7.028497e-19
1389.6        	7.026895e-19
1389.65       	7.025294e-19
1389.7        	7.023693e-19
1389.75       	7.022093e-19
1389.8        	7.020492e-19
1389.85       	7.018893e-19
1389.9        	7.017293e-19
1389.95       	7.015694e-19
1390          	7.014096e-19
1390.05       	7.012497e-19
1390.1        	7.010899e-19
1390.15       	7.009302e-19
1390.2        	7.007704e-19
1390.25       	7.006108e-19
1390.3        	7.004511e-19
1390.35       	7.002915e-19
1390.4        	7.001319e-19
1390.45       	6.999724e-19
1390.5        	6.998129e-19
1390.55       	6.996534e-19
1390.6        	6.994940e-19
1390.65       	6.993346e-19
1390.7        	6.991752e-19
1390.75       	6.990159e-19
1390.8        	6.988566e-19
1390.85       	6.986974e-19
1390.9        	6.985382e-19
1390.95       	6.983790e-19
1391          	6.982199e-19
1391.05       	6.980608e-19
1391.1        	6.979017e-19
1391.15       	6.977427e-19
1391.2        	6.975837e-19
1391.25       	6.974247e-19
1391.3        	6.972658e-19
1391.35       	6.971069e-19
1391.4        	6.969481e-19
1391.45       	6.967892e-19
1391.5        	6.966305e-19
1391.55       	6.964717e-19
1391.6        	6.963130e-19
1391.65       	6.961544e-19
1391.7        	6.959957e-19
1391.75       	6.958371e-19
1391.8        	6.956786e-19
1391.85       	6.955200e-19
1391.9        	6.953616e-19
1391.95       	6.952031e-19
1392          	6.950447e-19
1392.05       	6.948863e-19
1392.1        	6.947280e-19
1392.15       	6.945697e-19
1392.2        	6.944114e-19
1392.25       	6.942532e-19
1392.3        	6.940950e-19
1392.35       	6.939368e-19
1392.4        	6.937787e-19
1392.45       	6.936206e-19
1392.5        	6.934625e-19
1392.55       	6.933045e-19
1392.6        	6.931466e-19
1392.65       	6.929886e-19
1392.7        	6.928307e-19
1392.75       	6.926728e-19
1392.8        	6.925150e-19
1392.85       	6.923572e-19
1392.9        	6.921994e-19
1392.95       	6.920417e-19
1393          	6.918840e-19
1393.05       	6.917264e-19
1393.1        	6.915687e-19
1393.15       	6.914112e-19
1393.2        	6.912536e-19
1393.25       	6.910961e-19
1393.3        	6.909386e-19
1393.35       	6.907812e-19
1393.4        	6.906238e-19
1393.45       	6.904664e-19
1393.5        	6.903091e-19
1393.55       	6.901518e-19
1393.6        	6.899945e-19
1393.65       	6.898373e-19
1393.7        	6.896801e-19
1393.75       	6.895230e-19
1393.8        	6.893658e-19
1393.85       	6.892088e-19
1393.9        	6.890517e-19
1393.95       	6.888947e-19
1394          	6.887377e-19
1394.05       	6.885808e-19
1394.1        	6.884239e-19
1394.15       	6.882670e-19
1394.2        	6.881102e-19
1394.25       	6.879534e-19
1394.3        	6.877966e-19
1394.35       	6.876399e-19
1394.4        	6.874832e-19
1394.45       	6.873266e-19
1394.5        	6.871700e-19
1394.55       	6.870134e-19
1394.6        	6.868568e-19
1394.65       	6.867003e-19
1394.7        	6.865439e-19
1394.75       	6.863874e-19
1394.8        	6.862310e-19
1394.85       	6.860747e-19
1394.9        	6.859183e-19
1394.95       	6.857620e-19
1395          	6.856058e-19
1395.05       	6.854496e-19
1395.1        	6.852934e-19
1395.15       	6.851372e-19
1395.2        	6.849811e-19
1395.25       	6.848250e-19
1395.3        	6.846690e-19
1395.35       	6.845130e-19
1395.4        	6.843570e-19
1395.45       	6.842011e-19
1395.5        	6.840452e-19
1395.55       	6.838893e-19
1395.6        	6.837335e-19
1395.65       	6.835777e-19
1395.7        	6.834219e-19
1395.75       	6.832662e-19
1395.8        	6.831105e-19
1395.85       	6.829549e-19
1395.9        	6.827992e-19
1395.95       	6.826437e-19
1396          	6.824881e-19
1396.05       	6.823326e-19
1396.1        	6.821771e-19
1396.15       	6.820217e-19
1396.2        	6.818663e-19
1396.25       	6.817109e-19
1396.3        	6.815556e-19
1396.35       	6.814003e-19
1396.4        	6.812450e-19
1396.45       	6.810898e-19
1396.5        	6.809346e-19
1396.55       	6.807794e-19
1396.6        	6.806243e-19
1396.65       	6.804692e-19
1396.7        	6.803142e-19
1396.75       	6.801592e-19
1396.8        	6.800042e-19
1396.85       	6.798493e-19
1396.9        	6.796943e-19
1396.95       	6.795395e-19
1397          	6.793846e-19
1397.05       	6.792298e-19
1397.1        	6.790751e-19
1397.15       	6.789203e-19
1397.2        	6.787656e-19
1397.25       	6.786110e-19
1397.3        	6.784564e-19
1397.35       	6.783018e-19
1397.4        	6.781472e-19
1397.45       	6.779927e-19
1397.5        	6.778382e-19
1397.55       	6.776838e-19
1397.6        	6.775294e-19
1397.65       	6.773750e-19
1397.7        	6.772206e-19
1397.75       	6.770663e-19
1397.8        	6.769121e-19
1397.85       	6.767578e-19
1397.9        	6.766036e-19
1397.95       	6.764494e-19
1398          	6.762953e-19
1398.05       	6.761412e-19
1398.1        	6.759872e-19
1398.15       	6.758331e-19
1398.2        	6.756791e-19
1398.25       	6.755252e-19
1398.3        	6.753713e-19
1398.35       	6.752174e-19
1398.4        	6.750635e-19
1398.45       	6.749097e-19
1398.5        	6.747559e-19
1398.55       	6.746022e-19
1398.6        	6.744485e-19
1398.65       	6.742948e-19
1398.7        	6.741412e-19
1398.75       	6.739876e-19
1398.8        	6.738340e-19
1398.85       	6.736805e-19
1398.9        	6.735270e-19
1398.95       	6.733735e-19
1399          	6.732201e-19
1399.05       	6.730667e-19
1399.1        	6.729133e-19
1399.15       	6.727600e-19
1399.2        	6.726067e-19
1399.25       	6.724534e-19
1399.3        	6.723002e-19
1399.35       	6.721470e-19
1399.4        	6.719939e-19
1399.45       	6.718408e-19
1399.5        	6.716877e-19
1399.55       	6.715347e-19
1399.6        	6.713816e-19
1399.65       	6.712287e-19
1399.7        	6.710757e-19
1399.75       	6.709228e-19
1399.8        	6.707700e-19
1399.85       	6.706171e-19
1399.9        	6.704643e-19
1399.95       	6.703116e-19
1400          	6.701588e-19
1400.05       	6.700061e-19
1400.1        	6.698535e-19
1400.15       	6.697008e-19
1400.2        	6.695483e-19
1400.25       	6.693957e-19
1400.3        	6.692432e-19
1400.35       	6.690907e-19
1400.4        	6.689382e-19
1400.45       	6.687858e-19
1400.5        	6.686334e-19
1400.55       	6.684811e-19
1400.6        	6.683288e-19
1400.65       	6.681765e-19
1400.7        	6.680243e-19
1400.75       	6.678721e-19
1400.8        	6.677199e-19
1400.85       	6.675677e-19
1400.9        	6.674156e-19
1400.95       	6.672636e-19
1401          	6.671115e-19
1401.05       	6.669595e-19
1401.1        	6.668076e-19
1401.15       	6.666556e-19
1401.2        	6.665037e-19
1401.25       	6.663519e-19
1401.3        	6.662001e-19
1401.35       	6.660483e-19
1401.4        	6.658965e-19
1401.45       	6.657448e-19
1401.5        	6.655931e-19
1401.55       	6.654415e-19
1401.6        	6.652898e-19
1401.65       	6.651382e-19
1401.7        	6.649867e-19
1401.75       	6.648352e-19
1401.8        	6.646837e-19
1401.85       	6.645323e-19
1401.9        	6.643808e-19
1401.95       	6.642295e-19
1402          	6.640781e-19
1402.05       	6.639268e-19
1402.1        	6.637756e-19
1402.15       	6.636243e-19
1402.2        	6.634731e-19
1402.25       	6.633219e-19
1402.3        	6.631708e-19
1402.35       	6.630197e-19
1402.4        	6.628686e-19
1402.45       	6.627176e-19
1402.5        	6.625666e-19
1402.55       	6.624157e-19
1402.6        	6.622647e-19
1402.65       	6.621138e-19
1402.7        	6.619630e-19
1402.75       	6.618121e-19
1402.8        	6.616614e-19
1402.85       	6.615106e-19
1402.9        	6.613599e-19
1402.95       	6.612092e-19
1403          	6.610585e-19
1403.05       	6.609079e-19
1403.1        	6.607573e-19
1403.15       	6.606068e-19
1403.2        	6.604563e-19
1403.25       	6.603058e-19
1403.3        	6.601554e-19
1403.35       	6.600049e-19
1403.4        	6.598546e-19
1403.45       	6.597042e-19
1403.5        	6.595539e-19
1403.55       	6.594036e-19
1403.6        	6.592534e-19
1403.65       	6.591032e-19
1403.7        	6.589530e-19
1403.75       	6.588029e-19
1403.8        	6.586528e-19
1403.85       	6.585027e-19
1403.9        	6.583527e-19
1403.95       	6.582027e-19
1404          	6.580527e-19
1404.05       	6.579028e-19
1404.1        	6.577529e-19
1404.15       	6.576030e-19
1404.2        	6.574532e-19
1404.25       	6.573034e-19
1404.3        	6.571536e-19
1404.35       	6.570039e-19
1404.4        	6.568542e-19
1404.45       	6.567046e-19
1404.5        	6.565549e-19
1404.55       	6.564054e-19
1404.6        	6.562558e-19
1404.65       	6.561063e-19
1404.7        	6.559568e-19
1404.75       	6.558073e-19
1404.8        	6.556579e-19
1404.85       	6.555085e-19
1404.9        	6.553592e-19
1404.95       	6.552099e-19
1405          	6.550606e-19
1405.05       	6.549113e-19
1405.1        	6.547621e-19
1405.15       	6.546129e-19
1405.2        	6.544638e-19
1405.25       	6.543147e-19
1405.3        	6.541656e-19
1405.35       	6.540166e-19
1405.4        	6.538675e-19
1405.45       	6.537186e-19
1405.5        	6.535696e-19
1405.55       	6.534207e-19
1405.6        	6.532718e-19
1405.65       	6.531230e-19
1405.7        	6.529742e-19
1405.75       	6.528254e-19
1405.8        	6.526767e-19
1405.85       	6.525280e-19
1405.9        	6.523793e-19
1405.95       	6.522307e-19
1406          	6.520821e-19
1406.05       	6.519335e-19
1406.1        	6.517850e-19
1406.15       	6.516365e-19
1406.2        	6.514880e-19
1406.25       	6.513396e-19
1406.3        	6.511912e-19
1406.35       	6.510428e-19
1406.4        	6.508945e-19
1406.45       	6.507462e-19
1406.5        	6.505979e-19
1406.55       	6.504497e-19
1406.6        	6.503015e-19
1406.65       	6.501533e-19
1406.7        	6.500052e-19
1406.75       	6.498571e-19
1406.8        	6.497090e-19
1406.85       	6.495610e-19
1406.9        	6.494130e-19
1406.95       	6.492651e-19
1407          	6.491171e-19
1407.05       	6.489692e-19
1407.1        	6.488214e-19
1407.15       	6.486736e-19
1407.2        	6.485258e-19
1407.25       	6.483780e-19
1407.3        	6.482303e-19
1407.35       	6.480826e-19
1407.4        	6.479349e-19
1407.45       	6.477873e-19
1407.5        	6.476397e-19
1407.55       	6.474922e-19
1407.6        	6.473447e-19
1407.65       	6.471972e-19
1407.7        	6.470497e-19
1407.75       	6.469023e-19
1407.8        	6.467549e-19
1407.85       	6.466076e-19
1407.9        	6.464602e-19
1407.95       	6.463130e-19
1408          	6.461657e-19
1408.05       	6.460185e-19
1408.1        	6.458713e-19
1408.15       	6.457242e-19
1408.2        	6.455770e-19
1408.25       	6.454299e-19
1408.3        	6.452829e-19
1408.35       	6.451359e-19
1408.4        	6.449889e-19
1408.45       	6.448420e-19
1408.5        	6.446950e-19
1408.55       	6.445482e-19
1408.6        	6.444013e-19
1408.65       	6.442545e-19
1408.7        	6.441077e-19
1408.75       	6.439610e-19
1408.8        	6.438142e-19
1408.85       	6.436676e-19
1408.9        	6.435209e-19
1408.95       	6.433743e-19
1409          	6.432277e-19
1409.05       	6.430812e-19
1409.1        	6.429347e-19
1409.15       	6.427882e-19
1409.2        	6.426417e-19
1409.25       	6.424953e-19
1409.3        	6.423489e-19
1409.35       	6.422026e-19
1409.4        	6.420563e-19
1409.45       	6.419100e-19
1409.5        	6.417637e-19
1409.55       	6.416175e-19
1409.6        	6.414714e-19
1409.65       	6.413252e-19
1409.7        	6.411791e-19
1409.75       	6.410330e-19
1409.8        	6.408870e-19
1409.85       	6.407410e-19
1409.9        	6.405950e-19
1409.95       	6.404490e-19
1410          	6.403031e-19
1410.05       	6.401572e-19
1410.1        	6.400114e-19
1410.15       	6.398656e-19
1410.2        	6.397198e-19
1410.25       	6.395740e-19
1410.3        	6.394283e-19
1410.35       	6.392827e-19
1410.4        	6.391370e-19
1410.45       	6.389914e-19
1410.5        	6.388458e-19
1410.55       	6.387003e-19
1410.6        	6.385547e-19
1410.65       	6.384093e-19
1410.7        	6.382638e-19
1410.75       	6.381184e-19
1410.8        	6.379730e-19
1410.85       	6.378277e-19
1410.9        	6.376824e-19
1410.95       	6.375371e-19
1411          	6.373918e-19
1411.05       	6.372466e-19
1411.1        	6.371014e-19
1411.15       	6.369563e-19
1411.2        	6.368112e-19
1411.25       	6.366661e-19
1411.3        	6.365210e-19
1411.35       	6.363760e-19
1411.4        	6.362310e-19
1411.45       	6.360861e-19
1411.5        	6.359412e-19
1411.55       	6.357963e-19
1411.6        	6.356514e-19
1411.65       	6.355066e-19
1411.7        	6.353618e-19
1411.75       	6.352171e-19
1411.8        	6.350724e-19
1411.85       	6.349277e-19
1411.9        	6.347830e-19
1411.95       	6.346384e-19
1412          	6.344938e-19
1412.05       	6.343493e-19
1412.1        	6.342047e-19
1412.15       	6.340602e-19
1412.2        	6.339158e-19
1412.25       	6.337714e-19
1412.3        	6.336270e-19
1412.35       	6.334826e-19
1412.4        	6.333383e-19
1412.45       	6.331940e-19
1412.5        	6.330497e-19
1412.55       	6.329055e-19
1412.6        	6.327613e-19
1412.65       	6.326172e-19
1412.7        	6.324730e-19
1412.75       	6.323290e-19
1412.8        	6.321849e-19
1412.85       	6.320409e-19
1412.9        	6.318969e-19
1412.95       	6.317529e-19
1413          	6.316090e-19
1413.05       	6.314651e-19
1413.1        	6.313212e-19
1413.15       	6.311774e-19
1413.2        	6.310336e-19
1413.25       	6.308898e-19
1413.3        	6.307461e-19
1413.35       	6.306024e-19
1413.4        	6.304587e-19
1413.45       	6.303151e-19
1413.5        	6.301715e-19
1413.55       	6.300279e-19
1413.6        	6.298844e-19
1413.65       	6.297409e-19
1413.7        	6.295974e-19
1413.75       	6.294540e-19
1413.8        	6.293106e-19
1413.85       	6.291672e-19
1413.9        	6.290239e-19
1413.95       	6.288806e-19
1414          	6.287373e-19
1414.05       	6.285941e-19
1414.1        	6.284508e-19
1414.15       	6.283077e-19
1414.2        	6.281645e-19
1414.25       	6.280214e-19
1414.3        	6.278783e-19
1414.35       	6.277353e-19
1414.4        	6.275923e-19
1414.45       	6.274493e-19
1414.5        	6.273064e-19
1414.55       	6.271634e-19
1414.6        	6.270206e-19
1414.65       	6.268777e-19
1414.7        	6.267349e-19
1414.75       	6.265921e-19
1414.8        	6.264494e-19
1414.85       	6.263066e-19
1414.9        	6.261640e-19
1414.95       	6.260213e-19
1415          	6.258787e-19
1415.05       	6.257361e-19
1415.1        	6.255935e-19
1415.15       	6.254510e-19
1415.2        	6.253085e-19
1415.25       	6.251661e-19
1415.3        	6.250236e-19
1415.35       	6.248813e-19
1415.4        	6.247389e-19
1415.45       	6.245966e-19
1415.5        	6.244543e-19
1415.55       	6.243120e-19
1415.6        	6.241698e-19
1415.65       	6.240276e-19
1415.7        	6.238854e-19
1415.75       	6.237433e-19
1415.8        	6.236012e-19
1415.85       	6.234591e-19
1415.9        	6.233171e-19
1415.95       	6.231751e-19
1416          	6.230331e-19
1416.05       	6.228912e-19
1416.1        	6.227493e-19
1416.15       	6.226074e-19
1416.2        	6.224655e-19
1416.25       	6.223237e-19
1416.3        	6.221820e-19
1416.35       	6.220402e-19
1416.4        	6.218985e-19
1416.45       	6.217568e-19
1416.5        	6.216152e-19
1416.55       	6.214736e-19
1416.6        	6.213320e-19
1416.65       	6.211904e-19
1416.7        	6.210489e-19
1416.75       	6.209074e-19
1416.8        	6.207660e-19
1416.85       	6.206245e-19
1416.9        	6.204832e-19
1416.95       	6.203418e-19
1417          	6.202005e-19
1417.05       	6.200592e-19
1417.1        	6.199179e-19
1417.15       	6.197767e-19
1417.2        	6.196355e-19
1417.25       	6.194943e-19
1417.3        	6.193532e-19
1417.35       	6.192121e-19
1417.4        	6.190710e-19
1417.45       	6.189300e-19
1417.5        	6.187890e-19
1417.55       	6.186480e-19
1417.6        	6.185071e-19
1417.65       	6.183662e-19
1417.7        	6.182253e-19
1417.75       	6.180845e-19
1417.8        	6.179437e-19
1417.85       	6.178029e-19
1417.9        	6.176621e-19
1417.95       	6.175214e-19
1418          	6.173807e-19
1418.05       	6.172401e-19
1418.1        	6.170995e-19
1418.15       	6.169589e-19
1418.2        	6.168183e-19
1418.25       	6.166778e-19
1418.3        	6.165373e-19
1418.35       	6.163969e-19
1418.4        	6.162565e-19
1418.45       	6.161161e-19
1418.5        	6.159757e-19
1418.55       	6.158354e-19
1418.6        	6.156951e-19
1418.65       	6.155548e-19
1418.7        	6.154146e-19
1418.75       	6.152744e-19
1418.8        	6.151342e-19
1418.85       	6.149941e-19
1418.9        	6.148540e-19
1418.95       	6.147139e-19
1419          	6.145739e-19
1419.05       	6.144338e-19
1419.1        	6.142939e-19
1419.15       	6.141539e-19
1419.2        	6.140140e-19
1419.25       	6.138741e-19
1419.3        	6.137343e-19
1419.35       	6.135945e-19
1419.4        	6.134547e-19
1419.45       	6.133149e-19
1419.5        	6.131752e-19
1419.55       	6.130355e-19
1419.6        	6.128959e-19
1419.65       	6.127562e-19
1419.7        	6.126166e-19
1419.75       	6.124771e-19
1419.8        	6.123376e-19
1419.85       	6.121981e-19
1419.9        	6.120586e-19
1419.95       	6.119192e-19
1420          	6.117798e-19
1420.05       	6.116404e-19
1420.1        	6.115010e-19
1420.15       	6.113617e-19
1420.2        	6.112225e-19
1420.25       	6.110832e-19
1420.3        	6.109440e-19
1420.35       	6.108048e-19
1420.4        	6.106657e-19
1420.45       	6.105266e-19
1420.5        	6.103875e-19
1420.55       	6.102484e-19
1420.6        	6.101094e-19
1420.65       	6.099704e-19
1420.7        	6.098315e-19
1420.75       	6.096925e-19
1420.8        	6.095536e-19
1420.85       	6.094148e-19
1420.9        	6.092759e-19
1420.95       	6.091371e-19
1421          	6.089984e-19
1421.05       	6.088596e-19
1421.1        	6.087209e-19
1421.15       	6.085823e-19
1421.2        	6.084436e-19
1421.25       	6.083050e-19
1421.3        	6.081664e-19
1421.35       	6.080279e-19
1421.4        	6.078894e-19
1421.45       	6.077509e-19
1421.5        	6.076124e-19
1421.55       	6.074740e-19
1421.6        	6.073356e-19
1421.65       	6.071973e-19
1421.7        	6.070589e-19
1421.75       	6.069206e-19
1421.8        	6.067824e-19
1421.85       	6.066442e-19
1421.9        	6.065060e-19
1421.95       	6.063678e-19
1422          	6.062297e-19
1422.05       	6.060915e-19
1422.1        	6.059535e-19
1422.15       	6.058154e-19
1422.2        	6.056774e-19
1422.25       	6.055394e-19
1422.3        	6.054015e-19
1422.35       	6.052636e-19
1422.4        	6.051257e-19
1422.45       	6.049878e-19
1422.5        	6.048500e-19
1422.55       	6.047122e-19
1422.6        	6.045745e-19
1422.65       	6.044368e-19
1422.7        	6.042991e-19
1422.75       	6.041614e-19
1422.8        	6.040238e-19
1422.85       	6.038862e-19
1422.9        	6.037486e-19
1422.95       	6.036110e-19
1423          	6.034735e-19
1423.05       	6.033361e-19
1423.1        	6.031986e-19
1423.15       	6.030612e-19
1423.2        	6.029238e-19
1423.25       	6.027865e-19
1423.3        	6.026492e-19
1423.35       	6.025119e-19
1423.4        	6.023746e-19
1423.45       	6.022374e-19
1423.5        	6.021002e-19
1423.55       	6.019630e-19
1423.6        	6.018259e-19
1423.65       	6.016888e-19
1423.7        	6.015517e-19
1423.75       	6.014147e-19
1423.8        	6.012777e-19
1423.85       	6.011407e-19
1423.9        	6.010038e-19
1423.95       	6.008669e-19
1424          	6.007300e-19
1424.05       	6.005931e-19
1424.1        	6.004563e-19
1424.15       	6.003195e-19
1424.2        	6.001828e-19
1424.25       	6.000460e-19
1424.3        	5.999094e-19
1424.35       	5.997727e-19
1424.4        	5.996361e-19
1424.45       	5.994995e-19
1424.5        	5.993629e-19
1424.55       	5.992264e-19
1424.6        	5.990898e-19
1424.65       	5.989534e-19
1424.7        	5.988169e-19
1424.75       	5.986805e-19
1424.8        	5.985441e-19
1424.85       	5.984078e-19
1424.9        	5.982715e-19
1424.95       	5.981352e-19
1425          	5.979989e-19
1425.05       	5.978627e-19
1425.1        	5.977265e-19
1425.15       	5.975903e-19
1425.2        	5.974542e-19
1425.25       	5.973181e-19
1425.3        	5.971820e-19
1425.35       	5.970460e-19
1425.4        	5.969100e-19
1425.45       	5.967740e-19
1425.5        	5.966380e-19
1425.55       	5.965021e-19
1425.6        	5.963662e-19
1425.65       	5.962304e-19
1425.7        	5.960946e-19
1425.75       	5.959588e-19
1425.8        	5.958230e-19
1425.85       	5.956873e-19
1425.9        	5.955516e-19
1425.95       	5.954159e-19
1426          	5.952803e-19
1426.05       	5.951447e-19
1426.1        	5.950091e-19
1426.15       	5.948736e-19
1426.2        	5.947380e-19
1426.25       	5.946026e-19
1426.3        	5.944671e-19
1426.35       	5.943317e-19
1426.4        	5.941963e-19
1426.45       	5.940609e-19
1426.5        	5.939256e-19
1426.55       	5.937903e-19
1426.6        	5.936550e-19
1426.65       	5.935198e-19
1426.7        	5.933846e-19
1426.75       	5.932494e-19
1426.8        	5.931143e-19
1426.85       	5.929792e-19
1426.9        	5.928441e-19
1426.95       	5.927090e-19
1427          	5.925740e-19
1427.05       	5.924390e-19
1427.1        	5.923041e-19
1427.15       	5.921692e-19
1427.2        	5.920343e-19
1427.25       	5.918994e-19
1427.3        	5.917646e-19
1427.35       	5.916298e-19
1427.4        	5.914950e-19
1427.45       	5.913602e-19
1427.5        	5.912255e-19
1427.55       	5.910908e-19
1427.6        	5.909562e-19
1427.65       	5.908216e-19
1427.7        	5.906870e-19
1427.75       	5.905524e-19
1427.8        	5.904179e-19
1427.85       	5.902834e-19
1427.9        	5.901489e-19
1427.95       	5.900145e-19
1428          	5.898801e-19
1428.05       	5.897457e-19
1428.1        	5.896114e-19
1428.15       	5.894771e-19
1428.2        	5.893428e-19
1428.25       	5.892085e-19
1428.3        	5.890743e-19
1428.35       	5.889401e-19
1428.4        	5.888060e-19
1428.45       	5.886718e-19
1428.5        	5.885377e-19
1428.55       	5.884037e-19
1428.6        	5.882696e-19
1428.65       	5.881356e-19
1428.7        	5.880016e-19
1428.75       	5.878677e-19
1428.8        	5.877338e-19
1428.85       	5.875999e-19
1428.9        	5.874660e-19
1428.95       	5.873322e-19
1429          	5.871984e-19
1429.05       	5.870647e-19
1429.1        	5.869309e-19
1429.15       	5.867972e-19
1429.2        	5.866636e-19
1429.25       	5.865299e-19
1429.3        	5.863963e-19
1429.35       	5.862627e-19
1429.4        	5.861292e-19
1429.45       	5.859957e-19
1429.5        	5.858622e-19
1429.55       	5.857287e-19
1429.6        	5.855953e-19
1429.65       	5.854619e-19
1429.7        	5.853285e-19
1429.75       	5.851952e-19
1429.8        	5.850619e-19
1429.85       	5.849286e-19
1429.9        	5.847954e-19
1429.95       	5.846622e-19
1430          	5.845290e-19
1430.05       	5.843958e-19
1430.1        	5.842627e-19
1430.15       	5.841296e-19
1430.2        	5.839965e-19
1430.25       	5.838635e-19
1430.3        	5.837305e-19
1430.35       	5.835975e-19
1430.4        	5.834646e-19
1430.45       	5.833317e-19
1430.5        	5.831988e-19
1430.55       	5.830660e-19
1430.6        	5.829331e-19
1430.65       	5.828003e-19
1430.7        	5.826676e-19
1430.75       	5.825349e-19
1430.8        	5.824022e-19
1430.85       	5.822695e-19
1430.9        	5.821369e-19
1430.95       	5.820042e-19
1431          	5.818717e-19
1431.05       	5.817391e-19
1431.1        	5.816066e-19
1431.15       	5.814741e-19
1431.2        	5.813417e-19
1431.25       	5.812092e-19
1431.3        	5.810768e-19
1431.35       	5.809445e-19
1431.4        	5.808121e-19
1431.45       	5.806798e-19
1431.5        	5.805476e-19
1431.55       	5.804153e-19
1431.6        	5.802831e-19
1431.65       	5.801509e-19
1431.7        	5.800188e-19
1431.75       	5.798866e-19
1431.8        	5.797545e-19
1431.85       	5.796225e-19
1431.9        	5.794904e-19
1431.95       	5.793584e-19
1432          	5.792265e-19
1432.05       	5.790945e-19
1432.1        	5.789626e-19
1432.15       	5.788307e-19
1432.2        	5.786989e-19
1432.25       	5.785670e-19
1432.3        	5.784353e-19
1432.35       	5.783035e-19
1432.4        	5.781718e-19
1432.45       	5.780401e-19
1432.5        	5.779084e-19
1432.55       	5.777767e-19
1432.6        	5.776451e-19
1432.65       	5.775135e-19
1432.7        	5.773820e-19
1432.75       	5.772505e-19
1432.8        	5.771190e-19
1432.85       	5.769875e-19
1432.9        	5.768561e-19
1432.95       	5.767247e-19
1433          	5.765933e-19
1433.05       	5.764620e-19
1433.1        	5.763306e-19
1433.15       	5.761994e-19
1433.2        	5.760681e-19
1433.25       	5.759369e-19
1433.3        	5.758057e-19
1433.35       	5.756745e-19
1433.4        	5.755434e-19
1433.45       	5.754123e-19
1433.5        	5.752812e-19
1433.55       	5.751502e-19
1433.6        	5.750192e-19
1433.65       	5.748882e-19
1433.7        	5.747572e-19
1433.75       	5.746263e-19
1433.8        	5.744954e-19
1433.85       	5.743645e-19
1433.9        	5.742337e-19
1433.95       	5.741029e-19
1434          	5.739721e-19
1434.05       	5.738414e-19
1434.1        	5.737107e-19
1434.15       	5.735800e-19
1434.2        	5.734493e-19
1434.25       	5.733187e-19
1434.3        	5.731881e-19
1434.35       	5.730575e-19
1434.4        	5.729270e-19
1434.45       	5.727965e-19
1434.5        	5.726660e-19
1434.55       	5.725356e-19
1434.6        	5.724051e-19
1434.65       	5.722748e-19
1434.7        	5.721444e-19
1434.75       	5.720141e-19
1434.8        	5.718838e-19
1434.85       	5.717535e-19
1434.9        	5.716233e-19
1434.95       	5.714931e-19
1435          	5.713629e-19
1435.05       	5.712327e-19
1435.1        	5.711026e-19
1435.15       	5.709725e-19
1435.2        	5.708425e-19
1435.25       	5.707124e-19
1435.3        	5.705824e-19
1435.35       	5.704525e-19
1435.4        	5.703225e-19
1435.45       	5.701926e-19
1435.5        	5.700627e-19
1435.55       	5.699329e-19
1435.6        	5.698030e-19
1435.65       	5.696732e-19
1435.7        	5.695435e-19
1435.75       	5.694137e-19
1435.8        	5.692840e-19
1435.85       	5.691544e-19
1435.9        	5.690247e-19
1435.95       	5.688951e-19
1436          	5.687655e-19
1436.05       	5.686360e-19
1436.1        	5.685064e-19
1436.15       	5.683769e-19
1436.2        	5.682475e-19
1436.25       	5.681180e-19
1436.3        	5.679886e-19
1436.35       	5.678592e-19
1436.4        	5.677299e-19
1436.45       	5.676006e-19
1436.5        	5.674713e-19
1436.55       	5.673420e-19
1436.6        	5.672128e-19
1436.65       	5.670836e-19
1436.7        	5.669544e-19
1436.75       	5.668253e-19
1436.8        	5.666961e-19
1436.85       	5.665671e-19
1436.9        	5.664380e-19
1436.95       	5.663090e-19
1437          	5.661800e-19
1437.05       	5.660510e-19
1437.1        	5.659221e-19
1437.15       	5.657932e-19
1437.2        	5.656643e-19
1437.25       	5.655354e-19
1437.3        	5.654066e-19
1437.35       	5.652778e-19
1437.4        	5.651491e-19
1437.45       	5.650203e-19
1437.5        	5.648916e-19
1437.55       	5.647629e-19
1437.6        	5.646343e-19
1437.65       	5.645057e-19
1437.7        	5.643771e-19
1437.75       	5.642485e-19
1437.8        	5.641200e-19
1437.85       	5.639915e-19
1437.9        	5.638630e-19
1437.95       	5.637346e-19
1438          	5.636062e-19
1438.05       	5.634778e-19
1438.1        	5.633495e-19
1438.15       	5.632211e-19
1438.2        	5.630929e-19
1438.25       	5.629646e-19
1438.3        	5.628364e-19
1438.35       	5.627081e-19
1438.4        	5.625800e-19
1438.45       	5.624518e-19
1438.5        	5.623237e-19
1438.55       	5.621956e-19
1438.6        	5.620676e-19
1438.65       	5.619395e-19
1438.7        	5.618115e-19
1438.75       	5.616836e-19
1438.8        	5.615556e-19
1438.85       	5.614277e-19
1438.9        	5.612998e-19
1438.95       	5.611720e-19
1439          	5.610441e-19
1439.05       	5.609163e-19
1439.1        	5.607886e-19
1439.15       	5.606608e-19
1439.2        	5.605331e-19
1439.25       	5.604055e-19
1439.3        	5.602778e-19
1439.35       	5.601502e-19
1439.4        	5.600226e-19
1439.45       	5.598950e-19
1439.5        	5.597675e-19
1439.55       	5.596400e-19
1439.6        	5.595125e-19
1439.65       	5.593851e-19
1439.7        	5.592576e-19
1439.75       	5.591303e-19
1439.8        	5.590029e-19
1439.85       	5.588756e-19
1439.9        	5.587483e-19
1439.95       	5.586210e-19
1440          	5.584938e-19
1440.05       	5.583665e-19
1440.1        	5.582394e-19
1440.15       	5.581122e-19
1440.2        	5.579851e-19
1440.25       	5.578580e-19
1440.3        	5.577309e-19
1440.35       	5.576039e-19
1440.4        	5.574768e-19
1440.45       	5.573499e-19
1440.5        	5.572229e-19
1440.55       	5.570960e-19
1440.6        	5.569691e-19
1440.65       	5.568422e-19
1440.7        	5.567154e-19
1440.75       	5.565886e-19
1440.8        	5.564618e-19
1440.85       	5.563350e-19
1440.9        	5.562083e-19
1440.95       	5.560816e-19
1441          	5.559550e-19
1441.05       	5.558283e-19
1441.1        	5.557017e-19
1441.15       	5.555751e-19
1441.2        	5.554486e-19
1441.25       	5.553221e-19
1441.3        	5.551956e-19
1441.35       	5.550691e-19
1441.4        	5.549427e-19
1441.45       	5.548163e-19
1441.5        	5.546899e-19
1441.55       	5.545636e-19
1441.6        	5.544372e-19
1441.65       	5.543110e-19
1441.7        	5.541847e-19
1441.75       	5.540585e-19
1441.8        	5.539323e-19
1441.85       	5.538061e-19
1441.9        	5.536799e-19
1441.95       	5.535538e-19
1442          	5.534277e-19
1442.05       	5.533017e-19
1442.1        	5.531756e-19
1442.15       	5.530496e-19
1442.2        	5.529237e-19
1442.25       	5.527977e-19
1442.3        	5.526718e-19
1442.35       	5.525459e-19
1442.4        	5.524201e-19
1442.45       	5.522942e-19
1442.5        	5.521684e-19
1442.55       	5.520427e-19
1442.6        	5.519169e-19
1442.65       	5.517912e-19
1442.7        	5.516655e-19
1442.75       	5.515399e-19
1442.8        	5.514142e-19
1442.85       	5.512886e-19
1442.9        	5.511631e-19
1442.95       	5.510375e-19
1443          	5.509120e-19
1443.05       	5.507865e-19
1443.1        	5.506611e-19
1443.15       	5.505356e-19
1443.2        	5.504102e-19
1443.25       	5.502849e-19
1443.3        	5.501595e-19
1443.35       	5.500342e-19
1443.4        	5.499089e-19
1443.45       	5.497837e-19
1443.5        	5.496584e-19
1443.55       	5.495333e-19
1443.6        	5.494081e-19
1443.65       	5.492829e-19
1443.7        	5.491578e-19
1443.75       	5.490327e-19
1443.8        	5.489077e-19
1443.85       	5.487827e-19
1443.9        	5.486577e-19
1443.95       	5.485327e-19
1444          	5.484077e-19
1444.05       	5.482828e-19
1444.1        	5.481579e-19
1444.15       	5.480331e-19
1444.2        	5.479083e-19
1444.25       	5.477835e-19
1444.3        	5.476587e-19
1444.35       	5.475339e-19
1444.4        	5.474092e-19
1444.45       	5.472845e-19
1444.5        	5.471599e-19
1444.55       	5.470353e-19
1444.6        	5.469107e-19
1444.65       	5.467861e-19
1444.7        	5.466615e-19
1444.75       	5.465370e-19
1444.8        	5.464125e-19
1444.85       	5.462881e-19
1444.9        	5.461636e-19
1444.95       	5.460392e-19
1445          	5.459149e-19
1445.05       	5.457905e-19
1445.1        	5.456662e-19
1445.15       	5.455419e-19
1445.2        	5.454177e-19
1445.25       	5.452934e-19
1445.3        	5.451692e-19
1445.35       	5.450450e-19
1445.4        	5.449209e-19
1445.45       	5.447968e-19
1445.5        	5.446727e-19
1445.55       	5.445486e-19
1445.6        	5.444246e-19
1445.65       	5.443006e-19
1445.7        	5.441766e-19
1445.75       	5.440527e-19
1445.8        	5.439287e-19
1445.85       	5.438048e-19
1445.9        	5.436810e-19
1445.95       	5.435571e-19
1446          	5.434333e-19
1446.05       	5.433096e-19
1446.1        	5.431858e-19
1446.15       	5.430621e-19
1446.2        	5.429384e-19
1446.25       	5.428147e-19
1446.3        	5.426911e-19
1446.35       	5.425675e-19
1446.4        	5.424439e-19
1446.45       	5.423203e-19
1446.5        	5.421968e-19
1446.55       	5.420733e-19
1446.6        	5.419498e-19
1446.65       	5.418264e-19
1446.7        	5.417030e-19
1446.75       	5.415796e-19
1446.8        	5.414562e-19
1446.85       	5.413329e-19
1446.9        	5.412096e-19
1446.95       	5.410863e-19
1447          	5.409631e-19
1447.05       	5.408399e-19
1447.1        	5.407167e-19
1447.15       	5.405935e-19
1447.2        	5.404704e-19
1447.25       	5.403473e-19
1447.3        	5.402242e-19
1447.35       	5.401012e-19
1447.4        	5.399782e-19
1447.45       	5.398552e-19
1447.5        	5.397322e-19
1447.55       	5.396093e-19
1447.6        	5.394864e-19
1447.65       	5.393635e-19
1447.7        	5.392406e-19
1447.75       	5.391178e-19
1447.8        	5.389950e-19
1447.85       	5.388722e-19
1447.9        	5.387495e-19
1447.95       	5.386268e-19
1448          	5.385041e-19
1448.05       	5.383815e-19
1448.1        	5.382588e-19
1448.15       	5.381362e-19
1448.2        	5.380137e-19
1448.25       	5.378911e-19
1448.3        	5.377686e-19
1448.35       	5.376461e-19
1448.4        	5.375237e-19
1448.45       	5.374012e-19
1448.5        	5.372788e-19
1448.55       	5.371564e-19
1448.6        	5.370341e-19
1448.65       	5.369118e-19
1448.7        	5.367895e-19
1448.75       	5.366672e-19
1448.8        	5.365450e-19
1448.85       	5.364228e-19
1448.9        	5.363006e-19
1448.95       	5.361784e-19
1449          	5.360563e-19
1449.05       	5.359342e-19
1449.1        	5.358121e-19
1449.15       	5.356901e-19
1449.2        	5.355681e-19
1449.25       	5.354461e-19
1449.3        	5.353242e-19
1449.35       	5.352022e-19
1449.4        	5.350803e-19
1449.45       	5.349584e-19
1449.5        	5.348366e-19
1449.55       	5.347148e-19
1449.6        	5.345930e-19
1449.65       	5.344712e-19
1449.7        	5.343495e-19
1449.75       	5.342278e-19
1449.8        	5.341061e-19
1449.85       	5.339844e-19
1449.9        	5.338628e-19
1449.95       	5.337412e-19
1450          	5.336197e-19
1450.05       	5.334981e-19
1450.1        	5.333766e-19
1450.15       	5.332551e-19
1450.2        	5.331337e-19
1450.25       	5.330122e-19
1450.3        	5.328908e-19
1450.35       	5.327694e-19
1450.4        	5.326481e-19
1450.45       	5.325268e-19
1450.5        	5.324055e-19
1450.55       	5.322842e-19
1450.6        	5.321630e-19
1450.65       	5.320418e-19
1450.7        	5.319206e-19
1450.75       	5.317994e-19
1450.8        	5.316783e-19
1450.85       	5.315572e-19
1450.9        	5.314361e-19
1450.95       	5.313151e-19
1451          	5.311941e-19
1451.05       	5.310731e-19
1451.1        	5.309521e-19
1451.15       	5.308312e-19
1451.2        	5.307103e-19
1451.25       	5.305894e-19
1451.3        	5.304686e-19
1451.35       	5.303478e-19
1451.4        	5.302270e-19
1451.45       	5.301062e-19
1451.5        	5.299854e-19
1451.55       	5.298647e-19
1451.6        	5.297441e-19
1451.65       	5.296234e-19
1451.7        	5.295028e-19
1451.75       	5.293822e-19
1451.8        	5.292616e-19
1451.85       	5.291410e-19
1451.9        	5.290205e-19
1451.95       	5.289000e-19
1452          	5.287796e-19
1452.05       	5.286591e-19
1452.1        	5.285387e-19
1452.15       	5.284183e-19
1452.2        	5.282980e-19
1452.25       	5.281776e-19
1452.3        	5.280573e-19
1452.35       	5.279371e-19
1452.4        	5.278168e-19
1452.45       	5.276966e-19
1452.5        	5.275764e-19
1452.55       	5.274563e-19
1452.6        	5.273361e-19
1452.65       	5.272160e-19
1452.7        	5.270959e-19
1452.75       	5.269759e-19
1452.8        	5.268559e-19
1452.85       	5.267359e-19
1452.9        	5.266159e-19
1452.95       	5.264959e-19
1453          	5.263760e-19
1453.05       	5.262561e-19
1453.1        	5.261363e-19
1453.15       	5.260164e-19
1453.2        	5.258966e-19
1453.25       	5.257768e-19
1453.3        	5.256571e-19
1453.35       	5.255374e-19
1453.4        	5.254177e-19
1453.45       	5.252980e-19
1453.5        	5.251784e-19
1453.55       	5.250587e-19
1453.6        	5.249392e-19
1453.65       	5.248196e-19
1453.7        	5.247001e-19
1453.75       	5.245805e-19
1453.8        	5.244611e-19
1453.85       	5.243416e-19
1453.9        	5.242222e-19
1453.95       	5.241028e-19
1454          	5.239834e-19
1454.05       	5.238641e-19
1454.1        	5.237448e-19
1454.15       	5.236255e-19
1454.2        	5.235062e-19
1454.25       	5.233870e-19
1454.3        	5.232678e-19
1454.35       	5.231486e-19
1454.4        	5.230294e-19
1454.45       	5.229103e-19
1454.5        	5.227912e-19
1454.55       	5.226721e-19
1454.6        	5.225531e-19
1454.65       	5.224341e-19
1454.7        	5.223151e-19
1454.75       	5.221961e-19
1454.8        	5.220772e-19
1454.85       	5.219583e-19
1454.9        	5.218394e-19
1454.95       	5.217205e-19
1455          	5.216017e-19
1455.05       	5.214829e-19
1455.1        	5.213641e-19
1455.15       	5.212454e-19
1455.2        	5.211267e-19
1455.25       	5.210080e-19
1455.3        	5.208893e-19
1455.35       	5.207707e-19
1455.4        	5.206521e-19
1455.45       	5.205335e-19
1455.5        	5.204149e-19
1455.55       	5.202964e-19
1455.6        	5.201779e-19
1455.65       	5.200594e-19
1455.7        	5.199410e-19
1455.75       	5.198225e-19
1455.8        	5.197041e-19
1455.85       	5.195858e-19
1455.9        	5.194674e-19
1455.95       	5.193491e-19
1456          	5.192308e-19
1456.05       	5.191126e-19
1456.1        	5.189943e-19
1456.15       	5.188761e-19
1456.2        	5.187580e-19
1456.25       	5.186398e-19
1456.3        	5.185217e-19
1456.35       	5.184036e-19
1456.4        	5.182855e-19
1456.45       	5.181675e-19
1456.5        	5.180494e-19
1456.55       	5.179315e-19
1456.6        	5.178135e-19
1456.65       	5.176956e-19
1456.7        	5.175776e-19
1456.75       	5.174598e-19
1456.8        	5.173419e-19
1456.85       	5.172241e-19
1456.9        	5.171063e-19
1456.95       	5.169885e-19
1457          	5.168707e-19
1457.05       	5.167530e-19
1457.1        	5.166353e-19
1457.15       	5.165177e-19
1457.2        	5.164000e-19
1457.25       	5.162824e-19
1457.3        	5.161648e-19
1457.35       	5.160473e-19
1457.4        	5.159297e-19
1457.45       	5.158122e-19
1457.5        	5.156947e-19
1457.55       	5.155773e-19
1457.6        	5.154599e-19
1457.65       	5.153425e-19
1457.7        	5.152251e-19
1457.75       	5.151077e-19
1457.8        	5.149904e-19
1457.85       	5.148731e-19
1457.9        	5.147559e-19
1457.95       	5.146386e-19
1458          	5.145214e-19
1458.05       	5.144042e-19
1458.1        	5.142871e-19
1458.15       	5.141699e-19
1458.2        	5.140528e-19
1458.25       	5.139357e-19
1458.3        	5.138187e-19
1458.35       	5.137017e-19
1458.4        	5.135847e-19
1458.45       	5.134677e-19
1458.5        	5.133507e-19
1458.55       	5.132338e-19
1458.6        	5.131169e-19
1458.65       	5.130001e-19
1458.7        	5.128832e-19
1458.75       	5.127664e-19
1458.8        	5.126496e-19
1458.85       	5.125329e-19
1458.9        	5.124161e-19
1458.95       	5.122994e-19
1459          	5.121828e-19
1459.05       	5.120661e-19
1459.1        	5.119495e-19
1459.15       	5.118329e-19
1459.2        	5.117163e-19
1459.25       	5.115998e-19
1459.3        	5.114832e-19
1459.35       	5.113667e-19
1459.4        	5.112503e-19
1459.45       	5.111338e-19
1459.5        	5.110174e-19
1459.55       	5.109010e-19
1459.6        	5.107847e-19
1459.65       	5.106683e-19
1459.7        	5.105520e-19
1459.75       	5.104358e-19
1459.8        	5.103195e-19
1459.85       	5.102033e-19
1459.9        	5.100871e-19
1459.95       	5.099709e-19
1460          	5.098547e-19
1460.05       	5.097386e-19
1460.1        	5.096225e-19
1460.15       	5.095065e-19
1460.2        	5.093904e-19
1460.25       	5.092744e-19
1460.3        	5.091584e-19
1460.35       	5.090424e-19
1460.4        	5.089265e-19
1460.45       	5.088106e-19
1460.5        	5.086947e-19
1460.55       	5.085789e-19
1460.6        	5.084630e-19
1460.65       	5.083472e-19
1460.7        	5.082314e-19
1460.75       	5.081157e-19
1460.8        	5.080000e-19
1460.85       	5.078843e-19
1460.9        	5.077686e-19
1460.95       	5.076529e-19
1461          	5.075373e-19
1461.05       	5.074217e-19
1461.1        	5.073062e-19
1461.15       	5.071906e-19
1461.2        	5.070751e-19
1461.25       	5.069596e-19
1461.3        	5.068442e-19
1461.35       	5.067287e-19
1461.4        	5.066133e-19
1461.45       	5.064979e-19
1461.5        	5.063826e-19
1461.55       	5.062672e-19
1461.6        	5.061519e-19
1461.65       	5.060367e-19
1461.7        	5.059214e-19
1461.75       	5.058062e-19
1461.8        	5.056910e-19
1461.85       	5.055758e-19
1461.9        	5.054607e-19
1461.95       	5.053456e-19
1462          	5.052305e-19
1462.05       	5.051154e-19
1462.1        	5.050004e-19
1462.15       	5.048853e-19
1462.2        	5.047703e-19
1462.25       	5.046554e-19
1462.3        	5.045404e-19
1462.35       	5.044255e-19
1462.4        	5.043107e-19
1462.45       	5.041958e-19
1462.5        	5.040810e-19
1462.55       	5.039662e-19
1462.6        	5.038514e-19
1462.65       	5.037366e-19
1462.7        	5.036219e-19
1462.75       	5.035072e-19
1462.8        	5.033925e-19
1462.85       	5.032779e-19
1462.9        	5.031633e-19
1462.95       	5.030487e-19
1463          	5.029341e-19
1463.05       	5.028195e-19
1463.1        	5.027050e-19
1463.15       	5.025905e-19
1463.2        	5.024761e-19
1463.25       	5.023616e-19
1463.3        	5.022472e-19
1463.35       	5.021328e-19
1463.4        	5.020185e-19
1463.45       	5.019041e-19
1463.5        	5.017898e-19
1463.55       	5.016755e-19
1463.6        	5.015613e-19
1463.65       	5.014471e-19
1463.7        	5.013328e-19
1463.75       	5.012187e-19
1463.8        	5.011045e-19
1463.85       	5.009904e-19
1463.9        	5.008763e-19
1463.95       	5.007622e-19
1464          	5.006482e-19
1464.05       	5.005341e-19
1464.1        	5.004201e-19
1464.15       	5.003062e-19
1464.2        	5.001922e-19
1464.25       	5.000783e-19
1464.3        	4.999644e-19
1464.35       	4.998506e-19
1464.4        	4.997367e-19
1464.45       	4.996229e-19
1464.5        	4.995091e-19
1464.55       	4.993953e-19
1464.6        	4.992816e-19
1464.65       	4.991679e-19
1464.7        	4.990542e-19
1464.75       	4.989406e-19
1464.8        	4.988269e-19
1464.85       	4.987133e-19
1464.9        	4.985997e-19
1464.95       	4.984862e-19
1465          	4.983726e-19
1465.05       	4.982591e-19
1465.1        	4.981457e-19
1465.15       	4.980322e-19
1465.2        	4.979188e-19
1465.25       	4.978054e-19
1465.3        	4.976920e-19
1465.35       	4.975787e-19
1465.4        	4.974653e-19
1465.45       	4.973520e-19
1465.5        	4.972388e-19
1465.55       	4.971255e-19
1465.6        	4.970123e-19
1465.65       	4.968991e-19
1465.7        	4.967859e-19
1465.75       	4.966728e-19
1465.8        	4.965597e-19
1465.85       	4.964466e-19
1465.9        	4.963335e-19
1465.95       	4.962205e-19
1466          	4.961075e-19
1466.05       	4.959945e-19
1466.1        	4.958815e-19
1466.15       	4.957686e-19
1466.2        	4.956557e-19
1466.25       	4.955428e-19
1466.3        	4.954299e-19
1466.35       	4.953171e-19
1466.4        	4.952043e-19
1466.45       	4.950915e-19
1466.5        	4.949788e-19
1466.55       	4.948660e-19
1466.6        	4.947533e-19
1466.65       	4.946407e-19
1466.7        	4.945280e-19
1466.75       	4.944154e-19
1466.8        	4.943028e-19
1466.85       	4.941902e-19
1466.9        	4.940776e-19
1466.95       	4.939651e-19
1467          	4.938526e-19
1467.05       	4.937401e-19
1467.1        	4.936277e-19
1467.15       	4.935153e-19
1467.2        	4.934029e-19
1467.25       	4.932905e-19
1467.3        	4.931782e-19
1467.35       	4.930658e-19
1467.4        	4.929536e-19
1467.45       	4.928413e-19
1467.5        	4.927290e-19
1467.55       	4.926168e-19
1467.6        	4.925046e-19
1467.65       	4.923925e-19
1467.7        	4.922803e-19
1467.75       	4.921682e-19
1467.8        	4.920561e-19
1467.85       	4.919441e-19
1467.9        	4.918320e-19
1467.95       	4.917200e-19
1468          	4.916080e-19
1468.05       	4.914961e-19
1468.1        	4.913841e-19
1468.15       	4.912722e-19
1468.2        	4.911603e-19
1468.25       	4.910485e-19
1468.3        	4.909366e-19
1468.35       	4.908248e-19
1468.4        	4.907130e-19
1468.45       	4.906013e-19
1468.5        	4.904896e-19
1468.55       	4.903778e-19
1468.6        	4.902662e-19
1468.65       	4.901545e-19
1468.7        	4.900429e-19
1468.75       	4.899313e-19
1468.8        	4.898197e-19
1468.85       	4.897081e-19
1468.9        	4.895966e-19
1468.95       	4.894851e-19
1469          	4.893736e-19
1469.05       	4.892622e-19
1469.1        	4.891508e-19
1469.15       	4.890394e-19
1469.2        	4.889280e-19
1469.25       	4.888166e-19
1469.3        	4.887053e-19
1469.35       	4.885940e-19
1469.4        	4.884827e-19
1469.45       	4.883715e-19
1469.5        	4.882603e-19
1469.55       	4.881491e-19
1469.6        	4.880379e-19
1469.65       	4.879267e-19
1469.7        	4.878156e-19
1469.75       	4.877045e-19
1469.8        	4.875935e-19
1469.85       	4.874824e-19
1469.9        	4.873714e-19
1469.95       	4.872604e-19
1470          	4.871494e-19
1470.05       	4.870385e-19
1470.1        	4.869276e-19
1470.15       	4.868167e-19
1470.2        	4.867058e-19
1470.25       	4.865949e-19
1470.3        	4.864841e-19
1470.35       	4.863733e-19
1470.4        	4.862626e-19
1470.45       	4.861518e-19
1470.5        	4.860411e-19
1470.55       	4.859304e-19
1470.6        	4.858197e-19
1470.65       	4.857091e-19
1470.7        	4.855985e-19
1470.75       	4.854879e-19
1470.8        	4.853773e-19
1470.85       	4.852668e-19
1470.9        	4.851563e-19
1470.95       	4.850458e-19
1471          	4.849353e-19
1471.05       	4.848249e-19
1471.1        	4.847145e-19
1471.15       	4.846041e-19
1471.2        	4.844937e-19
1471.25       	4.843834e-19
1471.3        	4.842731e-19
1471.35       	4.841628e-19
1471.4        	4.840525e-19
1471.45       	4.839423e-19
1471.5        	4.838321e-19
1471.55       	4.837219e-19
1471.6        	4.836117e-19
1471.65       	4.835016e-19
1471.7        	4.833915e-19
1471.75       	4.832814e-19
1471.8        	4.831713e-19
1471.85       	4.830613e-19
1471.9        	4.829512e-19
1471.95       	4.828413e-19
1472          	4.827313e-19
1472.05       	4.826214e-19
1472.1        	4.825114e-19
1472.15       	4.824016e-19
1472.2        	4.822917e-19
1472.25       	4.821819e-19
1472.3        	4.820721e-19
1472.35       	4.819623e-19
1472.4        	4.818525e-19
1472.45       	4.817428e-19
1472.5        	4.816331e-19
1472.55       	4.815234e-19
1472.6        	4.814137e-19
1472.65       	4.813041e-19
1472.7        	4.811945e-19
1472.75       	4.810849e-19
1472.8        	4.809753e-19
1472.85       	4.808658e-19
1472.9        	4.807563e-19
1472.95       	4.806468e-19
1473          	4.805373e-19
1473.05       	4.804279e-19
1473.1        	4.803185e-19
1473.15       	4.802091e-19
1473.2        	4.800997e-19
1473.25       	4.799904e-19
1473.3        	4.798811e-19
1473.35       	4.797718e-19
1473.4        	4.796625e-19
1473.45       	4.795533e-19
1473.5        	4.794441e-19
1473.55       	4.793349e-19
1473.6        	4.792257e-19
1473.65       	4.791166e-19
1473.7        	4.790075e-19
1473.75       	4.788984e-19
1473.8        	4.787893e-19
1473.85       	4.786803e-19
1473.9        	4.785712e-19
1473.95       	4.784623e-19
1474          	4.783533e-19
1474.05       	4.782444e-19
1474.1        	4.781354e-19
1474.15       	4.780266e-19
1474.2        	4.779177e-19
1474.25       	4.778088e-19
1474.3        	4.777000e-19
1474.35       	4.775912e-19
1474.4        	4.774825e-19
1474.45       	4.773737e-19
1474.5        	4.772650e-19
1474.55       	4.771563e-19
1474.6        	4.770477e-19
1474.65       	4.769390e-19
1474.7        	4.768304e-19
1474.75       	4.767218e-19
1474.8        	4.766132e-19
1474.85       	4.765047e-19
1474.9        	4.763962e-19
1474.95       	4.762877e-19
1475          	4.761792e-19
1475.05       	4.760708e-19
1475.1        	4.759624e-19
1475.15       	4.758540e-19
1475.2        	4.757456e-19
1475.25       	4.756372e-19
1475.3        	4.755289e-19
1475.35       	4.754206e-19
1475.4        	4.753124e-19
1475.45       	4.752041e-19
1475.5        	4.750959e-19
1475.55       	4.749877e-19
1475.6        	4.748795e-19
1475.65       	4.747714e-19
1475.7        	4.746633e-19
1475.75       	4.745552e-19
1475.8        	4.744471e-19
1475.85       	4.743390e-19
1475.9        	4.742310e-19
1475.95       	4.741230e-19
1476          	4.740150e-19
1476.05       	4.739071e-19
1476.1        	4.737992e-19
1476.15       	4.736913e-19
1476.2        	4.735834e-19
1476.25       	4.734755e-19
1476.3        	4.733677e-19
1476.35       	4.732599e-19
1476.4        	4.731521e-19
1476.45       	4.730444e-19
1476.5        	4.729366e-19
1476.55       	4.728289e-19
1476.6        	4.727213e-19
1476.65       	4.726136e-19
1476.7        	4.725060e-19
1476.75       	4.723984e-19
1476.8        	4.722908e-19
1476.85       	4.721832e-19
1476.9        	4.720757e-19
1476.95       	4.719682e-19
1477          	4.718607e-19
1477.05       	4.717532e-19
1477.1        	4.716458e-19
1477.15       	4.715384e-19
1477.2        	4.714310e-19
1477.25       	4.713237e-19
1477.3        	4.712163e-19
1477.35       	4.711090e-19
1477.4        	4.710017e-19
1477.45       	4.708945e-19
1477.5        	4.707872e-19
1477.55       	4.706800e-19
1477.6        	4.705728e-19
1477.65       	4.704656e-19
1477.7        	4.703585e-19
1477.75       	4.702514e-19
1477.8        	4.701443e-19
1477.85       	4.700372e-19
1477.9        	4.699302e-19
1477.95       	4.698232e-19
1478          	4.697162e-19
1478.05       	4.696092e-19
1478.1        	4.695023e-19
1478.15       	4.693953e-19
1478.2        	4.692884e-19
1478.25       	4.691816e-19
1478.3        	4.690747e-19
1478.35       	4.689679e-19
1478.4        	4.688611e-19
1478.45       	4.687543e-19
1478.5        	4.686476e-19
1478.55       	4.685408e-19
1478.6        	4.684341e-19
1478.65       	4.683275e-19
1478.7        	4.682208e-19
1478.75       	4.681142e-19
1478.8        	4.680076e-19
1478.85       	4.679010e-19
1478.9        	4.677944e-19
1478.95       	4.676879e-19
1479          	4.675814e-19
1479.05       	4.674749e-19
1479.1        	4.673685e-19
1479.15       	4.672620e-19
1479.2        	4.671556e-19
1479.25       	4.670492e-19
1479.3        	4.669429e-19
1479.35       	4.668365e-19
1479.4        	4.667302e-19
1479.45       	4.666239e-19
1479.5        	4.665177e-19
1479.55       	4.664114e-19
1479.6        	4.663052e-19
1479.65       	4.661990e-19
1479.7        	4.660928e-19
1479.75       	4.659867e-19
1479.8        	4.658806e-19
1479.85       	4.657745e-19
1479.9        	4.656684e-19
1479.95       	4.655624e-19
1480          	4.654563e-19
1480.05       	4.653503e-19
1480.1        	4.652444e-19
1480.15       	4.651384e-19
1480.2        	4.650325e-19
1480.25       	4.649266e-19
1480.3        	4.648207e-19
1480.35       	4.647148e-19
1480.4        	4.646090e-19
1480.45       	4.645032e-19
1480.5        	4.643974e-19
1480.55       	4.642917e-19
1480.6        	4.641859e-19
1480.65       	4.640802e-19
1480.7        	4.639745e-19
1480.75       	4.638689e-19
1480.8        	4.637632e-19
1480.85       	4.636576e-19
1480.9        	4.635520e-19
1480.95       	4.634465e-19
1481          	4.633409e-19
1481.05       	4.632354e-19
1481.1        	4.631299e-19
1481.15       	4.630245e-19
1481.2        	4.629190e-19
1481.25       	4.628136e-19
1481.3        	4.627082e-19
1481.35       	4.626028e-19
1481.4        	4.624975e-19
1481.45       	4.623922e-19
1481.5        	4.622869e-19
1481.55       	4.621816e-19
1481.6        	4.620763e-19
1481.65       	4.619711e-19
1481.7        	4.618659e-19
1481.75       	4.617607e-19
1481.8        	4.616556e-19
1481.85       	4.615504e-19
1481.9        	4.614453e-19
1481.95       	4.613402e-19
1482          	4.612352e-19
1482.05       	4.611301e-19
1482.1        	4.610251e-19
1482.15       	4.609201e-19
1482.2        	4.608152e-19
1482.25       	4.607102e-19
1482.3        	4.606053e-19
1482.35       	4.605004e-19
1482.4        	4.603955e-19
1482.45       	4.602907e-19
1482.5        	4.601859e-19
1482.55       	4.600811e-19
1482.6        	4.599763e-19
1482.65       	4.598716e-19
1482.7        	4.597668e-19
1482.75       	4.596621e-19
1482.8        	4.595575e-19
1482.85       	4.594528e-19
1482.9        	4.593482e-19
1482.95       	4.592436e-19
1483          	4.591390e-19
1483.05       	4.590344e-19
1483.1        	4.589299e-19
1483.15       	4.588254e-19
1483.2        	4.587209e-19
1483.25       	4.586164e-19
1483.3        	4.585120e-19
1483.35       	4.584076e-19
1483.4        	4.583032e-19
1483.45       	4.581988e-19
1483.5        	4.580945e-19
1483.55       	4.579901e-19
1483.6        	4.578858e-19
1483.65       	4.577816e-19
1483.7        	4.576773e-19
1483.75       	4.575731e-19
1483.8        	4.574689e-19
1483.85       	4.573647e-19
1483.9        	4.572606e-19
1483.95       	4.571564e-19
1484          	4.570523e-19
1484.05       	4.569482e-19
1484.1        	4.568442e-19
1484.15       	4.567401e-19
1484.2        	4.566361e-19
1484.25       	4.565321e-19
1484.3        	4.564282e-19
1484.35       	4.563242e-19
1484.4        	4.562203e-19
1484.45       	4.561164e-19
1484.5        	4.560126e-19
1484.55       	4.559087e-19
1484.6        	4.558049e-19
1484.65       	4.557011e-19
1484.7        	4.555973e-19
1484.75       	4.554936e-19
1484.8        	4.553898e-19
1484.85       	4.552861e-19
1484.9        	4.551825e-19
1484.95       	4.550788e-19
1485          	4.549752e-19
1485.05       	4.548716e-19
1485.1        	4.547680e-19
1485.15       	4.546644e-19
1485.2        	4.545609e-19
1485.25       	4.544574e-19
1485.3        	4.543539e-19
1485.35       	4.542504e-19
1485.4        	4.541470e-19
1485.45       	4.540435e-19
1485.5        	4.539401e-19
1485.55       	4.538368e-19
1485.6        	4.537334e-19
1485.65       	4.536301e-19
1485.7        	4.535268e-19
1485.75       	4.534235e-19
1485.8        	4.533202e-19
1485.85       	4.532170e-19
1485.9        	4.531138e-19
1485.95       	4.530106e-19
1486          	4.529075e-19
1486.05       	4.528043e-19
1486.1        	4.527012e-19
1486.15       	4.525981e-19
1486.2        	4.524950e-19
1486.25       	4.523920e-19
1486.3        	4.522890e-19
1486.35       	4.521860e-19
1486.4        	4.520830e-19
1486.45       	4.519801e-19
1486.5        	4.518771e-19
1486.55       	4.517742e-19
1486.6        	4.516714e-19
1486.65       	4.515685e-19
1486.7        	4.514657e-19
1486.75       	4.513629e-19
1486.8        	4.512601e-19
1486.85       	4.511573e-19
1486.9        	4.510546e-19
1486.95       	4.509519e-19
1487          	4.508492e-19
1487.05       	4.507465e-19
1487.1        	4.506438e-19
1487.15       	4.505412e-19
1487.2        	4.504386e-19
1487.25       	4.503360e-19
1487.3        	4.502335e-19
1487.35       	4.501310e-19
1487.4        	4.500285e-19
1487.45       	4.499260e-19
1487.5        	4.498235e-19
1487.55       	4.497211e-19
1487.6        	4.496187e-19
1487.65       	4.495163e-19
1487.7        	4.494139e-19
1487.75       	4.493116e-19
1487.8        	4.492093e-19
1487.85       	4.491070e-19
1487.9        	4.490047e-19
1487.95       	4.489024e-19
1488          	4.488002e-19
1488.05       	4.486980e-19
1488.1        	4.485958e-19
1488.15       	4.484937e-19
1488.2        	4.483916e-19
1488.25       	4.482894e-19
1488.3        	4.481874e-19
1488.35       	4.480853e-19
1488.4        	4.479833e-19
1488.45       	4.478812e-19
1488.5        	4.477793e-19
1488.55       	4.476773e-19
1488.6        	4.475753e-19
1488.65       	4.474734e-19
1488.7        	4.473715e-19
1488.75       	4.472696e-19
1488.8        	4.471678e-19
1488.85       	4.470660e-19
1488.9        	4.469641e-19
1488.95       	4.468624e-19
1489          	4.467606e-19
1489.05       	4.466589e-19
1489.1        	4.465572e-19
1489.15       	4.464555e-19
1489.2        	4.463538e-19
1489.25       	4.462522e-19
1489.3        	4.461505e-19
1489.35       	4.460489e-19
1489.4        	4.459474e-19
1489.45       	4.458458e-19
1489.5        	4.457443e-19
1489.55       	4.456428e-19
1489.6        	4.455413e-19
1489.65       	4.454398e-19
1489.7        	4.453384e-19
1489.75       	4.452370e-19
1489.8        	4.451356e-19
1489.85       	4.450342e-19
1489.9        	4.449329e-19
1489.95       	4.448316e-19
1490          	4.447303e-19
1490.05       	4.446290e-19
1490.1        	4.445277e-19
1490.15       	4.444265e-19
1490.2        	4.443253e-19
1490.25       	4.442241e-19
1490.3        	4.441230e-19
1490.35       	4.440218e-19
1490.4        	4.439207e-19
1490.45       	4.438196e-19
1490.5        	4.437186e-19
1490.55       	4.436175e-19
1490.6        	4.435165e-19
1490.65       	4.434155e-19
1490.7        	4.433145e-19
1490.75       	4.432136e-19
1490.8        	4.431127e-19
1490.85       	4.430117e-19
1490.9        	4.429109e-19
1490.95       	4.428100e-19
1491          	4.427092e-19
1491.05       	4.426084e-19
1491.1        	4.425076e-19
1491.15       	4.424068e-19
1491.2        	4.423061e-19
1491.25       	4.422053e-19
1491.3        	4.421046e-19
1491.35       	4.420040e-19
1491.4        	4.419033e-19
1491.45       	4.418027e-19
1491.5        	4.417021e-19
1491.55       	4.416015e-19
1491.6        	4.415009e-19
1491.65       	4.414004e-19
1491.7        	4.412999e-19
1491.75       	4.411994e-19
1491.8        	4.410989e-19
1491.85       	4.409985e-19
1491.9        	4.408980e-19
1491.95       	4.407976e-19
1492          	4.406973e-19
1492.05       	4.405969e-19
1492.1        	4.404966e-19
1492.15       	4.403963e-19
1492.2        	4.402960e-19
1492.25       	4.401957e-19
1492.3        	4.400955e-19
1492.35       	4.399953e-19
1492.4        	4.398951e-19
1492.45       	4.397949e-19
1492.5        	4.396947e-19
1492.55       	4.395946e-19
1492.6        	4.394945e-19
1492.65       	4.393944e-19
1492.7        	4.392944e-19
1492.75       	4.391943e-19
1492.8        	4.390943e-19
1492.85       	4.389943e-19
1492.9        	4.388944e-19
1492.95       	4.387944e-19
1493          	4.386945e-19
1493.05       	4.385946e-19
1493.1        	4.384947e-19
1493.15       	4.383949e-19
1493.2        	4.382951e-19
1493.25       	4.381953e-19
1493.3        	4.380955e-19
1493.35       	4.379957e-19
1493.4        	4.378960e-19
1493.45       	4.377963e-19
1493.5        	4.376966e-19
1493.55       	4.375969e-19
1493.6        	4.374972e-19
1493.65       	4.373976e-19
1493.7        	4.372980e-19
1493.75       	4.371984e-19
1493.8        	4.370989e-19
1493.85       	4.369993e-19
1493.9        	4.368998e-19
1493.95       	4.368003e-19
1494          	4.367009e-19
1494.05       	4.366014e-19
1494.1        	4.365020e-19
1494.15       	4.364026e-19
1494.2        	4.363032e-19
1494.25       	4.362039e-19
1494.3        	4.361046e-19
1494.35       	4.360052e-19
1494.4        	4.359060e-19
1494.45       	4.358067e-19
1494.5        	4.357075e-19
1494.55       	4.356082e-19
1494.6        	4.355090e-19
1494.65       	4.354099e-19
1494.7        	4.353107e-19
1494.75       	4.352116e-19
1494.8        	4.351125e-19
1494.85       	4.350134e-19
1494.9        	4.349144e-19
1494.95       	4.348153e-19
1495          	4.347163e-19
1495.05       	4.346173e-19
1495.1        	4.345183e-19
1495.15       	4.344194e-19
1495.2        	4.343205e-19
1495.25       	4.342216e-19
1495.3        	4.341227e-19
1495.35       	4.340238e-19
1495.4        	4.339250e-19
1495.45       	4.338262e-19
1495.5        	4.337274e-19
1495.55       	4.336286e-19
1495.6        	4.335299e-19
1495.65       	4.334312e-19
1495.7        	4.333325e-19
1495.75       	4.332338e-19
1495.8        	4.331351e-19
1495.85       	4.330365e-19
1495.9        	4.329379e-19
1495.95       	4.328393e-19
1496          	4.327408e-19
1496.05       	4.326422e-19
1496.1        	4.325437e-19
1496.15       	4.324452e-19
1496.2        	4.323467e-19
1496.25       	4.322483e-19
1496.3        	4.321499e-19
1496.35       	4.320514e-19
1496.4        	4.319531e-19
1496.45       	4.318547e-19
1496.5        	4.317564e-19
1496.55       	4.316580e-19
1496.6        	4.315598e-19
1496.65       	4.314615e-19
1496.7        	4.313632e-19
1496.75       	4.312650e-19
1496.8        	4.311668e-19
1496.85       	4.310686e-19
1496.9        	4.309705e-19
1496.95       	4.308723e-19
1497          	4.307742e-19
1497.05       	4.306761e-19
1497.1        	4.305780e-19
1497.15       	4.304800e-19
1497.2        	4.303820e-19
1497.25       	4.302840e-19
1497.3        	4.301860e-19
1497.35       	4.300880e-19
1497.4        	4.299901e-19
1497.45       	4.298922e-19
1497.5        	4.297943e-19
1497.55       	4.296964e-19
1497.6        	4.295986e-19
1497.65       	4.295007e-19
1497.7        	4.294029e-19
1497.75       	4.293052e-19
1497.8        	4.292074e-19
1497.85       	4.291097e-19
1497.9        	4.290120e-19
1497.95       	4.289143e-19
1498          	4.288166e-19
1498.05       	4.287190e-19
1498.1        	4.286213e-19
1498.15       	4.285237e-19
1498.2        	4.284261e-19
1498.25       	4.283286e-19
1498.3        	4.282311e-19
1498.35       	4.281335e-19
1498.4        	4.280360e-19
1498.45       	4.279386e-19
1498.5        	4.278411e-19
1498.55       	4.277437e-19
1498.6        	4.276463e-19
1498.65       	4.275489e-19
1498.7        	4.274516e-19
1498.75       	4.273542e-19
1498.8        	4.272569e-19
1498.85       	4.271596e-19
1498.9        	4.270624e-19
1498.95       	4.269651e-19
1499          	4.268679e-19
1499.05       	4.267707e-19
1499.1        	4.266735e-19
1499.15       	4.265764e-19
1499.2        	4.264792e-19
1499.25       	4.263821e-19
1499.3        	4.262850e-19
1499.35       	4.261879e-19
1499.4        	4.260909e-19
1499.45       	4.259939e-19
1499.5        	4.258969e-19
1499.55       	4.257999e-19
1499.6        	4.257029e-19
1499.65       	4.256060e-19
1499.7        	4.255091e-19
1499.75       	4.254122e-19
1499.8        	4.253153e-19
1499.85       	4.252185e-19
1499.9        	4.251216e-19
1499.95       	4.250248e-19
1500          	4.249281e-19
1500.05       	4.248313e-19
1500.1        	4.247346e-19
1500.15       	4.246378e-19
1500.2        	4.245411e-19
1500.25       	4.244445e-19
1500.3        	4.243478e-19
1500.35       	4.242512e-19
1500.4        	4.241546e-19
1500.45       	4.240580e-19
1500.5        	4.239614e-19
1500.55       	4.238649e-19
1500.6        	4.237684e-19
1500.65       	4.236719e-19
1500.7        	4.235754e-19
1500.75       	4.234790e-19
1500.8        	4.233825e-19
1500.85       	4.232861e-19
1500.9        	4.231897e-19
1500.95       	4.230934e-19
1501          	4.229970e-19
1501.05       	4.229007e-19
1501.1        	4.228044e-19
1501.15       	4.227081e-19
1501.2        	4.226119e-19
1501.25       	4.225157e-19
1501.3        	4.224195e-19
1501.35       	4.223233e-19
1501.4        	4.222271e-19
1501.45       	4.221310e-19
1501.5        	4.220348e-19
1501.55       	4.219387e-19
1501.6        	4.218427e-19
1501.65       	4.217466e-19
1501.7        	4.216506e-19
1501.75       	4.215545e-19
1501.8        	4.214586e-19
1501.85       	4.213626e-19
1501.9        	4.212666e-19
1501.95       	4.211707e-19
1502          	4.210748e-19
1502.05       	4.209789e-19
1502.1        	4.208831e-19
1502.15       	4.207872e-19
1502.2        	4.206914e-19
1502.25       	4.205956e-19
1502.3        	4.204999e-19
1502.35       	4.204041e-19
1502.4        	4.203084e-19
1502.45       	4.202127e-19
1502.5        	4.201170e-19
1502.55       	4.200213e-19
1502.6        	4.199257e-19
1502.65       	4.198301e-19
1502.7        	4.197345e-19
1502.75       	4.196389e-19
1502.8        	4.195433e-19
1502.85       	4.194478e-19
1502.9        	4.193523e-19
1502.95       	4.192568e-19
1503          	4.191613e-19
1503.05       	4.190659e-19
1503.1        	4.189705e-19
1503.15       	4.188751e-19
1503.2        	4.187797e-19
1503.25       	4.186843e-19
1503.3        	4.185890e-19
1503.35       	4.184937e-19
1503.4        	4.183984e-19
1503.45       	4.183031e-19
1503.5        	4.182079e-19
1503.55       	4.181126e-19
1503.6        	4.180174e-19
1503.65       	4.179222e-19
1503.7        	4.178271e-19
1503.75       	4.177319e-19
1503.8        	4.176368e-19
1503.85       	4.175417e-19
1503.9        	4.174466e-19
1503.95       	4.173516e-19
1504          	4.172565e-19
1504.05       	4.171615e-19
1504.1        	4.170665e-19
1504.15       	4.169716e-19
1504.2        	4.168766e-19
1504.25       	4.167817e-19
1504.3        	4.166868e-19
1504.35       	4.165919e-19
1504.4        	4.164971e-19
1504.45       	4.164022e-19
1504.5        	4.163074e-19
1504.55       	4.162126e-19
1504.6        	4.161178e-19
1504.65       	4.160231e-19
1504.7        	4.159284e-19
1504.75       	4.158337e-19
1504.8        	4.157390e-19
1504.85       	4.156443e-19
1504.9        	4.155497e-19
1504.95       	4.154550e-19
1505          	4.153604e-19
1505.05       	4.152659e-19
1505.1        	4.151713e-19
1505.15       	4.150768e-19
1505.2        	4.149822e-19
1505.25       	4.148878e-19
1505.3        	4.147933e-19
1505.35       	4.146988e-19
1505.4        	4.146044e-19
1505.45       	4.145100e-19
1505.5        	4.144156e-19
1505.55       	4.143213e-19
1505.6        	4.142269e-19
1505.65       	4.141326e-19
1505.7        	4.140383e-19
1505.75       	4.139440e-19
1505.8        	4.138498e-19
1505.85       	4.137555e-19
1505.9        	4.136613e-19
1505.95       	4.135671e-19
1506          	4.134729e-19
1506.05       	4.133788e-19
1506.1        	4.132847e-19
1506.15       	4.131906e-19
1506.2        	4.130965e-19
1506.25       	4.130024e-19
1506.3        	4.129084e-19
1506.35       	4.128144e-19
1506.4        	4.127204e-19
1506.45       	4.126264e-19
1506.5        	4.125324e-19
1506.55       	4.124385e-19
1506.6        	4.123446e-19
1506.65       	4.122507e-19
1506.7        	4.121568e-19
1506.75       	4.120630e-19
1506.8        	4.119691e-19
1506.85       	4.118753e-19
1506.9        	4.117815e-19
1506.95       	4.116878e-19
1507          	4.115940e-19
1507.05       	4.115003e-19
1507.1        	4.114066e-19
1507.15       	4.113129e-19
1507.2        	4.112193e-19
1507.25       	4.111257e-19
1507.3        	4.110320e-19
1507.35       	4.109384e-19
1507.4        	4.108449e-19
1507.45       	4.107513e-19
1507.5        	4.106578e-19
1507.55       	4.105643e-19
1507.6        	4.104708e-19
1507.65       	4.103773e-19
1507.7        	4.102839e-19
1507.75       	4.101905e-19
1507.8        	4.100971e-19
1507.85       	4.100037e-19
1507.9        	4.099103e-19
1507.95       	4.098170e-19
1508          	4.097237e-19
1508.05       	4.096304e-19
1508.1        	4.095371e-19
1508.15       	4.094439e-19
1508.2        	4.093506e-19
1508.25       	4.092574e-19
1508.3        	4.091642e-19
1508.35       	4.090711e-19
1508.4        	4.089779e-19
1508.45       	4.088848e-19
1508.5        	4.087917e-19
1508.55       	4.086986e-19
1508.6        	4.086056e-19
1508.65       	4.085125e-19
1508.7        	4.084195e-19
1508.75       	4.083265e-19
1508.8        	4.082335e-19
1508.85       	4.081406e-19
1508.9        	4.080476e-19
1508.95       	4.079547e-19
1509          	4.078618e-19
1509.05       	4.077690e-19
1509.1        	4.076761e-19
1509.15       	4.075833e-19
1509.2        	4.074905e-19
1509.25       	4.073977e-19
1509.3        	4.073049e-19
1509.35       	4.072122e-19
1509.4        	4.071195e-19
1509.45       	4.070268e-19
1509.5        	4.069341e-19
1509.55       	4.068414e-19
1509.6        	4.067488e-19
1509.65       	4.066562e-19
1509.7        	4.065636e-19
1509.75       	4.064710e-19
1509.8        	4.063785e-19
1509.85       	4.062859e-19
1509.9        	4.061934e-19
1509.95       	4.061009e-19
1510          	4.060085e-19
1510.05       	4.059160e-19
1510.1        	4.058236e-19
1510.15       	4.057312e-19
1510.2        	4.056388e-19
1510.25       	4.055464e-19
1510.3        	4.054541e-19
1510.35       	4.053618e-19
1510.4        	4.052695e-19
1510.45       	4.051772e-19
1510.5        	4.050849e-19
1510.55       	4.049927e-19
1510.6        	4.049005e-19
1510.65       	4.048083e-19
1510.7        	4.047161e-19
1510.75       	4.046240e-19
1510.8        	4.045318e-19
1510.85       	4.044397e-19
1510.9        	4.043476e-19
1510.95       	4.042556e-19
1511          	4.041635e-19
1511.05       	4.040715e-19
1511.1        	4.039795e-19
1511.15       	4.038875e-19
1511.2        	4.037955e-19
1511.25       	4.037036e-19
1511.3        	4.036117e-19
1511.35       	4.035198e-19
1511.4        	4.034279e-19
1511.45       	4.033360e-19
1511.5        	4.032442e-19
1511.55       	4.031524e-19
1511.6        	4.030606e-19
1511.65       	4.029688e-19
1511.7        	4.028770e-19
1511.75       	4.027853e-19
1511.8        	4.026936e-19
1511.85       	4.026019e-19
1511.9        	4.025102e-19
1511.95       	4.024186e-19
1512          	4.023270e-19
1512.05       	4.022353e-19
1512.1        	4.021438e-19
1512.15       	4.020522e-19
1512.2        	4.019606e-19
1512.25       	4.018691e-19
1512.3        	4.017776e-19
1512.35       	4.016861e-19
1512.4        	4.015947e-19
1512.45       	4.015032e-19
1512.5        	4.014118e-19
1512.55       	4.013204e-19
1512.6        	4.012290e-19
1512.65       	4.011377e-19
1512.7        	4.010463e-19
1512.75       	4.009550e-19
1512.8        	4.008637e-19
1512.85       	4.007725e-19
1512.9        	4.006812e-19
1512.95       	4.005900e-19
1513          	4.004988e-19
1513.05       	4.004076e-19
1513.1        	4.003164e-19
1513.15       	4.002252e-19
1513.2        	4.001341e-19
1513.25       	4.000430e-19
1513.3        	3.999519e-19
1513.35       	3.998609e-19
1513.4        	3.997698e-19
1513.45       	3.996788e-19
1513.5        	3.995878e-19
1513.55       	3.994968e-19
1513.6        	3.994058e-19
1513.65       	3.993149e-19
1513.7        	3.992240e-19
1513.75       	3.991331e-19
1513.8        	3.990422e-19
1513.85       	3.989513e-19
1513.9        	3.988605e-19
1513.95       	3.987697e-19
1514          	3.986789e-19
1514.05       	3.985881e-19
1514.1        	3.984973e-19
1514.15       	3.984066e-19
1514.2        	3.983159e-19
1514.25       	3.982252e-19
1514.3        	3.981345e-19
1514.35       	3.980439e-19
1514.4        	3.979532e-19
1514.45       	3.978626e-19
1514.5        	3.977720e-19
1514.55       	3.976815e-19
1514.6        	3.975909e-19
1514.65       	3.975004e-19
1514.7        	3.974099e-19
1514.75       	3.973194e-19
1514.8        	3.972289e-19
1514.85       	3.971385e-19
1514.9        	3.970481e-19
1514.95       	3.969576e-19
1515          	3.968673e-19
1515.05       	3.967769e-19
1515.1        	3.966866e-19
1515.15       	3.965962e-19
1515.2        	3.965059e-19
1515.25       	3.964157e-19
1515.3        	3.963254e-19
1515.35       	3.962351e-19
1515.4        	3.961449e-19
1515.45       	3.960547e-19
1515.5        	3.959646e-19
1515.55       	3.958744e-19
1515.6        	3.957843e-19
1515.65       	3.956941e-19
1515.7        	3.956040e-19
1515.75       	3.955140e-19
1515.8        	3.954239e-19
1515.85       	3.953339e-19
1515.9        	3.952439e-19
1515.95       	3.951539e-19
1516          	3.950639e-19
1516.05       	3.949739e-19
1516.1        	3.948840e-19
1516.15       	3.947941e-19
1516.2        	3.947042e-19
1516.25       	3.946143e-19
1516.3        	3.945245e-19
1516.35       	3.944347e-19
1516.4        	3.943449e-19
1516.45       	3.942551e-19
1516.5        	3.941653e-19
1516.55       	3.940755e-19
1516.6        	3.939858e-19
1516.65       	3.938961e-19
1516.7        	3.938064e-19
1516.75       	3.937168e-19
1516.8        	3.936271e-19
1516.85       	3.935375e-19
1516.9        	3.934479e-19
1516.95       	3.933583e-19
1517          	3.932687e-19
1517.05       	3.931792e-19
1517.1        	3.930897e-19
1517.15       	3.930002e-19
1517.2        	3.929107e-19
1517.25       	3.928212e-19
1517.3        	3.927318e-19
1517.35       	3.926424e-19
1517.4        	3.925530e-19
1517.45       	3.924636e-19
1517.5        	3.923742e-19
1517.55       	3.922849e-19
1517.6        	3.921956e-19
1517.65       	3.921063e-19
1517.7        	3.920170e-19
1517.75       	3.919277e-19
1517.8        	3.918385e-19
1517.85       	3.917493e-19
1517.9        	3.916601e-19
1517.95       	3.915709e-19
1518          	3.914817e-19
1518.05       	3.913926e-19
1518.1        	3.913035e-19
1518.15       	3.912144e-19
1518.2        	3.911253e-19
1518.25       	3.910363e-19
1518.3        	3.909472e-19
1518.35       	3.908582e-19
1518.4        	3.907692e-19
1518.45       	3.906802e-19
1518.5        	3.905913e-19
1518.55       	3.905024e-19
1518.6        	3.904134e-19
1518.65       	3.903246e-19
1518.7        	3.902357e-19
1518.75       	3.901468e-19
1518.8        	3.900580e-19
1518.85       	3.899692e-19
1518.9        	3.898804e-19
1518.95       	3.897916e-19
1519          	3.897029e-19
1519.05       	3.896141e-19
1519.1        	3.895254e-19
1519.15       	3.894367e-19
1519.2        	3.893481e-19
1519.25       	3.892594e-19
1519.3        	3.891708e-19
1519.35       	3.890822e-19
1519.4        	3.889936e-19
1519.45       	3.889050e-19
1519.5        	3.888165e-19
1519.55       	3.887279e-19
1519.6        	3.886394e-19
1519.65       	3.885509e-19
1519.7        	3.884625e-19
1519.75       	3.883740e-19
1519.8        	3.882856e-19
1519.85       	3.881972e-19
1519.9        	3.881088e-19
1519.95       	3.880204e-19
1520          	3.879321e-19
1520.05       	3.878438e-19
1520.1        	3.877555e-19
1520.15       	3.876672e-19
1520.2        	3.875789e-19
1520.25       	3.874907e-19
1520.3        	3.874024e-19
1520.35       	3.873142e-19
1520.4        	3.872260e-19
1520.45       	3.871379e-19
1520.5        	3.870497e-19
1520.55       	3.869616e-19
1520.6        	3.868735e-19
1520.65       	3.867854e-19
1520.7        	3.866973e-19
1520.75       	3.866093e-19
1520.8        	3.865213e-19
1520.85       	3.864333e-19
1520.9        	3.863453e-19
1520.95       	3.862573e-19
1521          	3.861694e-19
1521.05       	3.860814e-19
1521.1        	3.859935e-19
1521.15       	3.859057e-19
1521.2        	3.858178e-19
1521.25       	3.857299e-19
1521.3        	3.856421e-19
1521.35       	3.855543e-19
1521.4        	3.854665e-19
1521.45       	3.853788e-19
1521.5        	3.852910e-19
1521.55       	3.852033e-19
1521.6        	3.851156e-19
1521.65       	3.850279e-19
1521.7        	3.849402e-19
1521.75       	3.848526e-19
1521.8        	3.847650e-19
1521.85       	3.846774e-19
1521.9        	3.845898e-19
1521.95       	3.845022e-19
1522          	3.844147e-19
1522.05       	3.843271e-19
1522.1        	3.842396e-19
1522.15       	3.841522e-19
1522.2        	3.840647e-19
1522.25       	3.839772e-19
1522.3        	3.838898e-19
1522.35       	3.838024e-19
1522.4        	3.837150e-19
1522.45       	3.836277e-19
1522.5        	3.835403e-19
1522.55       	3.834530e-19
1522.6        	3.833657e-19
1522.65       	3.832784e-19
1522.7        	3.831911e-19
1522.75       	3.831039e-19
1522.8        	3.830167e-19
1522.85       	3.829294e-19
1522.9        	3.828423e-19
1522.95       	3.827551e-19
1523          	3.826679e-19
1523.05       	3.825808e-19
1523.1        	3.824937e-19
1523.15       	3.824066e-19
1523.2        	3.823196e-19
1523.25       	3.822325e-19
1523.3        	3.821455e-19
1523.35       	3.820585e-19
1523.4        	3.819715e-19
1523.45       	3.818845e-19
1523.5        	3.817976e-19
1523.55       	3.817106e-19
1523.6        	3.816237e-19
1523.65       	3.815368e-19
1523.7        	3.814500e-19
1523.75       	3.813631e-19
1523.8        	3.812763e-19
1523.85       	3.811895e-19
1523.9        	3.811027e-19
1523.95       	3.810159e-19
1524          	3.809292e-19
1524.05       	3.808424e-19
1524.1        	3.807557e-19
1524.15       	3.806690e-19
1524.2        	3.805824e-19
1524.25       	3.804957e-19
1524.3        	3.804091e-19
1524.35       	3.803225e-19
1524.4        	3.802359e-19
1524.45       	3.801493e-19
1524.5        	3.800627e-19
1524.55       	3.799762e-19
1524.6        	3.798897e-19
1524.65       	3.798032e-19
1524.7        	3.797167e-19
1524.75       	3.796303e-19
1524.8        	3.795438e-19
1524.85       	3.794574e-19
1524.9        	3.793710e-19
1524.95       	3.792847e-19
1525          	3.791983e-19
1525.05       	3.791120e-19
1525.1        	3.790256e-19
1525.15       	3.789394e-19
1525.2        	3.788531e-19
1525.25       	3.787668e-19
1525.3        	3.786806e-19
1525.35       	3.785944e-19
1525.4        	3.785082e-19
1525.45       	3.784220e-19
1525.5        	3.783358e-19
1525.55       	3.782497e-19
1525.6        	3.781636e-19
1525.65       	3.780775e-19
1525.7        	3.779914e-19
1525.75       	3.779053e-19
1525.8        	3.778193e-19
1525.85       	3.777333e-19
1525.9        	3.776473e-19
1525.95       	3.775613e-19
1526          	3.774753e-19
1526.05       	3.773894e-19
1526.1        	3.773034e-19
1526.15       	3.772175e-19
1526.2        	3.771317e-19
1526.25       	3.770458e-19
1526.3        	3.769599e-19
1526.35       	3.768741e-19
1526.4        	3.767883e-19
1526.45       	3.767025e-19
1526.5        	3.766168e-19
1526.55       	3.765310e-19
1526.6        	3.764453e-19
1526.65       	3.763596e-19
1526.7        	3.762739e-19
1526.75       	3.761882e-19
1526.8        	3.761026e-19
1526.85       	3.760169e-19
1526.9        	3.759313e-19
1526.95       	3.758457e-19
1527          	3.757602e-19
1527.05       	3.756746e-19
1527.1        	3.755891e-19
1527.15       	3.755036e-19
1527.2        	3.754181e-19
1527.25       	3.753326e-19
1527.3        	3.752471e-19
1527.35       	3.751617e-19
1527.4        	3.750763e-19
1527.45       	3.749909e-19
1527.5        	3.749055e-19
1527.55       	3.748201e-19
1527.6        	3.747348e-19
1527.65       	3.746495e-19
1527.7        	3.745642e-19
1527.75       	3.744789e-19
1527.8        	3.743936e-19
1527.85       	3.743084e-19
1527.9        	3.742232e-19
1527.95       	3.741380e-19
1528          	3.740528e-19
1528.05       	3.739676e-19
1528.1        	3.738825e-19
1528.15       	3.737974e-19
1528.2        	3.737123e-19
1528.25       	3.736272e-19
1528.3        	3.735421e-19
1528.35       	3.734571e-19
1528.4        	3.733720e-19
1528.45       	3.732870e-19
1528.5        	3.732020e-19
1528.55       	3.731171e-19
1528.6        	3.730321e-19
1528.65       	3.729472e-19
1528.7        	3.728623e-19
1528.75       	3.727774e-19
1528.8        	3.726925e-19
1528.85       	3.726077e-19
1528.9        	3.725228e-19
1528.95       	3.724380e-19
1529          	3.723532e-19
1529.05       	3.722684e-19
1529.1        	3.721837e-19
1529.15       	3.720989e-19
1529.2        	3.720142e-19
1529.25       	3.719295e-19
1529.3        	3.718448e-19
1529.35       	3.717602e-19
1529.4        	3.716755e-19
1529.45       	3.715909e-19
1529.5        	3.715063e-19
1529.55       	3.714217e-19
1529.6        	3.713372e-19
1529.65       	3.712526e-19
1529.7        	3.711681e-19
1529.75       	3.710836e-19
1529.8        	3.709991e-19
1529.85       	3.709146e-19
1529.9        	3.708302e-19
1529.95       	3.707458e-19
1530          	3.706613e-19
1530.05       	3.705770e-19
1530.1        	3.704926e-19
1530.15       	3.704082e-19
1530.2        	3.703239e-19
1530.25       	3.702396e-19
1530.3        	3.701553e-19
1530.35       	3.700710e-19
1530.4        	3.699868e-19
1530.45       	3.699025e-19
1530.5        	3.698183e-19
1530.55       	3.697341e-19
1530.6        	3.696499e-19
1530.65       	3.695658e-19
1530.7        	3.694816e-19
1530.75       	3.693975e-19
1530.8        	3.693134e-19
1530.85       	3.692293e-19
1530.9        	3.691453e-19
1530.95       	3.690612e-19
1531          	3.689772e-19
1531.05       	3.688932e-19
1531.1        	3.688092e-19
1531.15       	3.687252e-19
1531.2        	3.686413e-19
1531.25       	3.685573e-19
1531.3        	3.684734e-19
1531.35       	3.683895e-19
1531.4        	3.683057e-19
1531.45       	3.682218e-19
1531.5        	3.681380e-19
1531.55       	3.680542e-19
1531.6        	3.679704e-19
1531.65       	3.678866e-19
1531.7        	3.678028e-19
1531.75       	3.677191e-19
1531.8        	3.676354e-19
1531.85       	3.675517e-19
1531.9        	3.674680e-19
1531.95       	3.673843e-19
1532          	3.673007e-19
1532.05       	3.672171e-19
1532.1        	3.671335e-19
1532.15       	3.670499e-19
1532.2        	3.669663e-19
1532.25       	3.668827e-19
1532.3        	3.667992e-19
1532.35       	3.667157e-19
1532.4        	3.666322e-19
1532.45       	3.665487e-19
1532.5        	3.664653e-19
1532.55       	3.663819e-19
1532.6        	3.662984e-19
1532.65       	3.662150e-19
1532.7        	3.661317e-19
1532.75       	3.660483e-19
1532.8        	3.659650e-19
1532.85       	3.658817e-19
1532.9        	3.657983e-19
1532.95       	3.657151e-19
1533          	3.656318e-19
1533.05       	3.655486e-19
1533.1        	3.654653e-19
1533.15       	3.653821e-19
1533.2        	3.652989e-19
1533.25       	3.652158e-19
1533.3        	3.651326e-19
1533.35       	3.650495e-19
1533.4        	3.649664e-19
1533.45       	3.648833e-19
1533.5        	3.648002e-19
1533.55       	3.647172e-19
1533.6        	3.646341e-19
1533.65       	3.645511e-19
1533.7        	3.644681e-19
1533.75       	3.643851e-19
1533.8        	3.643022e-19
1533.85       	3.642192e-19
1533.9        	3.641363e-19
1533.95       	3.640534e-19
1534          	3.639705e-19
1534.05       	3.638877e-19
1534.1        	3.638048e-19
1534.15       	3.637220e-19
1534.2        	3.636392e-19
1534.25       	3.635564e-19
1534.3        	3.634736e-19
1534.35       	3.633909e-19
1534.4        	3.633081e-19
1534.45       	3.632254e-19
1534.5        	3.631427e-19
1534.55       	3.630600e-19
1534.6        	3.629774e-19
1534.65       	3.628947e-19
1534.7        	3.628121e-19
1534.75       	3.627295e-19
1534.8        	3.626469e-19
1534.85       	3.625644e-19
1534.9        	3.624818e-19
1534.95       	3.623993e-19
1535          	3.623168e-19
1535.05       	3.622343e-19
1535.1        	3.621518e-19
1535.15       	3.620694e-19
1535.2        	3.619869e-19
1535.25       	3.619045e-19
1535.3        	3.618221e-19
1535.35       	3.617398e-19
1535.4        	3.616574e-19
1535.45       	3.615751e-19
1535.5        	3.614927e-19
1535.55       	3.614104e-19
1535.6        	3.613282e-19
1535.65       	3.612459e-19
1535.7        	3.611637e-19
1535.75       	3.610814e-19
1535.8        	3.609992e-19
1535.85       	3.609170e-19
1535.9        	3.608349e-19
1535.95       	3.607527e-19
1536          	3.606706e-19
1536.05       	3.605885e-19
1536.1        	3.605064e-19
1536.15       	3.604243e-19
1536.2        	3.603422e-19
1536.25       	3.602602e-19
1536.3        	3.601782e-19
1536.35       	3.600962e-19
1536.4        	3.600142e-19
1536.45       	3.599322e-19
1536.5        	3.598503e-19
1536.55       	3.597684e-19
1536.6        	3.596865e-19
1536.65       	3.596046e-19
1536.7        	3.595227e-19
1536.75       	3.594408e-19
1536.8        	3.593590e-19
1536.85       	3.592772e-19
1536.9        	3.591954e-19
1536.95       	3.591136e-19
1537          	3.590319e-19
1537.05       	3.589501e-19
1537.1        	3.588684e-19
1537.15       	3.587867e-19
1537.2        	3.587050e-19
1537.25       	3.586233e-19
1537.3        	3.585417e-19
1537.35       	3.584601e-19
1537.4        	3.583785e-19
1537.45       	3.582969e-19
1537.5        	3.582153e-19
1537.55       	3.581337e-19
1537.6        	3.580522e-19
1537.65       	3.579707e-19
1537.7        	3.578892e-19
1537.75       	3.578077e-19
1537.8        	3.577263e-19
1537.85       	3.576448e-19
1537.9        	3.575634e-19
1537.95       	3.574820e-19
1538          	3.574006e-19
1538.05       	3.573192e-19
1538.1        	3.572379e-19
1538.15       	3.571565e-19
1538.2        	3.570752e-19
1538.25       	3.569939e-19
1538.3        	3.569127e-19
1538.35       	3.568314e-19
1538.4        	3.567502e-19
1538.45       	3.566689e-19
1538.5        	3.565877e-19
1538.55       	3.565066e-19
1538.6        	3.564254e-19
1538.65       	3.563443e-19
1538.7        	3.562631e-19
1538.75       	3.561820e-19
1538.8        	3.561009e-19
1538.85       	3.560199e-19
1538.9        	3.559388e-19
1538.95       	3.558578e-19
1539          	3.557767e-19
1539.05       	3.556957e-19
1539.1        	3.556148e-19
1539.15       	3.555338e-19
1539.2        	3.554529e-19
1539.25       	3.553719e-19
1539.3        	3.552910e-19
1539.35       	3.552101e-19
1539.4        	3.551293e-19
1539.45       	3.550484e-19
1539.5        	3.549676e-19
1539.55       	3.548868e-19
1539.6        	3.548060e-19
1539.65       	3.547252e-19
1539.7        	3.546445e-19
1539.75       	3.545637e-19
1539.8        	3.544830e-19
1539.85       	3.544023e-19
1539.9        	3.543216e-19
1539.95       	3.542409e-19
1540          	3.541603e-19
1540.05       	3.540797e-19
1540.1        	3.539990e-19
1540.15       	3.539185e-19
1540.2        	3.538379e-19
1540.25       	3.537573e-19
1540.3        	3.536768e-19
1540.35       	3.535963e-19
1540.4        	3.535158e-19
1540.45       	3.534353e-19
1540.5        	3.533548e-19
1540.55       	3.532744e-19
1540.6        	3.531939e-19
1540.65       	3.531135e-19
1540.7        	3.530331e-19
1540.75       	3.529528e-19
1540.8        	3.528724e-19
1540.85       	3.527921e-19
1540.9        	3.527118e-19
1540.95       	3.526315e-19
1541          	3.525512e-19
1541.05       	3.524709e-19
1541.1        	3.523907e-19
1541.15       	3.523104e-19
1541.2        	3.522302e-19
1541.25       	3.521500e-19
1541.3        	3.520699e-19
1541.35       	3.519897e-19
1541.4        	3.519096e-19
1541.45       	3.518295e-19
1541.5        	3.517494e-19
1541.55       	3.516693e-19
1541.6        	3.515892e-19
1541.65       	3.515092e-19
1541.7        	3.514292e-19
1541.75       	3.513492e-19
1541.8        	3.512692e-19
1541.85       	3.511892e-19
1541.9        	3.511092e-19
1541.95       	3.510293e-19
1542          	3.509494e-19
1542.05       	3.508695e-19
1542.1        	3.507896e-19
1542.15       	3.507098e-19
1542.2        	3.506299e-19
1542.25       	3.505501e-19
1542.3        	3.504703e-19
1542.35       	3.503905e-19
1542.4        	3.503107e-19
1542.45       	3.502310e-19
1542.5        	3.501512e-19
1542.55       	3.500715e-19
1542.6        	3.499918e-19
1542.65       	3.499121e-19
1542.7        	3.498325e-19
1542.75       	3.497528e-19
1542.8        	3.496732e-19
1542.85       	3.495936e-19
1542.9        	3.495140e-19
1542.95       	3.494344e-19
1543          	3.493549e-19
1543.05       	3.492754e-19
1543.1        	3.491958e-19
1543.15       	3.491163e-19
1543.2        	3.490369e-19
1543.25       	3.489574e-19
1543.3        	3.488780e-19
1543.35       	3.487985e-19
1543.4        	3.487191e-19
1543.45       	3.486397e-19
1543.5        	3.485604e-19
1543.55       	3.484810e-19
1543.6        	3.484017e-19
1543.65       	3.483224e-19
1543.7        	3.482431e-19
1543.75       	3.481638e-19
1543.8        	3.480845e-19
1543.85       	3.480053e-19
1543.9        	3.479260e-19
1543.95       	3.478468e-19
1544          	3.477676e-19
1544.05       	3.476885e-19
1544.1        	3.476093e-19
1544.15       	3.475302e-19
1544.2        	3.474511e-19
1544.25       	3.473720e-19
1544.3        	3.472929e-19
1544.35       	3.472138e-19
1544.4        	3.471348e-19
1544.45       	3.470557e-19
1544.5        	3.469767e-19
1544.55       	3.468977e-19
1544.6        	3.468188e-19
1544.65       	3.467398e-19
1544.7        	3.466609e-19
1544.75       	3.465819e-19
1544.8        	3.465030e-19
1544.85       	3.464241e-19
1544.9        	3.463453e-19
1544.95       	3.462664e-19
1545          	3.461876e-19
1545.05       	3.461088e-19
1545.1        	3.460300e-19
1545.15       	3.459512e-19
1545.2        	3.458725e-19
1545.25       	3.457937e-19
1545.3        	3.457150e-19
1545.35       	3.456363e-19
1545.4        	3.455576e-19
1545.45       	3.454789e-19
1545.5        	3.454003e-19
1545.55       	3.453217e-19
1545.6        	3.452430e-19
1545.65       	3.451644e-19
1545.7        	3.450859e-19
1545.75       	3.450073e-19
1545.8        	3.449288e-19
1545.85       	3.448502e-19
1545.9        	3.447717e-19
1545.95       	3.446932e-19
1546          	3.446148e-19
1546.05       	3.445363e-19
1546.1        	3.444579e-19
1546.15       	3.443794e-19
1546.2        	3.443010e-19
1546.25       	3.442227e-19
1546.3        	3.441443e-19
1546.35       	3.440660e-19
1546.4        	3.439876e-19
1546.45       	3.439093e-19
1546.5        	3.438310e-19
1546.55       	3.437527e-19
1546.6        	3.436745e-19
1546.65       	3.435962e-19
1546.7        	3.435180e-19
1546.75       	3.434398e-19
1546.8        	3.433616e-19
1546.85       	3.432835e-19
1546.9        	3.432053e-19
1546.95       	3.431272e-19
1547          	3.430491e-19
1547.05       	3.429710e-19
1547.1        	3.428929e-19
1547.15       	3.428148e-19
1547.2        	3.427368e-19
1547.25       	3.426588e-19
1547.3        	3.425808e-19
1547.35       	3.425028e-19
1547.4        	3.424248e-19
1547.45       	3.423468e-19
1547.5        	3.422689e-19
1547.55       	3.421910e-19
1547.6        	3.421131e-19
1547.65       	3.420352e-19
1547.7        	3.419573e-19
1547.75       	3.418795e-19
1547.8        	3.418016e-19
1547.85       	3.417238e-19
1547.9        	3.416460e-19
1547.95       	3.415683e-19
1548          	3.414905e-19
1548.05       	3.414128e-19
1548.1        	3.413350e-19
1548.15       	3.412573e-19
1548.2        	3.411796e-19
1548.25       	3.411020e-19
1548.3        	3.410243e-19
1548.35       	3.409467e-19
1548.4        	3.408691e-19
1548.45       	3.407915e-19
1548.5        	3.407139e-19
1548.55       	3.406363e-19
1548.6        	3.405588e-19
1548.65       	3.404812e-19
1548.7        	3.404037e-19
1548.75       	3.403262e-19
1548.8        	3.402487e-19
1548.85       	3.401713e-19
1548.9        	3.400938e-19
1548.95       	3.400164e-19
1549          	3.399390e-19
1549.05       	3.398616e-19
1549.1        	3.397843e-19
1549.15       	3.397069e-19
1549.2        	3.396296e-19
1549.25       	3.395523e-19
1549.3        	3.394750e-19
1549.35       	3.393977e-19
1549.4        	3.393204e-19
1549.45       	3.392432e-19
1549.5        	3.391659e-19
1549.55       	3.390887e-19
1549.6        	3.390115e-19
1549.65       	3.389343e-19
1549.7        	3.388572e-19
1549.75       	3.387800e-19
1549.8        	3.387029e-19
1549.85       	3.386258e-19
1549.9        	3.385487e-19
1549.95       	3.384716e-19
1550          	3.383946e-19
1550.05       	3.383176e-19
1550.1        	3.382405e-19
1550.15       	3.381635e-19
1550.2        	3.380866e-19
1550.25       	3.380096e-19
1550.3        	3.379326e-19
1550.35       	3.378557e-19
1550.4        	3.377788e-19
1550.45       	3.377019e-19
1550.5        	3.376250e-19
1550.55       	3.375482e-19
1550.6        	3.374713e-19
1550.65       	3.373945e-19
1550.7        	3.373177e-19
1550.75       	3.372409e-19
1550.8        	3.371641e-19
1550.85       	3.370874e-19
1550.9        	3.370106e-19
1550.95       	3.369339e-19
1551          	3.368572e-19
1551.05       	3.367805e-19
1551.1        	3.367038e-19
1551.15       	3.366272e-19
1551.2        	3.365506e-19
1551.25       	3.364739e-19
1551.3        	3.363973e-19
1551.35       	3.363208e-19
1551.4        	3.362442e-19
1551.45       	3.361676e-19
1551.5        	3.360911e-19
1551.55       	3.360146e-19
1551.6        	3.359381e-19
1551.65       	3.358616e-19
1551.7        	3.357852e-19
1551.75       	3.357087e-19
1551.8        	3.356323e-19
1551.85       	3.355559e-19
1551.9        	3.354795e-19
1551.95       	3.354031e-19
1552          	3.353268e-19
1552.05       	3.352504e-19
1552.1        	3.351741e-19
1552.15       	3.350978e-19
1552.2        	3.350215e-19
1552.25       	3.349453e-19
1552.3        	3.348690e-19
1552.35       	3.347928e-19
1552.4        	3.347166e-19
1552.45       	3.346404e-19
1552.5        	3.345642e-19
1552.55       	3.344880e-19
1552.6        	3.344119e-19
1552.65       	3.343358e-19
1552.7        	3.342596e-19
1552.75       	3.341836e-19
1552.8        	3.341075e-19
1552.85       	3.340314e-19
1552.9        	3.339554e-19
1552.95       	3.338793e-19
1553          	3.338033e-19
1553.05       	3.337274e-19
1553.1        	3.336514e-19
1553.15       	3.335754e-19
1553.2        	3.334995e-19
1553.25       	3.334236e-19
1553.3        	3.333477e-19
1553.35       	3.332718e-19
1553.4        	3.331959e-19
1553.45       	3.331201e-19
1553.5        	3.330442e-19
1553.55       	3.329684e-19
1553.6        	3.328926e-19
1553.65       	3.328168e-19
1553.7        	3.327411e-19
1553.75       	3.326653e-19
1553.8        	3.325896e-19
1553.85       	3.325139e-19
1553.9        	3.324382e-19
1553.95       	3.323625e-19
1554          	3.322868e-19
1554.05       	3.322112e-19
1554.1        	3.321356e-19
1554.15       	3.320599e-19
1554.2        	3.319844e-19
1554.25       	3.319088e-19
1554.3        	3.318332e-19
1554.35       	3.317577e-19
1554.4        	3.316822e-19
1554.45       	3.316066e-19
1554.5        	3.315312e-19
1554.55       	3.314557e-19
1554.6        	3.313802e-19
1554.65       	3.313048e-19
1554.7        	3.312294e-19
1554.75       	3.311540e-19
1554.8        	3.310786e-19
1554.85       	3.310032e-19
1554.9        	3.309279e-19
1554.95       	3.308525e-19
1555          	3.307772e-19
1555.05       	3.307019e-19
1555.1        	3.306266e-19
1555.15       	3.305514e-19
1555.2        	3.304761e-19
1555.25       	3.304009e-19
1555.3        	3.303257e-19
1555.35       	3.302505e-19
1555.4        	3.301753e-19
1555.45       	3.301001e-19
1555.5        	3.300250e-19
1555.55       	3.299498e-19
1555.6        	3.298747e-19
1555.65       	3.297996e-19
1555.7        	3.297246e-19
1555.75       	3.296495e-19
1555.8        	3.295745e-19
1555.85       	3.294994e-19
1555.9        	3.294244e-19
1555.95       	3.293494e-19
1556          	3.292745e-19
1556.05       	3.291995e-19
1556.1        	3.291246e-19
1556.15       	3.290496e-19
1556.2        	3.289747e-19
1556.25       	3.288998e-19
1556.3        	3.288250e-19
1556.35       	3.287501e-19
1556.4        	3.286753e-19
1556.45       	3.286004e-19
1556.5        	3.285256e-19
1556.55       	3.284509e-19
1556.6        	3.283761e-19
1556.65       	3.283013e-19
1556.7        	3.282266e-19
1556.75       	3.281519e-19
1556.8        	3.280772e-19
1556.85       	3.280025e-19
1556.9        	3.279278e-19
1556.95       	3.278532e-19
1557          	3.277785e-19
1557.05       	3.277039e-19
1557.1        	3.276293e-19
1557.15       	3.275547e-19
1557.2        	3.274802e-19
1557.25       	3.274056e-19
1557.3        	3.273311e-19
1557.35       	3.272566e-19
1557.4        	3.271821e-19
1557.45       	3.271076e-19
1557.5        	3.270331e-19
1557.55       	3.269587e-19
1557.6        	3.268843e-19
1557.65       	3.268098e-19
1557.7        	3.267354e-19
1557.75       	3.266611e-19
1557.8        	3.265867e-19
1557.85       	3.265124e-19
1557.9        	3.264380e-19
1557.95       	3.263637e-19
1558          	3.262894e-19
1558.05       	3.262151e-19
1558.1        	3.261409e-19
1558.15       	3.260666e-19
1558.2        	3.259924e-19
1558.25       	3.259182e-19
1558.3        	3.258440e-19
1558.35       	3.257698e-19
1558.4        	3.256957e-19
1558.45       	3.256215e-19
1558.5        	3.255474e-19
1558.55       	3.254733e-19
1558.6        	3.253992e-19
1558.65       	3.253251e-19
1558.7        	3.252511e-19
1558.75       	3.251770e-19
1558.8        	3.251030e-19
1558.85       	3.250290e-19
1558.9        	3.249550e-19
1558.95       	3.248810e-19
1559          	3.248071e-19
1559.05       	3.247331e-19
1559.1        	3.246592e-19
1559.15       	3.245853e-19
1559.2        	3.245114e-19
1559.25       	3.244375e-19
1559.3        	3.243637e-19
1559.35       	3.242899e-19
1559.4        	3.242160e-19
1559.45       	3.241422e-19
1559.5        	3.240684e-19
1559.55       	3.239947e-19
1559.6        	3.239209e-19
1559.65       	3.238472e-19
1559.7        	3.237735e-19
1559.75       	3.236998e-19
1559.8        	3.236261e-19
1559.85       	3.235524e-19
1559.9        	3.234787e-19
1559.95       	3.234051e-19
1560          	3.233315e-19
1560.05       	3.232579e-19
1560.1        	3.231843e-19
1560.15       	3.231107e-19
1560.2        	3.230372e-19
1560.25       	3.229636e-19
1560.3        	3.228901e-19
1560.35       	3.228166e-19
1560.4        	3.227431e-19
1560.45       	3.226697e-19
1560.5        	3.225962e-19
1560.55       	3.225228e-19
1560.6        	3.224493e-19
1560.65       	3.223759e-19
1560.7        	3.223026e-19
1560.75       	3.222292e-19
1560.8        	3.221558e-19
1560.85       	3.220825e-19
1560.9        	3.220092e-19
1560.95       	3.219359e-19
1561          	3.218626e-19
1561.05       	3.217893e-19
1561.1        	3.217161e-19
1561.15       	3.216428e-19
1561.2        	3.215696e-19
1561.25       	3.214964e-19
1561.3        	3.214232e-19
1561.35       	3.213501e-19
1561.4        	3.212769e-19
1561.45       	3.212038e-19
1561.5        	3.211307e-19
1561.55       	3.210576e-19
1561.6        	3.209845e-19
1561.65       	3.209114e-19
1561.7        	3.208383e-19
1561.75       	3.207653e-19
1561.8        	3.206923e-19
1561.85       	3.206193e-19
1561.9        	3.205463e-19
1561.95       	3.204733e-19
1562          	3.204004e-19
1562.05       	3.203275e-19
1562.1        	3.202545e-19
1562.15       	3.201816e-19
1562.2        	3.201087e-19
1562.25       	3.200359e-19
1562.3        	3.199630e-19
1562.35       	3.198902e-19
1562.4        	3.198174e-19
1562.45       	3.197446e-19
1562.5        	3.196718e-19
1562.55       	3.195990e-19
1562.6        	3.195263e-19
1562.65       	3.194535e-19
1562.7        	3.193808e-19
1562.75       	3.193081e-19
1562.8        	3.192354e-19
1562.85       	3.191627e-19
1562.9        	3.190901e-19
1562.95       	3.190175e-19
1563          	3.189448e-19
1563.05       	3.188722e-19
1563.1        	3.187996e-19
1563.15       	3.187271e-19
1563.2        	3.186545e-19
1563.25       	3.185820e-19
1563.3        	3.185095e-19
1563.35       	3.184370e-19
1563.4        	3.183645e-19
1563.45       	3.182920e-19
1563.5        	3.182195e-19
1563.55       	3.181471e-19
1563.6        	3.180747e-19
1563.65       	3.180023e-19
1563.7        	3.179299e-19
1563.75       	3.178575e-19
1563.8        	3.177852e-19
1563.85       	3.177128e-19
1563.9        	3.176405e-19
1563.95       	3.175682e-19
1564          	3.174959e-19
1564.05       	3.174236e-19
1564.1        	3.173514e-19
1564.15       	3.172791e-19
1564.2        	3.172069e-19
1564.25       	3.171347e-19
1564.3        	3.170625e-19
1564.35       	3.169903e-19
1564.4        	3.169182e-19
1564.45       	3.168460e-19
1564.5        	3.167739e-19
1564.55       	3.167018e-19
1564.6        	3.166297e-19
1564.65       	3.165576e-19
1564.7        	3.164856e-19
1564.75       	3.164135e-19
1564.8        	3.163415e-19
1564.85       	3.162695e-19
1564.9        	3.161975e-19
1564.95       	3.161255e-19
1565          	3.160535e-19
1565.05       	3.159816e-19
1565.1        	3.159097e-19
1565.15       	3.158378e-19
1565.2        	3.157659e-19
1565.25       	3.156940e-19
1565.3        	3.156221e-19
1565.35       	3.155503e-19
1565.4        	3.154784e-19
1565.45       	3.154066e-19
1565.5        	3.153348e-19
1565.55       	3.152631e-19
1565.6        	3.151913e-19
1565.65       	3.151195e-19
1565.7        	3.150478e-19
1565.75       	3.149761e-19
1565.8        	3.149044e-19
1565.85       	3.148327e-19
1565.9        	3.147610e-19
1565.95       	3.146894e-19
1566          	3.146178e-19
1566.05       	3.145461e-19
1566.1        	3.144745e-19
1566.15       	3.144030e-19
1566.2        	3.143314e-19
1566.25       	3.142598e-19
1566.3        	3.141883e-19
1566.35       	3.141168e-19
1566.4        	3.140453e-19
1566.45       	3.139738e-19
1566.5        	3.139023e-19
1566.55       	3.138309e-19
1566.6        	3.137594e-19
1566.65       	3.136880e-19
1566.7        	3.136166e-19
1566.75       	3.135452e-19
1566.8        	3.134738e-19
1566.85       	3.134025e-19
1566.9        	3.133311e-19
1566.95       	3.132598e-19
1567          	3.131885e-19
1567.05       	3.131172e-19
1567.1        	3.130459e-19
1567.15       	3.129747e-19
1567.2        	3.129034e-19
1567.25       	3.128322e-19
1567.3        	3.127610e-19
1567.35       	3.126898e-19
1567.4        	3.126186e-19
1567.45       	3.125475e-19
1567.5        	3.124763e-19
1567.55       	3.124052e-19
1567.6        	3.123341e-19
1567.65       	3.122630e-19
1567.7        	3.121919e-19
1567.75       	3.121208e-19
1567.8        	3.120498e-19
1567.85       	3.119788e-19
1567.9        	3.119077e-19
1567.95       	3.118367e-19
1568          	3.117658e-19
1568.05       	3.116948e-19
1568.1        	3.116238e-19
1568.15       	3.115529e-19
1568.2        	3.114820e-19
1568.25       	3.114111e-19
1568.3        	3.113402e-19
1568.35       	3.112693e-19
1568.4        	3.111985e-19
1568.45       	3.111276e-19
1568.5        	3.110568e-19
1568.55       	3.109860e-19
1568.6        	3.109152e-19
1568.65       	3.108444e-19
1568.7        	3.107737e-19
1568.75       	3.107029e-19
1568.8        	3.106322e-19
1568.85       	3.105615e-19
1568.9        	3.104908e-19
1568.95       	3.104201e-19
1569          	3.103495e-19
1569.05       	3.102788e-19
1569.1        	3.102082e-19
1569.15       	3.101376e-19
1569.2        	3.100670e-19
1569.25       	3.099964e-19
1569.3        	3.099258e-19
1569.35       	3.098553e-19
1569.4        	3.097848e-19
1569.45       	3.097142e-19
1569.5        	3.096437e-19
1569.55       	3.095733e-19
1569.6        	3.095028e-19
1569.65       	3.094323e-19
1569.7        	3.093619e-19
1569.75       	3.092915e-19
1569.8        	3.092211e-19
1569.85       	3.091507e-19
1569.9        	3.090803e-19
1569.95       	3.090100e-19
1570          	3.089396e-19
1570.05       	3.088693e-19
1570.1        	3.087990e-19
1570.15       	3.087287e-19
1570.2        	3.086584e-19
1570.25       	3.085882e-19
1570.3        	3.085179e-19
1570.35       	3.084477e-19
1570.4        	3.083775e-19
1570.45       	3.083073e-19
1570.5        	3.082371e-19
1570.55       	3.081670e-19
1570.6        	3.080968e-19
1570.65       	3.080267e-19
1570.7        	3.079566e-19
1570.75       	3.078865e-19
1570.8        	3.078164e-19
1570.85       	3.077463e-19
1570.9        	3.076763e-19
1570.95       	3.076062e-19
1571          	3.075362e-19
1571.05       	3.074662e-19
1571.1        	3.073962e-19
1571.15       	3.073262e-19
1571.2        	3.072563e-19
1571.25       	3.071863e-19
1571.3        	3.071164e-19
1571.35       	3.070465e-19
1571.4        	3.069766e-19
1571.45       	3.069067e-19
1571.5        	3.068369e-19
1571.55       	3.067670e-19
1571.6        	3.066972e-19
1571.65       	3.066274e-19
1571.7        	3.065576e-19
1571.75       	3.064878e-19
1571.8        	3.064181e-19
1571.85       	3.063483e-19
1571.9        	3.062786e-19
1571.95       	3.062089e-19
1572          	3.061392e-19
1572.05       	3.060695e-19
1572.1        	3.059998e-19
1572.15       	3.059301e-19
1572.2        	3.058605e-19
1572.25       	3.057909e-19
1572.3        	3.057213e-19
1572.35       	3.056517e-19
1572.4        	3.055821e-19
1572.45       	3.055126e-19
1572.5        	3.054430e-19
1572.55       	3.053735e-19
1572.6        	3.053040e-19
1572.65       	3.052345e-19
1572.7        	3.051650e-19
1572.75       	3.050955e-19
1572.8        	3.050261e-19
1572.85       	3.049567e-19
1572.9        	3.048872e-19
1572.95       	3.048178e-19
1573          	3.047485e-19
1573.05       	3.046791e-19
1573.1        	3.046097e-19
1573.15       	3.045404e-19
1573.2        	3.044711e-19
1573.25       	3.044018e-19
1573.3        	3.043325e-19
1573.35       	3.042632e-19
1573.4        	3.041940e-19
1573.45       	3.041247e-19
1573.5        	3.040555e-19
1573.55       	3.039863e-19
1573.6        	3.039171e-19
1573.65       	3.038479e-19
1573.7        	3.037787e-19
1573.75       	3.037096e-19
1573.8        	3.036405e-19
1573.85       	3.035713e-19
1573.9        	3.035022e-19
1573.95       	3.034332e-19
1574          	3.033641e-19
1574.05       	3.032950e-19
1574.1        	3.032260e-19
1574.15       	3.031570e-19
1574.2        	3.030880e-19
1574.25       	3.030190e-19
1574.3        	3.029500e-19
1574.35       	3.028811e-19
1574.4        	3.028121e-19
1574.45       	3.027432e-19
1574.5        	3.026743e-19
1574.55       	3.026054e-19
1574.6        	3.025365e-19
1574.65       	3.024676e-19
1574.7        	3.023988e-19
1574.75       	3.023300e-19
1574.8        	3.022611e-19
1574.85       	3.021923e-19
1574.9        	3.021235e-19
1574.95       	3.020548e-19
1575          	3.019860e-19
1575.05       	3.019173e-19
1575.1        	3.018486e-19
1575.15       	3.017799e-19
1575.2        	3.017112e-19
1575.25       	3.016425e-19
1575.3        	3.015738e-19
1575.35       	3.015052e-19
1575.4        	3.014366e-19
1575.45       	3.013679e-19
1575.5        	3.012993e-19
1575.55       	3.012308e-19
1575.6        	3.011622e-19
1575.65       	3.010936e-19
1575.7        	3.010251e-19
1575.75       	3.009566e-19
1575.8        	3.008881e-19
1575.85       	3.008196e-19
1575.9        	3.007511e-19
1575.95       	3.006827e-19
1576          	3.006142e-19
1576.05       	3.005458e-19
1576.1        	3.004774e-19
1576.15       	3.004090e-19
1576.2        	3.003406e-19
1576.25       	3.002722e-19
1576.3        	3.002039e-19
1576.35       	3.001356e-19
1576.4        	3.000672e-19
1576.45       	2.999989e-19
1576.5        	2.999307e-19
1576.55       	2.998624e-19
1576.6        	2.997941e-19
1576.65       	2.997259e-19
1576.7        	2.996577e-19
1576.75       	2.995895e-19
1576.8        	2.995213e-19
1576.85       	2.994531e-19
1576.9        	2.993849e-19
1576.95       	2.993168e-19
1577          	2.992487e-19
1577.05       	2.991805e-19
1577.1        	2.991124e-19
1577.15       	2.990444e-19
1577.2        	2.989763e-19
1577.25       	2.989082e-19
1577.3        	2.988402e-19
1577.35       	2.987722e-19
1577.4        	2.987042e-19
1577.45       	2.986362e-19
1577.5        	2.985682e-19
1577.55       	2.985002e-19
1577.6        	2.984323e-19
1577.65       	2.983644e-19
1577.7        	2.982965e-19
1577.75       	2.982286e-19
1577.8        	2.981607e-19
1577.85       	2.980928e-19
1577.9        	2.980250e-19
1577.95       	2.979571e-19
1578          	2.978893e-19
1578.05       	2.978215e-19
1578.1        	2.977537e-19
1578.15       	2.976859e-19
1578.2        	2.976182e-19
1578.25       	2.975504e-19
1578.3        	2.974827e-19
1578.35       	2.974150e-19
1578.4        	2.973473e-19
1578.45       	2.972796e-19
1578.5        	2.972119e-19
1578.55       	2.971443e-19
1578.6        	2.970767e-19
1578.65       	2.970090e-19
1578.7        	2.969414e-19
1578.75       	2.968738e-19
1578.8        	2.968063e-19
1578.85       	2.967387e-19
1578.9        	2.966712e-19
1578.95       	2.966036e-19
1579          	2.965361e-19
1579.05       	2.964686e-19
1579.1        	2.964012e-19
1579.15       	2.963337e-19
1579.2        	2.962662e-19
1579.25       	2.961988e-19
1579.3        	2.961314e-19
1579.35       	2.960640e-19
1579.4        	2.959966e-19
1579.45       	2.959292e-19
1579.5        	2.958619e-19
1579.55       	2.957945e-19
1579.6        	2.957272e-19
1579.65       	2.956599e-19
1579.7        	2.955926e-19
1579.75       	2.955253e-19
1579.8        	2.954580e-19
1579.85       	2.953908e-19
1579.9        	2.953235e-19
1579.95       	2.952563e-19
1580          	2.951891e-19
1580.05       	2.951219e-19
1580.1        	2.950548e-19
1580.15       	2.949876e-19
1580.2        	2.949205e-19
1580.25       	2.948533e-19
1580.3        	2.947862e-19
1580.35       	2.947191e-19
1580.4        	2.946520e-19
1580.45       	2.945850e-19
1580.5        	2.945179e-19
1580.55       	2.944509e-19
1580.6        	2.943839e-19
1580.65       	2.943168e-19
1580.7        	2.942499e-19
1580.75       	2.941829e-19
1580.8        	2.941159e-19
1580.85       	2.940490e-19
1580.9        	2.939820e-19
1580.95       	2.939151e-19
1581          	2.938482e-19
1581.05       	2.937813e-19
1581.1        	2.937145e-19
1581.15       	2.936476e-19
1581.2        	2.935808e-19
1581.25       	2.935140e-19
1581.3        	2.934472e-19
1581.35       	2.933804e-19
1581.4        	2.933136e-19
1581.45       	2.932468e-19
1581.5        	2.931801e-19
1581.55       	2.931133e-19
1581.6        	2.930466e-19
1581.65       	2.929799e-19
1581.7        	2.929132e-19
1581.75       	2.928466e-19
1581.8        	2.927799e-19
1581.85       	2.927133e-19
1581.9        	2.926466e-19
1581.95       	2.925800e-19
1582          	2.925134e-19
1582.05       	2.924469e-19
1582.1        	2.923803e-19
1582.15       	2.923137e-19
1582.2        	2.922472e-19
1582.25       	2.921807e-19
1582.3        	2.921142e-19
1582.35       	2.920477e-19
1582.4        	2.919812e-19
1582.45       	2.919148e-19
1582.5        	2.918483e-19
1582.55       	2.917819e-19
1582.6        	2.917155e-19
1582.65       	2.916491e-19
1582.7        	2.915827e-19
1582.75       	2.915163e-19
1582.8        	2.914500e-19
1582.85       	2.913836e-19
1582.9        	2.913173e-19
1582.95       	2.912510e-19
1583          	2.911847e-19
1583.05       	2.911184e-19
1583.1        	2.910522e-19
1583.15       	2.909859e-19
1583.2        	2.909197e-19
1583.25       	2.908535e-19
1583.3        	2.907873e-19
1583.35       	2.907211e-19
1583.4        	2.906549e-19
1583.45       	2.905888e-19
1583.5        	2.905226e-19
1583.55       	2.904565e-19
1583.6        	2.903904e-19
1583.65       	2.903243e-19
1583.7        	2.902582e-19
1583.75       	2.901921e-19
1583.8        	2.901261e-19
1583.85       	2.900601e-19
1583.9        	2.899940e-19
1583.95       	2.899280e-19
1584          	2.898620e-19
1584.05       	2.897961e-19
1584.1        	2.897301e-19
1584.15       	2.896642e-19
1584.2        	2.895982e-19
1584.25       	2.895323e-19
1584.3        	2.894664e-19
1584.35       	2.894005e-19
1584.4        	2.893347e-19
1584.45       	2.892688e-19
1584.5        	2.892030e-19
1584.55       	2.891371e-19
1584.6        	2.890713e-19
1584.65       	2.890055e-19
1584.7        	2.889398e-19
1584.75       	2.888740e-19
1584.8        	2.888082e-19
1584.85       	2.887425e-19
1584.9        	2.886768e-19
1584.95       	2.886111e-19
1585          	2.885454e-19
1585.05       	2.884797e-19
1585.1        	2.884140e-19
1585.15       	2.883484e-19
1585.2        	2.882828e-19
1585.25       	2.882172e-19
1585.3        	2.881516e-19
1585.35       	2.880860e-19
1585.4        	2.880204e-19
1585.45       	2.879548e-19
1585.5        	2.878893e-19
1585.55       	2.878238e-19
1585.6        	2.877583e-19
1585.65       	2.876928e-19
1585.7        	2.876273e-19
1585.75       	2.875618e-19
1585.8        	2.874964e-19
1585.85       	2.874309e-19
1585.9        	2.873655e-19
1585.95       	2.873001e-19
1586          	2.872347e-19
1586.05       	2.871693e-19
1586.1        	2.871040e-19
1586.15       	2.870386e-19
1586.2        	2.869733e-19
1586.25       	2.869080e-19
1586.3        	2.868427e-19
1586.35       	2.867774e-19
1586.4        	2.867121e-19
1586.45       	2.866469e-19
1586.5        	2.865816e-19
1586.55       	2.865164e-19
1586.6        	2.864512e-19
1586.65       	2.863860e-19
1586.7        	2.863208e-19
1586.75       	2.862556e-19
1586.8        	2.861905e-19
1586.85       	2.861253e-19
1586.9        	2.860602e-19
1586.95       	2.859951e-19
1587          	2.859300e-19
1587.05       	2.858649e-19
1587.1        	2.857999e-19
1587.15       	2.857348e-19
1587.2        	2.856698e-19
1587.25       	2.856047e-19
1587.3        	2.855397e-19
1587.35       	2.854748e-19
1587.4        	2.854098e-19
1587.45       	2.853448e-19
1587.5        	2.852799e-19
1587.55       	2.852149e-19
1587.6        	2.851500e-19
1587.65       	2.850851e-19
1587.7        	2.850202e-19
1587.75       	2.849554e-19
1587.8        	2.848905e-19
1587.85       	2.848257e-19
1587.9        	2.847608e-19
1587.95       	2.846960e-19
1588          	2.846312e-19
1588.05       	2.845664e-19
1588.1        	2.845017e-19
1588.15       	2.844369e-19
1588.2        	2.843722e-19
1588.25       	2.843075e-19
1588.3        	2.842427e-19
1588.35       	2.841780e-19
1588.4        	2.841134e-19
1588.45       	2.840487e-19
1588.5        	2.839841e-19
1588.55       	2.839194e-19
1588.6        	2.838548e-19
1588.65       	2.837902e-19
1588.7        	2.837256e-19
1588.75       	2.836610e-19
1588.8        	2.835965e-19
1588.85       	2.835319e-19
1588.9        	2.834674e-19
1588.95       	2.834029e-19
1589          	2.833384e-19
1589.05       	2.832739e-19
1589.1        	2.832094e-19
1589.15       	2.831449e-19
1589.2        	2.830805e-19
1589.25       	2.830161e-19
1589.3        	2.829516e-19
1589.35       	2.828872e-19
1589.4        	2.828229e-19
1589.45       	2.827585e-19
1589.5        	2.826941e-19
1589.55       	2.826298e-19
1589.6        	2.825655e-19
1589.65       	2.825011e-19
1589.7        	2.824368e-19
1589.75       	2.823726e-19
1589.8        	2.823083e-19
1589.85       	2.822440e-19
1589.9        	2.821798e-19
1589.95       	2.821156e-19
1590          	2.820514e-19
1590.05       	2.819872e-19
1590.1        	2.819230e-19
1590.15       	2.818588e-19
1590.2        	2.817947e-19
1590.25       	2.817305e-19
1590.3        	2.816664e-19
1590.35       	2.816023e-19
1590.4        	2.815382e-19
1590.45       	2.814741e-19
1590.5        	2.814101e-19
1590.55       	2.813460e-19
1590.6        	2.812820e-19
1590.65       	2.812180e-19
1590.7        	2.811540e-19
1590.75       	2.810900e-19
1590.8        	2.810260e-19
1590.85       	2.809620e-19
1590.9        	2.808981e-19
1590.95       	2.808341e-19
1591          	2.807702e-19
1591.05       	2.807063e-19
1591.1        	2.806424e-19
1591.15       	2.805786e-19
1591.2        	2.805147e-19
1591.25       	2.804509e-19
1591.3        	2.803870e-19
1591.35       	2.803232e-19
1591.4        	2.802594e-19
1591.45       	2.801956e-19
1591.5        	2.801318e-19
1591.55       	2.800681e-19
1591.6        	2.800043e-19
1591.65       	2.799406e-19
1591.7        	2.798769e-19
1591.75       	2.798132e-19
1591.8        	2.797495e-19
1591.85       	2.796858e-19
1591.9        	2.796222e-19
1591.95       	2.795585e-19
1592          	2.794949e-19
1592.05       	2.794313e-19
1592.1        	2.793677e-19
1592.15       	2.793041e-19
1592.2        	2.792406e-19
1592.25       	2.791770e-19
1592.3        	2.791135e-19
1592.35       	2.790499e-19
1592.4        	2.789864e-19
1592.45       	2.789229e-19
1592.5        	2.788594e-19
1592.55       	2.787960e-19
1592.6        	2.787325e-19
1592.65       	2.786691e-19
1592.7        	2.786057e-19
1592.75       	2.785422e-19
1592.8        	2.784788e-19
1592.85       	2.784155e-19
1592.9        	2.783521e-19
1592.95       	2.782887e-19
1593          	2.782254e-19
1593.05       	2.781621e-19
1593.1        	2.780988e-19
1593.15       	2.780355e-19
1593.2        	2.779722e-19
1593.25       	2.779089e-19
1593.3        	2.778457e-19
1593.35       	2.777824e-19
1593.4        	2.777192e-19
1593.45       	2.776560e-19
1593.5        	2.775928e-19
1593.55       	2.775296e-19
1593.6        	2.774665e-19
1593.65       	2.774033e-19
1593.7        	2.773402e-19
1593.75       	2.772771e-19
1593.8        	2.772140e-19
1593.85       	2.771509e-19
1593.9        	2.770878e-19
1593.95       	2.770247e-19
1594          	2.769617e-19
1594.05       	2.768986e-19
1594.1        	2.768356e-19
1594.15       	2.767726e-19
1594.2        	2.767096e-19
1594.25       	2.766466e-19
1594.3        	2.765837e-19
1594.35       	2.765207e-19
1594.4        	2.764578e-19
1594.45       	2.763949e-19
1594.5        	2.763320e-19
1594.55       	2.762691e-19
1594.6        	2.762062e-19
1594.65       	2.761433e-19
1594.7        	2.760805e-19
1594.75       	2.760176e-19
1594.8        	2.759548e-19
1594.85       	2.758920e-19
1594.9        	2.758292e-19
1594.95       	2.757665e-19
1595          	2.757037e-19
1595.05       	2.756409e-19
1595.1        	2.755782e-19
1595.15       	2.755155e-19
1595.2        	2.754528e-19
1595.25       	2.753901e-19
1595.3        	2.753274e-19
1595.35       	2.752647e-19
1595.4        	2.752021e-19
1595.45       	2.751395e-19
1595.5        	2.750768e-19
1595.55       	2.750142e-19
1595.6        	2.749516e-19
1595.65       	2.748891e-19
1595.7        	2.748265e-19
1595.75       	2.747640e-19
1595.8        	2.747014e-19
1595.85       	2.746389e-19
1595.9        	2.745764e-19
1595.95       	2.745139e-19
1596          	2.744514e-19
1596.05       	2.743890e-19
1596.1        	2.743265e-19
1596.15       	2.742641e-19
1596.2        	2.742017e-19
1596.25       	2.741392e-19
1596.3        	2.740769e-19
1596.35       	2.740145e-19
1596.4        	2.739521e-19
1596.45       	2.738898e-19
1596.5        	2.738274e-19
1596.55       	2.737651e-19
1596.6        	2.737028e-19
1596.65       	2.736405e-19
1596.7        	2.735782e-19
1596.75       	2.735160e-19
1596.8        	2.734537e-19
1596.85       	2.733915e-19
1596.9        	2.733293e-19
1596.95       	2.732670e-19
1597          	2.732049e-19
1597.05       	2.731427e-19
1597.1        	2.730805e-19
1597.15       	2.730184e-19
1597.2        	2.729562e-19
1597.25       	2.728941e-19
1597.3        	2.728320e-19
1597.35       	2.727699e-19
1597.4        	2.727078e-19
1597.45       	2.726457e-19
1597.5        	2.725837e-19
1597.55       	2.725217e-19
1597.6        	2.724596e-19
1597.65       	2.723976e-19
1597.7        	2.723356e-19
1597.75       	2.722736e-19
1597.8        	2.722117e-19
1597.85       	2.721497e-19
1597.9        	2.720878e-19
1597.95       	2.720259e-19
1598          	2.719640e-19
1598.05       	2.719021e-19
1598.1        	2.718402e-19
1598.15       	2.717783e-19
1598.2        	2.717165e-19
1598.25       	2.716546e-19
1598.3        	2.715928e-19
1598.35       	2.715310e-19
1598.4        	2.714692e-19
1598.45       	2.714074e-19
1598.5        	2.713456e-19
1598.55       	2.712839e-19
1598.6        	2.712221e-19
1598.65       	2.711604e-19
1598.7        	2.710987e-19
1598.75       	2.710370e-19
1598.8        	2.709753e-19
1598.85       	2.709136e-19
1598.9        	2.708520e-19
1598.95       	2.707903e-19
1599          	2.707287e-19
1599.05       	2.706671e-19
1599.1        	2.706055e-19
1599.15       	2.705439e-19
1599.2        	2.704823e-19
1599.25       	2.704208e-19
1599.3        	2.703592e-19
1599.35       	2.702977e-19
1599.4        	2.702362e-19
1599.45       	2.701747e-19
1599.5        	2.701132e-19
1599.55       	2.700517e-19
1599.6        	2.699902e-19
1599.65       	2.699288e-19
1599.7        	2.698674e-19
1599.75       	2.698059e-19
1599.8        	2.697445e-19
1599.85       	2.696831e-19
1599.9        	2.696218e-19
1599.95       	2.695604e-19
1600          	2.694991e-19
1600.05       	2.694377e-19
1600.1        	2.693764e-19
1600.15       	2.693151e-19
1600.2        	2.692538e-19
1600.25       	2.691925e-19
1600.3        	2.691313e-19
1600.35       	2.690700e-19
1600.4        	2.690088e-19
1600.45       	2.689475e-19
1600.5        	2.688863e-19
1600.55       	2.688251e-19
1600.6        	2.687640e-19
1600.65       	2.687028e-19
1600.7        	2.686416e-19
1600.75       	2.685805e-19
1600.8        	2.685194e-19
1600.85       	2.684583e-19
1600.9        	2.683972e-19
1600.95       	2.683361e-19
1601          	2.682750e-19
1601.05       	2.682140e-19
1601.1        	2.681529e-19
1601.15       	2.680919e-19
1601.2        	2.680309e-19
1601.25       	2.679699e-19
1601.3        	2.679089e-19
1601.35       	2.678479e-19
1601.4        	2.677870e-19
1601.45       	2.677260e-19
1601.5        	2.676651e-19
1601.55       	2.676042e-19
1601.6        	2.675433e-19
1601.65       	2.674824e-19
1601.7        	2.674215e-19
1601.75       	2.673606e-19
1601.8        	2.672998e-19
1601.85       	2.672390e-19
1601.9        	2.671781e-19
1601.95       	2.671173e-19
1602          	2.670565e-19
1602.05       	2.669958e-19
1602.1        	2.669350e-19
1602.15       	2.668742e-19
1602.2        	2.668135e-19
1602.25       	2.667528e-19
1602.3        	2.666921e-19
1602.35       	2.666314e-19
1602.4        	2.665707e-19
1602.45       	2.665100e-19
1602.5        	2.664494e-19
1602.55       	2.663887e-19
1602.6        	2.663281e-19
1602.65       	2.662675e-19
1602.7        	2.662069e-19
1602.75       	2.661463e-19
1602.8        	2.660857e-19
1602.85       	2.660252e-19
1602.9        	2.659646e-19
1602.95       	2.659041e-19
1603          	2.658436e-19
1603.05       	2.657831e-19
1603.1        	2.657226e-19
1603.15       	2.656621e-19
1603.2        	2.656017e-19
1603.25       	2.655412e-19
1603.3        	2.654808e-19
1603.35       	2.654204e-19
1603.4        	2.653600e-19
1603.45       	2.652996e-19
1603.5        	2.652392e-19
1603.55       	2.651788e-19
1603.6        	2.651185e-19
1603.65       	2.650582e-19
1603.7        	2.649978e-19
1603.75       	2.649375e-19
1603.8        	2.648772e-19
1603.85       	2.648169e-19
1603.9        	2.647567e-19
1603.95       	2.646964e-19
1604          	2.646362e-19
1604.05       	2.645760e-19
1604.1        	2.645157e-19
1604.15       	2.644555e-19
1604.2        	2.643954e-19
1604.25       	2.643352e-19
1604.3        	2.642750e-19
1604.35       	2.642149e-19
1604.4        	2.641548e-19
1604.45       	2.640946e-19
1604.5        	2.640345e-19
1604.55       	2.639744e-19
1604.6        	2.639144e-19
1604.65       	2.638543e-19
1604.7        	2.637943e-19
1604.75       	2.637342e-19
1604.8        	2.636742e-19
1604.85       	2.636142e-19
1604.9        	2.635542e-19
1604.95       	2.634942e-19
1605          	2.634343e-19
1605.05       	2.633743e-19
1605.1        	2.633144e-19
1605.15       	2.632544e-19
1605.2        	2.631945e-19
1605.25       	2.631346e-19
1605.3        	2.630747e-19
1605.35       	2.630149e-19
1605.4        	2.629550e-19
1605.45       	2.628952e-19
1605.5        	2.628353e-19
1605.55       	2.627755e-19
1605.6        	2.627157e-19
1605.65       	2.626559e-19
1605.7        	2.625962e-19
1605.75       	2.625364e-19
1605.8        	2.624766e-19
1605.85       	2.624169e-19
1605.9        	2.623572e-19
1605.95       	2.622975e-19
1606          	2.622378e-19
1606.05       	2.621781e-19
1606.1        	2.621184e-19
1606.15       	2.620588e-19
1606.2        	2.619992e-19
1606.25       	2.619395e-19
1606.3        	2.618799e-19
1606.35       	2.618203e-19
1606.4        	2.617607e-19
1606.45       	2.617012e-19
1606.5        	2.616416e-19
1606.55       	2.615821e-19
1606.6        	2.615225e-19
1606.65       	2.614630e-19
1606.7        	2.614035e-19
1606.75       	2.613440e-19
1606.8        	2.612845e-19
1606.85       	2.612251e-19
1606.9        	2.611656e-19
1606.95       	2.611062e-19
1607          	2.610468e-19
1607.05       	2.609874e-19
1607.1        	2.609280e-19
1607.15       	2.608686e-19
1607.2        	2.608092e-19
1607.25       	2.607499e-19
1607.3        	2.606905e-19
1607.35       	2.606312e-19
1607.4        	2.605719e-19
1607.45       	2.605126e-19
1607.5        	2.604533e-19
1607.55       	2.603940e-19
1607.6        	2.603348e-19
1607.65       	2.602755e-19
1607.7        	2.602163e-19
1607.75       	2.601571e-19
1607.8        	2.600979e-19
1607.85       	2.600387e-19
1607.9        	2.599795e-19
1607.95       	2.599203e-19
1608          	2.598612e-19
1608.05       	2.598020e-19
1608.1        	2.597429e-19
1608.15       	2.596838e-19
1608.2        	2.596247e-19
1608.25       	2.595656e-19
1608.3        	2.595065e-19
1608.35       	2.594475e-19
1608.4        	2.593884e-19
1608.45       	2.593294e-19
1608.5        	2.592704e-19
1608.55       	2.592114e-19
1608.6        	2.591524e-19
1608.65       	2.590934e-19
1608.7        	2.590345e-19
1608.75       	2.589755e-19
1608.8        	2.589166e-19
1608.85       	2.588576e-19
1608.9        	2.587987e-19
1608.95       	2.587398e-19
1609          	2.586810e-19
1609.05       	2.586221e-19
1609.1        	2.585632e-19
1609.15       	2.585044e-19
1609.2        	2.584456e-19
1609.25       	2.583867e-19
1609.3        	2.583279e-19
1609.35       	2.582692e-19
1609.4        	2.582104e-19
1609.45       	2.581516e-19
1609.5        	2.580929e-19
1609.55       	2.580341e-19
1609.6        	2.579754e-19
1609.65       	2.579167e-19
1609.7        	2.578580e-19
1609.75       	2.577993e-19
1609.8        	2.577407e-19
1609.85       	2.576820e-19
1609.9        	2.576234e-19
1609.95       	2.575647e-19
1610          	2.575061e-19
1610.05       	2.574475e-19
1610.1        	2.573889e-19
1610.15       	2.573303e-19
1610.2        	2.572718e-19
1610.25       	2.572132e-19
1610.3        	2.571547e-19
1610.35       	2.570962e-19
1610.4        	2.570377e-19
1610.45       	2.569792e-19
1610.5        	2.569207e-19
1610.55       	2.568622e-19
1610.6        	2.568038e-19
1610.65       	2.567453e-19
1610.7        	2.566869e-19
1610.75       	2.566285e-19
1610.8        	2.565701e-19
1610.85       	2.565117e-19
1610.9        	2.564533e-19
1610.95       	2.563950e-19
1611          	2.563366e-19
1611.05       	2.562783e-19
1611.1        	2.562200e-19
1611.15       	2.561617e-19
1611.2        	2.561034e-19
1611.25       	2.560451e-19
1611.3        	2.559868e-19
1611.35       	2.559285e-19
1611.4        	2.558703e-19
1611.45       	2.558121e-19
1611.5        	2.557539e-19
1611.55       	2.556957e-19
1611.6        	2.556375e-19
1611.65       	2.555793e-19
1611.7        	2.555211e-19
1611.75       	2.554630e-19
1611.8        	2.554048e-19
1611.85       	2.553467e-19
1611.9        	2.552886e-19
1611.95       	2.552305e-19
1612          	2.551724e-19
1612.05       	2.551144e-19
1612.1        	2.550563e-19
1612.15       	2.549983e-19
1612.2        	2.549402e-19
1612.25       	2.548822e-19
1612.3        	2.548242e-19
1612.35       	2.547662e-19
1612.4        	2.547082e-19
1612.45       	2.546503e-19
1612.5        	2.545923e-19
1612.55       	2.545344e-19
1612.6        	2.544765e-19
1612.65       	2.544186e-19
1612.7        	2.543607e-19
1612.75       	2.543028e-19
1612.8        	2.542449e-19
1612.85       	2.541870e-19
1612.9        	2.541292e-19
1612.95       	2.540714e-19
1613          	2.540136e-19
1613.05       	2.539557e-19
1613.1        	2.538980e-19
1613.15       	2.538402e-19
1613.2        	2.537824e-19
1613.25       	2.537247e-19
1613.3        	2.536669e-19
1613.35       	2.536092e-19
1613.4        	2.535515e-19
1613.45       	2.534938e-19
1613.5        	2.534361e-19
1613.55       	2.533784e-19
1613.6        	2.533208e-19
1613.65       	2.532631e-19
1613.7        	2.532055e-19
1613.75       	2.531478e-19
1613.8        	2.530902e-19
1613.85       	2.530326e-19
1613.9        	2.529751e-19
1613.95       	2.529175e-19
1614          	2.528599e-19
1614.05       	2.528024e-19
1614.1        	2.527449e-19
1614.15       	2.526873e-19
1614.2        	2.526298e-19
1614.25       	2.525724e-19
1614.3        	2.525149e-19
1614.35       	2.524574e-19
1614.4        	2.524000e-19
1614.45       	2.523425e-19
1614.5        	2.522851e-19
1614.55       	2.522277e-19
1614.6        	2.521703e-19
1614.65       	2.521129e-19
1614.7        	2.520555e-19
1614.75       	2.519982e-19
1614.8        	2.519408e-19
1614.85       	2.518835e-19
1614.9        	2.518262e-19
1614.95       	2.517689e-19
1615          	2.517116e-19
1615.05       	2.516543e-19
1615.1        	2.515970e-19
1615.15       	2.515398e-19
1615.2        	2.514825e-19
1615.25       	2.514253e-19
1615.3        	2.513681e-19
1615.35       	2.513109e-19
1615.4        	2.512537e-19
1615.45       	2.511965e-19
1615.5        	2.511393e-19
1615.55       	2.510822e-19
1615.6        	2.510251e-19
1615.65       	2.509679e-19
1615.7        	2.509108e-19
1615.75       	2.508537e-19
1615.8        	2.507966e-19
1615.85       	2.507396e-19
1615.9        	2.506825e-19
1615.95       	2.506255e-19
1616          	2.505684e-19
1616.05       	2.505114e-19
1616.1        	2.504544e-19
1616.15       	2.503974e-19
1616.2        	2.503404e-19
1616.25       	2.502835e-19
1616.3        	2.502265e-19
1616.35       	2.501696e-19
1616.4        	2.501126e-19
1616.45       	2.500557e-19
1616.5        	2.499988e-19
1616.55       	2.499419e-19
1616.6        	2.498850e-19
1616.65       	2.498282e-19
1616.7        	2.497713e-19
1616.75       	2.497145e-19
1616.8        	2.496577e-19
1616.85       	2.496008e-19
1616.9        	2.495440e-19
1616.95       	2.494873e-19
1617          	2.494305e-19
1617.05       	2.493737e-19
1617.1        	2.493170e-19
1617.15       	2.492602e-19
1617.2        	2.492035e-19
1617.25       	2.491468e-19
1617.3        	2.490901e-19
1617.35       	2.490334e-19
1617.4        	2.489768e-19
1617.45       	2.489201e-19
1617.5        	2.488635e-19
1617.55       	2.488068e-19
1617.6        	2.487502e-19
1617.65       	2.486936e-19
1617.7        	2.486370e-19
1617.75       	2.485804e-19
1617.8        	2.485239e-19
1617.85       	2.484673e-19
1617.9        	2.484108e-19
1617.95       	2.483542e-19
1618          	2.482977e-19
1618.05       	2.482412e-19
1618.1        	2.481847e-19
1618.15       	2.481282e-19
1618.2        	2.480718e-19
1618.25       	2.480153e-19
1618.3        	2.479589e-19
1618.35       	2.479025e-19
1618.4        	2.478460e-19
1618.45       	2.477896e-19
1618.5        	2.477333e-19
1618.55       	2.476769e-19
1618.6        	2.476205e-19
1618.65       	2.475642e-19
1618.7        	2.475078e-19
1618.75       	2.474515e-19
1618.8        	2.473952e-19
1618.85       	2.473389e-19
1618.9        	2.472826e-19
1618.95       	2.472264e-19
1619          	2.471701e-19
1619.05       	2.471138e-19
1619.1        	2.470576e-19
1619.15       	2.470014e-19
1619.2        	2.469452e-19
1619.25       	2.468890e-19
1619.3        	2.468328e-19
1619.35       	2.467766e-19
1619.4        	2.467205e-19
1619.45       	2.466643e-19
1619.5        	2.466082e-19
1619.55       	2.465521e-19
1619.6        	2.464960e-19
1619.65       	2.464399e-19
1619.7        	2.463838e-19
1619.75       	2.463277e-19
1619.8        	2.462717e-19
1619.85       	2.462157e-19
1619.9        	2.461596e-19
1619.95       	2.461036e-19
1620          	2.460476e-19
1620.05       	2.459916e-19
1620.1        	2.459356e-19
1620.15       	2.458797e-19
1620.2        	2.458237e-19
1620.25       	2.457678e-19
1620.3        	2.457119e-19
1620.35       	2.456559e-19
1620.4        	2.456000e-19
1620.45       	2.455442e-19
1620.5        	2.454883e-19
1620.55       	2.454324e-19
1620.6        	2.453766e-19
1620.65       	2.453207e-19
1620.7        	2.452649e-19
1620.75       	2.452091e-19
1620.8        	2.451533e-19
1620.85       	2.450975e-19
1620.9        	2.450417e-19
1620.95       	2.449860e-19
1621          	2.449302e-19
1621.05       	2.448745e-19
1621.1        	2.448188e-19
1621.15       	2.447631e-19
1621.2        	2.447074e-19
1621.25       	2.446517e-19
1621.3        	2.445960e-19
1621.35       	2.445403e-19
1621.4        	2.444847e-19
1621.45       	2.444291e-19
1621.5        	2.443734e-19
1621.55       	2.443178e-19
1621.6        	2.442622e-19
1621.65       	2.442067e-19
1621.7        	2.441511e-19
1621.75       	2.440955e-19
1621.8        	2.440400e-19
1621.85       	2.439844e-19
1621.9        	2.439289e-19
1621.95       	2.438734e-19
1622          	2.438179e-19
1622.05       	2.437624e-19
1622.1        	2.437070e-19
1622.15       	2.436515e-19
1622.2        	2.435961e-19
1622.25       	2.435406e-19
1622.3        	2.434852e-19
1622.35       	2.434298e-19
1622.4        	2.433744e-19
1622.45       	2.433190e-19
1622.5        	2.432637e-19
1622.55       	2.432083e-19
1622.6        	2.431530e-19
1622.65       	2.430976e-19
1622.7        	2.430423e-19
1622.75       	2.429870e-19
1622.8        	2.429317e-19
1622.85       	2.428764e-19
1622.9        	2.428212e-19
1622.95       	2.427659e-19
1623          	2.427107e-19
1623.05       	2.426555e-19
1623.1        	2.426002e-19
1623.15       	2.425450e-19
1623.2        	2.424898e-19
1623.25       	2.424347e-19
1623.3        	2.423795e-19
1623.35       	2.423243e-19
1623.4        	2.422692e-19
1623.45       	2.422141e-19
1623.5        	2.421590e-19
1623.55       	2.421038e-19
1623.6        	2.420488e-19
1623.65       	2.419937e-19
1623.7        	2.419386e-19
1623.75       	2.418836e-19
1623.8        	2.418285e-19
1623.85       	2.417735e-19
1623.9        	2.417185e-19
1623.95       	2.416635e-19
1624          	2.416085e-19
1624.05       	2.415535e-19
1624.1        	2.414985e-19
1624.15       	2.414436e-19
1624.2        	2.413886e-19
1624.25       	2.413337e-19
1624.3        	2.412788e-19
1624.35       	2.412239e-19
1624.4        	2.411690e-19
1624.45       	2.411141e-19
1624.5        	2.410593e-19
1624.55       	2.410044e-19
1624.6        	2.409496e-19
1624.65       	2.408947e-19
1624.7        	2.408399e-19
1624.75       	2.407851e-19
1624.8        	2.407303e-19
1624.85       	2.406755e-19
1624.9        	2.406208e-19
1624.95       	2.405660e-19
1625          	2.405113e-19
1625.05       	2.404566e-19
1625.1        	2.404018e-19
1625.15       	2.403471e-19
1625.2        	2.402924e-19
1625.25       	2.402378e-19
1625.3        	2.401831e-19
1625.35       	2.401284e-19
1625.4        	2.400738e-19
1625.45       	2.400192e-19
1625.5        	2.399646e-19
1625.55       	2.399100e-19
1625.6        	2.398554e-19
1625.65       	2.398008e-19
1625.7        	2.397462e-19
1625.75       	2.396917e-19
1625.8        	2.396371e-19
1625.85       	2.395826e-19
1625.9        	2.395281e-19
1625.95       	2.394736e-19
1626          	2.394191e-19
1626.05       	2.393646e-19
1626.1        	2.393101e-19
1626.15       	2.392557e-19
1626.2        	2.392012e-19
1626.25       	2.391468e-19
1626.3        	2.390924e-19
1626.35       	2.390380e-19
1626.4        	2.389836e-19
1626.45       	2.389292e-19
1626.5        	2.388748e-19
1626.55       	2.388205e-19
1626.6        	2.387661e-19
1626.65       	2.387118e-19
1626.7        	2.386575e-19
1626.75       	2.386032e-19
1626.8        	2.385489e-19
1626.85       	2.384946e-19
1626.9        	2.384403e-19
1626.95       	2.383861e-19
1627          	2.383318e-19
1627.05       	2.382776e-19
1627.1        	2.382234e-19
1627.15       	2.381692e-19
1627.2        	2.381150e-19
1627.25       	2.380608e-19
1627.3        	2.380066e-19
1627.35       	2.379525e-19
1627.4        	2.378983e-19
1627.45       	2.378442e-19
1627.5        	2.377901e-19
1627.55       	2.377360e-19
1627.6        	2.376819e-19
1627.65       	2.376278e-19
1627.7        	2.375737e-19
1627.75       	2.375197e-19
1627.8        	2.374656e-19
1627.85       	2.374116e-19
1627.9        	2.373576e-19
1627.95       	2.373036e-19
1628          	2.372496e-19
1628.05       	2.371956e-19
1628.1        	2.371416e-19
1628.15       	2.370876e-19
1628.2        	2.370337e-19
1628.25       	2.369798e-19
1628.3        	2.369258e-19
1628.35       	2.368719e-19
1628.4        	2.368180e-19
1628.45       	2.367641e-19
1628.5        	2.367103e-19
1628.55       	2.366564e-19
1628.6        	2.366025e-19
1628.65       	2.365487e-19
1628.7        	2.364949e-19
1628.75       	2.364411e-19
1628.8        	2.363873e-19
1628.85       	2.363335e-19
1628.9        	2.362797e-19
1628.95       	2.362259e-19
1629          	2.361722e-19
1629.05       	2.361184e-19
1629.1        	2.360647e-19
1629.15       	2.360110e-19
1629.2        	2.359573e-19
1629.25       	2.359036e-19
1629.3        	2.358499e-19
1629.35       	2.357963e-19
1629.4        	2.357426e-19
1629.45       	2.356890e-19
1629.5        	2.356353e-19
1629.55       	2.355817e-19
1629.6        	2.355281e-19
1629.65       	2.354745e-19
1629.7        	2.354209e-19
1629.75       	2.353674e-19
1629.8        	2.353138e-19
1629.85       	2.352603e-19
1629.9        	2.352067e-19
1629.95       	2.351532e-19
1630          	2.350997e-19
1630.05       	2.350462e-19
1630.1        	2.349927e-19
1630.15       	2.349393e-19
1630.2        	2.348858e-19
1630.25       	2.348324e-19
1630.3        	2.347789e-19
1630.35       	2.347255e-19
1630.4        	2.346721e-19
1630.45       	2.346187e-19
1630.5        	2.345653e-19
1630.55       	2.345119e-19
1630.6        	2.344586e-19
1630.65       	2.344052e-19
1630.7        	2.343519e-19
1630.75       	2.342986e-19
1630.8        	2.342453e-19
1630.85       	2.341920e-19
1630.9        	2.341387e-19
1630.95       	2.340854e-19
1631          	2.340321e-19
1631.05       	2.339789e-19
1631.1        	2.339256e-19
1631.15       	2.338724e-19
1631.2        	2.338192e-19
1631.25       	2.337660e-19
1631.3        	2.337128e-19
1631.35       	2.336596e-19
1631.4        	2.336065e-19
1631.45       	2.335533e-19
1631.5        	2.335002e-19
1631.55       	2.334470e-19
1631.6        	2.333939e-19
1631.65       	2.333408e-19
1631.7        	2.332877e-19
1631.75       	2.332346e-19
1631.8        	2.331816e-19
1631.85       	2.331285e-19
1631.9        	2.330755e-19
1631.95       	2.330224e-19
1632          	2.329694e-19
1632.05       	2.329164e-19
1632.1        	2.328634e-19
1632.15       	2.328104e-19
1632.2        	2.327574e-19
1632.25       	2.327045e-19
1632.3        	2.326515e-19
1632.35       	2.325986e-19
1632.4        	2.325457e-19
1632.45       	2.324927e-19
1632.5        	2.324398e-19
1632.55       	2.323870e-19
1632.6        	2.323341e-19
1632.65       	2.322812e-19
1632.7        	2.322284e-19
1632.75       	2.321755e-19
1632.8        	2.321227e-19
1632.85       	2.320699e-19
1632.9        	2.320171e-19
1632.95       	2.319643e-19
1633          	2.319115e-19
1633.05       	2.318587e-19
1633.1        	2.318060e-19
1633.15       	2.317532e-19
1633.2        	2.317005e-19
1633.25       	2.316478e-19
1633.3        	2.315951e-19
1633.35       	2.315424e-19
1633.4        	2.314897e-19
1633.45       	2.314370e-19
1633.5        	2.313844e-19
1633.55       	2.313317e-19
1633.6        	2.312791e-19
1633.65       	2.312264e-19
1633.7        	2.311738e-19
1633.75       	2.311212e-19
1633.8        	2.310686e-19
1633.85       	2.310161e-19
1633.9        	2.309635e-19
1633.95       	2.309110e-19
1634          	2.308584e-19
1634.05       	2.308059e-19
1634.1        	2.307534e-19
1634.15       	2.307009e-19
1634.2        	2.306484e-19
1634.25       	2.305959e-19
1634.3        	2.305434e-19
1634.35       	2.304910e-19
1634.4        	2.304385e-19
1634.45       	2.303861e-19
1634.5        	2.303337e-19
1634.55       	2.302813e-19
1634.6        	2.302289e-19
1634.65       	2.301765e-19
1634.7        	2.301241e-19
1634.75       	2.300717e-19
1634.8        	2.300194e-19
1634.85       	2.299671e-19
1634.9        	2.299147e-19
1634.95       	2.298624e-19
1635          	2.298101e-19
1635.05       	2.297578e-19
1635.1        	2.297055e-19
1635.15       	2.296533e-19
1635.2        	2.296010e-19
1635.25       	2.295488e-19
1635.3        	2.294966e-19
1635.35       	2.294443e-19
1635.4        	2.293921e-19
1635.45       	2.293399e-19
1635.5        	2.292878e-19
1635.55       	2.292356e-19
1635.6        	2.291834e-19
1635.65       	2.291313e-19
1635.7        	2.290791e-19
1635.75       	2.290270e-19
1635.8        	2.289749e-19
1635.85       	2.289228e-19
1635.9        	2.288707e-19
1635.95       	2.288186e-19
1636          	2.287666e-19
1636.05       	2.287145e-19
1636.1        	2.286625e-19
1636.15       	2.286105e-19
1636.2        	2.285584e-19
1636.25       	2.285064e-19
1636.3        	2.284545e-19
1636.35       	2.284025e-19
1636.4        	2.283505e-19
1636.45       	2.282985e-19
1636.5        	2.282466e-19
1636.55       	2.281947e-19
1636.6        	2.281427e-19
1636.65       	2.280908e-19
1636.7        	2.280389e-19
1636.75       	2.279871e-19
1636.8        	2.279352e-19
1636.85       	2.278833e-19
1636.9        	2.278315e-19
1636.95       	2.277796e-19
1637          	2.277278e-19
1637.05       	2.276760e-19
1637.1        	2.276242e-19
1637.15       	2.275724e-19
1637.2        	2.275206e-19
1637.25       	2.274688e-19
1637.3        	2.274171e-19
1637.35       	2.273653e-19
1637.4        	2.273136e-19
1637.45       	2.272619e-19
1637.5        	2.272102e-19
1637.55       	2.271585e-19
1637.6        	2.271068e-19
1637.65       	2.270551e-19
1637.7        	2.270035e-19
1637.75       	2.269518e-19
1637.8        	2.269002e-19
1637.85       	2.268485e-19
1637.9        	2.267969e-19
1637.95       	2.267453e-19
1638          	2.266937e-19
1638.05       	2.266422e-19
1638.1        	2.265906e-19
1638.15       	2.265390e-19
1638.2        	2.264875e-19
1638.25       	2.264360e-19
1638.3        	2.263844e-19
1638.35       	2.263329e-19
1638.4        	2.262814e-19
1638.45       	2.262299e-19
1638.5        	2.261785e-19
1638.55       	2.261270e-19
1638.6        	2.260756e-19
1638.65       	2.260241e-19
1638.7        	2.259727e-19
1638.75       	2.259213e-19
1638.8        	2.258699e-19
1638.85       	2.258185e-19
1638.9        	2.257671e-19
1638.95       	2.257157e-19
1639          	2.256644e-19
1639.05       	2.256130e-19
1639.1        	2.255617e-19
1639.15       	2.255104e-19
1639.2        	2.254591e-19
1639.25       	2.254078e-19
1639.3        	2.253565e-19
1639.35       	2.253052e-19
1639.4        	2.252540e-19
1639.45       	2.252027e-19
1639.5        	2.251515e-19
1639.55       	2.251002e-19
1639.6        	2.250490e-19
1639.65       	2.249978e-19
1639.7        	2.249466e-19
1639.75       	2.248954e-19
1639.8        	2.248443e-19
1639.85       	2.247931e-19
1639.9        	2.247420e-19
1639.95       	2.246908e-19
1640          	2.246397e-19
1640.05       	2.245886e-19
1640.1        	2.245375e-19
1640.15       	2.244864e-19
1640.2        	2.244353e-19
1640.25       	2.243843e-19
1640.3        	2.243332e-19
1640.35       	2.242822e-19
1640.4        	2.242311e-19
1640.45       	2.241801e-19
1640.5        	2.241291e-19
1640.55       	2.240781e-19
1640.6        	2.240271e-19
1640.65       	2.239762e-19
1640.7        	2.239252e-19
1640.75       	2.238743e-19
1640.8        	2.238233e-19
1640.85       	2.237724e-19
1640.9        	2.237215e-19
1640.95       	2.236706e-19
1641          	2.236197e-19
1641.05       	2.235688e-19
1641.1        	2.235180e-19
1641.15       	2.234671e-19
1641.2        	2.234163e-19
1641.25       	2.233654e-19
1641.3        	2.233146e-19
1641.35       	2.232638e-19
1641.4        	2.232130e-19
1641.45       	2.231622e-19
1641.5        	2.231114e-19
1641.55       	2.230607e-19
1641.6        	2.230099e-19
1641.65       	2.229592e-19
1641.7        	2.229084e-19
1641.75       	2.228577e-19
1641.8        	2.228070e-19
1641.85       	2.227563e-19
1641.9        	2.227057e-19
1641.95       	2.226550e-19
1642          	2.226043e-19
1642.05       	2.225537e-19
1642.1        	2.225030e-19
1642.15       	2.224524e-19
1642.2        	2.224018e-19
1642.25       	2.223512e-19
1642.3        	2.223006e-19
1642.35       	2.222500e-19
1642.4        	2.221995e-19
1642.45       	2.221489e-19
1642.5        	2.220984e-19
1642.55       	2.220478e-19
1642.6        	2.219973e-19
1642.65       	2.219468e-19
1642.7        	2.218963e-19
1642.75       	2.218458e-19
1642.8        	2.217953e-19
1642.85       	2.217449e-19
1642.9        	2.216944e-19
1642.95       	2.216440e-19
1643          	2.215936e-19
1643.05       	2.215432e-19
1643.1        	2.214927e-19
1643.15       	2.214424e-19
1643.2        	2.213920e-19
1643.25       	2.213416e-19
1643.3        	2.212912e-19
1643.35       	2.212409e-19
1643.4        	2.211906e-19
1643.45       	2.211402e-19
1643.5        	2.210899e-19
1643.55       	2.210396e-19
1643.6        	2.209893e-19
1643.65       	2.209390e-19
1643.7        	2.208888e-19
1643.75       	2.208385e-19
1643.8        	2.207883e-19
1643.85       	2.207380e-19
1643.9        	2.206878e-19
1643.95       	2.206376e-19
1644          	2.205874e-19
1644.05       	2.205372e-19
1644.1        	2.204870e-19
1644.15       	2.204369e-19
1644.2        	2.203867e-19
1644.25       	2.203366e-19
1644.3        	2.202865e-19
1644.35       	2.202363e-19
1644.4        	2.201862e-19
1644.45       	2.201361e-19
1644.5        	2.200860e-19
1644.55       	2.200360e-19
1644.6        	2.199859e-19
1644.65       	2.199359e-19
1644.7        	2.198858e-19
1644.75       	2.198358e-19
1644.8        	2.197858e-19
1644.85       	2.197358e-19
1644.9        	2.196858e-19
1644.95       	2.196358e-19
1645          	2.195858e-19
1645.05       	2.195359e-19
1645.1        	2.194859e-19
1645.15       	2.194360e-19
1645.2        	2.193861e-19
1645.25       	2.193361e-19
1645.3        	2.192862e-19
1645.35       	2.192363e-19
1645.4        	2.191865e-19
1645.45       	2.191366e-19
1645.5        	2.190867e-19
1645.55       	2.190369e-19
1645.6        	2.189871e-19
1645.65       	2.189372e-19
1645.7        	2.188874e-19
1645.75       	2.188376e-19
1645.8        	2.187878e-19
1645.85       	2.187381e-19
1645.9        	2.186883e-19
1645.95       	2.186385e-19
1646          	2.185888e-19
1646.05       	2.185391e-19
1646.1        	2.184893e-19
1646.15       	2.184396e-19
1646.2        	2.183899e-19
1646.25       	2.183403e-19
1646.3        	2.182906e-19
1646.35       	2.182409e-19
1646.4        	2.181913e-19
1646.45       	2.181416e-19
1646.5        	2.180920e-19
1646.55       	2.180424e-19
1646.6        	2.179928e-19
1646.65       	2.179432e-19
1646.7        	2.178936e-19
1646.75       	2.178440e-19
1646.8        	2.177944e-19
1646.85       	2.177449e-19
1646.9        	2.176954e-19
1646.95       	2.176458e-19
1647          	2.175963e-19
1647.05       	2.175468e-19
1647.1        	2.174973e-19
1647.15       	2.174478e-19
1647.2        	2.173984e-19
1647.25       	2.173489e-19
1647.3        	2.172994e-19
1647.35       	2.172500e-19
1647.4        	2.172006e-19
1647.45       	2.171512e-19
1647.5        	2.171018e-19
1647.55       	2.170524e-19
1647.6        	2.170030e-19
1647.65       	2.169536e-19
1647.7        	2.169043e-19
1647.75       	2.168549e-19
1647.8        	2.168056e-19
1647.85       	2.167562e-19
1647.9        	2.167069e-19
1647.95       	2.166576e-19
1648          	2.166083e-19
1648.05       	2.165590e-19
1648.1        	2.165098e-19
1648.15       	2.164605e-19
1648.2        	2.164113e-19
1648.25       	2.163620e-19
1648.3        	2.163128e-19
1648.35       	2.162636e-19
1648.4        	2.162144e-19
1648.45       	2.161652e-19
1648.5        	2.161160e-19
1648.55       	2.160669e-19
1648.6        	2.160177e-19
1648.65       	2.159686e-19
1648.7        	2.159194e-19
1648.75       	2.158703e-19
1648.8        	2.158212e-19
1648.85       	2.157721e-19
1648.9        	2.157230e-19
1648.95       	2.156739e-19
1649          	2.156248e-19
1649.05       	2.155758e-19
1649.1        	2.155267e-19
1649.15       	2.154777e-19
1649.2        	2.154287e-19
1649.25       	2.153797e-19
1649.3        	2.153307e-19
1649.35       	2.152817e-19
1649.4        	2.152327e-19
1649.45       	2.151837e-19
1649.5        	2.151348e-19
1649.55       	2.150858e-19
1649.6        	2.150369e-19
1649.65       	2.149880e-19
1649.7        	2.149391e-19
1649.75       	2.148902e-19
1649.8        	2.148413e-19
1649.85       	2.147924e-19
1649.9        	2.147435e-19
1649.95       	2.146947e-19
1650          	2.146458e-19
1650.05       	2.145970e-19
1650.1        	2.145482e-19
1650.15       	2.144994e-19
1650.2        	2.144506e-19
1650.25       	2.144018e-19
1650.3        	2.143530e-19
1650.35       	2.143042e-19
1650.4        	2.142555e-19
1650.45       	2.142067e-19
1650.5        	2.141580e-19
1650.55       	2.141093e-19
1650.6        	2.140606e-19
1650.65       	2.140119e-19
1650.7        	2.139632e-19
1650.75       	2.139145e-19
1650.8        	2.138658e-19
1650.85       	2.138172e-19
1650.9        	2.137685e-19
1650.95       	2.137199e-19
1651          	2.136713e-19
1651.05       	2.136227e-19
1651.1        	2.135741e-19
1651.15       	2.135255e-19
1651.2        	2.134769e-19
1651.25       	2.134283e-19
1651.3        	2.133798e-19
1651.35       	2.133312e-19
1651.4        	2.132827e-19
1651.45       	2.132342e-19
1651.5        	2.131857e-19
1651.55       	2.131372e-19
1651.6        	2.130887e-19
1651.65       	2.130402e-19
1651.7        	2.129917e-19
1651.75       	2.129433e-19
1651.8        	2.128948e-19
1651.85       	2.128464e-19
1651.9        	2.127980e-19
1651.95       	2.127496e-19
1652          	2.127012e-19
1652.05       	2.126528e-19
1652.1        	2.126044e-19
1652.15       	2.125560e-19
1652.2        	2.125077e-19
1652.25       	2.124593e-19
1652.3        	2.124110e-19
1652.35       	2.123627e-19
1652.4        	2.123143e-19
1652.45       	2.122660e-19
1652.5        	2.122177e-19
1652.55       	2.121695e-19
1652.6        	2.121212e-19
1652.65       	2.120729e-19
1652.7        	2.120247e-19
1652.75       	2.119765e-19
1652.8        	2.119282e-19
1652.85       	2.118800e-19
1652.9        	2.118318e-19
1652.95       	2.117836e-19
1653          	2.117354e-19
1653.05       	2.116873e-19
1653.1        	2.116391e-19
1653.15       	2.115910e-19
1653.2        	2.115428e-19
1653.25       	2.114947e-19
1653.3        	2.114466e-19
1653.35       	2.113985e-19
1653.4        	2.113504e-19
1653.45       	2.113023e-19
1653.5        	2.112542e-19
1653.55       	2.112062e-19
1653.6        	2.111581e-19
1653.65       	2.111101e-19
1653.7        	2.110621e-19
1653.75       	2.110140e-19
1653.8        	2.109660e-19
1653.85       	2.109180e-19
1653.9        	2.108701e-19
1653.95       	2.108221e-19
1654          	2.107741e-19
1654.05       	2.107262e-19
1654.1        	2.106782e-19
1654.15       	2.106303e-19
1654.2        	2.105824e-19
1654.25       	2.105345e-19
1654.3        	2.104866e-19
1654.35       	2.104387e-19
1654.4        	2.103908e-19
1654.45       	2.103430e-19
1654.5        	2.102951e-19
1654.55       	2.102473e-19
1654.6        	2.101994e-19
1654.65       	2.101516e-19
1654.7        	2.101038e-19
1654.75       	2.100560e-19
1654.8        	2.100082e-19
1654.85       	2.099604e-19
1654.9        	2.099127e-19
1654.95       	2.098649e-19
1655          	2.098172e-19
1655.05       	2.097694e-19
1655.1        	2.097217e-19
1655.15       	2.096740e-19
1655.2        	2.096263e-19
1655.25       	2.095786e-19
1655.3        	2.095309e-19
1655.35       	2.094833e-19
1655.4        	2.094356e-19
1655.45       	2.093880e-19
1655.5        	2.093403e-19
1655.55       	2.092927e-19
1655.6        	2.092451e-19
1655.65       	2.091975e-19
1655.7        	2.091499e-19
1655.75       	2.091023e-19
1655.8        	2.090547e-19
1655.85       	2.090072e-19
1655.9        	2.089596e-19
1655.95       	2.089121e-19
1656          	2.088646e-19
1656.05       	2.088171e-19
1656.1        	2.087696e-19
1656.15       	2.087221e-19
1656.2        	2.086746e-19
1656.25       	2.086271e-19
1656.3        	2.085796e-19
1656.35       	2.085322e-19
1656.4        	2.084848e-19
1656.45       	2.084373e-19
1656.5        	2.083899e-19
1656.55       	2.083425e-19
1656.6        	2.082951e-19
1656.65       	2.082477e-19
1656.7        	2.082003e-19
1656.75       	2.081530e-19
1656.8        	2.081056e-19
1656.85       	2.080583e-19
1656.9        	2.080109e-19
1656.95       	2.079636e-19
1657          	2.079163e-19
1657.05       	2.078690e-19
1657.1        	2.078217e-19
1657.15       	2.077744e-19
1657.2        	2.077272e-19
1657.25       	2.076799e-19
1657.3        	2.076327e-19
1657.35       	2.075854e-19
1657.4        	2.075382e-19
1657.45       	2.074910e-19
1657.5        	2.074438e-19
1657.55       	2.073966e-19
1657.6        	2.073494e-19
1657.65       	2.073023e-19
1657.7        	2.072551e-19
1657.75       	2.072080e-19
1657.8        	2.071608e-19
1657.85       	2.071137e-19
1657.9        	2.070666e-19
1657.95       	2.070195e-19
1658          	2.069724e-19
1658.05       	2.069253e-19
1658.1        	2.068782e-19
1658.15       	2.068311e-19
1658.2        	2.067841e-19
1658.25       	2.067371e-19
1658.3        	2.066900e-19
1658.35       	2.066430e-19
1658.4        	2.065960e-19
1658.45       	2.065490e-19
1658.5        	2.065020e-19
1658.55       	2.064550e-19
1658.6        	2.064081e-19
1658.65       	2.063611e-19
1658.7        	2.063142e-19
1658.75       	2.062672e-19
1658.8        	2.062203e-19
1658.85       	2.061734e-19
1658.9        	2.061265e-19
1658.95       	2.060796e-19
1659          	2.060327e-19
1659.05       	2.059858e-19
1659.1        	2.059390e-19
1659.15       	2.058921e-19
1659.2        	2.058453e-19
1659.25       	2.057985e-19
1659.3        	2.057516e-19
1659.35       	2.057048e-19
1659.4        	2.056580e-19
1659.45       	2.056113e-19
1659.5        	2.055645e-19
1659.55       	2.055177e-19
1659.6        	2.054710e-19
1659.65       	2.054242e-19
1659.7        	2.053775e-19
1659.75       	2.053308e-19
1659.8        	2.052841e-19
1659.85       	2.052374e-19
1659.9        	2.051907e-19
1659.95       	2.051440e-19
1660          	2.050973e-19
1660.05       	2.050507e-19
1660.1        	2.050040e-19
1660.15       	2.049574e-19
1660.2        	2.049108e-19
1660.25       	2.048642e-19
1660.3        	2.048175e-19
1660.35       	2.047710e-19
1660.4        	2.047244e-19
1660.45       	2.046778e-19
1660.5        	2.046312e-19
1660.55       	2.045847e-19
1660.6        	2.045381e-19
1660.65       	2.044916e-19
1660.7        	2.044451e-19
1660.75       	2.043986e-19
1660.8        	2.043521e-19
1660.85       	2.043056e-19
1660.9        	2.042591e-19
1660.95       	2.042127e-19
1661          	2.041662e-19
1661.05       	2.041198e-19
1661.1        	2.040733e-19
1661.15       	2.040269e-19
1661.2        	2.039805e-19
1661.25       	2.039341e-19
1661.3        	2.038877e-19
1661.35       	2.038413e-19
1661.4        	2.037949e-19
1661.45       	2.037486e-19
1661.5        	2.037022e-19
1661.55       	2.036559e-19
1661.6        	2.036096e-19
1661.65       	2.035632e-19
1661.7        	2.035169e-19
1661.75       	2.034706e-19
1661.8        	2.034244e-19
1661.85       	2.033781e-19
1661.9        	2.033318e-19
1661.95       	2.032856e-19
1662          	2.032393e-19
1662.05       	2.031931e-19
1662.1        	2.031469e-19
1662.15       	2.031006e-19
1662.2        	2.030544e-19
1662.25       	2.030082e-19
1662.3        	2.029621e-19
1662.35       	2.029159e-19
1662.4        	2.028697e-19
1662.45       	2.028236e-19
1662.5        	2.027774e-19
1662.55       	2.027313e-19
1662.6        	2.026852e-19
1662.65       	2.026391e-19
1662.7        	2.025930e-19
1662.75       	2.025469e-19
1662.8        	2.025008e-19
1662.85       	2.024548e-19
1662.9        	2.024087e-19
1662.95       	2.023627e-19
1663          	2.023166e-19
1663.05       	2.022706e-19
1663.1        	2.022246e-19
1663.15       	2.021786e-19
1663.2        	2.021326e-19
1663.25       	2.020866e-19
1663.3        	2.020407e-19
1663.35       	2.019947e-19
1663.4        	2.019487e-19
1663.45       	2.019028e-19
1663.5        	2.018569e-19
1663.55       	2.018110e-19
1663.6        	2.017650e-19
1663.65       	2.017191e-19
1663.7        	2.016733e-19
1663.75       	2.016274e-19
1663.8        	2.015815e-19
1663.85       	2.015357e-19
1663.9        	2.014898e-19
1663.95       	2.014440e-19
1664          	2.013982e-19
1664.05       	2.013523e-19
1664.1        	2.013065e-19
1664.15       	2.012607e-19
1664.2        	2.012150e-19
1664.25       	2.011692e-19
1664.3        	2.011234e-19
1664.35       	2.010777e-19
1664.4        	2.010319e-19
1664.45       	2.009862e-19
1664.5        	2.009405e-19
1664.55       	2.008948e-19
1664.6        	2.008491e-19
1664.65       	2.008034e-19
1664.7        	2.007577e-19
1664.75       	2.007120e-19
1664.8        	2.006664e-19
1664.85       	2.006207e-19
1664.9        	2.005751e-19
1664.95       	2.005295e-19
1665          	2.004839e-19
1665.05       	2.004382e-19
1665.1        	2.003927e-19
1665.15       	2.003471e-19
1665.2        	2.003015e-19
1665.25       	2.002559e-19
1665.3        	2.002104e-19
1665.35       	2.001648e-19
1665.4        	2.001193e-19
1665.45       	2.000738e-19
1665.5        	2.000283e-19
1665.55       	1.999828e-19
1665.6        	1.999373e-19
1665.65       	1.998918e-19
1665.7        	1.998463e-19
1665.75       	1.998009e-19
1665.8        	1.997554e-19
1665.85       	1.997100e-19
1665.9        	1.996645e-19
1665.95       	1.996191e-19
1666          	1.995737e-19
1666.05       	1.995283e-19
1666.1        	1.994829e-19
1666.15       	1.994375e-19
1666.2        	1.993922e-19
1666.25       	1.993468e-19
1666.3        	1.993015e-19
1666.35       	1.992561e-19
1666.4        	1.992108e-19
1666.45       	1.991655e-19
1666.5        	1.991202e-19
1666.55       	1.990749e-19
1666.6        	1.990296e-19
1666.65       	1.989843e-19
1666.7        	1.989391e-19
1666.75       	1.988938e-19
1666.8        	1.988486e-19
1666.85       	1.988033e-19
1666.9        	1.987581e-19
1666.95       	1.987129e-19
1667          	1.986677e-19
1667.05       	1.986225e-19
1667.1        	1.985773e-19
1667.15       	1.985322e-19
1667.2        	1.984870e-19
1667.25       	1.984419e-19
1667.3        	1.983967e-19
1667.35       	1.983516e-19
1667.4        	1.983065e-19
1667.45       	1.982614e-19
1667.5        	1.982163e-19
1667.55       	1.981712e-19
1667.6        	1.981261e-19
1667.65       	1.980810e-19
1667.7        	1.980360e-19
1667.75       	1.979909e-19
1667.8        	1.979459e-19
1667.85       	1.979008e-19
1667.9        	1.978558e-19
1667.95       	1.978108e-19
1668          	1.977658e-19
1668.05       	1.977208e-19
1668.1        	1.976759e-19
1668.15       	1.976309e-19
1668.2        	1.975859e-19
1668.25       	1.975410e-19
1668.3        	1.974961e-19
1668.35       	1.974511e-19
1668.4        	1.974062e-19
1668.45       	1.973613e-19
1668.5        	1.973164e-19
1668.55       	1.972715e-19
1668.6        	1.972267e-19
1668.65       	1.971818e-19
1668.7        	1.971370e-19
1668.75       	1.970921e-19
1668.8        	1.970473e-19
1668.85       	1.970025e-19
1668.9        	1.969576e-19
1668.95       	1.969128e-19
1669          	1.968680e-19
1669.05       	1.968233e-19
1669.1        	1.967785e-19
1669.15       	1.967337e-19
1669.2        	1.966890e-19
1669.25       	1.966442e-19
1669.3        	1.965995e-19
1669.35       	1.965548e-19
1669.4        	1.965101e-19
1669.45       	1.964654e-19
1669.5        	1.964207e-19
1669.55       	1.963760e-19
1669.6        	1.963313e-19
1669.65       	1.962867e-19
1669.7        	1.962420e-19
1669.75       	1.961974e-19
1669.8        	1.961528e-19
1669.85       	1.961081e-19
1669.9        	1.960635e-19
1669.95       	1.960189e-19
1670          	1.959744e-19
1670.05       	1.959298e-19
1670.1        	1.958852e-19
1670.15       	1.958406e-19
1670.2        	1.957961e-19
1670.25       	1.957516e-19
1670.3        	1.957070e-19
1670.35       	1.956625e-19
1670.4        	1.956180e-19
1670.45       	1.955735e-19
1670.5        	1.955290e-19
1670.55       	1.954846e-19
1670.6        	1.954401e-19
1670.65       	1.953956e-19
1670.7        	1.953512e-19
1670.75       	1.953067e-19
1670.8        	1.952623e-19
1670.85       	1.952179e-19
1670.9        	1.951735e-19
1670.95       	1.951291e-19
1671          	1.950847e-19
1671.05       	1.950403e-19
1671.1        	1.949960e-19
1671.15       	1.949516e-19
1671.2        	1.949073e-19
1671.25       	1.948629e-19
1671.3        	1.948186e-19
1671.35       	1.947743e-19
1671.4        	1.947300e-19
1671.45       	1.946857e-19
1671.5        	1.946414e-19
1671.55       	1.945972e-19
1671.6        	1.945529e-19
1671.65       	1.945086e-19
1671.7        	1.944644e-19
1671.75       	1.944202e-19
1671.8        	1.943759e-19
1671.85       	1.943317e-19
1671.9        	1.942875e-19
1671.95       	1.942433e-19
1672          	1.941991e-19
1672.05       	1.941550e-19
1672.1        	1.941108e-19
1672.15       	1.940666e-19
1672.2        	1.940225e-19
1672.25       	1.939784e-19
1672.3        	1.939342e-19
1672.35       	1.938901e-19
1672.4        	1.938460e-19
1672.45       	1.938019e-19
1672.5        	1.937579e-19
1672.55       	1.937138e-19
1672.6        	1.936697e-19
1672.65       	1.936257e-19
1672.7        	1.935816e-19
1672.75       	1.935376e-19
1672.8        	1.934936e-19
1672.85       	1.934496e-19
1672.9        	1.934056e-19
1672.95       	1.933616e-19
1673          	1.933176e-19
1673.05       	1.932736e-19
1673.1        	1.932296e-19
1673.15       	1.931857e-19
1673.2        	1.931418e-19
1673.25       	1.930978e-19
1673.3        	1.930539e-19
1673.35       	1.930100e-19
1673.4        	1.929661e-19
1673.45       	1.929222e-19
1673.5        	1.928783e-19
1673.55       	1.928344e-19
1673.6        	1.927906e-19
1673.65       	1.927467e-19
1673.7        	1.927029e-19
1673.75       	1.926590e-19
1673.8        	1.926152e-19
1673.85       	1.925714e-19
1673.9        	1.925276e-19
1673.95       	1.924838e-19
1674          	1.924400e-19
1674.05       	1.923963e-19
1674.1        	1.923525e-19
1674.15       	1.923087e-19
1674.2        	1.922650e-19
1674.25       	1.922213e-19
1674.3        	1.921775e-19
1674.35       	1.921338e-19
1674.4        	1.920901e-19
1674.45       	1.920464e-19
1674.5        	1.920028e-19
1674.55       	1.919591e-19
1674.6        	1.919154e-19
1674.65       	1.918718e-19
1674.7        	1.918281e-19
1674.75       	1.917845e-19
1674.8        	1.917409e-19
1674.85       	1.916973e-19
1674.9        	1.916537e-19
1674.95       	1.916101e-19
1675          	1.915665e-19
1675.05       	1.915229e-19
1675.1        	1.914793e-19
1675.15       	1.914358e-19
1675.2        	1.913922e-19
1675.25       	1.913487e-19
1675.3        	1.913052e-19
1675.35       	1.912617e-19
1675.4        	1.912182e-19
1675.45       	1.911747e-19
1675.5        	1.911312e-19
1675.55       	1.910877e-19
1675.6        	1.910443e-19
1675.65       	1.910008e-19
1675.7        	1.909574e-19
1675.75       	1.909139e-19
1675.8        	1.908705e-19
1675.85       	1.908271e-19
1675.9        	1.907837e-19
1675.95       	1.907403e-19
1676          	1.906969e-19
1676.05       	1.906535e-19
1676.1        	1.906102e-19
1676.15       	1.905668e-19
1676.2        	1.905235e-19
1676.25       	1.904801e-19
1676.3        	1.904368e-19
1676.35       	1.903935e-19
1676.4        	1.903502e-19
1676.45       	1.903069e-19
1676.5        	1.902636e-19
1676.55       	1.902203e-19
1676.6        	1.901770e-19
1676.65       	1.901338e-19
1676.7        	1.900905e-19
1676.75       	1.900473e-19
1676.8        	1.900041e-19
1676.85       	1.899609e-19
1676.9        	1.899177e-19
1676.95       	1.898745e-19
1677          	1.898313e-19
1677.05       	1.897881e-19
1677.1        	1.897449e-19
1677.15       	1.897018e-19
1677.2        	1.896586e-19
1677.25       	1.896155e-19
1677.3        	1.895724e-19
1677.35       	1.895292e-19
1677.4        	1.894861e-19
1677.45       	1.894430e-19
1677.5        	1.893999e-19
1677.55       	1.893569e-19
1677.6        	1.893138e-19
1677.65       	1.892707e-19
1677.7        	1.892277e-19
1677.75       	1.891846e-19
1677.8        	1.891416e-19
1677.85       	1.890986e-19
1677.9        	1.890556e-19
1677.95       	1.890126e-19
1678          	1.889696e-19
1678.05       	1.889266e-19
1678.1        	1.888836e-19
1678.15       	1.888407e-19
1678.2        	1.887977e-19
1678.25       	1.887548e-19
1678.3        	1.887118e-19
1678.35       	1.886689e-19
1678.4        	1.886260e-19
1678.45       	1.885831e-19
1678.5        	1.885402e-19
1678.55       	1.884973e-19
1678.6        	1.884545e-19
1678.65       	1.884116e-19
1678.7        	1.883687e-19
1678.75       	1.883259e-19
1678.8        	1.882831e-19
1678.85       	1.882402e-19
1678.9        	1.881974e-19
1678.95       	1.881546e-19
1679          	1.881118e-19
1679.05       	1.880690e-19
1679.1        	1.880263e-19
1679.15       	1.879835e-19
1679.2        	1.879407e-19
1679.25       	1.878980e-19
1679.3        	1.878552e-19
1679.35       	1.878125e-19
1679.4        	1.877698e-19
1679.45       	1.877271e-19
1679.5        	1.876844e-19
1679.55       	1.876417e-19
1679.6        	1.875990e-19
1679.65       	1.875564e-19
1679.7        	1.875137e-19
1679.75       	1.874710e-19
1679.8        	1.874284e-19
1679.85       	1.873858e-19
1679.9        	1.873432e-19
1679.95       	1.873005e-19
1680          	1.872579e-19
1680.05       	1.872154e-19
1680.1        	1.871728e-19
1680.15       	1.871302e-19
1680.2        	1.870876e-19
1680.25       	1.870451e-19
1680.3        	1.870025e-19
1680.35       	1.869600e-19
1680.4        	1.869175e-19
1680.45       	1.868750e-19
1680.5        	1.868325e-19
1680.55       	1.867900e-19
1680.6        	1.867475e-19
1680.65       	1.867050e-19
1680.7        	1.866626e-19
1680.75       	1.866201e-19
1680.8        	1.865776e-19
1680.85       	1.865352e-19
1680.9        	1.864928e-19
1680.95       	1.864504e-19
1681          	1.864080e-19
1681.05       	1.863656e-19
1681.1        	1.863232e-19
1681.15       	1.862808e-19
1681.2        	1.862384e-19
1681.25       	1.861961e-19
1681.3        	1.861537e-19
1681.35       	1.861114e-19
1681.4        	1.860691e-19
1681.45       	1.860267e-19
1681.5        	1.859844e-19
1681.55       	1.859421e-19
1681.6        	1.858998e-19
1681.65       	1.858575e-19
1681.7        	1.858153e-19
1681.75       	1.857730e-19
1681.8        	1.857308e-19
1681.85       	1.856885e-19
1681.9        	1.856463e-19
1681.95       	1.856041e-19
1682          	1.855618e-19
1682.05       	1.855196e-19
1682.1        	1.854774e-19
1682.15       	1.854353e-19
1682.2        	1.853931e-19
1682.25       	1.853509e-19
1682.3        	1.853088e-19
1682.35       	1.852666e-19
1682.4        	1.852245e-19
1682.45       	1.851823e-19
1682.5        	1.851402e-19
1682.55       	1.850981e-19
1682.6        	1.850560e-19
1682.65       	1.850139e-19
1682.7        	1.849719e-19
1682.75       	1.849298e-19
1682.8        	1.848877e-19
1682.85       	1.848457e-19
1682.9        	1.848036e-19
1682.95       	1.847616e-19
1683          	1.847196e-19
1683.05       	1.846776e-19
1683.1        	1.846356e-19
1683.15       	1.845936e-19
1683.2        	1.845516e-19
1683.25       	1.845096e-19
1683.3        	1.844676e-19
1683.35       	1.844257e-19
1683.4        	1.843837e-19
1683.45       	1.843418e-19
1683.5        	1.842999e-19
1683.55       	1.842580e-19
1683.6        	1.842161e-19
1683.65       	1.841742e-19
1683.7        	1.841323e-19
1683.75       	1.840904e-19
1683.8        	1.840485e-19
1683.85       	1.840067e-19
1683.9        	1.839648e-19
1683.95       	1.839230e-19
1684          	1.838811e-19
1684.05       	1.838393e-19
1684.1        	1.837975e-19
1684.15       	1.837557e-19
1684.2        	1.837139e-19
1684.25       	1.836721e-19
1684.3        	1.836304e-19
1684.35       	1.835886e-19
1684.4        	1.835468e-19
1684.45       	1.835051e-19
1684.5        	1.834634e-19
1684.55       	1.834216e-19
1684.6        	1.833799e-19
1684.65       	1.833382e-19
1684.7        	1.832965e-19
1684.75       	1.832548e-19
1684.8        	1.832131e-19
1684.85       	1.831715e-19
1684.9        	1.831298e-19
1684.95       	1.830882e-19
1685          	1.830465e-19
1685.05       	1.830049e-19
1685.1        	1.829633e-19
1685.15       	1.829216e-19
1685.2        	1.828800e-19
1685.25       	1.828385e-19
1685.3        	1.827969e-19
1685.35       	1.827553e-19
1685.4        	1.827137e-19
1685.45       	1.826722e-19
1685.5        	1.826306e-19
1685.55       	1.825891e-19
1685.6        	1.825476e-19
1685.65       	1.825060e-19
1685.7        	1.824645e-19
1685.75       	1.824230e-19
1685.8        	1.823816e-19
1685.85       	1.823401e-19
1685.9        	1.822986e-19
1685.95       	1.822571e-19
1686          	1.822157e-19
1686.05       	1.821742e-19
1686.1        	1.821328e-19
1686.15       	1.820914e-19
1686.2        	1.820500e-19
1686.25       	1.820086e-19
1686.3        	1.819672e-19
1686.35       	1.819258e-19
1686.4        	1.818844e-19
1686.45       	1.818430e-19
1686.5        	1.818017e-19
1686.55       	1.817603e-19
1686.6        	1.817190e-19
1686.65       	1.816777e-19
1686.7        	1.816364e-19
1686.75       	1.815950e-19
1686.8        	1.815537e-19
1686.85       	1.815125e-19
1686.9        	1.814712e-19
1686.95       	1.814299e-19
1687          	1.813886e-19
1687.05       	1.813474e-19
1687.1        	1.813061e-19
1687.15       	1.812649e-19
1687.2        	1.812237e-19
1687.25       	1.811825e-19
1687.3        	1.811413e-19
1687.35       	1.811001e-19
1687.4        	1.810589e-19
1687.45       	1.810177e-19
1687.5        	1.809765e-19
1687.55       	1.809354e-19
1687.6        	1.808942e-19
1687.65       	1.808531e-19
1687.7        	1.808119e-19
1687.75       	1.807708e-19
1687.8        	1.807297e-19
1687.85       	1.806886e-19
1687.9        	1.806475e-19
1687.95       	1.806064e-19
1688          	1.805654e-19
1688.05       	1.805243e-19
1688.1        	1.804832e-19
1688.15       	1.804422e-19
1688.2        	1.804011e-19
1688.25       	1.803601e-19
1688.3        	1.803191e-19
1688.35       	1.802781e-19
1688.4        	1.802371e-19
1688.45       	1.801961e-19
1688.5        	1.801551e-19
1688.55       	1.801141e-19
1688.6        	1.800732e-19
1688.65       	1.800322e-19
1688.7        	1.799913e-19
1688.75       	1.799503e-19
1688.8        	1.799094e-19
1688.85       	1.798685e-19
1688.9        	1.798276e-19
1688.95       	1.797867e-19
1689          	1.797458e-19
1689.05       	1.797049e-19
1689.1        	1.796641e-19
1689.15       	1.796232e-19
1689.2        	1.795824e-19
1689.25       	1.795415e-19
1689.3        	1.795007e-19
1689.35       	1.794599e-19
1689.4        	1.794190e-19
1689.45       	1.793782e-19
1689.5        	1.793374e-19
1689.55       	1.792967e-19
1689.6        	1.792559e-19
1689.65       	1.792151e-19
1689.7        	1.791744e-19
1689.75       	1.791336e-19
1689.8        	1.790929e-19
1689.85       	1.790521e-19
1689.9        	1.790114e-19
1689.95       	1.789707e-19
1690          	1.789300e-19
1690.05       	1.788893e-19
1690.1        	1.788486e-19
1690.15       	1.788079e-19
1690.2        	1.787673e-19
1690.25       	1.787266e-19
1690.3        	1.786860e-19
1690.35       	1.786453e-19
1690.4        	1.786047e-19
1690.45       	1.785641e-19
1690.5        	1.785235e-19
1690.55       	1.784829e-19
1690.6        	1.784423e-19
1690.65       	1.784017e-19
1690.7        	1.783611e-19
1690.75       	1.783206e-19
1690.8        	1.782800e-19
1690.85       	1.782395e-19
1690.9        	1.781989e-19
1690.95       	1.781584e-19
1691          	1.781179e-19
1691.05       	1.780774e-19
1691.1        	1.780369e-19
1691.15       	1.779964e-19
1691.2        	1.779559e-19
1691.25       	1.779154e-19
1691.3        	1.778750e-19
1691.35       	1.778345e-19
1691.4        	1.777941e-19
1691.45       	1.777537e-19
1691.5        	1.777132e-19
1691.55       	1.776728e-19
1691.6        	1.776324e-19
1691.65       	1.775920e-19
1691.7        	1.775516e-19
1691.75       	1.775112e-19
1691.8        	1.774709e-19
1691.85       	1.774305e-19
1691.9        	1.773902e-19
1691.95       	1.773498e-19
1692          	1.773095e-19
1692.05       	1.772692e-19
1692.1        	1.772289e-19
1692.15       	1.771885e-19
1692.2        	1.771482e-19
1692.25       	1.771080e-19
1692.3        	1.770677e-19
1692.35       	1.770274e-19
1692.4        	1.769872e-19
1692.45       	1.769469e-19
1692.5        	1.769067e-19
1692.55       	1.768664e-19
1692.6        	1.768262e-19
1692.65       	1.767860e-19
1692.7        	1.767458e-19
1692.75       	1.767056e-19
1692.8        	1.766654e-19
1692.85       	1.766252e-19
1692.9        	1.765851e-19
1692.95       	1.765449e-19
1693          	1.765048e-19
1693.05       	1.764646e-19
1693.1        	1.764245e-19
1693.15       	1.763844e-19
1693.2        	1.763443e-19
1693.25       	1.763041e-19
1693.3        	1.762641e-19
1693.35       	1.762240e-19
1693.4        	1.761839e-19
1693.45       	1.761438e-19
1693.5        	1.761038e-19
1693.55       	1.760637e-19
1693.6        	1.760237e-19
1693.65       	1.759836e-19
1693.7        	1.759436e-19
1693.75       	1.759036e-19
1693.8        	1.758636e-19
1693.85       	1.758236e-19
1693.9        	1.757836e-19
1693.95       	1.757437e-19
1694          	1.757037e-19
1694.05       	1.756637e-19
1694.1        	1.756238e-19
1694.15       	1.755838e-19
1694.2        	1.755439e-19
1694.25       	1.755040e-19
1694.3        	1.754641e-19
1694.35       	1.754242e-19
1694.4        	1.753843e-19
1694.45       	1.753444e-19
1694.5        	1.753045e-19
1694.55       	1.752647e-19
1694.6        	1.752248e-19
1694.65       	1.751849e-19
1694.7        	1.751451e-19
1694.75       	1.751053e-19
1694.8        	1.750655e-19
1694.85       	1.750256e-19
1694.9        	1.749858e-19
1694.95       	1.749460e-19
1695          	1.749063e-19
1695.05       	1.748665e-19
1695.1        	1.748267e-19
1695.15       	1.747870e-19
1695.2        	1.747472e-19
1695.25       	1.747075e-19
1695.3        	1.746677e-19
1695.35       	1.746280e-19
1695.4        	1.745883e-19
1695.45       	1.745486e-19
1695.5        	1.745089e-19
1695.55       	1.744692e-19
1695.6        	1.744295e-19
1695.65       	1.743899e-19
1695.7        	1.743502e-19
1695.75       	1.743106e-19
1695.8        	1.742709e-19
1695.85       	1.742313e-19
1695.9        	1.741917e-19
1695.95       	1.741521e-19
1696          	1.741125e-19
1696.05       	1.740729e-19
1696.1        	1.740333e-19
1696.15       	1.739937e-19
1696.2        	1.739541e-19
1696.25       	1.739146e-19
1696.3        	1.738750e-19
1696.35       	1.738355e-19
1696.4        	1.737960e-19
1696.45       	1.737564e-19
1696.5        	1.737169e-19
1696.55       	1.736774e-19
1696.6        	1.736379e-19
1696.65       	1.735984e-19
1696.7        	1.735590e-19
1696.75       	1.735195e-19
1696.8        	1.734800e-19
1696.85       	1.734406e-19
1696.9        	1.734011e-19
1696.95       	1.733617e-19
1697          	1.733223e-19
1697.05       	1.732829e-19
1697.1        	1.732435e-19
1697.15       	1.732041e-19
1697.2        	1.731647e-19
1697.25       	1.731253e-19
1697.3        	1.730859e-19
1697.35       	1.730466e-19
1697.4        	1.730072e-19
1697.45       	1.729679e-19
1697.5        	1.729285e-19
1697.55       	1.728892e-19
1697.6        	1.728499e-19
1697.65       	1.728106e-19
1697.7        	1.727713e-19
1697.75       	1.727320e-19
1697.8        	1.726927e-19
1697.85       	1.726534e-19
1697.9        	1.726142e-19
1697.95       	1.725749e-19
1698          	1.725357e-19
1698.05       	1.724964e-19
1698.1        	1.724572e-19
1698.15       	1.724180e-19
1698.2        	1.723788e-19
1698.25       	1.723396e-19
1698.3        	1.723004e-19
1698.35       	1.722612e-19
1698.4        	1.722220e-19
1698.45       	1.721829e-19
1698.5        	1.721437e-19
1698.55       	1.721046e-19
1698.6        	1.720654e-19
1698.65       	1.720263e-19
1698.7        	1.719872e-19
1698.75       	1.719481e-19
1698.8        	1.719090e-19
1698.85       	1.718699e-19
1698.9        	1.718308e-19
1698.95       	1.717917e-19
1699          	1.717527e-19
1699.05       	1.717136e-19
1699.1        	1.716746e-19
1699.15       	1.716355e-19
1699.2        	1.715965e-19
1699.25       	1.715575e-19
1699.3        	1.715185e-19
1699.35       	1.714794e-19
1699.4        	1.714405e-19
1699.45       	1.714015e-19
1699.5        	1.713625e-19
1699.55       	1.713235e-19
1699.6        	1.712846e-19
1699.65       	1.712456e-19
1699.7        	1.712067e-19
1699.75       	1.711677e-19
1699.8        	1.711288e-19
1699.85       	1.710899e-19
1699.9        	1.710510e-19
1699.95       	1.710121e-19
1700          	1.709732e-19
1700.05       	1.709343e-19
1700.1        	1.708955e-19
1700.15       	1.708566e-19
1700.2        	1.708177e-19
1700.25       	1.707789e-19
1700.3        	1.707401e-19
1700.35       	1.707012e-19
1700.4        	1.706624e-19
1700.45       	1.706236e-19
1700.5        	1.705848e-19
1700.55       	1.705460e-19
1700.6        	1.705072e-19
1700.65       	1.704685e-19
1700.7        	1.704297e-19
1700.75       	1.703909e-19
1700.8        	1.703522e-19
1700.85       	1.703135e-19
1700.9        	1.702747e-19
1700.95       	1.702360e-19
1701          	1.701973e-19
1701.05       	1.701586e-19
1701.1        	1.701199e-19
1701.15       	1.700812e-19
1701.2        	1.700425e-19
1701.25       	1.700039e-19
1701.3        	1.699652e-19
1701.35       	1.699266e-19
1701.4        	1.698879e-19
1701.45       	1.698493e-19
1701.5        	1.698107e-19
1701.55       	1.697721e-19
1701.6        	1.697334e-19
1701.65       	1.696949e-19
1701.7        	1.696563e-19
1701.75       	1.696177e-19
1701.8        	1.695791e-19
1701.85       	1.695406e-19
1701.9        	1.695020e-19
1701.95       	1.694635e-19
1702          	1.694249e-19
1702.05       	1.693864e-19
1702.1        	1.693479e-19
1702.15       	1.693094e-19
1702.2        	1.692709e-19
1702.25       	1.692324e-19
1702.3        	1.691939e-19
1702.35       	1.691554e-19
1702.4        	1.691170e-19
1702.45       	1.690785e-19
1702.5        	1.690400e-19
1702.55       	1.690016e-19
1702.6        	1.689632e-19
1702.65       	1.689248e-19
1702.7        	1.688863e-19
1702.75       	1.688479e-19
1702.8        	1.688095e-19
1702.85       	1.687712e-19
1702.9        	1.687328e-19
1702.95       	1.686944e-19
1703          	1.686561e-19
1703.05       	1.686177e-19
1703.1        	1.685794e-19
1703.15       	1.685410e-19
1703.2        	1.685027e-19
1703.25       	1.684644e-19
1703.3        	1.684261e-19
1703.35       	1.683878e-19
1703.4        	1.683495e-19
1703.45       	1.683112e-19
1703.5        	1.682729e-19
1703.55       	1.682347e-19
1703.6        	1.681964e-19
1703.65       	1.681582e-19
1703.7        	1.681199e-19
1703.75       	1.680817e-19
1703.8        	1.680435e-19
1703.85       	1.680053e-19
1703.9        	1.679671e-19
1703.95       	1.679289e-19
1704          	1.678907e-19
1704.05       	1.678525e-19
1704.1        	1.678143e-19
1704.15       	1.677762e-19
1704.2        	1.677380e-19
1704.25       	1.676999e-19
1704.3        	1.676618e-19
1704.35       	1.676236e-19
1704.4        	1.675855e-19
1704.45       	1.675474e-19
1704.5        	1.675093e-19
1704.55       	1.674712e-19
1704.6        	1.674331e-19
1704.65       	1.673951e-19
1704.7        	1.673570e-19
1704.75       	1.673189e-19
1704.8        	1.672809e-19
1704.85       	1.672429e-19
1704.9        	1.672048e-19
1704.95       	1.671668e-19
1705          	1.671288e-19
1705.05       	1.670908e-19
1705.1        	1.670528e-19
1705.15       	1.670148e-19
1705.2        	1.669768e-19
1705.25       	1.669389e-19
1705.3        	1.669009e-19
1705.35       	1.668630e-19
1705.4        	1.668250e-19
1705.45       	1.667871e-19
1705.5        	1.667492e-19
1705.55       	1.667112e-19
1705.6        	1.666733e-19
1705.65       	1.666354e-19
1705.7        	1.665975e-19
1705.75       	1.665597e-19
1705.8        	1.665218e-19
1705.85       	1.664839e-19
1705.9        	1.664461e-19
1705.95       	1.664082e-19
1706          	1.663704e-19
1706.05       	1.663325e-19
1706.1        	1.662947e-19
1706.15       	1.662569e-19
1706.2        	1.662191e-19
1706.25       	1.661813e-19
1706.3        	1.661435e-19
1706.35       	1.661057e-19
1706.4        	1.660680e-19
1706.45       	1.660302e-19
1706.5        	1.659925e-19
1706.55       	1.659547e-19
1706.6        	1.659170e-19
1706.65       	1.658793e-19
1706.7        	1.658415e-19
1706.75       	1.658038e-19
1706.8        	1.657661e-19
1706.85       	1.657284e-19
1706.9        	1.656907e-19
1706.95       	1.656531e-19
1707          	1.656154e-19
1707.05       	1.655777e-19
1707.1        	1.655401e-19
1707.15       	1.655025e-19
1707.2        	1.654648e-19
1707.25       	1.654272e-19
1707.3        	1.653896e-19
1707.35       	1.653520e-19
1707.4        	1.653144e-19
1707.45       	1.652768e-19
1707.5        	1.652392e-19
1707.55       	1.652016e-19
1707.6        	1.651641e-19
1707.65       	1.651265e-19
1707.7        	1.650890e-19
1707.75       	1.650514e-19
1707.8        	1.650139e-19
1707.85       	1.649764e-19
1707.9        	1.649389e-19
1707.95       	1.649014e-19
1708          	1.648639e-19
1708.05       	1.648264e-19
1708.1        	1.647889e-19
1708.15       	1.647514e-19
1708.2        	1.647140e-19
1708.25       	1.646765e-19
1708.3        	1.646391e-19
1708.35       	1.646016e-19
1708.4        	1.645642e-19
1708.45       	1.645268e-19
1708.5        	1.644894e-19
1708.55       	1.644520e-19
1708.6        	1.644146e-19
1708.65       	1.643772e-19
1708.7        	1.643398e-19
1708.75       	1.643025e-19
1708.8        	1.642651e-19
1708.85       	1.642278e-19
1708.9        	1.641904e-19
1708.95       	1.641531e-19
1709          	1.641158e-19
1709.05       	1.640784e-19
1709.1        	1.640411e-19
1709.15       	1.640038e-19
1709.2        	1.639665e-19
1709.25       	1.639293e-19
1709.3        	1.638920e-19
1709.35       	1.638547e-19
1709.4        	1.638175e-19
1709.45       	1.637802e-19
1709.5        	1.637430e-19
1709.55       	1.637057e-19
1709.6        	1.636685e-19
1709.65       	1.636313e-19
1709.7        	1.635941e-19
1709.75       	1.635569e-19
1709.8        	1.635197e-19
1709.85       	1.634825e-19
1709.9        	1.634454e-19
1709.95       	1.634082e-19
1710          	1.633710e-19
1710.05       	1.633339e-19
1710.1        	1.632968e-19
1710.15       	1.632596e-19
1710.2        	1.632225e-19
1710.25       	1.631854e-19
1710.3        	1.631483e-19
1710.35       	1.631112e-19
1710.4        	1.630741e-19
1710.45       	1.630370e-19
1710.5        	1.630000e-19
1710.55       	1.629629e-19
1710.6        	1.629258e-19
1710.65       	1.628888e-19
1710.7        	1.628518e-19
1710.75       	1.628147e-19
1710.8        	1.627777e-19
1710.85       	1.627407e-19
1710.9        	1.627037e-19
1710.95       	1.626667e-19
1711          	1.626297e-19
1711.05       	1.625927e-19
1711.1        	1.625558e-19
1711.15       	1.625188e-19
1711.2        	1.624818e-19
1711.25       	1.624449e-19
1711.3        	1.624080e-19
1711.35       	1.623710e-19
1711.4        	1.623341e-19
1711.45       	1.622972e-19
1711.5        	1.622603e-19
1711.55       	1.622234e-19
1711.6        	1.621865e-19
1711.65       	1.621497e-19
1711.7        	1.621128e-19
1711.75       	1.620759e-19
1711.8        	1.620391e-19
1711.85       	1.620022e-19
1711.9        	1.619654e-19
1711.95       	1.619286e-19
1712          	1.618918e-19
1712.05       	1.618549e-19
1712.1        	1.618181e-19
1712.15       	1.617814e-19
1712.2        	1.617446e-19
1712.25       	1.617078e-19
1712.3        	1.616710e-19
1712.35       	1.616343e-19
1712.4        	1.615975e-19
1712.45       	1.615608e-19
1712.5        	1.615240e-19
1712.55       	1.614873e-19
1712.6        	1.614506e-19
1712.65       	1.614139e-19
1712.7        	1.613772e-19
1712.75       	1.613405e-19
1712.8        	1.613038e-19
1712.85       	1.612671e-19
1712.9        	1.612305e-19
1712.95       	1.611938e-19
1713          	1.611572e-19
1713.05       	1.611205e-19
1713.1        	1.610839e-19
1713.15       	1.610473e-19
1713.2        	1.610106e-19
1713.25       	1.609740e-19
1713.3        	1.609374e-19
1713.35       	1.609008e-19
1713.4        	1.608643e-19
1713.45       	1.608277e-19
1713.5        	1.607911e-19
1713.55       	1.607546e-19
1713.6        	1.607180e-19
1713.65       	1.606815e-19
1713.7        	1.606449e-19
1713.75       	1.606084e-19
1713.8        	1.605719e-19
1713.85       	1.605354e-19
1713.9        	1.604989e-19
1713.95       	1.604624e-19
1714          	1.604259e-19
1714.05       	1.603894e-19
1714.1        	1.603530e-19
1714.15       	1.603165e-19
1714.2        	1.602800e-19
1714.25       	1.602436e-19
1714.3        	1.602072e-19
1714.35       	1.601707e-19
1714.4        	1.601343e-19
1714.45       	1.600979e-19
1714.5        	1.600615e-19
1714.55       	1.600251e-19
1714.6        	1.599887e-19
1714.65       	1.599524e-19
1714.7        	1.599160e-19
1714.75       	1.598796e-19
1714.8        	1.598433e-19
1714.85       	1.598069e-19
1714.9        	1.597706e-19
1714.95       	1.597343e-19
1715          	1.596980e-19
1715.05       	1.596617e-19
1715.1        	1.596254e-19
1715.15       	1.595891e-19
1715.2        	1.595528e-19
1715.25       	1.595165e-19
1715.3        	1.594802e-19
1715.35       	1.594440e-19
1715.4        	1.594077e-19
1715.45       	1.593715e-19
1715.5        	1.593352e-19
1715.55       	1.592990e-19
1715.6        	1.592628e-19
1715.65       	1.592266e-19
1715.7        	1.591904e-19
1715.75       	1.591542e-19
1715.8        	1.591180e-19
1715.85       	1.590818e-19
1715.9        	1.590457e-19
1715.95       	1.590095e-19
1716          	1.589734e-19
1716.05       	1.589372e-19
1716.1        	1.589011e-19
1716.15       	1.588649e-19
1716.2        	1.588288e-19
1716.25       	1.587927e-19
1716.3        	1.587566e-19
1716.35       	1.587205e-19
1716.4        	1.586844e-19
1716.45       	1.586483e-19
1716.5        	1.586123e-19
1716.55       	1.585762e-19
1716.6        	1.585402e-19
1716.65       	1.585041e-19
1716.7        	1.584681e-19
1716.75       	1.584321e-19
1716.8        	1.583960e-19
1716.85       	1.583600e-19
1716.9        	1.583240e-19
1716.95       	1.582880e-19
1717          	1.582520e-19
1717.05       	1.582160e-19
1717.1        	1.581801e-19
1717.15       	1.581441e-19
1717.2        	1.581082e-19
1717.25       	1.580722e-19
1717.3        	1.580363e-19
1717.35       	1.580003e-19
1717.4        	1.579644e-19
1717.45       	1.579285e-19
1717.5        	1.578926e-19
1717.55       	1.578567e-19
1717.6        	1.578208e-19
1717.65       	1.577849e-19
1717.7        	1.577491e-19
1717.75       	1.577132e-19
1717.8        	1.576773e-19
1717.85       	1.576415e-19
1717.9        	1.576056e-19
1717.95       	1.575698e-19
1718          	1.575340e-19
1718.05       	1.574982e-19
1718.1        	1.574624e-19
1718.15       	1.574266e-19
1718.2        	1.573908e-19
1718.25       	1.573550e-19
1718.3        	1.573192e-19
1718.35       	1.572834e-19
1718.4        	1.572477e-19
1718.45       	1.572119e-19
1718.5        	1.571762e-19
1718.55       	1.571405e-19
1718.6        	1.571047e-19
1718.65       	1.570690e-19
1718.7        	1.570333e-19
1718.75       	1.569976e-19
1718.8        	1.569619e-19
1718.85       	1.569262e-19
1718.9        	1.568905e-19
1718.95       	1.568549e-19
1719          	1.568192e-19
1719.05       	1.567836e-19
1719.1        	1.567479e-19
1719.15       	1.567123e-19
1719.2        	1.566767e-19
1719.25       	1.566410e-19
1719.3        	1.566054e-19
1719.35       	1.565698e-19
1719.4        	1.565342e-19
1719.45       	1.564986e-19
1719.5        	1.564630e-19
1719.55       	1.564275e-19
1719.6        	1.563919e-19
1719.65       	1.563564e-19
1719.7        	1.563208e-19
1719.75       	1.562853e-19
1719.8        	1.562497e-19
1719.85       	1.562142e-19
1719.9        	1.561787e-19
1719.95       	1.561432e-19
1720          	1.561077e-19
1720.05       	1.560722e-19
1720.1        	1.560367e-19
1720.15       	1.560012e-19
1720.2        	1.559658e-19
1720.25       	1.559303e-19
1720.3        	1.558949e-19
1720.35       	1.558594e-19
1720.4        	1.558240e-19
1720.45       	1.557886e-19
1720.5        	1.557531e-19
1720.55       	1.557177e-19
1720.6        	1.556823e-19
1720.65       	1.556469e-19
1720.7        	1.556116e-19
1720.75       	1.555762e-19
1720.8        	1.555408e-19
1720.85       	1.555054e-19
1720.9        	1.554701e-19
1720.95       	1.554347e-19
1721          	1.553994e-19
1721.05       	1.553641e-19
1721.1        	1.553288e-19
1721.15       	1.552934e-19
1721.2        	1.552581e-19
1721.25       	1.552228e-19
1721.3        	1.551875e-19
1721.35       	1.551523e-19
1721.4        	1.551170e-19
1721.45       	1.550817e-19
1721.5        	1.550465e-19
1721.55       	1.550112e-19
1721.6        	1.549760e-19
1721.65       	1.549407e-19
1721.7        	1.549055e-19
1721.75       	1.548703e-19
1721.8        	1.548351e-19
1721.85       	1.547999e-19
1721.9        	1.547647e-19
1721.95       	1.547295e-19
1722          	1.546943e-19
1722.05       	1.546592e-19
1722.1        	1.546240e-19
1722.15       	1.545889e-19
1722.2        	1.545537e-19
1722.25       	1.545186e-19
1722.3        	1.544834e-19
1722.35       	1.544483e-19
1722.4        	1.544132e-19
1722.45       	1.543781e-19
1722.5        	1.543430e-19
1722.55       	1.543079e-19
1722.6        	1.542728e-19
1722.65       	1.542378e-19
1722.7        	1.542027e-19
1722.75       	1.541676e-19
1722.8        	1.541326e-19
1722.85       	1.540976e-19
1722.9        	1.540625e-19
1722.95       	1.540275e-19
1723          	1.539925e-19
1723.05       	1.539575e-19
1723.1        	1.539225e-19
1723.15       	1.538875e-19
1723.2        	1.538525e-19
1723.25       	1.538175e-19
1723.3        	1.537826e-19
1723.35       	1.537476e-19
1723.4        	1.537126e-19
1723.45       	1.536777e-19
1723.5        	1.536428e-19
1723.55       	1.536078e-19
1723.6        	1.535729e-19
1723.65       	1.535380e-19
1723.7        	1.535031e-19
1723.75       	1.534682e-19
1723.8        	1.534333e-19
1723.85       	1.533984e-19
1723.9        	1.533635e-19
1723.95       	1.533287e-19
1724          	1.532938e-19
1724.05       	1.532590e-19
1724.1        	1.532241e-19
1724.15       	1.531893e-19
1724.2        	1.531545e-19
1724.25       	1.531197e-19
1724.3        	1.530848e-19
1724.35       	1.530500e-19
1724.4        	1.530152e-19
1724.45       	1.529805e-19
1724.5        	1.529457e-19
1724.55       	1.529109e-19
1724.6        	1.528761e-19
1724.65       	1.528414e-19
1724.7        	1.528066e-19
1724.75       	1.527719e-19
1724.8        	1.527372e-19
1724.85       	1.527025e-19
1724.9        	1.526677e-19
1724.95       	1.526330e-19
1725          	1.525983e-19
1725.05       	1.525636e-19
1725.1        	1.525290e-19
1725.15       	1.524943e-19
1725.2        	1.524596e-19
1725.25       	1.524250e-19
1725.3        	1.523903e-19
1725.35       	1.523557e-19
1725.4        	1.523210e-19
1725.45       	1.522864e-19
1725.5        	1.522518e-19
1725.55       	1.522172e-19
1725.6        	1.521826e-19
1725.65       	1.521480e-19
1725.7        	1.521134e-19
1725.75       	1.520788e-19
1725.8        	1.520442e-19
1725.85       	1.520097e-19
1725.9        	1.519751e-19
1725.95       	1.519406e-19
1726          	1.519060e-19
1726.05       	1.518715e-19
1726.1        	1.518370e-19
1726.15       	1.518024e-19
1726.2        	1.517679e-19
1726.25       	1.517334e-19
1726.3        	1.516989e-19
1726.35       	1.516644e-19
1726.4        	1.516300e-19
1726.45       	1.515955e-19
1726.5        	1.515610e-19
1726.55       	1.515266e-19
1726.6        	1.514921e-19
1726.65       	1.514577e-19
1726.7        	1.514233e-19
1726.75       	1.513888e-19
1726.8        	1.513544e-19
1726.85       	1.513200e-19
1726.9        	1.512856e-19
1726.95       	1.512512e-19
1727          	1.512168e-19
1727.05       	1.511825e-19
1727.1        	1.511481e-19
1727.15       	1.511137e-19
1727.2        	1.510794e-19
1727.25       	1.510450e-19
1727.3        	1.510107e-19
1727.35       	1.509764e-19
1727.4        	1.509421e-19
1727.45       	1.509077e-19
1727.5        	1.508734e-19
1727.55       	1.508391e-19
1727.6        	1.508048e-19
1727.65       	1.507706e-19
1727.7        	1.507363e-19
1727.75       	1.507020e-19
1727.8        	1.506678e-19
1727.85       	1.506335e-19
1727.9        	1.505993e-19
1727.95       	1.505650e-19
1728          	1.505308e-19
1728.05       	1.504966e-19
1728.1        	1.504624e-19
1728.15       	1.504282e-19
1728.2        	1.503940e-19
1728.25       	1.503598e-19
1728.3        	1.503256e-19
1728.35       	1.502914e-19
1728.4        	1.502573e-19
1728.45       	1.502231e-19
1728.5        	1.501890e-19
1728.55       	1.501548e-19
1728.6        	1.501207e-19
1728.65       	1.500866e-19
1728.7        	1.500524e-19
1728.75       	1.500183e-19
1728.8        	1.499842e-19
1728.85       	1.499501e-19
1728.9        	1.499160e-19
1728.95       	1.498820e-19
1729          	1.498479e-19
1729.05       	1.498138e-19
1729.1        	1.497798e-19
1729.15       	1.497457e-19
1729.2        	1.497117e-19
1729.25       	1.496776e-19
1729.3        	1.496436e-19
1729.35       	1.496096e-19
1729.4        	1.495756e-19
1729.45       	1.495416e-19
1729.5        	1.495076e-19
1729.55       	1.494736e-19
1729.6        	1.494396e-19
1729.65       	1.494057e-19
1729.7        	1.493717e-19
1729.75       	1.493377e-19
1729.8        	1.493038e-19
1729.85       	1.492699e-19
1729.9        	1.492359e-19
1729.95       	1.492020e-19
1730          	1.491681e-19
1730.05       	1.491342e-19
1730.1        	1.491003e-19
1730.15       	1.490664e-19
1730.2        	1.490325e-19
1730.25       	1.489986e-19
1730.3        	1.489647e-19
1730.35       	1.489309e-19
1730.4        	1.488970e-19
1730.45       	1.488632e-19
1730.5        	1.488293e-19
1730.55       	1.487955e-19
1730.6        	1.487617e-19
1730.65       	1.487279e-19
1730.7        	1.486941e-19
1730.75       	1.486603e-19
1730.8        	1.486265e-19
1730.85       	1.485927e-19
1730.9        	1.485589e-19
1730.95       	1.485251e-19
1731          	1.484914e-19
1731.05       	1.484576e-19
1731.1        	1.484239e-19
1731.15       	1.483901e-19
1731.2        	1.483564e-19
1731.25       	1.483227e-19
1731.3        	1.482889e-19
1731.35       	1.482552e-19
1731.4        	1.482215e-19
1731.45       	1.481878e-19
1731.5        	1.481542e-19
1731.55       	1.481205e-19
1731.6        	1.480868e-19
1731.65       	1.480531e-19
1731.7        	1.480195e-19
1731.75       	1.479858e-19
1731.8        	1.479522e-19
1731.85       	1.479186e-19
1731.9        	1.478849e-19
1731.95       	1.478513e-19
1732          	1.478177e-19
1732.05       	1.477841e-19
1732.1        	1.477505e-19
1732.15       	1.477169e-19
1732.2        	1.476834e-19
1732.25       	1.476498e-19
1732.3        	1.476162e-19
1732.35       	1.475827e-19
1732.4        	1.475491e-19
1732.45       	1.475156e-19
1732.5        	1.474821e-19
1732.55       	1.474485e-19
1732.6        	1.474150e-19
1732.65       	1.473815e-19
1732.7        	1.473480e-19
1732.75       	1.473145e-19
1732.8        	1.472810e-19
1732.85       	1.472475e-19
1732.9        	1.472141e-19
1732.95       	1.471806e-19
1733          	1.471472e-19
1733.05       	1.471137e-19
1733.1        	1.470803e-19
1733.15       	1.470468e-19
1733.2        	1.470134e-19
1733.25       	1.469800e-19
1733.3        	1.469466e-19
1733.35       	1.469132e-19
1733.4        	1.468798e-19
1733.45       	1.468464e-19
1733.5        	1.468130e-19
1733.55       	1.467796e-19
1733.6        	1.467463e-19
1733.65       	1.467129e-19
1733.7        	1.466796e-19
1733.75       	1.466462e-19
1733.8        	1.466129e-19
1733.85       	1.465796e-19
1733.9        	1.465462e-19
1733.95       	1.465129e-19
1734          	1.464796e-19
1734.05       	1.464463e-19
1734.1        	1.464130e-19
1734.15       	1.463798e-19
1734.2        	1.463465e-19
1734.25       	1.463132e-19
1734.3        	1.462800e-19
1734.35       	1.462467e-19
1734.4        	1.462135e-19
1734.45       	1.461802e-19
1734.5        	1.461470e-19
1734.55       	1.461138e-19
1734.6        	1.460806e-19
1734.65       	1.460474e-19
1734.7        	1.460142e-19
1734.75       	1.459810e-19
1734.8        	1.459478e-19
1734.85       	1.459146e-19
1734.9        	1.458815e-19
1734.95       	1.458483e-19
1735          	1.458151e-19
1735.05       	1.457820e-19
1735.1        	1.457489e-19
1735.15       	1.457157e-19
1735.2        	1.456826e-19
1735.25       	1.456495e-19
1735.3        	1.456164e-19
1735.35       	1.455833e-19
1735.4        	1.455502e-19
1735.45       	1.455171e-19
1735.5        	1.454840e-19
1735.55       	1.454510e-19
1735.6        	1.454179e-19
1735.65       	1.453848e-19
1735.7        	1.453518e-19
1735.75       	1.453188e-19
1735.8        	1.452857e-19
1735.85       	1.452527e-19
1735.9        	1.452197e-19
1735.95       	1.451867e-19
1736          	1.451537e-19
1736.05       	1.451207e-19
1736.1        	1.450877e-19
1736.15       	1.450547e-19
1736.2        	1.450217e-19
1736.25       	1.449888e-19
1736.3        	1.449558e-19
1736.35       	1.449229e-19
1736.4        	1.448899e-19
1736.45       	1.448570e-19
1736.5        	1.448241e-19
1736.55       	1.447912e-19
1736.6        	1.447582e-19
1736.65       	1.447253e-19
1736.7        	1.446924e-19
1736.75       	1.446596e-19
1736.8        	1.446267e-19
1736.85       	1.445938e-19
1736.9        	1.445609e-19
1736.95       	1.445281e-19
1737          	1.444952e-19
1737.05       	1.444624e-19
1737.1        	1.444295e-19
1737.15       	1.443967e-19
1737.2        	1.443639e-19
1737.25       	1.443311e-19
1737.3        	1.442983e-19
1737.35       	1.442655e-19
1737.4        	1.442327e-19
1737.45       	1.441999e-19
1737.5        	1.441671e-19
1737.55       	1.441344e-19
1737.6        	1.441016e-19
1737.65       	1.440688e-19
1737.7        	1.440361e-19
1737.75       	1.440033e-19
1737.8        	1.439706e-19
1737.85       	1.439379e-19
1737.9        	1.439052e-19
1737.95       	1.438725e-19
1738          	1.438398e-19
1738.05       	1.438071e-19
1738.1        	1.437744e-19
1738.15       	1.437417e-19
1738.2        	1.437090e-19
1738.25       	1.436764e-19
1738.3        	1.436437e-19
1738.35       	1.436111e-19
1738.4        	1.435784e-19
1738.45       	1.435458e-19
1738.5        	1.435132e-19
1738.55       	1.434805e-19
1738.6        	1.434479e-19
1738.65       	1.434153e-19
1738.7        	1.433827e-19
1738.75       	1.433501e-19
1738.8        	1.433175e-19
1738.85       	1.432850e-19
1738.9        	1.432524e-19
1738.95       	1.432198e-19
1739          	1.431873e-19
1739.05       	1.431547e-19
1739.1        	1.431222e-19
1739.15       	1.430897e-19
1739.2        	1.430571e-19
1739.25       	1.430246e-19
1739.3        	1.429921e-19
1739.35       	1.429596e-19
1739.4        	1.429271e-19
1739.45       	1.428946e-19
1739.5        	1.428622e-19
1739.55       	1.428297e-19
1739.6        	1.427972e-19
1739.65       	1.427648e-19
1739.7        	1.427323e-19
1739.75       	1.426999e-19
1739.8        	1.426674e-19
1739.85       	1.426350e-19
1739.9        	1.426026e-19
1739.95       	1.425702e-19
1740          	1.425378e-19
1740.05       	1.425054e-19
1740.1        	1.424730e-19
1740.15       	1.424406e-19
1740.2        	1.424082e-19
1740.25       	1.423759e-19
1740.3        	1.423435e-19
1740.35       	1.423111e-19
1740.4        	1.422788e-19
1740.45       	1.422465e-19
1740.5        	1.422141e-19
1740.55       	1.421818e-19
1740.6        	1.421495e-19
1740.65       	1.421172e-19
1740.7        	1.420849e-19
1740.75       	1.420526e-19
1740.8        	1.420203e-19
1740.85       	1.419880e-19
1740.9        	1.419557e-19
1740.95       	1.419235e-19
1741          	1.418912e-19
1741.05       	1.418590e-19
1741.1        	1.418267e-19
1741.15       	1.417945e-19
1741.2        	1.417623e-19
1741.25       	1.417300e-19
1741.3        	1.416978e-19
1741.35       	1.416656e-19
1741.4        	1.416334e-19
1741.45       	1.416012e-19
1741.5        	1.415691e-19
1741.55       	1.415369e-19
1741.6        	1.415047e-19
1741.65       	1.414725e-19
1741.7        	1.414404e-19
1741.75       	1.414082e-19
1741.8        	1.413761e-19
1741.85       	1.413440e-19
1741.9        	1.413118e-19
1741.95       	1.412797e-19
1742          	1.412476e-19
1742.05       	1.412155e-19
1742.1        	1.411834e-19
1742.15       	1.411513e-19
1742.2        	1.411192e-19
1742.25       	1.410872e-19
1742.3        	1.410551e-19
1742.35       	1.410230e-19
1742.4        	1.409910e-19
1742.45       	1.409589e-19
1742.5        	1.409269e-19
1742.55       	1.408949e-19
1742.6        	1.408629e-19
1742.65       	1.408308e-19
1742.7        	1.407988e-19
1742.75       	1.407668e-19
1742.8        	1.407348e-19
1742.85       	1.407028e-19
1742.9        	1.406709e-19
1742.95       	1.406389e-19
1743          	1.406069e-19
1743.05       	1.405750e-19
1743.1        	1.405430e-19
1743.15       	1.405111e-19
1743.2        	1.404791e-19
1743.25       	1.404472e-19
1743.3        	1.404153e-19
1743.35       	1.403834e-19
1743.4        	1.403515e-19
1743.45       	1.403196e-19
1743.5        	1.402877e-19
1743.55       	1.402558e-19
1743.6        	1.402239e-19
1743.65       	1.401920e-19
1743.7        	1.401602e-19
1743.75       	1.401283e-19
1743.8        	1.400965e-19
1743.85       	1.400646e-19
1743.9        	1.400328e-19
1743.95       	1.400010e-19
1744          	1.399692e-19
1744.05       	1.399373e-19
1744.1        	1.399055e-19
1744.15       	1.398737e-19
1744.2        	1.398420e-19
1744.25       	1.398102e-19
1744.3        	1.397784e-19
1744.35       	1.397466e-19
1744.4        	1.397149e-19
1744.45       	1.396831e-19
1744.5        	1.396514e-19
1744.55       	1.396196e-19
1744.6        	1.395879e-19
1744.65       	1.395562e-19
1744.7        	1.395244e-19
1744.75       	1.394927e-19
1744.8        	1.394610e-19
1744.85       	1.394293e-19
1744.9        	1.393976e-19
1744.95       	1.393660e-19
1745          	1.393343e-19
1745.05       	1.393026e-19
1745.1        	1.392710e-19
1745.15       	1.392393e-19
1745.2        	1.392077e-19
1745.25       	1.391760e-19
1745.3        	1.391444e-19
1745.35       	1.391128e-19
1745.4        	1.390812e-19
1745.45       	1.390495e-19
1745.5        	1.390179e-19
1745.55       	1.389863e-19
1745.6        	1.389548e-19
1745.65       	1.389232e-19
1745.7        	1.388916e-19
1745.75       	1.388600e-19
1745.8        	1.388285e-19
1745.85       	1.387969e-19
1745.9        	1.387654e-19
1745.95       	1.387338e-19
1746          	1.387023e-19
1746.05       	1.386708e-19
1746.1        	1.386393e-19
1746.15       	1.386078e-19
1746.2        	1.385763e-19
1746.25       	1.385448e-19
1746.3        	1.385133e-19
1746.35       	1.384818e-19
1746.4        	1.384503e-19
1746.45       	1.384189e-19
1746.5        	1.383874e-19
1746.55       	1.383559e-19
1746.6        	1.383245e-19
1746.65       	1.382931e-19
1746.7        	1.382616e-19
1746.75       	1.382302e-19
1746.8        	1.381988e-19
1746.85       	1.381674e-19
1746.9        	1.381360e-19
1746.95       	1.381046e-19
1747          	1.380732e-19
1747.05       	1.380418e-19
1747.1        	1.380105e-19
1747.15       	1.379791e-19
1747.2        	1.379477e-19
1747.25       	1.379164e-19
1747.3        	1.378850e-19
1747.35       	1.378537e-19
1747.4        	1.378224e-19
1747.45       	1.377910e-19
1747.5        	1.377597e-19
1747.55       	1.377284e-19
1747.6        	1.376971e-19
1747.65       	1.376658e-19
1747.7        	1.376345e-19
1747.75       	1.376033e-19
1747.8        	1.375720e-19
1747.85       	1.375407e-19
1747.9        	1.375095e-19
1747.95       	1.374782e-19
1748          	1.374470e-19
1748.05       	1.374157e-19
1748.1        	1.373845e-19
1748.15       	1.373533e-19
1748.2        	1.373221e-19
1748.25       	1.372909e-19
1748.3        	1.372596e-19
1748.35       	1.372285e-19
1748.4        	1.371973e-19
1748.45       	1.371661e-19
1748.5        	1.371349e-19
1748.55       	1.371037e-19
1748.6        	1.370726e-19
1748.65       	1.370414e-19
1748.7        	1.370103e-19
1748.75       	1.369792e-19
1748.8        	1.369480e-19
1748.85       	1.369169e-19
1748.9        	1.368858e-19
1748.95       	1.368547e-19
1749          	1.368236e-19
1749.05       	1.367925e-19
1749.1        	1.367614e-19
1749.15       	1.367303e-19
1749.2        	1.366992e-19
1749.25       	1.366682e-19
1749.3        	1.366371e-19
1749.35       	1.366061e-19
1749.4        	1.365750e-19
1749.45       	1.365440e-19
1749.5        	1.365129e-19
1749.55       	1.364819e-19
1749.6        	1.364509e-19
1749.65       	1.364199e-19
1749.7        	1.363889e-19
1749.75       	1.363579e-19
1749.8        	1.363269e-19
1749.85       	1.362959e-19
1749.9        	1.362649e-19
1749.95       	1.362340e-19
1750          	1.362030e-19
1750.05       	1.361721e-19
1750.1        	1.361411e-19
1750.15       	1.361102e-19
1750.2        	1.360792e-19
1750.25       	1.360483e-19
1750.3        	1.360174e-19
1750.35       	1.359865e-19
1750.4        	1.359556e-19
1750.45       	1.359247e-19
1750.5        	1.358938e-19
1750.55       	1.358629e-19
1750.6        	1.358320e-19
1750.65       	1.358012e-19
1750.7        	1.357703e-19
1750.75       	1.357395e-19
1750.8        	1.357086e-19
1750.85       	1.356778e-19
1750.9        	1.356469e-19
1750.95       	1.356161e-19
1751          	1.355853e-19
1751.05       	1.355545e-19
1751.1        	1.355237e-19
1751.15       	1.354929e-19
1751.2        	1.354621e-19
1751.25       	1.354313e-19
1751.3        	1.354005e-19
1751.35       	1.353697e-19
1751.4        	1.353390e-19
1751.45       	1.353082e-19
1751.5        	1.352775e-19
1751.55       	1.352467e-19
1751.6        	1.352160e-19
1751.65       	1.351853e-19
1751.7        	1.351545e-19
1751.75       	1.351238e-19
1751.8        	1.350931e-19
1751.85       	1.350624e-19
1751.9        	1.350317e-19
1751.95       	1.350010e-19
1752          	1.349704e-19
1752.05       	1.349397e-19
1752.1        	1.349090e-19
1752.15       	1.348784e-19
1752.2        	1.348477e-19
1752.25       	1.348171e-19
1752.3        	1.347864e-19
1752.35       	1.347558e-19
1752.4        	1.347252e-19
1752.45       	1.346946e-19
1752.5        	1.346639e-19
1752.55       	1.346333e-19
1752.6        	1.346027e-19
1752.65       	1.345722e-19
1752.7        	1.345416e-19
1752.75       	1.345110e-19
1752.8        	1.344804e-19
1752.85       	1.344499e-19
1752.9        	1.344193e-19
1752.95       	1.343888e-19
1753          	1.343582e-19
1753.05       	1.343277e-19
1753.1        	1.342972e-19
1753.15       	1.342667e-19
1753.2        	1.342361e-19
1753.25       	1.342056e-19
1753.3        	1.341751e-19
1753.35       	1.341446e-19
1753.4        	1.341142e-19
1753.45       	1.340837e-19
1753.5        	1.340532e-19
1753.55       	1.340228e-19
1753.6        	1.339923e-19
1753.65       	1.339618e-19
1753.7        	1.339314e-19
1753.75       	1.339010e-19
1753.8        	1.338705e-19
1753.85       	1.338401e-19
1753.9        	1.338097e-19
1753.95       	1.337793e-19
1754          	1.337489e-19
1754.05       	1.337185e-19
1754.1        	1.336881e-19
1754.15       	1.336577e-19
1754.2        	1.336274e-19
1754.25       	1.335970e-19
1754.3        	1.335666e-19
1754.35       	1.335363e-19
1754.4        	1.335059e-19
1754.45       	1.334756e-19
1754.5        	1.334453e-19
1754.55       	1.334149e-19
1754.6        	1.333846e-19
1754.65       	1.333543e-19
1754.7        	1.333240e-19
1754.75       	1.332937e-19
1754.8        	1.332634e-19
1754.85       	1.332331e-19
1754.9        	1.332029e-19
1754.95       	1.331726e-19
1755          	1.331423e-19
1755.05       	1.331121e-19
1755.1        	1.330818e-19
1755.15       	1.330516e-19
1755.2        	1.330213e-19
1755.25       	1.329911e-19
1755.3        	1.329609e-19
1755.35       	1.329307e-19
1755.4        	1.329005e-19
1755.45       	1.328703e-19
1755.5        	1.328401e-19
1755.55       	1.328099e-19
1755.6        	1.327797e-19
1755.65       	1.327495e-19
1755.7        	1.327194e-19
1755.75       	1.326892e-19
1755.8        	1.326591e-19
1755.85       	1.326289e-19
1755.9        	1.325988e-19
1755.95       	1.325686e-19
1756          	1.325385e-19
1756.05       	1.325084e-19
1756.1        	1.324783e-19
1756.15       	1.324482e-19
1756.2        	1.324181e-19
1756.25       	1.323880e-19
1756.3        	1.323579e-19
1756.35       	1.323278e-19
1756.4        	1.322978e-19
1756.45       	1.322677e-19
1756.5        	1.322376e-19
1756.55       	1.322076e-19
1756.6        	1.321775e-19
1756.65       	1.321475e-19
1756.7        	1.321175e-19
1756.75       	1.320875e-19
1756.8        	1.320574e-19
1756.85       	1.320274e-19
1756.9        	1.319974e-19
1756.95       	1.319674e-19
1757          	1.319375e-19
1757.05       	1.319075e-19
1757.1        	1.318775e-19
1757.15       	1.318475e-19
1757.2        	1.318176e-19
1757.25       	1.317876e-19
1757.3        	1.317577e-19
1757.35       	1.317277e-19
1757.4        	1.316978e-19
1757.45       	1.316679e-19
1757.5        	1.316379e-19
1757.55       	1.316080e-19
1757.6        	1.315781e-19
1757.65       	1.315482e-19
1757.7        	1.315183e-19
1757.75       	1.314884e-19
1757.8        	1.314586e-19
1757.85       	1.314287e-19
1757.9        	1.313988e-19
1757.95       	1.313690e-19
1758          	1.313391e-19
1758.05       	1.313093e-19
1758.1        	1.312794e-19
1758.15       	1.312496e-19
1758.2        	1.312198e-19
1758.25       	1.311900e-19
1758.3        	1.311602e-19
1758.35       	1.311304e-19
1758.4        	1.311006e-19
1758.45       	1.310708e-19
1758.5        	1.310410e-19
1758.55       	1.310112e-19
1758.6        	1.309814e-19
1758.65       	1.309517e-19
1758.7        	1.309219e-19
1758.75       	1.308922e-19
1758.8        	1.308624e-19
1758.85       	1.308327e-19
1758.9        	1.308030e-19
1758.95       	1.307732e-19
1759          	1.307435e-19
1759.05       	1.307138e-19
1759.1        	1.306841e-19
1759.15       	1.306544e-19
1759.2        	1.306247e-19
1759.25       	1.305950e-19
1759.3        	1.305654e-19
1759.35       	1.305357e-19
1759.4        	1.305060e-19
1759.45       	1.304764e-19
1759.5        	1.304467e-19
1759.55       	1.304171e-19
1759.6        	1.303875e-19
1759.65       	1.303578e-19
1759.7        	1.303282e-19
1759.75       	1.302986e-19
1759.8        	1.302690e-19
1759.85       	1.302394e-19
1759.9        	1.302098e-19
1759.95       	1.301802e-19
1760          	1.301506e-19
1760.05       	1.301210e-19
1760.1        	1.300915e-19
1760.15       	1.300619e-19
1760.2        	1.300324e-19
1760.25       	1.300028e-19
1760.3        	1.299733e-19
1760.35       	1.299437e-19
1760.4        	1.299142e-19
1760.45       	1.298847e-19
1760.5        	1.298552e-19
1760.55       	1.298257e-19
1760.6        	1.297962e-19
1760.65       	1.297667e-19
1760.7        	1.297372e-19
1760.75       	1.297077e-19
1760.8        	1.296782e-19
1760.85       	1.296488e-19
1760.9        	1.296193e-19
1760.95       	1.295899e-19
1761          	1.295604e-19
1761.05       	1.295310e-19
1761.1        	1.295016e-19
1761.15       	1.294721e-19
1761.2        	1.294427e-19
1761.25       	1.294133e-19
1761.3        	1.293839e-19
1761.35       	1.293545e-19
1761.4        	1.293251e-19
1761.45       	1.292957e-19
1761.5        	1.292663e-19
1761.55       	1.292370e-19
1761.6        	1.292076e-19
1761.65       	1.291782e-19
1761.7        	1.291489e-19
1761.75       	1.291195e-19
1761.8        	1.290902e-19
1761.85       	1.290609e-19
1761.9        	1.290315e-19
1761.95       	1.290022e-19
1762          	1.289729e-19
1762.05       	1.289436e-19
1762.1        	1.289143e-19
1762.15       	1.288850e-19
1762.2        	1.288557e-19
1762.25       	1.288265e-19
1762.3        	1.287972e-19
1762.35       	1.287679e-19
1762.4        	1.287387e-19
1762.45       	1.287094e-19
1762.5        	1.286802e-19
1762.55       	1.286509e-19
1762.6        	1.286217e-19
1762.65       	1.285925e-19
1762.7        	1.285632e-19
1762.75       	1.285340e-19
1762.8        	1.285048e-19
1762.85       	1.284756e-19
1762.9        	1.284464e-19
1762.95       	1.284173e-19
1763          	1.283881e-19
1763.05       	1.283589e-19
1763.1        	1.283297e-19
1763.15       	1.283006e-19
1763.2        	1.282714e-19
1763.25       	1.282423e-19
1763.3        	1.282131e-19
1763.35       	1.281840e-19
1763.4        	1.281549e-19
1763.45       	1.281258e-19
1763.5        	1.280967e-19
1763.55       	1.280675e-19
1763.6        	1.280384e-19
1763.65       	1.280094e-19
1763.7        	1.279803e-19
1763.75       	1.279512e-19
1763.8        	1.279221e-19
1763.85       	1.278931e-19
1763.9        	1.278640e-19
1763.95       	1.278349e-19
1764          	1.278059e-19
1764.05       	1.277769e-19
1764.1        	1.277478e-19
1764.15       	1.277188e-19
1764.2        	1.276898e-19
1764.25       	1.276608e-19
1764.3        	1.276318e-19
1764.35       	1.276028e-19
1764.4        	1.275738e-19
1764.45       	1.275448e-19
1764.5        	1.275158e-19
1764.55       	1.274868e-19
1764.6        	1.274579e-19
1764.65       	1.274289e-19
1764.7        	1.273999e-19
1764.75       	1.273710e-19
1764.8        	1.273421e-19
1764.85       	1.273131e-19
1764.9        	1.272842e-19
1764.95       	1.272553e-19
1765          	1.272264e-19
1765.05       	1.271975e-19
1765.1        	1.271686e-19
1765.15       	1.271397e-19
1765.2        	1.271108e-19
1765.25       	1.270819e-19
1765.3        	1.270530e-19
1765.35       	1.270242e-19
1765.4        	1.269953e-19
1765.45       	1.269664e-19
1765.5        	1.269376e-19
1765.55       	1.269087e-19
1765.6        	1.268799e-19
1765.65       	1.268511e-19
1765.7        	1.268223e-19
1765.75       	1.267934e-19
1765.8        	1.267646e-19
1765.85       	1.267358e-19
1765.9        	1.267070e-19
1765.95       	1.266783e-19
1766          	1.266495e-19
1766.05       	1.266207e-19
1766.1        	1.265919e-19
1766.15       	1.265632e-19
1766.2        	1.265344e-19
1766.25       	1.265057e-19
1766.3        	1.264769e-19
1766.35       	1.264482e-19
1766.4        	1.264194e-19
1766.45       	1.263907e-19
1766.5        	1.263620e-19
1766.55       	1.263333e-19
1766.6        	1.263046e-19
1766.65       	1.262759e-19
1766.7        	1.262472e-19
1766.75       	1.262185e-19
1766.8        	1.261898e-19
1766.85       	1.261612e-19
1766.9        	1.261325e-19
1766.95       	1.261039e-19
1767          	1.260752e-19
1767.05       	1.260466e-19
1767.1        	1.260179e-19
1767.15       	1.259893e-19
1767.2        	1.259607e-19
1767.25       	1.259320e-19
1767.3        	1.259034e-19
1767.35       	1.258748e-19
1767.4        	1.258462e-19
1767.45       	1.258176e-19
1767.5        	1.257890e-19
1767.55       	1.257605e-19
1767.6        	1.257319e-19
1767.65       	1.257033e-19
1767.7        	1.256748e-19
1767.75       	1.256462e-19
1767.8        	1.256177e-19
1767.85       	1.255891e-19
1767.9        	1.255606e-19
1767.95       	1.255321e-19
1768          	1.255035e-19
1768.05       	1.254750e-19
1768.1        	1.254465e-19
1768.15       	1.254180e-19
1768.2        	1.253895e-19
1768.25       	1.253610e-19
1768.3        	1.253326e-19
1768.35       	1.253041e-19
1768.4        	1.252756e-19
1768.45       	1.252472e-19
1768.5        	1.252187e-19
1768.55       	1.251902e-19
1768.6        	1.251618e-19
1768.65       	1.251334e-19
1768.7        	1.251049e-19
1768.75       	1.250765e-19
1768.8        	1.250481e-19
1768.85       	1.250197e-19
1768.9        	1.249913e-19
1768.95       	1.249629e-19
1769          	1.249345e-19
1769.05       	1.249061e-19
1769.1        	1.248777e-19
1769.15       	1.248494e-19
1769.2        	1.248210e-19
1769.25       	1.247926e-19
1769.3        	1.247643e-19
1769.35       	1.247359e-19
1769.4        	1.247076e-19
1769.45       	1.246793e-19
1769.5        	1.246509e-19
1769.55       	1.246226e-19
1769.6        	1.245943e-19
1769.65       	1.245660e-19
1769.7        	1.245377e-19
1769.75       	1.245094e-19
1769.8        	1.244811e-19
1769.85       	1.244528e-19
1769.9        	1.244246e-19
1769.95       	1.243963e-19
1770          	1.243680e-19
1770.05       	1.243398e-19
1770.1        	1.243115e-19
1770.15       	1.242833e-19
1770.2        	1.242550e-19
1770.25       	1.242268e-19
1770.3        	1.241986e-19
1770.35       	1.241704e-19
1770.4        	1.241422e-19
1770.45       	1.241140e-19
1770.5        	1.240858e-19
1770.55       	1.240576e-19
1770.6        	1.240294e-19
1770.65       	1.240012e-19
1770.7        	1.239730e-19
1770.75       	1.239449e-19
1770.8        	1.239167e-19
1770.85       	1.238886e-19
1770.9        	1.238604e-19
1770.95       	1.238323e-19
1771          	1.238041e-19
1771.05       	1.237760e-19
1771.1        	1.237479e-19
1771.15       	1.237198e-19
1771.2        	1.236917e-19
1771.25       	1.236636e-19
1771.3        	1.236355e-19
1771.35       	1.236074e-19
1771.4        	1.235793e-19
1771.45       	1.235512e-19
1771.5        	1.235232e-19
1771.55       	1.234951e-19
1771.6        	1.234670e-19
1771.65       	1.234390e-19
1771.7        	1.234109e-19
1771.75       	1.233829e-19
1771.8        	1.233549e-19
1771.85       	1.233269e-19
1771.9        	1.232988e-19
1771.95       	1.232708e-19
1772          	1.232428e-19
1772.05       	1.232148e-19
1772.1        	1.231868e-19
1772.15       	1.231588e-19
1772.2        	1.231309e-19
1772.25       	1.231029e-19
1772.3        	1.230749e-19
1772.35       	1.230470e-19
1772.4        	1.230190e-19
1772.45       	1.229911e-19
1772.5        	1.229631e-19
1772.55       	1.229352e-19
1772.6        	1.229072e-19
1772.65       	1.228793e-19
1772.7        	1.228514e-19
1772.75       	1.228235e-19
1772.8        	1.227956e-19
1772.85       	1.227677e-19
1772.9        	1.227398e-19
1772.95       	1.227119e-19
1773          	1.226840e-19
1773.05       	1.226562e-19
1773.1        	1.226283e-19
1773.15       	1.226005e-19
1773.2        	1.225726e-19
1773.25       	1.225448e-19
1773.3        	1.225169e-19
1773.35       	1.224891e-19
1773.4        	1.224613e-19
1773.45       	1.224334e-19
1773.5        	1.224056e-19
1773.55       	1.223778e-19
1773.6        	1.223500e-19
1773.65       	1.223222e-19
1773.7        	1.222944e-19
1773.75       	1.222666e-19
1773.8        	1.222389e-19
1773.85       	1.222111e-19
1773.9        	1.221833e-19
1773.95       	1.221556e-19
1774          	1.221278e-19
1774.05       	1.221001e-19
1774.1        	1.220723e-19
1774.15       	1.220446e-19
1774.2        	1.220169e-19
1774.25       	1.219892e-19
1774.3        	1.219614e-19
1774.35       	1.219337e-19
1774.4        	1.219060e-19
1774.45       	1.218783e-19
1774.5        	1.218507e-19
1774.55       	1.218230e-19
1774.6        	1.217953e-19
1774.65       	1.217676e-19
1774.7        	1.217400e-19
1774.75       	1.217123e-19
1774.8        	1.216847e-19
1774.85       	1.216570e-19
1774.9        	1.216294e-19
1774.95       	1.216018e-19
1775          	1.215741e-19
1775.05       	1.215465e-19
1775.1        	1.215189e-19
1775.15       	1.214913e-19
1775.2        	1.214637e-19
1775.25       	1.214361e-19
1775.3        	1.214085e-19
1775.35       	1.213809e-19
1775.4        	1.213534e-19
1775.45       	1.213258e-19
1775.5        	1.212982e-19
1775.55       	1.212707e-19
1775.6        	1.212431e-19
1775.65       	1.212156e-19
1775.7        	1.211880e-19
1775.75       	1.211605e-19
1775.8        	1.211330e-19
1775.85       	1.211055e-19
1775.9        	1.210780e-19
1775.95       	1.210504e-19
1776          	1.210230e-19
1776.05       	1.209955e-19
1776.1        	1.209680e-19
1776.15       	1.209405e-19
1776.2        	1.209130e-19
1776.25       	1.208855e-19
1776.3        	1.208581e-19
1776.35       	1.208306e-19
1776.4        	1.208032e-19
1776.45       	1.207757e-19
1776.5        	1.207483e-19
1776.55       	1.207209e-19
1776.6        	1.206934e-19
1776.65       	1.206660e-19
1776.7        	1.206386e-19
1776.75       	1.206112e-19
1776.8        	1.205838e-19
1776.85       	1.205564e-19
1776.9        	1.205290e-19
1776.95       	1.205017e-19
1777          	1.204743e-19
1777.05       	1.204469e-19
1777.1        	1.204196e-19
1777.15       	1.203922e-19
1777.2        	1.203648e-19
1777.25       	1.203375e-19
1777.3        	1.203102e-19
1777.35       	1.202828e-19
1777.4        	1.202555e-19
1777.45       	1.202282e-19
1777.5        	1.202009e-19
1777.55       	1.201736e-19
1777.6        	1.201463e-19
1777.65       	1.201190e-19
1777.7        	1.200917e-19
1777.75       	1.200644e-19
1777.8        	1.200371e-19
1777.85       	1.200099e-19
1777.9        	1.199826e-19
1777.95       	1.199554e-19
1778          	1.199281e-19
1778.05       	1.199009e-19
1778.1        	1.198736e-19
1778.15       	1.198464e-19
1778.2        	1.198192e-19
1778.25       	1.197920e-19
1778.3        	1.197647e-19
1778.35       	1.197375e-19
1778.4        	1.197103e-19
1778.45       	1.196831e-19
1778.5        	1.196560e-19
1778.55       	1.196288e-19
1778.6        	1.196016e-19
1778.65       	1.195744e-19
1778.7        	1.195473e-19
1778.75       	1.195201e-19
1778.8        	1.194930e-19
1778.85       	1.194658e-19
1778.9        	1.194387e-19
1778.95       	1.194115e-19
1779          	1.193844e-19
1779.05       	1.193573e-19
1779.1        	1.193302e-19
1779.15       	1.193031e-19
1779.2        	1.192760e-19
1779.25       	1.192489e-19
1779.3        	1.192218e-19
1779.35       	1.191947e-19
1779.4        	1.191676e-19
1779.45       	1.191406e-19
1779.5        	1.191135e-19
1779.55       	1.190865e-19
1779.6        	1.190594e-19
1779.65       	1.190324e-19
1779.7        	1.190053e-19
1779.75       	1.189783e-19
1779.8        	1.189513e-19
1779.85       	1.189242e-19
1779.9        	1.188972e-19
1779.95       	1.188702e-19
1780          	1.188432e-19
1780.05       	1.188162e-19
1780.1        	1.187892e-19
1780.15       	1.187622e-19
1780.2        	1.187353e-19
1780.25       	1.187083e-19
1780.3        	1.186813e-19
1780.35       	1.186544e-19
1780.4        	1.186274e-19
1780.45       	1.186005e-19
1780.5        	1.185735e-19
1780.55       	1.185466e-19
1780.6        	1.185197e-19
1780.65       	1.184927e-19
1780.7        	1.184658e-19
1780.75       	1.184389e-19
1780.8        	1.184120e-19
1780.85       	1.183851e-19
1780.9        	1.183582e-19
1780.95       	1.183313e-19
1781          	1.183045e-19
1781.05       	1.182776e-19
1781.1        	1.182507e-19
1781.15       	1.182239e-19
1781.2        	1.181970e-19
1781.25       	1.181702e-19
1781.3        	1.181433e-19
1781.35       	1.181165e-19
1781.4        	1.180896e-19
1781.45       	1.180628e-19
1781.5        	1.180360e-19
1781.55       	1.180092e-19
1781.6        	1.179824e-19
1781.65       	1.179556e-19
1781.7        	1.179288e-19
1781.75       	1.179020e-19
1781.8        	1.178752e-19
1781.85       	1.178485e-19
1781.9        	1.178217e-19
1781.95       	1.177949e-19
1782          	1.177682e-19
1782.05       	1.177414e-19
1782.1        	1.177147e-19
1782.15       	1.176879e-19
1782.2        	1.176612e-19
1782.25       	1.176345e-19
1782.3        	1.176077e-19
1782.35       	1.175810e-19
1782.4        	1.175543e-19
1782.45       	1.175276e-19
1782.5        	1.175009e-19
1782.55       	1.174742e-19
1782.6        	1.174476e-19
1782.65       	1.174209e-19
1782.7        	1.173942e-19
1782.75       	1.173675e-19
1782.8        	1.173409e-19
1782.85       	1.173142e-19
1782.9        	1.172876e-19
1782.95       	1.172609e-19
1783          	1.172343e-19
1783.05       	1.172077e-19
1783.1        	1.171811e-19
1783.15       	1.171544e-19
1783.2        	1.171278e-19
1783.25       	1.171012e-19
1783.3        	1.170746e-19
1783.35       	1.170480e-19
1783.4        	1.170214e-19
1783.45       	1.169949e-19
1783.5        	1.169683e-19
1783.55       	1.169417e-19
1783.6        	1.169152e-19
1783.65       	1.168886e-19
1783.7        	1.168620e-19
1783.75       	1.168355e-19
1783.8        	1.168090e-19
1783.85       	1.167824e-19
1783.9        	1.167559e-19
1783.95       	1.167294e-19
1784          	1.167029e-19
1784.05       	1.166764e-19
1784.1        	1.166499e-19
1784.15       	1.166234e-19
1784.2        	1.165969e-19
1784.25       	1.165704e-19
1784.3        	1.165439e-19
1784.35       	1.165174e-19
1784.4        	1.164910e-19
1784.45       	1.164645e-19
1784.5        	1.164381e-19
1784.55       	1.164116e-19
1784.6        	1.163852e-19
1784.65       	1.163587e-19
1784.7        	1.163323e-19
1784.75       	1.163059e-19
1784.8        	1.162795e-19
1784.85       	1.162531e-19
1784.9        	1.162267e-19
1784.95       	1.162003e-19
1785          	1.161739e-19
1785.05       	1.161475e-19
1785.1        	1.161211e-19
1785.15       	1.160947e-19
1785.2        	1.160683e-19
1785.25       	1.160420e-19
1785.3        	1.160156e-19
1785.35       	1.159893e-19
1785.4        	1.159629e-19
1785.45       	1.159366e-19
1785.5        	1.159103e-19
1785.55       	1.158839e-19
1785.6        	1.158576e-19
1785.65       	1.158313e-19
1785.7        	1.158050e-19
1785.75       	1.157787e-19
1785.8        	1.157524e-19
1785.85       	1.157261e-19
1785.9        	1.156998e-19
1785.95       	1.156735e-19
1786          	1.156473e-19
1786.05       	1.156210e-19
1786.1        	1.155947e-19
1786.15       	1.155685e-19
1786.2        	1.155422e-19
1786.25       	1.155160e-19
1786.3        	1.154897e-19
1786.35       	1.154635e-19
1786.4        	1.154373e-19
1786.45       	1.154111e-19
1786.5        	1.153849e-19
1786.55       	1.153586e-19
1786.6        	1.153324e-19
1786.65       	1.153063e-19
1786.7        	1.152801e-19
1786.75       	1.152539e-19
1786.8        	1.152277e-19
1786.85       	1.152015e-19
1786.9        	1.151754e-19
1786.95       	1.151492e-19
1787          	1.151230e-19
1787.05       	1.150969e-19
1787.1        	1.150708e-19
1787.15       	1.150446e-19
1787.2        	1.150185e-19
1787.25       	1.149924e-19
1787.3        	1.149663e-19
1787.35       	1.149401e-19
1787.4        	1.149140e-19
1787.45       	1.148879e-19
1787.5        	1.148618e-19
1787.55       	1.148358e-19
1787.6        	1.148097e-19
1787.65       	1.147836e-19
1787.7        	1.147575e-19
1787.75       	1.147315e-19
1787.8        	1.147054e-19
1787.85       	1.146793e-19
1787.9        	1.146533e-19
1787.95       	1.146273e-19
1788          	1.146012e-19
1788.05       	1.145752e-19
1788.1        	1.145492e-19
1788.15       	1.145232e-19
1788.2        	1.144971e-19
1788.25       	1.144711e-19
1788.3        	1.144451e-19
1788.35       	1.144191e-19
1788.4        	1.143932e-19
1788.45       	1.143672e-19
1788.5        	1.143412e-19
1788.55       	1.143152e-19
1788.6        	1.142893e-19
1788.65       	1.142633e-19
1788.7        	1.142374e-19
1788.75       	1.142114e-19
1788.8        	1.141855e-19
1788.85       	1.141595e-19
1788.9        	1.141336e-19
1788.95       	1.141077e-19
1789          	1.140818e-19
1789.05       	1.140559e-19
1789.1        	1.140300e-19
1789.15       	1.140041e-19
1789.2        	1.139782e-19
1789.25       	1.139523e-19
1789.3        	1.139264e-19
1789.35       	1.139005e-19
1789.4        	1.138747e-19
1789.45       	1.138488e-19
1789.5        	1.138229e-19
1789.55       	1.137971e-19
1789.6        	1.137712e-19
1789.65       	1.137454e-19
1789.7        	1.137196e-19
1789.75       	1.136937e-19
1789.8        	1.136679e-19
1789.85       	1.136421e-19
1789.9        	1.136163e-19
1789.95       	1.135905e-19
1790          	1.135647e-19
1790.05       	1.135389e-19
1790.1        	1.135131e-19
1790.15       	1.134873e-19
1790.2        	1.134616e-19
1790.25       	1.134358e-19
1790.3        	1.134100e-19
1790.35       	1.133843e-19
1790.4        	1.133585e-19
1790.45       	1.133328e-19
1790.5        	1.133070e-19
1790.55       	1.132813e-19
1790.6        	1.132556e-19
1790.65       	1.132299e-19
1790.7        	1.132041e-19
1790.75       	1.131784e-19
1790.8        	1.131527e-19
1790.85       	1.131270e-19
1790.9        	1.131013e-19
1790.95       	1.130756e-19
1791          	1.130500e-19
1791.05       	1.130243e-19
1791.1        	1.129986e-19
1791.15       	1.129730e-19
1791.2        	1.129473e-19
1791.25       	1.129216e-19
1791.3        	1.128960e-19
1791.35       	1.128704e-19
1791.4        	1.128447e-19
1791.45       	1.128191e-19
1791.5        	1.127935e-19
1791.55       	1.127679e-19
1791.6        	1.127422e-19
1791.65       	1.127166e-19
1791.7        	1.126910e-19
1791.75       	1.126654e-19
1791.8        	1.126399e-19
1791.85       	1.126143e-19
1791.9        	1.125887e-19
1791.95       	1.125631e-19
1792          	1.125376e-19
1792.05       	1.125120e-19
1792.1        	1.124865e-19
1792.15       	1.124609e-19
1792.2        	1.124354e-19
1792.25       	1.124098e-19
1792.3        	1.123843e-19
1792.35       	1.123588e-19
1792.4        	1.123333e-19
1792.45       	1.123078e-19
1792.5        	1.122823e-19
1792.55       	1.122568e-19
1792.6        	1.122313e-19
1792.65       	1.122058e-19
1792.7        	1.121803e-19
1792.75       	1.121548e-19
1792.8        	1.121293e-19
1792.85       	1.121039e-19
1792.9        	1.120784e-19
1792.95       	1.120530e-19
1793          	1.120275e-19
1793.05       	1.120021e-19
1793.1        	1.119766e-19
1793.15       	1.119512e-19
1793.2        	1.119258e-19
1793.25       	1.119004e-19
1793.3        	1.118749e-19
1793.35       	1.118495e-19
1793.4        	1.118241e-19
1793.45       	1.117987e-19
1793.5        	1.117734e-19
1793.55       	1.117480e-19
1793.6        	1.117226e-19
1793.65       	1.116972e-19
1793.7        	1.116719e-19
1793.75       	1.116465e-19
1793.8        	1.116211e-19
1793.85       	1.115958e-19
1793.9        	1.115704e-19
1793.95       	1.115451e-19
1794          	1.115198e-19
1794.05       	1.114944e-19
1794.1        	1.114691e-19
1794.15       	1.114438e-19
1794.2        	1.114185e-19
1794.25       	1.113932e-19
1794.3        	1.113679e-19
1794.35       	1.113426e-19
1794.4        	1.113173e-19
1794.45       	1.112920e-19
1794.5        	1.112668e-19
1794.55       	1.112415e-19
1794.6        	1.112162e-19
1794.65       	1.111910e-19
1794.7        	1.111657e-19
1794.75       	1.111405e-19
1794.8        	1.111152e-19
1794.85       	1.110900e-19
1794.9        	1.110648e-19
1794.95       	1.110396e-19
1795          	1.110143e-19
1795.05       	1.109891e-19
1795.1        	1.109639e-19
1795.15       	1.109387e-19
1795.2        	1.109135e-19
1795.25       	1.108884e-19
1795.3        	1.108632e-19
1795.35       	1.108380e-19
1795.4        	1.108128e-19
1795.45       	1.107877e-19
1795.5        	1.107625e-19
1795.55       	1.107373e-19
1795.6        	1.107122e-19
1795.65       	1.106871e-19
1795.7        	1.106619e-19
1795.75       	1.106368e-19
1795.8        	1.106117e-19
1795.85       	1.105865e-19
1795.9        	1.105614e-19
1795.95       	1.105363e-19
1796          	1.105112e-19
1796.05       	1.104861e-19
1796.1        	1.104610e-19
1796.15       	1.104360e-19
1796.2        	1.104109e-19
1796.25       	1.103858e-19
1796.3        	1.103607e-19
1796.35       	1.103357e-19
1796.4        	1.103106e-19
1796.45       	1.102856e-19
1796.5        	1.102605e-19
1796.55       	1.102355e-19
1796.6        	1.102104e-19
1796.65       	1.101854e-19
1796.7        	1.101604e-19
1796.75       	1.101354e-19
1796.8        	1.101104e-19
1796.85       	1.100854e-19
1796.9        	1.100604e-19
1796.95       	1.100354e-19
1797          	1.100104e-19
1797.05       	1.099854e-19
1797.1        	1.099604e-19
1797.15       	1.099355e-19
1797.2        	1.099105e-19
1797.25       	1.098855e-19
1797.3        	1.098606e-19
1797.35       	1.098356e-19
1797.4        	1.098107e-19
1797.45       	1.097858e-19
1797.5        	1.097608e-19
1797.55       	1.097359e-19
1797.6        	1.097110e-19
1797.65       	1.096861e-19
1797.7        	1.096612e-19
1797.75       	1.096363e-19
1797.8        	1.096114e-19
1797.85       	1.095865e-19
1797.9        	1.095616e-19
1797.95       	1.095367e-19
1798          	1.095118e-19
1798.05       	1.094870e-19
1798.1        	1.094621e-19
1798.15       	1.094372e-19
1798.2        	1.094124e-19
1798.25       	1.093875e-19
1798.3        	1.093627e-19
1798.35       	1.093379e-19
1798.4        	1.093130e-19
1798.45       	1.092882e-19
1798.5        	1.092634e-19
1798.55       	1.092386e-19
1798.6        	1.092138e-19
1798.65       	1.091890e-19
1798.7        	1.091642e-19
1798.75       	1.091394e-19
1798.8        	1.091146e-19
1798.85       	1.090898e-19
1798.9        	1.090651e-19
1798.95       	1.090403e-19
1799          	1.090155e-19
1799.05       	1.089908e-19
1799.1        	1.089660e-19
1799.15       	1.089413e-19
1799.2        	1.089165e-19
1799.25       	1.088918e-19
1799.3        	1.088671e-19
1799.35       	1.088424e-19
1799.4        	1.088177e-19
1799.45       	1.087929e-19
1799.5        	1.087682e-19
1799.55       	1.087435e-19
1799.6        	1.087188e-19
1799.65       	1.086942e-19
1799.7        	1.086695e-19
1799.75       	1.086448e-19
1799.8        	1.086201e-19
1799.85       	1.085955e-19
1799.9        	1.085708e-19
1799.95       	1.085462e-19
1800          	1.085215e-19
1800.05       	1.084969e-19
1800.1        	1.084722e-19
1800.15       	1.084476e-19
1800.2        	1.084230e-19
1800.25       	1.083983e-19
1800.3        	1.083737e-19
1800.35       	1.083491e-19
1800.4        	1.083245e-19
1800.45       	1.082999e-19
1800.5        	1.082753e-19
1800.55       	1.082507e-19
1800.6        	1.082262e-19
1800.65       	1.082016e-19
1800.7        	1.081770e-19
1800.75       	1.081525e-19
1800.8        	1.081279e-19
1800.85       	1.081033e-19
1800.9        	1.080788e-19
1800.95       	1.080543e-19
1801          	1.080297e-19
1801.05       	1.080052e-19
1801.1        	1.079807e-19
1801.15       	1.079561e-19
1801.2        	1.079316e-19
1801.25       	1.079071e-19
1801.3        	1.078826e-19
1801.35       	1.078581e-19
1801.4        	1.078336e-19
1801.45       	1.078091e-19
1801.5        	1.077847e-19
1801.55       	1.077602e-19
1801.6        	1.077357e-19
1801.65       	1.077113e-19
1801.7        	1.076868e-19
1801.75       	1.076624e-19
1801.8        	1.076379e-19
1801.85       	1.076135e-19
1801.9        	1.075890e-19
1801.95       	1.075646e-19
1802          	1.075402e-19
1802.05       	1.075158e-19
1802.1        	1.074913e-19
1802.15       	1.074669e-19
1802.2        	1.074425e-19
1802.25       	1.074181e-19
1802.3        	1.073937e-19
1802.35       	1.073694e-19
1802.4        	1.073450e-19
1802.45       	1.073206e-19
1802.5        	1.072962e-19
1802.55       	1.072719e-19
1802.6        	1.072475e-19
1802.65       	1.072232e-19
1802.7        	1.071988e-19
1802.75       	1.071745e-19
1802.8        	1.071501e-19
1802.85       	1.071258e-19
1802.9        	1.071015e-19
1802.95       	1.070772e-19
1803          	1.070529e-19
1803.05       	1.070285e-19
1803.1        	1.070042e-19
1803.15       	1.069800e-19
1803.2        	1.069557e-19
1803.25       	1.069314e-19
1803.3        	1.069071e-19
1803.35       	1.068828e-19
1803.4        	1.068586e-19
1803.45       	1.068343e-19
1803.5        	1.068100e-19
1803.55       	1.067858e-19
1803.6        	1.067615e-19
1803.65       	1.067373e-19
1803.7        	1.067131e-19
1803.75       	1.066888e-19
1803.8        	1.066646e-19
1803.85       	1.066404e-19
1803.9        	1.066162e-19
1803.95       	1.065920e-19
1804          	1.065678e-19
1804.05       	1.065436e-19
1804.1        	1.065194e-19
1804.15       	1.064952e-19
1804.2        	1.064710e-19
1804.25       	1.064468e-19
1804.3        	1.064227e-19
1804.35       	1.063985e-19
1804.4        	1.063743e-19
1804.45       	1.063502e-19
1804.5        	1.063260e-19
1804.55       	1.063019e-19
1804.6        	1.062778e-19
1804.65       	1.062536e-19
1804.7        	1.062295e-19
1804.75       	1.062054e-19
1804.8        	1.061813e-19
1804.85       	1.061572e-19
1804.9        	1.061331e-19
1804.95       	1.061090e-19
1805          	1.060849e-19
1805.05       	1.060608e-19
1805.1        	1.060367e-19
1805.15       	1.060126e-19
1805.2        	1.059885e-19
1805.25       	1.059645e-19
1805.3        	1.059404e-19
1805.35       	1.059164e-19
1805.4        	1.058923e-19
1805.45       	1.058683e-19
1805.5        	1.058442e-19
1805.55       	1.058202e-19
1805.6        	1.057962e-19
1805.65       	1.057722e-19
1805.7        	1.057481e-19
1805.75       	1.057241e-19
1805.8        	1.057001e-19
1805.85       	1.056761e-19
1805.9        	1.056521e-19
1805.95       	1.056282e-19
1806          	1.056042e-19
1806.05       	1.055802e-19
1806.1        	1.055562e-19
1806.15       	1.055323e-19
1806.2        	1.055083e-19
1806.25       	1.054843e-19
1806.3        	1.054604e-19
1806.35       	1.054364e-19
1806.4        	1.054125e-19
1806.45       	1.053886e-19
1806.5        	1.053646e-19
1806.55       	1.053407e-19
1806.6        	1.053168e-19
1806.65       	1.052929e-19
1806.7        	1.052690e-19
1806.75       	1.052451e-19
1806.8        	1.052212e-19
1806.85       	1.051973e-19
1806.9        	1.051734e-19
1806.95       	1.051495e-19
1807          	1.051257e-19
1807.05       	1.051018e-19
1807.1        	1.050779e-19
1807.15       	1.050541e-19
1807.2        	1.050302e-19
1807.25       	1.050064e-19
1807.3        	1.049825e-19
1807.35       	1.049587e-19
1807.4        	1.049349e-19
1807.45       	1.049110e-19
1807.5        	1.048872e-19
1807.55       	1.048634e-19
1807.6        	1.048396e-19
1807.65       	1.048158e-19
1807.7        	1.047920e-19
1807.75       	1.047682e-19
1807.8        	1.047444e-19
1807.85       	1.047206e-19
1807.9        	1.046969e-19
1807.95       	1.046731e-19
1808          	1.046493e-19
1808.05       	1.046256e-19
1808.1        	1.046018e-19
1808.15       	1.045781e-19
1808.2        	1.045543e-19
1808.25       	1.045306e-19
1808.3        	1.045069e-19
1808.35       	1.044831e-19
1808.4        	1.044594e-19
1808.45       	1.044357e-19
1808.5        	1.044120e-19
1808.55       	1.043883e-19
1808.6        	1.043646e-19
1808.65       	1.043409e-19
1808.7        	1.043172e-19
1808.75       	1.042935e-19
1808.8        	1.042698e-19
1808.85       	1.042462e-19
1808.9        	1.042225e-19
1808.95       	1.041988e-19
1809          	1.041752e-19
1809.05       	1.041515e-19
1809.1        	1.041279e-19
1809.15       	1.041042e-19
1809.2        	1.040806e-19
1809.25       	1.040570e-19
1809.3        	1.040333e-19
1809.35       	1.040097e-19
1809.4        	1.039861e-19
1809.45       	1.039625e-19
1809.5        	1.039389e-19
1809.55       	1.039153e-19
1809.6        	1.038917e-19
1809.65       	1.038681e-19
1809.7        	1.038445e-19
1809.75       	1.038210e-19
1809.8        	1.037974e-19
1809.85       	1.037738e-19
1809.9        	1.037503e-19
1809.95       	1.037267e-19
1810          	1.037032e-19
1810.05       	1.036796e-19
1810.1        	1.036561e-19
1810.15       	1.036325e-19
1810.2        	1.036090e-19
1810.25       	1.035855e-19
1810.3        	1.035620e-19
1810.35       	1.035385e-19
1810.4        	1.035150e-19
1810.45       	1.034915e-19
1810.5        	1.034680e-19
1810.55       	1.034445e-19
1810.6        	1.034210e-19
1810.65       	1.033975e-19
1810.7        	1.033740e-19
1810.75       	1.033506e-19
1810.8        	1.033271e-19
1810.85       	1.033036e-19
1810.9        	1.032802e-19
1810.95       	1.032567e-19
1811          	1.032333e-19
1811.05       	1.032099e-19
1811.1        	1.031864e-19
1811.15       	1.031630e-19
1811.2        	1.031396e-19
1811.25       	1.031162e-19
1811.3        	1.030928e-19
1811.35       	1.030694e-19
1811.4        	1.030460e-19
1811.45       	1.030226e-19
1811.5        	1.029992e-19
1811.55       	1.029758e-19
1811.6        	1.029524e-19
1811.65       	1.029290e-19
1811.7        	1.029057e-19
1811.75       	1.028823e-19
1811.8        	1.028590e-19
1811.85       	1.028356e-19
1811.9        	1.028123e-19
1811.95       	1.027889e-19
1812          	1.027656e-19
1812.05       	1.027423e-19
1812.1        	1.027189e-19
1812.15       	1.026956e-19
1812.2        	1.026723e-19
1812.25       	1.026490e-19
1812.3        	1.026257e-19
1812.35       	1.026024e-19
1812.4        	1.025791e-19
1812.45       	1.025558e-19
1812.5        	1.025325e-19
1812.55       	1.025092e-19
1812.6        	1.024860e-19
1812.65       	1.024627e-19
1812.7        	1.024395e-19
1812.75       	1.024162e-19
1812.8        	1.023929e-19
1812.85       	1.023697e-19
1812.9        	1.023465e-19
1812.95       	1.023232e-19
1813          	1.023000e-19
1813.05       	1.022768e-19
1813.1        	1.022536e-19
1813.15       	1.022303e-19
1813.2        	1.022071e-19
1813.25       	1.021839e-19
1813.3        	1.021607e-19
1813.35       	1.021375e-19
1813.4        	1.021144e-19
1813.45       	1.020912e-19
1813.5        	1.020680e-19
1813.55       	1.020448e-19
1813.6        	1.020217e-19
1813.65       	1.019985e-19
1813.7        	1.019753e-19
1813.75       	1.019522e-19
1813.8        	1.019290e-19
1813.85       	1.019059e-19
1813.9        	1.018828e-19
1813.95       	1.018596e-19
1814          	1.018365e-19
1814.05       	1.018134e-19
1814.1        	1.017903e-19
1814.15       	1.017672e-19
1814.2        	1.017441e-19
1814.25       	1.017210e-19
1814.3        	1.016979e-19
1814.35       	1.016748e-19
1814.4        	1.016517e-19
1814.45       	1.016287e-19
1814.5        	1.016056e-19
1814.55       	1.015825e-19
1814.6        	1.015595e-19
1814.65       	1.015364e-19
1814.7        	1.015133e-19
1814.75       	1.014903e-19
1814.8        	1.014673e-19
1814.85       	1.014442e-19
1814.9        	1.014212e-19
1814.95       	1.013982e-19
1815          	1.013752e-19
1815.05       	1.013521e-19
1815.1        	1.013291e-19
1815.15       	1.013061e-19
1815.2        	1.012831e-19
1815.25       	1.012601e-19
1815.3        	1.012372e-19
1815.35       	1.012142e-19
1815.4        	1.011912e-19
1815.45       	1.011682e-19
1815.5        	1.011453e-19
1815.55       	1.011223e-19
1815.6        	1.010994e-19
1815.65       	1.010764e-19
1815.7        	1.010535e-19
1815.75       	1.010305e-19
1815.8        	1.010076e-19
1815.85       	1.009847e-19
1815.9        	1.009617e-19
1815.95       	1.009388e-19
1816          	1.009159e-19
1816.05       	1.008930e-19
1816.1        	1.008701e-19
1816.15       	1.008472e-19
1816.2        	1.008243e-19
1816.25       	1.008014e-19
1816.3        	1.007785e-19
1816.35       	1.007557e-19
1816.4        	1.007328e-19
1816.45       	1.007099e-19
1816.5        	1.006871e-19
1816.55       	1.006642e-19
1816.6        	1.006413e-19
1816.65       	1.006185e-19
1816.7        	1.005957e-19
1816.75       	1.005728e-19
1816.8        	1.005500e-19
1816.85       	1.005272e-19
1816.9        	1.005043e-19
1816.95       	1.004815e-19
1817          	1.004587e-19
1817.05       	1.004359e-19
1817.1        	1.004131e-19
1817.15       	1.003903e-19
1817.2        	1.003675e-19
1817.25       	1.003448e-19
1817.3        	1.003220e-19
1817.35       	1.002992e-19
1817.4        	1.002764e-19
1817.45       	1.002537e-19
1817.5        	1.002309e-19
1817.55       	1.002082e-19
1817.6        	1.001854e-19
1817.65       	1.001627e-19
1817.7        	1.001399e-19
1817.75       	1.001172e-19
1817.8        	1.000945e-19
1817.85       	1.000718e-19
1817.9        	1.000491e-19
1817.95       	1.000263e-19
1818          	1.000036e-19
1818.05       	9.998093e-20
1818.1        	9.995824e-20
1818.15       	9.993555e-20
1818.2        	9.991286e-20
1818.25       	9.989019e-20
1818.3        	9.986751e-20
1818.35       	9.984484e-20
1818.4        	9.982218e-20
1818.45       	9.979952e-20
1818.5        	9.977687e-20
1818.55       	9.975422e-20
1818.6        	9.973157e-20
1818.65       	9.970894e-20
1818.7        	9.968630e-20
1818.75       	9.966367e-20
1818.8        	9.964105e-20
1818.85       	9.961843e-20
1818.9        	9.959582e-20
1818.95       	9.957322e-20
1819          	9.955061e-20
1819.05       	9.952802e-20
1819.1        	9.950542e-20
1819.15       	9.948284e-20
1819.2        	9.946026e-20
1819.25       	9.943768e-20
1819.3        	9.941511e-20
1819.35       	9.939254e-20
1819.4        	9.936998e-20
1819.45       	9.934743e-20
1819.5        	9.932488e-20
1819.55       	9.930233e-20
1819.6        	9.927979e-20
1819.65       	9.925726e-20
1819.7        	9.923473e-20
1819.75       	9.921220e-20
1819.8        	9.918968e-20
1819.85       	9.916717e-20
1819.9        	9.914466e-20
1819.95       	9.912215e-20
1820          	9.909965e-20
1820.05       	9.907716e-20
1820.1        	9.905467e-20
1820.15       	9.903219e-20
1820.2        	9.900971e-20
1820.25       	9.898723e-20
1820.3        	9.896477e-20
1820.35       	9.894230e-20
1820.4        	9.891985e-20
1820.45       	9.889739e-20
1820.5        	9.887494e-20
1820.55       	9.885250e-20
1820.6        	9.883006e-20
1820.65       	9.880763e-20
1820.7        	9.878520e-20
1820.75       	9.876278e-20
1820.8        	9.874036e-20
1820.85       	9.871795e-20
1820.9        	9.869555e-20
1820.95       	9.867314e-20
1821          	9.865075e-20
1821.05       	9.862835e-20
1821.1        	9.860597e-20
1821.15       	9.858359e-20
1821.2        	9.856121e-20
1821.25       	9.853884e-20
1821.3        	9.851647e-20
1821.35       	9.849411e-20
1821.4        	9.847176e-20
1821.45       	9.844941e-20
1821.5        	9.842706e-20
1821.55       	9.840472e-20
1821.6        	9.838238e-20
1821.65       	9.836005e-20
1821.7        	9.833773e-20
1821.75       	9.831541e-20
1821.8        	9.829309e-20
1821.85       	9.827078e-20
1821.9        	9.824848e-20
1821.95       	9.822618e-20
1822          	9.820388e-20
1822.05       	9.818159e-20
1822.1        	9.815931e-20
1822.15       	9.813703e-20
1822.2        	9.811475e-20
1822.25       	9.809248e-20
1822.3        	9.807022e-20
1822.35       	9.804796e-20
1822.4        	9.802571e-20
1822.45       	9.800346e-20
1822.5        	9.798121e-20
1822.55       	9.795897e-20
1822.6        	9.793674e-20
1822.65       	9.791451e-20
1822.7        	9.789229e-20
1822.75       	9.787007e-20
1822.8        	9.784786e-20
1822.85       	9.782565e-20
1822.9        	9.780344e-20
1822.95       	9.778125e-20
1823          	9.775905e-20
1823.05       	9.773686e-20
1823.1        	9.771468e-20
1823.15       	9.769250e-20
1823.2        	9.767033e-20
1823.25       	9.764816e-20
1823.3        	9.762600e-20
1823.35       	9.760384e-20
1823.4        	9.758169e-20
1823.45       	9.755954e-20
1823.5        	9.753740e-20
1823.55       	9.751526e-20
1823.6        	9.749313e-20
1823.65       	9.747100e-20
1823.7        	9.744888e-20
1823.75       	9.742676e-20
1823.8        	9.740465e-20
1823.85       	9.738254e-20
1823.9        	9.736044e-20
1823.95       	9.733834e-20
1824          	9.731625e-20
1824.05       	9.729416e-20
1824.1        	9.727208e-20
1824.15       	9.725000e-20
1824.2        	9.722793e-20
1824.25       	9.720586e-20
1824.3        	9.718380e-20
1824.35       	9.716174e-20
1824.4        	9.713969e-20
1824.45       	9.711764e-20
1824.5        	9.709560e-20
1824.55       	9.707356e-20
1824.6        	9.705153e-20
1824.65       	9.702950e-20
1824.7        	9.700748e-20
1824.75       	9.698546e-20
1824.8        	9.696345e-20
1824.85       	9.694145e-20
1824.9        	9.691944e-20
1824.95       	9.689745e-20
1825          	9.687545e-20
1825.05       	9.685347e-20
1825.1        	9.683149e-20
1825.15       	9.680951e-20
1825.2        	9.678754e-20
1825.25       	9.676557e-20
1825.3        	9.674361e-20
1825.35       	9.672165e-20
1825.4        	9.669970e-20
1825.45       	9.667775e-20
1825.5        	9.665581e-20
1825.55       	9.663388e-20
1825.6        	9.661194e-20
1825.65       	9.659002e-20
1825.7        	9.656810e-20
1825.75       	9.654618e-20
1825.8        	9.652427e-20
1825.85       	9.650236e-20
1825.9        	9.648046e-20
1825.95       	9.645856e-20
1826          	9.643667e-20
1826.05       	9.641478e-20
1826.1        	9.639290e-20
1826.15       	9.637102e-20
1826.2        	9.634915e-20
1826.25       	9.632729e-20
1826.3        	9.630542e-20
1826.35       	9.628357e-20
1826.4        	9.626172e-20
1826.45       	9.623987e-20
1826.5        	9.621803e-20
1826.55       	9.619619e-20
1826.6        	9.617436e-20
1826.65       	9.615253e-20
1826.7        	9.613071e-20
1826.75       	9.610889e-20
1826.8        	9.608708e-20
1826.85       	9.606527e-20
1826.9        	9.604347e-20
1826.95       	9.602167e-20
1827          	9.599988e-20
1827.05       	9.597809e-20
1827.1        	9.595631e-20
1827.15       	9.593454e-20
1827.2        	9.591276e-20
1827.25       	9.589100e-20
1827.3        	9.586923e-20
1827.35       	9.584748e-20
1827.4        	9.582572e-20
1827.45       	9.580398e-20
1827.5        	9.578223e-20
1827.55       	9.576050e-20
1827.6        	9.573876e-20
1827.65       	9.571704e-20
1827.7        	9.569531e-20
1827.75       	9.567360e-20
1827.8        	9.565188e-20
1827.85       	9.563018e-20
1827.9        	9.560847e-20
1827.95       	9.558677e-20
1828          	9.556508e-20
1828.05       	9.554339e-20
1828.1        	9.552171e-20
1828.15       	9.550003e-20
1828.2        	9.547836e-20
1828.25       	9.545669e-20
1828.3        	9.543503e-20
1828.35       	9.541337e-20
1828.4        	9.539172e-20
1828.45       	9.537007e-20
1828.5        	9.534842e-20
1828.55       	9.532679e-20
1828.6        	9.530515e-20
1828.65       	9.528352e-20
1828.7        	9.526190e-20
1828.75       	9.524028e-20
1828.8        	9.521867e-20
1828.85       	9.519706e-20
1828.9        	9.517545e-20
1828.95       	9.515385e-20
1829          	9.513226e-20
1829.05       	9.511067e-20
1829.1        	9.508909e-20
1829.15       	9.506751e-20
1829.2        	9.504593e-20
1829.25       	9.502436e-20
1829.3        	9.500280e-20
1829.35       	9.498124e-20
1829.4        	9.495968e-20
1829.45       	9.493813e-20
1829.5        	9.491659e-20
1829.55       	9.489505e-20
1829.6        	9.487351e-20
1829.65       	9.485198e-20
1829.7        	9.483046e-20
1829.75       	9.480894e-20
1829.8        	9.478742e-20
1829.85       	9.476591e-20
1829.9        	9.474441e-20
1829.95       	9.472291e-20
1830          	9.470141e-20
1830.05       	9.467992e-20
1830.1        	9.465843e-20
1830.15       	9.463695e-20
1830.2        	9.461547e-20
1830.25       	9.459400e-20
1830.3        	9.457254e-20
1830.35       	9.455108e-20
1830.4        	9.452962e-20
1830.45       	9.450817e-20
1830.5        	9.448672e-20
1830.55       	9.446528e-20
1830.6        	9.444384e-20
1830.65       	9.442241e-20
1830.7        	9.440098e-20
1830.75       	9.437956e-20
1830.8        	9.435814e-20
1830.85       	9.433673e-20
1830.9        	9.431532e-20
1830.95       	9.429392e-20
1831          	9.427252e-20
1831.05       	9.425113e-20
1831.1        	9.422974e-20
1831.15       	9.420835e-20
1831.2        	9.418698e-20
1831.25       	9.416560e-20
1831.3        	9.414423e-20
1831.35       	9.412287e-20
1831.4        	9.410151e-20
1831.45       	9.408016e-20
1831.5        	9.405881e-20
1831.55       	9.403746e-20
1831.6        	9.401612e-20
1831.65       	9.399479e-20
1831.7        	9.397346e-20
1831.75       	9.395213e-20
1831.8        	9.393081e-20
1831.85       	9.390950e-20
1831.9        	9.388819e-20
1831.95       	9.386688e-20
1832          	9.384558e-20
1832.05       	9.382428e-20
1832.1        	9.380299e-20
1832.15       	9.378171e-20
1832.2        	9.376043e-20
1832.25       	9.373915e-20
1832.3        	9.371788e-20
1832.35       	9.369661e-20
1832.4        	9.367535e-20
1832.45       	9.365409e-20
1832.5        	9.363284e-20
1832.55       	9.361159e-20
1832.6        	9.359035e-20
1832.65       	9.356911e-20
1832.7        	9.354788e-20
1832.75       	9.352665e-20
1832.8        	9.350543e-20
1832.85       	9.348421e-20
1832.9        	9.346300e-20
1832.95       	9.344179e-20
1833          	9.342058e-20
1833.05       	9.339939e-20
1833.1        	9.337819e-20
1833.15       	9.335700e-20
1833.2        	9.333582e-20
1833.25       	9.331464e-20
1833.3        	9.329346e-20
1833.35       	9.327229e-20
1833.4        	9.325113e-20
1833.45       	9.322997e-20
1833.5        	9.320881e-20
1833.55       	9.318766e-20
1833.6        	9.316652e-20
1833.65       	9.314538e-20
1833.7        	9.312424e-20
1833.75       	9.310311e-20
1833.8        	9.308198e-20
1833.85       	9.306086e-20
1833.9        	9.303974e-20
1833.95       	9.301863e-20
1834          	9.299752e-20
1834.05       	9.297642e-20
1834.1        	9.295532e-20
1834.15       	9.293423e-20
1834.2        	9.291314e-20
1834.25       	9.289206e-20
1834.3        	9.287098e-20
1834.35       	9.284991e-20
1834.4        	9.282884e-20
1834.45       	9.280777e-20
1834.5        	9.278672e-20
1834.55       	9.276566e-20
1834.6        	9.274461e-20
1834.65       	9.272357e-20
1834.7        	9.270253e-20
1834.75       	9.268149e-20
1834.8        	9.266046e-20
1834.85       	9.263944e-20
1834.9        	9.261842e-20
1834.95       	9.259740e-20
1835          	9.257639e-20
1835.05       	9.255538e-20
1835.1        	9.253438e-20
1835.15       	9.251338e-20
1835.2        	9.249239e-20
1835.25       	9.247140e-20
1835.3        	9.245042e-20
1835.35       	9.242944e-20
1835.4        	9.240847e-20
1835.45       	9.238750e-20
1835.5        	9.236654e-20
1835.55       	9.234558e-20
1835.6        	9.232463e-20
1835.65       	9.230368e-20
1835.7        	9.228273e-20
1835.75       	9.226179e-20
1835.8        	9.224086e-20
1835.85       	9.221993e-20
1835.9        	9.219901e-20
1835.95       	9.217808e-20
1836          	9.215717e-20
1836.05       	9.213626e-20
1836.1        	9.211535e-20
1836.15       	9.209445e-20
1836.2        	9.207355e-20
1836.25       	9.205266e-20
1836.3        	9.203178e-20
1836.35       	9.201089e-20
1836.4        	9.199002e-20
1836.45       	9.196914e-20
1836.5        	9.194828e-20
1836.55       	9.192741e-20
1836.6        	9.190655e-20
1836.65       	9.188570e-20
1836.7        	9.186485e-20
1836.75       	9.184401e-20
1836.8        	9.182317e-20
1836.85       	9.180233e-20
1836.9        	9.178150e-20
1836.95       	9.176068e-20
1837          	9.173986e-20
1837.05       	9.171904e-20
1837.1        	9.169823e-20
1837.15       	9.167743e-20
1837.2        	9.165662e-20
1837.25       	9.163583e-20
1837.3        	9.161504e-20
1837.35       	9.159425e-20
1837.4        	9.157347e-20
1837.45       	9.155269e-20
1837.5        	9.153192e-20
1837.55       	9.151115e-20
1837.6        	9.149038e-20
1837.65       	9.146963e-20
1837.7        	9.144887e-20
1837.75       	9.142812e-20
1837.8        	9.140738e-20
1837.85       	9.138664e-20
1837.9        	9.136590e-20
1837.95       	9.134517e-20
1838          	9.132445e-20
1838.05       	9.130373e-20
1838.1        	9.128301e-20
1838.15       	9.126230e-20
1838.2        	9.124159e-20
1838.25       	9.122089e-20
1838.3        	9.120019e-20
1838.35       	9.117950e-20
1838.4        	9.115881e-20
1838.45       	9.113813e-20
1838.5        	9.111745e-20
1838.55       	9.109678e-20
1838.6        	9.107611e-20
1838.65       	9.105544e-20
1838.7        	9.103478e-20
1838.75       	9.101413e-20
1838.8        	9.099348e-20
1838.85       	9.097283e-20
1838.9        	9.095219e-20
1838.95       	9.093156e-20
1839          	9.091093e-20
1839.05       	9.089030e-20
1839.1        	9.086968e-20
1839.15       	9.084906e-20
1839.2        	9.082845e-20
1839.25       	9.080784e-20
1839.3        	9.078724e-20
1839.35       	9.076664e-20
1839.4        	9.074604e-20
1839.45       	9.072546e-20
1839.5        	9.070487e-20
1839.55       	9.068429e-20
1839.6        	9.066372e-20
1839.65       	9.064315e-20
1839.7        	9.062258e-20
1839.75       	9.060202e-20
1839.8        	9.058146e-20
1839.85       	9.056091e-20
1839.9        	9.054037e-20
1839.95       	9.051982e-20
1840          	9.049929e-20
1840.05       	9.047875e-20
1840.1        	9.045823e-20
1840.15       	9.043770e-20
1840.2        	9.041718e-20
1840.25       	9.039667e-20
1840.3        	9.037616e-20
1840.35       	9.035566e-20
1840.4        	9.033516e-20
1840.45       	9.031466e-20
1840.5        	9.029417e-20
1840.55       	9.027368e-20
1840.6        	9.025320e-20
1840.65       	9.023273e-20
1840.7        	9.021225e-20
1840.75       	9.019179e-20
1840.8        	9.017132e-20
1840.85       	9.015087e-20
1840.9        	9.013041e-20
1840.95       	9.010997e-20
1841          	9.008952e-20
1841.05       	9.006908e-20
1841.1        	9.004865e-20
1841.15       	9.002822e-20
1841.2        	9.000779e-20
1841.25       	8.998737e-20
1841.3        	8.996696e-20
1841.35       	8.994654e-20
1841.4        	8.992614e-20
1841.45       	8.990574e-20
1841.5        	8.988534e-20
1841.55       	8.986495e-20
1841.6        	8.984456e-20
1841.65       	8.982417e-20
1841.7        	8.980380e-20
1841.75       	8.978342e-20
1841.8        	8.976305e-20
1841.85       	8.974269e-20
1841.9        	8.972233e-20
1841.95       	8.970197e-20
1842          	8.968162e-20
1842.05       	8.966127e-20
1842.1        	8.964093e-20
1842.15       	8.962060e-20
1842.2        	8.960026e-20
1842.25       	8.957994e-20
1842.3        	8.955961e-20
1842.35       	8.953929e-20
1842.4        	8.951898e-20
1842.45       	8.949867e-20
1842.5        	8.947837e-20
1842.55       	8.945807e-20
1842.6        	8.943777e-20
1842.65       	8.941748e-20
1842.7        	8.939720e-20
1842.75       	8.937691e-20
1842.8        	8.935664e-20
1842.85       	8.933637e-20
1842.9        	8.931610e-20
1842.95       	8.929584e-20
1843          	8.927558e-20
1843.05       	8.925532e-20
1843.1        	8.923507e-20
1843.15       	8.921483e-20
1843.2        	8.919459e-20
1843.25       	8.917436e-20
1843.3        	8.915412e-20
1843.35       	8.913390e-20
1843.4        	8.911368e-20
1843.45       	8.909346e-20
1843.5        	8.907325e-20
1843.55       	8.905304e-20
1843.6        	8.903284e-20
1843.65       	8.901264e-20
1843.7        	8.899245e-20
1843.75       	8.897226e-20
1843.8        	8.895207e-20
1843.85       	8.893189e-20
1843.9        	8.891172e-20
1843.95       	8.889155e-20
1844          	8.887138e-20
1844.05       	8.885122e-20
1844.1        	8.883106e-20
1844.15       	8.881091e-20
1844.2        	8.879076e-20
1844.25       	8.877062e-20
1844.3        	8.875048e-20
1844.35       	8.873035e-20
1844.4        	8.871022e-20
1844.45       	8.869009e-20
1844.5        	8.866997e-20
1844.55       	8.864986e-20
1844.6        	8.862975e-20
1844.65       	8.860964e-20
1844.7        	8.858954e-20
1844.75       	8.856944e-20
1844.8        	8.854935e-20
1844.85       	8.852926e-20
1844.9        	8.850918e-20
1844.95       	8.848910e-20
1845          	8.846903e-20
1845.05       	8.844896e-20
1845.1        	8.842889e-20
1845.15       	8.840883e-20
1845.2        	8.838877e-20
1845.25       	8.836872e-20
1845.3        	8.834868e-20
1845.35       	8.832863e-20
1845.4        	8.830860e-20
1845.45       	8.828856e-20
1845.5        	8.826853e-20
1845.55       	8.824851e-20
1845.6        	8.822849e-20
1845.65       	8.820848e-20
1845.7        	8.818847e-20
1845.75       	8.816846e-20
1845.8        	8.814846e-20
1845.85       	8.812846e-20
1845.9        	8.810847e-20
1845.95       	8.808848e-20
1846          	8.806850e-20
1846.05       	8.804852e-20
1846.1        	8.802855e-20
1846.15       	8.800858e-20
1846.2        	8.798861e-20
1846.25       	8.796865e-20
1846.3        	8.794870e-20
1846.35       	8.792875e-20
1846.4        	8.790880e-20
1846.45       	8.788886e-20
1846.5        	8.786892e-20
1846.55       	8.784899e-20
1846.6        	8.782906e-20
1846.65       	8.780914e-20
1846.7        	8.778922e-20
1846.75       	8.776930e-20
1846.8        	8.774939e-20
1846.85       	8.772949e-20
1846.9        	8.770959e-20
1846.95       	8.768969e-20
1847          	8.766980e-20
1847.05       	8.764991e-20
1847.1        	8.763003e-20
1847.15       	8.761015e-20
1847.2        	8.759028e-20
1847.25       	8.757041e-20
1847.3        	8.755054e-20
1847.35       	8.753068e-20
1847.4        	8.751083e-20
1847.45       	8.749098e-20
1847.5        	8.747113e-20
1847.55       	8.745129e-20
1847.6        	8.743145e-20
1847.65       	8.741162e-20
1847.7        	8.739179e-20
1847.75       	8.737196e-20
1847.8        	8.735214e-20
1847.85       	8.733233e-20
1847.9        	8.731252e-20
1847.95       	8.729271e-20
1848          	8.727291e-20
1848.05       	8.725311e-20
1848.1        	8.723332e-20
1848.15       	8.721353e-20
1848.2        	8.719375e-20
1848.25       	8.717397e-20
1848.3        	8.715420e-20
1848.35       	8.713443e-20
1848.4        	8.711466e-20
1848.45       	8.709490e-20
1848.5        	8.707515e-20
1848.55       	8.705539e-20
1848.6        	8.703565e-20
1848.65       	8.701590e-20
1848.7        	8.699617e-20
1848.75       	8.697643e-20
1848.8        	8.695670e-20
1848.85       	8.693698e-20
1848.9        	8.691726e-20
1848.95       	8.689754e-20
1849          	8.687783e-20
1849.05       	8.685812e-20
1849.1        	8.683842e-20
1849.15       	8.681872e-20
1849.2        	8.679903e-20
1849.25       	8.677934e-20
1849.3        	8.675966e-20
1849.35       	8.673998e-20
1849.4        	8.672030e-20
1849.45       	8.670063e-20
1849.5        	8.668097e-20
1849.55       	8.666130e-20
1849.6        	8.664165e-20
1849.65       	8.662199e-20
1849.7        	8.660235e-20
1849.75       	8.658270e-20
1849.8        	8.656306e-20
1849.85       	8.654343e-20
1849.9        	8.652380e-20
1849.95       	8.650417e-20
1850          	8.648455e-20
1850.05       	8.646493e-20
1850.1        	8.644532e-20
1850.15       	8.642571e-20
1850.2        	8.640611e-20
1850.25       	8.638651e-20
1850.3        	8.636691e-20
1850.35       	8.634732e-20
1850.4        	8.632774e-20
1850.45       	8.630816e-20
1850.5        	8.628858e-20
1850.55       	8.626901e-20
1850.6        	8.624944e-20
1850.65       	8.622988e-20
1850.7        	8.621032e-20
1850.75       	8.619076e-20
1850.8        	8.617121e-20
1850.85       	8.615167e-20
1850.9        	8.613213e-20
1850.95       	8.611259e-20
1851          	8.609306e-20
1851.05       	8.607353e-20
1851.1        	8.605401e-20
1851.15       	8.603449e-20
1851.2        	8.601497e-20
1851.25       	8.599546e-20
1851.3        	8.597596e-20
1851.35       	8.595646e-20
1851.4        	8.593696e-20
1851.45       	8.591747e-20
1851.5        	8.589798e-20
1851.55       	8.587850e-20
1851.6        	8.585902e-20
1851.65       	8.583954e-20
1851.7        	8.582007e-20
1851.75       	8.580061e-20
1851.8        	8.578115e-20
1851.85       	8.576169e-20
1851.9        	8.574224e-20
1851.95       	8.572279e-20
1852          	8.570335e-20
1852.05       	8.568391e-20
1852.1        	8.566447e-20
1852.15       	8.564504e-20
1852.2        	8.562562e-20
1852.25       	8.560620e-20
1852.3        	8.558678e-20
1852.35       	8.556737e-20
1852.4        	8.554796e-20
1852.45       	8.552856e-20
1852.5        	8.550916e-20
1852.55       	8.548976e-20
1852.6        	8.547037e-20
1852.65       	8.545099e-20
1852.7        	8.543160e-20
1852.75       	8.541223e-20
1852.8        	8.539286e-20
1852.85       	8.537349e-20
1852.9        	8.535412e-20
1852.95       	8.533476e-20
1853          	8.531541e-20
1853.05       	8.529606e-20
1853.1        	8.527671e-20
1853.15       	8.525737e-20
1853.2        	8.523803e-20
1853.25       	8.521870e-20
1853.3        	8.519937e-20
1853.35       	8.518005e-20
1853.4        	8.516073e-20
1853.45       	8.514141e-20
1853.5        	8.512210e-20
1853.55       	8.510280e-20
1853.6        	8.508350e-20
1853.65       	8.506420e-20
1853.7        	8.504491e-20
1853.75       	8.502562e-20
1853.8        	8.500633e-20
1853.85       	8.498705e-20
1853.9        	8.496778e-20
1853.95       	8.494851e-20
1854          	8.492924e-20
1854.05       	8.490998e-20
1854.1        	8.489072e-20
1854.15       	8.487147e-20
1854.2        	8.485222e-20
1854.25       	8.483297e-20
1854.3        	8.481373e-20
1854.35       	8.479450e-20
1854.4        	8.477526e-20
1854.45       	8.475604e-20
1854.5        	8.473681e-20
1854.55       	8.471759e-20
1854.6        	8.469838e-20
1854.65       	8.467917e-20
1854.7        	8.465997e-20
1854.75       	8.464077e-20
1854.8        	8.462157e-20
1854.85       	8.460238e-20
1854.9        	8.458319e-20
1854.95       	8.456401e-20
1855          	8.454483e-20
1855.05       	8.452565e-20
1855.1        	8.450648e-20
1855.15       	8.448732e-20
1855.2        	8.446815e-20
1855.25       	8.444900e-20
1855.3        	8.442984e-20
1855.35       	8.441070e-20
1855.4        	8.439155e-20
1855.45       	8.437241e-20
1855.5        	8.435328e-20
1855.55       	8.433415e-20
1855.6        	8.431502e-20
1855.65       	8.429590e-20
1855.7        	8.427678e-20
1855.75       	8.425767e-20
1855.8        	8.423856e-20
1855.85       	8.421945e-20
1855.9        	8.420035e-20
1855.95       	8.418125e-20
1856          	8.416216e-20
1856.05       	8.414308e-20
1856.1        	8.412399e-20
1856.15       	8.410491e-20
1856.2        	8.408584e-20
1856.25       	8.406677e-20
1856.3        	8.404770e-20
1856.35       	8.402864e-20
1856.4        	8.400959e-20
1856.45       	8.399053e-20
1856.5        	8.397148e-20
1856.55       	8.395244e-20
1856.6        	8.393340e-20
1856.65       	8.391437e-20
1856.7        	8.389534e-20
1856.75       	8.387631e-20
1856.8        	8.385729e-20
1856.85       	8.383827e-20
1856.9        	8.381926e-20
1856.95       	8.380025e-20
1857          	8.378124e-20
1857.05       	8.376224e-20
1857.1        	8.374324e-20
1857.15       	8.372425e-20
1857.2        	8.370527e-20
1857.25       	8.368628e-20
1857.3        	8.366730e-20
1857.35       	8.364833e-20
1857.4        	8.362936e-20
1857.45       	8.361039e-20
1857.5        	8.359143e-20
1857.55       	8.357247e-20
1857.6        	8.355352e-20
1857.65       	8.353457e-20
1857.7        	8.351563e-20
1857.75       	8.349669e-20
1857.8        	8.347775e-20
1857.85       	8.345882e-20
1857.9        	8.343989e-20
1857.95       	8.342097e-20
1858          	8.340205e-20
1858.05       	8.338314e-20
1858.1        	8.336423e-20
1858.15       	8.334532e-20
1858.2        	8.332642e-20
1858.25       	8.330753e-20
1858.3        	8.328863e-20
1858.35       	8.326975e-20
1858.4        	8.325086e-20
1858.45       	8.323198e-20
1858.5        	8.321311e-20
1858.55       	8.319424e-20
1858.6        	8.317537e-20
1858.65       	8.315651e-20
1858.7        	8.313765e-20
1858.75       	8.311880e-20
1858.8        	8.309995e-20
1858.85       	8.308110e-20
1858.9        	8.306226e-20
1858.95       	8.304342e-20
1859          	8.302459e-20
1859.05       	8.300576e-20
1859.1        	8.298694e-20
1859.15       	8.296812e-20
1859.2        	8.294931e-20
1859.25       	8.293050e-20
1859.3        	8.291169e-20
1859.35       	8.289289e-20
1859.4        	8.287409e-20
1859.45       	8.285530e-20
1859.5        	8.283651e-20
1859.55       	8.281772e-20
1859.6        	8.279894e-20
1859.65       	8.278016e-20
1859.7        	8.276139e-20
1859.75       	8.274262e-20
1859.8        	8.272386e-20
1859.85       	8.270510e-20
1859.9        	8.268635e-20
1859.95       	8.266760e-20
1860          	8.264885e-20
1860.05       	8.263011e-20
1860.1        	8.261137e-20
1860.15       	8.259263e-20
1860.2        	8.257391e-20
1860.25       	8.255518e-20
1860.3        	8.253646e-20
1860.35       	8.251774e-20
1860.4        	8.249903e-20
1860.45       	8.248032e-20
1860.5        	8.246162e-20
1860.55       	8.244292e-20
1860.6        	8.242422e-20
1860.65       	8.240553e-20
1860.7        	8.238685e-20
1860.75       	8.236816e-20
1860.8        	8.234949e-20
1860.85       	8.233081e-20
1860.9        	8.231214e-20
1860.95       	8.229348e-20
1861          	8.227482e-20
1861.05       	8.225616e-20
1861.1        	8.223751e-20
1861.15       	8.221886e-20
1861.2        	8.220021e-20
1861.25       	8.218157e-20
1861.3        	8.216294e-20
1861.35       	8.214431e-20
1861.4        	8.212568e-20
1861.45       	8.210706e-20
1861.5        	8.208844e-20
1861.55       	8.206982e-20
1861.6        	8.205121e-20
1861.65       	8.203261e-20
1861.7        	8.201401e-20
1861.75       	8.199541e-20
1861.8        	8.197682e-20
1861.85       	8.195823e-20
1861.9        	8.193964e-20
1861.95       	8.192106e-20
1862          	8.190249e-20
1862.05       	8.188391e-20
1862.1        	8.186535e-20
1862.15       	8.184678e-20
1862.2        	8.182822e-20
1862.25       	8.180967e-20
1862.3        	8.179112e-20
1862.35       	8.177257e-20
1862.4        	8.175403e-20
1862.45       	8.173549e-20
1862.5        	8.171696e-20
1862.55       	8.169843e-20
1862.6        	8.167990e-20
1862.65       	8.166138e-20
1862.7        	8.164286e-20
1862.75       	8.162435e-20
1862.8        	8.160584e-20
1862.85       	8.158734e-20
1862.9        	8.156884e-20
1862.95       	8.155034e-20
1863          	8.153185e-20
1863.05       	8.151336e-20
1863.1        	8.149488e-20
1863.15       	8.147640e-20
1863.2        	8.145792e-20
1863.25       	8.143945e-20
1863.3        	8.142099e-20
1863.35       	8.140253e-20
1863.4        	8.138407e-20
1863.45       	8.136561e-20
1863.5        	8.134716e-20
1863.55       	8.132872e-20
1863.6        	8.131028e-20
1863.65       	8.129184e-20
1863.7        	8.127341e-20
1863.75       	8.125498e-20
1863.8        	8.123656e-20
1863.85       	8.121814e-20
1863.9        	8.119972e-20
1863.95       	8.118131e-20
1864          	8.116290e-20
1864.05       	8.114450e-20
1864.1        	8.112610e-20
1864.15       	8.110770e-20
1864.2        	8.108931e-20
1864.25       	8.107093e-20
1864.3        	8.105254e-20
1864.35       	8.103417e-20
1864.4        	8.101579e-20
1864.45       	8.099742e-20
1864.5        	8.097906e-20
1864.55       	8.096070e-20
1864.6        	8.094234e-20
1864.65       	8.092398e-20
1864.7        	8.090564e-20
1864.75       	8.088729e-20
1864.8        	8.086895e-20
1864.85       	8.085061e-20
1864.9        	8.083228e-20
1864.95       	8.081395e-20
1865          	8.079563e-20
1865.05       	8.077731e-20
1865.1        	8.075900e-20
1865.15       	8.074069e-20
1865.2        	8.072238e-20
1865.25       	8.070408e-20
1865.3        	8.068578e-20
1865.35       	8.066748e-20
1865.4        	8.064919e-20
1865.45       	8.063091e-20
1865.5        	8.061262e-20
1865.55       	8.059435e-20
1865.6        	8.057607e-20
1865.65       	8.055780e-20
1865.7        	8.053954e-20
1865.75       	8.052128e-20
1865.8        	8.050302e-20
1865.85       	8.048477e-20
1865.9        	8.046652e-20
1865.95       	8.044827e-20
1866          	8.043003e-20
1866.05       	8.041180e-20
1866.1        	8.039357e-20
1866.15       	8.037534e-20
1866.2        	8.035711e-20
1866.25       	8.033889e-20
1866.3        	8.032068e-20
1866.35       	8.030247e-20
1866.4        	8.028426e-20
1866.45       	8.026606e-20
1866.5        	8.024786e-20
1866.55       	8.022966e-20
1866.6        	8.021147e-20
1866.65       	8.019329e-20
1866.7        	8.017511e-20
1866.75       	8.015693e-20
1866.8        	8.013875e-20
1866.85       	8.012058e-20
1866.9        	8.010242e-20
1866.95       	8.008426e-20
1867          	8.006610e-20
1867.05       	8.004795e-20
1867.1        	8.002980e-20
1867.15       	8.001165e-20
1867.2        	7.999351e-20
1867.25       	7.997538e-20
1867.3        	7.995724e-20
1867.35       	7.993912e-20
1867.4        	7.992099e-20
1867.45       	7.990287e-20
1867.5        	7.988476e-20
1867.55       	7.986664e-20
1867.6        	7.984854e-20
1867.65       	7.983043e-20
1867.7        	7.981233e-20
1867.75       	7.979424e-20
1867.8        	7.977615e-20
1867.85       	7.975806e-20
1867.9        	7.973998e-20
1867.95       	7.972190e-20
1868          	7.970382e-20
1868.05       	7.968575e-20
1868.1        	7.966769e-20
1868.15       	7.964962e-20
1868.2        	7.963157e-20
1868.25       	7.961351e-20
1868.3        	7.959546e-20
1868.35       	7.957742e-20
1868.4        	7.955938e-20
1868.45       	7.954134e-20
1868.5        	7.952330e-20
1868.55       	7.950527e-20
1868.6        	7.948725e-20
1868.65       	7.946923e-20
1868.7        	7.945121e-20
1868.75       	7.943320e-20
1868.8        	7.941519e-20
1868.85       	7.939719e-20
1868.9        	7.937918e-20
1868.95       	7.936119e-20
1869          	7.934320e-20
1869.05       	7.932521e-20
1869.1        	7.930722e-20
1869.15       	7.928924e-20
1869.2        	7.927127e-20
1869.25       	7.925330e-20
1869.3        	7.923533e-20
1869.35       	7.921736e-20
1869.4        	7.919941e-20
1869.45       	7.918145e-20
1869.5        	7.916350e-20
1869.55       	7.914555e-20
1869.6        	7.912761e-20
1869.65       	7.910967e-20
1869.7        	7.909173e-20
1869.75       	7.907380e-20
1869.8        	7.905588e-20
1869.85       	7.903795e-20
1869.9        	7.902004e-20
1869.95       	7.900212e-20
1870          	7.898421e-20
1870.05       	7.896630e-20
1870.1        	7.894840e-20
1870.15       	7.893050e-20
1870.2        	7.891261e-20
1870.25       	7.889472e-20
1870.3        	7.887683e-20
1870.35       	7.885895e-20
1870.4        	7.884107e-20
1870.45       	7.882320e-20
1870.5        	7.880533e-20
1870.55       	7.878746e-20
1870.6        	7.876960e-20
1870.65       	7.875175e-20
1870.7        	7.873389e-20
1870.75       	7.871604e-20
1870.8        	7.869820e-20
1870.85       	7.868036e-20
1870.9        	7.866252e-20
1870.95       	7.864469e-20
1871          	7.862686e-20
1871.05       	7.860903e-20
1871.1        	7.859121e-20
1871.15       	7.857340e-20
1871.2        	7.855558e-20
1871.25       	7.853777e-20
1871.3        	7.851997e-20
1871.35       	7.850217e-20
1871.4        	7.848437e-20
1871.45       	7.846658e-20
1871.5        	7.844879e-20
1871.55       	7.843101e-20
1871.6        	7.841323e-20
1871.65       	7.839545e-20
1871.7        	7.837768e-20
1871.75       	7.835991e-20
1871.8        	7.834215e-20
1871.85       	7.832439e-20
1871.9        	7.830663e-20
1871.95       	7.828888e-20
1872          	7.827113e-20
1872.05       	7.825339e-20
1872.1        	7.823565e-20
1872.15       	7.821791e-20
1872.2        	7.820018e-20
1872.25       	7.818245e-20
1872.3        	7.816473e-20
1872.35       	7.814701e-20
1872.4        	7.812930e-20
1872.45       	7.811159e-20
1872.5        	7.809388e-20
1872.55       	7.807617e-20
1872.6        	7.805848e-20
1872.65       	7.804078e-20
1872.7        	7.802309e-20
1872.75       	7.800540e-20
1872.8        	7.798772e-20
1872.85       	7.797004e-20
1872.9        	7.795236e-20
1872.95       	7.793469e-20
1873          	7.791703e-20
1873.05       	7.789936e-20
1873.1        	7.788171e-20
1873.15       	7.786405e-20
1873.2        	7.784640e-20
1873.25       	7.782875e-20
1873.3        	7.781111e-20
1873.35       	7.779347e-20
1873.4        	7.777584e-20
1873.45       	7.775821e-20
1873.5        	7.774058e-20
1873.55       	7.772296e-20
1873.6        	7.770534e-20
1873.65       	7.768772e-20
1873.7        	7.767011e-20
1873.75       	7.765251e-20
1873.8        	7.763490e-20
1873.85       	7.761730e-20
1873.9        	7.759971e-20
1873.95       	7.758212e-20
1874          	7.756453e-20
1874.05       	7.754695e-20
1874.1        	7.752937e-20
1874.15       	7.751180e-20
1874.2        	7.749423e-20
1874.25       	7.747666e-20
1874.3        	7.745910e-20
1874.35       	7.744154e-20
1874.4        	7.742399e-20
1874.45       	7.740643e-20
1874.5        	7.738889e-20
1874.55       	7.737135e-20
1874.6        	7.735381e-20
1874.65       	7.733627e-20
1874.7        	7.731874e-20
1874.75       	7.730122e-20
1874.8        	7.728369e-20
1874.85       	7.726617e-20
1874.9        	7.724866e-20
1874.95       	7.723115e-20
1875          	7.721364e-20
1875.05       	7.719614e-20
1875.1        	7.717864e-20
1875.15       	7.716115e-20
1875.2        	7.714366e-20
1875.25       	7.712617e-20
1875.3        	7.710869e-20
1875.35       	7.709121e-20
1875.4        	7.707374e-20
1875.45       	7.705626e-20
1875.5        	7.703880e-20
1875.55       	7.702134e-20
1875.6        	7.700388e-20
1875.65       	7.698642e-20
1875.7        	7.696897e-20
1875.75       	7.695153e-20
1875.8        	7.693408e-20
1875.85       	7.691664e-20
1875.9        	7.689921e-20
1875.95       	7.688178e-20
1876          	7.686435e-20
1876.05       	7.684693e-20
1876.1        	7.682951e-20
1876.15       	7.681209e-20
1876.2        	7.679468e-20
1876.25       	7.677728e-20
1876.3        	7.675987e-20
1876.35       	7.674248e-20
1876.4        	7.672508e-20
1876.45       	7.670769e-20
1876.5        	7.669030e-20
1876.55       	7.667292e-20
1876.6        	7.665554e-20
1876.65       	7.663816e-20
1876.7        	7.662079e-20
1876.75       	7.660343e-20
1876.8        	7.658606e-20
1876.85       	7.656870e-20
1876.9        	7.655135e-20
1876.95       	7.653400e-20
1877          	7.651665e-20
1877.05       	7.649931e-20
1877.1        	7.648197e-20
1877.15       	7.646463e-20
1877.2        	7.644730e-20
1877.25       	7.642997e-20
1877.3        	7.641265e-20
1877.35       	7.639533e-20
1877.4        	7.637801e-20
1877.45       	7.636070e-20
1877.5        	7.634339e-20
1877.55       	7.632609e-20
1877.6        	7.630879e-20
1877.65       	7.629149e-20
1877.7        	7.627420e-20
1877.75       	7.625691e-20
1877.8        	7.623963e-20
1877.85       	7.622235e-20
1877.9        	7.620507e-20
1877.95       	7.618780e-20
1878          	7.617053e-20
1878.05       	7.615327e-20
1878.1        	7.613600e-20
1878.15       	7.611875e-20
1878.2        	7.610150e-20
1878.25       	7.608425e-20
1878.3        	7.606700e-20
1878.35       	7.604976e-20
1878.4        	7.603252e-20
1878.45       	7.601529e-20
1878.5        	7.599806e-20
1878.55       	7.598084e-20
1878.6        	7.596362e-20
1878.65       	7.594640e-20
1878.7        	7.592918e-20
1878.75       	7.591197e-20
1878.8        	7.589477e-20
1878.85       	7.587757e-20
1878.9        	7.586037e-20
1878.95       	7.584318e-20
1879          	7.582599e-20
1879.05       	7.580880e-20
1879.1        	7.579162e-20
1879.15       	7.577444e-20
1879.2        	7.575727e-20
1879.25       	7.574010e-20
1879.3        	7.572293e-20
1879.35       	7.570577e-20
1879.4        	7.568861e-20
1879.45       	7.567145e-20
1879.5        	7.565430e-20
1879.55       	7.563716e-20
1879.6        	7.562001e-20
1879.65       	7.560287e-20
1879.7        	7.558574e-20
1879.75       	7.556861e-20
1879.8        	7.555148e-20
1879.85       	7.553436e-20
1879.9        	7.551724e-20
1879.95       	7.550012e-20
1880          	7.548301e-20
1880.05       	7.546590e-20
1880.1        	7.544880e-20
1880.15       	7.543170e-20
1880.2        	7.541460e-20
1880.25       	7.539751e-20
1880.3        	7.538042e-20
1880.35       	7.536334e-20
1880.4        	7.534626e-20
1880.45       	7.532918e-20
1880.5        	7.531211e-20
1880.55       	7.529504e-20
1880.6        	7.527798e-20
1880.65       	7.526091e-20
1880.7        	7.524386e-20
1880.75       	7.522680e-20
1880.8        	7.520976e-20
1880.85       	7.519271e-20
1880.9        	7.517567e-20
1880.95       	7.515863e-20
1881          	7.514160e-20
1881.05       	7.512457e-20
1881.1        	7.510754e-20
1881.15       	7.509052e-20
1881.2        	7.507350e-20
1881.25       	7.505649e-20
1881.3        	7.503948e-20
1881.35       	7.502247e-20
1881.4        	7.500547e-20
1881.45       	7.498847e-20
1881.5        	7.497147e-20
1881.55       	7.495448e-20
1881.6        	7.493750e-20
1881.65       	7.492051e-20
1881.7        	7.490353e-20
1881.75       	7.488656e-20
1881.8        	7.486959e-20
1881.85       	7.485262e-20
1881.9        	7.483565e-20
1881.95       	7.481869e-20
1882          	7.480174e-20
1882.05       	7.478478e-20
1882.1        	7.476784e-20
1882.15       	7.475089e-20
1882.2        	7.473395e-20
1882.25       	7.471701e-20
1882.3        	7.470008e-20
1882.35       	7.468315e-20
1882.4        	7.466623e-20
1882.45       	7.464931e-20
1882.5        	7.463239e-20
1882.55       	7.461547e-20
1882.6        	7.459856e-20
1882.65       	7.458166e-20
1882.7        	7.456476e-20
1882.75       	7.454786e-20
1882.8        	7.453096e-20
1882.85       	7.451407e-20
1882.9        	7.449719e-20
1882.95       	7.448030e-20
1883          	7.446342e-20
1883.05       	7.444655e-20
1883.1        	7.442968e-20
1883.15       	7.441281e-20
1883.2        	7.439595e-20
1883.25       	7.437909e-20
1883.3        	7.436223e-20
1883.35       	7.434538e-20
1883.4        	7.432853e-20
1883.45       	7.431169e-20
1883.5        	7.429485e-20
1883.55       	7.427801e-20
1883.6        	7.426118e-20
1883.65       	7.424435e-20
1883.7        	7.422752e-20
1883.75       	7.421070e-20
1883.8        	7.419388e-20
1883.85       	7.417707e-20
1883.9        	7.416026e-20
1883.95       	7.414345e-20
1884          	7.412665e-20
1884.05       	7.410985e-20
1884.1        	7.409306e-20
1884.15       	7.407627e-20
1884.2        	7.405948e-20
1884.25       	7.404270e-20
1884.3        	7.402592e-20
1884.35       	7.400914e-20
1884.4        	7.399237e-20
1884.45       	7.397560e-20
1884.5        	7.395884e-20
1884.55       	7.394208e-20
1884.6        	7.392532e-20
1884.65       	7.390857e-20
1884.7        	7.389182e-20
1884.75       	7.387508e-20
1884.8        	7.385834e-20
1884.85       	7.384160e-20
1884.9        	7.382487e-20
1884.95       	7.380814e-20
1885          	7.379141e-20
1885.05       	7.377469e-20
1885.1        	7.375797e-20
1885.15       	7.374126e-20
1885.2        	7.372455e-20
1885.25       	7.370784e-20
1885.3        	7.369114e-20
1885.35       	7.367444e-20
1885.4        	7.365774e-20
1885.45       	7.364105e-20
1885.5        	7.362437e-20
1885.55       	7.360768e-20
1885.6        	7.359100e-20
1885.65       	7.357433e-20
1885.7        	7.355765e-20
1885.75       	7.354098e-20
1885.8        	7.352432e-20
1885.85       	7.350766e-20
1885.9        	7.349100e-20
1885.95       	7.347435e-20
1886          	7.345770e-20
1886.05       	7.344105e-20
1886.1        	7.342441e-20
1886.15       	7.340777e-20
1886.2        	7.339114e-20
1886.25       	7.337451e-20
1886.3        	7.335788e-20
1886.35       	7.334126e-20
1886.4        	7.332464e-20
1886.45       	7.330802e-20
1886.5        	7.329141e-20
1886.55       	7.327480e-20
1886.6        	7.325820e-20
1886.65       	7.324160e-20
1886.7        	7.322500e-20
1886.75       	7.320841e-20
1886.8        	7.319182e-20
1886.85       	7.317524e-20
1886.9        	7.315866e-20
1886.95       	7.314208e-20
1887          	7.312551e-20
1887.05       	7.310894e-20
1887.1        	7.309237e-20
1887.15       	7.307581e-20
1887.2        	7.305925e-20
1887.25       	7.304269e-20
1887.3        	7.302614e-20
1887.35       	7.300959e-20
1887.4        	7.299305e-20
1887.45       	7.297651e-20
1887.5        	7.295998e-20
1887.55       	7.294344e-20
1887.6        	7.292691e-20
1887.65       	7.291039e-20
1887.7        	7.289387e-20
1887.75       	7.287735e-20
1887.8        	7.286084e-20
1887.85       	7.284433e-20
1887.9        	7.282782e-20
1887.95       	7.281132e-20
1888          	7.279482e-20
1888.05       	7.277833e-20
1888.1        	7.276184e-20
1888.15       	7.274535e-20
1888.2        	7.272887e-20
1888.25       	7.271239e-20
1888.3        	7.269591e-20
1888.35       	7.267944e-20
1888.4        	7.266297e-20
1888.45       	7.264651e-20
1888.5        	7.263005e-20
1888.55       	7.261359e-20
1888.6        	7.259714e-20
1888.65       	7.258069e-20
1888.7        	7.256424e-20
1888.75       	7.254780e-20
1888.8        	7.253136e-20
1888.85       	7.251493e-20
1888.9        	7.249850e-20
1888.95       	7.248207e-20
1889          	7.246565e-20
1889.05       	7.244923e-20
1889.1        	7.243281e-20
1889.15       	7.241640e-20
1889.2        	7.239999e-20
1889.25       	7.238359e-20
1889.3        	7.236719e-20
1889.35       	7.235079e-20
1889.4        	7.233440e-20
1889.45       	7.231801e-20
1889.5        	7.230162e-20
1889.55       	7.228524e-20
1889.6        	7.226886e-20
1889.65       	7.225249e-20
1889.7        	7.223612e-20
1889.75       	7.221975e-20
1889.8        	7.220338e-20
1889.85       	7.218703e-20
1889.9        	7.217067e-20
1889.95       	7.215432e-20
1890          	7.213797e-20
1890.05       	7.212162e-20
1890.1        	7.210528e-20
1890.15       	7.208895e-20
1890.2        	7.207261e-20
1890.25       	7.205628e-20
1890.3        	7.203996e-20
1890.35       	7.202363e-20
1890.4        	7.200732e-20
1890.45       	7.199100e-20
1890.5        	7.197469e-20
1890.55       	7.195838e-20
1890.6        	7.194208e-20
1890.65       	7.192578e-20
1890.7        	7.190948e-20
1890.75       	7.189319e-20
1890.8        	7.187690e-20
1890.85       	7.186062e-20
1890.9        	7.184433e-20
1890.95       	7.182806e-20
1891          	7.181178e-20
1891.05       	7.179551e-20
1891.1        	7.177925e-20
1891.15       	7.176298e-20
1891.2        	7.174672e-20
1891.25       	7.173047e-20
1891.3        	7.171422e-20
1891.35       	7.169797e-20
1891.4        	7.168172e-20
1891.45       	7.166548e-20
1891.5        	7.164925e-20
1891.55       	7.163301e-20
1891.6        	7.161678e-20
1891.65       	7.160056e-20
1891.7        	7.158434e-20
1891.75       	7.156812e-20
1891.8        	7.155190e-20
1891.85       	7.153569e-20
1891.9        	7.151948e-20
1891.95       	7.150328e-20
1892          	7.148708e-20
1892.05       	7.147088e-20
1892.1        	7.145469e-20
1892.15       	7.143850e-20
1892.2        	7.142232e-20
1892.25       	7.140614e-20
1892.3        	7.138996e-20
1892.35       	7.137379e-20
1892.4        	7.135761e-20
1892.45       	7.134145e-20
1892.5        	7.132529e-20
1892.55       	7.130913e-20
1892.6        	7.129297e-20
1892.65       	7.127682e-20
1892.7        	7.126067e-20
1892.75       	7.124453e-20
1892.8        	7.122838e-20
1892.85       	7.121225e-20
1892.9        	7.119611e-20
1892.95       	7.117998e-20
1893          	7.116386e-20
1893.05       	7.114774e-20
1893.1        	7.113162e-20
1893.15       	7.111550e-20
1893.2        	7.109939e-20
1893.25       	7.108328e-20
1893.3        	7.106718e-20
1893.35       	7.105108e-20
1893.4        	7.103498e-20
1893.45       	7.101889e-20
1893.5        	7.100280e-20
1893.55       	7.098671e-20
1893.6        	7.097063e-20
1893.65       	7.095455e-20
1893.7        	7.093848e-20
1893.75       	7.092241e-20
1893.8        	7.090634e-20
1893.85       	7.089028e-20
1893.9        	7.087422e-20
1893.95       	7.085816e-20
1894          	7.084211e-20
1894.05       	7.082606e-20
1894.1        	7.081001e-20
1894.15       	7.079397e-20
1894.2        	7.077793e-20
1894.25       	7.076190e-20
1894.3        	7.074587e-20
1894.35       	7.072984e-20
1894.4        	7.071382e-20
1894.45       	7.069780e-20
1894.5        	7.068178e-20
1894.55       	7.066577e-20
1894.6        	7.064976e-20
1894.65       	7.063375e-20
1894.7        	7.061775e-20
1894.75       	7.060175e-20
1894.8        	7.058576e-20
1894.85       	7.056977e-20
1894.9        	7.055378e-20
1894.95       	7.053780e-20
1895          	7.052182e-20
1895.05       	7.050584e-20
1895.1        	7.048987e-20
1895.15       	7.047390e-20
1895.2        	7.045794e-20
1895.25       	7.044198e-20
1895.3        	7.042602e-20
1895.35       	7.041006e-20
1895.4        	7.039411e-20
1895.45       	7.037817e-20
1895.5        	7.036222e-20
1895.55       	7.034628e-20
1895.6        	7.033035e-20
1895.65       	7.031442e-20
1895.7        	7.029849e-20
1895.75       	7.028256e-20
1895.8        	7.026664e-20
1895.85       	7.025072e-20
1895.9        	7.023481e-20
1895.95       	7.021890e-20
1896          	7.020299e-20
1896.05       	7.018709e-20
1896.1        	7.017119e-20
1896.15       	7.015529e-20
1896.2        	7.013940e-20
1896.25       	7.012351e-20
1896.3        	7.010763e-20
1896.35       	7.009174e-20
1896.4        	7.007587e-20
1896.45       	7.005999e-20
1896.5        	7.004412e-20
1896.55       	7.002825e-20
1896.6        	7.001239e-20
1896.65       	6.999653e-20
1896.7        	6.998067e-20
1896.75       	6.996482e-20
1896.8        	6.994897e-20
1896.85       	6.993313e-20
1896.9        	6.991729e-20
1896.95       	6.990145e-20
1897          	6.988561e-20
1897.05       	6.986978e-20
1897.1        	6.985395e-20
1897.15       	6.983813e-20
1897.2        	6.982231e-20
1897.25       	6.980649e-20
1897.3        	6.979068e-20
1897.35       	6.977487e-20
1897.4        	6.975907e-20
1897.45       	6.974327e-20
1897.5        	6.972747e-20
1897.55       	6.971167e-20
1897.6        	6.969588e-20
1897.65       	6.968009e-20
1897.7        	6.966431e-20
1897.75       	6.964853e-20
1897.8        	6.963275e-20
1897.85       	6.961698e-20
1897.9        	6.960121e-20
1897.95       	6.958544e-20
1898          	6.956968e-20
1898.05       	6.955392e-20
1898.1        	6.953817e-20
1898.15       	6.952241e-20
1898.2        	6.950667e-20
1898.25       	6.949092e-20
1898.3        	6.947518e-20
1898.35       	6.945944e-20
1898.4        	6.944371e-20
1898.45       	6.942798e-20
1898.5        	6.941225e-20
1898.55       	6.939653e-20
1898.6        	6.938081e-20
1898.65       	6.936510e-20
1898.7        	6.934938e-20
1898.75       	6.933368e-20
1898.8        	6.931797e-20
1898.85       	6.930227e-20
1898.9        	6.928657e-20
1898.95       	6.927088e-20
1899          	6.925519e-20
1899.05       	6.923950e-20
1899.1        	6.922382e-20
1899.15       	6.920814e-20
1899.2        	6.919246e-20
1899.25       	6.917679e-20
1899.3        	6.916112e-20
1899.35       	6.914545e-20
1899.4        	6.912979e-20
1899.45       	6.911413e-20
1899.5        	6.909848e-20
1899.55       	6.908283e-20
1899.6        	6.906718e-20
1899.65       	6.905153e-20
1899.7        	6.903589e-20
1899.75       	6.902026e-20
1899.8        	6.900462e-20
1899.85       	6.898899e-20
1899.9        	6.897337e-20
1899.95       	6.895774e-20
1900          	6.894212e-20
1900.05       	6.892651e-20
1900.1        	6.891090e-20
1900.15       	6.889529e-20
1900.2        	6.887968e-20
1900.25       	6.886408e-20
1900.3        	6.884848e-20
1900.35       	6.883289e-20
1900.4        	6.881730e-20
1900.45       	6.880171e-20
1900.5        	6.878613e-20
1900.55       	6.877055e-20
1900.6        	6.875497e-20
1900.65       	6.873940e-20
1900.7        	6.872383e-20
1900.75       	6.870826e-20
1900.8        	6.869270e-20
1900.85       	6.867714e-20
1900.9        	6.866159e-20
1900.95       	6.864603e-20
1901          	6.863049e-20
1901.05       	6.861494e-20
1901.1        	6.859940e-20
1901.15       	6.858386e-20
1901.2        	6.856833e-20
1901.25       	6.855280e-20
1901.3        	6.853727e-20
1901.35       	6.852175e-20
1901.4        	6.850623e-20
1901.45       	6.849071e-20
1901.5        	6.847520e-20
1901.55       	6.845969e-20
1901.6        	6.844419e-20
1901.65       	6.842868e-20
1901.7        	6.841319e-20
1901.75       	6.839769e-20
1901.8        	6.838220e-20
1901.85       	6.836671e-20
1901.9        	6.835123e-20
1901.95       	6.833575e-20
1902          	6.832027e-20
1902.05       	6.830479e-20
1902.1        	6.828932e-20
1902.15       	6.827386e-20
1902.2        	6.825839e-20
1902.25       	6.824293e-20
1902.3        	6.822748e-20
1902.35       	6.821203e-20
1902.4        	6.819658e-20
1902.45       	6.818113e-20
1902.5        	6.816569e-20
1902.55       	6.815025e-20
1902.6        	6.813482e-20
1902.65       	6.811938e-20
1902.7        	6.810396e-20
1902.75       	6.808853e-20
1902.8        	6.807311e-20
1902.85       	6.805769e-20
1902.9        	6.804228e-20
1902.95       	6.802687e-20
1903          	6.801146e-20
1903.05       	6.799606e-20
1903.1        	6.798066e-20
1903.15       	6.796526e-20
1903.2        	6.794987e-20
1903.25       	6.793448e-20
1903.3        	6.791909e-20
1903.35       	6.790371e-20
1903.4        	6.788833e-20
1903.45       	6.787296e-20
1903.5        	6.785759e-20
1903.55       	6.784222e-20
1903.6        	6.782685e-20
1903.65       	6.781149e-20
1903.7        	6.779613e-20
1903.75       	6.778078e-20
1903.8        	6.776543e-20
1903.85       	6.775008e-20
1903.9        	6.773474e-20
1903.95       	6.771940e-20
1904          	6.770406e-20
1904.05       	6.768873e-20
1904.1        	6.767340e-20
1904.15       	6.765807e-20
1904.2        	6.764275e-20
1904.25       	6.762743e-20
1904.3        	6.761211e-20
1904.35       	6.759680e-20
1904.4        	6.758149e-20
1904.45       	6.756619e-20
1904.5        	6.755089e-20
1904.55       	6.753559e-20
1904.6        	6.752029e-20
1904.65       	6.750500e-20
1904.7        	6.748971e-20
1904.75       	6.747443e-20
1904.8        	6.745915e-20
1904.85       	6.744387e-20
1904.9        	6.742860e-20
1904.95       	6.741333e-20
1905          	6.739806e-20
1905.05       	6.738280e-20
1905.1        	6.736754e-20
1905.15       	6.735228e-20
1905.2        	6.733703e-20
1905.25       	6.732178e-20
1905.3        	6.730653e-20
1905.35       	6.729129e-20
1905.4        	6.727605e-20
1905.45       	6.726082e-20
1905.5        	6.724558e-20
1905.55       	6.723035e-20
1905.6        	6.721513e-20
1905.65       	6.719991e-20
1905.7        	6.718469e-20
1905.75       	6.716947e-20
1905.8        	6.715426e-20
1905.85       	6.713906e-20
1905.9        	6.712385e-20
1905.95       	6.710865e-20
1906          	6.709345e-20
1906.05       	6.707826e-20
1906.1        	6.706307e-20
1906.15       	6.704788e-20
1906.2        	6.703270e-20
1906.25       	6.701752e-20
1906.3        	6.700234e-20
1906.35       	6.698717e-20
1906.4        	6.697200e-20
1906.45       	6.695683e-20
1906.5        	6.694167e-20
1906.55       	6.692651e-20
1906.6        	6.691135e-20
1906.65       	6.689620e-20
1906.7        	6.688105e-20
1906.75       	6.686591e-20
1906.8        	6.685077e-20
1906.85       	6.683563e-20
1906.9        	6.682049e-20
1906.95       	6.680536e-20
1907          	6.679023e-20
1907.05       	6.677511e-20
1907.1        	6.675999e-20
1907.15       	6.674487e-20
1907.2        	6.672975e-20
1907.25       	6.671464e-20
1907.3        	6.669954e-20
1907.35       	6.668443e-20
1907.4        	6.666933e-20
1907.45       	6.665423e-20
1907.5        	6.663914e-20
1907.55       	6.662405e-20
1907.6        	6.660896e-20
1907.65       	6.659388e-20
1907.7        	6.657880e-20
1907.75       	6.656372e-20
1907.8        	6.654865e-20
1907.85       	6.653358e-20
1907.9        	6.651851e-20
1907.95       	6.650345e-20
1908          	6.648839e-20
1908.05       	6.647334e-20
1908.1        	6.645828e-20
1908.15       	6.644323e-20
1908.2        	6.642819e-20
1908.25       	6.641315e-20
1908.3        	6.639811e-20
1908.35       	6.638307e-20
1908.4        	6.636804e-20
1908.45       	6.635301e-20
1908.5        	6.633799e-20
1908.55       	6.632297e-20
1908.6        	6.630795e-20
1908.65       	6.629293e-20
1908.7        	6.627792e-20
1908.75       	6.626291e-20
1908.8        	6.624791e-20
1908.85       	6.623291e-20
1908.9        	6.621791e-20
1908.95       	6.620292e-20
1909          	6.618793e-20
1909.05       	6.617294e-20
1909.1        	6.615795e-20
1909.15       	6.614297e-20
1909.2        	6.612800e-20
1909.25       	6.611302e-20
1909.3        	6.609805e-20
1909.35       	6.608309e-20
1909.4        	6.606812e-20
1909.45       	6.605316e-20
1909.5        	6.603821e-20
1909.55       	6.602325e-20
1909.6        	6.600830e-20
1909.65       	6.599336e-20
1909.7        	6.597841e-20
1909.75       	6.596347e-20
1909.8        	6.594854e-20
1909.85       	6.593360e-20
1909.9        	6.591868e-20
1909.95       	6.590375e-20
1910          	6.588883e-20
1910.05       	6.587391e-20
1910.1        	6.585899e-20
1910.15       	6.584408e-20
1910.2        	6.582917e-20
1910.25       	6.581427e-20
1910.3        	6.579936e-20
1910.35       	6.578446e-20
1910.4        	6.576957e-20
1910.45       	6.575468e-20
1910.5        	6.573979e-20
1910.55       	6.572490e-20
1910.6        	6.571002e-20
1910.65       	6.569514e-20
1910.7        	6.568027e-20
1910.75       	6.566540e-20
1910.8        	6.565053e-20
1910.85       	6.563566e-20
1910.9        	6.562080e-20
1910.95       	6.560595e-20
1911          	6.559109e-20
1911.05       	6.557624e-20
1911.1        	6.556139e-20
1911.15       	6.554655e-20
1911.2        	6.553171e-20
1911.25       	6.551687e-20
1911.3        	6.550203e-20
1911.35       	6.548720e-20
1911.4        	6.547238e-20
1911.45       	6.545755e-20
1911.5        	6.544273e-20
1911.55       	6.542791e-20
1911.6        	6.541310e-20
1911.65       	6.539829e-20
1911.7        	6.538348e-20
1911.75       	6.536868e-20
1911.8        	6.535388e-20
1911.85       	6.533908e-20
1911.9        	6.532429e-20
1911.95       	6.530950e-20
1912          	6.529471e-20
1912.05       	6.527993e-20
1912.1        	6.526515e-20
1912.15       	6.525037e-20
1912.2        	6.523560e-20
1912.25       	6.522083e-20
1912.3        	6.520606e-20
1912.35       	6.519130e-20
1912.4        	6.517654e-20
1912.45       	6.516178e-20
1912.5        	6.514703e-20
1912.55       	6.513228e-20
1912.6        	6.511753e-20
1912.65       	6.510279e-20
1912.7        	6.508805e-20
1912.75       	6.507331e-20
1912.8        	6.505858e-20
1912.85       	6.504385e-20
1912.9        	6.502912e-20
1912.95       	6.501440e-20
1913          	6.499968e-20
1913.05       	6.498496e-20
1913.1        	6.497025e-20
1913.15       	6.495554e-20
1913.2        	6.494083e-20
1913.25       	6.492613e-20
1913.3        	6.491143e-20
1913.35       	6.489673e-20
1913.4        	6.488204e-20
1913.45       	6.486735e-20
1913.5        	6.485267e-20
1913.55       	6.483798e-20
1913.6        	6.482330e-20
1913.65       	6.480863e-20
1913.7        	6.479395e-20
1913.75       	6.477929e-20
1913.8        	6.476462e-20
1913.85       	6.474996e-20
1913.9        	6.473530e-20
1913.95       	6.472064e-20
1914          	6.470599e-20
1914.05       	6.469134e-20
1914.1        	6.467669e-20
1914.15       	6.466205e-20
1914.2        	6.464741e-20
1914.25       	6.463278e-20
1914.3        	6.461814e-20
1914.35       	6.460351e-20
1914.4        	6.458889e-20
1914.45       	6.457427e-20
1914.5        	6.455965e-20
1914.55       	6.454503e-20
1914.6        	6.453042e-20
1914.65       	6.451581e-20
1914.7        	6.450120e-20
1914.75       	6.448660e-20
1914.8        	6.447200e-20
1914.85       	6.445741e-20
1914.9        	6.444281e-20
1914.95       	6.442822e-20
1915          	6.441364e-20
1915.05       	6.439905e-20
1915.1        	6.438448e-20
1915.15       	6.436990e-20
1915.2        	6.435533e-20
1915.25       	6.434076e-20
1915.3        	6.432619e-20
1915.35       	6.431163e-20
1915.4        	6.429707e-20
1915.45       	6.428251e-20
1915.5        	6.426796e-20
1915.55       	6.425341e-20
1915.6        	6.423887e-20
1915.65       	6.422432e-20
1915.7        	6.420978e-20
1915.75       	6.419525e-20
1915.8        	6.418071e-20
1915.85       	6.416619e-20
1915.9        	6.415166e-20
1915.95       	6.413714e-20
1916          	6.412262e-20
1916.05       	6.410810e-20
1916.1        	6.409359e-20
1916.15       	6.407908e-20
1916.2        	6.406457e-20
1916.25       	6.405007e-20
1916.3        	6.403557e-20
1916.35       	6.402107e-20
1916.4        	6.400658e-20
1916.45       	6.399209e-20
1916.5        	6.397760e-20
1916.55       	6.396312e-20
1916.6        	6.394864e-20
1916.65       	6.393416e-20
1916.7        	6.391969e-20
1916.75       	6.390522e-20
1916.8        	6.389075e-20
1916.85       	6.387629e-20
1916.9        	6.386183e-20
1916.95       	6.384737e-20
1917          	6.383292e-20
1917.05       	6.381847e-20
1917.1        	6.380402e-20
1917.15       	6.378958e-20
1917.2        	6.377514e-20
1917.25       	6.376070e-20
1917.3        	6.374627e-20
1917.35       	6.373184e-20
1917.4        	6.371741e-20
1917.45       	6.370299e-20
1917.5        	6.368857e-20
1917.55       	6.367415e-20
1917.6        	6.365974e-20
1917.65       	6.364533e-20
1917.7        	6.363092e-20
1917.75       	6.361652e-20
1917.8        	6.360211e-20
1917.85       	6.358772e-20
1917.9        	6.357332e-20
1917.95       	6.355893e-20
1918          	6.354454e-20
1918.05       	6.353016e-20
1918.1        	6.351578e-20
1918.15       	6.350140e-20
1918.2        	6.348703e-20
1918.25       	6.347266e-20
1918.3        	6.345829e-20
1918.35       	6.344392e-20
1918.4        	6.342956e-20
1918.45       	6.341520e-20
1918.5        	6.340085e-20
1918.55       	6.338650e-20
1918.6        	6.337215e-20
1918.65       	6.335780e-20
1918.7        	6.334346e-20
1918.75       	6.332912e-20
1918.8        	6.331479e-20
1918.85       	6.330046e-20
1918.9        	6.328613e-20
1918.95       	6.327180e-20
1919          	6.325748e-20
1919.05       	6.324316e-20
1919.1        	6.322885e-20
1919.15       	6.321453e-20
1919.2        	6.320023e-20
1919.25       	6.318592e-20
1919.3        	6.317162e-20
1919.35       	6.315732e-20
1919.4        	6.314302e-20
1919.45       	6.312873e-20
1919.5        	6.311444e-20
1919.55       	6.310015e-20
1919.6        	6.308587e-20
1919.65       	6.307159e-20
1919.7        	6.305731e-20
1919.75       	6.304304e-20
1919.8        	6.302877e-20
1919.85       	6.301450e-20
1919.9        	6.300024e-20
1919.95       	6.298598e-20
1920          	6.297172e-20
1920.05       	6.295747e-20
1920.1        	6.294322e-20
1920.15       	6.292897e-20
1920.2        	6.291473e-20
1920.25       	6.290049e-20
1920.3        	6.288625e-20
1920.35       	6.287202e-20
1920.4        	6.285779e-20
1920.45       	6.284356e-20
1920.5        	6.282933e-20
1920.55       	6.281511e-20
1920.6        	6.280089e-20
1920.65       	6.278668e-20
1920.7        	6.277247e-20
1920.75       	6.275826e-20
1920.8        	6.274406e-20
1920.85       	6.272985e-20
1920.9        	6.271566e-20
1920.95       	6.270146e-20
1921          	6.268727e-20
1921.05       	6.267308e-20
1921.1        	6.265889e-20
1921.15       	6.264471e-20
1921.2        	6.263053e-20
1921.25       	6.261636e-20
1921.3        	6.260218e-20
1921.35       	6.258801e-20
1921.4        	6.257385e-20
1921.45       	6.255969e-20
1921.5        	6.254553e-20
1921.55       	6.253137e-20
1921.6        	6.251722e-20
1921.65       	6.250307e-20
1921.7        	6.248892e-20
1921.75       	6.247478e-20
1921.8        	6.246064e-20
1921.85       	6.244650e-20
1921.9        	6.243237e-20
1921.95       	6.241823e-20
1922          	6.240411e-20
1922.05       	6.238998e-20
1922.1        	6.237586e-20
1922.15       	6.236174e-20
1922.2        	6.234763e-20
1922.25       	6.233352e-20
1922.3        	6.231941e-20
1922.35       	6.230531e-20
1922.4        	6.229120e-20
1922.45       	6.227711e-20
1922.5        	6.226301e-20
1922.55       	6.224892e-20
1922.6        	6.223483e-20
1922.65       	6.222074e-20
1922.7        	6.220666e-20
1922.75       	6.219258e-20
1922.8        	6.217851e-20
1922.85       	6.216443e-20
1922.9        	6.215037e-20
1922.95       	6.213630e-20
1923          	6.212224e-20
1923.05       	6.210818e-20
1923.1        	6.209412e-20
1923.15       	6.208007e-20
1923.2        	6.206602e-20
1923.25       	6.205197e-20
1923.3        	6.203792e-20
1923.35       	6.202388e-20
1923.4        	6.200985e-20
1923.45       	6.199581e-20
1923.5        	6.198178e-20
1923.55       	6.196775e-20
1923.6        	6.195373e-20
1923.65       	6.193971e-20
1923.7        	6.192569e-20
1923.75       	6.191167e-20
1923.8        	6.189766e-20
1923.85       	6.188365e-20
1923.9        	6.186965e-20
1923.95       	6.185565e-20
1924          	6.184165e-20
1924.05       	6.182765e-20
1924.1        	6.181366e-20
1924.15       	6.179967e-20
1924.2        	6.178568e-20
1924.25       	6.177170e-20
1924.3        	6.175772e-20
1924.35       	6.174374e-20
1924.4        	6.172977e-20
1924.45       	6.171580e-20
1924.5        	6.170183e-20
1924.55       	6.168787e-20
1924.6        	6.167391e-20
1924.65       	6.165995e-20
1924.7        	6.164600e-20
1924.75       	6.163205e-20
1924.8        	6.161810e-20
1924.85       	6.160415e-20
1924.9        	6.159021e-20
1924.95       	6.157627e-20
1925          	6.156234e-20
1925.05       	6.154840e-20
1925.1        	6.153448e-20
1925.15       	6.152055e-20
1925.2        	6.150663e-20
1925.25       	6.149271e-20
1925.3        	6.147879e-20
1925.35       	6.146488e-20
1925.4        	6.145097e-20
1925.45       	6.143706e-20
1925.5        	6.142316e-20
1925.55       	6.140926e-20
1925.6        	6.139536e-20
1925.65       	6.138147e-20
1925.7        	6.136758e-20
1925.75       	6.135369e-20
1925.8        	6.133980e-20
1925.85       	6.132592e-20
1925.9        	6.131204e-20
1925.95       	6.129817e-20
1926          	6.128430e-20
1926.05       	6.127043e-20
1926.1        	6.125656e-20
1926.15       	6.124270e-20
1926.2        	6.122884e-20
1926.25       	6.121499e-20
1926.3        	6.120113e-20
1926.35       	6.118728e-20
1926.4        	6.117344e-20
1926.45       	6.115959e-20
1926.5        	6.114575e-20
1926.55       	6.113192e-20
1926.6        	6.111808e-20
1926.65       	6.110425e-20
1926.7        	6.109042e-20
1926.75       	6.107660e-20
1926.8        	6.106278e-20
1926.85       	6.104896e-20
1926.9        	6.103515e-20
1926.95       	6.102133e-20
1927          	6.100752e-20
1927.05       	6.099372e-20
1927.1        	6.097992e-20
1927.15       	6.096612e-20
1927.2        	6.095232e-20
1927.25       	6.093853e-20
1927.3        	6.092474e-20
1927.35       	6.091095e-20
1927.4        	6.089717e-20
1927.45       	6.088339e-20
1927.5        	6.086961e-20
1927.55       	6.085584e-20
1927.6        	6.084207e-20
1927.65       	6.082830e-20
1927.7        	6.081453e-20
1927.75       	6.080077e-20
1927.8        	6.078701e-20
1927.85       	6.077326e-20
1927.9        	6.075951e-20
1927.95       	6.074576e-20
1928          	6.073201e-20
1928.05       	6.071827e-20
1928.1        	6.070453e-20
1928.15       	6.069079e-20
1928.2        	6.067706e-20
1928.25       	6.066333e-20
1928.3        	6.064960e-20
1928.35       	6.063588e-20
1928.4        	6.062216e-20
1928.45       	6.060844e-20
1928.5        	6.059473e-20
1928.55       	6.058101e-20
1928.6        	6.056731e-20
1928.65       	6.055360e-20
1928.7        	6.053990e-20
1928.75       	6.052620e-20
1928.8        	6.051250e-20
1928.85       	6.049881e-20
1928.9        	6.048512e-20
1928.95       	6.047144e-20
1929          	6.045775e-20
1929.05       	6.044407e-20
1929.1        	6.043040e-20
1929.15       	6.041672e-20
1929.2        	6.040305e-20
1929.25       	6.038938e-20
1929.3        	6.037572e-20
1929.35       	6.036206e-20
1929.4        	6.034840e-20
1929.45       	6.033474e-20
1929.5        	6.032109e-20
1929.55       	6.030744e-20
1929.6        	6.029380e-20
1929.65       	6.028015e-20
1929.7        	6.026651e-20
1929.75       	6.025288e-20
1929.8        	6.023924e-20
1929.85       	6.022561e-20
1929.9        	6.021199e-20
1929.95       	6.019836e-20
1930          	6.018474e-20
1930.05       	6.017112e-20
1930.1        	6.015751e-20
1930.15       	6.014390e-20
1930.2        	6.013029e-20
1930.25       	6.011668e-20
1930.3        	6.010308e-20
1930.35       	6.008948e-20
1930.4        	6.007589e-20
1930.45       	6.006229e-20
1930.5        	6.004870e-20
1930.55       	6.003512e-20
1930.6        	6.002153e-20
1930.65       	6.000795e-20
1930.7        	5.999438e-20
1930.75       	5.998080e-20
1930.8        	5.996723e-20
1930.85       	5.995366e-20
1930.9        	5.994010e-20
1930.95       	5.992653e-20
1931          	5.991298e-20
1931.05       	5.989942e-20
1931.1        	5.988587e-20
1931.15       	5.987232e-20
1931.2        	5.985877e-20
1931.25       	5.984523e-20
1931.3        	5.983169e-20
1931.35       	5.981815e-20
1931.4        	5.980462e-20
1931.45       	5.979108e-20
1931.5        	5.977756e-20
1931.55       	5.976403e-20
1931.6        	5.975051e-20
1931.65       	5.973699e-20
1931.7        	5.972348e-20
1931.75       	5.970996e-20
1931.8        	5.969645e-20
1931.85       	5.968295e-20
1931.9        	5.966944e-20
1931.95       	5.965594e-20
1932          	5.964245e-20
1932.05       	5.962895e-20
1932.1        	5.961546e-20
1932.15       	5.960197e-20
1932.2        	5.958849e-20
1932.25       	5.957501e-20
1932.3        	5.956153e-20
1932.35       	5.954805e-20
1932.4        	5.953458e-20
1932.45       	5.952111e-20
1932.5        	5.950764e-20
1932.55       	5.949418e-20
1932.6        	5.948072e-20
1932.65       	5.946726e-20
1932.7        	5.945381e-20
1932.75       	5.944036e-20
1932.8        	5.942691e-20
1932.85       	5.941346e-20
1932.9        	5.940002e-20
1932.95       	5.938658e-20
1933          	5.937315e-20
1933.05       	5.935971e-20
1933.1        	5.934629e-20
1933.15       	5.933286e-20
1933.2        	5.931944e-20
1933.25       	5.930601e-20
1933.3        	5.929260e-20
1933.35       	5.927918e-20
1933.4        	5.926577e-20
1933.45       	5.925236e-20
1933.5        	5.923896e-20
1933.55       	5.922556e-20
1933.6        	5.921216e-20
1933.65       	5.919876e-20
1933.7        	5.918537e-20
1933.75       	5.917198e-20
1933.8        	5.915859e-20
1933.85       	5.914521e-20
1933.9        	5.913183e-20
1933.95       	5.911845e-20
1934          	5.910508e-20
1934.05       	5.909170e-20
1934.1        	5.907834e-20
1934.15       	5.906497e-20
1934.2        	5.905161e-20
1934.25       	5.903825e-20
1934.3        	5.902489e-20
1934.35       	5.901154e-20
1934.4        	5.899819e-20
1934.45       	5.898484e-20
1934.5        	5.897150e-20
1934.55       	5.895816e-20
1934.6        	5.894482e-20
1934.65       	5.893148e-20
1934.7        	5.891815e-20
1934.75       	5.890482e-20
1934.8        	5.889150e-20
1934.85       	5.887817e-20
1934.9        	5.886485e-20
1934.95       	5.885154e-20
1935          	5.883822e-20
1935.05       	5.882491e-20
1935.1        	5.881161e-20
1935.15       	5.879830e-20
1935.2        	5.878500e-20
1935.25       	5.877170e-20
1935.3        	5.875841e-20
1935.35       	5.874511e-20
1935.4        	5.873182e-20
1935.45       	5.871854e-20
1935.5        	5.870525e-20
1935.55       	5.869197e-20
1935.6        	5.867870e-20
1935.65       	5.866542e-20
1935.7        	5.865215e-20
1935.75       	5.863888e-20
1935.8        	5.862562e-20
1935.85       	5.861236e-20
1935.9        	5.859910e-20
1935.95       	5.858584e-20
1936          	5.857259e-20
1936.05       	5.855934e-20
1936.1        	5.854609e-20
1936.15       	5.853285e-20
1936.2        	5.851961e-20
1936.25       	5.850637e-20
1936.3        	5.849313e-20
1936.35       	5.847990e-20
1936.4        	5.846667e-20
1936.45       	5.845345e-20
1936.5        	5.844022e-20
1936.55       	5.842700e-20
1936.6        	5.841379e-20
1936.65       	5.840057e-20
1936.7        	5.838736e-20
1936.75       	5.837415e-20
1936.8        	5.836095e-20
1936.85       	5.834775e-20
1936.9        	5.833455e-20
1936.95       	5.832135e-20
1937          	5.830816e-20
1937.05       	5.829497e-20
1937.1        	5.828178e-20
1937.15       	5.826860e-20
1937.2        	5.825542e-20
1937.25       	5.824224e-20
1937.3        	5.822907e-20
1937.35       	5.821590e-20
1937.4        	5.820273e-20
1937.45       	5.818956e-20
1937.5        	5.817640e-20
1937.55       	5.816324e-20
1937.6        	5.815008e-20
1937.65       	5.813693e-20
1937.7        	5.812378e-20
1937.75       	5.811063e-20
1937.8        	5.809749e-20
1937.85       	5.808434e-20
1937.9        	5.807121e-20
1937.95       	5.805807e-20
1938          	5.804494e-20
1938.05       	5.803181e-20
1938.1        	5.801868e-20
1938.15       	5.800556e-20
1938.2        	5.799244e-20
1938.25       	5.797932e-20
1938.3        	5.796620e-20
1938.35       	5.795309e-20
1938.4        	5.793998e-20
1938.45       	5.792688e-20
1938.5        	5.791378e-20
1938.55       	5.790068e-20
1938.6        	5.788758e-20
1938.65       	5.787449e-20
1938.7        	5.786139e-20
1938.75       	5.784831e-20
1938.8        	5.783522e-20
1938.85       	5.782214e-20
1938.9        	5.780906e-20
1938.95       	5.779599e-20
1939          	5.778291e-20
1939.05       	5.776984e-20
1939.1        	5.775678e-20
1939.15       	5.774371e-20
1939.2        	5.773065e-20
1939.25       	5.771759e-20
1939.3        	5.770454e-20
1939.35       	5.769149e-20
1939.4        	5.767844e-20
1939.45       	5.766539e-20
1939.5        	5.765235e-20
1939.55       	5.763931e-20
1939.6        	5.762627e-20
1939.65       	5.761324e-20
1939.7        	5.760021e-20
1939.75       	5.758718e-20
1939.8        	5.757415e-20
1939.85       	5.756113e-20
1939.9        	5.754811e-20
1939.95       	5.753509e-20
1940          	5.752208e-20
1940.05       	5.750907e-20
1940.1        	5.749606e-20
1940.15       	5.748306e-20
1940.2        	5.747006e-20
1940.25       	5.745706e-20
1940.3        	5.744406e-20
1940.35       	5.743107e-20
1940.4        	5.741808e-20
1940.45       	5.740509e-20
1940.5        	5.739211e-20
1940.55       	5.737913e-20
1940.6        	5.736615e-20
1940.65       	5.735318e-20
1940.7        	5.734021e-20
1940.75       	5.732724e-20
1940.8        	5.731427e-20
1940.85       	5.730131e-20
1940.9        	5.728835e-20
1940.95       	5.727539e-20
1941          	5.726244e-20
1941.05       	5.724949e-20
1941.1        	5.723654e-20
1941.15       	5.722359e-20
1941.2        	5.721065e-20
1941.25       	5.719771e-20
1941.3        	5.718477e-20
1941.35       	5.717184e-20
1941.4        	5.715891e-20
1941.45       	5.714598e-20
1941.5        	5.713306e-20
1941.55       	5.712014e-20
1941.6        	5.710722e-20
1941.65       	5.709430e-20
1941.7        	5.708139e-20
1941.75       	5.706848e-20
1941.8        	5.705557e-20
1941.85       	5.704267e-20
1941.9        	5.702977e-20
1941.95       	5.701687e-20
1942          	5.700397e-20
1942.05       	5.699108e-20
1942.1        	5.697819e-20
1942.15       	5.696531e-20
1942.2        	5.695242e-20
1942.25       	5.693954e-20
1942.3        	5.692667e-20
1942.35       	5.691379e-20
1942.4        	5.690092e-20
1942.45       	5.688805e-20
1942.5        	5.687519e-20
1942.55       	5.686232e-20
1942.6        	5.684946e-20
1942.65       	5.683661e-20
1942.7        	5.682375e-20
1942.75       	5.681090e-20
1942.8        	5.679805e-20
1942.85       	5.678521e-20
1942.9        	5.677237e-20
1942.95       	5.675953e-20
1943          	5.674669e-20
1943.05       	5.673386e-20
1943.1        	5.672103e-20
1943.15       	5.670820e-20
1943.2        	5.669537e-20
1943.25       	5.668255e-20
1943.3        	5.666973e-20
1943.35       	5.665692e-20
1943.4        	5.664410e-20
1943.45       	5.663129e-20
1943.5        	5.661849e-20
1943.55       	5.660568e-20
1943.6        	5.659288e-20
1943.65       	5.658008e-20
1943.7        	5.656729e-20
1943.75       	5.655449e-20
1943.8        	5.654170e-20
1943.85       	5.652892e-20
1943.9        	5.651613e-20
1943.95       	5.650335e-20
1944          	5.649058e-20
1944.05       	5.647780e-20
1944.1        	5.646503e-20
1944.15       	5.645226e-20
1944.2        	5.643949e-20
1944.25       	5.642673e-20
1944.3        	5.641397e-20
1944.35       	5.640121e-20
1944.4        	5.638846e-20
1944.45       	5.637571e-20
1944.5        	5.636296e-20
1944.55       	5.635021e-20
1944.6        	5.633747e-20
1944.65       	5.632473e-20
1944.7        	5.631199e-20
1944.75       	5.629926e-20
1944.8        	5.628652e-20
1944.85       	5.627380e-20
1944.9        	5.626107e-20
1944.95       	5.624835e-20
1945          	5.623563e-20
1945.05       	5.622291e-20
1945.1        	5.621020e-20
1945.15       	5.619749e-20
1945.2        	5.618478e-20
1945.25       	5.617207e-20
1945.3        	5.615937e-20
1945.35       	5.614667e-20
1945.4        	5.613397e-20
1945.45       	5.612128e-20
1945.5        	5.610859e-20
1945.55       	5.609590e-20
1945.6        	5.608322e-20
1945.65       	5.607053e-20
1945.7        	5.605786e-20
1945.75       	5.604518e-20
1945.8        	5.603251e-20
1945.85       	5.601984e-20
1945.9        	5.600717e-20
1945.95       	5.599450e-20
1946          	5.598184e-20
1946.05       	5.596918e-20
1946.1        	5.595653e-20
1946.15       	5.594387e-20
1946.2        	5.593122e-20
1946.25       	5.591857e-20
1946.3        	5.590593e-20
1946.35       	5.589329e-20
1946.4        	5.588065e-20
1946.45       	5.586801e-20
1946.5        	5.585538e-20
1946.55       	5.584275e-20
1946.6        	5.583012e-20
1946.65       	5.581750e-20
1946.7        	5.580488e-20
1946.75       	5.579226e-20
1946.8        	5.577964e-20
1946.85       	5.576703e-20
1946.9        	5.575442e-20
1946.95       	5.574181e-20
1947          	5.572921e-20
1947.05       	5.571661e-20
1947.1        	5.570401e-20
1947.15       	5.569141e-20
1947.2        	5.567882e-20
1947.25       	5.566623e-20
1947.3        	5.565364e-20
1947.35       	5.564106e-20
1947.4        	5.562848e-20
1947.45       	5.561590e-20
1947.5        	5.560333e-20
1947.55       	5.559075e-20
1947.6        	5.557818e-20
1947.65       	5.556562e-20
1947.7        	5.555305e-20
1947.75       	5.554049e-20
1947.8        	5.552793e-20
1947.85       	5.551538e-20
1947.9        	5.550282e-20
1947.95       	5.549027e-20
1948          	5.547773e-20
1948.05       	5.546518e-20
1948.1        	5.545264e-20
1948.15       	5.544010e-20
1948.2        	5.542757e-20
1948.25       	5.541504e-20
1948.3        	5.540251e-20
1948.35       	5.538998e-20
1948.4        	5.537746e-20
1948.45       	5.536494e-20
1948.5        	5.535242e-20
1948.55       	5.533990e-20
1948.6        	5.532739e-20
1948.65       	5.531488e-20
1948.7        	5.530237e-20
1948.75       	5.528987e-20
1948.8        	5.527737e-20
1948.85       	5.526487e-20
1948.9        	5.525237e-20
1948.95       	5.523988e-20
1949          	5.522739e-20
1949.05       	5.521490e-20
1949.1        	5.520242e-20
1949.15       	5.518994e-20
1949.2        	5.517746e-20
1949.25       	5.516499e-20
1949.3        	5.515251e-20
1949.35       	5.514004e-20
1949.4        	5.512758e-20
1949.45       	5.511511e-20
1949.5        	5.510265e-20
1949.55       	5.509019e-20
1949.6        	5.507774e-20
1949.65       	5.506528e-20
1949.7        	5.505283e-20
1949.75       	5.504039e-20
1949.8        	5.502794e-20
1949.85       	5.501550e-20
1949.9        	5.500306e-20
1949.95       	5.499063e-20
1950          	5.497820e-20
1950.05       	5.496577e-20
1950.1        	5.495334e-20
1950.15       	5.494091e-20
1950.2        	5.492849e-20
1950.25       	5.491607e-20
1950.3        	5.490366e-20
1950.35       	5.489124e-20
1950.4        	5.487883e-20
1950.45       	5.486643e-20
1950.5        	5.485402e-20
1950.55       	5.484162e-20
1950.6        	5.482922e-20
1950.65       	5.481683e-20
1950.7        	5.480443e-20
1950.75       	5.479204e-20
1950.8        	5.477966e-20
1950.85       	5.476727e-20
1950.9        	5.475489e-20
1950.95       	5.474251e-20
1951          	5.473013e-20
1951.05       	5.471776e-20
1951.1        	5.470539e-20
1951.15       	5.469302e-20
1951.2        	5.468066e-20
1951.25       	5.466829e-20
1951.3        	5.465594e-20
1951.35       	5.464358e-20
1951.4        	5.463122e-20
1951.45       	5.461887e-20
1951.5        	5.460653e-20
1951.55       	5.459418e-20
1951.6        	5.458184e-20
1951.65       	5.456950e-20
1951.7        	5.455716e-20
1951.75       	5.454483e-20
1951.8        	5.453250e-20
1951.85       	5.452017e-20
1951.9        	5.450784e-20
1951.95       	5.449552e-20
1952          	5.448320e-20
1952.05       	5.447088e-20
1952.1        	5.445857e-20
1952.15       	5.444626e-20
1952.2        	5.443395e-20
1952.25       	5.442164e-20
1952.3        	5.440934e-20
1952.35       	5.439704e-20
1952.4        	5.438474e-20
1952.45       	5.437245e-20
1952.5        	5.436016e-20
1952.55       	5.434787e-20
1952.6        	5.433558e-20
1952.65       	5.432330e-20
1952.7        	5.431102e-20
1952.75       	5.429874e-20
1952.8        	5.428646e-20
1952.85       	5.427419e-20
1952.9        	5.426192e-20
1952.95       	5.424966e-20
1953          	5.423739e-20
1953.05       	5.422513e-20
1953.1        	5.421287e-20
1953.15       	5.420062e-20
1953.2        	5.418837e-20
1953.25       	5.417612e-20
1953.3        	5.416387e-20
1953.35       	5.415162e-20
1953.4        	5.413938e-20
1953.45       	5.412714e-20
1953.5        	5.411491e-20
1953.55       	5.410268e-20
1953.6        	5.409045e-20
1953.65       	5.407822e-20
1953.7        	5.406599e-20
1953.75       	5.405377e-20
1953.8        	5.404155e-20
1953.85       	5.402934e-20
1953.9        	5.401712e-20
1953.95       	5.400491e-20
1954          	5.399270e-20
1954.05       	5.398050e-20
1954.1        	5.396830e-20
1954.15       	5.395610e-20
1954.2        	5.394390e-20
1954.25       	5.393171e-20
1954.3        	5.391951e-20
1954.35       	5.390733e-20
1954.4        	5.389514e-20
1954.45       	5.388296e-20
1954.5        	5.387078e-20
1954.55       	5.385860e-20
1954.6        	5.384642e-20
1954.65       	5.383425e-20
1954.7        	5.382208e-20
1954.75       	5.380992e-20
1954.8        	5.379775e-20
1954.85       	5.378559e-20
1954.9        	5.377344e-20
1954.95       	5.376128e-20
1955          	5.374913e-20
1955.05       	5.373698e-20
1955.1        	5.372483e-20
1955.15       	5.371269e-20
1955.2        	5.370055e-20
1955.25       	5.368841e-20
1955.3        	5.367627e-20
1955.35       	5.366414e-20
1955.4        	5.365201e-20
1955.45       	5.363988e-20
1955.5        	5.362776e-20
1955.55       	5.361564e-20
1955.6        	5.360352e-20
1955.65       	5.359140e-20
1955.7        	5.357929e-20
1955.75       	5.356718e-20
1955.8        	5.355507e-20
1955.85       	5.354296e-20
1955.9        	5.353086e-20
1955.95       	5.351876e-20
1956          	5.350666e-20
1956.05       	5.349457e-20
1956.1        	5.348248e-20
1956.15       	5.347039e-20
1956.2        	5.345830e-20
1956.25       	5.344622e-20
1956.3        	5.343414e-20
1956.35       	5.342206e-20
1956.4        	5.340999e-20
1956.45       	5.339791e-20
1956.5        	5.338584e-20
1956.55       	5.337378e-20
1956.6        	5.336171e-20
1956.65       	5.334965e-20
1956.7        	5.333759e-20
1956.75       	5.332554e-20
1956.8        	5.331348e-20
1956.85       	5.330143e-20
1956.9        	5.328939e-20
1956.95       	5.327734e-20
1957          	5.326530e-20
1957.05       	5.325326e-20
1957.1        	5.324122e-20
1957.15       	5.322919e-20
1957.2        	5.321716e-20
1957.25       	5.320513e-20
1957.3        	5.319311e-20
1957.35       	5.318108e-20
1957.4        	5.316906e-20
1957.45       	5.315705e-20
1957.5        	5.314503e-20
1957.55       	5.313302e-20
1957.6        	5.312101e-20
1957.65       	5.310900e-20
1957.7        	5.309700e-20
1957.75       	5.308500e-20
1957.8        	5.307300e-20
1957.85       	5.306101e-20
1957.9        	5.304901e-20
1957.95       	5.303702e-20
1958          	5.302504e-20
1958.05       	5.301305e-20
1958.1        	5.300107e-20
1958.15       	5.298909e-20
1958.2        	5.297712e-20
1958.25       	5.296514e-20
1958.3        	5.295317e-20
1958.35       	5.294120e-20
1958.4        	5.292924e-20
1958.45       	5.291728e-20
1958.5        	5.290532e-20
1958.55       	5.289336e-20
1958.6        	5.288140e-20
1958.65       	5.286945e-20
1958.7        	5.285750e-20
1958.75       	5.284556e-20
1958.8        	5.283361e-20
1958.85       	5.282167e-20
1958.9        	5.280974e-20
1958.95       	5.279780e-20
1959          	5.278587e-20
1959.05       	5.277394e-20
1959.1        	5.276201e-20
1959.15       	5.275009e-20
1959.2        	5.273816e-20
1959.25       	5.272625e-20
1959.3        	5.271433e-20
1959.35       	5.270242e-20
1959.4        	5.269051e-20
1959.45       	5.267860e-20
1959.5        	5.266669e-20
1959.55       	5.265479e-20
1959.6        	5.264289e-20
1959.65       	5.263099e-20
1959.7        	5.261910e-20
1959.75       	5.260721e-20
1959.8        	5.259532e-20
1959.85       	5.258343e-20
1959.9        	5.257155e-20
1959.95       	5.255967e-20
1960          	5.254779e-20
1960.05       	5.253591e-20
1960.1        	5.252404e-20
1960.15       	5.251217e-20
1960.2        	5.250030e-20
1960.25       	5.248844e-20
1960.3        	5.247658e-20
1960.35       	5.246472e-20
1960.4        	5.245286e-20
1960.45       	5.244101e-20
1960.5        	5.242915e-20
1960.55       	5.241731e-20
1960.6        	5.240546e-20
1960.65       	5.239362e-20
1960.7        	5.238178e-20
1960.75       	5.236994e-20
1960.8        	5.235810e-20
1960.85       	5.234627e-20
1960.9        	5.233444e-20
1960.95       	5.232262e-20
1961          	5.231079e-20
1961.05       	5.229897e-20
1961.1        	5.228715e-20
1961.15       	5.227533e-20
1961.2        	5.226352e-20
1961.25       	5.225171e-20
1961.3        	5.223990e-20
1961.35       	5.222810e-20
1961.4        	5.221630e-20
1961.45       	5.220450e-20
1961.5        	5.219270e-20
1961.55       	5.218090e-20
1961.6        	5.216911e-20
1961.65       	5.215732e-20
1961.7        	5.214554e-20
1961.75       	5.213375e-20
1961.8        	5.212197e-20
1961.85       	5.211019e-20
1961.9        	5.209842e-20
1961.95       	5.208664e-20
1962          	5.207487e-20
1962.05       	5.206311e-20
1962.1        	5.205134e-20
1962.15       	5.203958e-20
1962.2        	5.202782e-20
1962.25       	5.201606e-20
1962.3        	5.200431e-20
1962.35       	5.199256e-20
1962.4        	5.198081e-20
1962.45       	5.196906e-20
1962.5        	5.195732e-20
1962.55       	5.194558e-20
1962.6        	5.193384e-20
1962.65       	5.192210e-20
1962.7        	5.191037e-20
1962.75       	5.189864e-20
1962.8        	5.188691e-20
1962.85       	5.187519e-20
1962.9        	5.186347e-20
1962.95       	5.185175e-20
1963          	5.184003e-20
1963.05       	5.182832e-20
1963.1        	5.181661e-20
1963.15       	5.180490e-20
1963.2        	5.179319e-20
1963.25       	5.178149e-20
1963.3        	5.176979e-20
1963.35       	5.175809e-20
1963.4        	5.174639e-20
1963.45       	5.173470e-20
1963.5        	5.172301e-20
1963.55       	5.171132e-20
1963.6        	5.169964e-20
1963.65       	5.168796e-20
1963.7        	5.167628e-20
1963.75       	5.166460e-20
1963.8        	5.165293e-20
1963.85       	5.164125e-20
1963.9        	5.162959e-20
1963.95       	5.161792e-20
1964          	5.160626e-20
1964.05       	5.159460e-20
1964.1        	5.158294e-20
1964.15       	5.157128e-20
1964.2        	5.155963e-20
1964.25       	5.154798e-20
1964.3        	5.153633e-20
1964.35       	5.152469e-20
1964.4        	5.151305e-20
1964.45       	5.150141e-20
1964.5        	5.148977e-20
1964.55       	5.147814e-20
1964.6        	5.146650e-20
1964.65       	5.145487e-20
1964.7        	5.144325e-20
1964.75       	5.143163e-20
1964.8        	5.142000e-20
1964.85       	5.140839e-20
1964.9        	5.139677e-20
1964.95       	5.138516e-20
1965          	5.137355e-20
1965.05       	5.136194e-20
1965.1        	5.135033e-20
1965.15       	5.133873e-20
1965.2        	5.132713e-20
1965.25       	5.131554e-20
1965.3        	5.130394e-20
1965.35       	5.129235e-20
1965.4        	5.128076e-20
1965.45       	5.126917e-20
1965.5        	5.125759e-20
1965.55       	5.124601e-20
1965.6        	5.123443e-20
1965.65       	5.122285e-20
1965.7        	5.121128e-20
1965.75       	5.119971e-20
1965.8        	5.118814e-20
1965.85       	5.117658e-20
1965.9        	5.116501e-20
1965.95       	5.115345e-20
1966          	5.114190e-20
1966.05       	5.113034e-20
1966.1        	5.111879e-20
1966.15       	5.110724e-20
1966.2        	5.109569e-20
1966.25       	5.108415e-20
1966.3        	5.107261e-20
1966.35       	5.106107e-20
1966.4        	5.104953e-20
1966.45       	5.103800e-20
1966.5        	5.102647e-20
1966.55       	5.101494e-20
1966.6        	5.100341e-20
1966.65       	5.099189e-20
1966.7        	5.098037e-20
1966.75       	5.096885e-20
1966.8        	5.095734e-20
1966.85       	5.094582e-20
1966.9        	5.093431e-20
1966.95       	5.092281e-20
1967          	5.091130e-20
1967.05       	5.089980e-20
1967.1        	5.088830e-20
1967.15       	5.087680e-20
1967.2        	5.086531e-20
1967.25       	5.085382e-20
1967.3        	5.084233e-20
1967.35       	5.083084e-20
1967.4        	5.081936e-20
1967.45       	5.080788e-20
1967.5        	5.079640e-20
1967.55       	5.078492e-20
1967.6        	5.077345e-20
1967.65       	5.076198e-20
1967.7        	5.075051e-20
1967.75       	5.073904e-20
1967.8        	5.072758e-20
1967.85       	5.071612e-20
1967.9        	5.070466e-20
1967.95       	5.069321e-20
1968          	5.068176e-20
1968.05       	5.067031e-20
1968.1        	5.065886e-20
1968.15       	5.064741e-20
1968.2        	5.063597e-20
1968.25       	5.062453e-20
1968.3        	5.061310e-20
1968.35       	5.060166e-20
1968.4        	5.059023e-20
1968.45       	5.057880e-20
1968.5        	5.056738e-20
1968.55       	5.055595e-20
1968.6        	5.054453e-20
1968.65       	5.053311e-20
1968.7        	5.052170e-20
1968.75       	5.051028e-20
1968.8        	5.049887e-20
1968.85       	5.048746e-20
1968.9        	5.047606e-20
1968.95       	5.046466e-20
1969          	5.045326e-20
1969.05       	5.044186e-20
1969.1        	5.043046e-20
1969.15       	5.041907e-20
1969.2        	5.040768e-20
1969.25       	5.039629e-20
1969.3        	5.038491e-20
1969.35       	5.037353e-20
1969.4        	5.036215e-20
1969.45       	5.035077e-20
1969.5        	5.033940e-20
1969.55       	5.032802e-20
1969.6        	5.031666e-20
1969.65       	5.030529e-20
1969.7        	5.029393e-20
1969.75       	5.028256e-20
1969.8        	5.027121e-20
1969.85       	5.025985e-20
1969.9        	5.024850e-20
1969.95       	5.023714e-20
1970          	5.022580e-20
1970.05       	5.021445e-20
1970.1        	5.020311e-20
1970.15       	5.019177e-20
1970.2        	5.018043e-20
1970.25       	5.016909e-20
1970.3        	5.015776e-20
1970.35       	5.014643e-20
1970.4        	5.013510e-20
1970.45       	5.012378e-20
1970.5        	5.011245e-20
1970.55       	5.010113e-20
1970.6        	5.008982e-20
1970.65       	5.007850e-20
1970.7        	5.006719e-20
1970.75       	5.005588e-20
1970.8        	5.004457e-20
1970.85       	5.003327e-20
1970.9        	5.002197e-20
1970.95       	5.001067e-20
1971          	4.999937e-20
1971.05       	4.998808e-20
1971.1        	4.997679e-20
1971.15       	4.996550e-20
1971.2        	4.995421e-20
1971.25       	4.994293e-20
1971.3        	4.993165e-20
1971.35       	4.992037e-20
1971.4        	4.990909e-20
1971.45       	4.989782e-20
1971.5        	4.988655e-20
1971.55       	4.987528e-20
1971.6        	4.986401e-20
1971.65       	4.985275e-20
1971.7        	4.984149e-20
1971.75       	4.983023e-20
1971.8        	4.981897e-20
1971.85       	4.980772e-20
1971.9        	4.979647e-20
1971.95       	4.978522e-20
1972          	4.977398e-20
1972.05       	4.976274e-20
1972.1        	4.975150e-20
1972.15       	4.974026e-20
1972.2        	4.972902e-20
1972.25       	4.971779e-20
1972.3        	4.970656e-20
1972.35       	4.969533e-20
1972.4        	4.968411e-20
1972.45       	4.967289e-20
1972.5        	4.966167e-20
1972.55       	4.965045e-20
1972.6        	4.963923e-20
1972.65       	4.962802e-20
1972.7        	4.961681e-20
1972.75       	4.960561e-20
1972.8        	4.959440e-20
1972.85       	4.958320e-20
1972.9        	4.957200e-20
1972.95       	4.956080e-20
1973          	4.954961e-20
1973.05       	4.953842e-20
1973.1        	4.952723e-20
1973.15       	4.951604e-20
1973.2        	4.950486e-20
1973.25       	4.949368e-20
1973.3        	4.948250e-20
1973.35       	4.947132e-20
1973.4        	4.946015e-20
1973.45       	4.944898e-20
1973.5        	4.943781e-20
1973.55       	4.942664e-20
1973.6        	4.941548e-20
1973.65       	4.940432e-20
1973.7        	4.939316e-20
1973.75       	4.938201e-20
1973.8        	4.937085e-20
1973.85       	4.935970e-20
1973.9        	4.934855e-20
1973.95       	4.933741e-20
1974          	4.932627e-20
1974.05       	4.931512e-20
1974.1        	4.930399e-20
1974.15       	4.929285e-20
1974.2        	4.928172e-20
1974.25       	4.927059e-20
1974.3        	4.925946e-20
1974.35       	4.924833e-20
1974.4        	4.923721e-20
1974.45       	4.922609e-20
1974.5        	4.921497e-20
1974.55       	4.920386e-20
1974.6        	4.919275e-20
1974.65       	4.918164e-20
1974.7        	4.917053e-20
1974.75       	4.915942e-20
1974.8        	4.914832e-20
1974.85       	4.913722e-20
1974.9        	4.912612e-20
1974.95       	4.911503e-20
1975          	4.910394e-20
1975.05       	4.909285e-20
1975.1        	4.908176e-20
1975.15       	4.907067e-20
1975.2        	4.905959e-20
1975.25       	4.904851e-20
1975.3        	4.903744e-20
1975.35       	4.902636e-20
1975.4        	4.901529e-20
1975.45       	4.900422e-20
1975.5        	4.899315e-20
1975.55       	4.898209e-20
1975.6        	4.897103e-20
1975.65       	4.895997e-20
1975.7        	4.894891e-20
1975.75       	4.893785e-20
1975.8        	4.892680e-20
1975.85       	4.891575e-20
1975.9        	4.890471e-20
1975.95       	4.889366e-20
1976          	4.888262e-20
1976.05       	4.887158e-20
1976.1        	4.886054e-20
1976.15       	4.884951e-20
1976.2        	4.883848e-20
1976.25       	4.882745e-20
1976.3        	4.881642e-20
1976.35       	4.880540e-20
1976.4        	4.879438e-20
1976.45       	4.878336e-20
1976.5        	4.877234e-20
1976.55       	4.876133e-20
1976.6        	4.875031e-20
1976.65       	4.873930e-20
1976.7        	4.872830e-20
1976.75       	4.871729e-20
1976.8        	4.870629e-20
1976.85       	4.869529e-20
1976.9        	4.868430e-20
1976.95       	4.867330e-20
1977          	4.866231e-20
1977.05       	4.865132e-20
1977.1        	4.864033e-20
1977.15       	4.862935e-20
1977.2        	4.861837e-20
1977.25       	4.860739e-20
1977.3        	4.859641e-20
1977.35       	4.858544e-20
1977.4        	4.857447e-20
1977.45       	4.856350e-20
1977.5        	4.855253e-20
1977.55       	4.854157e-20
1977.6        	4.853061e-20
1977.65       	4.851965e-20
1977.7        	4.850869e-20
1977.75       	4.849774e-20
1977.8        	4.848679e-20
1977.85       	4.847584e-20
1977.9        	4.846489e-20
1977.95       	4.845395e-20
1978          	4.844300e-20
1978.05       	4.843207e-20
1978.1        	4.842113e-20
1978.15       	4.841020e-20
1978.2        	4.839926e-20
1978.25       	4.838833e-20
1978.3        	4.837741e-20
1978.35       	4.836648e-20
1978.4        	4.835556e-20
1978.45       	4.834464e-20
1978.5        	4.833373e-20
1978.55       	4.832281e-20
1978.6        	4.831190e-20
1978.65       	4.830099e-20
1978.7        	4.829008e-20
1978.75       	4.827918e-20
1978.8        	4.826828e-20
1978.85       	4.825738e-20
1978.9        	4.824648e-20
1978.95       	4.823559e-20
1979          	4.822470e-20
1979.05       	4.821381e-20
1979.1        	4.820292e-20
1979.15       	4.819204e-20
1979.2        	4.818116e-20
1979.25       	4.817028e-20
1979.3        	4.815940e-20
1979.35       	4.814852e-20
1979.4        	4.813765e-20
1979.45       	4.812678e-20
1979.5        	4.811592e-20
1979.55       	4.810505e-20
1979.6        	4.809419e-20
1979.65       	4.808333e-20
1979.7        	4.807247e-20
1979.75       	4.806162e-20
1979.8        	4.805077e-20
1979.85       	4.803992e-20
1979.9        	4.802907e-20
1979.95       	4.801823e-20
1980          	4.800738e-20
1980.05       	4.799654e-20
1980.1        	4.798571e-20
1980.15       	4.797487e-20
1980.2        	4.796404e-20
1980.25       	4.795321e-20
1980.3        	4.794238e-20
1980.35       	4.793156e-20
1980.4        	4.792074e-20
1980.45       	4.790992e-20
1980.5        	4.789910e-20
1980.55       	4.788828e-20
1980.6        	4.787747e-20
1980.65       	4.786666e-20
1980.7        	4.785585e-20
1980.75       	4.784505e-20
1980.8        	4.783425e-20
1980.85       	4.782345e-20
1980.9        	4.781265e-20
1980.95       	4.780185e-20
1981          	4.779106e-20
1981.05       	4.778027e-20
1981.1        	4.776948e-20
1981.15       	4.775870e-20
1981.2        	4.774791e-20
1981.25       	4.773713e-20
1981.3        	4.772635e-20
1981.35       	4.771558e-20
1981.4        	4.770481e-20
1981.45       	4.769404e-20
1981.5        	4.768327e-20
1981.55       	4.767250e-20
1981.6        	4.766174e-20
1981.65       	4.765098e-20
1981.7        	4.764022e-20
1981.75       	4.762946e-20
1981.8        	4.761871e-20
1981.85       	4.760796e-20
1981.9        	4.759721e-20
1981.95       	4.758646e-20
1982          	4.757572e-20
1982.05       	4.756498e-20
1982.1        	4.755424e-20
1982.15       	4.754350e-20
1982.2        	4.753277e-20
1982.25       	4.752204e-20
1982.3        	4.751131e-20
1982.35       	4.750058e-20
1982.4        	4.748986e-20
1982.45       	4.747914e-20
1982.5        	4.746842e-20
1982.55       	4.745770e-20
1982.6        	4.744699e-20
1982.65       	4.743628e-20
1982.7        	4.742557e-20
1982.75       	4.741486e-20
1982.8        	4.740416e-20
1982.85       	4.739345e-20
1982.9        	4.738275e-20
1982.95       	4.737206e-20
1983          	4.736136e-20
1983.05       	4.735067e-20
1983.1        	4.733998e-20
1983.15       	4.732929e-20
1983.2        	4.731861e-20
1983.25       	4.730792e-20
1983.3        	4.729724e-20
1983.35       	4.728657e-20
1983.4        	4.727589e-20
1983.45       	4.726522e-20
1983.5        	4.725455e-20
1983.55       	4.724388e-20
1983.6        	4.723322e-20
1983.65       	4.722255e-20
1983.7        	4.721189e-20
1983.75       	4.720123e-20
1983.8        	4.719058e-20
1983.85       	4.717992e-20
1983.9        	4.716927e-20
1983.95       	4.715862e-20
1984          	4.714798e-20
1984.05       	4.713734e-20
1984.1        	4.712669e-20
1984.15       	4.711606e-20
1984.2        	4.710542e-20
1984.25       	4.709478e-20
1984.3        	4.708415e-20
1984.35       	4.707352e-20
1984.4        	4.706290e-20
1984.45       	4.705227e-20
1984.5        	4.704165e-20
1984.55       	4.703103e-20
1984.6        	4.702042e-20
1984.65       	4.700980e-20
1984.7        	4.699919e-20
1984.75       	4.698858e-20
1984.8        	4.697797e-20
1984.85       	4.696737e-20
1984.9        	4.695676e-20
1984.95       	4.694616e-20
1985          	4.693557e-20
1985.05       	4.692497e-20
1985.1        	4.691438e-20
1985.15       	4.690379e-20
1985.2        	4.689320e-20
1985.25       	4.688262e-20
1985.3        	4.687203e-20
1985.35       	4.686145e-20
1985.4        	4.685087e-20
1985.45       	4.684030e-20
1985.5        	4.682972e-20
1985.55       	4.681915e-20
1985.6        	4.680858e-20
1985.65       	4.679802e-20
1985.7        	4.678746e-20
1985.75       	4.677689e-20
1985.8        	4.676633e-20
1985.85       	4.675578e-20
1985.9        	4.674522e-20
1985.95       	4.673467e-20
1986          	4.672412e-20
1986.05       	4.671358e-20
1986.1        	4.670303e-20
1986.15       	4.669249e-20
1986.2        	4.668195e-20
1986.25       	4.667141e-20
1986.3        	4.666088e-20
1986.35       	4.665035e-20
1986.4        	4.663982e-20
1986.45       	4.662929e-20
1986.5        	4.661876e-20
1986.55       	4.660824e-20
1986.6        	4.659772e-20
1986.65       	4.658720e-20
1986.7        	4.657669e-20
1986.75       	4.656617e-20
1986.8        	4.655566e-20
1986.85       	4.654515e-20
1986.9        	4.653465e-20
1986.95       	4.652414e-20
1987          	4.651364e-20
1987.05       	4.650314e-20
1987.1        	4.649265e-20
1987.15       	4.648215e-20
1987.2        	4.647166e-20
1987.25       	4.646117e-20
1987.3        	4.645068e-20
1987.35       	4.644020e-20
1987.4        	4.642972e-20
1987.45       	4.641924e-20
1987.5        	4.640876e-20
1987.55       	4.639829e-20
1987.6        	4.638781e-20
1987.65       	4.637734e-20
1987.7        	4.636687e-20
1987.75       	4.635641e-20
1987.8        	4.634595e-20
1987.85       	4.633549e-20
1987.9        	4.632503e-20
1987.95       	4.631457e-20
1988          	4.630412e-20
1988.05       	4.629367e-20
1988.1        	4.628322e-20
1988.15       	4.627277e-20
1988.2        	4.626233e-20
1988.25       	4.625189e-20
1988.3        	4.624145e-20
1988.35       	4.623101e-20
1988.4        	4.622058e-20
1988.45       	4.621014e-20
1988.5        	4.619971e-20
1988.55       	4.618929e-20
1988.6        	4.617886e-20
1988.65       	4.616844e-20
1988.7        	4.615802e-20
1988.75       	4.614760e-20
1988.8        	4.613719e-20
1988.85       	4.612677e-20
1988.9        	4.611636e-20
1988.95       	4.610595e-20
1989          	4.609555e-20
1989.05       	4.608515e-20
1989.1        	4.607474e-20
1989.15       	4.606435e-20
1989.2        	4.605395e-20
1989.25       	4.604355e-20
1989.3        	4.603316e-20
1989.35       	4.602277e-20
1989.4        	4.601239e-20
1989.45       	4.600200e-20
1989.5        	4.599162e-20
1989.55       	4.598124e-20
1989.6        	4.597086e-20
1989.65       	4.596049e-20
1989.7        	4.595012e-20
1989.75       	4.593975e-20
1989.8        	4.592938e-20
1989.85       	4.591901e-20
1989.9        	4.590865e-20
1989.95       	4.589829e-20
1990          	4.588793e-20
1990.05       	4.587757e-20
1990.1        	4.586722e-20
1990.15       	4.585687e-20
1990.2        	4.584652e-20
1990.25       	4.583617e-20
1990.3        	4.582583e-20
1990.35       	4.581549e-20
1990.4        	4.580515e-20
1990.45       	4.579481e-20
1990.5        	4.578447e-20
1990.55       	4.577414e-20
1990.6        	4.576381e-20
1990.65       	4.575348e-20
1990.7        	4.574316e-20
1990.75       	4.573283e-20
1990.8        	4.572251e-20
1990.85       	4.571220e-20
1990.9        	4.570188e-20
1990.95       	4.569157e-20
1991          	4.568125e-20
1991.05       	4.567095e-20
1991.1        	4.566064e-20
1991.15       	4.565033e-20
1991.2        	4.564003e-20
1991.25       	4.562973e-20
1991.3        	4.561944e-20
1991.35       	4.560914e-20
1991.4        	4.559885e-20
1991.45       	4.558856e-20
1991.5        	4.557827e-20
1991.55       	4.556798e-20
1991.6        	4.555770e-20
1991.65       	4.554742e-20
1991.7        	4.553714e-20
1991.75       	4.552687e-20
1991.8        	4.551659e-20
1991.85       	4.550632e-20
1991.9        	4.549605e-20
1991.95       	4.548579e-20
1992          	4.547552e-20
1992.05       	4.546526e-20
1992.1        	4.545500e-20
1992.15       	4.544474e-20
1992.2        	4.543449e-20
1992.25       	4.542423e-20
1992.3        	4.541398e-20
1992.35       	4.540374e-20
1992.4        	4.539349e-20
1992.45       	4.538325e-20
1992.5        	4.537301e-20
1992.55       	4.536277e-20
1992.6        	4.535253e-20
1992.65       	4.534230e-20
1992.7        	4.533206e-20
1992.75       	4.532184e-20
1992.8        	4.531161e-20
1992.85       	4.530138e-20
1992.9        	4.529116e-20
1992.95       	4.528094e-20
1993          	4.527072e-20
1993.05       	4.526051e-20
1993.1        	4.525030e-20
1993.15       	4.524008e-20
1993.2        	4.522988e-20
1993.25       	4.521967e-20
1993.3        	4.520947e-20
1993.35       	4.519927e-20
1993.4        	4.518907e-20
1993.45       	4.517887e-20
1993.5        	4.516868e-20
1993.55       	4.515848e-20
1993.6        	4.514829e-20
1993.65       	4.513811e-20
1993.7        	4.512792e-20
1993.75       	4.511774e-20
1993.8        	4.510756e-20
1993.85       	4.509738e-20
1993.9        	4.508720e-20
1993.95       	4.507703e-20
1994          	4.506686e-20
1994.05       	4.505669e-20
1994.1        	4.504652e-20
1994.15       	4.503636e-20
1994.2        	4.502620e-20
1994.25       	4.501604e-20
1994.3        	4.500588e-20
1994.35       	4.499573e-20
1994.4        	4.498557e-20
1994.45       	4.497542e-20
1994.5        	4.496528e-20
1994.55       	4.495513e-20
1994.6        	4.494499e-20
1994.65       	4.493485e-20
1994.7        	4.492471e-20
1994.75       	4.491457e-20
1994.8        	4.490444e-20
1994.85       	4.489430e-20
1994.9        	4.488417e-20
1994.95       	4.487405e-20
1995          	4.486392e-20
1995.05       	4.485380e-20
1995.1        	4.484368e-20
1995.15       	4.483356e-20
1995.2        	4.482345e-20
1995.25       	4.481333e-20
1995.3        	4.480322e-20
1995.35       	4.479311e-20
1995.4        	4.478301e-20
1995.45       	4.477290e-20
1995.5        	4.476280e-20
1995.55       	4.475270e-20
1995.6        	4.474260e-20
1995.65       	4.473251e-20
1995.7        	4.472242e-20
1995.75       	4.471233e-20
1995.8        	4.470224e-20
1995.85       	4.469215e-20
1995.9        	4.468207e-20
1995.95       	4.467199e-20
1996          	4.466191e-20
1996.05       	4.465183e-20
1996.1        	4.464176e-20
1996.15       	4.463169e-20
1996.2        	4.462162e-20
1996.25       	4.461155e-20
1996.3        	4.460149e-20
1996.35       	4.459142e-20
1996.4        	4.458136e-20
1996.45       	4.457130e-20
1996.5        	4.456125e-20
1996.55       	4.455120e-20
1996.6        	4.454114e-20
1996.65       	4.453110e-20
1996.7        	4.452105e-20
1996.75       	4.451100e-20
1996.8        	4.450096e-20
1996.85       	4.449092e-20
1996.9        	4.448089e-20
1996.95       	4.447085e-20
1997          	4.446082e-20
1997.05       	4.445079e-20
1997.1        	4.444076e-20
1997.15       	4.443073e-20
1997.2        	4.442071e-20
1997.25       	4.441069e-20
1997.3        	4.440067e-20
1997.35       	4.439065e-20
1997.4        	4.438064e-20
1997.45       	4.437062e-20
1997.5        	4.436061e-20
1997.55       	4.435061e-20
1997.6        	4.434060e-20
1997.65       	4.433060e-20
1997.7        	4.432060e-20
1997.75       	4.431060e-20
1997.8        	4.430060e-20
1997.85       	4.429061e-20
1997.9        	4.428062e-20
1997.95       	4.427063e-20
1998          	4.426064e-20
1998.05       	4.425066e-20
1998.1        	4.424067e-20
1998.15       	4.423069e-20
1998.2        	4.422071e-20
1998.25       	4.421074e-20
1998.3        	4.420076e-20
1998.35       	4.419079e-20
1998.4        	4.418082e-20
1998.45       	4.417086e-20
1998.5        	4.416089e-20
1998.55       	4.415093e-20
1998.6        	4.414097e-20
1998.65       	4.413101e-20
1998.7        	4.412106e-20
1998.75       	4.411111e-20
1998.8        	4.410115e-20
1998.85       	4.409121e-20
1998.9        	4.408126e-20
1998.95       	4.407132e-20
1999          	4.406137e-20
1999.05       	4.405143e-20
1999.1        	4.404150e-20
1999.15       	4.403156e-20
1999.2        	4.402163e-20
1999.25       	4.401170e-20
1999.3        	4.400177e-20
1999.35       	4.399185e-20
1999.4        	4.398192e-20
1999.45       	4.397200e-20
1999.5        	4.396208e-20
1999.55       	4.395216e-20
1999.6        	4.394225e-20
1999.65       	4.393234e-20
1999.7        	4.392243e-20
1999.75       	4.391252e-20
1999.8        	4.390261e-20
1999.85       	4.389271e-20
1999.9        	4.388281e-20
1999.95       	4.387291e-20
2000          	4.386302e-20
