# Region type : patch outlet
# Faces  :    96
# Area   :    9.230917e-08
# Time        	areaIntegrate(phi)
0             	2.840395e-17
0.05          	2.840395e-17
0.1           	2.840395e-17
0.15          	2.840395e-17
0.2           	2.840395e-17
0.25          	2.840395e-17
0.3           	2.840395e-17
0.35          	2.840395e-17
0.4           	2.840395e-17
0.45          	2.840395e-17
0.5           	2.840395e-17
0.55          	2.840395e-17
0.6           	2.840395e-17
0.65          	2.840395e-17
0.7           	2.840395e-17
0.75          	2.840395e-17
0.8           	2.840395e-17
0.85          	2.840395e-17
0.9           	2.840395e-17
0.95          	2.840395e-17
1             	2.840395e-17
1.05          	2.840395e-17
1.1           	2.840395e-17
1.15          	2.840395e-17
1.2           	2.840395e-17
1.25          	2.840395e-17
1.3           	2.840395e-17
1.35          	2.840395e-17
1.4           	2.840395e-17
1.45          	2.840395e-17
1.5           	2.840395e-17
1.55          	2.840395e-17
1.6           	2.840395e-17
1.65          	2.840395e-17
1.7           	2.840395e-17
1.75          	2.840395e-17
1.8           	2.840395e-17
1.85          	2.840395e-17
1.9           	2.840395e-17
1.95          	2.840395e-17
2             	2.840395e-17
2.05          	2.840395e-17
2.1           	2.840395e-17
2.15          	2.840395e-17
2.2           	2.840395e-17
2.25          	2.840395e-17
2.3           	2.840395e-17
2.35          	2.840395e-17
2.4           	2.840395e-17
2.45          	2.840395e-17
2.5           	2.840395e-17
2.55          	2.840395e-17
2.6           	2.840395e-17
2.65          	2.840395e-17
2.7           	2.840395e-17
2.75          	2.840395e-17
2.8           	2.840395e-17
2.85          	2.840395e-17
2.9           	2.840395e-17
2.95          	2.840395e-17
3             	2.840395e-17
3.05          	2.840395e-17
3.1           	2.840395e-17
3.15          	2.840395e-17
3.2           	2.840395e-17
3.25          	2.840395e-17
3.3           	2.840395e-17
3.35          	2.840395e-17
3.4           	2.840395e-17
3.45          	2.840395e-17
3.5           	2.840395e-17
3.55          	2.840395e-17
3.6           	2.840395e-17
3.65          	2.840395e-17
3.7           	2.840395e-17
3.75          	2.840395e-17
3.8           	2.840395e-17
3.85          	2.840395e-17
3.9           	2.840395e-17
3.95          	2.840395e-17
4             	2.840395e-17
4.05          	2.840395e-17
4.1           	2.840395e-17
4.15          	2.840395e-17
4.2           	2.840395e-17
4.25          	2.840395e-17
4.3           	2.840395e-17
4.35          	2.840395e-17
4.4           	2.840395e-17
4.45          	2.840395e-17
4.5           	2.840395e-17
4.55          	2.840395e-17
4.6           	2.840395e-17
4.65          	2.840395e-17
4.7           	2.840395e-17
4.75          	2.840395e-17
4.8           	2.840395e-17
4.85          	2.840395e-17
4.9           	2.840395e-17
4.95          	2.840395e-17
5             	2.840395e-17
5.05          	2.840395e-17
5.1           	2.840395e-17
5.15          	2.840395e-17
5.2           	2.840395e-17
5.25          	2.840395e-17
5.3           	2.840395e-17
5.35          	2.840395e-17
5.4           	2.840395e-17
5.45          	2.840395e-17
5.5           	2.840395e-17
5.55          	2.840395e-17
5.6           	2.840395e-17
5.65          	2.840395e-17
5.7           	2.840395e-17
5.75          	2.840395e-17
5.8           	2.840395e-17
5.85          	2.840395e-17
5.9           	2.840395e-17
5.95          	2.840395e-17
6             	2.840395e-17
6.05          	2.840395e-17
6.1           	2.840395e-17
6.15          	2.840395e-17
6.2           	2.840395e-17
6.25          	2.840395e-17
6.3           	2.840395e-17
6.35          	2.840395e-17
6.4           	2.840395e-17
6.45          	2.840395e-17
6.5           	2.840395e-17
6.55          	2.840395e-17
6.6           	2.840395e-17
6.65          	2.840395e-17
6.7           	2.840395e-17
6.75          	2.840395e-17
6.8           	2.840395e-17
6.85          	2.840395e-17
6.9           	2.840395e-17
6.95          	2.840395e-17
7             	2.840395e-17
7.05          	2.840395e-17
7.1           	2.840395e-17
7.15          	2.840395e-17
7.2           	2.840395e-17
7.25          	2.840395e-17
7.3           	2.840395e-17
7.35          	2.840395e-17
7.4           	2.840395e-17
7.45          	2.840395e-17
7.5           	2.840395e-17
7.55          	2.840395e-17
7.6           	2.840395e-17
7.65          	2.840395e-17
7.7           	2.840395e-17
7.75          	2.840395e-17
7.8           	2.840395e-17
7.85          	2.840395e-17
7.9           	2.840395e-17
7.95          	2.840395e-17
8             	2.840395e-17
8.05          	2.840395e-17
8.1           	2.840395e-17
8.15          	2.840395e-17
8.2           	2.840395e-17
8.25          	2.840395e-17
8.3           	2.840395e-17
8.35          	2.840395e-17
8.4           	2.840395e-17
8.45          	2.840395e-17
8.5           	2.840395e-17
8.55          	2.840395e-17
8.6           	2.840395e-17
8.65          	2.840395e-17
8.7           	2.840395e-17
8.75          	2.840395e-17
8.8           	2.840395e-17
8.85          	2.840395e-17
8.9           	2.840395e-17
8.95          	2.840395e-17
9             	2.840395e-17
9.05          	2.840395e-17
9.1           	2.840395e-17
9.15          	2.840395e-17
9.2           	2.840395e-17
9.25          	2.840395e-17
9.3           	2.840395e-17
9.35          	2.840395e-17
9.4           	2.840395e-17
9.45          	2.840395e-17
9.5           	2.840395e-17
9.55          	2.840395e-17
9.6           	2.840395e-17
9.65          	2.840395e-17
9.7           	2.840395e-17
9.75          	2.840395e-17
9.8           	2.840395e-17
9.85          	2.840395e-17
9.9           	2.840395e-17
9.95          	2.840395e-17
10            	2.840395e-17
10.05         	2.840395e-17
10.1          	2.840395e-17
10.15         	2.840395e-17
10.2          	2.840395e-17
10.25         	2.840395e-17
10.3          	2.840395e-17
10.35         	2.840395e-17
10.4          	2.840395e-17
10.45         	2.840395e-17
10.5          	2.840395e-17
10.55         	2.840395e-17
10.6          	2.840395e-17
10.65         	2.840395e-17
10.7          	2.840395e-17
10.75         	2.840395e-17
10.8          	2.840395e-17
10.85         	2.840395e-17
10.9          	2.840395e-17
10.95         	2.840395e-17
11            	2.840395e-17
11.05         	2.840395e-17
11.1          	2.840395e-17
11.15         	2.840395e-17
11.2          	2.840395e-17
11.25         	2.840395e-17
11.3          	2.840395e-17
11.35         	2.840395e-17
11.4          	2.840395e-17
11.45         	2.840395e-17
11.5          	2.840395e-17
11.55         	2.840395e-17
11.6          	2.840395e-17
11.65         	2.840395e-17
11.7          	2.840395e-17
11.75         	2.840395e-17
11.8          	2.840395e-17
11.85         	2.840395e-17
11.9          	2.840395e-17
11.95         	2.840395e-17
12            	2.840395e-17
12.05         	2.840395e-17
12.1          	2.840395e-17
12.15         	2.840395e-17
12.2          	2.840395e-17
12.25         	2.840395e-17
12.3          	2.840395e-17
12.35         	2.840395e-17
12.4          	2.840395e-17
12.45         	2.840395e-17
12.5          	2.840395e-17
12.55         	2.840395e-17
12.6          	2.840395e-17
12.65         	2.840395e-17
12.7          	2.840395e-17
12.75         	2.840395e-17
12.8          	2.840395e-17
12.85         	2.840395e-17
12.9          	2.840395e-17
12.95         	2.840395e-17
13            	2.840395e-17
13.05         	2.840395e-17
13.1          	2.840395e-17
13.15         	2.840395e-17
13.2          	2.840395e-17
13.25         	2.840395e-17
13.3          	2.840395e-17
13.35         	2.840395e-17
13.4          	2.840395e-17
13.45         	2.840395e-17
13.5          	2.840395e-17
13.55         	2.840395e-17
13.6          	2.840395e-17
13.65         	2.840395e-17
13.7          	2.840395e-17
13.75         	2.840395e-17
13.8          	2.840395e-17
13.85         	2.840395e-17
13.9          	2.840395e-17
13.95         	2.840395e-17
14            	2.840395e-17
14.05         	2.840395e-17
14.1          	2.840395e-17
14.15         	2.840395e-17
14.2          	2.840395e-17
14.25         	2.840395e-17
14.3          	2.840395e-17
14.35         	2.840395e-17
14.4          	2.840395e-17
14.45         	2.840395e-17
14.5          	2.840395e-17
14.55         	2.840395e-17
14.6          	2.840395e-17
14.65         	2.840395e-17
14.7          	2.840395e-17
14.75         	2.840395e-17
14.8          	2.840395e-17
14.85         	2.840395e-17
14.9          	2.840395e-17
14.95         	2.840395e-17
15            	2.840395e-17
15.05         	2.840395e-17
15.1          	2.840395e-17
15.15         	2.840395e-17
15.2          	2.840395e-17
15.25         	2.840395e-17
15.3          	2.840395e-17
15.35         	2.840395e-17
15.4          	2.840395e-17
15.45         	2.840395e-17
15.5          	2.840395e-17
15.55         	2.840395e-17
15.6          	2.840395e-17
15.65         	2.840395e-17
15.7          	2.840395e-17
15.75         	2.840395e-17
15.8          	2.840395e-17
15.85         	2.840395e-17
15.9          	2.840395e-17
15.95         	2.840395e-17
16            	2.840395e-17
16.05         	2.840395e-17
16.1          	2.840395e-17
16.15         	2.840395e-17
16.2          	2.840395e-17
16.25         	2.840395e-17
16.3          	2.840395e-17
16.35         	2.840395e-17
16.4          	2.840395e-17
16.45         	2.840395e-17
16.5          	2.840395e-17
16.55         	2.840395e-17
16.6          	2.840395e-17
16.65         	2.840395e-17
16.7          	2.840395e-17
16.75         	2.840395e-17
16.8          	2.840395e-17
16.85         	2.840395e-17
16.9          	2.840395e-17
16.95         	2.840395e-17
17            	2.840395e-17
17.05         	2.840395e-17
17.1          	2.840395e-17
17.15         	2.840395e-17
17.2          	2.840395e-17
17.25         	2.840395e-17
17.3          	2.840395e-17
17.35         	2.840395e-17
17.4          	2.840395e-17
17.45         	2.840395e-17
17.5          	2.840395e-17
17.55         	2.840395e-17
17.6          	2.840395e-17
17.65         	2.840395e-17
17.7          	2.840395e-17
17.75         	2.840395e-17
17.8          	2.840395e-17
17.85         	2.840395e-17
17.9          	2.840395e-17
17.95         	2.840395e-17
18            	2.840395e-17
18.05         	2.840395e-17
18.1          	2.840395e-17
18.15         	2.840395e-17
18.2          	2.840395e-17
18.25         	2.840395e-17
18.3          	2.840395e-17
18.35         	2.840395e-17
18.4          	2.840395e-17
18.45         	2.840395e-17
18.5          	2.840395e-17
18.55         	2.840395e-17
18.6          	2.840395e-17
18.65         	2.840395e-17
18.7          	2.840395e-17
18.75         	2.840395e-17
18.8          	2.840395e-17
18.85         	2.840395e-17
18.9          	2.840395e-17
18.95         	2.840395e-17
19            	2.840395e-17
19.05         	2.840395e-17
19.1          	2.840395e-17
19.15         	2.840395e-17
19.2          	2.840395e-17
19.25         	2.840395e-17
19.3          	2.840395e-17
19.35         	2.840395e-17
19.4          	2.840395e-17
19.45         	2.840395e-17
19.5          	2.840395e-17
19.55         	2.840395e-17
19.6          	2.840395e-17
19.65         	2.840395e-17
19.7          	2.840395e-17
19.75         	2.840395e-17
19.8          	2.840395e-17
19.85         	2.840395e-17
19.9          	2.840395e-17
19.95         	2.840395e-17
20            	2.840395e-17
20.05         	2.840395e-17
20.1          	2.840395e-17
20.15         	2.840395e-17
20.2          	2.840395e-17
20.25         	2.840395e-17
20.3          	2.840395e-17
20.35         	2.840395e-17
20.4          	2.840395e-17
20.45         	2.840395e-17
20.5          	2.840395e-17
20.55         	2.840395e-17
20.6          	2.840395e-17
20.65         	2.840395e-17
20.7          	2.840395e-17
20.75         	2.840395e-17
20.8          	2.840395e-17
20.85         	2.840395e-17
20.9          	2.840395e-17
20.95         	2.840395e-17
21            	2.840395e-17
21.05         	2.840395e-17
21.1          	2.840395e-17
21.15         	2.840395e-17
21.2          	2.840395e-17
21.25         	2.840395e-17
21.3          	2.840395e-17
21.35         	2.840395e-17
21.4          	2.840395e-17
21.45         	2.840395e-17
21.5          	2.840395e-17
21.55         	2.840395e-17
21.6          	2.840395e-17
21.65         	2.840395e-17
21.7          	2.840395e-17
21.75         	2.840395e-17
21.8          	2.840395e-17
21.85         	2.840395e-17
21.9          	2.840395e-17
21.95         	2.840395e-17
22            	2.840395e-17
22.05         	2.840395e-17
22.1          	2.840395e-17
22.15         	2.840395e-17
22.2          	2.840395e-17
22.25         	2.840395e-17
22.3          	2.840395e-17
22.35         	2.840395e-17
22.4          	2.840395e-17
22.45         	2.840395e-17
22.5          	2.840395e-17
22.55         	2.840395e-17
22.6          	2.840395e-17
22.65         	2.840395e-17
22.7          	2.840395e-17
22.75         	2.840395e-17
22.8          	2.840395e-17
22.85         	2.840395e-17
22.9          	2.840395e-17
22.95         	2.840395e-17
23            	2.840395e-17
23.05         	2.840395e-17
23.1          	2.840395e-17
23.15         	2.840395e-17
23.2          	2.840395e-17
23.25         	2.840395e-17
23.3          	2.840395e-17
23.35         	2.840395e-17
23.4          	2.840395e-17
23.45         	2.840395e-17
23.5          	2.840395e-17
23.55         	2.840395e-17
23.6          	2.840395e-17
23.65         	2.840395e-17
23.7          	2.840395e-17
23.75         	2.840395e-17
23.8          	2.840395e-17
23.85         	2.840395e-17
23.9          	2.840395e-17
23.95         	2.840395e-17
24            	2.840395e-17
24.05         	2.840395e-17
24.1          	2.840395e-17
24.15         	2.840395e-17
24.2          	2.840395e-17
24.25         	2.840395e-17
24.3          	2.840395e-17
24.35         	2.840395e-17
24.4          	2.840395e-17
24.45         	2.840395e-17
24.5          	2.840395e-17
24.55         	2.840395e-17
24.6          	2.840395e-17
24.65         	2.840395e-17
24.7          	2.840395e-17
24.75         	2.840395e-17
24.8          	2.840395e-17
24.85         	2.840395e-17
24.9          	2.840395e-17
24.95         	2.840395e-17
25            	2.840395e-17
25.05         	2.840395e-17
25.1          	2.840395e-17
25.15         	2.840395e-17
25.2          	2.840395e-17
25.25         	2.840395e-17
25.3          	2.840395e-17
25.35         	2.840395e-17
25.4          	2.840395e-17
25.45         	2.840395e-17
25.5          	2.840395e-17
25.55         	2.840395e-17
25.6          	2.840395e-17
25.65         	2.840395e-17
25.7          	2.840395e-17
25.75         	2.840395e-17
25.8          	2.840395e-17
25.85         	2.840395e-17
25.9          	2.840395e-17
25.95         	2.840395e-17
26            	2.840395e-17
26.05         	2.840395e-17
26.1          	2.840395e-17
26.15         	2.840395e-17
26.2          	2.840395e-17
26.25         	2.840395e-17
26.3          	2.840395e-17
26.35         	2.840395e-17
26.4          	2.840395e-17
26.45         	2.840395e-17
26.5          	2.840395e-17
26.55         	2.840395e-17
26.6          	2.840395e-17
26.65         	2.840395e-17
26.7          	2.840395e-17
26.75         	2.840395e-17
26.8          	2.840395e-17
26.85         	2.840395e-17
26.9          	2.840395e-17
26.95         	2.840395e-17
27            	2.840395e-17
27.05         	2.840395e-17
27.1          	2.840395e-17
27.15         	2.840395e-17
27.2          	2.840395e-17
27.25         	2.840395e-17
27.3          	2.840395e-17
27.35         	2.840395e-17
27.4          	2.840395e-17
27.45         	2.840395e-17
27.5          	2.840395e-17
27.55         	2.840395e-17
27.6          	2.840395e-17
27.65         	2.840395e-17
27.7          	2.840395e-17
27.75         	2.840395e-17
27.8          	2.840395e-17
27.85         	2.840395e-17
27.9          	2.840395e-17
27.95         	2.840395e-17
28            	2.840395e-17
28.05         	2.840395e-17
28.1          	2.840395e-17
28.15         	2.840395e-17
28.2          	2.840395e-17
28.25         	2.840395e-17
28.3          	2.840395e-17
28.35         	2.840395e-17
28.4          	2.840395e-17
28.45         	2.840395e-17
28.5          	2.840395e-17
28.55         	2.840395e-17
28.6          	2.840395e-17
28.65         	2.840395e-17
28.7          	2.840395e-17
28.75         	2.840395e-17
28.8          	2.840395e-17
28.85         	2.840395e-17
28.9          	2.840395e-17
28.95         	2.840395e-17
29            	2.840395e-17
29.05         	2.840395e-17
29.1          	2.840395e-17
29.15         	2.840395e-17
29.2          	2.840395e-17
29.25         	2.840395e-17
29.3          	2.840395e-17
29.35         	2.840395e-17
29.4          	2.840395e-17
29.45         	2.840395e-17
29.5          	2.840395e-17
29.55         	2.840395e-17
29.6          	2.840395e-17
29.65         	2.840395e-17
29.7          	2.840395e-17
29.75         	2.840395e-17
29.8          	2.840395e-17
29.85         	2.840395e-17
29.9          	2.840395e-17
29.95         	2.840395e-17
30            	2.840395e-17
30.05         	2.840395e-17
30.1          	2.840395e-17
30.15         	2.840395e-17
30.2          	2.840395e-17
30.25         	2.840395e-17
30.3          	2.840395e-17
30.35         	2.840395e-17
30.4          	2.840395e-17
30.45         	2.840395e-17
30.5          	2.840395e-17
30.55         	2.840395e-17
30.6          	2.840395e-17
30.65         	2.840395e-17
30.7          	2.840395e-17
30.75         	2.840395e-17
30.8          	2.840395e-17
30.85         	2.840395e-17
30.9          	2.840395e-17
30.95         	2.840395e-17
31            	2.840395e-17
31.05         	2.840395e-17
31.1          	2.840395e-17
31.15         	2.840395e-17
31.2          	2.840395e-17
31.25         	2.840395e-17
31.3          	2.840395e-17
31.35         	2.840395e-17
31.4          	2.840395e-17
31.45         	2.840395e-17
31.5          	2.840395e-17
31.55         	2.840395e-17
31.6          	2.840395e-17
31.65         	2.840395e-17
31.7          	2.840395e-17
31.75         	2.840395e-17
31.8          	2.840395e-17
31.85         	2.840395e-17
31.9          	2.840395e-17
31.95         	2.840395e-17
32            	2.840395e-17
32.05         	2.840395e-17
32.1          	2.840395e-17
32.15         	2.840395e-17
32.2          	2.840395e-17
32.25         	2.840395e-17
32.3          	2.840395e-17
32.35         	2.840395e-17
32.4          	2.840395e-17
32.45         	2.840395e-17
32.5          	2.840395e-17
32.55         	2.840395e-17
32.6          	2.840395e-17
32.65         	2.840395e-17
32.7          	2.840395e-17
32.75         	2.840395e-17
32.8          	2.840395e-17
32.85         	2.840395e-17
32.9          	2.840395e-17
32.95         	2.840395e-17
33            	2.840395e-17
33.05         	2.840395e-17
33.1          	2.840395e-17
33.15         	2.840395e-17
33.2          	2.840395e-17
33.25         	2.840395e-17
33.3          	2.840395e-17
33.35         	2.840395e-17
33.4          	2.840395e-17
33.45         	2.840395e-17
33.5          	2.840395e-17
33.55         	2.840395e-17
33.6          	2.840395e-17
33.65         	2.840395e-17
33.7          	2.840395e-17
33.75         	2.840395e-17
33.8          	2.840395e-17
33.85         	2.840395e-17
33.9          	2.840395e-17
33.95         	2.840395e-17
34            	2.840395e-17
34.05         	2.840395e-17
34.1          	2.840395e-17
34.15         	2.840395e-17
34.2          	2.840395e-17
34.25         	2.840395e-17
34.3          	2.840395e-17
34.35         	2.840395e-17
34.4          	2.840395e-17
34.45         	2.840395e-17
34.5          	2.840395e-17
34.55         	2.840395e-17
34.6          	2.840395e-17
34.65         	2.840395e-17
34.7          	2.840395e-17
34.75         	2.840395e-17
34.8          	2.840395e-17
34.85         	2.840395e-17
34.9          	2.840395e-17
34.95         	2.840395e-17
35            	2.840395e-17
35.05         	2.840395e-17
35.1          	2.840395e-17
35.15         	2.840395e-17
35.2          	2.840395e-17
35.25         	2.840395e-17
35.3          	2.840395e-17
35.35         	2.840395e-17
35.4          	2.840395e-17
35.45         	2.840395e-17
35.5          	2.840395e-17
35.55         	2.840395e-17
35.6          	2.840395e-17
35.65         	2.840395e-17
35.7          	2.840395e-17
35.75         	2.840395e-17
35.8          	2.840395e-17
35.85         	2.840395e-17
35.9          	2.840395e-17
35.95         	2.840395e-17
36            	2.840395e-17
36.05         	2.840395e-17
36.1          	2.840395e-17
36.15         	2.840395e-17
36.2          	2.840395e-17
36.25         	2.840395e-17
36.3          	2.840395e-17
36.35         	2.840395e-17
36.4          	2.840395e-17
36.45         	2.840395e-17
36.5          	2.840395e-17
36.55         	2.840395e-17
36.6          	2.840395e-17
36.65         	2.840395e-17
36.7          	2.840395e-17
36.75         	2.840395e-17
36.8          	2.840395e-17
36.85         	2.840395e-17
36.9          	2.840395e-17
36.95         	2.840395e-17
37            	2.840395e-17
37.05         	2.840395e-17
37.1          	2.840395e-17
37.15         	2.840395e-17
37.2          	2.840395e-17
37.25         	2.840395e-17
37.3          	2.840395e-17
37.35         	2.840395e-17
37.4          	2.840395e-17
37.45         	2.840395e-17
37.5          	2.840395e-17
37.55         	2.840395e-17
37.6          	2.840395e-17
37.65         	2.840395e-17
37.7          	2.840395e-17
37.75         	2.840395e-17
37.8          	2.840395e-17
37.85         	2.840395e-17
37.9          	2.840395e-17
37.95         	2.840395e-17
38            	2.840395e-17
38.05         	2.840395e-17
38.1          	2.840395e-17
38.15         	2.840395e-17
38.2          	2.840395e-17
38.25         	2.840395e-17
38.3          	2.840395e-17
38.35         	2.840395e-17
38.4          	2.840395e-17
38.45         	2.840395e-17
38.5          	2.840395e-17
38.55         	2.840395e-17
38.6          	2.840395e-17
38.65         	2.840395e-17
38.7          	2.840395e-17
38.75         	2.840395e-17
38.8          	2.840395e-17
38.85         	2.840395e-17
38.9          	2.840395e-17
38.95         	2.840395e-17
39            	2.840395e-17
39.05         	2.840395e-17
39.1          	2.840395e-17
39.15         	2.840395e-17
39.2          	2.840395e-17
39.25         	2.840395e-17
39.3          	2.840395e-17
39.35         	2.840395e-17
39.4          	2.840395e-17
39.45         	2.840395e-17
39.5          	2.840395e-17
39.55         	2.840395e-17
39.6          	2.840395e-17
39.65         	2.840395e-17
39.7          	2.840395e-17
39.75         	2.840395e-17
39.8          	2.840395e-17
39.85         	2.840395e-17
39.9          	2.840395e-17
39.95         	2.840395e-17
40            	2.840395e-17
40.05         	2.840395e-17
40.1          	2.840395e-17
40.15         	2.840395e-17
40.2          	2.840395e-17
40.25         	2.840395e-17
40.3          	2.840395e-17
40.35         	2.840395e-17
40.4          	2.840395e-17
40.45         	2.840395e-17
40.5          	2.840395e-17
40.55         	2.840395e-17
40.6          	2.840395e-17
40.65         	2.840395e-17
40.7          	2.840395e-17
40.75         	2.840395e-17
40.8          	2.840395e-17
40.85         	2.840395e-17
40.9          	2.840395e-17
40.95         	2.840395e-17
41            	2.840395e-17
41.05         	2.840395e-17
41.1          	2.840395e-17
41.15         	2.840395e-17
41.2          	2.840395e-17
41.25         	2.840395e-17
41.3          	2.840395e-17
41.35         	2.840395e-17
41.4          	2.840395e-17
41.45         	2.840395e-17
41.5          	2.840395e-17
41.55         	2.840395e-17
41.6          	2.840395e-17
41.65         	2.840395e-17
41.7          	2.840395e-17
41.75         	2.840395e-17
41.8          	2.840395e-17
41.85         	2.840395e-17
41.9          	2.840395e-17
41.95         	2.840395e-17
42            	2.840395e-17
42.05         	2.840395e-17
42.1          	2.840395e-17
42.15         	2.840395e-17
42.2          	2.840395e-17
42.25         	2.840395e-17
42.3          	2.840395e-17
42.35         	2.840395e-17
42.4          	2.840395e-17
42.45         	2.840395e-17
42.5          	2.840395e-17
42.55         	2.840395e-17
42.6          	2.840395e-17
42.65         	2.840395e-17
42.7          	2.840395e-17
42.75         	2.840395e-17
42.8          	2.840395e-17
42.85         	2.840395e-17
42.9          	2.840395e-17
42.95         	2.840395e-17
43            	2.840395e-17
43.05         	2.840395e-17
43.1          	2.840395e-17
43.15         	2.840395e-17
43.2          	2.840395e-17
43.25         	2.840395e-17
43.3          	2.840395e-17
43.35         	2.840395e-17
43.4          	2.840395e-17
43.45         	2.840395e-17
43.5          	2.840395e-17
43.55         	2.840395e-17
43.6          	2.840395e-17
43.65         	2.840395e-17
43.7          	2.840395e-17
43.75         	2.840395e-17
43.8          	2.840395e-17
43.85         	2.840395e-17
43.9          	2.840395e-17
43.95         	2.840395e-17
44            	2.840395e-17
44.05         	2.840395e-17
44.1          	2.840395e-17
44.15         	2.840395e-17
44.2          	2.840395e-17
44.25         	2.840395e-17
44.3          	2.840395e-17
44.35         	2.840395e-17
44.4          	2.840395e-17
44.45         	2.840395e-17
44.5          	2.840395e-17
44.55         	2.840395e-17
44.6          	2.840395e-17
44.65         	2.840395e-17
44.7          	2.840395e-17
44.75         	2.840395e-17
44.8          	2.840395e-17
44.85         	2.840395e-17
44.9          	2.840395e-17
44.95         	2.840395e-17
45            	2.840395e-17
45.05         	2.840395e-17
45.1          	2.840395e-17
45.15         	2.840395e-17
45.2          	2.840395e-17
45.25         	2.840395e-17
45.3          	2.840395e-17
45.35         	2.840395e-17
45.4          	2.840395e-17
45.45         	2.840395e-17
45.5          	2.840395e-17
45.55         	2.840395e-17
45.6          	2.840395e-17
45.65         	2.840395e-17
45.7          	2.840395e-17
45.75         	2.840395e-17
45.8          	2.840395e-17
45.85         	2.840395e-17
45.9          	2.840395e-17
45.95         	2.840395e-17
46            	2.840395e-17
46.05         	2.840395e-17
46.1          	2.840395e-17
46.15         	2.840395e-17
46.2          	2.840395e-17
46.25         	2.840395e-17
46.3          	2.840395e-17
46.35         	2.840395e-17
46.4          	2.840395e-17
46.45         	2.840395e-17
46.5          	2.840395e-17
46.55         	2.840395e-17
46.6          	2.840395e-17
46.65         	2.840395e-17
46.7          	2.840395e-17
46.75         	2.840395e-17
46.8          	2.840395e-17
46.85         	2.840395e-17
46.9          	2.840395e-17
46.95         	2.840395e-17
47            	2.840395e-17
47.05         	2.840395e-17
47.1          	2.840395e-17
47.15         	2.840395e-17
47.2          	2.840395e-17
47.25         	2.840395e-17
47.3          	2.840395e-17
47.35         	2.840395e-17
47.4          	2.840395e-17
47.45         	2.840395e-17
47.5          	2.840395e-17
47.55         	2.840395e-17
47.6          	2.840395e-17
47.65         	2.840395e-17
47.7          	2.840395e-17
47.75         	2.840395e-17
47.8          	2.840395e-17
47.85         	2.840395e-17
47.9          	2.840395e-17
47.95         	2.840395e-17
48            	2.840395e-17
48.05         	2.840395e-17
48.1          	2.840395e-17
48.15         	2.840395e-17
48.2          	2.840395e-17
48.25         	2.840395e-17
48.3          	2.840395e-17
48.35         	2.840395e-17
48.4          	2.840395e-17
48.45         	2.840395e-17
48.5          	2.840395e-17
48.55         	2.840395e-17
48.6          	2.840395e-17
48.65         	2.840395e-17
48.7          	2.840395e-17
48.75         	2.840395e-17
48.8          	2.840395e-17
48.85         	2.840395e-17
48.9          	2.840395e-17
48.95         	2.840395e-17
49            	2.840395e-17
49.05         	2.840395e-17
49.1          	2.840395e-17
49.15         	2.840395e-17
49.2          	2.840395e-17
49.25         	2.840395e-17
49.3          	2.840395e-17
49.35         	2.840395e-17
49.4          	2.840395e-17
49.45         	2.840395e-17
49.5          	2.840395e-17
49.55         	2.840395e-17
49.6          	2.840395e-17
49.65         	2.840395e-17
49.7          	2.840395e-17
49.75         	2.840395e-17
49.8          	2.840395e-17
49.85         	2.840395e-17
49.9          	2.840395e-17
49.95         	2.840395e-17
50            	2.840395e-17
50.05         	2.840395e-17
50.1          	2.840395e-17
50.15         	2.840395e-17
50.2          	2.840395e-17
50.25         	2.840395e-17
50.3          	2.840395e-17
50.35         	2.840395e-17
50.4          	2.840395e-17
50.45         	2.840395e-17
50.5          	2.840395e-17
50.55         	2.840395e-17
50.6          	2.840395e-17
50.65         	2.840395e-17
50.7          	2.840395e-17
50.75         	2.840395e-17
50.8          	2.840395e-17
50.85         	2.840395e-17
50.9          	2.840395e-17
50.95         	2.840395e-17
51            	2.840395e-17
51.05         	2.840395e-17
51.1          	2.840395e-17
51.15         	2.840395e-17
51.2          	2.840395e-17
51.25         	2.840395e-17
51.3          	2.840395e-17
51.35         	2.840395e-17
51.4          	2.840395e-17
51.45         	2.840395e-17
51.5          	2.840395e-17
51.55         	2.840395e-17
51.6          	2.840395e-17
51.65         	2.840395e-17
51.7          	2.840395e-17
51.75         	2.840395e-17
51.8          	2.840395e-17
51.85         	2.840395e-17
51.9          	2.840395e-17
51.95         	2.840395e-17
52            	2.840395e-17
52.05         	2.840395e-17
52.1          	2.840395e-17
52.15         	2.840395e-17
52.2          	2.840395e-17
52.25         	2.840395e-17
52.3          	2.840395e-17
52.35         	2.840395e-17
52.4          	2.840395e-17
52.45         	2.840395e-17
52.5          	2.840395e-17
52.55         	2.840395e-17
52.6          	2.840395e-17
52.65         	2.840395e-17
52.7          	2.840395e-17
52.75         	2.840395e-17
52.8          	2.840395e-17
52.85         	2.840395e-17
52.9          	2.840395e-17
52.95         	2.840395e-17
53            	2.840395e-17
53.05         	2.840395e-17
53.1          	2.840395e-17
53.15         	2.840395e-17
53.2          	2.840395e-17
53.25         	2.840395e-17
53.3          	2.840395e-17
53.35         	2.840395e-17
53.4          	2.840395e-17
53.45         	2.840395e-17
53.5          	2.840395e-17
53.55         	2.840395e-17
53.6          	2.840395e-17
53.65         	2.840395e-17
53.7          	2.840395e-17
53.75         	2.840395e-17
53.8          	2.840395e-17
53.85         	2.840395e-17
53.9          	2.840395e-17
53.95         	2.840395e-17
54            	2.840395e-17
54.05         	2.840395e-17
54.1          	2.840395e-17
54.15         	2.840395e-17
54.2          	2.840395e-17
54.25         	2.840395e-17
54.3          	2.840395e-17
54.35         	2.840395e-17
54.4          	2.840395e-17
54.45         	2.840395e-17
54.5          	2.840395e-17
54.55         	2.840395e-17
54.6          	2.840395e-17
54.65         	2.840395e-17
54.7          	2.840395e-17
54.75         	2.840395e-17
54.8          	2.840395e-17
54.85         	2.840395e-17
54.9          	2.840395e-17
54.95         	2.840395e-17
55            	2.840395e-17
55.05         	2.840395e-17
55.1          	2.840395e-17
55.15         	2.840395e-17
55.2          	2.840395e-17
55.25         	2.840395e-17
55.3          	2.840395e-17
55.35         	2.840395e-17
55.4          	2.840395e-17
55.45         	2.840395e-17
55.5          	2.840395e-17
55.55         	2.840395e-17
55.6          	2.840395e-17
55.65         	2.840395e-17
55.7          	2.840395e-17
55.75         	2.840395e-17
55.8          	2.840395e-17
55.85         	2.840395e-17
55.9          	2.840395e-17
55.95         	2.840395e-17
56            	2.840395e-17
56.05         	2.840395e-17
56.1          	2.840395e-17
56.15         	2.840395e-17
56.2          	2.840395e-17
56.25         	2.840395e-17
56.3          	2.840395e-17
56.35         	2.840395e-17
56.4          	2.840395e-17
56.45         	2.840395e-17
56.5          	2.840395e-17
56.55         	2.840395e-17
56.6          	2.840395e-17
56.65         	2.840395e-17
56.7          	2.840395e-17
56.75         	2.840395e-17
56.8          	2.840395e-17
56.85         	2.840395e-17
56.9          	2.840395e-17
56.95         	2.840395e-17
57            	2.840395e-17
57.05         	2.840395e-17
57.1          	2.840395e-17
57.15         	2.840395e-17
57.2          	2.840395e-17
57.25         	2.840395e-17
57.3          	2.840395e-17
57.35         	2.840395e-17
57.4          	2.840395e-17
57.45         	2.840395e-17
57.5          	2.840395e-17
57.55         	2.840395e-17
57.6          	2.840395e-17
57.65         	2.840395e-17
57.7          	2.840395e-17
57.75         	2.840395e-17
57.8          	2.840395e-17
57.85         	2.840395e-17
57.9          	2.840395e-17
57.95         	2.840395e-17
58            	2.840395e-17
58.05         	2.840395e-17
58.1          	2.840395e-17
58.15         	2.840395e-17
58.2          	2.840395e-17
58.25         	2.840395e-17
58.3          	2.840395e-17
58.35         	2.840395e-17
58.4          	2.840395e-17
58.45         	2.840395e-17
58.5          	2.840395e-17
58.55         	2.840395e-17
58.6          	2.840395e-17
58.65         	2.840395e-17
58.7          	2.840395e-17
58.75         	2.840395e-17
58.8          	2.840395e-17
58.85         	2.840395e-17
58.9          	2.840395e-17
58.95         	2.840395e-17
59            	2.840395e-17
59.05         	2.840395e-17
59.1          	2.840395e-17
59.15         	2.840395e-17
59.2          	2.840395e-17
59.25         	2.840395e-17
59.3          	2.840395e-17
59.35         	2.840395e-17
59.4          	2.840395e-17
59.45         	2.840395e-17
59.5          	2.840395e-17
59.55         	2.840395e-17
59.6          	2.840395e-17
59.65         	2.840395e-17
59.7          	2.840395e-17
59.75         	2.840395e-17
59.8          	2.840395e-17
59.85         	2.840395e-17
59.9          	2.840395e-17
59.95         	2.840395e-17
60            	2.840395e-17
60.05         	2.840395e-17
60.1          	2.840395e-17
60.15         	2.840395e-17
60.2          	2.840395e-17
60.25         	2.840395e-17
60.3          	2.840395e-17
60.35         	2.840395e-17
60.4          	2.840395e-17
60.45         	2.840395e-17
60.5          	2.840395e-17
60.55         	2.840395e-17
60.6          	2.840395e-17
60.65         	2.840395e-17
60.7          	2.840395e-17
60.75         	2.840395e-17
60.8          	2.840395e-17
60.85         	2.840395e-17
60.9          	2.840395e-17
60.95         	2.840395e-17
61            	2.840395e-17
61.05         	2.840395e-17
61.1          	2.840395e-17
61.15         	2.840395e-17
61.2          	2.840395e-17
61.25         	2.840395e-17
61.3          	2.840395e-17
61.35         	2.840395e-17
61.4          	2.840395e-17
61.45         	2.840395e-17
61.5          	2.840395e-17
61.55         	2.840395e-17
61.6          	2.840395e-17
61.65         	2.840395e-17
61.7          	2.840395e-17
61.75         	2.840395e-17
61.8          	2.840395e-17
61.85         	2.840395e-17
61.9          	2.840395e-17
61.95         	2.840395e-17
62            	2.840395e-17
62.05         	2.840395e-17
62.1          	2.840395e-17
62.15         	2.840395e-17
62.2          	2.840395e-17
62.25         	2.840395e-17
62.3          	2.840395e-17
62.35         	2.840395e-17
62.4          	2.840395e-17
62.45         	2.840395e-17
62.5          	2.840395e-17
62.55         	2.840395e-17
62.6          	2.840395e-17
62.65         	2.840395e-17
62.7          	2.840395e-17
62.75         	2.840395e-17
62.8          	2.840395e-17
62.85         	2.840395e-17
62.9          	2.840395e-17
62.95         	2.840395e-17
63            	2.840395e-17
63.05         	2.840395e-17
63.1          	2.840395e-17
63.15         	2.840395e-17
63.2          	2.840395e-17
63.25         	2.840395e-17
63.3          	2.840395e-17
63.35         	2.840395e-17
63.4          	2.840395e-17
63.45         	2.840395e-17
63.5          	2.840395e-17
63.55         	2.840395e-17
63.6          	2.840395e-17
63.65         	2.840395e-17
63.7          	2.840395e-17
63.75         	2.840395e-17
63.8          	2.840395e-17
63.85         	2.840395e-17
63.9          	2.840395e-17
63.95         	2.840395e-17
64            	2.840395e-17
64.05         	2.840395e-17
64.1          	2.840395e-17
64.15         	2.840395e-17
64.2          	2.840395e-17
64.25         	2.840395e-17
64.3          	2.840395e-17
64.35         	2.840395e-17
64.4          	2.840395e-17
64.45         	2.840395e-17
64.5          	2.840395e-17
64.55         	2.840395e-17
64.6          	2.840395e-17
64.65         	2.840395e-17
64.7          	2.840395e-17
64.75         	2.840395e-17
64.8          	2.840395e-17
64.85         	2.840395e-17
64.9          	2.840395e-17
64.95         	2.840395e-17
65            	2.840395e-17
65.05         	2.840395e-17
65.1          	2.840395e-17
65.15         	2.840395e-17
65.2          	2.840395e-17
65.25         	2.840395e-17
65.3          	2.840395e-17
65.35         	2.840395e-17
65.4          	2.840395e-17
65.45         	2.840395e-17
65.5          	2.840395e-17
65.55         	2.840395e-17
65.6          	2.840395e-17
65.65         	2.840395e-17
65.7          	2.840395e-17
65.75         	2.840395e-17
65.8          	2.840395e-17
65.85         	2.840395e-17
65.9          	2.840395e-17
65.95         	2.840395e-17
66            	2.840395e-17
66.05         	2.840395e-17
66.1          	2.840395e-17
66.15         	2.840395e-17
66.2          	2.840395e-17
66.25         	2.840395e-17
66.3          	2.840395e-17
66.35         	2.840395e-17
66.4          	2.840395e-17
66.45         	2.840395e-17
66.5          	2.840395e-17
66.55         	2.840395e-17
66.6          	2.840395e-17
66.65         	2.840395e-17
66.7          	2.840395e-17
66.75         	2.840395e-17
66.8          	2.840395e-17
66.85         	2.840395e-17
66.9          	2.840395e-17
66.95         	2.840395e-17
67            	2.840395e-17
67.05         	2.840395e-17
67.1          	2.840395e-17
67.15         	2.840395e-17
67.2          	2.840395e-17
67.25         	2.840395e-17
67.3          	2.840395e-17
67.35         	2.840395e-17
67.4          	2.840395e-17
67.45         	2.840395e-17
67.5          	2.840395e-17
67.55         	2.840395e-17
67.6          	2.840395e-17
67.65         	2.840395e-17
67.7          	2.840395e-17
67.75         	2.840395e-17
67.8          	2.840395e-17
67.85         	2.840395e-17
67.9          	2.840395e-17
67.95         	2.840395e-17
68            	2.840395e-17
68.05         	2.840395e-17
68.1          	2.840395e-17
68.15         	2.840395e-17
68.2          	2.840395e-17
68.25         	2.840395e-17
68.3          	2.840395e-17
68.35         	2.840395e-17
68.4          	2.840395e-17
68.45         	2.840395e-17
68.5          	2.840395e-17
68.55         	2.840395e-17
68.6          	2.840395e-17
68.65         	2.840395e-17
68.7          	2.840395e-17
68.75         	2.840395e-17
68.8          	2.840395e-17
68.85         	2.840395e-17
68.9          	2.840395e-17
68.95         	2.840395e-17
69            	2.840395e-17
69.05         	2.840395e-17
69.1          	2.840395e-17
69.15         	2.840395e-17
69.2          	2.840395e-17
69.25         	2.840395e-17
69.3          	2.840395e-17
69.35         	2.840395e-17
69.4          	2.840395e-17
69.45         	2.840395e-17
69.5          	2.840395e-17
69.55         	2.840395e-17
69.6          	2.840395e-17
69.65         	2.840395e-17
69.7          	2.840395e-17
69.75         	2.840395e-17
69.8          	2.840395e-17
69.85         	2.840395e-17
69.9          	2.840395e-17
69.95         	2.840395e-17
70            	2.840395e-17
70.05         	2.840395e-17
70.1          	2.840395e-17
70.15         	2.840395e-17
70.2          	2.840395e-17
70.25         	2.840395e-17
70.3          	2.840395e-17
70.35         	2.840395e-17
70.4          	2.840395e-17
70.45         	2.840395e-17
70.5          	2.840395e-17
70.55         	2.840395e-17
70.6          	2.840395e-17
70.65         	2.840395e-17
70.7          	2.840395e-17
70.75         	2.840395e-17
70.8          	2.840395e-17
70.85         	2.840395e-17
70.9          	2.840395e-17
70.95         	2.840395e-17
71            	2.840395e-17
71.05         	2.840395e-17
71.1          	2.840395e-17
71.15         	2.840395e-17
71.2          	2.840395e-17
71.25         	2.840395e-17
71.3          	2.840395e-17
71.35         	2.840395e-17
71.4          	2.840395e-17
71.45         	2.840395e-17
71.5          	2.840395e-17
71.55         	2.840395e-17
71.6          	2.840395e-17
71.65         	2.840395e-17
71.7          	2.840395e-17
71.75         	2.840395e-17
71.8          	2.840395e-17
71.85         	2.840395e-17
71.9          	2.840395e-17
71.95         	2.840395e-17
72            	2.840395e-17
72.05         	2.840395e-17
72.1          	2.840395e-17
72.15         	2.840395e-17
72.2          	2.840395e-17
72.25         	2.840395e-17
72.3          	2.840395e-17
72.35         	2.840395e-17
72.4          	2.840395e-17
72.45         	2.840395e-17
72.5          	2.840395e-17
72.55         	2.840395e-17
72.6          	2.840395e-17
72.65         	2.840395e-17
72.7          	2.840395e-17
72.75         	2.840395e-17
72.8          	2.840395e-17
72.85         	2.840395e-17
72.9          	2.840395e-17
72.95         	2.840395e-17
73            	2.840395e-17
73.05         	2.840395e-17
73.1          	2.840395e-17
73.15         	2.840395e-17
73.2          	2.840395e-17
73.25         	2.840395e-17
73.3          	2.840395e-17
73.35         	2.840395e-17
73.4          	2.840395e-17
73.45         	2.840395e-17
73.5          	2.840395e-17
73.55         	2.840395e-17
73.6          	2.840395e-17
73.65         	2.840395e-17
73.7          	2.840395e-17
73.75         	2.840395e-17
73.8          	2.840395e-17
73.85         	2.840395e-17
73.9          	2.840395e-17
73.95         	2.840395e-17
74            	2.840395e-17
74.05         	2.840395e-17
74.1          	2.840395e-17
74.15         	2.840395e-17
74.2          	2.840395e-17
74.25         	2.840395e-17
74.3          	2.840395e-17
74.35         	2.840395e-17
74.4          	2.840395e-17
74.45         	2.840395e-17
74.5          	2.840395e-17
74.55         	2.840395e-17
74.6          	2.840395e-17
74.65         	2.840395e-17
74.7          	2.840395e-17
74.75         	2.840395e-17
74.8          	2.840395e-17
74.85         	2.840395e-17
74.9          	2.840395e-17
74.95         	2.840395e-17
75            	2.840395e-17
75.05         	2.840395e-17
75.1          	2.840395e-17
75.15         	2.840395e-17
75.2          	2.840395e-17
75.25         	2.840395e-17
75.3          	2.840395e-17
75.35         	2.840395e-17
75.4          	2.840395e-17
75.45         	2.840395e-17
75.5          	2.840395e-17
75.55         	2.840395e-17
75.6          	2.840395e-17
75.65         	2.840395e-17
75.7          	2.840395e-17
75.75         	2.840395e-17
75.8          	2.840395e-17
75.85         	2.840395e-17
75.9          	2.840395e-17
75.95         	2.840395e-17
76            	2.840395e-17
76.05         	2.840395e-17
76.1          	2.840395e-17
76.15         	2.840395e-17
76.2          	2.840395e-17
76.25         	2.840395e-17
76.3          	2.840395e-17
76.35         	2.840395e-17
76.4          	2.840395e-17
76.45         	2.840395e-17
76.5          	2.840395e-17
76.55         	2.840395e-17
76.6          	2.840395e-17
76.65         	2.840395e-17
76.7          	2.840395e-17
76.75         	2.840395e-17
76.8          	2.840395e-17
76.85         	2.840395e-17
76.9          	2.840395e-17
76.95         	2.840395e-17
77            	2.840395e-17
77.05         	2.840395e-17
77.1          	2.840395e-17
77.15         	2.840395e-17
77.2          	2.840395e-17
77.25         	2.840395e-17
77.3          	2.840395e-17
77.35         	2.840395e-17
77.4          	2.840395e-17
77.45         	2.840395e-17
77.5          	2.840395e-17
77.55         	2.840395e-17
77.6          	2.840395e-17
77.65         	2.840395e-17
77.7          	2.840395e-17
77.75         	2.840395e-17
77.8          	2.840395e-17
77.85         	2.840395e-17
77.9          	2.840395e-17
77.95         	2.840395e-17
78            	2.840395e-17
78.05         	2.840395e-17
78.1          	2.840395e-17
78.15         	2.840395e-17
78.2          	2.840395e-17
78.25         	2.840395e-17
78.3          	2.840395e-17
78.35         	2.840395e-17
78.4          	2.840395e-17
78.45         	2.840395e-17
78.5          	2.840395e-17
78.55         	2.840395e-17
78.6          	2.840395e-17
78.65         	2.840395e-17
78.7          	2.840395e-17
78.75         	2.840395e-17
78.8          	2.840395e-17
78.85         	2.840395e-17
78.9          	2.840395e-17
78.95         	2.840395e-17
79            	2.840395e-17
79.05         	2.840395e-17
79.1          	2.840395e-17
79.15         	2.840395e-17
79.2          	2.840395e-17
79.25         	2.840395e-17
79.3          	2.840395e-17
79.35         	2.840395e-17
79.4          	2.840395e-17
79.45         	2.840395e-17
79.5          	2.840395e-17
79.55         	2.840395e-17
79.6          	2.840395e-17
79.65         	2.840395e-17
79.7          	2.840395e-17
79.75         	2.840395e-17
79.8          	2.840395e-17
79.85         	2.840395e-17
79.9          	2.840395e-17
79.95         	2.840395e-17
80            	2.840395e-17
80.05         	2.840395e-17
80.1          	2.840395e-17
80.15         	2.840395e-17
80.2          	2.840395e-17
80.25         	2.840395e-17
80.3          	2.840395e-17
80.35         	2.840395e-17
80.4          	2.840395e-17
80.45         	2.840395e-17
80.5          	2.840395e-17
80.55         	2.840395e-17
80.6          	2.840395e-17
80.65         	2.840395e-17
80.7          	2.840395e-17
80.75         	2.840395e-17
80.8          	2.840395e-17
80.85         	2.840395e-17
80.9          	2.840395e-17
80.95         	2.840395e-17
81            	2.840395e-17
81.05         	2.840395e-17
81.1          	2.840395e-17
81.15         	2.840395e-17
81.2          	2.840395e-17
81.25         	2.840395e-17
81.3          	2.840395e-17
81.35         	2.840395e-17
81.4          	2.840395e-17
81.45         	2.840395e-17
81.5          	2.840395e-17
81.55         	2.840395e-17
81.6          	2.840395e-17
81.65         	2.840395e-17
81.7          	2.840395e-17
81.75         	2.840395e-17
81.8          	2.840395e-17
81.85         	2.840395e-17
81.9          	2.840395e-17
81.95         	2.840395e-17
82            	2.840395e-17
82.05         	2.840395e-17
82.1          	2.840395e-17
82.15         	2.840395e-17
82.2          	2.840395e-17
82.25         	2.840395e-17
82.3          	2.840395e-17
82.35         	2.840395e-17
82.4          	2.840395e-17
82.45         	2.840395e-17
82.5          	2.840395e-17
82.55         	2.840395e-17
82.6          	2.840395e-17
82.65         	2.840395e-17
82.7          	2.840395e-17
82.75         	2.840395e-17
82.8          	2.840395e-17
82.85         	2.840395e-17
82.9          	2.840395e-17
82.95         	2.840395e-17
83            	2.840395e-17
83.05         	2.840395e-17
83.1          	2.840395e-17
83.15         	2.840395e-17
83.2          	2.840395e-17
83.25         	2.840395e-17
83.3          	2.840395e-17
83.35         	2.840395e-17
83.4          	2.840395e-17
83.45         	2.840395e-17
83.5          	2.840395e-17
83.55         	2.840395e-17
83.6          	2.840395e-17
83.65         	2.840395e-17
83.7          	2.840395e-17
83.75         	2.840395e-17
83.8          	2.840395e-17
83.85         	2.840395e-17
83.9          	2.840395e-17
83.95         	2.840395e-17
84            	2.840395e-17
84.05         	2.840395e-17
84.1          	2.840395e-17
84.15         	2.840395e-17
84.2          	2.840395e-17
84.25         	2.840395e-17
84.3          	2.840395e-17
84.35         	2.840395e-17
84.4          	2.840395e-17
84.45         	2.840395e-17
84.5          	2.840395e-17
84.55         	2.840395e-17
84.6          	2.840395e-17
84.65         	2.840395e-17
84.7          	2.840395e-17
84.75         	2.840395e-17
84.8          	2.840395e-17
84.85         	2.840395e-17
84.9          	2.840395e-17
84.95         	2.840395e-17
85            	2.840395e-17
85.05         	2.840395e-17
85.1          	2.840395e-17
85.15         	2.840395e-17
85.2          	2.840395e-17
85.25         	2.840395e-17
85.3          	2.840395e-17
85.35         	2.840395e-17
85.4          	2.840395e-17
85.45         	2.840395e-17
85.5          	2.840395e-17
85.55         	2.840395e-17
85.6          	2.840395e-17
85.65         	2.840395e-17
85.7          	2.840395e-17
85.75         	2.840395e-17
85.8          	2.840395e-17
85.85         	2.840395e-17
85.9          	2.840395e-17
85.95         	2.840395e-17
86            	2.840395e-17
86.05         	2.840395e-17
86.1          	2.840395e-17
86.15         	2.840395e-17
86.2          	2.840395e-17
86.25         	2.840395e-17
86.3          	2.840395e-17
86.35         	2.840395e-17
86.4          	2.840395e-17
86.45         	2.840395e-17
86.5          	2.840395e-17
86.55         	2.840395e-17
86.6          	2.840395e-17
86.65         	2.840395e-17
86.7          	2.840395e-17
86.75         	2.840395e-17
86.8          	2.840395e-17
86.85         	2.840395e-17
86.9          	2.840395e-17
86.95         	2.840395e-17
87            	2.840395e-17
87.05         	2.840395e-17
87.1          	2.840395e-17
87.15         	2.840395e-17
87.2          	2.840395e-17
87.25         	2.840395e-17
87.3          	2.840395e-17
87.35         	2.840395e-17
87.4          	2.840395e-17
87.45         	2.840395e-17
87.5          	2.840395e-17
87.55         	2.840395e-17
87.6          	2.840395e-17
87.65         	2.840395e-17
87.7          	2.840395e-17
87.75         	2.840395e-17
87.8          	2.840395e-17
87.85         	2.840395e-17
87.9          	2.840395e-17
87.95         	2.840395e-17
88            	2.840395e-17
88.05         	2.840395e-17
88.1          	2.840395e-17
88.15         	2.840395e-17
88.2          	2.840395e-17
88.25         	2.840395e-17
88.3          	2.840395e-17
88.35         	2.840395e-17
88.4          	2.840395e-17
88.45         	2.840395e-17
88.5          	2.840395e-17
88.55         	2.840395e-17
88.6          	2.840395e-17
88.65         	2.840395e-17
88.7          	2.840395e-17
88.75         	2.840395e-17
88.8          	2.840395e-17
88.85         	2.840395e-17
88.9          	2.840395e-17
88.95         	2.840395e-17
89            	2.840395e-17
89.05         	2.840395e-17
89.1          	2.840395e-17
89.15         	2.840395e-17
89.2          	2.840395e-17
89.25         	2.840395e-17
89.3          	2.840395e-17
89.35         	2.840395e-17
89.4          	2.840395e-17
89.45         	2.840395e-17
89.5          	2.840395e-17
89.55         	2.840395e-17
89.6          	2.840395e-17
89.65         	2.840395e-17
89.7          	2.840395e-17
89.75         	2.840395e-17
89.8          	2.840395e-17
89.85         	2.840395e-17
89.9          	2.840395e-17
89.95         	2.840395e-17
90            	2.840395e-17
90.05         	2.840395e-17
90.1          	2.840395e-17
90.15         	2.840395e-17
90.2          	2.840395e-17
90.25         	2.840395e-17
90.3          	2.840395e-17
90.35         	2.840395e-17
90.4          	2.840395e-17
90.45         	2.840395e-17
90.5          	2.840395e-17
90.55         	2.840395e-17
90.6          	2.840395e-17
90.65         	2.840395e-17
90.7          	2.840395e-17
90.75         	2.840395e-17
90.8          	2.840395e-17
90.85         	2.840395e-17
90.9          	2.840395e-17
90.95         	2.840395e-17
91            	2.840395e-17
91.05         	2.840395e-17
91.1          	2.840395e-17
91.15         	2.840395e-17
91.2          	2.840395e-17
91.25         	2.840395e-17
91.3          	2.840395e-17
91.35         	2.840395e-17
91.4          	2.840395e-17
91.45         	2.840395e-17
91.5          	2.840395e-17
91.55         	2.840395e-17
91.6          	2.840395e-17
91.65         	2.840395e-17
91.7          	2.840395e-17
91.75         	2.840395e-17
91.8          	2.840395e-17
91.85         	2.840395e-17
91.9          	2.840395e-17
91.95         	2.840395e-17
92            	2.840395e-17
92.05         	2.840395e-17
92.1          	2.840395e-17
92.15         	2.840395e-17
92.2          	2.840395e-17
92.25         	2.840395e-17
92.3          	2.840395e-17
92.35         	2.840395e-17
92.4          	2.840395e-17
92.45         	2.840395e-17
92.5          	2.840395e-17
92.55         	2.840395e-17
92.6          	2.840395e-17
92.65         	2.840395e-17
92.7          	2.840395e-17
92.75         	2.840395e-17
92.8          	2.840395e-17
92.85         	2.840395e-17
92.9          	2.840395e-17
92.95         	2.840395e-17
93            	2.840395e-17
93.05         	2.840395e-17
93.1          	2.840395e-17
93.15         	2.840395e-17
93.2          	2.840395e-17
93.25         	2.840395e-17
93.3          	2.840395e-17
93.35         	2.840395e-17
93.4          	2.840395e-17
93.45         	2.840395e-17
93.5          	2.840395e-17
93.55         	2.840395e-17
93.6          	2.840395e-17
93.65         	2.840395e-17
93.7          	2.840395e-17
93.75         	2.840395e-17
93.8          	2.840395e-17
93.85         	2.840395e-17
93.9          	2.840395e-17
93.95         	2.840395e-17
94            	2.840395e-17
94.05         	2.840395e-17
94.1          	2.840395e-17
94.15         	2.840395e-17
94.2          	2.840395e-17
94.25         	2.840395e-17
94.3          	2.840395e-17
94.35         	2.840395e-17
94.4          	2.840395e-17
94.45         	2.840395e-17
94.5          	2.840395e-17
94.55         	2.840395e-17
94.6          	2.840395e-17
94.65         	2.840395e-17
94.7          	2.840395e-17
94.75         	2.840395e-17
94.8          	2.840395e-17
94.85         	2.840395e-17
94.9          	2.840395e-17
94.95         	2.840395e-17
95            	2.840395e-17
95.05         	2.840395e-17
95.1          	2.840395e-17
95.15         	2.840395e-17
95.2          	2.840395e-17
95.25         	2.840395e-17
95.3          	2.840395e-17
95.35         	2.840395e-17
95.4          	2.840395e-17
95.45         	2.840395e-17
95.5          	2.840395e-17
95.55         	2.840395e-17
95.6          	2.840395e-17
95.65         	2.840395e-17
95.7          	2.840395e-17
95.75         	2.840395e-17
95.8          	2.840395e-17
95.85         	2.840395e-17
95.9          	2.840395e-17
95.95         	2.840395e-17
96            	2.840395e-17
96.05         	2.840395e-17
96.1          	2.840395e-17
96.15         	2.840395e-17
96.2          	2.840395e-17
96.25         	2.840395e-17
96.3          	2.840395e-17
96.35         	2.840395e-17
96.4          	2.840395e-17
96.45         	2.840395e-17
96.5          	2.840395e-17
96.55         	2.840395e-17
96.6          	2.840395e-17
96.65         	2.840395e-17
96.7          	2.840395e-17
96.75         	2.840395e-17
96.8          	2.840395e-17
96.85         	2.840395e-17
96.9          	2.840395e-17
96.95         	2.840395e-17
97            	2.840395e-17
97.05         	2.840395e-17
97.1          	2.840395e-17
97.15         	2.840395e-17
97.2          	2.840395e-17
97.25         	2.840395e-17
97.3          	2.840395e-17
97.35         	2.840395e-17
97.4          	2.840395e-17
97.45         	2.840395e-17
97.5          	2.840395e-17
97.55         	2.840395e-17
97.6          	2.840395e-17
97.65         	2.840395e-17
97.7          	2.840395e-17
97.75         	2.840395e-17
97.8          	2.840395e-17
97.85         	2.840395e-17
97.9          	2.840395e-17
97.95         	2.840395e-17
98            	2.840395e-17
98.05         	2.840395e-17
98.1          	2.840395e-17
98.15         	2.840395e-17
98.2          	2.840395e-17
98.25         	2.840395e-17
98.3          	2.840395e-17
98.35         	2.840395e-17
98.4          	2.840395e-17
98.45         	2.840395e-17
98.5          	2.840395e-17
98.55         	2.840395e-17
98.6          	2.840395e-17
98.65         	2.840395e-17
98.7          	2.840395e-17
98.75         	2.840395e-17
98.8          	2.840395e-17
98.85         	2.840395e-17
98.9          	2.840395e-17
98.95         	2.840395e-17
99            	2.840395e-17
99.05         	2.840395e-17
99.1          	2.840395e-17
99.15         	2.840395e-17
99.2          	2.840395e-17
99.25         	2.840395e-17
99.3          	2.840395e-17
99.35         	2.840395e-17
99.4          	2.840395e-17
99.45         	2.840395e-17
99.5          	2.840395e-17
99.55         	2.840395e-17
99.6          	2.840395e-17
99.65         	2.840395e-17
99.7          	2.840395e-17
99.75         	2.840395e-17
99.8          	2.840395e-17
99.85         	2.840395e-17
99.9          	2.840395e-17
99.95         	2.840395e-17
100           	2.840395e-17
100.05        	2.840395e-17
100.1         	2.840395e-17
100.15        	2.840395e-17
100.2         	2.840395e-17
100.25        	2.840395e-17
100.3         	2.840395e-17
100.35        	2.840395e-17
100.4         	2.840395e-17
100.45        	2.840395e-17
100.5         	2.840395e-17
100.55        	2.840395e-17
100.6         	2.840395e-17
100.65        	2.840395e-17
100.7         	2.840395e-17
100.75        	2.840395e-17
100.8         	2.840395e-17
100.85        	2.840395e-17
100.9         	2.840395e-17
100.95        	2.840395e-17
101           	2.840395e-17
101.05        	2.840395e-17
101.1         	2.840395e-17
101.15        	2.840395e-17
101.2         	2.840395e-17
101.25        	2.840395e-17
101.3         	2.840395e-17
101.35        	2.840395e-17
101.4         	2.840395e-17
101.45        	2.840395e-17
101.5         	2.840395e-17
101.55        	2.840395e-17
101.6         	2.840395e-17
101.65        	2.840395e-17
101.7         	2.840395e-17
101.75        	2.840395e-17
101.8         	2.840395e-17
101.85        	2.840395e-17
101.9         	2.840395e-17
101.95        	2.840395e-17
102           	2.840395e-17
102.05        	2.840395e-17
102.1         	2.840395e-17
102.15        	2.840395e-17
102.2         	2.840395e-17
102.25        	2.840395e-17
102.3         	2.840395e-17
102.35        	2.840395e-17
102.4         	2.840395e-17
102.45        	2.840395e-17
102.5         	2.840395e-17
102.55        	2.840395e-17
102.6         	2.840395e-17
102.65        	2.840395e-17
102.7         	2.840395e-17
102.75        	2.840395e-17
102.8         	2.840395e-17
102.85        	2.840395e-17
102.9         	2.840395e-17
102.95        	2.840395e-17
103           	2.840395e-17
103.05        	2.840395e-17
103.1         	2.840395e-17
103.15        	2.840395e-17
103.2         	2.840395e-17
103.25        	2.840395e-17
103.3         	2.840395e-17
103.35        	2.840395e-17
103.4         	2.840395e-17
103.45        	2.840395e-17
103.5         	2.840395e-17
103.55        	2.840395e-17
103.6         	2.840395e-17
103.65        	2.840395e-17
103.7         	2.840395e-17
103.75        	2.840395e-17
103.8         	2.840395e-17
103.85        	2.840395e-17
103.9         	2.840395e-17
103.95        	2.840395e-17
104           	2.840395e-17
104.05        	2.840395e-17
104.1         	2.840395e-17
104.15        	2.840395e-17
104.2         	2.840395e-17
104.25        	2.840395e-17
104.3         	2.840395e-17
104.35        	2.840395e-17
104.4         	2.840395e-17
104.45        	2.840395e-17
104.5         	2.840395e-17
104.55        	2.840395e-17
104.6         	2.840395e-17
104.65        	2.840395e-17
104.7         	2.840395e-17
104.75        	2.840395e-17
104.8         	2.840395e-17
104.85        	2.840395e-17
104.9         	2.840395e-17
104.95        	2.840395e-17
105           	2.840395e-17
105.05        	2.840395e-17
105.1         	2.840395e-17
105.15        	2.840395e-17
105.2         	2.840395e-17
105.25        	2.840395e-17
105.3         	2.840395e-17
105.35        	2.840395e-17
105.4         	2.840395e-17
105.45        	2.840395e-17
105.5         	2.840395e-17
105.55        	2.840395e-17
105.6         	2.840395e-17
105.65        	2.840395e-17
105.7         	2.840395e-17
105.75        	2.840395e-17
105.8         	2.840395e-17
105.85        	2.840395e-17
105.9         	2.840395e-17
105.95        	2.840395e-17
106           	2.840395e-17
106.05        	2.840395e-17
106.1         	2.840395e-17
106.15        	2.840395e-17
106.2         	2.840395e-17
106.25        	2.840395e-17
106.3         	2.840395e-17
106.35        	2.840395e-17
106.4         	2.840395e-17
106.45        	2.840395e-17
106.5         	2.840395e-17
106.55        	2.840395e-17
106.6         	2.840395e-17
106.65        	2.840395e-17
106.7         	2.840395e-17
106.75        	2.840395e-17
106.8         	2.840395e-17
106.85        	2.840395e-17
106.9         	2.840395e-17
106.95        	2.840395e-17
107           	2.840395e-17
107.05        	2.840395e-17
107.1         	2.840395e-17
107.15        	2.840395e-17
107.2         	2.840395e-17
107.25        	2.840395e-17
107.3         	2.840395e-17
107.35        	2.840395e-17
107.4         	2.840395e-17
107.45        	2.840395e-17
107.5         	2.840395e-17
107.55        	2.840395e-17
107.6         	2.840395e-17
107.65        	2.840395e-17
107.7         	2.840395e-17
107.75        	2.840395e-17
107.8         	2.840395e-17
107.85        	2.840395e-17
107.9         	2.840395e-17
107.95        	2.840395e-17
108           	2.840395e-17
108.05        	2.840395e-17
108.1         	2.840395e-17
108.15        	2.840395e-17
108.2         	2.840395e-17
108.25        	2.840395e-17
108.3         	2.840395e-17
108.35        	2.840395e-17
108.4         	2.840395e-17
108.45        	2.840395e-17
108.5         	2.840395e-17
108.55        	2.840395e-17
108.6         	2.840395e-17
108.65        	2.840395e-17
108.7         	2.840395e-17
108.75        	2.840395e-17
108.8         	2.840395e-17
108.85        	2.840395e-17
108.9         	2.840395e-17
108.95        	2.840395e-17
109           	2.840395e-17
109.05        	2.840395e-17
109.1         	2.840395e-17
109.15        	2.840395e-17
109.2         	2.840395e-17
109.25        	2.840395e-17
109.3         	2.840395e-17
109.35        	2.840395e-17
109.4         	2.840395e-17
109.45        	2.840395e-17
109.5         	2.840395e-17
109.55        	2.840395e-17
109.6         	2.840395e-17
109.65        	2.840395e-17
109.7         	2.840395e-17
109.75        	2.840395e-17
109.8         	2.840395e-17
109.85        	2.840395e-17
109.9         	2.840395e-17
109.95        	2.840395e-17
110           	2.840395e-17
110.05        	2.840395e-17
110.1         	2.840395e-17
110.15        	2.840395e-17
110.2         	2.840395e-17
110.25        	2.840395e-17
110.3         	2.840395e-17
110.35        	2.840395e-17
110.4         	2.840395e-17
110.45        	2.840395e-17
110.5         	2.840395e-17
110.55        	2.840395e-17
110.6         	2.840395e-17
110.65        	2.840395e-17
110.7         	2.840395e-17
110.75        	2.840395e-17
110.8         	2.840395e-17
110.85        	2.840395e-17
110.9         	2.840395e-17
110.95        	2.840395e-17
111           	2.840395e-17
111.05        	2.840395e-17
111.1         	2.840395e-17
111.15        	2.840395e-17
111.2         	2.840395e-17
111.25        	2.840395e-17
111.3         	2.840395e-17
111.35        	2.840395e-17
111.4         	2.840395e-17
111.45        	2.840395e-17
111.5         	2.840395e-17
111.55        	2.840395e-17
111.6         	2.840395e-17
111.65        	2.840395e-17
111.7         	2.840395e-17
111.75        	2.840395e-17
111.8         	2.840395e-17
111.85        	2.840395e-17
111.9         	2.840395e-17
111.95        	2.840395e-17
112           	2.840395e-17
112.05        	2.840395e-17
112.1         	2.840395e-17
112.15        	2.840395e-17
112.2         	2.840395e-17
112.25        	2.840395e-17
112.3         	2.840395e-17
112.35        	2.840395e-17
112.4         	2.840395e-17
112.45        	2.840395e-17
112.5         	2.840395e-17
112.55        	2.840395e-17
112.6         	2.840395e-17
112.65        	2.840395e-17
112.7         	2.840395e-17
112.75        	2.840395e-17
112.8         	2.840395e-17
112.85        	2.840395e-17
112.9         	2.840395e-17
112.95        	2.840395e-17
113           	2.840395e-17
113.05        	2.840395e-17
113.1         	2.840395e-17
113.15        	2.840395e-17
113.2         	2.840395e-17
113.25        	2.840395e-17
113.3         	2.840395e-17
113.35        	2.840395e-17
113.4         	2.840395e-17
113.45        	2.840395e-17
113.5         	2.840395e-17
113.55        	2.840395e-17
113.6         	2.840395e-17
113.65        	2.840395e-17
113.7         	2.840395e-17
113.75        	2.840395e-17
113.8         	2.840395e-17
113.85        	2.840395e-17
113.9         	2.840395e-17
113.95        	2.840395e-17
114           	2.840395e-17
114.05        	2.840395e-17
114.1         	2.840395e-17
114.15        	2.840395e-17
114.2         	2.840395e-17
114.25        	2.840395e-17
114.3         	2.840395e-17
114.35        	2.840395e-17
114.4         	2.840395e-17
114.45        	2.840395e-17
114.5         	2.840395e-17
114.55        	2.840395e-17
114.6         	2.840395e-17
114.65        	2.840395e-17
114.7         	2.840395e-17
114.75        	2.840395e-17
114.8         	2.840395e-17
114.85        	2.840395e-17
114.9         	2.840395e-17
114.95        	2.840395e-17
115           	2.840395e-17
115.05        	2.840395e-17
115.1         	2.840395e-17
115.15        	2.840395e-17
115.2         	2.840395e-17
115.25        	2.840395e-17
115.3         	2.840395e-17
115.35        	2.840395e-17
115.4         	2.840395e-17
115.45        	2.840395e-17
115.5         	2.840395e-17
115.55        	2.840395e-17
115.6         	2.840395e-17
115.65        	2.840395e-17
115.7         	2.840395e-17
115.75        	2.840395e-17
115.8         	2.840395e-17
115.85        	2.840395e-17
115.9         	2.840395e-17
115.95        	2.840395e-17
116           	2.840395e-17
116.05        	2.840395e-17
116.1         	2.840395e-17
116.15        	2.840395e-17
116.2         	2.840395e-17
116.25        	2.840395e-17
116.3         	2.840395e-17
116.35        	2.840395e-17
116.4         	2.840395e-17
116.45        	2.840395e-17
116.5         	2.840395e-17
116.55        	2.840395e-17
116.6         	2.840395e-17
116.65        	2.840395e-17
116.7         	2.840395e-17
116.75        	2.840395e-17
116.8         	2.840395e-17
116.85        	2.840395e-17
116.9         	2.840395e-17
116.95        	2.840395e-17
117           	2.840395e-17
117.05        	2.840395e-17
117.1         	2.840395e-17
117.15        	2.840395e-17
117.2         	2.840395e-17
117.25        	2.840395e-17
117.3         	2.840395e-17
117.35        	2.840395e-17
117.4         	2.840395e-17
117.45        	2.840395e-17
117.5         	2.840395e-17
117.55        	2.840395e-17
117.6         	2.840395e-17
117.65        	2.840395e-17
117.7         	2.840395e-17
117.75        	2.840395e-17
117.8         	2.840395e-17
117.85        	2.840395e-17
117.9         	2.840395e-17
117.95        	2.840395e-17
118           	2.840395e-17
118.05        	2.840395e-17
118.1         	2.840395e-17
118.15        	2.840395e-17
118.2         	2.840395e-17
118.25        	2.840395e-17
118.3         	2.840395e-17
118.35        	2.840395e-17
118.4         	2.840395e-17
118.45        	2.840395e-17
118.5         	2.840395e-17
118.55        	2.840395e-17
118.6         	2.840395e-17
118.65        	2.840395e-17
118.7         	2.840395e-17
118.75        	2.840395e-17
118.8         	2.840395e-17
118.85        	2.840395e-17
118.9         	2.840395e-17
118.95        	2.840395e-17
119           	2.840395e-17
119.05        	2.840395e-17
119.1         	2.840395e-17
119.15        	2.840395e-17
119.2         	2.840395e-17
119.25        	2.840395e-17
119.3         	2.840395e-17
119.35        	2.840395e-17
119.4         	2.840395e-17
119.45        	2.840395e-17
119.5         	2.840395e-17
119.55        	2.840395e-17
119.6         	2.840395e-17
119.65        	2.840395e-17
119.7         	2.840395e-17
119.75        	2.840395e-17
119.8         	2.840395e-17
119.85        	2.840395e-17
119.9         	2.840395e-17
119.95        	2.840395e-17
120           	2.840395e-17
120.05        	2.840395e-17
120.1         	2.840395e-17
120.15        	2.840395e-17
120.2         	2.840395e-17
120.25        	2.840395e-17
120.3         	2.840395e-17
120.35        	2.840395e-17
120.4         	2.840395e-17
120.45        	2.840395e-17
120.5         	2.840395e-17
120.55        	2.840395e-17
120.6         	2.840395e-17
120.65        	2.840395e-17
120.7         	2.840395e-17
120.75        	2.840395e-17
120.8         	2.840395e-17
120.85        	2.840395e-17
120.9         	2.840395e-17
120.95        	2.840395e-17
121           	2.840395e-17
121.05        	2.840395e-17
121.1         	2.840395e-17
121.15        	2.840395e-17
121.2         	2.840395e-17
121.25        	2.840395e-17
121.3         	2.840395e-17
121.35        	2.840395e-17
121.4         	2.840395e-17
121.45        	2.840395e-17
121.5         	2.840395e-17
121.55        	2.840395e-17
121.6         	2.840395e-17
121.65        	2.840395e-17
121.7         	2.840395e-17
121.75        	2.840395e-17
121.8         	2.840395e-17
121.85        	2.840395e-17
121.9         	2.840395e-17
121.95        	2.840395e-17
122           	2.840395e-17
122.05        	2.840395e-17
122.1         	2.840395e-17
122.15        	2.840395e-17
122.2         	2.840395e-17
122.25        	2.840395e-17
122.3         	2.840395e-17
122.35        	2.840395e-17
122.4         	2.840395e-17
122.45        	2.840395e-17
122.5         	2.840395e-17
122.55        	2.840395e-17
122.6         	2.840395e-17
122.65        	2.840395e-17
122.7         	2.840395e-17
122.75        	2.840395e-17
122.8         	2.840395e-17
122.85        	2.840395e-17
122.9         	2.840395e-17
122.95        	2.840395e-17
123           	2.840395e-17
123.05        	2.840395e-17
123.1         	2.840395e-17
123.15        	2.840395e-17
123.2         	2.840395e-17
123.25        	2.840395e-17
123.3         	2.840395e-17
123.35        	2.840395e-17
123.4         	2.840395e-17
123.45        	2.840395e-17
123.5         	2.840395e-17
123.55        	2.840395e-17
123.6         	2.840395e-17
123.65        	2.840395e-17
123.7         	2.840395e-17
123.75        	2.840395e-17
123.8         	2.840395e-17
123.85        	2.840395e-17
123.9         	2.840395e-17
123.95        	2.840395e-17
124           	2.840395e-17
124.05        	2.840395e-17
124.1         	2.840395e-17
124.15        	2.840395e-17
124.2         	2.840395e-17
124.25        	2.840395e-17
124.3         	2.840395e-17
124.35        	2.840395e-17
124.4         	2.840395e-17
124.45        	2.840395e-17
124.5         	2.840395e-17
124.55        	2.840395e-17
124.6         	2.840395e-17
124.65        	2.840395e-17
124.7         	2.840395e-17
124.75        	2.840395e-17
124.8         	2.840395e-17
124.85        	2.840395e-17
124.9         	2.840395e-17
124.95        	2.840395e-17
125           	2.840395e-17
125.05        	2.840395e-17
125.1         	2.840395e-17
125.15        	2.840395e-17
125.2         	2.840395e-17
125.25        	2.840395e-17
125.3         	2.840395e-17
125.35        	2.840395e-17
125.4         	2.840395e-17
125.45        	2.840395e-17
125.5         	2.840395e-17
125.55        	2.840395e-17
125.6         	2.840395e-17
125.65        	2.840395e-17
125.7         	2.840395e-17
125.75        	2.840395e-17
125.8         	2.840395e-17
125.85        	2.840395e-17
125.9         	2.840395e-17
125.95        	2.840395e-17
126           	2.840395e-17
126.05        	2.840395e-17
126.1         	2.840395e-17
126.15        	2.840395e-17
126.2         	2.840395e-17
126.25        	2.840395e-17
126.3         	2.840395e-17
126.35        	2.840395e-17
126.4         	2.840395e-17
126.45        	2.840395e-17
126.5         	2.840395e-17
126.55        	2.840395e-17
126.6         	2.840395e-17
126.65        	2.840395e-17
126.7         	2.840395e-17
126.75        	2.840395e-17
126.8         	2.840395e-17
126.85        	2.840395e-17
126.9         	2.840395e-17
126.95        	2.840395e-17
127           	2.840395e-17
127.05        	2.840395e-17
127.1         	2.840395e-17
127.15        	2.840395e-17
127.2         	2.840395e-17
127.25        	2.840395e-17
127.3         	2.840395e-17
127.35        	2.840395e-17
127.4         	2.840395e-17
127.45        	2.840395e-17
127.5         	2.840395e-17
127.55        	2.840395e-17
127.6         	2.840395e-17
127.65        	2.840395e-17
127.7         	2.840395e-17
127.75        	2.840395e-17
127.8         	2.840395e-17
127.85        	2.840395e-17
127.9         	2.840395e-17
127.95        	2.840395e-17
128           	2.840395e-17
128.05        	2.840395e-17
128.1         	2.840395e-17
128.15        	2.840395e-17
128.2         	2.840395e-17
128.25        	2.840395e-17
128.3         	2.840395e-17
128.35        	2.840395e-17
128.4         	2.840395e-17
128.45        	2.840395e-17
128.5         	2.840395e-17
128.55        	2.840395e-17
128.6         	2.840395e-17
128.65        	2.840395e-17
128.7         	2.840395e-17
128.75        	2.840395e-17
128.8         	2.840395e-17
128.85        	2.840395e-17
128.9         	2.840395e-17
128.95        	2.840395e-17
129           	2.840395e-17
129.05        	2.840395e-17
129.1         	2.840395e-17
129.15        	2.840395e-17
129.2         	2.840395e-17
129.25        	2.840395e-17
129.3         	2.840395e-17
129.35        	2.840395e-17
129.4         	2.840395e-17
129.45        	2.840395e-17
129.5         	2.840395e-17
129.55        	2.840395e-17
129.6         	2.840395e-17
129.65        	2.840395e-17
129.7         	2.840395e-17
129.75        	2.840395e-17
129.8         	2.840395e-17
129.85        	2.840395e-17
129.9         	2.840395e-17
129.95        	2.840395e-17
130           	2.840395e-17
130.05        	2.840395e-17
130.1         	2.840395e-17
130.15        	2.840395e-17
130.2         	2.840395e-17
130.25        	2.840395e-17
130.3         	2.840395e-17
130.35        	2.840395e-17
130.4         	2.840395e-17
130.45        	2.840395e-17
130.5         	2.840395e-17
130.55        	2.840395e-17
130.6         	2.840395e-17
130.65        	2.840395e-17
130.7         	2.840395e-17
130.75        	2.840395e-17
130.8         	2.840395e-17
130.85        	2.840395e-17
130.9         	2.840395e-17
130.95        	2.840395e-17
131           	2.840395e-17
131.05        	2.840395e-17
131.1         	2.840395e-17
131.15        	2.840395e-17
131.2         	2.840395e-17
131.25        	2.840395e-17
131.3         	2.840395e-17
131.35        	2.840395e-17
131.4         	2.840395e-17
131.45        	2.840395e-17
131.5         	2.840395e-17
131.55        	2.840395e-17
131.6         	2.840395e-17
131.65        	2.840395e-17
131.7         	2.840395e-17
131.75        	2.840395e-17
131.8         	2.840395e-17
131.85        	2.840395e-17
131.9         	2.840395e-17
131.95        	2.840395e-17
132           	2.840395e-17
132.05        	2.840395e-17
132.1         	2.840395e-17
132.15        	2.840395e-17
132.2         	2.840395e-17
132.25        	2.840395e-17
132.3         	2.840395e-17
132.35        	2.840395e-17
132.4         	2.840395e-17
132.45        	2.840395e-17
132.5         	2.840395e-17
132.55        	2.840395e-17
132.6         	2.840395e-17
132.65        	2.840395e-17
132.7         	2.840395e-17
132.75        	2.840395e-17
132.8         	2.840395e-17
132.85        	2.840395e-17
132.9         	2.840395e-17
132.95        	2.840395e-17
133           	2.840395e-17
133.05        	2.840395e-17
133.1         	2.840395e-17
133.15        	2.840395e-17
133.2         	2.840395e-17
133.25        	2.840395e-17
133.3         	2.840395e-17
133.35        	2.840395e-17
133.4         	2.840395e-17
133.45        	2.840395e-17
133.5         	2.840395e-17
133.55        	2.840395e-17
133.6         	2.840395e-17
133.65        	2.840395e-17
133.7         	2.840395e-17
133.75        	2.840395e-17
133.8         	2.840395e-17
133.85        	2.840395e-17
133.9         	2.840395e-17
133.95        	2.840395e-17
134           	2.840395e-17
134.05        	2.840395e-17
134.1         	2.840395e-17
134.15        	2.840395e-17
134.2         	2.840395e-17
134.25        	2.840395e-17
134.3         	2.840395e-17
134.35        	2.840395e-17
134.4         	2.840395e-17
134.45        	2.840395e-17
134.5         	2.840395e-17
134.55        	2.840395e-17
134.6         	2.840395e-17
134.65        	2.840395e-17
134.7         	2.840395e-17
134.75        	2.840395e-17
134.8         	2.840395e-17
134.85        	2.840395e-17
134.9         	2.840395e-17
134.95        	2.840395e-17
135           	2.840395e-17
135.05        	2.840395e-17
135.1         	2.840395e-17
135.15        	2.840395e-17
135.2         	2.840395e-17
135.25        	2.840395e-17
135.3         	2.840395e-17
135.35        	2.840395e-17
135.4         	2.840395e-17
135.45        	2.840395e-17
135.5         	2.840395e-17
135.55        	2.840395e-17
135.6         	2.840395e-17
135.65        	2.840395e-17
135.7         	2.840395e-17
135.75        	2.840395e-17
135.8         	2.840395e-17
135.85        	2.840395e-17
135.9         	2.840395e-17
135.95        	2.840395e-17
136           	2.840395e-17
136.05        	2.840395e-17
136.1         	2.840395e-17
136.15        	2.840395e-17
136.2         	2.840395e-17
136.25        	2.840395e-17
136.3         	2.840395e-17
136.35        	2.840395e-17
136.4         	2.840395e-17
136.45        	2.840395e-17
136.5         	2.840395e-17
136.55        	2.840395e-17
136.6         	2.840395e-17
136.65        	2.840395e-17
136.7         	2.840395e-17
136.75        	2.840395e-17
136.8         	2.840395e-17
136.85        	2.840395e-17
136.9         	2.840395e-17
136.95        	2.840395e-17
137           	2.840395e-17
137.05        	2.840395e-17
137.1         	2.840395e-17
137.15        	2.840395e-17
137.2         	2.840395e-17
137.25        	2.840395e-17
137.3         	2.840395e-17
137.35        	2.840395e-17
137.4         	2.840395e-17
137.45        	2.840395e-17
137.5         	2.840395e-17
137.55        	2.840395e-17
137.6         	2.840395e-17
137.65        	2.840395e-17
137.7         	2.840395e-17
137.75        	2.840395e-17
137.8         	2.840395e-17
137.85        	2.840395e-17
137.9         	2.840395e-17
137.95        	2.840395e-17
138           	2.840395e-17
138.05        	2.840395e-17
138.1         	2.840395e-17
138.15        	2.840395e-17
138.2         	2.840395e-17
138.25        	2.840395e-17
138.3         	2.840395e-17
138.35        	2.840395e-17
138.4         	2.840395e-17
138.45        	2.840395e-17
138.5         	2.840395e-17
138.55        	2.840395e-17
138.6         	2.840395e-17
138.65        	2.840395e-17
138.7         	2.840395e-17
138.75        	2.840395e-17
138.8         	2.840395e-17
138.85        	2.840395e-17
138.9         	2.840395e-17
138.95        	2.840395e-17
139           	2.840395e-17
139.05        	2.840395e-17
139.1         	2.840395e-17
139.15        	2.840395e-17
139.2         	2.840395e-17
139.25        	2.840395e-17
139.3         	2.840395e-17
139.35        	2.840395e-17
139.4         	2.840395e-17
139.45        	2.840395e-17
139.5         	2.840395e-17
139.55        	2.840395e-17
139.6         	2.840395e-17
139.65        	2.840395e-17
139.7         	2.840395e-17
139.75        	2.840395e-17
139.8         	2.840395e-17
139.85        	2.840395e-17
139.9         	2.840395e-17
139.95        	2.840395e-17
140           	2.840395e-17
140.05        	2.840395e-17
140.1         	2.840395e-17
140.15        	2.840395e-17
140.2         	2.840395e-17
140.25        	2.840395e-17
140.3         	2.840395e-17
140.35        	2.840395e-17
140.4         	2.840395e-17
140.45        	2.840395e-17
140.5         	2.840395e-17
140.55        	2.840395e-17
140.6         	2.840395e-17
140.65        	2.840395e-17
140.7         	2.840395e-17
140.75        	2.840395e-17
140.8         	2.840395e-17
140.85        	2.840395e-17
140.9         	2.840395e-17
140.95        	2.840395e-17
141           	2.840395e-17
141.05        	2.840395e-17
141.1         	2.840395e-17
141.15        	2.840395e-17
141.2         	2.840395e-17
141.25        	2.840395e-17
141.3         	2.840395e-17
141.35        	2.840395e-17
141.4         	2.840395e-17
141.45        	2.840395e-17
141.5         	2.840395e-17
141.55        	2.840395e-17
141.6         	2.840395e-17
141.65        	2.840395e-17
141.7         	2.840395e-17
141.75        	2.840395e-17
141.8         	2.840395e-17
141.85        	2.840395e-17
141.9         	2.840395e-17
141.95        	2.840395e-17
142           	2.840395e-17
142.05        	2.840395e-17
142.1         	2.840395e-17
142.15        	2.840395e-17
142.2         	2.840395e-17
142.25        	2.840395e-17
142.3         	2.840395e-17
142.35        	2.840395e-17
142.4         	2.840395e-17
142.45        	2.840395e-17
142.5         	2.840395e-17
142.55        	2.840395e-17
142.6         	2.840395e-17
142.65        	2.840395e-17
142.7         	2.840395e-17
142.75        	2.840395e-17
142.8         	2.840395e-17
142.85        	2.840395e-17
142.9         	2.840395e-17
142.95        	2.840395e-17
143           	2.840395e-17
143.05        	2.840395e-17
143.1         	2.840395e-17
143.15        	2.840395e-17
143.2         	2.840395e-17
143.25        	2.840395e-17
143.3         	2.840395e-17
143.35        	2.840395e-17
143.4         	2.840395e-17
143.45        	2.840395e-17
143.5         	2.840395e-17
143.55        	2.840395e-17
143.6         	2.840395e-17
143.65        	2.840395e-17
143.7         	2.840395e-17
143.75        	2.840395e-17
143.8         	2.840395e-17
143.85        	2.840395e-17
143.9         	2.840395e-17
143.95        	2.840395e-17
144           	2.840395e-17
144.05        	2.840395e-17
144.1         	2.840395e-17
144.15        	2.840395e-17
144.2         	2.840395e-17
144.25        	2.840395e-17
144.3         	2.840395e-17
144.35        	2.840395e-17
144.4         	2.840395e-17
144.45        	2.840395e-17
144.5         	2.840395e-17
144.55        	2.840395e-17
144.6         	2.840395e-17
144.65        	2.840395e-17
144.7         	2.840395e-17
144.75        	2.840395e-17
144.8         	2.840395e-17
144.85        	2.840395e-17
144.9         	2.840395e-17
144.95        	2.840395e-17
145           	2.840395e-17
145.05        	2.840395e-17
145.1         	2.840395e-17
145.15        	2.840395e-17
145.2         	2.840395e-17
145.25        	2.840395e-17
145.3         	2.840395e-17
145.35        	2.840395e-17
145.4         	2.840395e-17
145.45        	2.840395e-17
145.5         	2.840395e-17
145.55        	2.840395e-17
145.6         	2.840395e-17
145.65        	2.840395e-17
145.7         	2.840395e-17
145.75        	2.840395e-17
145.8         	2.840395e-17
145.85        	2.840395e-17
145.9         	2.840395e-17
145.95        	2.840395e-17
146           	2.840395e-17
146.05        	2.840395e-17
146.1         	2.840395e-17
146.15        	2.840395e-17
146.2         	2.840395e-17
146.25        	2.840395e-17
146.3         	2.840395e-17
146.35        	2.840395e-17
146.4         	2.840395e-17
146.45        	2.840395e-17
146.5         	2.840395e-17
146.55        	2.840395e-17
146.6         	2.840395e-17
146.65        	2.840395e-17
146.7         	2.840395e-17
146.75        	2.840395e-17
146.8         	2.840395e-17
146.85        	2.840395e-17
146.9         	2.840395e-17
146.95        	2.840395e-17
147           	2.840395e-17
147.05        	2.840395e-17
147.1         	2.840395e-17
147.15        	2.840395e-17
147.2         	2.840395e-17
147.25        	2.840395e-17
147.3         	2.840395e-17
147.35        	2.840395e-17
147.4         	2.840395e-17
147.45        	2.840395e-17
147.5         	2.840395e-17
147.55        	2.840395e-17
147.6         	2.840395e-17
147.65        	2.840395e-17
147.7         	2.840395e-17
147.75        	2.840395e-17
147.8         	2.840395e-17
147.85        	2.840395e-17
147.9         	2.840395e-17
147.95        	2.840395e-17
148           	2.840395e-17
148.05        	2.840395e-17
148.1         	2.840395e-17
148.15        	2.840395e-17
148.2         	2.840395e-17
148.25        	2.840395e-17
148.3         	2.840395e-17
148.35        	2.840395e-17
148.4         	2.840395e-17
148.45        	2.840395e-17
148.5         	2.840395e-17
148.55        	2.840395e-17
148.6         	2.840395e-17
148.65        	2.840395e-17
148.7         	2.840395e-17
148.75        	2.840395e-17
148.8         	2.840395e-17
148.85        	2.840395e-17
148.9         	2.840395e-17
148.95        	2.840395e-17
149           	2.840395e-17
149.05        	2.840395e-17
149.1         	2.840395e-17
149.15        	2.840395e-17
149.2         	2.840395e-17
149.25        	2.840395e-17
149.3         	2.840395e-17
149.35        	2.840395e-17
149.4         	2.840395e-17
149.45        	2.840395e-17
149.5         	2.840395e-17
149.55        	2.840395e-17
149.6         	2.840395e-17
149.65        	2.840395e-17
149.7         	2.840395e-17
149.75        	2.840395e-17
149.8         	2.840395e-17
149.85        	2.840395e-17
149.9         	2.840395e-17
149.95        	2.840395e-17
150           	2.840395e-17
150.05        	2.840395e-17
150.1         	2.840395e-17
150.15        	2.840395e-17
150.2         	2.840395e-17
150.25        	2.840395e-17
150.3         	2.840395e-17
150.35        	2.840395e-17
150.4         	2.840395e-17
150.45        	2.840395e-17
150.5         	2.840395e-17
150.55        	2.840395e-17
150.6         	2.840395e-17
150.65        	2.840395e-17
150.7         	2.840395e-17
150.75        	2.840395e-17
150.8         	2.840395e-17
150.85        	2.840395e-17
150.9         	2.840395e-17
150.95        	2.840395e-17
151           	2.840395e-17
151.05        	2.840395e-17
151.1         	2.840395e-17
151.15        	2.840395e-17
151.2         	2.840395e-17
151.25        	2.840395e-17
151.3         	2.840395e-17
151.35        	2.840395e-17
151.4         	2.840395e-17
151.45        	2.840395e-17
151.5         	2.840395e-17
151.55        	2.840395e-17
151.6         	2.840395e-17
151.65        	2.840395e-17
151.7         	2.840395e-17
151.75        	2.840395e-17
151.8         	2.840395e-17
151.85        	2.840395e-17
151.9         	2.840395e-17
151.95        	2.840395e-17
152           	2.840395e-17
152.05        	2.840395e-17
152.1         	2.840395e-17
152.15        	2.840395e-17
152.2         	2.840395e-17
152.25        	2.840395e-17
152.3         	2.840395e-17
152.35        	2.840395e-17
152.4         	2.840395e-17
152.45        	2.840395e-17
152.5         	2.840395e-17
152.55        	2.840395e-17
152.6         	2.840395e-17
152.65        	2.840395e-17
152.7         	2.840395e-17
152.75        	2.840395e-17
152.8         	2.840395e-17
152.85        	2.840395e-17
152.9         	2.840395e-17
152.95        	2.840395e-17
153           	2.840395e-17
153.05        	2.840395e-17
153.1         	2.840395e-17
153.15        	2.840395e-17
153.2         	2.840395e-17
153.25        	2.840395e-17
153.3         	2.840395e-17
153.35        	2.840395e-17
153.4         	2.840395e-17
153.45        	2.840395e-17
153.5         	2.840395e-17
153.55        	2.840395e-17
153.6         	2.840395e-17
153.65        	2.840395e-17
153.7         	2.840395e-17
153.75        	2.840395e-17
153.8         	2.840395e-17
153.85        	2.840395e-17
153.9         	2.840395e-17
153.95        	2.840395e-17
154           	2.840395e-17
154.05        	2.840395e-17
154.1         	2.840395e-17
154.15        	2.840395e-17
154.2         	2.840395e-17
154.25        	2.840395e-17
154.3         	2.840395e-17
154.35        	2.840395e-17
154.4         	2.840395e-17
154.45        	2.840395e-17
154.5         	2.840395e-17
154.55        	2.840395e-17
154.6         	2.840395e-17
154.65        	2.840395e-17
154.7         	2.840395e-17
154.75        	2.840395e-17
154.8         	2.840395e-17
154.85        	2.840395e-17
154.9         	2.840395e-17
154.95        	2.840395e-17
155           	2.840395e-17
155.05        	2.840395e-17
155.1         	2.840395e-17
155.15        	2.840395e-17
155.2         	2.840395e-17
155.25        	2.840395e-17
155.3         	2.840395e-17
155.35        	2.840395e-17
155.4         	2.840395e-17
155.45        	2.840395e-17
155.5         	2.840395e-17
155.55        	2.840395e-17
155.6         	2.840395e-17
155.65        	2.840395e-17
155.7         	2.840395e-17
155.75        	2.840395e-17
155.8         	2.840395e-17
155.85        	2.840395e-17
155.9         	2.840395e-17
155.95        	2.840395e-17
156           	2.840395e-17
156.05        	2.840395e-17
156.1         	2.840395e-17
156.15        	2.840395e-17
156.2         	2.840395e-17
156.25        	2.840395e-17
156.3         	2.840395e-17
156.35        	2.840395e-17
156.4         	2.840395e-17
156.45        	2.840395e-17
156.5         	2.840395e-17
156.55        	2.840395e-17
156.6         	2.840395e-17
156.65        	2.840395e-17
156.7         	2.840395e-17
156.75        	2.840395e-17
156.8         	2.840395e-17
156.85        	2.840395e-17
156.9         	2.840395e-17
156.95        	2.840395e-17
157           	2.840395e-17
157.05        	2.840395e-17
157.1         	2.840395e-17
157.15        	2.840395e-17
157.2         	2.840395e-17
157.25        	2.840395e-17
157.3         	2.840395e-17
157.35        	2.840395e-17
157.4         	2.840395e-17
157.45        	2.840395e-17
157.5         	2.840395e-17
157.55        	2.840395e-17
157.6         	2.840395e-17
157.65        	2.840395e-17
157.7         	2.840395e-17
157.75        	2.840395e-17
157.8         	2.840395e-17
157.85        	2.840395e-17
157.9         	2.840395e-17
157.95        	2.840395e-17
158           	2.840395e-17
158.05        	2.840395e-17
158.1         	2.840395e-17
158.15        	2.840395e-17
158.2         	2.840395e-17
158.25        	2.840395e-17
158.3         	2.840395e-17
158.35        	2.840395e-17
158.4         	2.840395e-17
158.45        	2.840395e-17
158.5         	2.840395e-17
158.55        	2.840395e-17
158.6         	2.840395e-17
158.65        	2.840395e-17
158.7         	2.840395e-17
158.75        	2.840395e-17
158.8         	2.840395e-17
158.85        	2.840395e-17
158.9         	2.840395e-17
158.95        	2.840395e-17
159           	2.840395e-17
159.05        	2.840395e-17
159.1         	2.840395e-17
159.15        	2.840395e-17
159.2         	2.840395e-17
159.25        	2.840395e-17
159.3         	2.840395e-17
159.35        	2.840395e-17
159.4         	2.840395e-17
159.45        	2.840395e-17
159.5         	2.840395e-17
159.55        	2.840395e-17
159.6         	2.840395e-17
159.65        	2.840395e-17
159.7         	2.840395e-17
159.75        	2.840395e-17
159.8         	2.840395e-17
159.85        	2.840395e-17
159.9         	2.840395e-17
159.95        	2.840395e-17
160           	2.840395e-17
160.05        	2.840395e-17
160.1         	2.840395e-17
160.15        	2.840395e-17
160.2         	2.840395e-17
160.25        	2.840395e-17
160.3         	2.840395e-17
160.35        	2.840395e-17
160.4         	2.840395e-17
160.45        	2.840395e-17
160.5         	2.840395e-17
160.55        	2.840395e-17
160.6         	2.840395e-17
160.65        	2.840395e-17
160.7         	2.840395e-17
160.75        	2.840395e-17
160.8         	2.840395e-17
160.85        	2.840395e-17
160.9         	2.840395e-17
160.95        	2.840395e-17
161           	2.840395e-17
161.05        	2.840395e-17
161.1         	2.840395e-17
161.15        	2.840395e-17
161.2         	2.840395e-17
161.25        	2.840395e-17
161.3         	2.840395e-17
161.35        	2.840395e-17
161.4         	2.840395e-17
161.45        	2.840395e-17
161.5         	2.840395e-17
161.55        	2.840395e-17
161.6         	2.840395e-17
161.65        	2.840395e-17
161.7         	2.840395e-17
161.75        	2.840395e-17
161.8         	2.840395e-17
161.85        	2.840395e-17
161.9         	2.840395e-17
161.95        	2.840395e-17
162           	2.840395e-17
162.05        	2.840395e-17
162.1         	2.840395e-17
162.15        	2.840395e-17
162.2         	2.840395e-17
162.25        	2.840395e-17
162.3         	2.840395e-17
162.35        	2.840395e-17
162.4         	2.840395e-17
162.45        	2.840395e-17
162.5         	2.840395e-17
162.55        	2.840395e-17
162.6         	2.840395e-17
162.65        	2.840395e-17
162.7         	2.840395e-17
162.75        	2.840395e-17
162.8         	2.840395e-17
162.85        	2.840395e-17
162.9         	2.840395e-17
162.95        	2.840395e-17
163           	2.840395e-17
163.05        	2.840395e-17
163.1         	2.840395e-17
163.15        	2.840395e-17
163.2         	2.840395e-17
163.25        	2.840395e-17
163.3         	2.840395e-17
163.35        	2.840395e-17
163.4         	2.840395e-17
163.45        	2.840395e-17
163.5         	2.840395e-17
163.55        	2.840395e-17
163.6         	2.840395e-17
163.65        	2.840395e-17
163.7         	2.840395e-17
163.75        	2.840395e-17
163.8         	2.840395e-17
163.85        	2.840395e-17
163.9         	2.840395e-17
163.95        	2.840395e-17
164           	2.840395e-17
164.05        	2.840395e-17
164.1         	2.840395e-17
164.15        	2.840395e-17
164.2         	2.840395e-17
164.25        	2.840395e-17
164.3         	2.840395e-17
164.35        	2.840395e-17
164.4         	2.840395e-17
164.45        	2.840395e-17
164.5         	2.840395e-17
164.55        	2.840395e-17
164.6         	2.840395e-17
164.65        	2.840395e-17
164.7         	2.840395e-17
164.75        	2.840395e-17
164.8         	2.840395e-17
164.85        	2.840395e-17
164.9         	2.840395e-17
164.95        	2.840395e-17
165           	2.840395e-17
165.05        	2.840395e-17
165.1         	2.840395e-17
165.15        	2.840395e-17
165.2         	2.840395e-17
165.25        	2.840395e-17
165.3         	2.840395e-17
165.35        	2.840395e-17
165.4         	2.840395e-17
165.45        	2.840395e-17
165.5         	2.840395e-17
165.55        	2.840395e-17
165.6         	2.840395e-17
165.65        	2.840395e-17
165.7         	2.840395e-17
165.75        	2.840395e-17
165.8         	2.840395e-17
165.85        	2.840395e-17
165.9         	2.840395e-17
165.95        	2.840395e-17
166           	2.840395e-17
166.05        	2.840395e-17
166.1         	2.840395e-17
166.15        	2.840395e-17
166.2         	2.840395e-17
166.25        	2.840395e-17
166.3         	2.840395e-17
166.35        	2.840395e-17
166.4         	2.840395e-17
166.45        	2.840395e-17
166.5         	2.840395e-17
166.55        	2.840395e-17
166.6         	2.840395e-17
166.65        	2.840395e-17
166.7         	2.840395e-17
166.75        	2.840395e-17
166.8         	2.840395e-17
166.85        	2.840395e-17
166.9         	2.840395e-17
166.95        	2.840395e-17
167           	2.840395e-17
167.05        	2.840395e-17
167.1         	2.840395e-17
167.15        	2.840395e-17
167.2         	2.840395e-17
167.25        	2.840395e-17
167.3         	2.840395e-17
167.35        	2.840395e-17
167.4         	2.840395e-17
167.45        	2.840395e-17
167.5         	2.840395e-17
167.55        	2.840395e-17
167.6         	2.840395e-17
167.65        	2.840395e-17
167.7         	2.840395e-17
167.75        	2.840395e-17
167.8         	2.840395e-17
167.85        	2.840395e-17
167.9         	2.840395e-17
167.95        	2.840395e-17
168           	2.840395e-17
168.05        	2.840395e-17
168.1         	2.840395e-17
168.15        	2.840395e-17
168.2         	2.840395e-17
168.25        	2.840395e-17
168.3         	2.840395e-17
168.35        	2.840395e-17
168.4         	2.840395e-17
168.45        	2.840395e-17
168.5         	2.840395e-17
168.55        	2.840395e-17
168.6         	2.840395e-17
168.65        	2.840395e-17
168.7         	2.840395e-17
168.75        	2.840395e-17
168.8         	2.840395e-17
168.85        	2.840395e-17
168.9         	2.840395e-17
168.95        	2.840395e-17
169           	2.840395e-17
169.05        	2.840395e-17
169.1         	2.840395e-17
169.15        	2.840395e-17
169.2         	2.840395e-17
169.25        	2.840395e-17
169.3         	2.840395e-17
169.35        	2.840395e-17
169.4         	2.840395e-17
169.45        	2.840395e-17
169.5         	2.840395e-17
169.55        	2.840395e-17
169.6         	2.840395e-17
169.65        	2.840395e-17
169.7         	2.840395e-17
169.75        	2.840395e-17
169.8         	2.840395e-17
169.85        	2.840395e-17
169.9         	2.840395e-17
169.95        	2.840395e-17
170           	2.840395e-17
170.05        	2.840395e-17
170.1         	2.840395e-17
170.15        	2.840395e-17
170.2         	2.840395e-17
170.25        	2.840395e-17
170.3         	2.840395e-17
170.35        	2.840395e-17
170.4         	2.840395e-17
170.45        	2.840395e-17
170.5         	2.840395e-17
170.55        	2.840395e-17
170.6         	2.840395e-17
170.65        	2.840395e-17
170.7         	2.840395e-17
170.75        	2.840395e-17
170.8         	2.840395e-17
170.85        	2.840395e-17
170.9         	2.840395e-17
170.95        	2.840395e-17
171           	2.840395e-17
171.05        	2.840395e-17
171.1         	2.840395e-17
171.15        	2.840395e-17
171.2         	2.840395e-17
171.25        	2.840395e-17
171.3         	2.840395e-17
171.35        	2.840395e-17
171.4         	2.840395e-17
171.45        	2.840395e-17
171.5         	2.840395e-17
171.55        	2.840395e-17
171.6         	2.840395e-17
171.65        	2.840395e-17
171.7         	2.840395e-17
171.75        	2.840395e-17
171.8         	2.840395e-17
171.85        	2.840395e-17
171.9         	2.840395e-17
171.95        	2.840395e-17
172           	2.840395e-17
172.05        	2.840395e-17
172.1         	2.840395e-17
172.15        	2.840395e-17
172.2         	2.840395e-17
172.25        	2.840395e-17
172.3         	2.840395e-17
172.35        	2.840395e-17
172.4         	2.840395e-17
172.45        	2.840395e-17
172.5         	2.840395e-17
172.55        	2.840395e-17
172.6         	2.840395e-17
172.65        	2.840395e-17
172.7         	2.840395e-17
172.75        	2.840395e-17
172.8         	2.840395e-17
172.85        	2.840395e-17
172.9         	2.840395e-17
172.95        	2.840395e-17
173           	2.840395e-17
173.05        	2.840395e-17
173.1         	2.840395e-17
173.15        	2.840395e-17
173.2         	2.840395e-17
173.25        	2.840395e-17
173.3         	2.840395e-17
173.35        	2.840395e-17
173.4         	2.840395e-17
173.45        	2.840395e-17
173.5         	2.840395e-17
173.55        	2.840395e-17
173.6         	2.840395e-17
173.65        	2.840395e-17
173.7         	2.840395e-17
173.75        	2.840395e-17
173.8         	2.840395e-17
173.85        	2.840395e-17
173.9         	2.840395e-17
173.95        	2.840395e-17
174           	2.840395e-17
174.05        	2.840395e-17
174.1         	2.840395e-17
174.15        	2.840395e-17
174.2         	2.840395e-17
174.25        	2.840395e-17
174.3         	2.840395e-17
174.35        	2.840395e-17
174.4         	2.840395e-17
174.45        	2.840395e-17
174.5         	2.840395e-17
174.55        	2.840395e-17
174.6         	2.840395e-17
174.65        	2.840395e-17
174.7         	2.840395e-17
174.75        	2.840395e-17
174.8         	2.840395e-17
174.85        	2.840395e-17
174.9         	2.840395e-17
174.95        	2.840395e-17
175           	2.840395e-17
175.05        	2.840395e-17
175.1         	2.840395e-17
175.15        	2.840395e-17
175.2         	2.840395e-17
175.25        	2.840395e-17
175.3         	2.840395e-17
175.35        	2.840395e-17
175.4         	2.840395e-17
175.45        	2.840395e-17
175.5         	2.840395e-17
175.55        	2.840395e-17
175.6         	2.840395e-17
175.65        	2.840395e-17
175.7         	2.840395e-17
175.75        	2.840395e-17
175.8         	2.840395e-17
175.85        	2.840395e-17
175.9         	2.840395e-17
175.95        	2.840395e-17
176           	2.840395e-17
176.05        	2.840395e-17
176.1         	2.840395e-17
176.15        	2.840395e-17
176.2         	2.840395e-17
176.25        	2.840395e-17
176.3         	2.840395e-17
176.35        	2.840395e-17
176.4         	2.840395e-17
176.45        	2.840395e-17
176.5         	2.840395e-17
176.55        	2.840395e-17
176.6         	2.840395e-17
176.65        	2.840395e-17
176.7         	2.840395e-17
176.75        	2.840395e-17
176.8         	2.840395e-17
176.85        	2.840395e-17
176.9         	2.840395e-17
176.95        	2.840395e-17
177           	2.840395e-17
177.05        	2.840395e-17
177.1         	2.840395e-17
177.15        	2.840395e-17
177.2         	2.840395e-17
177.25        	2.840395e-17
177.3         	2.840395e-17
177.35        	2.840395e-17
177.4         	2.840395e-17
177.45        	2.840395e-17
177.5         	2.840395e-17
177.55        	2.840395e-17
177.6         	2.840395e-17
177.65        	2.840395e-17
177.7         	2.840395e-17
177.75        	2.840395e-17
177.8         	2.840395e-17
177.85        	2.840395e-17
177.9         	2.840395e-17
177.95        	2.840395e-17
178           	2.840395e-17
178.05        	2.840395e-17
178.1         	2.840395e-17
178.15        	2.840395e-17
178.2         	2.840395e-17
178.25        	2.840395e-17
178.3         	2.840395e-17
178.35        	2.840395e-17
178.4         	2.840395e-17
178.45        	2.840395e-17
178.5         	2.840395e-17
178.55        	2.840395e-17
178.6         	2.840395e-17
178.65        	2.840395e-17
178.7         	2.840395e-17
178.75        	2.840395e-17
178.8         	2.840395e-17
178.85        	2.840395e-17
178.9         	2.840395e-17
178.95        	2.840395e-17
179           	2.840395e-17
179.05        	2.840395e-17
179.1         	2.840395e-17
179.15        	2.840395e-17
179.2         	2.840395e-17
179.25        	2.840395e-17
179.3         	2.840395e-17
179.35        	2.840395e-17
179.4         	2.840395e-17
179.45        	2.840395e-17
179.5         	2.840395e-17
179.55        	2.840395e-17
179.6         	2.840395e-17
179.65        	2.840395e-17
179.7         	2.840395e-17
179.75        	2.840395e-17
179.8         	2.840395e-17
179.85        	2.840395e-17
179.9         	2.840395e-17
179.95        	2.840395e-17
180           	2.840395e-17
180.05        	2.840395e-17
180.1         	2.840395e-17
180.15        	2.840395e-17
180.2         	2.840395e-17
180.25        	2.840395e-17
180.3         	2.840395e-17
180.35        	2.840395e-17
180.4         	2.840395e-17
180.45        	2.840395e-17
180.5         	2.840395e-17
180.55        	2.840395e-17
180.6         	2.840395e-17
180.65        	2.840395e-17
180.7         	2.840395e-17
180.75        	2.840395e-17
180.8         	2.840395e-17
180.85        	2.840395e-17
180.9         	2.840395e-17
180.95        	2.840395e-17
181           	2.840395e-17
181.05        	2.840395e-17
181.1         	2.840395e-17
181.15        	2.840395e-17
181.2         	2.840395e-17
181.25        	2.840395e-17
181.3         	2.840395e-17
181.35        	2.840395e-17
181.4         	2.840395e-17
181.45        	2.840395e-17
181.5         	2.840395e-17
181.55        	2.840395e-17
181.6         	2.840395e-17
181.65        	2.840395e-17
181.7         	2.840395e-17
181.75        	2.840395e-17
181.8         	2.840395e-17
181.85        	2.840395e-17
181.9         	2.840395e-17
181.95        	2.840395e-17
182           	2.840395e-17
182.05        	2.840395e-17
182.1         	2.840395e-17
182.15        	2.840395e-17
182.2         	2.840395e-17
182.25        	2.840395e-17
182.3         	2.840395e-17
182.35        	2.840395e-17
182.4         	2.840395e-17
182.45        	2.840395e-17
182.5         	2.840395e-17
182.55        	2.840395e-17
182.6         	2.840395e-17
182.65        	2.840395e-17
182.7         	2.840395e-17
182.75        	2.840395e-17
182.8         	2.840395e-17
182.85        	2.840395e-17
182.9         	2.840395e-17
182.95        	2.840395e-17
183           	2.840395e-17
183.05        	2.840395e-17
183.1         	2.840395e-17
183.15        	2.840395e-17
183.2         	2.840395e-17
183.25        	2.840395e-17
183.3         	2.840395e-17
183.35        	2.840395e-17
183.4         	2.840395e-17
183.45        	2.840395e-17
183.5         	2.840395e-17
183.55        	2.840395e-17
183.6         	2.840395e-17
183.65        	2.840395e-17
183.7         	2.840395e-17
183.75        	2.840395e-17
183.8         	2.840395e-17
183.85        	2.840395e-17
183.9         	2.840395e-17
183.95        	2.840395e-17
184           	2.840395e-17
184.05        	2.840395e-17
184.1         	2.840395e-17
184.15        	2.840395e-17
184.2         	2.840395e-17
184.25        	2.840395e-17
184.3         	2.840395e-17
184.35        	2.840395e-17
184.4         	2.840395e-17
184.45        	2.840395e-17
184.5         	2.840395e-17
184.55        	2.840395e-17
184.6         	2.840395e-17
184.65        	2.840395e-17
184.7         	2.840395e-17
184.75        	2.840395e-17
184.8         	2.840395e-17
184.85        	2.840395e-17
184.9         	2.840395e-17
184.95        	2.840395e-17
185           	2.840395e-17
185.05        	2.840395e-17
185.1         	2.840395e-17
185.15        	2.840395e-17
185.2         	2.840395e-17
185.25        	2.840395e-17
185.3         	2.840395e-17
185.35        	2.840395e-17
185.4         	2.840395e-17
185.45        	2.840395e-17
185.5         	2.840395e-17
185.55        	2.840395e-17
185.6         	2.840395e-17
185.65        	2.840395e-17
185.7         	2.840395e-17
185.75        	2.840395e-17
185.8         	2.840395e-17
185.85        	2.840395e-17
185.9         	2.840395e-17
185.95        	2.840395e-17
186           	2.840395e-17
186.05        	2.840395e-17
186.1         	2.840395e-17
186.15        	2.840395e-17
186.2         	2.840395e-17
186.25        	2.840395e-17
186.3         	2.840395e-17
186.35        	2.840395e-17
186.4         	2.840395e-17
186.45        	2.840395e-17
186.5         	2.840395e-17
186.55        	2.840395e-17
186.6         	2.840395e-17
186.65        	2.840395e-17
186.7         	2.840395e-17
186.75        	2.840395e-17
186.8         	2.840395e-17
186.85        	2.840395e-17
186.9         	2.840395e-17
186.95        	2.840395e-17
187           	2.840395e-17
187.05        	2.840395e-17
187.1         	2.840395e-17
187.15        	2.840395e-17
187.2         	2.840395e-17
187.25        	2.840395e-17
187.3         	2.840395e-17
187.35        	2.840395e-17
187.4         	2.840395e-17
187.45        	2.840395e-17
187.5         	2.840395e-17
187.55        	2.840395e-17
187.6         	2.840395e-17
187.65        	2.840395e-17
187.7         	2.840395e-17
187.75        	2.840395e-17
187.8         	2.840395e-17
187.85        	2.840395e-17
187.9         	2.840395e-17
187.95        	2.840395e-17
188           	2.840395e-17
188.05        	2.840395e-17
188.1         	2.840395e-17
188.15        	2.840395e-17
188.2         	2.840395e-17
188.25        	2.840395e-17
188.3         	2.840395e-17
188.35        	2.840395e-17
188.4         	2.840395e-17
188.45        	2.840395e-17
188.5         	2.840395e-17
188.55        	2.840395e-17
188.6         	2.840395e-17
188.65        	2.840395e-17
188.7         	2.840395e-17
188.75        	2.840395e-17
188.8         	2.840395e-17
188.85        	2.840395e-17
188.9         	2.840395e-17
188.95        	2.840395e-17
189           	2.840395e-17
189.05        	2.840395e-17
189.1         	2.840395e-17
189.15        	2.840395e-17
189.2         	2.840395e-17
189.25        	2.840395e-17
189.3         	2.840395e-17
189.35        	2.840395e-17
189.4         	2.840395e-17
189.45        	2.840395e-17
189.5         	2.840395e-17
189.55        	2.840395e-17
189.6         	2.840395e-17
189.65        	2.840395e-17
189.7         	2.840395e-17
189.75        	2.840395e-17
189.8         	2.840395e-17
189.85        	2.840395e-17
189.9         	2.840395e-17
189.95        	2.840395e-17
190           	2.840395e-17
190.05        	2.840395e-17
190.1         	2.840395e-17
190.15        	2.840395e-17
190.2         	2.840395e-17
190.25        	2.840395e-17
190.3         	2.840395e-17
190.35        	2.840395e-17
190.4         	2.840395e-17
190.45        	2.840395e-17
190.5         	2.840395e-17
190.55        	2.840395e-17
190.6         	2.840395e-17
190.65        	2.840395e-17
190.7         	2.840395e-17
190.75        	2.840395e-17
190.8         	2.840395e-17
190.85        	2.840395e-17
190.9         	2.840395e-17
190.95        	2.840395e-17
191           	2.840395e-17
191.05        	2.840395e-17
191.1         	2.840395e-17
191.15        	2.840395e-17
191.2         	2.840395e-17
191.25        	2.840395e-17
191.3         	2.840395e-17
191.35        	2.840395e-17
191.4         	2.840395e-17
191.45        	2.840395e-17
191.5         	2.840395e-17
191.55        	2.840395e-17
191.6         	2.840395e-17
191.65        	2.840395e-17
191.7         	2.840395e-17
191.75        	2.840395e-17
191.8         	2.840395e-17
191.85        	2.840395e-17
191.9         	2.840395e-17
191.95        	2.840395e-17
192           	2.840395e-17
192.05        	2.840395e-17
192.1         	2.840395e-17
192.15        	2.840395e-17
192.2         	2.840395e-17
192.25        	2.840395e-17
192.3         	2.840395e-17
192.35        	2.840395e-17
192.4         	2.840395e-17
192.45        	2.840395e-17
192.5         	2.840395e-17
192.55        	2.840395e-17
192.6         	2.840395e-17
192.65        	2.840395e-17
192.7         	2.840395e-17
192.75        	2.840395e-17
192.8         	2.840395e-17
192.85        	2.840395e-17
192.9         	2.840395e-17
192.95        	2.840395e-17
193           	2.840395e-17
193.05        	2.840395e-17
193.1         	2.840395e-17
193.15        	2.840395e-17
193.2         	2.840395e-17
193.25        	2.840395e-17
193.3         	2.840395e-17
193.35        	2.840395e-17
193.4         	2.840395e-17
193.45        	2.840395e-17
193.5         	2.840395e-17
193.55        	2.840395e-17
193.6         	2.840395e-17
193.65        	2.840395e-17
193.7         	2.840395e-17
193.75        	2.840395e-17
193.8         	2.840395e-17
193.85        	2.840395e-17
193.9         	2.840395e-17
193.95        	2.840395e-17
194           	2.840395e-17
194.05        	2.840395e-17
194.1         	2.840395e-17
194.15        	2.840395e-17
194.2         	2.840395e-17
194.25        	2.840395e-17
194.3         	2.840395e-17
194.35        	2.840395e-17
194.4         	2.840395e-17
194.45        	2.840395e-17
194.5         	2.840395e-17
194.55        	2.840395e-17
194.6         	2.840395e-17
194.65        	2.840395e-17
194.7         	2.840395e-17
194.75        	2.840395e-17
194.8         	2.840395e-17
194.85        	2.840395e-17
194.9         	2.840395e-17
194.95        	2.840395e-17
195           	2.840395e-17
195.05        	2.840395e-17
195.1         	2.840395e-17
195.15        	2.840395e-17
195.2         	2.840395e-17
195.25        	2.840395e-17
195.3         	2.840395e-17
195.35        	2.840395e-17
195.4         	2.840395e-17
195.45        	2.840395e-17
195.5         	2.840395e-17
195.55        	2.840395e-17
195.6         	2.840395e-17
195.65        	2.840395e-17
195.7         	2.840395e-17
195.75        	2.840395e-17
195.8         	2.840395e-17
195.85        	2.840395e-17
195.9         	2.840395e-17
195.95        	2.840395e-17
196           	2.840395e-17
196.05        	2.840395e-17
196.1         	2.840395e-17
196.15        	2.840395e-17
196.2         	2.840395e-17
196.25        	2.840395e-17
196.3         	2.840395e-17
196.35        	2.840395e-17
196.4         	2.840395e-17
196.45        	2.840395e-17
196.5         	2.840395e-17
196.55        	2.840395e-17
196.6         	2.840395e-17
196.65        	2.840395e-17
196.7         	2.840395e-17
196.75        	2.840395e-17
196.8         	2.840395e-17
196.85        	2.840395e-17
196.9         	2.840395e-17
196.95        	2.840395e-17
197           	2.840395e-17
197.05        	2.840395e-17
197.1         	2.840395e-17
197.15        	2.840395e-17
197.2         	2.840395e-17
197.25        	2.840395e-17
197.3         	2.840395e-17
197.35        	2.840395e-17
197.4         	2.840395e-17
197.45        	2.840395e-17
197.5         	2.840395e-17
197.55        	2.840395e-17
197.6         	2.840395e-17
197.65        	2.840395e-17
197.7         	2.840395e-17
197.75        	2.840395e-17
197.8         	2.840395e-17
197.85        	2.840395e-17
197.9         	2.840395e-17
197.95        	2.840395e-17
198           	2.840395e-17
198.05        	2.840395e-17
198.1         	2.840395e-17
198.15        	2.840395e-17
198.2         	2.840395e-17
198.25        	2.840395e-17
198.3         	2.840395e-17
198.35        	2.840395e-17
198.4         	2.840395e-17
198.45        	2.840395e-17
198.5         	2.840395e-17
198.55        	2.840395e-17
198.6         	2.840395e-17
198.65        	2.840395e-17
198.7         	2.840395e-17
198.75        	2.840395e-17
198.8         	2.840395e-17
198.85        	2.840395e-17
198.9         	2.840395e-17
198.95        	2.840395e-17
199           	2.840395e-17
199.05        	2.840395e-17
199.1         	2.840395e-17
199.15        	2.840395e-17
199.2         	2.840395e-17
199.25        	2.840395e-17
199.3         	2.840395e-17
199.35        	2.840395e-17
199.4         	2.840395e-17
199.45        	2.840395e-17
199.5         	2.840395e-17
199.55        	2.840395e-17
199.6         	2.840395e-17
199.65        	2.840395e-17
199.7         	2.840395e-17
199.75        	2.840395e-17
199.8         	2.840395e-17
199.85        	2.840395e-17
199.9         	2.840395e-17
199.95        	2.840395e-17
200           	2.840395e-17
200.05        	2.840395e-17
200.1         	2.840395e-17
200.15        	2.840395e-17
200.2         	2.840395e-17
200.25        	2.840395e-17
200.3         	2.840395e-17
200.35        	2.840395e-17
200.4         	2.840395e-17
200.45        	2.840395e-17
200.5         	2.840395e-17
200.55        	2.840395e-17
200.6         	2.840395e-17
200.65        	2.840395e-17
200.7         	2.840395e-17
200.75        	2.840395e-17
200.8         	2.840395e-17
200.85        	2.840395e-17
200.9         	2.840395e-17
200.95        	2.840395e-17
201           	2.840395e-17
201.05        	2.840395e-17
201.1         	2.840395e-17
201.15        	2.840395e-17
201.2         	2.840395e-17
201.25        	2.840395e-17
201.3         	2.840395e-17
201.35        	2.840395e-17
201.4         	2.840395e-17
201.45        	2.840395e-17
201.5         	2.840395e-17
201.55        	2.840395e-17
201.6         	2.840395e-17
201.65        	2.840395e-17
201.7         	2.840395e-17
201.75        	2.840395e-17
201.8         	2.840395e-17
201.85        	2.840395e-17
201.9         	2.840395e-17
201.95        	2.840395e-17
202           	2.840395e-17
202.05        	2.840395e-17
202.1         	2.840395e-17
202.15        	2.840395e-17
202.2         	2.840395e-17
202.25        	2.840395e-17
202.3         	2.840395e-17
202.35        	2.840395e-17
202.4         	2.840395e-17
202.45        	2.840395e-17
202.5         	2.840395e-17
202.55        	2.840395e-17
202.6         	2.840395e-17
202.65        	2.840395e-17
202.7         	2.840395e-17
202.75        	2.840395e-17
202.8         	2.840395e-17
202.85        	2.840395e-17
202.9         	2.840395e-17
202.95        	2.840395e-17
203           	2.840395e-17
203.05        	2.840395e-17
203.1         	2.840395e-17
203.15        	2.840395e-17
203.2         	2.840395e-17
203.25        	2.840395e-17
203.3         	2.840395e-17
203.35        	2.840395e-17
203.4         	2.840395e-17
203.45        	2.840395e-17
203.5         	2.840395e-17
203.55        	2.840395e-17
203.6         	2.840395e-17
203.65        	2.840395e-17
203.7         	2.840395e-17
203.75        	2.840395e-17
203.8         	2.840395e-17
203.85        	2.840395e-17
203.9         	2.840395e-17
203.95        	2.840395e-17
204           	2.840395e-17
204.05        	2.840395e-17
204.1         	2.840395e-17
204.15        	2.840395e-17
204.2         	2.840395e-17
204.25        	2.840395e-17
204.3         	2.840395e-17
204.35        	2.840395e-17
204.4         	2.840395e-17
204.45        	2.840395e-17
204.5         	2.840395e-17
204.55        	2.840395e-17
204.6         	2.840395e-17
204.65        	2.840395e-17
204.7         	2.840395e-17
204.75        	2.840395e-17
204.8         	2.840395e-17
204.85        	2.840395e-17
204.9         	2.840395e-17
204.95        	2.840395e-17
205           	2.840395e-17
205.05        	2.840395e-17
205.1         	2.840395e-17
205.15        	2.840395e-17
205.2         	2.840395e-17
205.25        	2.840395e-17
205.3         	2.840395e-17
205.35        	2.840395e-17
205.4         	2.840395e-17
205.45        	2.840395e-17
205.5         	2.840395e-17
205.55        	2.840395e-17
205.6         	2.840395e-17
205.65        	2.840395e-17
205.7         	2.840395e-17
205.75        	2.840395e-17
205.8         	2.840395e-17
205.85        	2.840395e-17
205.9         	2.840395e-17
205.95        	2.840395e-17
206           	2.840395e-17
206.05        	2.840395e-17
206.1         	2.840395e-17
206.15        	2.840395e-17
206.2         	2.840395e-17
206.25        	2.840395e-17
206.3         	2.840395e-17
206.35        	2.840395e-17
206.4         	2.840395e-17
206.45        	2.840395e-17
206.5         	2.840395e-17
206.55        	2.840395e-17
206.6         	2.840395e-17
206.65        	2.840395e-17
206.7         	2.840395e-17
206.75        	2.840395e-17
206.8         	2.840395e-17
206.85        	2.840395e-17
206.9         	2.840395e-17
206.95        	2.840395e-17
207           	2.840395e-17
207.05        	2.840395e-17
207.1         	2.840395e-17
207.15        	2.840395e-17
207.2         	2.840395e-17
207.25        	2.840395e-17
207.3         	2.840395e-17
207.35        	2.840395e-17
207.4         	2.840395e-17
207.45        	2.840395e-17
207.5         	2.840395e-17
207.55        	2.840395e-17
207.6         	2.840395e-17
207.65        	2.840395e-17
207.7         	2.840395e-17
207.75        	2.840395e-17
207.8         	2.840395e-17
207.85        	2.840395e-17
207.9         	2.840395e-17
207.95        	2.840395e-17
208           	2.840395e-17
208.05        	2.840395e-17
208.1         	2.840395e-17
208.15        	2.840395e-17
208.2         	2.840395e-17
208.25        	2.840395e-17
208.3         	2.840395e-17
208.35        	2.840395e-17
208.4         	2.840395e-17
208.45        	2.840395e-17
208.5         	2.840395e-17
208.55        	2.840395e-17
208.6         	2.840395e-17
208.65        	2.840395e-17
208.7         	2.840395e-17
208.75        	2.840395e-17
208.8         	2.840395e-17
208.85        	2.840395e-17
208.9         	2.840395e-17
208.95        	2.840395e-17
209           	2.840395e-17
209.05        	2.840395e-17
209.1         	2.840395e-17
209.15        	2.840395e-17
209.2         	2.840395e-17
209.25        	2.840395e-17
209.3         	2.840395e-17
209.35        	2.840395e-17
209.4         	2.840395e-17
209.45        	2.840395e-17
209.5         	2.840395e-17
209.55        	2.840395e-17
209.6         	2.840395e-17
209.65        	2.840395e-17
209.7         	2.840395e-17
209.75        	2.840395e-17
209.8         	2.840395e-17
209.85        	2.840395e-17
209.9         	2.840395e-17
209.95        	2.840395e-17
210           	2.840395e-17
210.05        	2.840395e-17
210.1         	2.840395e-17
210.15        	2.840395e-17
210.2         	2.840395e-17
210.25        	2.840395e-17
210.3         	2.840395e-17
210.35        	2.840395e-17
210.4         	2.840395e-17
210.45        	2.840395e-17
210.5         	2.840395e-17
210.55        	2.840395e-17
210.6         	2.840395e-17
210.65        	2.840395e-17
210.7         	2.840395e-17
210.75        	2.840395e-17
210.8         	2.840395e-17
210.85        	2.840395e-17
210.9         	2.840395e-17
210.95        	2.840395e-17
211           	2.840395e-17
211.05        	2.840395e-17
211.1         	2.840395e-17
211.15        	2.840395e-17
211.2         	2.840395e-17
211.25        	2.840395e-17
211.3         	2.840395e-17
211.35        	2.840395e-17
211.4         	2.840395e-17
211.45        	2.840395e-17
211.5         	2.840395e-17
211.55        	2.840395e-17
211.6         	2.840395e-17
211.65        	2.840395e-17
211.7         	2.840395e-17
211.75        	2.840395e-17
211.8         	2.840395e-17
211.85        	2.840395e-17
211.9         	2.840395e-17
211.95        	2.840395e-17
212           	2.840395e-17
212.05        	2.840395e-17
212.1         	2.840395e-17
212.15        	2.840395e-17
212.2         	2.840395e-17
212.25        	2.840395e-17
212.3         	2.840395e-17
212.35        	2.840395e-17
212.4         	2.840395e-17
212.45        	2.840395e-17
212.5         	2.840395e-17
212.55        	2.840395e-17
212.6         	2.840395e-17
212.65        	2.840395e-17
212.7         	2.840395e-17
212.75        	2.840395e-17
212.8         	2.840395e-17
212.85        	2.840395e-17
212.9         	2.840395e-17
212.95        	2.840395e-17
213           	2.840395e-17
213.05        	2.840395e-17
213.1         	2.840395e-17
213.15        	2.840395e-17
213.2         	2.840395e-17
213.25        	2.840395e-17
213.3         	2.840395e-17
213.35        	2.840395e-17
213.4         	2.840395e-17
213.45        	2.840395e-17
213.5         	2.840395e-17
213.55        	2.840395e-17
213.6         	2.840395e-17
213.65        	2.840395e-17
213.7         	2.840395e-17
213.75        	2.840395e-17
213.8         	2.840395e-17
213.85        	2.840395e-17
213.9         	2.840395e-17
213.95        	2.840395e-17
214           	2.840395e-17
214.05        	2.840395e-17
214.1         	2.840395e-17
214.15        	2.840395e-17
214.2         	2.840395e-17
214.25        	2.840395e-17
214.3         	2.840395e-17
214.35        	2.840395e-17
214.4         	2.840395e-17
214.45        	2.840395e-17
214.5         	2.840395e-17
214.55        	2.840395e-17
214.6         	2.840395e-17
214.65        	2.840395e-17
214.7         	2.840395e-17
214.75        	2.840395e-17
214.8         	2.840395e-17
214.85        	2.840395e-17
214.9         	2.840395e-17
214.95        	2.840395e-17
215           	2.840395e-17
215.05        	2.840395e-17
215.1         	2.840395e-17
215.15        	2.840395e-17
215.2         	2.840395e-17
215.25        	2.840395e-17
215.3         	2.840395e-17
215.35        	2.840395e-17
215.4         	2.840395e-17
215.45        	2.840395e-17
215.5         	2.840395e-17
215.55        	2.840395e-17
215.6         	2.840395e-17
215.65        	2.840395e-17
215.7         	2.840395e-17
215.75        	2.840395e-17
215.8         	2.840395e-17
215.85        	2.840395e-17
215.9         	2.840395e-17
215.95        	2.840395e-17
216           	2.840395e-17
216.05        	2.840395e-17
216.1         	2.840395e-17
216.15        	2.840395e-17
216.2         	2.840395e-17
216.25        	2.840395e-17
216.3         	2.840395e-17
216.35        	2.840395e-17
216.4         	2.840395e-17
216.45        	2.840395e-17
216.5         	2.840395e-17
216.55        	2.840395e-17
216.6         	2.840395e-17
216.65        	2.840395e-17
216.7         	2.840395e-17
216.75        	2.840395e-17
216.8         	2.840395e-17
216.85        	2.840395e-17
216.9         	2.840395e-17
216.95        	2.840395e-17
217           	2.840395e-17
217.05        	2.840395e-17
217.1         	2.840395e-17
217.15        	2.840395e-17
217.2         	2.840395e-17
217.25        	2.840395e-17
217.3         	2.840395e-17
217.35        	2.840395e-17
217.4         	2.840395e-17
217.45        	2.840395e-17
217.5         	2.840395e-17
217.55        	2.840395e-17
217.6         	2.840395e-17
217.65        	2.840395e-17
217.7         	2.840395e-17
217.75        	2.840395e-17
217.8         	2.840395e-17
217.85        	2.840395e-17
217.9         	2.840395e-17
217.95        	2.840395e-17
218           	2.840395e-17
218.05        	2.840395e-17
218.1         	2.840395e-17
218.15        	2.840395e-17
218.2         	2.840395e-17
218.25        	2.840395e-17
218.3         	2.840395e-17
218.35        	2.840395e-17
218.4         	2.840395e-17
218.45        	2.840395e-17
218.5         	2.840395e-17
218.55        	2.840395e-17
218.6         	2.840395e-17
218.65        	2.840395e-17
218.7         	2.840395e-17
218.75        	2.840395e-17
218.8         	2.840395e-17
218.85        	2.840395e-17
218.9         	2.840395e-17
218.95        	2.840395e-17
219           	2.840395e-17
219.05        	2.840395e-17
219.1         	2.840395e-17
219.15        	2.840395e-17
219.2         	2.840395e-17
219.25        	2.840395e-17
219.3         	2.840395e-17
219.35        	2.840395e-17
219.4         	2.840395e-17
219.45        	2.840395e-17
219.5         	2.840395e-17
219.55        	2.840395e-17
219.6         	2.840395e-17
219.65        	2.840395e-17
219.7         	2.840395e-17
219.75        	2.840395e-17
219.8         	2.840395e-17
219.85        	2.840395e-17
219.9         	2.840395e-17
219.95        	2.840395e-17
220           	2.840395e-17
220.05        	2.840395e-17
220.1         	2.840395e-17
220.15        	2.840395e-17
220.2         	2.840395e-17
220.25        	2.840395e-17
220.3         	2.840395e-17
220.35        	2.840395e-17
220.4         	2.840395e-17
220.45        	2.840395e-17
220.5         	2.840395e-17
220.55        	2.840395e-17
220.6         	2.840395e-17
220.65        	2.840395e-17
220.7         	2.840395e-17
220.75        	2.840395e-17
220.8         	2.840395e-17
220.85        	2.840395e-17
220.9         	2.840395e-17
220.95        	2.840395e-17
221           	2.840395e-17
221.05        	2.840395e-17
221.1         	2.840395e-17
221.15        	2.840395e-17
221.2         	2.840395e-17
221.25        	2.840395e-17
221.3         	2.840395e-17
221.35        	2.840395e-17
221.4         	2.840395e-17
221.45        	2.840395e-17
221.5         	2.840395e-17
221.55        	2.840395e-17
221.6         	2.840395e-17
221.65        	2.840395e-17
221.7         	2.840395e-17
221.75        	2.840395e-17
221.8         	2.840395e-17
221.85        	2.840395e-17
221.9         	2.840395e-17
221.95        	2.840395e-17
222           	2.840395e-17
222.05        	2.840395e-17
222.1         	2.840395e-17
222.15        	2.840395e-17
222.2         	2.840395e-17
222.25        	2.840395e-17
222.3         	2.840395e-17
222.35        	2.840395e-17
222.4         	2.840395e-17
222.45        	2.840395e-17
222.5         	2.840395e-17
222.55        	2.840395e-17
222.6         	2.840395e-17
222.65        	2.840395e-17
222.7         	2.840395e-17
222.75        	2.840395e-17
222.8         	2.840395e-17
222.85        	2.840395e-17
222.9         	2.840395e-17
222.95        	2.840395e-17
223           	2.840395e-17
223.05        	2.840395e-17
223.1         	2.840395e-17
223.15        	2.840395e-17
223.2         	2.840395e-17
223.25        	2.840395e-17
223.3         	2.840395e-17
223.35        	2.840395e-17
223.4         	2.840395e-17
223.45        	2.840395e-17
223.5         	2.840395e-17
223.55        	2.840395e-17
223.6         	2.840395e-17
223.65        	2.840395e-17
223.7         	2.840395e-17
223.75        	2.840395e-17
223.8         	2.840395e-17
223.85        	2.840395e-17
223.9         	2.840395e-17
223.95        	2.840395e-17
224           	2.840395e-17
224.05        	2.840395e-17
224.1         	2.840395e-17
224.15        	2.840395e-17
224.2         	2.840395e-17
224.25        	2.840395e-17
224.3         	2.840395e-17
224.35        	2.840395e-17
224.4         	2.840395e-17
224.45        	2.840395e-17
224.5         	2.840395e-17
224.55        	2.840395e-17
224.6         	2.840395e-17
224.65        	2.840395e-17
224.7         	2.840395e-17
224.75        	2.840395e-17
224.8         	2.840395e-17
224.85        	2.840395e-17
224.9         	2.840395e-17
224.95        	2.840395e-17
225           	2.840395e-17
225.05        	2.840395e-17
225.1         	2.840395e-17
225.15        	2.840395e-17
225.2         	2.840395e-17
225.25        	2.840395e-17
225.3         	2.840395e-17
225.35        	2.840395e-17
225.4         	2.840395e-17
225.45        	2.840395e-17
225.5         	2.840395e-17
225.55        	2.840395e-17
225.6         	2.840395e-17
225.65        	2.840395e-17
225.7         	2.840395e-17
225.75        	2.840395e-17
225.8         	2.840395e-17
225.85        	2.840395e-17
225.9         	2.840395e-17
225.95        	2.840395e-17
226           	2.840395e-17
226.05        	2.840395e-17
226.1         	2.840395e-17
226.15        	2.840395e-17
226.2         	2.840395e-17
226.25        	2.840395e-17
226.3         	2.840395e-17
226.35        	2.840395e-17
226.4         	2.840395e-17
226.45        	2.840395e-17
226.5         	2.840395e-17
226.55        	2.840395e-17
226.6         	2.840395e-17
226.65        	2.840395e-17
226.7         	2.840395e-17
226.75        	2.840395e-17
226.8         	2.840395e-17
226.85        	2.840395e-17
226.9         	2.840395e-17
226.95        	2.840395e-17
227           	2.840395e-17
227.05        	2.840395e-17
227.1         	2.840395e-17
227.15        	2.840395e-17
227.2         	2.840395e-17
227.25        	2.840395e-17
227.3         	2.840395e-17
227.35        	2.840395e-17
227.4         	2.840395e-17
227.45        	2.840395e-17
227.5         	2.840395e-17
227.55        	2.840395e-17
227.6         	2.840395e-17
227.65        	2.840395e-17
227.7         	2.840395e-17
227.75        	2.840395e-17
227.8         	2.840395e-17
227.85        	2.840395e-17
227.9         	2.840395e-17
227.95        	2.840395e-17
228           	2.840395e-17
228.05        	2.840395e-17
228.1         	2.840395e-17
228.15        	2.840395e-17
228.2         	2.840395e-17
228.25        	2.840395e-17
228.3         	2.840395e-17
228.35        	2.840395e-17
228.4         	2.840395e-17
228.45        	2.840395e-17
228.5         	2.840395e-17
228.55        	2.840395e-17
228.6         	2.840395e-17
228.65        	2.840395e-17
228.7         	2.840395e-17
228.75        	2.840395e-17
228.8         	2.840395e-17
228.85        	2.840395e-17
228.9         	2.840395e-17
228.95        	2.840395e-17
229           	2.840395e-17
229.05        	2.840395e-17
229.1         	2.840395e-17
229.15        	2.840395e-17
229.2         	2.840395e-17
229.25        	2.840395e-17
229.3         	2.840395e-17
229.35        	2.840395e-17
229.4         	2.840395e-17
229.45        	2.840395e-17
229.5         	2.840395e-17
229.55        	2.840395e-17
229.6         	2.840395e-17
229.65        	2.840395e-17
229.7         	2.840395e-17
229.75        	2.840395e-17
229.8         	2.840395e-17
229.85        	2.840395e-17
229.9         	2.840395e-17
229.95        	2.840395e-17
230           	2.840395e-17
230.05        	2.840395e-17
230.1         	2.840395e-17
230.15        	2.840395e-17
230.2         	2.840395e-17
230.25        	2.840395e-17
230.3         	2.840395e-17
230.35        	2.840395e-17
230.4         	2.840395e-17
230.45        	2.840395e-17
230.5         	2.840395e-17
230.55        	2.840395e-17
230.6         	2.840395e-17
230.65        	2.840395e-17
230.7         	2.840395e-17
230.75        	2.840395e-17
230.8         	2.840395e-17
230.85        	2.840395e-17
230.9         	2.840395e-17
230.95        	2.840395e-17
231           	2.840395e-17
231.05        	2.840395e-17
231.1         	2.840395e-17
231.15        	2.840395e-17
231.2         	2.840395e-17
231.25        	2.840395e-17
231.3         	2.840395e-17
231.35        	2.840395e-17
231.4         	2.840395e-17
231.45        	2.840395e-17
231.5         	2.840395e-17
231.55        	2.840395e-17
231.6         	2.840395e-17
231.65        	2.840395e-17
231.7         	2.840395e-17
231.75        	2.840395e-17
231.8         	2.840395e-17
231.85        	2.840395e-17
231.9         	2.840395e-17
231.95        	2.840395e-17
232           	2.840395e-17
232.05        	2.840395e-17
232.1         	2.840395e-17
232.15        	2.840395e-17
232.2         	2.840395e-17
232.25        	2.840395e-17
232.3         	2.840395e-17
232.35        	2.840395e-17
232.4         	2.840395e-17
232.45        	2.840395e-17
232.5         	2.840395e-17
232.55        	2.840395e-17
232.6         	2.840395e-17
232.65        	2.840395e-17
232.7         	2.840395e-17
232.75        	2.840395e-17
232.8         	2.840395e-17
232.85        	2.840395e-17
232.9         	2.840395e-17
232.95        	2.840395e-17
233           	2.840395e-17
233.05        	2.840395e-17
233.1         	2.840395e-17
233.15        	2.840395e-17
233.2         	2.840395e-17
233.25        	2.840395e-17
233.3         	2.840395e-17
233.35        	2.840395e-17
233.4         	2.840395e-17
233.45        	2.840395e-17
233.5         	2.840395e-17
233.55        	2.840395e-17
233.6         	2.840395e-17
233.65        	2.840395e-17
233.7         	2.840395e-17
233.75        	2.840395e-17
233.8         	2.840395e-17
233.85        	2.840395e-17
233.9         	2.840395e-17
233.95        	2.840395e-17
234           	2.840395e-17
234.05        	2.840395e-17
234.1         	2.840395e-17
234.15        	2.840395e-17
234.2         	2.840395e-17
234.25        	2.840395e-17
234.3         	2.840395e-17
234.35        	2.840395e-17
234.4         	2.840395e-17
234.45        	2.840395e-17
234.5         	2.840395e-17
234.55        	2.840395e-17
234.6         	2.840395e-17
234.65        	2.840395e-17
234.7         	2.840395e-17
234.75        	2.840395e-17
234.8         	2.840395e-17
234.85        	2.840395e-17
234.9         	2.840395e-17
234.95        	2.840395e-17
235           	2.840395e-17
235.05        	2.840395e-17
235.1         	2.840395e-17
235.15        	2.840395e-17
235.2         	2.840395e-17
235.25        	2.840395e-17
235.3         	2.840395e-17
235.35        	2.840395e-17
235.4         	2.840395e-17
235.45        	2.840395e-17
235.5         	2.840395e-17
235.55        	2.840395e-17
235.6         	2.840395e-17
235.65        	2.840395e-17
235.7         	2.840395e-17
235.75        	2.840395e-17
235.8         	2.840395e-17
235.85        	2.840395e-17
235.9         	2.840395e-17
235.95        	2.840395e-17
236           	2.840395e-17
236.05        	2.840395e-17
236.1         	2.840395e-17
236.15        	2.840395e-17
236.2         	2.840395e-17
236.25        	2.840395e-17
236.3         	2.840395e-17
236.35        	2.840395e-17
236.4         	2.840395e-17
236.45        	2.840395e-17
236.5         	2.840395e-17
236.55        	2.840395e-17
236.6         	2.840395e-17
236.65        	2.840395e-17
236.7         	2.840395e-17
236.75        	2.840395e-17
236.8         	2.840395e-17
236.85        	2.840395e-17
236.9         	2.840395e-17
236.95        	2.840395e-17
237           	2.840395e-17
237.05        	2.840395e-17
237.1         	2.840395e-17
237.15        	2.840395e-17
237.2         	2.840395e-17
237.25        	2.840395e-17
237.3         	2.840395e-17
237.35        	2.840395e-17
237.4         	2.840395e-17
237.45        	2.840395e-17
237.5         	2.840395e-17
237.55        	2.840395e-17
237.6         	2.840395e-17
237.65        	2.840395e-17
237.7         	2.840395e-17
237.75        	2.840395e-17
237.8         	2.840395e-17
237.85        	2.840395e-17
237.9         	2.840395e-17
237.95        	2.840395e-17
238           	2.840395e-17
238.05        	2.840395e-17
238.1         	2.840395e-17
238.15        	2.840395e-17
238.2         	2.840395e-17
238.25        	2.840395e-17
238.3         	2.840395e-17
238.35        	2.840395e-17
238.4         	2.840395e-17
238.45        	2.840395e-17
238.5         	2.840395e-17
238.55        	2.840395e-17
238.6         	2.840395e-17
238.65        	2.840395e-17
238.7         	2.840395e-17
238.75        	2.840395e-17
238.8         	2.840395e-17
238.85        	2.840395e-17
238.9         	2.840395e-17
238.95        	2.840395e-17
239           	2.840395e-17
239.05        	2.840395e-17
239.1         	2.840395e-17
239.15        	2.840395e-17
239.2         	2.840395e-17
239.25        	2.840395e-17
239.3         	2.840395e-17
239.35        	2.840395e-17
239.4         	2.840395e-17
239.45        	2.840395e-17
239.5         	2.840395e-17
239.55        	2.840395e-17
239.6         	2.840395e-17
239.65        	2.840395e-17
239.7         	2.840395e-17
239.75        	2.840395e-17
239.8         	2.840395e-17
239.85        	2.840395e-17
239.9         	2.840395e-17
239.95        	2.840395e-17
240           	2.840395e-17
240.05        	2.840395e-17
240.1         	2.840395e-17
240.15        	2.840395e-17
240.2         	2.840395e-17
240.25        	2.840395e-17
240.3         	2.840395e-17
240.35        	2.840395e-17
240.4         	2.840395e-17
240.45        	2.840395e-17
240.5         	2.840395e-17
240.55        	2.840395e-17
240.6         	2.840395e-17
240.65        	2.840395e-17
240.7         	2.840395e-17
240.75        	2.840395e-17
240.8         	2.840395e-17
240.85        	2.840395e-17
240.9         	2.840395e-17
240.95        	2.840395e-17
241           	2.840395e-17
241.05        	2.840395e-17
241.1         	2.840395e-17
241.15        	2.840395e-17
241.2         	2.840395e-17
241.25        	2.840395e-17
241.3         	2.840395e-17
241.35        	2.840395e-17
241.4         	2.840395e-17
241.45        	2.840395e-17
241.5         	2.840395e-17
241.55        	2.840395e-17
241.6         	2.840395e-17
241.65        	2.840395e-17
241.7         	2.840395e-17
241.75        	2.840395e-17
241.8         	2.840395e-17
241.85        	2.840395e-17
241.9         	2.840395e-17
241.95        	2.840395e-17
242           	2.840395e-17
242.05        	2.840395e-17
242.1         	2.840395e-17
242.15        	2.840395e-17
242.2         	2.840395e-17
242.25        	2.840395e-17
242.3         	2.840395e-17
242.35        	2.840395e-17
242.4         	2.840395e-17
242.45        	2.840395e-17
242.5         	2.840395e-17
242.55        	2.840395e-17
242.6         	2.840395e-17
242.65        	2.840395e-17
242.7         	2.840395e-17
242.75        	2.840395e-17
242.8         	2.840395e-17
242.85        	2.840395e-17
242.9         	2.840395e-17
242.95        	2.840395e-17
243           	2.840395e-17
243.05        	2.840395e-17
243.1         	2.840395e-17
243.15        	2.840395e-17
243.2         	2.840395e-17
243.25        	2.840395e-17
243.3         	2.840395e-17
243.35        	2.840395e-17
243.4         	2.840395e-17
243.45        	2.840395e-17
243.5         	2.840395e-17
243.55        	2.840395e-17
243.6         	2.840395e-17
243.65        	2.840395e-17
243.7         	2.840395e-17
243.75        	2.840395e-17
243.8         	2.840395e-17
243.85        	2.840395e-17
243.9         	2.840395e-17
243.95        	2.840395e-17
244           	2.840395e-17
244.05        	2.840395e-17
244.1         	2.840395e-17
244.15        	2.840395e-17
244.2         	2.840395e-17
244.25        	2.840395e-17
244.3         	2.840395e-17
244.35        	2.840395e-17
244.4         	2.840395e-17
244.45        	2.840395e-17
244.5         	2.840395e-17
244.55        	2.840395e-17
244.6         	2.840395e-17
244.65        	2.840395e-17
244.7         	2.840395e-17
244.75        	2.840395e-17
244.8         	2.840395e-17
244.85        	2.840395e-17
244.9         	2.840395e-17
244.95        	2.840395e-17
245           	2.840395e-17
245.05        	2.840395e-17
245.1         	2.840395e-17
245.15        	2.840395e-17
245.2         	2.840395e-17
245.25        	2.840395e-17
245.3         	2.840395e-17
245.35        	2.840395e-17
245.4         	2.840395e-17
245.45        	2.840395e-17
245.5         	2.840395e-17
245.55        	2.840395e-17
245.6         	2.840395e-17
245.65        	2.840395e-17
245.7         	2.840395e-17
245.75        	2.840395e-17
245.8         	2.840395e-17
245.85        	2.840395e-17
245.9         	2.840395e-17
245.95        	2.840395e-17
246           	2.840395e-17
246.05        	2.840395e-17
246.1         	2.840395e-17
246.15        	2.840395e-17
246.2         	2.840395e-17
246.25        	2.840395e-17
246.3         	2.840395e-17
246.35        	2.840395e-17
246.4         	2.840395e-17
246.45        	2.840395e-17
246.5         	2.840395e-17
246.55        	2.840395e-17
246.6         	2.840395e-17
246.65        	2.840395e-17
246.7         	2.840395e-17
246.75        	2.840395e-17
246.8         	2.840395e-17
246.85        	2.840395e-17
246.9         	2.840395e-17
246.95        	2.840395e-17
247           	2.840395e-17
247.05        	2.840395e-17
247.1         	2.840395e-17
247.15        	2.840395e-17
247.2         	2.840395e-17
247.25        	2.840395e-17
247.3         	2.840395e-17
247.35        	2.840395e-17
247.4         	2.840395e-17
247.45        	2.840395e-17
247.5         	2.840395e-17
247.55        	2.840395e-17
247.6         	2.840395e-17
247.65        	2.840395e-17
247.7         	2.840395e-17
247.75        	2.840395e-17
247.8         	2.840395e-17
247.85        	2.840395e-17
247.9         	2.840395e-17
247.95        	2.840395e-17
248           	2.840395e-17
248.05        	2.840395e-17
248.1         	2.840395e-17
248.15        	2.840395e-17
248.2         	2.840395e-17
248.25        	2.840395e-17
248.3         	2.840395e-17
248.35        	2.840395e-17
248.4         	2.840395e-17
248.45        	2.840395e-17
248.5         	2.840395e-17
248.55        	2.840395e-17
248.6         	2.840395e-17
248.65        	2.840395e-17
248.7         	2.840395e-17
248.75        	2.840395e-17
248.8         	2.840395e-17
248.85        	2.840395e-17
248.9         	2.840395e-17
248.95        	2.840395e-17
249           	2.840395e-17
249.05        	2.840395e-17
249.1         	2.840395e-17
249.15        	2.840395e-17
249.2         	2.840395e-17
249.25        	2.840395e-17
249.3         	2.840395e-17
249.35        	2.840395e-17
249.4         	2.840395e-17
249.45        	2.840395e-17
249.5         	2.840395e-17
249.55        	2.840395e-17
249.6         	2.840395e-17
249.65        	2.840395e-17
249.7         	2.840395e-17
249.75        	2.840395e-17
249.8         	2.840395e-17
249.85        	2.840395e-17
249.9         	2.840395e-17
249.95        	2.840395e-17
250           	2.840395e-17
250.05        	2.840395e-17
250.1         	2.840395e-17
250.15        	2.840395e-17
250.2         	2.840395e-17
250.25        	2.840395e-17
250.3         	2.840395e-17
250.35        	2.840395e-17
250.4         	2.840395e-17
250.45        	2.840395e-17
250.5         	2.840395e-17
250.55        	2.840395e-17
250.6         	2.840395e-17
250.65        	2.840395e-17
250.7         	2.840395e-17
250.75        	2.840395e-17
250.8         	2.840395e-17
250.85        	2.840395e-17
250.9         	2.840395e-17
250.95        	2.840395e-17
251           	2.840395e-17
251.05        	2.840395e-17
251.1         	2.840395e-17
251.15        	2.840395e-17
251.2         	2.840395e-17
251.25        	2.840395e-17
251.3         	2.840395e-17
251.35        	2.840395e-17
251.4         	2.840395e-17
251.45        	2.840395e-17
251.5         	2.840395e-17
251.55        	2.840395e-17
251.6         	2.840395e-17
251.65        	2.840395e-17
251.7         	2.840395e-17
251.75        	2.840395e-17
251.8         	2.840395e-17
251.85        	2.840395e-17
251.9         	2.840395e-17
251.95        	2.840395e-17
252           	2.840395e-17
252.05        	2.840395e-17
252.1         	2.840395e-17
252.15        	2.840395e-17
252.2         	2.840395e-17
252.25        	2.840395e-17
252.3         	2.840395e-17
252.35        	2.840395e-17
252.4         	2.840395e-17
252.45        	2.840395e-17
252.5         	2.840395e-17
252.55        	2.840395e-17
252.6         	2.840395e-17
252.65        	2.840395e-17
252.7         	2.840395e-17
252.75        	2.840395e-17
252.8         	2.840395e-17
252.85        	2.840395e-17
252.9         	2.840395e-17
252.95        	2.840395e-17
253           	2.840395e-17
253.05        	2.840395e-17
253.1         	2.840395e-17
253.15        	2.840395e-17
253.2         	2.840395e-17
253.25        	2.840395e-17
253.3         	2.840395e-17
253.35        	2.840395e-17
253.4         	2.840395e-17
253.45        	2.840395e-17
253.5         	2.840395e-17
253.55        	2.840395e-17
253.6         	2.840395e-17
253.65        	2.840395e-17
253.7         	2.840395e-17
253.75        	2.840395e-17
253.8         	2.840395e-17
253.85        	2.840395e-17
253.9         	2.840395e-17
253.95        	2.840395e-17
254           	2.840395e-17
254.05        	2.840395e-17
254.1         	2.840395e-17
254.15        	2.840395e-17
254.2         	2.840395e-17
254.25        	2.840395e-17
254.3         	2.840395e-17
254.35        	2.840395e-17
254.4         	2.840395e-17
254.45        	2.840395e-17
254.5         	2.840395e-17
254.55        	2.840395e-17
254.6         	2.840395e-17
254.65        	2.840395e-17
254.7         	2.840395e-17
254.75        	2.840395e-17
254.8         	2.840395e-17
254.85        	2.840395e-17
254.9         	2.840395e-17
254.95        	2.840395e-17
255           	2.840395e-17
255.05        	2.840395e-17
255.1         	2.840395e-17
255.15        	2.840395e-17
255.2         	2.840395e-17
255.25        	2.840395e-17
255.3         	2.840395e-17
255.35        	2.840395e-17
255.4         	2.840395e-17
255.45        	2.840395e-17
255.5         	2.840395e-17
255.55        	2.840395e-17
255.6         	2.840395e-17
255.65        	2.840395e-17
255.7         	2.840395e-17
255.75        	2.840395e-17
255.8         	2.840395e-17
255.85        	2.840395e-17
255.9         	2.840395e-17
255.95        	2.840395e-17
256           	2.840395e-17
256.05        	2.840395e-17
256.1         	2.840395e-17
256.15        	2.840395e-17
256.2         	2.840395e-17
256.25        	2.840395e-17
256.3         	2.840395e-17
256.35        	2.840395e-17
256.4         	2.840395e-17
256.45        	2.840395e-17
256.5         	2.840395e-17
256.55        	2.840395e-17
256.6         	2.840395e-17
256.65        	2.840395e-17
256.7         	2.840395e-17
256.75        	2.840395e-17
256.8         	2.840395e-17
256.85        	2.840395e-17
256.9         	2.840395e-17
256.95        	2.840395e-17
257           	2.840395e-17
257.05        	2.840395e-17
257.1         	2.840395e-17
257.15        	2.840395e-17
257.2         	2.840395e-17
257.25        	2.840395e-17
257.3         	2.840395e-17
257.35        	2.840395e-17
257.4         	2.840395e-17
257.45        	2.840395e-17
257.5         	2.840395e-17
257.55        	2.840395e-17
257.6         	2.840395e-17
257.65        	2.840395e-17
257.7         	2.840395e-17
257.75        	2.840395e-17
257.8         	2.840395e-17
257.85        	2.840395e-17
257.9         	2.840395e-17
257.95        	2.840395e-17
258           	2.840395e-17
258.05        	2.840395e-17
258.1         	2.840395e-17
258.15        	2.840395e-17
258.2         	2.840395e-17
258.25        	2.840395e-17
258.3         	2.840395e-17
258.35        	2.840395e-17
258.4         	2.840395e-17
258.45        	2.840395e-17
258.5         	2.840395e-17
258.55        	2.840395e-17
258.6         	2.840395e-17
258.65        	2.840395e-17
258.7         	2.840395e-17
258.75        	2.840395e-17
258.8         	2.840395e-17
258.85        	2.840395e-17
258.9         	2.840395e-17
258.95        	2.840395e-17
259           	2.840395e-17
259.05        	2.840395e-17
259.1         	2.840395e-17
259.15        	2.840395e-17
259.2         	2.840395e-17
259.25        	2.840395e-17
259.3         	2.840395e-17
259.35        	2.840395e-17
259.4         	2.840395e-17
259.45        	2.840395e-17
259.5         	2.840395e-17
259.55        	2.840395e-17
259.6         	2.840395e-17
259.65        	2.840395e-17
259.7         	2.840395e-17
259.75        	2.840395e-17
259.8         	2.840395e-17
259.85        	2.840395e-17
259.9         	2.840395e-17
259.95        	2.840395e-17
260           	2.840395e-17
260.05        	2.840395e-17
260.1         	2.840395e-17
260.15        	2.840395e-17
260.2         	2.840395e-17
260.25        	2.840395e-17
260.3         	2.840395e-17
260.35        	2.840395e-17
260.4         	2.840395e-17
260.45        	2.840395e-17
260.5         	2.840395e-17
260.55        	2.840395e-17
260.6         	2.840395e-17
260.65        	2.840395e-17
260.7         	2.840395e-17
260.75        	2.840395e-17
260.8         	2.840395e-17
260.85        	2.840395e-17
260.9         	2.840395e-17
260.95        	2.840395e-17
261           	2.840395e-17
261.05        	2.840395e-17
261.1         	2.840395e-17
261.15        	2.840395e-17
261.2         	2.840395e-17
261.25        	2.840395e-17
261.3         	2.840395e-17
261.35        	2.840395e-17
261.4         	2.840395e-17
261.45        	2.840395e-17
261.5         	2.840395e-17
261.55        	2.840395e-17
261.6         	2.840395e-17
261.65        	2.840395e-17
261.7         	2.840395e-17
261.75        	2.840395e-17
261.8         	2.840395e-17
261.85        	2.840395e-17
261.9         	2.840395e-17
261.95        	2.840395e-17
262           	2.840395e-17
262.05        	2.840395e-17
262.1         	2.840395e-17
262.15        	2.840395e-17
262.2         	2.840395e-17
262.25        	2.840395e-17
262.3         	2.840395e-17
262.35        	2.840395e-17
262.4         	2.840395e-17
262.45        	2.840395e-17
262.5         	2.840395e-17
262.55        	2.840395e-17
262.6         	2.840395e-17
262.65        	2.840395e-17
262.7         	2.840395e-17
262.75        	2.840395e-17
262.8         	2.840395e-17
262.85        	2.840395e-17
262.9         	2.840395e-17
262.95        	2.840395e-17
263           	2.840395e-17
263.05        	2.840395e-17
263.1         	2.840395e-17
263.15        	2.840395e-17
263.2         	2.840395e-17
263.25        	2.840395e-17
263.3         	2.840395e-17
263.35        	2.840395e-17
263.4         	2.840395e-17
263.45        	2.840395e-17
263.5         	2.840395e-17
263.55        	2.840395e-17
263.6         	2.840395e-17
263.65        	2.840395e-17
263.7         	2.840395e-17
263.75        	2.840395e-17
263.8         	2.840395e-17
263.85        	2.840395e-17
263.9         	2.840395e-17
263.95        	2.840395e-17
264           	2.840395e-17
264.05        	2.840395e-17
264.1         	2.840395e-17
264.15        	2.840395e-17
264.2         	2.840395e-17
264.25        	2.840395e-17
264.3         	2.840395e-17
264.35        	2.840395e-17
264.4         	2.840395e-17
264.45        	2.840395e-17
264.5         	2.840395e-17
264.55        	2.840395e-17
264.6         	2.840395e-17
264.65        	2.840395e-17
264.7         	2.840395e-17
264.75        	2.840395e-17
264.8         	2.840395e-17
264.85        	2.840395e-17
264.9         	2.840395e-17
264.95        	2.840395e-17
265           	2.840395e-17
265.05        	2.840395e-17
265.1         	2.840395e-17
265.15        	2.840395e-17
265.2         	2.840395e-17
265.25        	2.840395e-17
265.3         	2.840395e-17
265.35        	2.840395e-17
265.4         	2.840395e-17
265.45        	2.840395e-17
265.5         	2.840395e-17
265.55        	2.840395e-17
265.6         	2.840395e-17
265.65        	2.840395e-17
265.7         	2.840395e-17
265.75        	2.840395e-17
265.8         	2.840395e-17
265.85        	2.840395e-17
265.9         	2.840395e-17
265.95        	2.840395e-17
266           	2.840395e-17
266.05        	2.840395e-17
266.1         	2.840395e-17
266.15        	2.840395e-17
266.2         	2.840395e-17
266.25        	2.840395e-17
266.3         	2.840395e-17
266.35        	2.840395e-17
266.4         	2.840395e-17
266.45        	2.840395e-17
266.5         	2.840395e-17
266.55        	2.840395e-17
266.6         	2.840395e-17
266.65        	2.840395e-17
266.7         	2.840395e-17
266.75        	2.840395e-17
266.8         	2.840395e-17
266.85        	2.840395e-17
266.9         	2.840395e-17
266.95        	2.840395e-17
267           	2.840395e-17
267.05        	2.840395e-17
267.1         	2.840395e-17
267.15        	2.840395e-17
267.2         	2.840395e-17
267.25        	2.840395e-17
267.3         	2.840395e-17
267.35        	2.840395e-17
267.4         	2.840395e-17
267.45        	2.840395e-17
267.5         	2.840395e-17
267.55        	2.840395e-17
267.6         	2.840395e-17
267.65        	2.840395e-17
267.7         	2.840395e-17
267.75        	2.840395e-17
267.8         	2.840395e-17
267.85        	2.840395e-17
267.9         	2.840395e-17
267.95        	2.840395e-17
268           	2.840395e-17
268.05        	2.840395e-17
268.1         	2.840395e-17
268.15        	2.840395e-17
268.2         	2.840395e-17
268.25        	2.840395e-17
268.3         	2.840395e-17
268.35        	2.840395e-17
268.4         	2.840395e-17
268.45        	2.840395e-17
268.5         	2.840395e-17
268.55        	2.840395e-17
268.6         	2.840395e-17
268.65        	2.840395e-17
268.7         	2.840395e-17
268.75        	2.840395e-17
268.8         	2.840395e-17
268.85        	2.840395e-17
268.9         	2.840395e-17
268.95        	2.840395e-17
269           	2.840395e-17
269.05        	2.840395e-17
269.1         	2.840395e-17
269.15        	2.840395e-17
269.2         	2.840395e-17
269.25        	2.840395e-17
269.3         	2.840395e-17
269.35        	2.840395e-17
269.4         	2.840395e-17
269.45        	2.840395e-17
269.5         	2.840395e-17
269.55        	2.840395e-17
269.6         	2.840395e-17
269.65        	2.840395e-17
269.7         	2.840395e-17
269.75        	2.840395e-17
269.8         	2.840395e-17
269.85        	2.840395e-17
269.9         	2.840395e-17
269.95        	2.840395e-17
270           	2.840395e-17
270.05        	2.840395e-17
270.1         	2.840395e-17
270.15        	2.840395e-17
270.2         	2.840395e-17
270.25        	2.840395e-17
270.3         	2.840395e-17
270.35        	2.840395e-17
270.4         	2.840395e-17
270.45        	2.840395e-17
270.5         	2.840395e-17
270.55        	2.840395e-17
270.6         	2.840395e-17
270.65        	2.840395e-17
270.7         	2.840395e-17
270.75        	2.840395e-17
270.8         	2.840395e-17
270.85        	2.840395e-17
270.9         	2.840395e-17
270.95        	2.840395e-17
271           	2.840395e-17
271.05        	2.840395e-17
271.1         	2.840395e-17
271.15        	2.840395e-17
271.2         	2.840395e-17
271.25        	2.840395e-17
271.3         	2.840395e-17
271.35        	2.840395e-17
271.4         	2.840395e-17
271.45        	2.840395e-17
271.5         	2.840395e-17
271.55        	2.840395e-17
271.6         	2.840395e-17
271.65        	2.840395e-17
271.7         	2.840395e-17
271.75        	2.840395e-17
271.8         	2.840395e-17
271.85        	2.840395e-17
271.9         	2.840395e-17
271.95        	2.840395e-17
272           	2.840395e-17
272.05        	2.840395e-17
272.1         	2.840395e-17
272.15        	2.840395e-17
272.2         	2.840395e-17
272.25        	2.840395e-17
272.3         	2.840395e-17
272.35        	2.840395e-17
272.4         	2.840395e-17
272.45        	2.840395e-17
272.5         	2.840395e-17
272.55        	2.840395e-17
272.6         	2.840395e-17
272.65        	2.840395e-17
272.7         	2.840395e-17
272.75        	2.840395e-17
272.8         	2.840395e-17
272.85        	2.840395e-17
272.9         	2.840395e-17
272.95        	2.840395e-17
273           	2.840395e-17
273.05        	2.840395e-17
273.1         	2.840395e-17
273.15        	2.840395e-17
273.2         	2.840395e-17
273.25        	2.840395e-17
273.3         	2.840395e-17
273.35        	2.840395e-17
273.4         	2.840395e-17
273.45        	2.840395e-17
273.5         	2.840395e-17
273.55        	2.840395e-17
273.6         	2.840395e-17
273.65        	2.840395e-17
273.7         	2.840395e-17
273.75        	2.840395e-17
273.8         	2.840395e-17
273.85        	2.840395e-17
273.9         	2.840395e-17
273.95        	2.840395e-17
274           	2.840395e-17
274.05        	2.840395e-17
274.1         	2.840395e-17
274.15        	2.840395e-17
274.2         	2.840395e-17
274.25        	2.840395e-17
274.3         	2.840395e-17
274.35        	2.840395e-17
274.4         	2.840395e-17
274.45        	2.840395e-17
274.5         	2.840395e-17
274.55        	2.840395e-17
274.6         	2.840395e-17
274.65        	2.840395e-17
274.7         	2.840395e-17
274.75        	2.840395e-17
274.8         	2.840395e-17
274.85        	2.840395e-17
274.9         	2.840395e-17
274.95        	2.840395e-17
275           	2.840395e-17
275.05        	2.840395e-17
275.1         	2.840395e-17
275.15        	2.840395e-17
275.2         	2.840395e-17
275.25        	2.840395e-17
275.3         	2.840395e-17
275.35        	2.840395e-17
275.4         	2.840395e-17
275.45        	2.840395e-17
275.5         	2.840395e-17
275.55        	2.840395e-17
275.6         	2.840395e-17
275.65        	2.840395e-17
275.7         	2.840395e-17
275.75        	2.840395e-17
275.8         	2.840395e-17
275.85        	2.840395e-17
275.9         	2.840395e-17
275.95        	2.840395e-17
276           	2.840395e-17
276.05        	2.840395e-17
276.1         	2.840395e-17
276.15        	2.840395e-17
276.2         	2.840395e-17
276.25        	2.840395e-17
276.3         	2.840395e-17
276.35        	2.840395e-17
276.4         	2.840395e-17
276.45        	2.840395e-17
276.5         	2.840395e-17
276.55        	2.840395e-17
276.6         	2.840395e-17
276.65        	2.840395e-17
276.7         	2.840395e-17
276.75        	2.840395e-17
276.8         	2.840395e-17
276.85        	2.840395e-17
276.9         	2.840395e-17
276.95        	2.840395e-17
277           	2.840395e-17
277.05        	2.840395e-17
277.1         	2.840395e-17
277.15        	2.840395e-17
277.2         	2.840395e-17
277.25        	2.840395e-17
277.3         	2.840395e-17
277.35        	2.840395e-17
277.4         	2.840395e-17
277.45        	2.840395e-17
277.5         	2.840395e-17
277.55        	2.840395e-17
277.6         	2.840395e-17
277.65        	2.840395e-17
277.7         	2.840395e-17
277.75        	2.840395e-17
277.8         	2.840395e-17
277.85        	2.840395e-17
277.9         	2.840395e-17
277.95        	2.840395e-17
278           	2.840395e-17
278.05        	2.840395e-17
278.1         	2.840395e-17
278.15        	2.840395e-17
278.2         	2.840395e-17
278.25        	2.840395e-17
278.3         	2.840395e-17
278.35        	2.840395e-17
278.4         	2.840395e-17
278.45        	2.840395e-17
278.5         	2.840395e-17
278.55        	2.840395e-17
278.6         	2.840395e-17
278.65        	2.840395e-17
278.7         	2.840395e-17
278.75        	2.840395e-17
278.8         	2.840395e-17
278.85        	2.840395e-17
278.9         	2.840395e-17
278.95        	2.840395e-17
279           	2.840395e-17
279.05        	2.840395e-17
279.1         	2.840395e-17
279.15        	2.840395e-17
279.2         	2.840395e-17
279.25        	2.840395e-17
279.3         	2.840395e-17
279.35        	2.840395e-17
279.4         	2.840395e-17
279.45        	2.840395e-17
279.5         	2.840395e-17
279.55        	2.840395e-17
279.6         	2.840395e-17
279.65        	2.840395e-17
279.7         	2.840395e-17
279.75        	2.840395e-17
279.8         	2.840395e-17
279.85        	2.840395e-17
279.9         	2.840395e-17
279.95        	2.840395e-17
280           	2.840395e-17
280.05        	2.840395e-17
280.1         	2.840395e-17
280.15        	2.840395e-17
280.2         	2.840395e-17
280.25        	2.840395e-17
280.3         	2.840395e-17
280.35        	2.840395e-17
280.4         	2.840395e-17
280.45        	2.840395e-17
280.5         	2.840395e-17
280.55        	2.840395e-17
280.6         	2.840395e-17
280.65        	2.840395e-17
280.7         	2.840395e-17
280.75        	2.840395e-17
280.8         	2.840395e-17
280.85        	2.840395e-17
280.9         	2.840395e-17
280.95        	2.840395e-17
281           	2.840395e-17
281.05        	2.840395e-17
281.1         	2.840395e-17
281.15        	2.840395e-17
281.2         	2.840395e-17
281.25        	2.840395e-17
281.3         	2.840395e-17
281.35        	2.840395e-17
281.4         	2.840395e-17
281.45        	2.840395e-17
281.5         	2.840395e-17
281.55        	2.840395e-17
281.6         	2.840395e-17
281.65        	2.840395e-17
281.7         	2.840395e-17
281.75        	2.840395e-17
281.8         	2.840395e-17
281.85        	2.840395e-17
281.9         	2.840395e-17
281.95        	2.840395e-17
282           	2.840395e-17
282.05        	2.840395e-17
282.1         	2.840395e-17
282.15        	2.840395e-17
282.2         	2.840395e-17
282.25        	2.840395e-17
282.3         	2.840395e-17
282.35        	2.840395e-17
282.4         	2.840395e-17
282.45        	2.840395e-17
282.5         	2.840395e-17
282.55        	2.840395e-17
282.6         	2.840395e-17
282.65        	2.840395e-17
282.7         	2.840395e-17
282.75        	2.840395e-17
282.8         	2.840395e-17
282.85        	2.840395e-17
282.9         	2.840395e-17
282.95        	2.840395e-17
283           	2.840395e-17
283.05        	2.840395e-17
283.1         	2.840395e-17
283.15        	2.840395e-17
283.2         	2.840395e-17
283.25        	2.840395e-17
283.3         	2.840395e-17
283.35        	2.840395e-17
283.4         	2.840395e-17
283.45        	2.840395e-17
283.5         	2.840395e-17
283.55        	2.840395e-17
283.6         	2.840395e-17
283.65        	2.840395e-17
283.7         	2.840395e-17
283.75        	2.840395e-17
283.8         	2.840395e-17
283.85        	2.840395e-17
283.9         	2.840395e-17
283.95        	2.840395e-17
284           	2.840395e-17
284.05        	2.840395e-17
284.1         	2.840395e-17
284.15        	2.840395e-17
284.2         	2.840395e-17
284.25        	2.840395e-17
284.3         	2.840395e-17
284.35        	2.840395e-17
284.4         	2.840395e-17
284.45        	2.840395e-17
284.5         	2.840395e-17
284.55        	2.840395e-17
284.6         	2.840395e-17
284.65        	2.840395e-17
284.7         	2.840395e-17
284.75        	2.840395e-17
284.8         	2.840395e-17
284.85        	2.840395e-17
284.9         	2.840395e-17
284.95        	2.840395e-17
285           	2.840395e-17
285.05        	2.840395e-17
285.1         	2.840395e-17
285.15        	2.840395e-17
285.2         	2.840395e-17
285.25        	2.840395e-17
285.3         	2.840395e-17
285.35        	2.840395e-17
285.4         	2.840395e-17
285.45        	2.840395e-17
285.5         	2.840395e-17
285.55        	2.840395e-17
285.6         	2.840395e-17
285.65        	2.840395e-17
285.7         	2.840395e-17
285.75        	2.840395e-17
285.8         	2.840395e-17
285.85        	2.840395e-17
285.9         	2.840395e-17
285.95        	2.840395e-17
286           	2.840395e-17
286.05        	2.840395e-17
286.1         	2.840395e-17
286.15        	2.840395e-17
286.2         	2.840395e-17
286.25        	2.840395e-17
286.3         	2.840395e-17
286.35        	2.840395e-17
286.4         	2.840395e-17
286.45        	2.840395e-17
286.5         	2.840395e-17
286.55        	2.840395e-17
286.6         	2.840395e-17
286.65        	2.840395e-17
286.7         	2.840395e-17
286.75        	2.840395e-17
286.8         	2.840395e-17
286.85        	2.840395e-17
286.9         	2.840395e-17
286.95        	2.840395e-17
287           	2.840395e-17
287.05        	2.840395e-17
287.1         	2.840395e-17
287.15        	2.840395e-17
287.2         	2.840395e-17
287.25        	2.840395e-17
287.3         	2.840395e-17
287.35        	2.840395e-17
287.4         	2.840395e-17
287.45        	2.840395e-17
287.5         	2.840395e-17
287.55        	2.840395e-17
287.6         	2.840395e-17
287.65        	2.840395e-17
287.7         	2.840395e-17
287.75        	2.840395e-17
287.8         	2.840395e-17
287.85        	2.840395e-17
287.9         	2.840395e-17
287.95        	2.840395e-17
288           	2.840395e-17
288.05        	2.840395e-17
288.1         	2.840395e-17
288.15        	2.840395e-17
288.2         	2.840395e-17
288.25        	2.840395e-17
288.3         	2.840395e-17
288.35        	2.840395e-17
288.4         	2.840395e-17
288.45        	2.840395e-17
288.5         	2.840395e-17
288.55        	2.840395e-17
288.6         	2.840395e-17
288.65        	2.840395e-17
288.7         	2.840395e-17
288.75        	2.840395e-17
288.8         	2.840395e-17
288.85        	2.840395e-17
288.9         	2.840395e-17
288.95        	2.840395e-17
289           	2.840395e-17
289.05        	2.840395e-17
289.1         	2.840395e-17
289.15        	2.840395e-17
289.2         	2.840395e-17
289.25        	2.840395e-17
289.3         	2.840395e-17
289.35        	2.840395e-17
289.4         	2.840395e-17
289.45        	2.840395e-17
289.5         	2.840395e-17
289.55        	2.840395e-17
289.6         	2.840395e-17
289.65        	2.840395e-17
289.7         	2.840395e-17
289.75        	2.840395e-17
289.8         	2.840395e-17
289.85        	2.840395e-17
289.9         	2.840395e-17
289.95        	2.840395e-17
290           	2.840395e-17
290.05        	2.840395e-17
290.1         	2.840395e-17
290.15        	2.840395e-17
290.2         	2.840395e-17
290.25        	2.840395e-17
290.3         	2.840395e-17
290.35        	2.840395e-17
290.4         	2.840395e-17
290.45        	2.840395e-17
290.5         	2.840395e-17
290.55        	2.840395e-17
290.6         	2.840395e-17
290.65        	2.840395e-17
290.7         	2.840395e-17
290.75        	2.840395e-17
290.8         	2.840395e-17
290.85        	2.840395e-17
290.9         	2.840395e-17
290.95        	2.840395e-17
291           	2.840395e-17
291.05        	2.840395e-17
291.1         	2.840395e-17
291.15        	2.840395e-17
291.2         	2.840395e-17
291.25        	2.840395e-17
291.3         	2.840395e-17
291.35        	2.840395e-17
291.4         	2.840395e-17
291.45        	2.840395e-17
291.5         	2.840395e-17
291.55        	2.840395e-17
291.6         	2.840395e-17
291.65        	2.840395e-17
291.7         	2.840395e-17
291.75        	2.840395e-17
291.8         	2.840395e-17
291.85        	2.840395e-17
291.9         	2.840395e-17
291.95        	2.840395e-17
292           	2.840395e-17
292.05        	2.840395e-17
292.1         	2.840395e-17
292.15        	2.840395e-17
292.2         	2.840395e-17
292.25        	2.840395e-17
292.3         	2.840395e-17
292.35        	2.840395e-17
292.4         	2.840395e-17
292.45        	2.840395e-17
292.5         	2.840395e-17
292.55        	2.840395e-17
292.6         	2.840395e-17
292.65        	2.840395e-17
292.7         	2.840395e-17
292.75        	2.840395e-17
292.8         	2.840395e-17
292.85        	2.840395e-17
292.9         	2.840395e-17
292.95        	2.840395e-17
293           	2.840395e-17
293.05        	2.840395e-17
293.1         	2.840395e-17
293.15        	2.840395e-17
293.2         	2.840395e-17
293.25        	2.840395e-17
293.3         	2.840395e-17
293.35        	2.840395e-17
293.4         	2.840395e-17
293.45        	2.840395e-17
293.5         	2.840395e-17
293.55        	2.840395e-17
293.6         	2.840395e-17
293.65        	2.840395e-17
293.7         	2.840395e-17
293.75        	2.840395e-17
293.8         	2.840395e-17
293.85        	2.840395e-17
293.9         	2.840395e-17
293.95        	2.840395e-17
294           	2.840395e-17
294.05        	2.840395e-17
294.1         	2.840395e-17
294.15        	2.840395e-17
294.2         	2.840395e-17
294.25        	2.840395e-17
294.3         	2.840395e-17
294.35        	2.840395e-17
294.4         	2.840395e-17
294.45        	2.840395e-17
294.5         	2.840395e-17
294.55        	2.840395e-17
294.6         	2.840395e-17
294.65        	2.840395e-17
294.7         	2.840395e-17
294.75        	2.840395e-17
294.8         	2.840395e-17
294.85        	2.840395e-17
294.9         	2.840395e-17
294.95        	2.840395e-17
295           	2.840395e-17
295.05        	2.840395e-17
295.1         	2.840395e-17
295.15        	2.840395e-17
295.2         	2.840395e-17
295.25        	2.840395e-17
295.3         	2.840395e-17
295.35        	2.840395e-17
295.4         	2.840395e-17
295.45        	2.840395e-17
295.5         	2.840395e-17
295.55        	2.840395e-17
295.6         	2.840395e-17
295.65        	2.840395e-17
295.7         	2.840395e-17
295.75        	2.840395e-17
295.8         	2.840395e-17
295.85        	2.840395e-17
295.9         	2.840395e-17
295.95        	2.840395e-17
296           	2.840395e-17
296.05        	2.840395e-17
296.1         	2.840395e-17
296.15        	2.840395e-17
296.2         	2.840395e-17
296.25        	2.840395e-17
296.3         	2.840395e-17
296.35        	2.840395e-17
296.4         	2.840395e-17
296.45        	2.840395e-17
296.5         	2.840395e-17
296.55        	2.840395e-17
296.6         	2.840395e-17
296.65        	2.840395e-17
296.7         	2.840395e-17
296.75        	2.840395e-17
296.8         	2.840395e-17
296.85        	2.840395e-17
296.9         	2.840395e-17
296.95        	2.840395e-17
297           	2.840395e-17
297.05        	2.840395e-17
297.1         	2.840395e-17
297.15        	2.840395e-17
297.2         	2.840395e-17
297.25        	2.840395e-17
297.3         	2.840395e-17
297.35        	2.840395e-17
297.4         	2.840395e-17
297.45        	2.840395e-17
297.5         	2.840395e-17
297.55        	2.840395e-17
297.6         	2.840395e-17
297.65        	2.840395e-17
297.7         	2.840395e-17
297.75        	2.840395e-17
297.8         	2.840395e-17
297.85        	2.840395e-17
297.9         	2.840395e-17
297.95        	2.840395e-17
298           	2.840395e-17
298.05        	2.840395e-17
298.1         	2.840395e-17
298.15        	2.840395e-17
298.2         	2.840395e-17
298.25        	2.840395e-17
298.3         	2.840395e-17
298.35        	2.840395e-17
298.4         	2.840395e-17
298.45        	2.840395e-17
298.5         	2.840395e-17
298.55        	2.840395e-17
298.6         	2.840395e-17
298.65        	2.840395e-17
298.7         	2.840395e-17
298.75        	2.840395e-17
298.8         	2.840395e-17
298.85        	2.840395e-17
298.9         	2.840395e-17
298.95        	2.840395e-17
299           	2.840395e-17
299.05        	2.840395e-17
299.1         	2.840395e-17
299.15        	2.840395e-17
299.2         	2.840395e-17
299.25        	2.840395e-17
299.3         	2.840395e-17
299.35        	2.840395e-17
299.4         	2.840395e-17
299.45        	2.840395e-17
299.5         	2.840395e-17
299.55        	2.840395e-17
299.6         	2.840395e-17
299.65        	2.840395e-17
299.7         	2.840395e-17
299.75        	2.840395e-17
299.8         	2.840395e-17
299.85        	2.840395e-17
299.9         	2.840395e-17
299.95        	2.840395e-17
300           	2.840395e-17
300.05        	2.840395e-17
300.1         	2.840395e-17
300.15        	2.840395e-17
300.2         	2.840395e-17
300.25        	2.840395e-17
300.3         	2.840395e-17
300.35        	2.840395e-17
300.4         	2.840395e-17
300.45        	2.840395e-17
300.5         	2.840395e-17
300.55        	2.840395e-17
300.6         	2.840395e-17
300.65        	2.840395e-17
300.7         	2.840395e-17
300.75        	2.840395e-17
300.8         	2.840395e-17
300.85        	2.840395e-17
300.9         	2.840395e-17
300.95        	2.840395e-17
301           	2.840395e-17
301.05        	2.840395e-17
301.1         	2.840395e-17
301.15        	2.840395e-17
301.2         	2.840395e-17
301.25        	2.840395e-17
301.3         	2.840395e-17
301.35        	2.840395e-17
301.4         	2.840395e-17
301.45        	2.840395e-17
301.5         	2.840395e-17
301.55        	2.840395e-17
301.6         	2.840395e-17
301.65        	2.840395e-17
301.7         	2.840395e-17
301.75        	2.840395e-17
301.8         	2.840395e-17
301.85        	2.840395e-17
301.9         	2.840395e-17
301.95        	2.840395e-17
302           	2.840395e-17
302.05        	2.840395e-17
302.1         	2.840395e-17
302.15        	2.840395e-17
302.2         	2.840395e-17
302.25        	2.840395e-17
302.3         	2.840395e-17
302.35        	2.840395e-17
302.4         	2.840395e-17
302.45        	2.840395e-17
302.5         	2.840395e-17
302.55        	2.840395e-17
302.6         	2.840395e-17
302.65        	2.840395e-17
302.7         	2.840395e-17
302.75        	2.840395e-17
302.8         	2.840395e-17
302.85        	2.840395e-17
302.9         	2.840395e-17
302.95        	2.840395e-17
303           	2.840395e-17
303.05        	2.840395e-17
303.1         	2.840395e-17
303.15        	2.840395e-17
303.2         	2.840395e-17
303.25        	2.840395e-17
303.3         	2.840395e-17
303.35        	2.840395e-17
303.4         	2.840395e-17
303.45        	2.840395e-17
303.5         	2.840395e-17
303.55        	2.840395e-17
303.6         	2.840395e-17
303.65        	2.840395e-17
303.7         	2.840395e-17
303.75        	2.840395e-17
303.8         	2.840395e-17
303.85        	2.840395e-17
303.9         	2.840395e-17
303.95        	2.840395e-17
304           	2.840395e-17
304.05        	2.840395e-17
304.1         	2.840395e-17
304.15        	2.840395e-17
304.2         	2.840395e-17
304.25        	2.840395e-17
304.3         	2.840395e-17
304.35        	2.840395e-17
304.4         	2.840395e-17
304.45        	2.840395e-17
304.5         	2.840395e-17
304.55        	2.840395e-17
304.6         	2.840395e-17
304.65        	2.840395e-17
304.7         	2.840395e-17
304.75        	2.840395e-17
304.8         	2.840395e-17
304.85        	2.840395e-17
304.9         	2.840395e-17
304.95        	2.840395e-17
305           	2.840395e-17
305.05        	2.840395e-17
305.1         	2.840395e-17
305.15        	2.840395e-17
305.2         	2.840395e-17
305.25        	2.840395e-17
305.3         	2.840395e-17
305.35        	2.840395e-17
305.4         	2.840395e-17
305.45        	2.840395e-17
305.5         	2.840395e-17
305.55        	2.840395e-17
305.6         	2.840395e-17
305.65        	2.840395e-17
305.7         	2.840395e-17
305.75        	2.840395e-17
305.8         	2.840395e-17
305.85        	2.840395e-17
305.9         	2.840395e-17
305.95        	2.840395e-17
306           	2.840395e-17
306.05        	2.840395e-17
306.1         	2.840395e-17
306.15        	2.840395e-17
306.2         	2.840395e-17
306.25        	2.840395e-17
306.3         	2.840395e-17
306.35        	2.840395e-17
306.4         	2.840395e-17
306.45        	2.840395e-17
306.5         	2.840395e-17
306.55        	2.840395e-17
306.6         	2.840395e-17
306.65        	2.840395e-17
306.7         	2.840395e-17
306.75        	2.840395e-17
306.8         	2.840395e-17
306.85        	2.840395e-17
306.9         	2.840395e-17
306.95        	2.840395e-17
307           	2.840395e-17
307.05        	2.840395e-17
307.1         	2.840395e-17
307.15        	2.840395e-17
307.2         	2.840395e-17
307.25        	2.840395e-17
307.3         	2.840395e-17
307.35        	2.840395e-17
307.4         	2.840395e-17
307.45        	2.840395e-17
307.5         	2.840395e-17
307.55        	2.840395e-17
307.6         	2.840395e-17
307.65        	2.840395e-17
307.7         	2.840395e-17
307.75        	2.840395e-17
307.8         	2.840395e-17
307.85        	2.840395e-17
307.9         	2.840395e-17
307.95        	2.840395e-17
308           	2.840395e-17
308.05        	2.840395e-17
308.1         	2.840395e-17
308.15        	2.840395e-17
308.2         	2.840395e-17
308.25        	2.840395e-17
308.3         	2.840395e-17
308.35        	2.840395e-17
308.4         	2.840395e-17
308.45        	2.840395e-17
308.5         	2.840395e-17
308.55        	2.840395e-17
308.6         	2.840395e-17
308.65        	2.840395e-17
308.7         	2.840395e-17
308.75        	2.840395e-17
308.8         	2.840395e-17
308.85        	2.840395e-17
308.9         	2.840395e-17
308.95        	2.840395e-17
309           	2.840395e-17
309.05        	2.840395e-17
309.1         	2.840395e-17
309.15        	2.840395e-17
309.2         	2.840395e-17
309.25        	2.840395e-17
309.3         	2.840395e-17
309.35        	2.840395e-17
309.4         	2.840395e-17
309.45        	2.840395e-17
309.5         	2.840395e-17
309.55        	2.840395e-17
309.6         	2.840395e-17
309.65        	2.840395e-17
309.7         	2.840395e-17
309.75        	2.840395e-17
309.8         	2.840395e-17
309.85        	2.840395e-17
309.9         	2.840395e-17
309.95        	2.840395e-17
310           	2.840395e-17
310.05        	2.840395e-17
310.1         	2.840395e-17
310.15        	2.840395e-17
310.2         	2.840395e-17
310.25        	2.840395e-17
310.3         	2.840395e-17
310.35        	2.840395e-17
310.4         	2.840395e-17
310.45        	2.840395e-17
310.5         	2.840395e-17
310.55        	2.840395e-17
310.6         	2.840395e-17
310.65        	2.840395e-17
310.7         	2.840395e-17
310.75        	2.840395e-17
310.8         	2.840395e-17
310.85        	2.840395e-17
310.9         	2.840395e-17
310.95        	2.840395e-17
311           	2.840395e-17
311.05        	2.840395e-17
311.1         	2.840395e-17
311.15        	2.840395e-17
311.2         	2.840395e-17
311.25        	2.840395e-17
311.3         	2.840395e-17
311.35        	2.840395e-17
311.4         	2.840395e-17
311.45        	2.840395e-17
311.5         	2.840395e-17
311.55        	2.840395e-17
311.6         	2.840395e-17
311.65        	2.840395e-17
311.7         	2.840395e-17
311.75        	2.840395e-17
311.8         	2.840395e-17
311.85        	2.840395e-17
311.9         	2.840395e-17
311.95        	2.840395e-17
312           	2.840395e-17
312.05        	2.840395e-17
312.1         	2.840395e-17
312.15        	2.840395e-17
312.2         	2.840395e-17
312.25        	2.840395e-17
312.3         	2.840395e-17
312.35        	2.840395e-17
312.4         	2.840395e-17
312.45        	2.840395e-17
312.5         	2.840395e-17
312.55        	2.840395e-17
312.6         	2.840395e-17
312.65        	2.840395e-17
312.7         	2.840395e-17
312.75        	2.840395e-17
312.8         	2.840395e-17
312.85        	2.840395e-17
312.9         	2.840395e-17
312.95        	2.840395e-17
313           	2.840395e-17
313.05        	2.840395e-17
313.1         	2.840395e-17
313.15        	2.840395e-17
313.2         	2.840395e-17
313.25        	2.840395e-17
313.3         	2.840395e-17
313.35        	2.840395e-17
313.4         	2.840395e-17
313.45        	2.840395e-17
313.5         	2.840395e-17
313.55        	2.840395e-17
313.6         	2.840395e-17
313.65        	2.840395e-17
313.7         	2.840395e-17
313.75        	2.840395e-17
313.8         	2.840395e-17
313.85        	2.840395e-17
313.9         	2.840395e-17
313.95        	2.840395e-17
314           	2.840395e-17
314.05        	2.840395e-17
314.1         	2.840395e-17
314.15        	2.840395e-17
314.2         	2.840395e-17
314.25        	2.840395e-17
314.3         	2.840395e-17
314.35        	2.840395e-17
314.4         	2.840395e-17
314.45        	2.840395e-17
314.5         	2.840395e-17
314.55        	2.840395e-17
314.6         	2.840395e-17
314.65        	2.840395e-17
314.7         	2.840395e-17
314.75        	2.840395e-17
314.8         	2.840395e-17
314.85        	2.840395e-17
314.9         	2.840395e-17
314.95        	2.840395e-17
315           	2.840395e-17
315.05        	2.840395e-17
315.1         	2.840395e-17
315.15        	2.840395e-17
315.2         	2.840395e-17
315.25        	2.840395e-17
315.3         	2.840395e-17
315.35        	2.840395e-17
315.4         	2.840395e-17
315.45        	2.840395e-17
315.5         	2.840395e-17
315.55        	2.840395e-17
315.6         	2.840395e-17
315.65        	2.840395e-17
315.7         	2.840395e-17
315.75        	2.840395e-17
315.8         	2.840395e-17
315.85        	2.840395e-17
315.9         	2.840395e-17
315.95        	2.840395e-17
316           	2.840395e-17
316.05        	2.840395e-17
316.1         	2.840395e-17
316.15        	2.840395e-17
316.2         	2.840395e-17
316.25        	2.840395e-17
316.3         	2.840395e-17
316.35        	2.840395e-17
316.4         	2.840395e-17
316.45        	2.840395e-17
316.5         	2.840395e-17
316.55        	2.840395e-17
316.6         	2.840395e-17
316.65        	2.840395e-17
316.7         	2.840395e-17
316.75        	2.840395e-17
316.8         	2.840395e-17
316.85        	2.840395e-17
316.9         	2.840395e-17
316.95        	2.840395e-17
317           	2.840395e-17
317.05        	2.840395e-17
317.1         	2.840395e-17
317.15        	2.840395e-17
317.2         	2.840395e-17
317.25        	2.840395e-17
317.3         	2.840395e-17
317.35        	2.840395e-17
317.4         	2.840395e-17
317.45        	2.840395e-17
317.5         	2.840395e-17
317.55        	2.840395e-17
317.6         	2.840395e-17
317.65        	2.840395e-17
317.7         	2.840395e-17
317.75        	2.840395e-17
317.8         	2.840395e-17
317.85        	2.840395e-17
317.9         	2.840395e-17
317.95        	2.840395e-17
318           	2.840395e-17
318.05        	2.840395e-17
318.1         	2.840395e-17
318.15        	2.840395e-17
318.2         	2.840395e-17
318.25        	2.840395e-17
318.3         	2.840395e-17
318.35        	2.840395e-17
318.4         	2.840395e-17
318.45        	2.840395e-17
318.5         	2.840395e-17
318.55        	2.840395e-17
318.6         	2.840395e-17
318.65        	2.840395e-17
318.7         	2.840395e-17
318.75        	2.840395e-17
318.8         	2.840395e-17
318.85        	2.840395e-17
318.9         	2.840395e-17
318.95        	2.840395e-17
319           	2.840395e-17
319.05        	2.840395e-17
319.1         	2.840395e-17
319.15        	2.840395e-17
319.2         	2.840395e-17
319.25        	2.840395e-17
319.3         	2.840395e-17
319.35        	2.840395e-17
319.4         	2.840395e-17
319.45        	2.840395e-17
319.5         	2.840395e-17
319.55        	2.840395e-17
319.6         	2.840395e-17
319.65        	2.840395e-17
319.7         	2.840395e-17
319.75        	2.840395e-17
319.8         	2.840395e-17
319.85        	2.840395e-17
319.9         	2.840395e-17
319.95        	2.840395e-17
320           	2.840395e-17
320.05        	2.840395e-17
320.1         	2.840395e-17
320.15        	2.840395e-17
320.2         	2.840395e-17
320.25        	2.840395e-17
320.3         	2.840395e-17
320.35        	2.840395e-17
320.4         	2.840395e-17
320.45        	2.840395e-17
320.5         	2.840395e-17
320.55        	2.840395e-17
320.6         	2.840395e-17
320.65        	2.840395e-17
320.7         	2.840395e-17
320.75        	2.840395e-17
320.8         	2.840395e-17
320.85        	2.840395e-17
320.9         	2.840395e-17
320.95        	2.840395e-17
321           	2.840395e-17
321.05        	2.840395e-17
321.1         	2.840395e-17
321.15        	2.840395e-17
321.2         	2.840395e-17
321.25        	2.840395e-17
321.3         	2.840395e-17
321.35        	2.840395e-17
321.4         	2.840395e-17
321.45        	2.840395e-17
321.5         	2.840395e-17
321.55        	2.840395e-17
321.6         	2.840395e-17
321.65        	2.840395e-17
321.7         	2.840395e-17
321.75        	2.840395e-17
321.8         	2.840395e-17
321.85        	2.840395e-17
321.9         	2.840395e-17
321.95        	2.840395e-17
322           	2.840395e-17
322.05        	2.840395e-17
322.1         	2.840395e-17
322.15        	2.840395e-17
322.2         	2.840395e-17
322.25        	2.840395e-17
322.3         	2.840395e-17
322.35        	2.840395e-17
322.4         	2.840395e-17
322.45        	2.840395e-17
322.5         	2.840395e-17
322.55        	2.840395e-17
322.6         	2.840395e-17
322.65        	2.840395e-17
322.7         	2.840395e-17
322.75        	2.840395e-17
322.8         	2.840395e-17
322.85        	2.840395e-17
322.9         	2.840395e-17
322.95        	2.840395e-17
323           	2.840395e-17
323.05        	2.840395e-17
323.1         	2.840395e-17
323.15        	2.840395e-17
323.2         	2.840395e-17
323.25        	2.840395e-17
323.3         	2.840395e-17
323.35        	2.840395e-17
323.4         	2.840395e-17
323.45        	2.840395e-17
323.5         	2.840395e-17
323.55        	2.840395e-17
323.6         	2.840395e-17
323.65        	2.840395e-17
323.7         	2.840395e-17
323.75        	2.840395e-17
323.8         	2.840395e-17
323.85        	2.840395e-17
323.9         	2.840395e-17
323.95        	2.840395e-17
324           	2.840395e-17
324.05        	2.840395e-17
324.1         	2.840395e-17
324.15        	2.840395e-17
324.2         	2.840395e-17
324.25        	2.840395e-17
324.3         	2.840395e-17
324.35        	2.840395e-17
324.4         	2.840395e-17
324.45        	2.840395e-17
324.5         	2.840395e-17
324.55        	2.840395e-17
324.6         	2.840395e-17
324.65        	2.840395e-17
324.7         	2.840395e-17
324.75        	2.840395e-17
324.8         	2.840395e-17
324.85        	2.840395e-17
324.9         	2.840395e-17
324.95        	2.840395e-17
325           	2.840395e-17
325.05        	2.840395e-17
325.1         	2.840395e-17
325.15        	2.840395e-17
325.2         	2.840395e-17
325.25        	2.840395e-17
325.3         	2.840395e-17
325.35        	2.840395e-17
325.4         	2.840395e-17
325.45        	2.840395e-17
325.5         	2.840395e-17
325.55        	2.840395e-17
325.6         	2.840395e-17
325.65        	2.840395e-17
325.7         	2.840395e-17
325.75        	2.840395e-17
325.8         	2.840395e-17
325.85        	2.840395e-17
325.9         	2.840395e-17
325.95        	2.840395e-17
326           	2.840395e-17
326.05        	2.840395e-17
326.1         	2.840395e-17
326.15        	2.840395e-17
326.2         	2.840395e-17
326.25        	2.840395e-17
326.3         	2.840395e-17
326.35        	2.840395e-17
326.4         	2.840395e-17
326.45        	2.840395e-17
326.5         	2.840395e-17
326.55        	2.840395e-17
326.6         	2.840395e-17
326.65        	2.840395e-17
326.7         	2.840395e-17
326.75        	2.840395e-17
326.8         	2.840395e-17
326.85        	2.840395e-17
326.9         	2.840395e-17
326.95        	2.840395e-17
327           	2.840395e-17
327.05        	2.840395e-17
327.1         	2.840395e-17
327.15        	2.840395e-17
327.2         	2.840395e-17
327.25        	2.840395e-17
327.3         	2.840395e-17
327.35        	2.840395e-17
327.4         	2.840395e-17
327.45        	2.840395e-17
327.5         	2.840395e-17
327.55        	2.840395e-17
327.6         	2.840395e-17
327.65        	2.840395e-17
327.7         	2.840395e-17
327.75        	2.840395e-17
327.8         	2.840395e-17
327.85        	2.840395e-17
327.9         	2.840395e-17
327.95        	2.840395e-17
328           	2.840395e-17
328.05        	2.840395e-17
328.1         	2.840395e-17
328.15        	2.840395e-17
328.2         	2.840395e-17
328.25        	2.840395e-17
328.3         	2.840395e-17
328.35        	2.840395e-17
328.4         	2.840395e-17
328.45        	2.840395e-17
328.5         	2.840395e-17
328.55        	2.840395e-17
328.6         	2.840395e-17
328.65        	2.840395e-17
328.7         	2.840395e-17
328.75        	2.840395e-17
328.8         	2.840395e-17
328.85        	2.840395e-17
328.9         	2.840395e-17
328.95        	2.840395e-17
329           	2.840395e-17
329.05        	2.840395e-17
329.1         	2.840395e-17
329.15        	2.840395e-17
329.2         	2.840395e-17
329.25        	2.840395e-17
329.3         	2.840395e-17
329.35        	2.840395e-17
329.4         	2.840395e-17
329.45        	2.840395e-17
329.5         	2.840395e-17
329.55        	2.840395e-17
329.6         	2.840395e-17
329.65        	2.840395e-17
329.7         	2.840395e-17
329.75        	2.840395e-17
329.8         	2.840395e-17
329.85        	2.840395e-17
329.9         	2.840395e-17
329.95        	2.840395e-17
330           	2.840395e-17
330.05        	2.840395e-17
330.1         	2.840395e-17
330.15        	2.840395e-17
330.2         	2.840395e-17
330.25        	2.840395e-17
330.3         	2.840395e-17
330.35        	2.840395e-17
330.4         	2.840395e-17
330.45        	2.840395e-17
330.5         	2.840395e-17
330.55        	2.840395e-17
330.6         	2.840395e-17
330.65        	2.840395e-17
330.7         	2.840395e-17
330.75        	2.840395e-17
330.8         	2.840395e-17
330.85        	2.840395e-17
330.9         	2.840395e-17
330.95        	2.840395e-17
331           	2.840395e-17
331.05        	2.840395e-17
331.1         	2.840395e-17
331.15        	2.840395e-17
331.2         	2.840395e-17
331.25        	2.840395e-17
331.3         	2.840395e-17
331.35        	2.840395e-17
331.4         	2.840395e-17
331.45        	2.840395e-17
331.5         	2.840395e-17
331.55        	2.840395e-17
331.6         	2.840395e-17
331.65        	2.840395e-17
331.7         	2.840395e-17
331.75        	2.840395e-17
331.8         	2.840395e-17
331.85        	2.840395e-17
331.9         	2.840395e-17
331.95        	2.840395e-17
332           	2.840395e-17
332.05        	2.840395e-17
332.1         	2.840395e-17
332.15        	2.840395e-17
332.2         	2.840395e-17
332.25        	2.840395e-17
332.3         	2.840395e-17
332.35        	2.840395e-17
332.4         	2.840395e-17
332.45        	2.840395e-17
332.5         	2.840395e-17
332.55        	2.840395e-17
332.6         	2.840395e-17
332.65        	2.840395e-17
332.7         	2.840395e-17
332.75        	2.840395e-17
332.8         	2.840395e-17
332.85        	2.840395e-17
332.9         	2.840395e-17
332.95        	2.840395e-17
333           	2.840395e-17
333.05        	2.840395e-17
333.1         	2.840395e-17
333.15        	2.840395e-17
333.2         	2.840395e-17
333.25        	2.840395e-17
333.3         	2.840395e-17
333.35        	2.840395e-17
333.4         	2.840395e-17
333.45        	2.840395e-17
333.5         	2.840395e-17
333.55        	2.840395e-17
333.6         	2.840395e-17
333.65        	2.840395e-17
333.7         	2.840395e-17
333.75        	2.840395e-17
333.8         	2.840395e-17
333.85        	2.840395e-17
333.9         	2.840395e-17
333.95        	2.840395e-17
334           	2.840395e-17
334.05        	2.840395e-17
334.1         	2.840395e-17
334.15        	2.840395e-17
334.2         	2.840395e-17
334.25        	2.840395e-17
334.3         	2.840395e-17
334.35        	2.840395e-17
334.4         	2.840395e-17
334.45        	2.840395e-17
334.5         	2.840395e-17
334.55        	2.840395e-17
334.6         	2.840395e-17
334.65        	2.840395e-17
334.7         	2.840395e-17
334.75        	2.840395e-17
334.8         	2.840395e-17
334.85        	2.840395e-17
334.9         	2.840395e-17
334.95        	2.840395e-17
335           	2.840395e-17
335.05        	2.840395e-17
335.1         	2.840395e-17
335.15        	2.840395e-17
335.2         	2.840395e-17
335.25        	2.840395e-17
335.3         	2.840395e-17
335.35        	2.840395e-17
335.4         	2.840395e-17
335.45        	2.840395e-17
335.5         	2.840395e-17
335.55        	2.840395e-17
335.6         	2.840395e-17
335.65        	2.840395e-17
335.7         	2.840395e-17
335.75        	2.840395e-17
335.8         	2.840395e-17
335.85        	2.840395e-17
335.9         	2.840395e-17
335.95        	2.840395e-17
336           	2.840395e-17
336.05        	2.840395e-17
336.1         	2.840395e-17
336.15        	2.840395e-17
336.2         	2.840395e-17
336.25        	2.840395e-17
336.3         	2.840395e-17
336.35        	2.840395e-17
336.4         	2.840395e-17
336.45        	2.840395e-17
336.5         	2.840395e-17
336.55        	2.840395e-17
336.6         	2.840395e-17
336.65        	2.840395e-17
336.7         	2.840395e-17
336.75        	2.840395e-17
336.8         	2.840395e-17
336.85        	2.840395e-17
336.9         	2.840395e-17
336.95        	2.840395e-17
337           	2.840395e-17
337.05        	2.840395e-17
337.1         	2.840395e-17
337.15        	2.840395e-17
337.2         	2.840395e-17
337.25        	2.840395e-17
337.3         	2.840395e-17
337.35        	2.840395e-17
337.4         	2.840395e-17
337.45        	2.840395e-17
337.5         	2.840395e-17
337.55        	2.840395e-17
337.6         	2.840395e-17
337.65        	2.840395e-17
337.7         	2.840395e-17
337.75        	2.840395e-17
337.8         	2.840395e-17
337.85        	2.840395e-17
337.9         	2.840395e-17
337.95        	2.840395e-17
338           	2.840395e-17
338.05        	2.840395e-17
338.1         	2.840395e-17
338.15        	2.840395e-17
338.2         	2.840395e-17
338.25        	2.840395e-17
338.3         	2.840395e-17
338.35        	2.840395e-17
338.4         	2.840395e-17
338.45        	2.840395e-17
338.5         	2.840395e-17
338.55        	2.840395e-17
338.6         	2.840395e-17
338.65        	2.840395e-17
338.7         	2.840395e-17
338.75        	2.840395e-17
338.8         	2.840395e-17
338.85        	2.840395e-17
338.9         	2.840395e-17
338.95        	2.840395e-17
339           	2.840395e-17
339.05        	2.840395e-17
339.1         	2.840395e-17
339.15        	2.840395e-17
339.2         	2.840395e-17
339.25        	2.840395e-17
339.3         	2.840395e-17
339.35        	2.840395e-17
339.4         	2.840395e-17
339.45        	2.840395e-17
339.5         	2.840395e-17
339.55        	2.840395e-17
339.6         	2.840395e-17
339.65        	2.840395e-17
339.7         	2.840395e-17
339.75        	2.840395e-17
339.8         	2.840395e-17
339.85        	2.840395e-17
339.9         	2.840395e-17
339.95        	2.840395e-17
340           	2.840395e-17
340.05        	2.840395e-17
340.1         	2.840395e-17
340.15        	2.840395e-17
340.2         	2.840395e-17
340.25        	2.840395e-17
340.3         	2.840395e-17
340.35        	2.840395e-17
340.4         	2.840395e-17
340.45        	2.840395e-17
340.5         	2.840395e-17
340.55        	2.840395e-17
340.6         	2.840395e-17
340.65        	2.840395e-17
340.7         	2.840395e-17
340.75        	2.840395e-17
340.8         	2.840395e-17
340.85        	2.840395e-17
340.9         	2.840395e-17
340.95        	2.840395e-17
341           	2.840395e-17
341.05        	2.840395e-17
341.1         	2.840395e-17
341.15        	2.840395e-17
341.2         	2.840395e-17
341.25        	2.840395e-17
341.3         	2.840395e-17
341.35        	2.840395e-17
341.4         	2.840395e-17
341.45        	2.840395e-17
341.5         	2.840395e-17
341.55        	2.840395e-17
341.6         	2.840395e-17
341.65        	2.840395e-17
341.7         	2.840395e-17
341.75        	2.840395e-17
341.8         	2.840395e-17
341.85        	2.840395e-17
341.9         	2.840395e-17
341.95        	2.840395e-17
342           	2.840395e-17
342.05        	2.840395e-17
342.1         	2.840395e-17
342.15        	2.840395e-17
342.2         	2.840395e-17
342.25        	2.840395e-17
342.3         	2.840395e-17
342.35        	2.840395e-17
342.4         	2.840395e-17
342.45        	2.840395e-17
342.5         	2.840395e-17
342.55        	2.840395e-17
342.6         	2.840395e-17
342.65        	2.840395e-17
342.7         	2.840395e-17
342.75        	2.840395e-17
342.8         	2.840395e-17
342.85        	2.840395e-17
342.9         	2.840395e-17
342.95        	2.840395e-17
343           	2.840395e-17
343.05        	2.840395e-17
343.1         	2.840395e-17
343.15        	2.840395e-17
343.2         	2.840395e-17
343.25        	2.840395e-17
343.3         	2.840395e-17
343.35        	2.840395e-17
343.4         	2.840395e-17
343.45        	2.840395e-17
343.5         	2.840395e-17
343.55        	2.840395e-17
343.6         	2.840395e-17
343.65        	2.840395e-17
343.7         	2.840395e-17
343.75        	2.840395e-17
343.8         	2.840395e-17
343.85        	2.840395e-17
343.9         	2.840395e-17
343.95        	2.840395e-17
344           	2.840395e-17
344.05        	2.840395e-17
344.1         	2.840395e-17
344.15        	2.840395e-17
344.2         	2.840395e-17
344.25        	2.840395e-17
344.3         	2.840395e-17
344.35        	2.840395e-17
344.4         	2.840395e-17
344.45        	2.840395e-17
344.5         	2.840395e-17
344.55        	2.840395e-17
344.6         	2.840395e-17
344.65        	2.840395e-17
344.7         	2.840395e-17
344.75        	2.840395e-17
344.8         	2.840395e-17
344.85        	2.840395e-17
344.9         	2.840395e-17
344.95        	2.840395e-17
345           	2.840395e-17
345.05        	2.840395e-17
345.1         	2.840395e-17
345.15        	2.840395e-17
345.2         	2.840395e-17
345.25        	2.840395e-17
345.3         	2.840395e-17
345.35        	2.840395e-17
345.4         	2.840395e-17
345.45        	2.840395e-17
345.5         	2.840395e-17
345.55        	2.840395e-17
345.6         	2.840395e-17
345.65        	2.840395e-17
345.7         	2.840395e-17
345.75        	2.840395e-17
345.8         	2.840395e-17
345.85        	2.840395e-17
345.9         	2.840395e-17
345.95        	2.840395e-17
346           	2.840395e-17
346.05        	2.840395e-17
346.1         	2.840395e-17
346.15        	2.840395e-17
346.2         	2.840395e-17
346.25        	2.840395e-17
346.3         	2.840395e-17
346.35        	2.840395e-17
346.4         	2.840395e-17
346.45        	2.840395e-17
346.5         	2.840395e-17
346.55        	2.840395e-17
346.6         	2.840395e-17
346.65        	2.840395e-17
346.7         	2.840395e-17
346.75        	2.840395e-17
346.8         	2.840395e-17
346.85        	2.840395e-17
346.9         	2.840395e-17
346.95        	2.840395e-17
347           	2.840395e-17
347.05        	2.840395e-17
347.1         	2.840395e-17
347.15        	2.840395e-17
347.2         	2.840395e-17
347.25        	2.840395e-17
347.3         	2.840395e-17
347.35        	2.840395e-17
347.4         	2.840395e-17
347.45        	2.840395e-17
347.5         	2.840395e-17
347.55        	2.840395e-17
347.6         	2.840395e-17
347.65        	2.840395e-17
347.7         	2.840395e-17
347.75        	2.840395e-17
347.8         	2.840395e-17
347.85        	2.840395e-17
347.9         	2.840395e-17
347.95        	2.840395e-17
348           	2.840395e-17
348.05        	2.840395e-17
348.1         	2.840395e-17
348.15        	2.840395e-17
348.2         	2.840395e-17
348.25        	2.840395e-17
348.3         	2.840395e-17
348.35        	2.840395e-17
348.4         	2.840395e-17
348.45        	2.840395e-17
348.5         	2.840395e-17
348.55        	2.840395e-17
348.6         	2.840395e-17
348.65        	2.840395e-17
348.7         	2.840395e-17
348.75        	2.840395e-17
348.8         	2.840395e-17
348.85        	2.840395e-17
348.9         	2.840395e-17
348.95        	2.840395e-17
349           	2.840395e-17
349.05        	2.840395e-17
349.1         	2.840395e-17
349.15        	2.840395e-17
349.2         	2.840395e-17
349.25        	2.840395e-17
349.3         	2.840395e-17
349.35        	2.840395e-17
349.4         	2.840395e-17
349.45        	2.840395e-17
349.5         	2.840395e-17
349.55        	2.840395e-17
349.6         	2.840395e-17
349.65        	2.840395e-17
349.7         	2.840395e-17
349.75        	2.840395e-17
349.8         	2.840395e-17
349.85        	2.840395e-17
349.9         	2.840395e-17
349.95        	2.840395e-17
350           	2.840395e-17
350.05        	2.840395e-17
350.1         	2.840395e-17
350.15        	2.840395e-17
350.2         	2.840395e-17
350.25        	2.840395e-17
350.3         	2.840395e-17
350.35        	2.840395e-17
350.4         	2.840395e-17
350.45        	2.840395e-17
350.5         	2.840395e-17
350.55        	2.840395e-17
350.6         	2.840395e-17
350.65        	2.840395e-17
350.7         	2.840395e-17
350.75        	2.840395e-17
350.8         	2.840395e-17
350.85        	2.840395e-17
350.9         	2.840395e-17
350.95        	2.840395e-17
351           	2.840395e-17
351.05        	2.840395e-17
351.1         	2.840395e-17
351.15        	2.840395e-17
351.2         	2.840395e-17
351.25        	2.840395e-17
351.3         	2.840395e-17
351.35        	2.840395e-17
351.4         	2.840395e-17
351.45        	2.840395e-17
351.5         	2.840395e-17
351.55        	2.840395e-17
351.6         	2.840395e-17
351.65        	2.840395e-17
351.7         	2.840395e-17
351.75        	2.840395e-17
351.8         	2.840395e-17
351.85        	2.840395e-17
351.9         	2.840395e-17
351.95        	2.840395e-17
352           	2.840395e-17
352.05        	2.840395e-17
352.1         	2.840395e-17
352.15        	2.840395e-17
352.2         	2.840395e-17
352.25        	2.840395e-17
352.3         	2.840395e-17
352.35        	2.840395e-17
352.4         	2.840395e-17
352.45        	2.840395e-17
352.5         	2.840395e-17
352.55        	2.840395e-17
352.6         	2.840395e-17
352.65        	2.840395e-17
352.7         	2.840395e-17
352.75        	2.840395e-17
352.8         	2.840395e-17
352.85        	2.840395e-17
352.9         	2.840395e-17
352.95        	2.840395e-17
353           	2.840395e-17
353.05        	2.840395e-17
353.1         	2.840395e-17
353.15        	2.840395e-17
353.2         	2.840395e-17
353.25        	2.840395e-17
353.3         	2.840395e-17
353.35        	2.840395e-17
353.4         	2.840395e-17
353.45        	2.840395e-17
353.5         	2.840395e-17
353.55        	2.840395e-17
353.6         	2.840395e-17
353.65        	2.840395e-17
353.7         	2.840395e-17
353.75        	2.840395e-17
353.8         	2.840395e-17
353.85        	2.840395e-17
353.9         	2.840395e-17
353.95        	2.840395e-17
354           	2.840395e-17
354.05        	2.840395e-17
354.1         	2.840395e-17
354.15        	2.840395e-17
354.2         	2.840395e-17
354.25        	2.840395e-17
354.3         	2.840395e-17
354.35        	2.840395e-17
354.4         	2.840395e-17
354.45        	2.840395e-17
354.5         	2.840395e-17
354.55        	2.840395e-17
354.6         	2.840395e-17
354.65        	2.840395e-17
354.7         	2.840395e-17
354.75        	2.840395e-17
354.8         	2.840395e-17
354.85        	2.840395e-17
354.9         	2.840395e-17
354.95        	2.840395e-17
355           	2.840395e-17
355.05        	2.840395e-17
355.1         	2.840395e-17
355.15        	2.840395e-17
355.2         	2.840395e-17
355.25        	2.840395e-17
355.3         	2.840395e-17
355.35        	2.840395e-17
355.4         	2.840395e-17
355.45        	2.840395e-17
355.5         	2.840395e-17
355.55        	2.840395e-17
355.6         	2.840395e-17
355.65        	2.840395e-17
355.7         	2.840395e-17
355.75        	2.840395e-17
355.8         	2.840395e-17
355.85        	2.840395e-17
355.9         	2.840395e-17
355.95        	2.840395e-17
356           	2.840395e-17
356.05        	2.840395e-17
356.1         	2.840395e-17
356.15        	2.840395e-17
356.2         	2.840395e-17
356.25        	2.840395e-17
356.3         	2.840395e-17
356.35        	2.840395e-17
356.4         	2.840395e-17
356.45        	2.840395e-17
356.5         	2.840395e-17
356.55        	2.840395e-17
356.6         	2.840395e-17
356.65        	2.840395e-17
356.7         	2.840395e-17
356.75        	2.840395e-17
356.8         	2.840395e-17
356.85        	2.840395e-17
356.9         	2.840395e-17
356.95        	2.840395e-17
357           	2.840395e-17
357.05        	2.840395e-17
357.1         	2.840395e-17
357.15        	2.840395e-17
357.2         	2.840395e-17
357.25        	2.840395e-17
357.3         	2.840395e-17
357.35        	2.840395e-17
357.4         	2.840395e-17
357.45        	2.840395e-17
357.5         	2.840395e-17
357.55        	2.840395e-17
357.6         	2.840395e-17
357.65        	2.840395e-17
357.7         	2.840395e-17
357.75        	2.840395e-17
357.8         	2.840395e-17
357.85        	2.840395e-17
357.9         	2.840395e-17
357.95        	2.840395e-17
358           	2.840395e-17
358.05        	2.840395e-17
358.1         	2.840395e-17
358.15        	2.840395e-17
358.2         	2.840395e-17
358.25        	2.840395e-17
358.3         	2.840395e-17
358.35        	2.840395e-17
358.4         	2.840395e-17
358.45        	2.840395e-17
358.5         	2.840395e-17
358.55        	2.840395e-17
358.6         	2.840395e-17
358.65        	2.840395e-17
358.7         	2.840395e-17
358.75        	2.840395e-17
358.8         	2.840395e-17
358.85        	2.840395e-17
358.9         	2.840395e-17
358.95        	2.840395e-17
359           	2.840395e-17
359.05        	2.840395e-17
359.1         	2.840395e-17
359.15        	2.840395e-17
359.2         	2.840395e-17
359.25        	2.840395e-17
359.3         	2.840395e-17
359.35        	2.840395e-17
359.4         	2.840395e-17
359.45        	2.840395e-17
359.5         	2.840395e-17
359.55        	2.840395e-17
359.6         	2.840395e-17
359.65        	2.840395e-17
359.7         	2.840395e-17
359.75        	2.840395e-17
359.8         	2.840395e-17
359.85        	2.840395e-17
359.9         	2.840395e-17
359.95        	2.840395e-17
360           	2.840395e-17
360.05        	2.840395e-17
360.1         	2.840395e-17
360.15        	2.840395e-17
360.2         	2.840395e-17
360.25        	2.840395e-17
360.3         	2.840395e-17
360.35        	2.840395e-17
360.4         	2.840395e-17
360.45        	2.840395e-17
360.5         	2.840395e-17
360.55        	2.840395e-17
360.6         	2.840395e-17
360.65        	2.840395e-17
360.7         	2.840395e-17
360.75        	2.840395e-17
360.8         	2.840395e-17
360.85        	2.840395e-17
360.9         	2.840395e-17
360.95        	2.840395e-17
361           	2.840395e-17
361.05        	2.840395e-17
361.1         	2.840395e-17
361.15        	2.840395e-17
361.2         	2.840395e-17
361.25        	2.840395e-17
361.3         	2.840395e-17
361.35        	2.840395e-17
361.4         	2.840395e-17
361.45        	2.840395e-17
361.5         	2.840395e-17
361.55        	2.840395e-17
361.6         	2.840395e-17
361.65        	2.840395e-17
361.7         	2.840395e-17
361.75        	2.840395e-17
361.8         	2.840395e-17
361.85        	2.840395e-17
361.9         	2.840395e-17
361.95        	2.840395e-17
362           	2.840395e-17
362.05        	2.840395e-17
362.1         	2.840395e-17
362.15        	2.840395e-17
362.2         	2.840395e-17
362.25        	2.840395e-17
362.3         	2.840395e-17
362.35        	2.840395e-17
362.4         	2.840395e-17
362.45        	2.840395e-17
362.5         	2.840395e-17
362.55        	2.840395e-17
362.6         	2.840395e-17
362.65        	2.840395e-17
362.7         	2.840395e-17
362.75        	2.840395e-17
362.8         	2.840395e-17
362.85        	2.840395e-17
362.9         	2.840395e-17
362.95        	2.840395e-17
363           	2.840395e-17
363.05        	2.840395e-17
363.1         	2.840395e-17
363.15        	2.840395e-17
363.2         	2.840395e-17
363.25        	2.840395e-17
363.3         	2.840395e-17
363.35        	2.840395e-17
363.4         	2.840395e-17
363.45        	2.840395e-17
363.5         	2.840395e-17
363.55        	2.840395e-17
363.6         	2.840395e-17
363.65        	2.840395e-17
363.7         	2.840395e-17
363.75        	2.840395e-17
363.8         	2.840395e-17
363.85        	2.840395e-17
363.9         	2.840395e-17
363.95        	2.840395e-17
364           	2.840395e-17
364.05        	2.840395e-17
364.1         	2.840395e-17
364.15        	2.840395e-17
364.2         	2.840395e-17
364.25        	2.840395e-17
364.3         	2.840395e-17
364.35        	2.840395e-17
364.4         	2.840395e-17
364.45        	2.840395e-17
364.5         	2.840395e-17
364.55        	2.840395e-17
364.6         	2.840395e-17
364.65        	2.840395e-17
364.7         	2.840395e-17
364.75        	2.840395e-17
364.8         	2.840395e-17
364.85        	2.840395e-17
364.9         	2.840395e-17
364.95        	2.840395e-17
365           	2.840395e-17
365.05        	2.840395e-17
365.1         	2.840395e-17
365.15        	2.840395e-17
365.2         	2.840395e-17
365.25        	2.840395e-17
365.3         	2.840395e-17
365.35        	2.840395e-17
365.4         	2.840395e-17
365.45        	2.840395e-17
365.5         	2.840395e-17
365.55        	2.840395e-17
365.6         	2.840395e-17
365.65        	2.840395e-17
365.7         	2.840395e-17
365.75        	2.840395e-17
365.8         	2.840395e-17
365.85        	2.840395e-17
365.9         	2.840395e-17
365.95        	2.840395e-17
366           	2.840395e-17
366.05        	2.840395e-17
366.1         	2.840395e-17
366.15        	2.840395e-17
366.2         	2.840395e-17
366.25        	2.840395e-17
366.3         	2.840395e-17
366.35        	2.840395e-17
366.4         	2.840395e-17
366.45        	2.840395e-17
366.5         	2.840395e-17
366.55        	2.840395e-17
366.6         	2.840395e-17
366.65        	2.840395e-17
366.7         	2.840395e-17
366.75        	2.840395e-17
366.8         	2.840395e-17
366.85        	2.840395e-17
366.9         	2.840395e-17
366.95        	2.840395e-17
367           	2.840395e-17
367.05        	2.840395e-17
367.1         	2.840395e-17
367.15        	2.840395e-17
367.2         	2.840395e-17
367.25        	2.840395e-17
367.3         	2.840395e-17
367.35        	2.840395e-17
367.4         	2.840395e-17
367.45        	2.840395e-17
367.5         	2.840395e-17
367.55        	2.840395e-17
367.6         	2.840395e-17
367.65        	2.840395e-17
367.7         	2.840395e-17
367.75        	2.840395e-17
367.8         	2.840395e-17
367.85        	2.840395e-17
367.9         	2.840395e-17
367.95        	2.840395e-17
368           	2.840395e-17
368.05        	2.840395e-17
368.1         	2.840395e-17
368.15        	2.840395e-17
368.2         	2.840395e-17
368.25        	2.840395e-17
368.3         	2.840395e-17
368.35        	2.840395e-17
368.4         	2.840395e-17
368.45        	2.840395e-17
368.5         	2.840395e-17
368.55        	2.840395e-17
368.6         	2.840395e-17
368.65        	2.840395e-17
368.7         	2.840395e-17
368.75        	2.840395e-17
368.8         	2.840395e-17
368.85        	2.840395e-17
368.9         	2.840395e-17
368.95        	2.840395e-17
369           	2.840395e-17
369.05        	2.840395e-17
369.1         	2.840395e-17
369.15        	2.840395e-17
369.2         	2.840395e-17
369.25        	2.840395e-17
369.3         	2.840395e-17
369.35        	2.840395e-17
369.4         	2.840395e-17
369.45        	2.840395e-17
369.5         	2.840395e-17
369.55        	2.840395e-17
369.6         	2.840395e-17
369.65        	2.840395e-17
369.7         	2.840395e-17
369.75        	2.840395e-17
369.8         	2.840395e-17
369.85        	2.840395e-17
369.9         	2.840395e-17
369.95        	2.840395e-17
370           	2.840395e-17
370.05        	2.840395e-17
370.1         	2.840395e-17
370.15        	2.840395e-17
370.2         	2.840395e-17
370.25        	2.840395e-17
370.3         	2.840395e-17
370.35        	2.840395e-17
370.4         	2.840395e-17
370.45        	2.840395e-17
370.5         	2.840395e-17
370.55        	2.840395e-17
370.6         	2.840395e-17
370.65        	2.840395e-17
370.7         	2.840395e-17
370.75        	2.840395e-17
370.8         	2.840395e-17
370.85        	2.840395e-17
370.9         	2.840395e-17
370.95        	2.840395e-17
371           	2.840395e-17
371.05        	2.840395e-17
371.1         	2.840395e-17
371.15        	2.840395e-17
371.2         	2.840395e-17
371.25        	2.840395e-17
371.3         	2.840395e-17
371.35        	2.840395e-17
371.4         	2.840395e-17
371.45        	2.840395e-17
371.5         	2.840395e-17
371.55        	2.840395e-17
371.6         	2.840395e-17
371.65        	2.840395e-17
371.7         	2.840395e-17
371.75        	2.840395e-17
371.8         	2.840395e-17
371.85        	2.840395e-17
371.9         	2.840395e-17
371.95        	2.840395e-17
372           	2.840395e-17
372.05        	2.840395e-17
372.1         	2.840395e-17
372.15        	2.840395e-17
372.2         	2.840395e-17
372.25        	2.840395e-17
372.3         	2.840395e-17
372.35        	2.840395e-17
372.4         	2.840395e-17
372.45        	2.840395e-17
372.5         	2.840395e-17
372.55        	2.840395e-17
372.6         	2.840395e-17
372.65        	2.840395e-17
372.7         	2.840395e-17
372.75        	2.840395e-17
372.8         	2.840395e-17
372.85        	2.840395e-17
372.9         	2.840395e-17
372.95        	2.840395e-17
373           	2.840395e-17
373.05        	2.840395e-17
373.1         	2.840395e-17
373.15        	2.840395e-17
373.2         	2.840395e-17
373.25        	2.840395e-17
373.3         	2.840395e-17
373.35        	2.840395e-17
373.4         	2.840395e-17
373.45        	2.840395e-17
373.5         	2.840395e-17
373.55        	2.840395e-17
373.6         	2.840395e-17
373.65        	2.840395e-17
373.7         	2.840395e-17
373.75        	2.840395e-17
373.8         	2.840395e-17
373.85        	2.840395e-17
373.9         	2.840395e-17
373.95        	2.840395e-17
374           	2.840395e-17
374.05        	2.840395e-17
374.1         	2.840395e-17
374.15        	2.840395e-17
374.2         	2.840395e-17
374.25        	2.840395e-17
374.3         	2.840395e-17
374.35        	2.840395e-17
374.4         	2.840395e-17
374.45        	2.840395e-17
374.5         	2.840395e-17
374.55        	2.840395e-17
374.6         	2.840395e-17
374.65        	2.840395e-17
374.7         	2.840395e-17
374.75        	2.840395e-17
374.8         	2.840395e-17
374.85        	2.840395e-17
374.9         	2.840395e-17
374.95        	2.840395e-17
375           	2.840395e-17
375.05        	2.840395e-17
375.1         	2.840395e-17
375.15        	2.840395e-17
375.2         	2.840395e-17
375.25        	2.840395e-17
375.3         	2.840395e-17
375.35        	2.840395e-17
375.4         	2.840395e-17
375.45        	2.840395e-17
375.5         	2.840395e-17
375.55        	2.840395e-17
375.6         	2.840395e-17
375.65        	2.840395e-17
375.7         	2.840395e-17
375.75        	2.840395e-17
375.8         	2.840395e-17
375.85        	2.840395e-17
375.9         	2.840395e-17
375.95        	2.840395e-17
376           	2.840395e-17
376.05        	2.840395e-17
376.1         	2.840395e-17
376.15        	2.840395e-17
376.2         	2.840395e-17
376.25        	2.840395e-17
376.3         	2.840395e-17
376.35        	2.840395e-17
376.4         	2.840395e-17
376.45        	2.840395e-17
376.5         	2.840395e-17
376.55        	2.840395e-17
376.6         	2.840395e-17
376.65        	2.840395e-17
376.7         	2.840395e-17
376.75        	2.840395e-17
376.8         	2.840395e-17
376.85        	2.840395e-17
376.9         	2.840395e-17
376.95        	2.840395e-17
377           	2.840395e-17
377.05        	2.840395e-17
377.1         	2.840395e-17
377.15        	2.840395e-17
377.2         	2.840395e-17
377.25        	2.840395e-17
377.3         	2.840395e-17
377.35        	2.840395e-17
377.4         	2.840395e-17
377.45        	2.840395e-17
377.5         	2.840395e-17
377.55        	2.840395e-17
377.6         	2.840395e-17
377.65        	2.840395e-17
377.7         	2.840395e-17
377.75        	2.840395e-17
377.8         	2.840395e-17
377.85        	2.840395e-17
377.9         	2.840395e-17
377.95        	2.840395e-17
378           	2.840395e-17
378.05        	2.840395e-17
378.1         	2.840395e-17
378.15        	2.840395e-17
378.2         	2.840395e-17
378.25        	2.840395e-17
378.3         	2.840395e-17
378.35        	2.840395e-17
378.4         	2.840395e-17
378.45        	2.840395e-17
378.5         	2.840395e-17
378.55        	2.840395e-17
378.6         	2.840395e-17
378.65        	2.840395e-17
378.7         	2.840395e-17
378.75        	2.840395e-17
378.8         	2.840395e-17
378.85        	2.840395e-17
378.9         	2.840395e-17
378.95        	2.840395e-17
379           	2.840395e-17
379.05        	2.840395e-17
379.1         	2.840395e-17
379.15        	2.840395e-17
379.2         	2.840395e-17
379.25        	2.840395e-17
379.3         	2.840395e-17
379.35        	2.840395e-17
379.4         	2.840395e-17
379.45        	2.840395e-17
379.5         	2.840395e-17
379.55        	2.840395e-17
379.6         	2.840395e-17
379.65        	2.840395e-17
379.7         	2.840395e-17
379.75        	2.840395e-17
379.8         	2.840395e-17
379.85        	2.840395e-17
379.9         	2.840395e-17
379.95        	2.840395e-17
380           	2.840395e-17
380.05        	2.840395e-17
380.1         	2.840395e-17
380.15        	2.840395e-17
380.2         	2.840395e-17
380.25        	2.840395e-17
380.3         	2.840395e-17
380.35        	2.840395e-17
380.4         	2.840395e-17
380.45        	2.840395e-17
380.5         	2.840395e-17
380.55        	2.840395e-17
380.6         	2.840395e-17
380.65        	2.840395e-17
380.7         	2.840395e-17
380.75        	2.840395e-17
380.8         	2.840395e-17
380.85        	2.840395e-17
380.9         	2.840395e-17
380.95        	2.840395e-17
381           	2.840395e-17
381.05        	2.840395e-17
381.1         	2.840395e-17
381.15        	2.840395e-17
381.2         	2.840395e-17
381.25        	2.840395e-17
381.3         	2.840395e-17
381.35        	2.840395e-17
381.4         	2.840395e-17
381.45        	2.840395e-17
381.5         	2.840395e-17
381.55        	2.840395e-17
381.6         	2.840395e-17
381.65        	2.840395e-17
381.7         	2.840395e-17
381.75        	2.840395e-17
381.8         	2.840395e-17
381.85        	2.840395e-17
381.9         	2.840395e-17
381.95        	2.840395e-17
382           	2.840395e-17
382.05        	2.840395e-17
382.1         	2.840395e-17
382.15        	2.840395e-17
382.2         	2.840395e-17
382.25        	2.840395e-17
382.3         	2.840395e-17
382.35        	2.840395e-17
382.4         	2.840395e-17
382.45        	2.840395e-17
382.5         	2.840395e-17
382.55        	2.840395e-17
382.6         	2.840395e-17
382.65        	2.840395e-17
382.7         	2.840395e-17
382.75        	2.840395e-17
382.8         	2.840395e-17
382.85        	2.840395e-17
382.9         	2.840395e-17
382.95        	2.840395e-17
383           	2.840395e-17
383.05        	2.840395e-17
383.1         	2.840395e-17
383.15        	2.840395e-17
383.2         	2.840395e-17
383.25        	2.840395e-17
383.3         	2.840395e-17
383.35        	2.840395e-17
383.4         	2.840395e-17
383.45        	2.840395e-17
383.5         	2.840395e-17
383.55        	2.840395e-17
383.6         	2.840395e-17
383.65        	2.840395e-17
383.7         	2.840395e-17
383.75        	2.840395e-17
383.8         	2.840395e-17
383.85        	2.840395e-17
383.9         	2.840395e-17
383.95        	2.840395e-17
384           	2.840395e-17
384.05        	2.840395e-17
384.1         	2.840395e-17
384.15        	2.840395e-17
384.2         	2.840395e-17
384.25        	2.840395e-17
384.3         	2.840395e-17
384.35        	2.840395e-17
384.4         	2.840395e-17
384.45        	2.840395e-17
384.5         	2.840395e-17
384.55        	2.840395e-17
384.6         	2.840395e-17
384.65        	2.840395e-17
384.7         	2.840395e-17
384.75        	2.840395e-17
384.8         	2.840395e-17
384.85        	2.840395e-17
384.9         	2.840395e-17
384.95        	2.840395e-17
385           	2.840395e-17
385.05        	2.840395e-17
385.1         	2.840395e-17
385.15        	2.840395e-17
385.2         	2.840395e-17
385.25        	2.840395e-17
385.3         	2.840395e-17
385.35        	2.840395e-17
385.4         	2.840395e-17
385.45        	2.840395e-17
385.5         	2.840395e-17
385.55        	2.840395e-17
385.6         	2.840395e-17
385.65        	2.840395e-17
385.7         	2.840395e-17
385.75        	2.840395e-17
385.8         	2.840395e-17
385.85        	2.840395e-17
385.9         	2.840395e-17
385.95        	2.840395e-17
386           	2.840395e-17
386.05        	2.840395e-17
386.1         	2.840395e-17
386.15        	2.840395e-17
386.2         	2.840395e-17
386.25        	2.840395e-17
386.3         	2.840395e-17
386.35        	2.840395e-17
386.4         	2.840395e-17
386.45        	2.840395e-17
386.5         	2.840395e-17
386.55        	2.840395e-17
386.6         	2.840395e-17
386.65        	2.840395e-17
386.7         	2.840395e-17
386.75        	2.840395e-17
386.8         	2.840395e-17
386.85        	2.840395e-17
386.9         	2.840395e-17
386.95        	2.840395e-17
387           	2.840395e-17
387.05        	2.840395e-17
387.1         	2.840395e-17
387.15        	2.840395e-17
387.2         	2.840395e-17
387.25        	2.840395e-17
387.3         	2.840395e-17
387.35        	2.840395e-17
387.4         	2.840395e-17
387.45        	2.840395e-17
387.5         	2.840395e-17
387.55        	2.840395e-17
387.6         	2.840395e-17
387.65        	2.840395e-17
387.7         	2.840395e-17
387.75        	2.840395e-17
387.8         	2.840395e-17
387.85        	2.840395e-17
387.9         	2.840395e-17
387.95        	2.840395e-17
388           	2.840395e-17
388.05        	2.840395e-17
388.1         	2.840395e-17
388.15        	2.840395e-17
388.2         	2.840395e-17
388.25        	2.840395e-17
388.3         	2.840395e-17
388.35        	2.840395e-17
388.4         	2.840395e-17
388.45        	2.840395e-17
388.5         	2.840395e-17
388.55        	2.840395e-17
388.6         	2.840395e-17
388.65        	2.840395e-17
388.7         	2.840395e-17
388.75        	2.840395e-17
388.8         	2.840395e-17
388.85        	2.840395e-17
388.9         	2.840395e-17
388.95        	2.840395e-17
389           	2.840395e-17
389.05        	2.840395e-17
389.1         	2.840395e-17
389.15        	2.840395e-17
389.2         	2.840395e-17
389.25        	2.840395e-17
389.3         	2.840395e-17
389.35        	2.840395e-17
389.4         	2.840395e-17
389.45        	2.840395e-17
389.5         	2.840395e-17
389.55        	2.840395e-17
389.6         	2.840395e-17
389.65        	2.840395e-17
389.7         	2.840395e-17
389.75        	2.840395e-17
389.8         	2.840395e-17
389.85        	2.840395e-17
389.9         	2.840395e-17
389.95        	2.840395e-17
390           	2.840395e-17
390.05        	2.840395e-17
390.1         	2.840395e-17
390.15        	2.840395e-17
390.2         	2.840395e-17
390.25        	2.840395e-17
390.3         	2.840395e-17
390.35        	2.840395e-17
390.4         	2.840395e-17
390.45        	2.840395e-17
390.5         	2.840395e-17
390.55        	2.840395e-17
390.6         	2.840395e-17
390.65        	2.840395e-17
390.7         	2.840395e-17
390.75        	2.840395e-17
390.8         	2.840395e-17
390.85        	2.840395e-17
390.9         	2.840395e-17
390.95        	2.840395e-17
391           	2.840395e-17
391.05        	2.840395e-17
391.1         	2.840395e-17
391.15        	2.840395e-17
391.2         	2.840395e-17
391.25        	2.840395e-17
391.3         	2.840395e-17
391.35        	2.840395e-17
391.4         	2.840395e-17
391.45        	2.840395e-17
391.5         	2.840395e-17
391.55        	2.840395e-17
391.6         	2.840395e-17
391.65        	2.840395e-17
391.7         	2.840395e-17
391.75        	2.840395e-17
391.8         	2.840395e-17
391.85        	2.840395e-17
391.9         	2.840395e-17
391.95        	2.840395e-17
392           	2.840395e-17
392.05        	2.840395e-17
392.1         	2.840395e-17
392.15        	2.840395e-17
392.2         	2.840395e-17
392.25        	2.840395e-17
392.3         	2.840395e-17
392.35        	2.840395e-17
392.4         	2.840395e-17
392.45        	2.840395e-17
392.5         	2.840395e-17
392.55        	2.840395e-17
392.6         	2.840395e-17
392.65        	2.840395e-17
392.7         	2.840395e-17
392.75        	2.840395e-17
392.8         	2.840395e-17
392.85        	2.840395e-17
392.9         	2.840395e-17
392.95        	2.840395e-17
393           	2.840395e-17
393.05        	2.840395e-17
393.1         	2.840395e-17
393.15        	2.840395e-17
393.2         	2.840395e-17
393.25        	2.840395e-17
393.3         	2.840395e-17
393.35        	2.840395e-17
393.4         	2.840395e-17
393.45        	2.840395e-17
393.5         	2.840395e-17
393.55        	2.840395e-17
393.6         	2.840395e-17
393.65        	2.840395e-17
393.7         	2.840395e-17
393.75        	2.840395e-17
393.8         	2.840395e-17
393.85        	2.840395e-17
393.9         	2.840395e-17
393.95        	2.840395e-17
394           	2.840395e-17
394.05        	2.840395e-17
394.1         	2.840395e-17
394.15        	2.840395e-17
394.2         	2.840395e-17
394.25        	2.840395e-17
394.3         	2.840395e-17
394.35        	2.840395e-17
394.4         	2.840395e-17
394.45        	2.840395e-17
394.5         	2.840395e-17
394.55        	2.840395e-17
394.6         	2.840395e-17
394.65        	2.840395e-17
394.7         	2.840395e-17
394.75        	2.840395e-17
394.8         	2.840395e-17
394.85        	2.840395e-17
394.9         	2.840395e-17
394.95        	2.840395e-17
395           	2.840395e-17
395.05        	2.840395e-17
395.1         	2.840395e-17
395.15        	2.840395e-17
395.2         	2.840395e-17
395.25        	2.840395e-17
395.3         	2.840395e-17
395.35        	2.840395e-17
395.4         	2.840395e-17
395.45        	2.840395e-17
395.5         	2.840395e-17
395.55        	2.840395e-17
395.6         	2.840395e-17
395.65        	2.840395e-17
395.7         	2.840395e-17
395.75        	2.840395e-17
395.8         	2.840395e-17
395.85        	2.840395e-17
395.9         	2.840395e-17
395.95        	2.840395e-17
396           	2.840395e-17
396.05        	2.840395e-17
396.1         	2.840395e-17
396.15        	2.840395e-17
396.2         	2.840395e-17
396.25        	2.840395e-17
396.3         	2.840395e-17
396.35        	2.840395e-17
396.4         	2.840395e-17
396.45        	2.840395e-17
396.5         	2.840395e-17
396.55        	2.840395e-17
396.6         	2.840395e-17
396.65        	2.840395e-17
396.7         	2.840395e-17
396.75        	2.840395e-17
396.8         	2.840395e-17
396.85        	2.840395e-17
396.9         	2.840395e-17
396.95        	2.840395e-17
397           	2.840395e-17
397.05        	2.840395e-17
397.1         	2.840395e-17
397.15        	2.840395e-17
397.2         	2.840395e-17
397.25        	2.840395e-17
397.3         	2.840395e-17
397.35        	2.840395e-17
397.4         	2.840395e-17
397.45        	2.840395e-17
397.5         	2.840395e-17
397.55        	2.840395e-17
397.6         	2.840395e-17
397.65        	2.840395e-17
397.7         	2.840395e-17
397.75        	2.840395e-17
397.8         	2.840395e-17
397.85        	2.840395e-17
397.9         	2.840395e-17
397.95        	2.840395e-17
398           	2.840395e-17
398.05        	2.840395e-17
398.1         	2.840395e-17
398.15        	2.840395e-17
398.2         	2.840395e-17
398.25        	2.840395e-17
398.3         	2.840395e-17
398.35        	2.840395e-17
398.4         	2.840395e-17
398.45        	2.840395e-17
398.5         	2.840395e-17
398.55        	2.840395e-17
398.6         	2.840395e-17
398.65        	2.840395e-17
398.7         	2.840395e-17
398.75        	2.840395e-17
398.8         	2.840395e-17
398.85        	2.840395e-17
398.9         	2.840395e-17
398.95        	2.840395e-17
399           	2.840395e-17
399.05        	2.840395e-17
399.1         	2.840395e-17
399.15        	2.840395e-17
399.2         	2.840395e-17
399.25        	2.840395e-17
399.3         	2.840395e-17
399.35        	2.840395e-17
399.4         	2.840395e-17
399.45        	2.840395e-17
399.5         	2.840395e-17
399.55        	2.840395e-17
399.6         	2.840395e-17
399.65        	2.840395e-17
399.7         	2.840395e-17
399.75        	2.840395e-17
399.8         	2.840395e-17
399.85        	2.840395e-17
399.9         	2.840395e-17
399.95        	2.840395e-17
400           	2.840395e-17
400.05        	2.840395e-17
400.1         	2.840395e-17
400.15        	2.840395e-17
400.2         	2.840395e-17
400.25        	2.840395e-17
400.3         	2.840395e-17
400.35        	2.840395e-17
400.4         	2.840395e-17
400.45        	2.840395e-17
400.5         	2.840395e-17
400.55        	2.840395e-17
400.6         	2.840395e-17
400.65        	2.840395e-17
400.7         	2.840395e-17
400.75        	2.840395e-17
400.8         	2.840395e-17
400.85        	2.840395e-17
400.9         	2.840395e-17
400.95        	2.840395e-17
401           	2.840395e-17
401.05        	2.840395e-17
401.1         	2.840395e-17
401.15        	2.840395e-17
401.2         	2.840395e-17
401.25        	2.840395e-17
401.3         	2.840395e-17
401.35        	2.840395e-17
401.4         	2.840395e-17
401.45        	2.840395e-17
401.5         	2.840395e-17
401.55        	2.840395e-17
401.6         	2.840395e-17
401.65        	2.840395e-17
401.7         	2.840395e-17
401.75        	2.840395e-17
401.8         	2.840395e-17
401.85        	2.840395e-17
401.9         	2.840395e-17
401.95        	2.840395e-17
402           	2.840395e-17
402.05        	2.840395e-17
402.1         	2.840395e-17
402.15        	2.840395e-17
402.2         	2.840395e-17
402.25        	2.840395e-17
402.3         	2.840395e-17
402.35        	2.840395e-17
402.4         	2.840395e-17
402.45        	2.840395e-17
402.5         	2.840395e-17
402.55        	2.840395e-17
402.6         	2.840395e-17
402.65        	2.840395e-17
402.7         	2.840395e-17
402.75        	2.840395e-17
402.8         	2.840395e-17
402.85        	2.840395e-17
402.9         	2.840395e-17
402.95        	2.840395e-17
403           	2.840395e-17
403.05        	2.840395e-17
403.1         	2.840395e-17
403.15        	2.840395e-17
403.2         	2.840395e-17
403.25        	2.840395e-17
403.3         	2.840395e-17
403.35        	2.840395e-17
403.4         	2.840395e-17
403.45        	2.840395e-17
403.5         	2.840395e-17
403.55        	2.840395e-17
403.6         	2.840395e-17
403.65        	2.840395e-17
403.7         	2.840395e-17
403.75        	2.840395e-17
403.8         	2.840395e-17
403.85        	2.840395e-17
403.9         	2.840395e-17
403.95        	2.840395e-17
404           	2.840395e-17
404.05        	2.840395e-17
404.1         	2.840395e-17
404.15        	2.840395e-17
404.2         	2.840395e-17
404.25        	2.840395e-17
404.3         	2.840395e-17
404.35        	2.840395e-17
404.4         	2.840395e-17
404.45        	2.840395e-17
404.5         	2.840395e-17
404.55        	2.840395e-17
404.6         	2.840395e-17
404.65        	2.840395e-17
404.7         	2.840395e-17
404.75        	2.840395e-17
404.8         	2.840395e-17
404.85        	2.840395e-17
404.9         	2.840395e-17
404.95        	2.840395e-17
405           	2.840395e-17
405.05        	2.840395e-17
405.1         	2.840395e-17
405.15        	2.840395e-17
405.2         	2.840395e-17
405.25        	2.840395e-17
405.3         	2.840395e-17
405.35        	2.840395e-17
405.4         	2.840395e-17
405.45        	2.840395e-17
405.5         	2.840395e-17
405.55        	2.840395e-17
405.6         	2.840395e-17
405.65        	2.840395e-17
405.7         	2.840395e-17
405.75        	2.840395e-17
405.8         	2.840395e-17
405.85        	2.840395e-17
405.9         	2.840395e-17
405.95        	2.840395e-17
406           	2.840395e-17
406.05        	2.840395e-17
406.1         	2.840395e-17
406.15        	2.840395e-17
406.2         	2.840395e-17
406.25        	2.840395e-17
406.3         	2.840395e-17
406.35        	2.840395e-17
406.4         	2.840395e-17
406.45        	2.840395e-17
406.5         	2.840395e-17
406.55        	2.840395e-17
406.6         	2.840395e-17
406.65        	2.840395e-17
406.7         	2.840395e-17
406.75        	2.840395e-17
406.8         	2.840395e-17
406.85        	2.840395e-17
406.9         	2.840395e-17
406.95        	2.840395e-17
407           	2.840395e-17
407.05        	2.840395e-17
407.1         	2.840395e-17
407.15        	2.840395e-17
407.2         	2.840395e-17
407.25        	2.840395e-17
407.3         	2.840395e-17
407.35        	2.840395e-17
407.4         	2.840395e-17
407.45        	2.840395e-17
407.5         	2.840395e-17
407.55        	2.840395e-17
407.6         	2.840395e-17
407.65        	2.840395e-17
407.7         	2.840395e-17
407.75        	2.840395e-17
407.8         	2.840395e-17
407.85        	2.840395e-17
407.9         	2.840395e-17
407.95        	2.840395e-17
408           	2.840395e-17
408.05        	2.840395e-17
408.1         	2.840395e-17
408.15        	2.840395e-17
408.2         	2.840395e-17
408.25        	2.840395e-17
408.3         	2.840395e-17
408.35        	2.840395e-17
408.4         	2.840395e-17
408.45        	2.840395e-17
408.5         	2.840395e-17
408.55        	2.840395e-17
408.6         	2.840395e-17
408.65        	2.840395e-17
408.7         	2.840395e-17
408.75        	2.840395e-17
408.8         	2.840395e-17
408.85        	2.840395e-17
408.9         	2.840395e-17
408.95        	2.840395e-17
409           	2.840395e-17
409.05        	2.840395e-17
409.1         	2.840395e-17
409.15        	2.840395e-17
409.2         	2.840395e-17
409.25        	2.840395e-17
409.3         	2.840395e-17
409.35        	2.840395e-17
409.4         	2.840395e-17
409.45        	2.840395e-17
409.5         	2.840395e-17
409.55        	2.840395e-17
409.6         	2.840395e-17
409.65        	2.840395e-17
409.7         	2.840395e-17
409.75        	2.840395e-17
409.8         	2.840395e-17
409.85        	2.840395e-17
409.9         	2.840395e-17
409.95        	2.840395e-17
410           	2.840395e-17
410.05        	2.840395e-17
410.1         	2.840395e-17
410.15        	2.840395e-17
410.2         	2.840395e-17
410.25        	2.840395e-17
410.3         	2.840395e-17
410.35        	2.840395e-17
410.4         	2.840395e-17
410.45        	2.840395e-17
410.5         	2.840395e-17
410.55        	2.840395e-17
410.6         	2.840395e-17
410.65        	2.840395e-17
410.7         	2.840395e-17
410.75        	2.840395e-17
410.8         	2.840395e-17
410.85        	2.840395e-17
410.9         	2.840395e-17
410.95        	2.840395e-17
411           	2.840395e-17
411.05        	2.840395e-17
411.1         	2.840395e-17
411.15        	2.840395e-17
411.2         	2.840395e-17
411.25        	2.840395e-17
411.3         	2.840395e-17
411.35        	2.840395e-17
411.4         	2.840395e-17
411.45        	2.840395e-17
411.5         	2.840395e-17
411.55        	2.840395e-17
411.6         	2.840395e-17
411.65        	2.840395e-17
411.7         	2.840395e-17
411.75        	2.840395e-17
411.8         	2.840395e-17
411.85        	2.840395e-17
411.9         	2.840395e-17
411.95        	2.840395e-17
412           	2.840395e-17
412.05        	2.840395e-17
412.1         	2.840395e-17
412.15        	2.840395e-17
412.2         	2.840395e-17
412.25        	2.840395e-17
412.3         	2.840395e-17
412.35        	2.840395e-17
412.4         	2.840395e-17
412.45        	2.840395e-17
412.5         	2.840395e-17
412.55        	2.840395e-17
412.6         	2.840395e-17
412.65        	2.840395e-17
412.7         	2.840395e-17
412.75        	2.840395e-17
412.8         	2.840395e-17
412.85        	2.840395e-17
412.9         	2.840395e-17
412.95        	2.840395e-17
413           	2.840395e-17
413.05        	2.840395e-17
413.1         	2.840395e-17
413.15        	2.840395e-17
413.2         	2.840395e-17
413.25        	2.840395e-17
413.3         	2.840395e-17
413.35        	2.840395e-17
413.4         	2.840395e-17
413.45        	2.840395e-17
413.5         	2.840395e-17
413.55        	2.840395e-17
413.6         	2.840395e-17
413.65        	2.840395e-17
413.7         	2.840395e-17
413.75        	2.840395e-17
413.8         	2.840395e-17
413.85        	2.840395e-17
413.9         	2.840395e-17
413.95        	2.840395e-17
414           	2.840395e-17
414.05        	2.840395e-17
414.1         	2.840395e-17
414.15        	2.840395e-17
414.2         	2.840395e-17
414.25        	2.840395e-17
414.3         	2.840395e-17
414.35        	2.840395e-17
414.4         	2.840395e-17
414.45        	2.840395e-17
414.5         	2.840395e-17
414.55        	2.840395e-17
414.6         	2.840395e-17
414.65        	2.840395e-17
414.7         	2.840395e-17
414.75        	2.840395e-17
414.8         	2.840395e-17
414.85        	2.840395e-17
414.9         	2.840395e-17
414.95        	2.840395e-17
415           	2.840395e-17
415.05        	2.840395e-17
415.1         	2.840395e-17
415.15        	2.840395e-17
415.2         	2.840395e-17
415.25        	2.840395e-17
415.3         	2.840395e-17
415.35        	2.840395e-17
415.4         	2.840395e-17
415.45        	2.840395e-17
415.5         	2.840395e-17
415.55        	2.840395e-17
415.6         	2.840395e-17
415.65        	2.840395e-17
415.7         	2.840395e-17
415.75        	2.840395e-17
415.8         	2.840395e-17
415.85        	2.840395e-17
415.9         	2.840395e-17
415.95        	2.840395e-17
416           	2.840395e-17
416.05        	2.840395e-17
416.1         	2.840395e-17
416.15        	2.840395e-17
416.2         	2.840395e-17
416.25        	2.840395e-17
416.3         	2.840395e-17
416.35        	2.840395e-17
416.4         	2.840395e-17
416.45        	2.840395e-17
416.5         	2.840395e-17
416.55        	2.840395e-17
416.6         	2.840395e-17
416.65        	2.840395e-17
416.7         	2.840395e-17
416.75        	2.840395e-17
416.8         	2.840395e-17
416.85        	2.840395e-17
416.9         	2.840395e-17
416.95        	2.840395e-17
417           	2.840395e-17
417.05        	2.840395e-17
417.1         	2.840395e-17
417.15        	2.840395e-17
417.2         	2.840395e-17
417.25        	2.840395e-17
417.3         	2.840395e-17
417.35        	2.840395e-17
417.4         	2.840395e-17
417.45        	2.840395e-17
417.5         	2.840395e-17
417.55        	2.840395e-17
417.6         	2.840395e-17
417.65        	2.840395e-17
417.7         	2.840395e-17
417.75        	2.840395e-17
417.8         	2.840395e-17
417.85        	2.840395e-17
417.9         	2.840395e-17
417.95        	2.840395e-17
418           	2.840395e-17
418.05        	2.840395e-17
418.1         	2.840395e-17
418.15        	2.840395e-17
418.2         	2.840395e-17
418.25        	2.840395e-17
418.3         	2.840395e-17
418.35        	2.840395e-17
418.4         	2.840395e-17
418.45        	2.840395e-17
418.5         	2.840395e-17
418.55        	2.840395e-17
418.6         	2.840395e-17
418.65        	2.840395e-17
418.7         	2.840395e-17
418.75        	2.840395e-17
418.8         	2.840395e-17
418.85        	2.840395e-17
418.9         	2.840395e-17
418.95        	2.840395e-17
419           	2.840395e-17
419.05        	2.840395e-17
419.1         	2.840395e-17
419.15        	2.840395e-17
419.2         	2.840395e-17
419.25        	2.840395e-17
419.3         	2.840395e-17
419.35        	2.840395e-17
419.4         	2.840395e-17
419.45        	2.840395e-17
419.5         	2.840395e-17
419.55        	2.840395e-17
419.6         	2.840395e-17
419.65        	2.840395e-17
419.7         	2.840395e-17
419.75        	2.840395e-17
419.8         	2.840395e-17
419.85        	2.840395e-17
419.9         	2.840395e-17
419.95        	2.840395e-17
420           	2.840395e-17
420.05        	2.840395e-17
420.1         	2.840395e-17
420.15        	2.840395e-17
420.2         	2.840395e-17
420.25        	2.840395e-17
420.3         	2.840395e-17
420.35        	2.840395e-17
420.4         	2.840395e-17
420.45        	2.840395e-17
420.5         	2.840395e-17
420.55        	2.840395e-17
420.6         	2.840395e-17
420.65        	2.840395e-17
420.7         	2.840395e-17
420.75        	2.840395e-17
420.8         	2.840395e-17
420.85        	2.840395e-17
420.9         	2.840395e-17
420.95        	2.840395e-17
421           	2.840395e-17
421.05        	2.840395e-17
421.1         	2.840395e-17
421.15        	2.840395e-17
421.2         	2.840395e-17
421.25        	2.840395e-17
421.3         	2.840395e-17
421.35        	2.840395e-17
421.4         	2.840395e-17
421.45        	2.840395e-17
421.5         	2.840395e-17
421.55        	2.840395e-17
421.6         	2.840395e-17
421.65        	2.840395e-17
421.7         	2.840395e-17
421.75        	2.840395e-17
421.8         	2.840395e-17
421.85        	2.840395e-17
421.9         	2.840395e-17
421.95        	2.840395e-17
422           	2.840395e-17
422.05        	2.840395e-17
422.1         	2.840395e-17
422.15        	2.840395e-17
422.2         	2.840395e-17
422.25        	2.840395e-17
422.3         	2.840395e-17
422.35        	2.840395e-17
422.4         	2.840395e-17
422.45        	2.840395e-17
422.5         	2.840395e-17
422.55        	2.840395e-17
422.6         	2.840395e-17
422.65        	2.840395e-17
422.7         	2.840395e-17
422.75        	2.840395e-17
422.8         	2.840395e-17
422.85        	2.840395e-17
422.9         	2.840395e-17
422.95        	2.840395e-17
423           	2.840395e-17
423.05        	2.840395e-17
423.1         	2.840395e-17
423.15        	2.840395e-17
423.2         	2.840395e-17
423.25        	2.840395e-17
423.3         	2.840395e-17
423.35        	2.840395e-17
423.4         	2.840395e-17
423.45        	2.840395e-17
423.5         	2.840395e-17
423.55        	2.840395e-17
423.6         	2.840395e-17
423.65        	2.840395e-17
423.7         	2.840395e-17
423.75        	2.840395e-17
423.8         	2.840395e-17
423.85        	2.840395e-17
423.9         	2.840395e-17
423.95        	2.840395e-17
424           	2.840395e-17
424.05        	2.840395e-17
424.1         	2.840395e-17
424.15        	2.840395e-17
424.2         	2.840395e-17
424.25        	2.840395e-17
424.3         	2.840395e-17
424.35        	2.840395e-17
424.4         	2.840395e-17
424.45        	2.840395e-17
424.5         	2.840395e-17
424.55        	2.840395e-17
424.6         	2.840395e-17
424.65        	2.840395e-17
424.7         	2.840395e-17
424.75        	2.840395e-17
424.8         	2.840395e-17
424.85        	2.840395e-17
424.9         	2.840395e-17
424.95        	2.840395e-17
425           	2.840395e-17
425.05        	2.840395e-17
425.1         	2.840395e-17
425.15        	2.840395e-17
425.2         	2.840395e-17
425.25        	2.840395e-17
425.3         	2.840395e-17
425.35        	2.840395e-17
425.4         	2.840395e-17
425.45        	2.840395e-17
425.5         	2.840395e-17
425.55        	2.840395e-17
425.6         	2.840395e-17
425.65        	2.840395e-17
425.7         	2.840395e-17
425.75        	2.840395e-17
425.8         	2.840395e-17
425.85        	2.840395e-17
425.9         	2.840395e-17
425.95        	2.840395e-17
426           	2.840395e-17
426.05        	2.840395e-17
426.1         	2.840395e-17
426.15        	2.840395e-17
426.2         	2.840395e-17
426.25        	2.840395e-17
426.3         	2.840395e-17
426.35        	2.840395e-17
426.4         	2.840395e-17
426.45        	2.840395e-17
426.5         	2.840395e-17
426.55        	2.840395e-17
426.6         	2.840395e-17
426.65        	2.840395e-17
426.7         	2.840395e-17
426.75        	2.840395e-17
426.8         	2.840395e-17
426.85        	2.840395e-17
426.9         	2.840395e-17
426.95        	2.840395e-17
427           	2.840395e-17
427.05        	2.840395e-17
427.1         	2.840395e-17
427.15        	2.840395e-17
427.2         	2.840395e-17
427.25        	2.840395e-17
427.3         	2.840395e-17
427.35        	2.840395e-17
427.4         	2.840395e-17
427.45        	2.840395e-17
427.5         	2.840395e-17
427.55        	2.840395e-17
427.6         	2.840395e-17
427.65        	2.840395e-17
427.7         	2.840395e-17
427.75        	2.840395e-17
427.8         	2.840395e-17
427.85        	2.840395e-17
427.9         	2.840395e-17
427.95        	2.840395e-17
428           	2.840395e-17
428.05        	2.840395e-17
428.1         	2.840395e-17
428.15        	2.840395e-17
428.2         	2.840395e-17
428.25        	2.840395e-17
428.3         	2.840395e-17
428.35        	2.840395e-17
428.4         	2.840395e-17
428.45        	2.840395e-17
428.5         	2.840395e-17
428.55        	2.840395e-17
428.6         	2.840395e-17
428.65        	2.840395e-17
428.7         	2.840395e-17
428.75        	2.840395e-17
428.8         	2.840395e-17
428.85        	2.840395e-17
428.9         	2.840395e-17
428.95        	2.840395e-17
429           	2.840395e-17
429.05        	2.840395e-17
429.1         	2.840395e-17
429.15        	2.840395e-17
429.2         	2.840395e-17
429.25        	2.840395e-17
429.3         	2.840395e-17
429.35        	2.840395e-17
429.4         	2.840395e-17
429.45        	2.840395e-17
429.5         	2.840395e-17
429.55        	2.840395e-17
429.6         	2.840395e-17
429.65        	2.840395e-17
429.7         	2.840395e-17
429.75        	2.840395e-17
429.8         	2.840395e-17
429.85        	2.840395e-17
429.9         	2.840395e-17
429.95        	2.840395e-17
430           	2.840395e-17
430.05        	2.840395e-17
430.1         	2.840395e-17
430.15        	2.840395e-17
430.2         	2.840395e-17
430.25        	2.840395e-17
430.3         	2.840395e-17
430.35        	2.840395e-17
430.4         	2.840395e-17
430.45        	2.840395e-17
430.5         	2.840395e-17
430.55        	2.840395e-17
430.6         	2.840395e-17
430.65        	2.840395e-17
430.7         	2.840395e-17
430.75        	2.840395e-17
430.8         	2.840395e-17
430.85        	2.840395e-17
430.9         	2.840395e-17
430.95        	2.840395e-17
431           	2.840395e-17
431.05        	2.840395e-17
431.1         	2.840395e-17
431.15        	2.840395e-17
431.2         	2.840395e-17
431.25        	2.840395e-17
431.3         	2.840395e-17
431.35        	2.840395e-17
431.4         	2.840395e-17
431.45        	2.840395e-17
431.5         	2.840395e-17
431.55        	2.840395e-17
431.6         	2.840395e-17
431.65        	2.840395e-17
431.7         	2.840395e-17
431.75        	2.840395e-17
431.8         	2.840395e-17
431.85        	2.840395e-17
431.9         	2.840395e-17
431.95        	2.840395e-17
432           	2.840395e-17
432.05        	2.840395e-17
432.1         	2.840395e-17
432.15        	2.840395e-17
432.2         	2.840395e-17
432.25        	2.840395e-17
432.3         	2.840395e-17
432.35        	2.840395e-17
432.4         	2.840395e-17
432.45        	2.840395e-17
432.5         	2.840395e-17
432.55        	2.840395e-17
432.6         	2.840395e-17
432.65        	2.840395e-17
432.7         	2.840395e-17
432.75        	2.840395e-17
432.8         	2.840395e-17
432.85        	2.840395e-17
432.9         	2.840395e-17
432.95        	2.840395e-17
433           	2.840395e-17
433.05        	2.840395e-17
433.1         	2.840395e-17
433.15        	2.840395e-17
433.2         	2.840395e-17
433.25        	2.840395e-17
433.3         	2.840395e-17
433.35        	2.840395e-17
433.4         	2.840395e-17
433.45        	2.840395e-17
433.5         	2.840395e-17
433.55        	2.840395e-17
433.6         	2.840395e-17
433.65        	2.840395e-17
433.7         	2.840395e-17
433.75        	2.840395e-17
433.8         	2.840395e-17
433.85        	2.840395e-17
433.9         	2.840395e-17
433.95        	2.840395e-17
434           	2.840395e-17
434.05        	2.840395e-17
434.1         	2.840395e-17
434.15        	2.840395e-17
434.2         	2.840395e-17
434.25        	2.840395e-17
434.3         	2.840395e-17
434.35        	2.840395e-17
434.4         	2.840395e-17
434.45        	2.840395e-17
434.5         	2.840395e-17
434.55        	2.840395e-17
434.6         	2.840395e-17
434.65        	2.840395e-17
434.7         	2.840395e-17
434.75        	2.840395e-17
434.8         	2.840395e-17
434.85        	2.840395e-17
434.9         	2.840395e-17
434.95        	2.840395e-17
435           	2.840395e-17
435.05        	2.840395e-17
435.1         	2.840395e-17
435.15        	2.840395e-17
435.2         	2.840395e-17
435.25        	2.840395e-17
435.3         	2.840395e-17
435.35        	2.840395e-17
435.4         	2.840395e-17
435.45        	2.840395e-17
435.5         	2.840395e-17
435.55        	2.840395e-17
435.6         	2.840395e-17
435.65        	2.840395e-17
435.7         	2.840395e-17
435.75        	2.840395e-17
435.8         	2.840395e-17
435.85        	2.840395e-17
435.9         	2.840395e-17
435.95        	2.840395e-17
436           	2.840395e-17
436.05        	2.840395e-17
436.1         	2.840395e-17
436.15        	2.840395e-17
436.2         	2.840395e-17
436.25        	2.840395e-17
436.3         	2.840395e-17
436.35        	2.840395e-17
436.4         	2.840395e-17
436.45        	2.840395e-17
436.5         	2.840395e-17
436.55        	2.840395e-17
436.6         	2.840395e-17
436.65        	2.840395e-17
436.7         	2.840395e-17
436.75        	2.840395e-17
436.8         	2.840395e-17
436.85        	2.840395e-17
436.9         	2.840395e-17
436.95        	2.840395e-17
437           	2.840395e-17
437.05        	2.840395e-17
437.1         	2.840395e-17
437.15        	2.840395e-17
437.2         	2.840395e-17
437.25        	2.840395e-17
437.3         	2.840395e-17
437.35        	2.840395e-17
437.4         	2.840395e-17
437.45        	2.840395e-17
437.5         	2.840395e-17
437.55        	2.840395e-17
437.6         	2.840395e-17
437.65        	2.840395e-17
437.7         	2.840395e-17
437.75        	2.840395e-17
437.8         	2.840395e-17
437.85        	2.840395e-17
437.9         	2.840395e-17
437.95        	2.840395e-17
438           	2.840395e-17
438.05        	2.840395e-17
438.1         	2.840395e-17
438.15        	2.840395e-17
438.2         	2.840395e-17
438.25        	2.840395e-17
438.3         	2.840395e-17
438.35        	2.840395e-17
438.4         	2.840395e-17
438.45        	2.840395e-17
438.5         	2.840395e-17
438.55        	2.840395e-17
438.6         	2.840395e-17
438.65        	2.840395e-17
438.7         	2.840395e-17
438.75        	2.840395e-17
438.8         	2.840395e-17
438.85        	2.840395e-17
438.9         	2.840395e-17
438.95        	2.840395e-17
439           	2.840395e-17
439.05        	2.840395e-17
439.1         	2.840395e-17
439.15        	2.840395e-17
439.2         	2.840395e-17
439.25        	2.840395e-17
439.3         	2.840395e-17
439.35        	2.840395e-17
439.4         	2.840395e-17
439.45        	2.840395e-17
439.5         	2.840395e-17
439.55        	2.840395e-17
439.6         	2.840395e-17
439.65        	2.840395e-17
439.7         	2.840395e-17
439.75        	2.840395e-17
439.8         	2.840395e-17
439.85        	2.840395e-17
439.9         	2.840395e-17
439.95        	2.840395e-17
440           	2.840395e-17
440.05        	2.840395e-17
440.1         	2.840395e-17
440.15        	2.840395e-17
440.2         	2.840395e-17
440.25        	2.840395e-17
440.3         	2.840395e-17
440.35        	2.840395e-17
440.4         	2.840395e-17
440.45        	2.840395e-17
440.5         	2.840395e-17
440.55        	2.840395e-17
440.6         	2.840395e-17
440.65        	2.840395e-17
440.7         	2.840395e-17
440.75        	2.840395e-17
440.8         	2.840395e-17
440.85        	2.840395e-17
440.9         	2.840395e-17
440.95        	2.840395e-17
441           	2.840395e-17
441.05        	2.840395e-17
441.1         	2.840395e-17
441.15        	2.840395e-17
441.2         	2.840395e-17
441.25        	2.840395e-17
441.3         	2.840395e-17
441.35        	2.840395e-17
441.4         	2.840395e-17
441.45        	2.840395e-17
441.5         	2.840395e-17
441.55        	2.840395e-17
441.6         	2.840395e-17
441.65        	2.840395e-17
441.7         	2.840395e-17
441.75        	2.840395e-17
441.8         	2.840395e-17
441.85        	2.840395e-17
441.9         	2.840395e-17
441.95        	2.840395e-17
442           	2.840395e-17
442.05        	2.840395e-17
442.1         	2.840395e-17
442.15        	2.840395e-17
442.2         	2.840395e-17
442.25        	2.840395e-17
442.3         	2.840395e-17
442.35        	2.840395e-17
442.4         	2.840395e-17
442.45        	2.840395e-17
442.5         	2.840395e-17
442.55        	2.840395e-17
442.6         	2.840395e-17
442.65        	2.840395e-17
442.7         	2.840395e-17
442.75        	2.840395e-17
442.8         	2.840395e-17
442.85        	2.840395e-17
442.9         	2.840395e-17
442.95        	2.840395e-17
443           	2.840395e-17
443.05        	2.840395e-17
443.1         	2.840395e-17
443.15        	2.840395e-17
443.2         	2.840395e-17
443.25        	2.840395e-17
443.3         	2.840395e-17
443.35        	2.840395e-17
443.4         	2.840395e-17
443.45        	2.840395e-17
443.5         	2.840395e-17
443.55        	2.840395e-17
443.6         	2.840395e-17
443.65        	2.840395e-17
443.7         	2.840395e-17
443.75        	2.840395e-17
443.8         	2.840395e-17
443.85        	2.840395e-17
443.9         	2.840395e-17
443.95        	2.840395e-17
444           	2.840395e-17
444.05        	2.840395e-17
444.1         	2.840395e-17
444.15        	2.840395e-17
444.2         	2.840395e-17
444.25        	2.840395e-17
444.3         	2.840395e-17
444.35        	2.840395e-17
444.4         	2.840395e-17
444.45        	2.840395e-17
444.5         	2.840395e-17
444.55        	2.840395e-17
444.6         	2.840395e-17
444.65        	2.840395e-17
444.7         	2.840395e-17
444.75        	2.840395e-17
444.8         	2.840395e-17
444.85        	2.840395e-17
444.9         	2.840395e-17
444.95        	2.840395e-17
445           	2.840395e-17
445.05        	2.840395e-17
445.1         	2.840395e-17
445.15        	2.840395e-17
445.2         	2.840395e-17
445.25        	2.840395e-17
445.3         	2.840395e-17
445.35        	2.840395e-17
445.4         	2.840395e-17
445.45        	2.840395e-17
445.5         	2.840395e-17
445.55        	2.840395e-17
445.6         	2.840395e-17
445.65        	2.840395e-17
445.7         	2.840395e-17
445.75        	2.840395e-17
445.8         	2.840395e-17
445.85        	2.840395e-17
445.9         	2.840395e-17
445.95        	2.840395e-17
446           	2.840395e-17
446.05        	2.840395e-17
446.1         	2.840395e-17
446.15        	2.840395e-17
446.2         	2.840395e-17
446.25        	2.840395e-17
446.3         	2.840395e-17
446.35        	2.840395e-17
446.4         	2.840395e-17
446.45        	2.840395e-17
446.5         	2.840395e-17
446.55        	2.840395e-17
446.6         	2.840395e-17
446.65        	2.840395e-17
446.7         	2.840395e-17
446.75        	2.840395e-17
446.8         	2.840395e-17
446.85        	2.840395e-17
446.9         	2.840395e-17
446.95        	2.840395e-17
447           	2.840395e-17
447.05        	2.840395e-17
447.1         	2.840395e-17
447.15        	2.840395e-17
447.2         	2.840395e-17
447.25        	2.840395e-17
447.3         	2.840395e-17
447.35        	2.840395e-17
447.4         	2.840395e-17
447.45        	2.840395e-17
447.5         	2.840395e-17
447.55        	2.840395e-17
447.6         	2.840395e-17
447.65        	2.840395e-17
447.7         	2.840395e-17
447.75        	2.840395e-17
447.8         	2.840395e-17
447.85        	2.840395e-17
447.9         	2.840395e-17
447.95        	2.840395e-17
448           	2.840395e-17
448.05        	2.840395e-17
448.1         	2.840395e-17
448.15        	2.840395e-17
448.2         	2.840395e-17
448.25        	2.840395e-17
448.3         	2.840395e-17
448.35        	2.840395e-17
448.4         	2.840395e-17
448.45        	2.840395e-17
448.5         	2.840395e-17
448.55        	2.840395e-17
448.6         	2.840395e-17
448.65        	2.840395e-17
448.7         	2.840395e-17
448.75        	2.840395e-17
448.8         	2.840395e-17
448.85        	2.840395e-17
448.9         	2.840395e-17
448.95        	2.840395e-17
449           	2.840395e-17
449.05        	2.840395e-17
449.1         	2.840395e-17
449.15        	2.840395e-17
449.2         	2.840395e-17
449.25        	2.840395e-17
449.3         	2.840395e-17
449.35        	2.840395e-17
449.4         	2.840395e-17
449.45        	2.840395e-17
449.5         	2.840395e-17
449.55        	2.840395e-17
449.6         	2.840395e-17
449.65        	2.840395e-17
449.7         	2.840395e-17
449.75        	2.840395e-17
449.8         	2.840395e-17
449.85        	2.840395e-17
449.9         	2.840395e-17
449.95        	2.840395e-17
450           	2.840395e-17
450.05        	2.840395e-17
450.1         	2.840395e-17
450.15        	2.840395e-17
450.2         	2.840395e-17
450.25        	2.840395e-17
450.3         	2.840395e-17
450.35        	2.840395e-17
450.4         	2.840395e-17
450.45        	2.840395e-17
450.5         	2.840395e-17
450.55        	2.840395e-17
450.6         	2.840395e-17
450.65        	2.840395e-17
450.7         	2.840395e-17
450.75        	2.840395e-17
450.8         	2.840395e-17
450.85        	2.840395e-17
450.9         	2.840395e-17
450.95        	2.840395e-17
451           	2.840395e-17
451.05        	2.840395e-17
451.1         	2.840395e-17
451.15        	2.840395e-17
451.2         	2.840395e-17
451.25        	2.840395e-17
451.3         	2.840395e-17
451.35        	2.840395e-17
451.4         	2.840395e-17
451.45        	2.840395e-17
451.5         	2.840395e-17
451.55        	2.840395e-17
451.6         	2.840395e-17
451.65        	2.840395e-17
451.7         	2.840395e-17
451.75        	2.840395e-17
451.8         	2.840395e-17
451.85        	2.840395e-17
451.9         	2.840395e-17
451.95        	2.840395e-17
452           	2.840395e-17
452.05        	2.840395e-17
452.1         	2.840395e-17
452.15        	2.840395e-17
452.2         	2.840395e-17
452.25        	2.840395e-17
452.3         	2.840395e-17
452.35        	2.840395e-17
452.4         	2.840395e-17
452.45        	2.840395e-17
452.5         	2.840395e-17
452.55        	2.840395e-17
452.6         	2.840395e-17
452.65        	2.840395e-17
452.7         	2.840395e-17
452.75        	2.840395e-17
452.8         	2.840395e-17
452.85        	2.840395e-17
452.9         	2.840395e-17
452.95        	2.840395e-17
453           	2.840395e-17
453.05        	2.840395e-17
453.1         	2.840395e-17
453.15        	2.840395e-17
453.2         	2.840395e-17
453.25        	2.840395e-17
453.3         	2.840395e-17
453.35        	2.840395e-17
453.4         	2.840395e-17
453.45        	2.840395e-17
453.5         	2.840395e-17
453.55        	2.840395e-17
453.6         	2.840395e-17
453.65        	2.840395e-17
453.7         	2.840395e-17
453.75        	2.840395e-17
453.8         	2.840395e-17
453.85        	2.840395e-17
453.9         	2.840395e-17
453.95        	2.840395e-17
454           	2.840395e-17
454.05        	2.840395e-17
454.1         	2.840395e-17
454.15        	2.840395e-17
454.2         	2.840395e-17
454.25        	2.840395e-17
454.3         	2.840395e-17
454.35        	2.840395e-17
454.4         	2.840395e-17
454.45        	2.840395e-17
454.5         	2.840395e-17
454.55        	2.840395e-17
454.6         	2.840395e-17
454.65        	2.840395e-17
454.7         	2.840395e-17
454.75        	2.840395e-17
454.8         	2.840395e-17
454.85        	2.840395e-17
454.9         	2.840395e-17
454.95        	2.840395e-17
455           	2.840395e-17
455.05        	2.840395e-17
455.1         	2.840395e-17
455.15        	2.840395e-17
455.2         	2.840395e-17
455.25        	2.840395e-17
455.3         	2.840395e-17
455.35        	2.840395e-17
455.4         	2.840395e-17
455.45        	2.840395e-17
455.5         	2.840395e-17
455.55        	2.840395e-17
455.6         	2.840395e-17
455.65        	2.840395e-17
455.7         	2.840395e-17
455.75        	2.840395e-17
455.8         	2.840395e-17
455.85        	2.840395e-17
455.9         	2.840395e-17
455.95        	2.840395e-17
456           	2.840395e-17
456.05        	2.840395e-17
456.1         	2.840395e-17
456.15        	2.840395e-17
456.2         	2.840395e-17
456.25        	2.840395e-17
456.3         	2.840395e-17
456.35        	2.840395e-17
456.4         	2.840395e-17
456.45        	2.840395e-17
456.5         	2.840395e-17
456.55        	2.840395e-17
456.6         	2.840395e-17
456.65        	2.840395e-17
456.7         	2.840395e-17
456.75        	2.840395e-17
456.8         	2.840395e-17
456.85        	2.840395e-17
456.9         	2.840395e-17
456.95        	2.840395e-17
457           	2.840395e-17
457.05        	2.840395e-17
457.1         	2.840395e-17
457.15        	2.840395e-17
457.2         	2.840395e-17
457.25        	2.840395e-17
457.3         	2.840395e-17
457.35        	2.840395e-17
457.4         	2.840395e-17
457.45        	2.840395e-17
457.5         	2.840395e-17
457.55        	2.840395e-17
457.6         	2.840395e-17
457.65        	2.840395e-17
457.7         	2.840395e-17
457.75        	2.840395e-17
457.8         	2.840395e-17
457.85        	2.840395e-17
457.9         	2.840395e-17
457.95        	2.840395e-17
458           	2.840395e-17
458.05        	2.840395e-17
458.1         	2.840395e-17
458.15        	2.840395e-17
458.2         	2.840395e-17
458.25        	2.840395e-17
458.3         	2.840395e-17
458.35        	2.840395e-17
458.4         	2.840395e-17
458.45        	2.840395e-17
458.5         	2.840395e-17
458.55        	2.840395e-17
458.6         	2.840395e-17
458.65        	2.840395e-17
458.7         	2.840395e-17
458.75        	2.840395e-17
458.8         	2.840395e-17
458.85        	2.840395e-17
458.9         	2.840395e-17
458.95        	2.840395e-17
459           	2.840395e-17
459.05        	2.840395e-17
459.1         	2.840395e-17
459.15        	2.840395e-17
459.2         	2.840395e-17
459.25        	2.840395e-17
459.3         	2.840395e-17
459.35        	2.840395e-17
459.4         	2.840395e-17
459.45        	2.840395e-17
459.5         	2.840395e-17
459.55        	2.840395e-17
459.6         	2.840395e-17
459.65        	2.840395e-17
459.7         	2.840395e-17
459.75        	2.840395e-17
459.8         	2.840395e-17
459.85        	2.840395e-17
459.9         	2.840395e-17
459.95        	2.840395e-17
460           	2.840395e-17
460.05        	2.840395e-17
460.1         	2.840395e-17
460.15        	2.840395e-17
460.2         	2.840395e-17
460.25        	2.840395e-17
460.3         	2.840395e-17
460.35        	2.840395e-17
460.4         	2.840395e-17
460.45        	2.840395e-17
460.5         	2.840395e-17
460.55        	2.840395e-17
460.6         	2.840395e-17
460.65        	2.840395e-17
460.7         	2.840395e-17
460.75        	2.840395e-17
460.8         	2.840395e-17
460.85        	2.840395e-17
460.9         	2.840395e-17
460.95        	2.840395e-17
461           	2.840395e-17
461.05        	2.840395e-17
461.1         	2.840395e-17
461.15        	2.840395e-17
461.2         	2.840395e-17
461.25        	2.840395e-17
461.3         	2.840395e-17
461.35        	2.840395e-17
461.4         	2.840395e-17
461.45        	2.840395e-17
461.5         	2.840395e-17
461.55        	2.840395e-17
461.6         	2.840395e-17
461.65        	2.840395e-17
461.7         	2.840395e-17
461.75        	2.840395e-17
461.8         	2.840395e-17
461.85        	2.840395e-17
461.9         	2.840395e-17
461.95        	2.840395e-17
462           	2.840395e-17
462.05        	2.840395e-17
462.1         	2.840395e-17
462.15        	2.840395e-17
462.2         	2.840395e-17
462.25        	2.840395e-17
462.3         	2.840395e-17
462.35        	2.840395e-17
462.4         	2.840395e-17
462.45        	2.840395e-17
462.5         	2.840395e-17
462.55        	2.840395e-17
462.6         	2.840395e-17
462.65        	2.840395e-17
462.7         	2.840395e-17
462.75        	2.840395e-17
462.8         	2.840395e-17
462.85        	2.840395e-17
462.9         	2.840395e-17
462.95        	2.840395e-17
463           	2.840395e-17
463.05        	2.840395e-17
463.1         	2.840395e-17
463.15        	2.840395e-17
463.2         	2.840395e-17
463.25        	2.840395e-17
463.3         	2.840395e-17
463.35        	2.840395e-17
463.4         	2.840395e-17
463.45        	2.840395e-17
463.5         	2.840395e-17
463.55        	2.840395e-17
463.6         	2.840395e-17
463.65        	2.840395e-17
463.7         	2.840395e-17
463.75        	2.840395e-17
463.8         	2.840395e-17
463.85        	2.840395e-17
463.9         	2.840395e-17
463.95        	2.840395e-17
464           	2.840395e-17
464.05        	2.840395e-17
464.1         	2.840395e-17
464.15        	2.840395e-17
464.2         	2.840395e-17
464.25        	2.840395e-17
464.3         	2.840395e-17
464.35        	2.840395e-17
464.4         	2.840395e-17
464.45        	2.840395e-17
464.5         	2.840395e-17
464.55        	2.840395e-17
464.6         	2.840395e-17
464.65        	2.840395e-17
464.7         	2.840395e-17
464.75        	2.840395e-17
464.8         	2.840395e-17
464.85        	2.840395e-17
464.9         	2.840395e-17
464.95        	2.840395e-17
465           	2.840395e-17
465.05        	2.840395e-17
465.1         	2.840395e-17
465.15        	2.840395e-17
465.2         	2.840395e-17
465.25        	2.840395e-17
465.3         	2.840395e-17
465.35        	2.840395e-17
465.4         	2.840395e-17
465.45        	2.840395e-17
465.5         	2.840395e-17
465.55        	2.840395e-17
465.6         	2.840395e-17
465.65        	2.840395e-17
465.7         	2.840395e-17
465.75        	2.840395e-17
465.8         	2.840395e-17
465.85        	2.840395e-17
465.9         	2.840395e-17
465.95        	2.840395e-17
466           	2.840395e-17
466.05        	2.840395e-17
466.1         	2.840395e-17
466.15        	2.840395e-17
466.2         	2.840395e-17
466.25        	2.840395e-17
466.3         	2.840395e-17
466.35        	2.840395e-17
466.4         	2.840395e-17
466.45        	2.840395e-17
466.5         	2.840395e-17
466.55        	2.840395e-17
466.6         	2.840395e-17
466.65        	2.840395e-17
466.7         	2.840395e-17
466.75        	2.840395e-17
466.8         	2.840395e-17
466.85        	2.840395e-17
466.9         	2.840395e-17
466.95        	2.840395e-17
467           	2.840395e-17
467.05        	2.840395e-17
467.1         	2.840395e-17
467.15        	2.840395e-17
467.2         	2.840395e-17
467.25        	2.840395e-17
467.3         	2.840395e-17
467.35        	2.840395e-17
467.4         	2.840395e-17
467.45        	2.840395e-17
467.5         	2.840395e-17
467.55        	2.840395e-17
467.6         	2.840395e-17
467.65        	2.840395e-17
467.7         	2.840395e-17
467.75        	2.840395e-17
467.8         	2.840395e-17
467.85        	2.840395e-17
467.9         	2.840395e-17
467.95        	2.840395e-17
468           	2.840395e-17
468.05        	2.840395e-17
468.1         	2.840395e-17
468.15        	2.840395e-17
468.2         	2.840395e-17
468.25        	2.840395e-17
468.3         	2.840395e-17
468.35        	2.840395e-17
468.4         	2.840395e-17
468.45        	2.840395e-17
468.5         	2.840395e-17
468.55        	2.840395e-17
468.6         	2.840395e-17
468.65        	2.840395e-17
468.7         	2.840395e-17
468.75        	2.840395e-17
468.8         	2.840395e-17
468.85        	2.840395e-17
468.9         	2.840395e-17
468.95        	2.840395e-17
469           	2.840395e-17
469.05        	2.840395e-17
469.1         	2.840395e-17
469.15        	2.840395e-17
469.2         	2.840395e-17
469.25        	2.840395e-17
469.3         	2.840395e-17
469.35        	2.840395e-17
469.4         	2.840395e-17
469.45        	2.840395e-17
469.5         	2.840395e-17
469.55        	2.840395e-17
469.6         	2.840395e-17
469.65        	2.840395e-17
469.7         	2.840395e-17
469.75        	2.840395e-17
469.8         	2.840395e-17
469.85        	2.840395e-17
469.9         	2.840395e-17
469.95        	2.840395e-17
470           	2.840395e-17
470.05        	2.840395e-17
470.1         	2.840395e-17
470.15        	2.840395e-17
470.2         	2.840395e-17
470.25        	2.840395e-17
470.3         	2.840395e-17
470.35        	2.840395e-17
470.4         	2.840395e-17
470.45        	2.840395e-17
470.5         	2.840395e-17
470.55        	2.840395e-17
470.6         	2.840395e-17
470.65        	2.840395e-17
470.7         	2.840395e-17
470.75        	2.840395e-17
470.8         	2.840395e-17
470.85        	2.840395e-17
470.9         	2.840395e-17
470.95        	2.840395e-17
471           	2.840395e-17
471.05        	2.840395e-17
471.1         	2.840395e-17
471.15        	2.840395e-17
471.2         	2.840395e-17
471.25        	2.840395e-17
471.3         	2.840395e-17
471.35        	2.840395e-17
471.4         	2.840395e-17
471.45        	2.840395e-17
471.5         	2.840395e-17
471.55        	2.840395e-17
471.6         	2.840395e-17
471.65        	2.840395e-17
471.7         	2.840395e-17
471.75        	2.840395e-17
471.8         	2.840395e-17
471.85        	2.840395e-17
471.9         	2.840395e-17
471.95        	2.840395e-17
472           	2.840395e-17
472.05        	2.840395e-17
472.1         	2.840395e-17
472.15        	2.840395e-17
472.2         	2.840395e-17
472.25        	2.840395e-17
472.3         	2.840395e-17
472.35        	2.840395e-17
472.4         	2.840395e-17
472.45        	2.840395e-17
472.5         	2.840395e-17
472.55        	2.840395e-17
472.6         	2.840395e-17
472.65        	2.840395e-17
472.7         	2.840395e-17
472.75        	2.840395e-17
472.8         	2.840395e-17
472.85        	2.840395e-17
472.9         	2.840395e-17
472.95        	2.840395e-17
473           	2.840395e-17
473.05        	2.840395e-17
473.1         	2.840395e-17
473.15        	2.840395e-17
473.2         	2.840395e-17
473.25        	2.840395e-17
473.3         	2.840395e-17
473.35        	2.840395e-17
473.4         	2.840395e-17
473.45        	2.840395e-17
473.5         	2.840395e-17
473.55        	2.840395e-17
473.6         	2.840395e-17
473.65        	2.840395e-17
473.7         	2.840395e-17
473.75        	2.840395e-17
473.8         	2.840395e-17
473.85        	2.840395e-17
473.9         	2.840395e-17
473.95        	2.840395e-17
474           	2.840395e-17
474.05        	2.840395e-17
474.1         	2.840395e-17
474.15        	2.840395e-17
474.2         	2.840395e-17
474.25        	2.840395e-17
474.3         	2.840395e-17
474.35        	2.840395e-17
474.4         	2.840395e-17
474.45        	2.840395e-17
474.5         	2.840395e-17
474.55        	2.840395e-17
474.6         	2.840395e-17
474.65        	2.840395e-17
474.7         	2.840395e-17
474.75        	2.840395e-17
474.8         	2.840395e-17
474.85        	2.840395e-17
474.9         	2.840395e-17
474.95        	2.840395e-17
475           	2.840395e-17
475.05        	2.840395e-17
475.1         	2.840395e-17
475.15        	2.840395e-17
475.2         	2.840395e-17
475.25        	2.840395e-17
475.3         	2.840395e-17
475.35        	2.840395e-17
475.4         	2.840395e-17
475.45        	2.840395e-17
475.5         	2.840395e-17
475.55        	2.840395e-17
475.6         	2.840395e-17
475.65        	2.840395e-17
475.7         	2.840395e-17
475.75        	2.840395e-17
475.8         	2.840395e-17
475.85        	2.840395e-17
475.9         	2.840395e-17
475.95        	2.840395e-17
476           	2.840395e-17
476.05        	2.840395e-17
476.1         	2.840395e-17
476.15        	2.840395e-17
476.2         	2.840395e-17
476.25        	2.840395e-17
476.3         	2.840395e-17
476.35        	2.840395e-17
476.4         	2.840395e-17
476.45        	2.840395e-17
476.5         	2.840395e-17
476.55        	2.840395e-17
476.6         	2.840395e-17
476.65        	2.840395e-17
476.7         	2.840395e-17
476.75        	2.840395e-17
476.8         	2.840395e-17
476.85        	2.840395e-17
476.9         	2.840395e-17
476.95        	2.840395e-17
477           	2.840395e-17
477.05        	2.840395e-17
477.1         	2.840395e-17
477.15        	2.840395e-17
477.2         	2.840395e-17
477.25        	2.840395e-17
477.3         	2.840395e-17
477.35        	2.840395e-17
477.4         	2.840395e-17
477.45        	2.840395e-17
477.5         	2.840395e-17
477.55        	2.840395e-17
477.6         	2.840395e-17
477.65        	2.840395e-17
477.7         	2.840395e-17
477.75        	2.840395e-17
477.8         	2.840395e-17
477.85        	2.840395e-17
477.9         	2.840395e-17
477.95        	2.840395e-17
478           	2.840395e-17
478.05        	2.840395e-17
478.1         	2.840395e-17
478.15        	2.840395e-17
478.2         	2.840395e-17
478.25        	2.840395e-17
478.3         	2.840395e-17
478.35        	2.840395e-17
478.4         	2.840395e-17
478.45        	2.840395e-17
478.5         	2.840395e-17
478.55        	2.840395e-17
478.6         	2.840395e-17
478.65        	2.840395e-17
478.7         	2.840395e-17
478.75        	2.840395e-17
478.8         	2.840395e-17
478.85        	2.840395e-17
478.9         	2.840395e-17
478.95        	2.840395e-17
479           	2.840395e-17
479.05        	2.840395e-17
479.1         	2.840395e-17
479.15        	2.840395e-17
479.2         	2.840395e-17
479.25        	2.840395e-17
479.3         	2.840395e-17
479.35        	2.840395e-17
479.4         	2.840395e-17
479.45        	2.840395e-17
479.5         	2.840395e-17
479.55        	2.840395e-17
479.6         	2.840395e-17
479.65        	2.840395e-17
479.7         	2.840395e-17
479.75        	2.840395e-17
479.8         	2.840395e-17
479.85        	2.840395e-17
479.9         	2.840395e-17
479.95        	2.840395e-17
480           	2.840395e-17
480.05        	2.840395e-17
480.1         	2.840395e-17
480.15        	2.840395e-17
480.2         	2.840395e-17
480.25        	2.840395e-17
480.3         	2.840395e-17
480.35        	2.840395e-17
480.4         	2.840395e-17
480.45        	2.840395e-17
480.5         	2.840395e-17
480.55        	2.840395e-17
480.6         	2.840395e-17
480.65        	2.840395e-17
480.7         	2.840395e-17
480.75        	2.840395e-17
480.8         	2.840395e-17
480.85        	2.840395e-17
480.9         	2.840395e-17
480.95        	2.840395e-17
481           	2.840395e-17
481.05        	2.840395e-17
481.1         	2.840395e-17
481.15        	2.840395e-17
481.2         	2.840395e-17
481.25        	2.840395e-17
481.3         	2.840395e-17
481.35        	2.840395e-17
481.4         	2.840395e-17
481.45        	2.840395e-17
481.5         	2.840395e-17
481.55        	2.840395e-17
481.6         	2.840395e-17
481.65        	2.840395e-17
481.7         	2.840395e-17
481.75        	2.840395e-17
481.8         	2.840395e-17
481.85        	2.840395e-17
481.9         	2.840395e-17
481.95        	2.840395e-17
482           	2.840395e-17
482.05        	2.840395e-17
482.1         	2.840395e-17
482.15        	2.840395e-17
482.2         	2.840395e-17
482.25        	2.840395e-17
482.3         	2.840395e-17
482.35        	2.840395e-17
482.4         	2.840395e-17
482.45        	2.840395e-17
482.5         	2.840395e-17
482.55        	2.840395e-17
482.6         	2.840395e-17
482.65        	2.840395e-17
482.7         	2.840395e-17
482.75        	2.840395e-17
482.8         	2.840395e-17
482.85        	2.840395e-17
482.9         	2.840395e-17
482.95        	2.840395e-17
483           	2.840395e-17
483.05        	2.840395e-17
483.1         	2.840395e-17
483.15        	2.840395e-17
483.2         	2.840395e-17
483.25        	2.840395e-17
483.3         	2.840395e-17
483.35        	2.840395e-17
483.4         	2.840395e-17
483.45        	2.840395e-17
483.5         	2.840395e-17
483.55        	2.840395e-17
483.6         	2.840395e-17
483.65        	2.840395e-17
483.7         	2.840395e-17
483.75        	2.840395e-17
483.8         	2.840395e-17
483.85        	2.840395e-17
483.9         	2.840395e-17
483.95        	2.840395e-17
484           	2.840395e-17
484.05        	2.840395e-17
484.1         	2.840395e-17
484.15        	2.840395e-17
484.2         	2.840395e-17
484.25        	2.840395e-17
484.3         	2.840395e-17
484.35        	2.840395e-17
484.4         	2.840395e-17
484.45        	2.840395e-17
484.5         	2.840395e-17
484.55        	2.840395e-17
484.6         	2.840395e-17
484.65        	2.840395e-17
484.7         	2.840395e-17
484.75        	2.840395e-17
484.8         	2.840395e-17
484.85        	2.840395e-17
484.9         	2.840395e-17
484.95        	2.840395e-17
485           	2.840395e-17
485.05        	2.840395e-17
485.1         	2.840395e-17
485.15        	2.840395e-17
485.2         	2.840395e-17
485.25        	2.840395e-17
485.3         	2.840395e-17
485.35        	2.840395e-17
485.4         	2.840395e-17
485.45        	2.840395e-17
485.5         	2.840395e-17
485.55        	2.840395e-17
485.6         	2.840395e-17
485.65        	2.840395e-17
485.7         	2.840395e-17
485.75        	2.840395e-17
485.8         	2.840395e-17
485.85        	2.840395e-17
485.9         	2.840395e-17
485.95        	2.840395e-17
486           	2.840395e-17
486.05        	2.840395e-17
486.1         	2.840395e-17
486.15        	2.840395e-17
486.2         	2.840395e-17
486.25        	2.840395e-17
486.3         	2.840395e-17
486.35        	2.840395e-17
486.4         	2.840395e-17
486.45        	2.840395e-17
486.5         	2.840395e-17
486.55        	2.840395e-17
486.6         	2.840395e-17
486.65        	2.840395e-17
486.7         	2.840395e-17
486.75        	2.840395e-17
486.8         	2.840395e-17
486.85        	2.840395e-17
486.9         	2.840395e-17
486.95        	2.840395e-17
487           	2.840395e-17
487.05        	2.840395e-17
487.1         	2.840395e-17
487.15        	2.840395e-17
487.2         	2.840395e-17
487.25        	2.840395e-17
487.3         	2.840395e-17
487.35        	2.840395e-17
487.4         	2.840395e-17
487.45        	2.840395e-17
487.5         	2.840395e-17
487.55        	2.840395e-17
487.6         	2.840395e-17
487.65        	2.840395e-17
487.7         	2.840395e-17
487.75        	2.840395e-17
487.8         	2.840395e-17
487.85        	2.840395e-17
487.9         	2.840395e-17
487.95        	2.840395e-17
488           	2.840395e-17
488.05        	2.840395e-17
488.1         	2.840395e-17
488.15        	2.840395e-17
488.2         	2.840395e-17
488.25        	2.840395e-17
488.3         	2.840395e-17
488.35        	2.840395e-17
488.4         	2.840395e-17
488.45        	2.840395e-17
488.5         	2.840395e-17
488.55        	2.840395e-17
488.6         	2.840395e-17
488.65        	2.840395e-17
488.7         	2.840395e-17
488.75        	2.840395e-17
488.8         	2.840395e-17
488.85        	2.840395e-17
488.9         	2.840395e-17
488.95        	2.840395e-17
489           	2.840395e-17
489.05        	2.840395e-17
489.1         	2.840395e-17
489.15        	2.840395e-17
489.2         	2.840395e-17
489.25        	2.840395e-17
489.3         	2.840395e-17
489.35        	2.840395e-17
489.4         	2.840395e-17
489.45        	2.840395e-17
489.5         	2.840395e-17
489.55        	2.840395e-17
489.6         	2.840395e-17
489.65        	2.840395e-17
489.7         	2.840395e-17
489.75        	2.840395e-17
489.8         	2.840395e-17
489.85        	2.840395e-17
489.9         	2.840395e-17
489.95        	2.840395e-17
490           	2.840395e-17
490.05        	2.840395e-17
490.1         	2.840395e-17
490.15        	2.840395e-17
490.2         	2.840395e-17
490.25        	2.840395e-17
490.3         	2.840395e-17
490.35        	2.840395e-17
490.4         	2.840395e-17
490.45        	2.840395e-17
490.5         	2.840395e-17
490.55        	2.840395e-17
490.6         	2.840395e-17
490.65        	2.840395e-17
490.7         	2.840395e-17
490.75        	2.840395e-17
490.8         	2.840395e-17
490.85        	2.840395e-17
490.9         	2.840395e-17
490.95        	2.840395e-17
491           	2.840395e-17
491.05        	2.840395e-17
491.1         	2.840395e-17
491.15        	2.840395e-17
491.2         	2.840395e-17
491.25        	2.840395e-17
491.3         	2.840395e-17
491.35        	2.840395e-17
491.4         	2.840395e-17
491.45        	2.840395e-17
491.5         	2.840395e-17
491.55        	2.840395e-17
491.6         	2.840395e-17
491.65        	2.840395e-17
491.7         	2.840395e-17
491.75        	2.840395e-17
491.8         	2.840395e-17
491.85        	2.840395e-17
491.9         	2.840395e-17
491.95        	2.840395e-17
492           	2.840395e-17
492.05        	2.840395e-17
492.1         	2.840395e-17
492.15        	2.840395e-17
492.2         	2.840395e-17
492.25        	2.840395e-17
492.3         	2.840395e-17
492.35        	2.840395e-17
492.4         	2.840395e-17
492.45        	2.840395e-17
492.5         	2.840395e-17
492.55        	2.840395e-17
492.6         	2.840395e-17
492.65        	2.840395e-17
492.7         	2.840395e-17
492.75        	2.840395e-17
492.8         	2.840395e-17
492.85        	2.840395e-17
492.9         	2.840395e-17
492.95        	2.840395e-17
493           	2.840395e-17
493.05        	2.840395e-17
493.1         	2.840395e-17
493.15        	2.840395e-17
493.2         	2.840395e-17
493.25        	2.840395e-17
493.3         	2.840395e-17
493.35        	2.840395e-17
493.4         	2.840395e-17
493.45        	2.840395e-17
493.5         	2.840395e-17
493.55        	2.840395e-17
493.6         	2.840395e-17
493.65        	2.840395e-17
493.7         	2.840395e-17
493.75        	2.840395e-17
493.8         	2.840395e-17
493.85        	2.840395e-17
493.9         	2.840395e-17
493.95        	2.840395e-17
494           	2.840395e-17
494.05        	2.840395e-17
494.1         	2.840395e-17
494.15        	2.840395e-17
494.2         	2.840395e-17
494.25        	2.840395e-17
494.3         	2.840395e-17
494.35        	2.840395e-17
494.4         	2.840395e-17
494.45        	2.840395e-17
494.5         	2.840395e-17
494.55        	2.840395e-17
494.6         	2.840395e-17
494.65        	2.840395e-17
494.7         	2.840395e-17
494.75        	2.840395e-17
494.8         	2.840395e-17
494.85        	2.840395e-17
494.9         	2.840395e-17
494.95        	2.840395e-17
495           	2.840395e-17
495.05        	2.840395e-17
495.1         	2.840395e-17
495.15        	2.840395e-17
495.2         	2.840395e-17
495.25        	2.840395e-17
495.3         	2.840395e-17
495.35        	2.840395e-17
495.4         	2.840395e-17
495.45        	2.840395e-17
495.5         	2.840395e-17
495.55        	2.840395e-17
495.6         	2.840395e-17
495.65        	2.840395e-17
495.7         	2.840395e-17
495.75        	2.840395e-17
495.8         	2.840395e-17
495.85        	2.840395e-17
495.9         	2.840395e-17
495.95        	2.840395e-17
496           	2.840395e-17
496.05        	2.840395e-17
496.1         	2.840395e-17
496.15        	2.840395e-17
496.2         	2.840395e-17
496.25        	2.840395e-17
496.3         	2.840395e-17
496.35        	2.840395e-17
496.4         	2.840395e-17
496.45        	2.840395e-17
496.5         	2.840395e-17
496.55        	2.840395e-17
496.6         	2.840395e-17
496.65        	2.840395e-17
496.7         	2.840395e-17
496.75        	2.840395e-17
496.8         	2.840395e-17
496.85        	2.840395e-17
496.9         	2.840395e-17
496.95        	2.840395e-17
497           	2.840395e-17
497.05        	2.840395e-17
497.1         	2.840395e-17
497.15        	2.840395e-17
497.2         	2.840395e-17
497.25        	2.840395e-17
497.3         	2.840395e-17
497.35        	2.840395e-17
497.4         	2.840395e-17
497.45        	2.840395e-17
497.5         	2.840395e-17
497.55        	2.840395e-17
497.6         	2.840395e-17
497.65        	2.840395e-17
497.7         	2.840395e-17
497.75        	2.840395e-17
497.8         	2.840395e-17
497.85        	2.840395e-17
497.9         	2.840395e-17
497.95        	2.840395e-17
498           	2.840395e-17
498.05        	2.840395e-17
498.1         	2.840395e-17
498.15        	2.840395e-17
498.2         	2.840395e-17
498.25        	2.840395e-17
498.3         	2.840395e-17
498.35        	2.840395e-17
498.4         	2.840395e-17
498.45        	2.840395e-17
498.5         	2.840395e-17
498.55        	2.840395e-17
498.6         	2.840395e-17
498.65        	2.840395e-17
498.7         	2.840395e-17
498.75        	2.840395e-17
498.8         	2.840395e-17
498.85        	2.840395e-17
498.9         	2.840395e-17
498.95        	2.840395e-17
499           	2.840395e-17
499.05        	2.840395e-17
499.1         	2.840395e-17
499.15        	2.840395e-17
499.2         	2.840395e-17
499.25        	2.840395e-17
499.3         	2.840395e-17
499.35        	2.840395e-17
499.4         	2.840395e-17
499.45        	2.840395e-17
499.5         	2.840395e-17
499.55        	2.840395e-17
499.6         	2.840395e-17
499.65        	2.840395e-17
499.7         	2.840395e-17
499.75        	2.840395e-17
499.8         	2.840395e-17
499.85        	2.840395e-17
499.9         	2.840395e-17
499.95        	2.840395e-17
500           	2.840395e-17
500.05        	2.840395e-17
500.1         	2.840395e-17
500.15        	2.840395e-17
500.2         	2.840395e-17
500.25        	2.840395e-17
500.3         	2.840395e-17
500.35        	2.840395e-17
500.4         	2.840395e-17
500.45        	2.840395e-17
500.5         	2.840395e-17
500.55        	2.840395e-17
500.6         	2.840395e-17
500.65        	2.840395e-17
500.7         	2.840395e-17
500.75        	2.840395e-17
500.8         	2.840395e-17
500.85        	2.840395e-17
500.9         	2.840395e-17
500.95        	2.840395e-17
501           	2.840395e-17
501.05        	2.840395e-17
501.1         	2.840395e-17
501.15        	2.840395e-17
501.2         	2.840395e-17
501.25        	2.840395e-17
501.3         	2.840395e-17
501.35        	2.840395e-17
501.4         	2.840395e-17
501.45        	2.840395e-17
501.5         	2.840395e-17
501.55        	2.840395e-17
501.6         	2.840395e-17
501.65        	2.840395e-17
501.7         	2.840395e-17
501.75        	2.840395e-17
501.8         	2.840395e-17
501.85        	2.840395e-17
501.9         	2.840395e-17
501.95        	2.840395e-17
502           	2.840395e-17
502.05        	2.840395e-17
502.1         	2.840395e-17
502.15        	2.840395e-17
502.2         	2.840395e-17
502.25        	2.840395e-17
502.3         	2.840395e-17
502.35        	2.840395e-17
502.4         	2.840395e-17
502.45        	2.840395e-17
502.5         	2.840395e-17
502.55        	2.840395e-17
502.6         	2.840395e-17
502.65        	2.840395e-17
502.7         	2.840395e-17
502.75        	2.840395e-17
502.8         	2.840395e-17
502.85        	2.840395e-17
502.9         	2.840395e-17
502.95        	2.840395e-17
503           	2.840395e-17
503.05        	2.840395e-17
503.1         	2.840395e-17
503.15        	2.840395e-17
503.2         	2.840395e-17
503.25        	2.840395e-17
503.3         	2.840395e-17
503.35        	2.840395e-17
503.4         	2.840395e-17
503.45        	2.840395e-17
503.5         	2.840395e-17
503.55        	2.840395e-17
503.6         	2.840395e-17
503.65        	2.840395e-17
503.7         	2.840395e-17
503.75        	2.840395e-17
503.8         	2.840395e-17
503.85        	2.840395e-17
503.9         	2.840395e-17
503.95        	2.840395e-17
504           	2.840395e-17
504.05        	2.840395e-17
504.1         	2.840395e-17
504.15        	2.840395e-17
504.2         	2.840395e-17
504.25        	2.840395e-17
504.3         	2.840395e-17
504.35        	2.840395e-17
504.4         	2.840395e-17
504.45        	2.840395e-17
504.5         	2.840395e-17
504.55        	2.840395e-17
504.6         	2.840395e-17
504.65        	2.840395e-17
504.7         	2.840395e-17
504.75        	2.840395e-17
504.8         	2.840395e-17
504.85        	2.840395e-17
504.9         	2.840395e-17
504.95        	2.840395e-17
505           	2.840395e-17
505.05        	2.840395e-17
505.1         	2.840395e-17
505.15        	2.840395e-17
505.2         	2.840395e-17
505.25        	2.840395e-17
505.3         	2.840395e-17
505.35        	2.840395e-17
505.4         	2.840395e-17
505.45        	2.840395e-17
505.5         	2.840395e-17
505.55        	2.840395e-17
505.6         	2.840395e-17
505.65        	2.840395e-17
505.7         	2.840395e-17
505.75        	2.840395e-17
505.8         	2.840395e-17
505.85        	2.840395e-17
505.9         	2.840395e-17
505.95        	2.840395e-17
506           	2.840395e-17
506.05        	2.840395e-17
506.1         	2.840395e-17
506.15        	2.840395e-17
506.2         	2.840395e-17
506.25        	2.840395e-17
506.3         	2.840395e-17
506.35        	2.840395e-17
506.4         	2.840395e-17
506.45        	2.840395e-17
506.5         	2.840395e-17
506.55        	2.840395e-17
506.6         	2.840395e-17
506.65        	2.840395e-17
506.7         	2.840395e-17
506.75        	2.840395e-17
506.8         	2.840395e-17
506.85        	2.840395e-17
506.9         	2.840395e-17
506.95        	2.840395e-17
507           	2.840395e-17
507.05        	2.840395e-17
507.1         	2.840395e-17
507.15        	2.840395e-17
507.2         	2.840395e-17
507.25        	2.840395e-17
507.3         	2.840395e-17
507.35        	2.840395e-17
507.4         	2.840395e-17
507.45        	2.840395e-17
507.5         	2.840395e-17
507.55        	2.840395e-17
507.6         	2.840395e-17
507.65        	2.840395e-17
507.7         	2.840395e-17
507.75        	2.840395e-17
507.8         	2.840395e-17
507.85        	2.840395e-17
507.9         	2.840395e-17
507.95        	2.840395e-17
508           	2.840395e-17
508.05        	2.840395e-17
508.1         	2.840395e-17
508.15        	2.840395e-17
508.2         	2.840395e-17
508.25        	2.840395e-17
508.3         	2.840395e-17
508.35        	2.840395e-17
508.4         	2.840395e-17
508.45        	2.840395e-17
508.5         	2.840395e-17
508.55        	2.840395e-17
508.6         	2.840395e-17
508.65        	2.840395e-17
508.7         	2.840395e-17
508.75        	2.840395e-17
508.8         	2.840395e-17
508.85        	2.840395e-17
508.9         	2.840395e-17
508.95        	2.840395e-17
509           	2.840395e-17
509.05        	2.840395e-17
509.1         	2.840395e-17
509.15        	2.840395e-17
509.2         	2.840395e-17
509.25        	2.840395e-17
509.3         	2.840395e-17
509.35        	2.840395e-17
509.4         	2.840395e-17
509.45        	2.840395e-17
509.5         	2.840395e-17
509.55        	2.840395e-17
509.6         	2.840395e-17
509.65        	2.840395e-17
509.7         	2.840395e-17
509.75        	2.840395e-17
509.8         	2.840395e-17
509.85        	2.840395e-17
509.9         	2.840395e-17
509.95        	2.840395e-17
510           	2.840395e-17
510.05        	2.840395e-17
510.1         	2.840395e-17
510.15        	2.840395e-17
510.2         	2.840395e-17
510.25        	2.840395e-17
510.3         	2.840395e-17
510.35        	2.840395e-17
510.4         	2.840395e-17
510.45        	2.840395e-17
510.5         	2.840395e-17
510.55        	2.840395e-17
510.6         	2.840395e-17
510.65        	2.840395e-17
510.7         	2.840395e-17
510.75        	2.840395e-17
510.8         	2.840395e-17
510.85        	2.840395e-17
510.9         	2.840395e-17
510.95        	2.840395e-17
511           	2.840395e-17
511.05        	2.840395e-17
511.1         	2.840395e-17
511.15        	2.840395e-17
511.2         	2.840395e-17
511.25        	2.840395e-17
511.3         	2.840395e-17
511.35        	2.840395e-17
511.4         	2.840395e-17
511.45        	2.840395e-17
511.5         	2.840395e-17
511.55        	2.840395e-17
511.6         	2.840395e-17
511.65        	2.840395e-17
511.7         	2.840395e-17
511.75        	2.840395e-17
511.8         	2.840395e-17
511.85        	2.840395e-17
511.9         	2.840395e-17
511.95        	2.840395e-17
512           	2.840395e-17
512.05        	2.840395e-17
512.1         	2.840395e-17
512.15        	2.840395e-17
512.2         	2.840395e-17
512.25        	2.840395e-17
512.3         	2.840395e-17
512.35        	2.840395e-17
512.4         	2.840395e-17
512.45        	2.840395e-17
512.5         	2.840395e-17
512.55        	2.840395e-17
512.6         	2.840395e-17
512.65        	2.840395e-17
512.7         	2.840395e-17
512.75        	2.840395e-17
512.8         	2.840395e-17
512.85        	2.840395e-17
512.9         	2.840395e-17
512.95        	2.840395e-17
513           	2.840395e-17
513.05        	2.840395e-17
513.1         	2.840395e-17
513.15        	2.840395e-17
513.2         	2.840395e-17
513.25        	2.840395e-17
513.3         	2.840395e-17
513.35        	2.840395e-17
513.4         	2.840395e-17
513.45        	2.840395e-17
513.5         	2.840395e-17
513.55        	2.840395e-17
513.6         	2.840395e-17
513.65        	2.840395e-17
513.7         	2.840395e-17
513.75        	2.840395e-17
513.8         	2.840395e-17
513.85        	2.840395e-17
513.9         	2.840395e-17
513.95        	2.840395e-17
514           	2.840395e-17
514.05        	2.840395e-17
514.1         	2.840395e-17
514.15        	2.840395e-17
514.2         	2.840395e-17
514.25        	2.840395e-17
514.3         	2.840395e-17
514.35        	2.840395e-17
514.4         	2.840395e-17
514.45        	2.840395e-17
514.5         	2.840395e-17
514.55        	2.840395e-17
514.6         	2.840395e-17
514.65        	2.840395e-17
514.7         	2.840395e-17
514.75        	2.840395e-17
514.8         	2.840395e-17
514.85        	2.840395e-17
514.9         	2.840395e-17
514.95        	2.840395e-17
515           	2.840395e-17
515.05        	2.840395e-17
515.1         	2.840395e-17
515.15        	2.840395e-17
515.2         	2.840395e-17
515.25        	2.840395e-17
515.3         	2.840395e-17
515.35        	2.840395e-17
515.4         	2.840395e-17
515.45        	2.840395e-17
515.5         	2.840395e-17
515.55        	2.840395e-17
515.6         	2.840395e-17
515.65        	2.840395e-17
515.7         	2.840395e-17
515.75        	2.840395e-17
515.8         	2.840395e-17
515.85        	2.840395e-17
515.9         	2.840395e-17
515.95        	2.840395e-17
516           	2.840395e-17
516.05        	2.840395e-17
516.1         	2.840395e-17
516.15        	2.840395e-17
516.2         	2.840395e-17
516.25        	2.840395e-17
516.3         	2.840395e-17
516.35        	2.840395e-17
516.4         	2.840395e-17
516.45        	2.840395e-17
516.5         	2.840395e-17
516.55        	2.840395e-17
516.6         	2.840395e-17
516.65        	2.840395e-17
516.7         	2.840395e-17
516.75        	2.840395e-17
516.8         	2.840395e-17
516.85        	2.840395e-17
516.9         	2.840395e-17
516.95        	2.840395e-17
517           	2.840395e-17
517.05        	2.840395e-17
517.1         	2.840395e-17
517.15        	2.840395e-17
517.2         	2.840395e-17
517.25        	2.840395e-17
517.3         	2.840395e-17
517.35        	2.840395e-17
517.4         	2.840395e-17
517.45        	2.840395e-17
517.5         	2.840395e-17
517.55        	2.840395e-17
517.6         	2.840395e-17
517.65        	2.840395e-17
517.7         	2.840395e-17
517.75        	2.840395e-17
517.8         	2.840395e-17
517.85        	2.840395e-17
517.9         	2.840395e-17
517.95        	2.840395e-17
518           	2.840395e-17
518.05        	2.840395e-17
518.1         	2.840395e-17
518.15        	2.840395e-17
518.2         	2.840395e-17
518.25        	2.840395e-17
518.3         	2.840395e-17
518.35        	2.840395e-17
518.4         	2.840395e-17
518.45        	2.840395e-17
518.5         	2.840395e-17
518.55        	2.840395e-17
518.6         	2.840395e-17
518.65        	2.840395e-17
518.7         	2.840395e-17
518.75        	2.840395e-17
518.8         	2.840395e-17
518.85        	2.840395e-17
518.9         	2.840395e-17
518.95        	2.840395e-17
519           	2.840395e-17
519.05        	2.840395e-17
519.1         	2.840395e-17
519.15        	2.840395e-17
519.2         	2.840395e-17
519.25        	2.840395e-17
519.3         	2.840395e-17
519.35        	2.840395e-17
519.4         	2.840395e-17
519.45        	2.840395e-17
519.5         	2.840395e-17
519.55        	2.840395e-17
519.6         	2.840395e-17
519.65        	2.840395e-17
519.7         	2.840395e-17
519.75        	2.840395e-17
519.8         	2.840395e-17
519.85        	2.840395e-17
519.9         	2.840395e-17
519.95        	2.840395e-17
520           	2.840395e-17
520.05        	2.840395e-17
520.1         	2.840395e-17
520.15        	2.840395e-17
520.2         	2.840395e-17
520.25        	2.840395e-17
520.3         	2.840395e-17
520.35        	2.840395e-17
520.4         	2.840395e-17
520.45        	2.840395e-17
520.5         	2.840395e-17
520.55        	2.840395e-17
520.6         	2.840395e-17
520.65        	2.840395e-17
520.7         	2.840395e-17
520.75        	2.840395e-17
520.8         	2.840395e-17
520.85        	2.840395e-17
520.9         	2.840395e-17
520.95        	2.840395e-17
521           	2.840395e-17
521.05        	2.840395e-17
521.1         	2.840395e-17
521.15        	2.840395e-17
521.2         	2.840395e-17
521.25        	2.840395e-17
521.3         	2.840395e-17
521.35        	2.840395e-17
521.4         	2.840395e-17
521.45        	2.840395e-17
521.5         	2.840395e-17
521.55        	2.840395e-17
521.6         	2.840395e-17
521.65        	2.840395e-17
521.7         	2.840395e-17
521.75        	2.840395e-17
521.8         	2.840395e-17
521.85        	2.840395e-17
521.9         	2.840395e-17
521.95        	2.840395e-17
522           	2.840395e-17
522.05        	2.840395e-17
522.1         	2.840395e-17
522.15        	2.840395e-17
522.2         	2.840395e-17
522.25        	2.840395e-17
522.3         	2.840395e-17
522.35        	2.840395e-17
522.4         	2.840395e-17
522.45        	2.840395e-17
522.5         	2.840395e-17
522.55        	2.840395e-17
522.6         	2.840395e-17
522.65        	2.840395e-17
522.7         	2.840395e-17
522.75        	2.840395e-17
522.8         	2.840395e-17
522.85        	2.840395e-17
522.9         	2.840395e-17
522.95        	2.840395e-17
523           	2.840395e-17
523.05        	2.840395e-17
523.1         	2.840395e-17
523.15        	2.840395e-17
523.2         	2.840395e-17
523.25        	2.840395e-17
523.3         	2.840395e-17
523.35        	2.840395e-17
523.4         	2.840395e-17
523.45        	2.840395e-17
523.5         	2.840395e-17
523.55        	2.840395e-17
523.6         	2.840395e-17
523.65        	2.840395e-17
523.7         	2.840395e-17
523.75        	2.840395e-17
523.8         	2.840395e-17
523.85        	2.840395e-17
523.9         	2.840395e-17
523.95        	2.840395e-17
524           	2.840395e-17
524.05        	2.840395e-17
524.1         	2.840395e-17
524.15        	2.840395e-17
524.2         	2.840395e-17
524.25        	2.840395e-17
524.3         	2.840395e-17
524.35        	2.840395e-17
524.4         	2.840395e-17
524.45        	2.840395e-17
524.5         	2.840395e-17
524.55        	2.840395e-17
524.6         	2.840395e-17
524.65        	2.840395e-17
524.7         	2.840395e-17
524.75        	2.840395e-17
524.8         	2.840395e-17
524.85        	2.840395e-17
524.9         	2.840395e-17
524.95        	2.840395e-17
525           	2.840395e-17
525.05        	2.840395e-17
525.1         	2.840395e-17
525.15        	2.840395e-17
525.2         	2.840395e-17
525.25        	2.840395e-17
525.3         	2.840395e-17
525.35        	2.840395e-17
525.4         	2.840395e-17
525.45        	2.840395e-17
525.5         	2.840395e-17
525.55        	2.840395e-17
525.6         	2.840395e-17
525.65        	2.840395e-17
525.7         	2.840395e-17
525.75        	2.840395e-17
525.8         	2.840395e-17
525.85        	2.840395e-17
525.9         	2.840395e-17
525.95        	2.840395e-17
526           	2.840395e-17
526.05        	2.840395e-17
526.1         	2.840395e-17
526.15        	2.840395e-17
526.2         	2.840395e-17
526.25        	2.840395e-17
526.3         	2.840395e-17
526.35        	2.840395e-17
526.4         	2.840395e-17
526.45        	2.840395e-17
526.5         	2.840395e-17
526.55        	2.840395e-17
526.6         	2.840395e-17
526.65        	2.840395e-17
526.7         	2.840395e-17
526.75        	2.840395e-17
526.8         	2.840395e-17
526.85        	2.840395e-17
526.9         	2.840395e-17
526.95        	2.840395e-17
527           	2.840395e-17
527.05        	2.840395e-17
527.1         	2.840395e-17
527.15        	2.840395e-17
527.2         	2.840395e-17
527.25        	2.840395e-17
527.3         	2.840395e-17
527.35        	2.840395e-17
527.4         	2.840395e-17
527.45        	2.840395e-17
527.5         	2.840395e-17
527.55        	2.840395e-17
527.6         	2.840395e-17
527.65        	2.840395e-17
527.7         	2.840395e-17
527.75        	2.840395e-17
527.8         	2.840395e-17
527.85        	2.840395e-17
527.9         	2.840395e-17
527.95        	2.840395e-17
528           	2.840395e-17
528.05        	2.840395e-17
528.1         	2.840395e-17
528.15        	2.840395e-17
528.2         	2.840395e-17
528.25        	2.840395e-17
528.3         	2.840395e-17
528.35        	2.840395e-17
528.4         	2.840395e-17
528.45        	2.840395e-17
528.5         	2.840395e-17
528.55        	2.840395e-17
528.6         	2.840395e-17
528.65        	2.840395e-17
528.7         	2.840395e-17
528.75        	2.840395e-17
528.8         	2.840395e-17
528.85        	2.840395e-17
528.9         	2.840395e-17
528.95        	2.840395e-17
529           	2.840395e-17
529.05        	2.840395e-17
529.1         	2.840395e-17
529.15        	2.840395e-17
529.2         	2.840395e-17
529.25        	2.840395e-17
529.3         	2.840395e-17
529.35        	2.840395e-17
529.4         	2.840395e-17
529.45        	2.840395e-17
529.5         	2.840395e-17
529.55        	2.840395e-17
529.6         	2.840395e-17
529.65        	2.840395e-17
529.7         	2.840395e-17
529.75        	2.840395e-17
529.8         	2.840395e-17
529.85        	2.840395e-17
529.9         	2.840395e-17
529.95        	2.840395e-17
530           	2.840395e-17
530.05        	2.840395e-17
530.1         	2.840395e-17
530.15        	2.840395e-17
530.2         	2.840395e-17
530.25        	2.840395e-17
530.3         	2.840395e-17
530.35        	2.840395e-17
530.4         	2.840395e-17
530.45        	2.840395e-17
530.5         	2.840395e-17
530.55        	2.840395e-17
530.6         	2.840395e-17
530.65        	2.840395e-17
530.7         	2.840395e-17
530.75        	2.840395e-17
530.8         	2.840395e-17
530.85        	2.840395e-17
530.9         	2.840395e-17
530.95        	2.840395e-17
531           	2.840395e-17
531.05        	2.840395e-17
531.1         	2.840395e-17
531.15        	2.840395e-17
531.2         	2.840395e-17
531.25        	2.840395e-17
531.3         	2.840395e-17
531.35        	2.840395e-17
531.4         	2.840395e-17
531.45        	2.840395e-17
531.5         	2.840395e-17
531.55        	2.840395e-17
531.6         	2.840395e-17
531.65        	2.840395e-17
531.7         	2.840395e-17
531.75        	2.840395e-17
531.8         	2.840395e-17
531.85        	2.840395e-17
531.9         	2.840395e-17
531.95        	2.840395e-17
532           	2.840395e-17
532.05        	2.840395e-17
532.1         	2.840395e-17
532.15        	2.840395e-17
532.2         	2.840395e-17
532.25        	2.840395e-17
532.3         	2.840395e-17
532.35        	2.840395e-17
532.4         	2.840395e-17
532.45        	2.840395e-17
532.5         	2.840395e-17
532.55        	2.840395e-17
532.6         	2.840395e-17
532.65        	2.840395e-17
532.7         	2.840395e-17
532.75        	2.840395e-17
532.8         	2.840395e-17
532.85        	2.840395e-17
532.9         	2.840395e-17
532.95        	2.840395e-17
533           	2.840395e-17
533.05        	2.840395e-17
533.1         	2.840395e-17
533.15        	2.840395e-17
533.2         	2.840395e-17
533.25        	2.840395e-17
533.3         	2.840395e-17
533.35        	2.840395e-17
533.4         	2.840395e-17
533.45        	2.840395e-17
533.5         	2.840395e-17
533.55        	2.840395e-17
533.6         	2.840395e-17
533.65        	2.840395e-17
533.7         	2.840395e-17
533.75        	2.840395e-17
533.8         	2.840395e-17
533.85        	2.840395e-17
533.9         	2.840395e-17
533.95        	2.840395e-17
534           	2.840395e-17
534.05        	2.840395e-17
534.1         	2.840395e-17
534.15        	2.840395e-17
534.2         	2.840395e-17
534.25        	2.840395e-17
534.3         	2.840395e-17
534.35        	2.840395e-17
534.4         	2.840395e-17
534.45        	2.840395e-17
534.5         	2.840395e-17
534.55        	2.840395e-17
534.6         	2.840395e-17
534.65        	2.840395e-17
534.7         	2.840395e-17
534.75        	2.840395e-17
534.8         	2.840395e-17
534.85        	2.840395e-17
534.9         	2.840395e-17
534.95        	2.840395e-17
535           	2.840395e-17
535.05        	2.840395e-17
535.1         	2.840395e-17
535.15        	2.840395e-17
535.2         	2.840395e-17
535.25        	2.840395e-17
535.3         	2.840395e-17
535.35        	2.840395e-17
535.4         	2.840395e-17
535.45        	2.840395e-17
535.5         	2.840395e-17
535.55        	2.840395e-17
535.6         	2.840395e-17
535.65        	2.840395e-17
535.7         	2.840395e-17
535.75        	2.840395e-17
535.8         	2.840395e-17
535.85        	2.840395e-17
535.9         	2.840395e-17
535.95        	2.840395e-17
536           	2.840395e-17
536.05        	2.840395e-17
536.1         	2.840395e-17
536.15        	2.840395e-17
536.2         	2.840395e-17
536.25        	2.840395e-17
536.3         	2.840395e-17
536.35        	2.840395e-17
536.4         	2.840395e-17
536.45        	2.840395e-17
536.5         	2.840395e-17
536.55        	2.840395e-17
536.6         	2.840395e-17
536.65        	2.840395e-17
536.7         	2.840395e-17
536.75        	2.840395e-17
536.8         	2.840395e-17
536.85        	2.840395e-17
536.9         	2.840395e-17
536.95        	2.840395e-17
537           	2.840395e-17
537.05        	2.840395e-17
537.1         	2.840395e-17
537.15        	2.840395e-17
537.2         	2.840395e-17
537.25        	2.840395e-17
537.3         	2.840395e-17
537.35        	2.840395e-17
537.4         	2.840395e-17
537.45        	2.840395e-17
537.5         	2.840395e-17
537.55        	2.840395e-17
537.6         	2.840395e-17
537.65        	2.840395e-17
537.7         	2.840395e-17
537.75        	2.840395e-17
537.8         	2.840395e-17
537.85        	2.840395e-17
537.9         	2.840395e-17
537.95        	2.840395e-17
538           	2.840395e-17
538.05        	2.840395e-17
538.1         	2.840395e-17
538.15        	2.840395e-17
538.2         	2.840395e-17
538.25        	2.840395e-17
538.3         	2.840395e-17
538.35        	2.840395e-17
538.4         	2.840395e-17
538.45        	2.840395e-17
538.5         	2.840395e-17
538.55        	2.840395e-17
538.6         	2.840395e-17
538.65        	2.840395e-17
538.7         	2.840395e-17
538.75        	2.840395e-17
538.8         	2.840395e-17
538.85        	2.840395e-17
538.9         	2.840395e-17
538.95        	2.840395e-17
539           	2.840395e-17
539.05        	2.840395e-17
539.1         	2.840395e-17
539.15        	2.840395e-17
539.2         	2.840395e-17
539.25        	2.840395e-17
539.3         	2.840395e-17
539.35        	2.840395e-17
539.4         	2.840395e-17
539.45        	2.840395e-17
539.5         	2.840395e-17
539.55        	2.840395e-17
539.6         	2.840395e-17
539.65        	2.840395e-17
539.7         	2.840395e-17
539.75        	2.840395e-17
539.8         	2.840395e-17
539.85        	2.840395e-17
539.9         	2.840395e-17
539.95        	2.840395e-17
540           	2.840395e-17
540.05        	2.840395e-17
540.1         	2.840395e-17
540.15        	2.840395e-17
540.2         	2.840395e-17
540.25        	2.840395e-17
540.3         	2.840395e-17
540.35        	2.840395e-17
540.4         	2.840395e-17
540.45        	2.840395e-17
540.5         	2.840395e-17
540.55        	2.840395e-17
540.6         	2.840395e-17
540.65        	2.840395e-17
540.7         	2.840395e-17
540.75        	2.840395e-17
540.8         	2.840395e-17
540.85        	2.840395e-17
540.9         	2.840395e-17
540.95        	2.840395e-17
541           	2.840395e-17
541.05        	2.840395e-17
541.1         	2.840395e-17
541.15        	2.840395e-17
541.2         	2.840395e-17
541.25        	2.840395e-17
541.3         	2.840395e-17
541.35        	2.840395e-17
541.4         	2.840395e-17
541.45        	2.840395e-17
541.5         	2.840395e-17
541.55        	2.840395e-17
541.6         	2.840395e-17
541.65        	2.840395e-17
541.7         	2.840395e-17
541.75        	2.840395e-17
541.8         	2.840395e-17
541.85        	2.840395e-17
541.9         	2.840395e-17
541.95        	2.840395e-17
542           	2.840395e-17
542.05        	2.840395e-17
542.1         	2.840395e-17
542.15        	2.840395e-17
542.2         	2.840395e-17
542.25        	2.840395e-17
542.3         	2.840395e-17
542.35        	2.840395e-17
542.4         	2.840395e-17
542.45        	2.840395e-17
542.5         	2.840395e-17
542.55        	2.840395e-17
542.6         	2.840395e-17
542.65        	2.840395e-17
542.7         	2.840395e-17
542.75        	2.840395e-17
542.8         	2.840395e-17
542.85        	2.840395e-17
542.9         	2.840395e-17
542.95        	2.840395e-17
543           	2.840395e-17
543.05        	2.840395e-17
543.1         	2.840395e-17
543.15        	2.840395e-17
543.2         	2.840395e-17
543.25        	2.840395e-17
543.3         	2.840395e-17
543.35        	2.840395e-17
543.4         	2.840395e-17
543.45        	2.840395e-17
543.5         	2.840395e-17
543.55        	2.840395e-17
543.6         	2.840395e-17
543.65        	2.840395e-17
543.7         	2.840395e-17
543.75        	2.840395e-17
543.8         	2.840395e-17
543.85        	2.840395e-17
543.9         	2.840395e-17
543.95        	2.840395e-17
544           	2.840395e-17
544.05        	2.840395e-17
544.1         	2.840395e-17
544.15        	2.840395e-17
544.2         	2.840395e-17
544.25        	2.840395e-17
544.3         	2.840395e-17
544.35        	2.840395e-17
544.4         	2.840395e-17
544.45        	2.840395e-17
544.5         	2.840395e-17
544.55        	2.840395e-17
544.6         	2.840395e-17
544.65        	2.840395e-17
544.7         	2.840395e-17
544.75        	2.840395e-17
544.8         	2.840395e-17
544.85        	2.840395e-17
544.9         	2.840395e-17
544.95        	2.840395e-17
545           	2.840395e-17
545.05        	2.840395e-17
545.1         	2.840395e-17
545.15        	2.840395e-17
545.2         	2.840395e-17
545.25        	2.840395e-17
545.3         	2.840395e-17
545.35        	2.840395e-17
545.4         	2.840395e-17
545.45        	2.840395e-17
545.5         	2.840395e-17
545.55        	2.840395e-17
545.6         	2.840395e-17
545.65        	2.840395e-17
545.7         	2.840395e-17
545.75        	2.840395e-17
545.8         	2.840395e-17
545.85        	2.840395e-17
545.9         	2.840395e-17
545.95        	2.840395e-17
546           	2.840395e-17
546.05        	2.840395e-17
546.1         	2.840395e-17
546.15        	2.840395e-17
546.2         	2.840395e-17
546.25        	2.840395e-17
546.3         	2.840395e-17
546.35        	2.840395e-17
546.4         	2.840395e-17
546.45        	2.840395e-17
546.5         	2.840395e-17
546.55        	2.840395e-17
546.6         	2.840395e-17
546.65        	2.840395e-17
546.7         	2.840395e-17
546.75        	2.840395e-17
546.8         	2.840395e-17
546.85        	2.840395e-17
546.9         	2.840395e-17
546.95        	2.840395e-17
547           	2.840395e-17
547.05        	2.840395e-17
547.1         	2.840395e-17
547.15        	2.840395e-17
547.2         	2.840395e-17
547.25        	2.840395e-17
547.3         	2.840395e-17
547.35        	2.840395e-17
547.4         	2.840395e-17
547.45        	2.840395e-17
547.5         	2.840395e-17
547.55        	2.840395e-17
547.6         	2.840395e-17
547.65        	2.840395e-17
547.7         	2.840395e-17
547.75        	2.840395e-17
547.8         	2.840395e-17
547.85        	2.840395e-17
547.9         	2.840395e-17
547.95        	2.840395e-17
548           	2.840395e-17
548.05        	2.840395e-17
548.1         	2.840395e-17
548.15        	2.840395e-17
548.2         	2.840395e-17
548.25        	2.840395e-17
548.3         	2.840395e-17
548.35        	2.840395e-17
548.4         	2.840395e-17
548.45        	2.840395e-17
548.5         	2.840395e-17
548.55        	2.840395e-17
548.6         	2.840395e-17
548.65        	2.840395e-17
548.7         	2.840395e-17
548.75        	2.840395e-17
548.8         	2.840395e-17
548.85        	2.840395e-17
548.9         	2.840395e-17
548.95        	2.840395e-17
549           	2.840395e-17
549.05        	2.840395e-17
549.1         	2.840395e-17
549.15        	2.840395e-17
549.2         	2.840395e-17
549.25        	2.840395e-17
549.3         	2.840395e-17
549.35        	2.840395e-17
549.4         	2.840395e-17
549.45        	2.840395e-17
549.5         	2.840395e-17
549.55        	2.840395e-17
549.6         	2.840395e-17
549.65        	2.840395e-17
549.7         	2.840395e-17
549.75        	2.840395e-17
549.8         	2.840395e-17
549.85        	2.840395e-17
549.9         	2.840395e-17
549.95        	2.840395e-17
550           	2.840395e-17
550.05        	2.840395e-17
550.1         	2.840395e-17
550.15        	2.840395e-17
550.2         	2.840395e-17
550.25        	2.840395e-17
550.3         	2.840395e-17
550.35        	2.840395e-17
550.4         	2.840395e-17
550.45        	2.840395e-17
550.5         	2.840395e-17
550.55        	2.840395e-17
550.6         	2.840395e-17
550.65        	2.840395e-17
550.7         	2.840395e-17
550.75        	2.840395e-17
550.8         	2.840395e-17
550.85        	2.840395e-17
550.9         	2.840395e-17
550.95        	2.840395e-17
551           	2.840395e-17
551.05        	2.840395e-17
551.1         	2.840395e-17
551.15        	2.840395e-17
551.2         	2.840395e-17
551.25        	2.840395e-17
551.3         	2.840395e-17
551.35        	2.840395e-17
551.4         	2.840395e-17
551.45        	2.840395e-17
551.5         	2.840395e-17
551.55        	2.840395e-17
551.6         	2.840395e-17
551.65        	2.840395e-17
551.7         	2.840395e-17
551.75        	2.840395e-17
551.8         	2.840395e-17
551.85        	2.840395e-17
551.9         	2.840395e-17
551.95        	2.840395e-17
552           	2.840395e-17
552.05        	2.840395e-17
552.1         	2.840395e-17
552.15        	2.840395e-17
552.2         	2.840395e-17
552.25        	2.840395e-17
552.3         	2.840395e-17
552.35        	2.840395e-17
552.4         	2.840395e-17
552.45        	2.840395e-17
552.5         	2.840395e-17
552.55        	2.840395e-17
552.6         	2.840395e-17
552.65        	2.840395e-17
552.7         	2.840395e-17
552.75        	2.840395e-17
552.8         	2.840395e-17
552.85        	2.840395e-17
552.9         	2.840395e-17
552.95        	2.840395e-17
553           	2.840395e-17
553.05        	2.840395e-17
553.1         	2.840395e-17
553.15        	2.840395e-17
553.2         	2.840395e-17
553.25        	2.840395e-17
553.3         	2.840395e-17
553.35        	2.840395e-17
553.4         	2.840395e-17
553.45        	2.840395e-17
553.5         	2.840395e-17
553.55        	2.840395e-17
553.6         	2.840395e-17
553.65        	2.840395e-17
553.7         	2.840395e-17
553.75        	2.840395e-17
553.8         	2.840395e-17
553.85        	2.840395e-17
553.9         	2.840395e-17
553.95        	2.840395e-17
554           	2.840395e-17
554.05        	2.840395e-17
554.1         	2.840395e-17
554.15        	2.840395e-17
554.2         	2.840395e-17
554.25        	2.840395e-17
554.3         	2.840395e-17
554.35        	2.840395e-17
554.4         	2.840395e-17
554.45        	2.840395e-17
554.5         	2.840395e-17
554.55        	2.840395e-17
554.6         	2.840395e-17
554.65        	2.840395e-17
554.7         	2.840395e-17
554.75        	2.840395e-17
554.8         	2.840395e-17
554.85        	2.840395e-17
554.9         	2.840395e-17
554.95        	2.840395e-17
555           	2.840395e-17
555.05        	2.840395e-17
555.1         	2.840395e-17
555.15        	2.840395e-17
555.2         	2.840395e-17
555.25        	2.840395e-17
555.3         	2.840395e-17
555.35        	2.840395e-17
555.4         	2.840395e-17
555.45        	2.840395e-17
555.5         	2.840395e-17
555.55        	2.840395e-17
555.6         	2.840395e-17
555.65        	2.840395e-17
555.7         	2.840395e-17
555.75        	2.840395e-17
555.8         	2.840395e-17
555.85        	2.840395e-17
555.9         	2.840395e-17
555.95        	2.840395e-17
556           	2.840395e-17
556.05        	2.840395e-17
556.1         	2.840395e-17
556.15        	2.840395e-17
556.2         	2.840395e-17
556.25        	2.840395e-17
556.3         	2.840395e-17
556.35        	2.840395e-17
556.4         	2.840395e-17
556.45        	2.840395e-17
556.5         	2.840395e-17
556.55        	2.840395e-17
556.6         	2.840395e-17
556.65        	2.840395e-17
556.7         	2.840395e-17
556.75        	2.840395e-17
556.8         	2.840395e-17
556.85        	2.840395e-17
556.9         	2.840395e-17
556.95        	2.840395e-17
557           	2.840395e-17
557.05        	2.840395e-17
557.1         	2.840395e-17
557.15        	2.840395e-17
557.2         	2.840395e-17
557.25        	2.840395e-17
557.3         	2.840395e-17
557.35        	2.840395e-17
557.4         	2.840395e-17
557.45        	2.840395e-17
557.5         	2.840395e-17
557.55        	2.840395e-17
557.6         	2.840395e-17
557.65        	2.840395e-17
557.7         	2.840395e-17
557.75        	2.840395e-17
557.8         	2.840395e-17
557.85        	2.840395e-17
557.9         	2.840395e-17
557.95        	2.840395e-17
558           	2.840395e-17
558.05        	2.840395e-17
558.1         	2.840395e-17
558.15        	2.840395e-17
558.2         	2.840395e-17
558.25        	2.840395e-17
558.3         	2.840395e-17
558.35        	2.840395e-17
558.4         	2.840395e-17
558.45        	2.840395e-17
558.5         	2.840395e-17
558.55        	2.840395e-17
558.6         	2.840395e-17
558.65        	2.840395e-17
558.7         	2.840395e-17
558.75        	2.840395e-17
558.8         	2.840395e-17
558.85        	2.840395e-17
558.9         	2.840395e-17
558.95        	2.840395e-17
559           	2.840395e-17
559.05        	2.840395e-17
559.1         	2.840395e-17
559.15        	2.840395e-17
559.2         	2.840395e-17
559.25        	2.840395e-17
559.3         	2.840395e-17
559.35        	2.840395e-17
559.4         	2.840395e-17
559.45        	2.840395e-17
559.5         	2.840395e-17
559.55        	2.840395e-17
559.6         	2.840395e-17
559.65        	2.840395e-17
559.7         	2.840395e-17
559.75        	2.840395e-17
559.8         	2.840395e-17
559.85        	2.840395e-17
559.9         	2.840395e-17
559.95        	2.840395e-17
560           	2.840395e-17
560.05        	2.840395e-17
560.1         	2.840395e-17
560.15        	2.840395e-17
560.2         	2.840395e-17
560.25        	2.840395e-17
560.3         	2.840395e-17
560.35        	2.840395e-17
560.4         	2.840395e-17
560.45        	2.840395e-17
560.5         	2.840395e-17
560.55        	2.840395e-17
560.6         	2.840395e-17
560.65        	2.840395e-17
560.7         	2.840395e-17
560.75        	2.840395e-17
560.8         	2.840395e-17
560.85        	2.840395e-17
560.9         	2.840395e-17
560.95        	2.840395e-17
561           	2.840395e-17
561.05        	2.840395e-17
561.1         	2.840395e-17
561.15        	2.840395e-17
561.2         	2.840395e-17
561.25        	2.840395e-17
561.3         	2.840395e-17
561.35        	2.840395e-17
561.4         	2.840395e-17
561.45        	2.840395e-17
561.5         	2.840395e-17
561.55        	2.840395e-17
561.6         	2.840395e-17
561.65        	2.840395e-17
561.7         	2.840395e-17
561.75        	2.840395e-17
561.8         	2.840395e-17
561.85        	2.840395e-17
561.9         	2.840395e-17
561.95        	2.840395e-17
562           	2.840395e-17
562.05        	2.840395e-17
562.1         	2.840395e-17
562.15        	2.840395e-17
562.2         	2.840395e-17
562.25        	2.840395e-17
562.3         	2.840395e-17
562.35        	2.840395e-17
562.4         	2.840395e-17
562.45        	2.840395e-17
562.5         	2.840395e-17
562.55        	2.840395e-17
562.6         	2.840395e-17
562.65        	2.840395e-17
562.7         	2.840395e-17
562.75        	2.840395e-17
562.8         	2.840395e-17
562.85        	2.840395e-17
562.9         	2.840395e-17
562.95        	2.840395e-17
563           	2.840395e-17
563.05        	2.840395e-17
563.1         	2.840395e-17
563.15        	2.840395e-17
563.2         	2.840395e-17
563.25        	2.840395e-17
563.3         	2.840395e-17
563.35        	2.840395e-17
563.4         	2.840395e-17
563.45        	2.840395e-17
563.5         	2.840395e-17
563.55        	2.840395e-17
563.6         	2.840395e-17
563.65        	2.840395e-17
563.7         	2.840395e-17
563.75        	2.840395e-17
563.8         	2.840395e-17
563.85        	2.840395e-17
563.9         	2.840395e-17
563.95        	2.840395e-17
564           	2.840395e-17
564.05        	2.840395e-17
564.1         	2.840395e-17
564.15        	2.840395e-17
564.2         	2.840395e-17
564.25        	2.840395e-17
564.3         	2.840395e-17
564.35        	2.840395e-17
564.4         	2.840395e-17
564.45        	2.840395e-17
564.5         	2.840395e-17
564.55        	2.840395e-17
564.6         	2.840395e-17
564.65        	2.840395e-17
564.7         	2.840395e-17
564.75        	2.840395e-17
564.8         	2.840395e-17
564.85        	2.840395e-17
564.9         	2.840395e-17
564.95        	2.840395e-17
565           	2.840395e-17
565.05        	2.840395e-17
565.1         	2.840395e-17
565.15        	2.840395e-17
565.2         	2.840395e-17
565.25        	2.840395e-17
565.3         	2.840395e-17
565.35        	2.840395e-17
565.4         	2.840395e-17
565.45        	2.840395e-17
565.5         	2.840395e-17
565.55        	2.840395e-17
565.6         	2.840395e-17
565.65        	2.840395e-17
565.7         	2.840395e-17
565.75        	2.840395e-17
565.8         	2.840395e-17
565.85        	2.840395e-17
565.9         	2.840395e-17
565.95        	2.840395e-17
566           	2.840395e-17
566.05        	2.840395e-17
566.1         	2.840395e-17
566.15        	2.840395e-17
566.2         	2.840395e-17
566.25        	2.840395e-17
566.3         	2.840395e-17
566.35        	2.840395e-17
566.4         	2.840395e-17
566.45        	2.840395e-17
566.5         	2.840395e-17
566.55        	2.840395e-17
566.6         	2.840395e-17
566.65        	2.840395e-17
566.7         	2.840395e-17
566.75        	2.840395e-17
566.8         	2.840395e-17
566.85        	2.840395e-17
566.9         	2.840395e-17
566.95        	2.840395e-17
567           	2.840395e-17
567.05        	2.840395e-17
567.1         	2.840395e-17
567.15        	2.840395e-17
567.2         	2.840395e-17
567.25        	2.840395e-17
567.3         	2.840395e-17
567.35        	2.840395e-17
567.4         	2.840395e-17
567.45        	2.840395e-17
567.5         	2.840395e-17
567.55        	2.840395e-17
567.6         	2.840395e-17
567.65        	2.840395e-17
567.7         	2.840395e-17
567.75        	2.840395e-17
567.8         	2.840395e-17
567.85        	2.840395e-17
567.9         	2.840395e-17
567.95        	2.840395e-17
568           	2.840395e-17
568.05        	2.840395e-17
568.1         	2.840395e-17
568.15        	2.840395e-17
568.2         	2.840395e-17
568.25        	2.840395e-17
568.3         	2.840395e-17
568.35        	2.840395e-17
568.4         	2.840395e-17
568.45        	2.840395e-17
568.5         	2.840395e-17
568.55        	2.840395e-17
568.6         	2.840395e-17
568.65        	2.840395e-17
568.7         	2.840395e-17
568.75        	2.840395e-17
568.8         	2.840395e-17
568.85        	2.840395e-17
568.9         	2.840395e-17
568.95        	2.840395e-17
569           	2.840395e-17
569.05        	2.840395e-17
569.1         	2.840395e-17
569.15        	2.840395e-17
569.2         	2.840395e-17
569.25        	2.840395e-17
569.3         	2.840395e-17
569.35        	2.840395e-17
569.4         	2.840395e-17
569.45        	2.840395e-17
569.5         	2.840395e-17
569.55        	2.840395e-17
569.6         	2.840395e-17
569.65        	2.840395e-17
569.7         	2.840395e-17
569.75        	2.840395e-17
569.8         	2.840395e-17
569.85        	2.840395e-17
569.9         	2.840395e-17
569.95        	2.840395e-17
570           	2.840395e-17
570.05        	2.840395e-17
570.1         	2.840395e-17
570.15        	2.840395e-17
570.2         	2.840395e-17
570.25        	2.840395e-17
570.3         	2.840395e-17
570.35        	2.840395e-17
570.4         	2.840395e-17
570.45        	2.840395e-17
570.5         	2.840395e-17
570.55        	2.840395e-17
570.6         	2.840395e-17
570.65        	2.840395e-17
570.7         	2.840395e-17
570.75        	2.840395e-17
570.8         	2.840395e-17
570.85        	2.840395e-17
570.9         	2.840395e-17
570.95        	2.840395e-17
571           	2.840395e-17
571.05        	2.840395e-17
571.1         	2.840395e-17
571.15        	2.840395e-17
571.2         	2.840395e-17
571.25        	2.840395e-17
571.3         	2.840395e-17
571.35        	2.840395e-17
571.4         	2.840395e-17
571.45        	2.840395e-17
571.5         	2.840395e-17
571.55        	2.840395e-17
571.6         	2.840395e-17
571.65        	2.840395e-17
571.7         	2.840395e-17
571.75        	2.840395e-17
571.8         	2.840395e-17
571.85        	2.840395e-17
571.9         	2.840395e-17
571.95        	2.840395e-17
572           	2.840395e-17
572.05        	2.840395e-17
572.1         	2.840395e-17
572.15        	2.840395e-17
572.2         	2.840395e-17
572.25        	2.840395e-17
572.3         	2.840395e-17
572.35        	2.840395e-17
572.4         	2.840395e-17
572.45        	2.840395e-17
572.5         	2.840395e-17
572.55        	2.840395e-17
572.6         	2.840395e-17
572.65        	2.840395e-17
572.7         	2.840395e-17
572.75        	2.840395e-17
572.8         	2.840395e-17
572.85        	2.840395e-17
572.9         	2.840395e-17
572.95        	2.840395e-17
573           	2.840395e-17
573.05        	2.840395e-17
573.1         	2.840395e-17
573.15        	2.840395e-17
573.2         	2.840395e-17
573.25        	2.840395e-17
573.3         	2.840395e-17
573.35        	2.840395e-17
573.4         	2.840395e-17
573.45        	2.840395e-17
573.5         	2.840395e-17
573.55        	2.840395e-17
573.6         	2.840395e-17
573.65        	2.840395e-17
573.7         	2.840395e-17
573.75        	2.840395e-17
573.8         	2.840395e-17
573.85        	2.840395e-17
573.9         	2.840395e-17
573.95        	2.840395e-17
574           	2.840395e-17
574.05        	2.840395e-17
574.1         	2.840395e-17
574.15        	2.840395e-17
574.2         	2.840395e-17
574.25        	2.840395e-17
574.3         	2.840395e-17
574.35        	2.840395e-17
574.4         	2.840395e-17
574.45        	2.840395e-17
574.5         	2.840395e-17
574.55        	2.840395e-17
574.6         	2.840395e-17
574.65        	2.840395e-17
574.7         	2.840395e-17
574.75        	2.840395e-17
574.8         	2.840395e-17
574.85        	2.840395e-17
574.9         	2.840395e-17
574.95        	2.840395e-17
575           	2.840395e-17
575.05        	2.840395e-17
575.1         	2.840395e-17
575.15        	2.840395e-17
575.2         	2.840395e-17
575.25        	2.840395e-17
575.3         	2.840395e-17
575.35        	2.840395e-17
575.4         	2.840395e-17
575.45        	2.840395e-17
575.5         	2.840395e-17
575.55        	2.840395e-17
575.6         	2.840395e-17
575.65        	2.840395e-17
575.7         	2.840395e-17
575.75        	2.840395e-17
575.8         	2.840395e-17
575.85        	2.840395e-17
575.9         	2.840395e-17
575.95        	2.840395e-17
576           	2.840395e-17
576.05        	2.840395e-17
576.1         	2.840395e-17
576.15        	2.840395e-17
576.2         	2.840395e-17
576.25        	2.840395e-17
576.3         	2.840395e-17
576.35        	2.840395e-17
576.4         	2.840395e-17
576.45        	2.840395e-17
576.5         	2.840395e-17
576.55        	2.840395e-17
576.6         	2.840395e-17
576.65        	2.840395e-17
576.7         	2.840395e-17
576.75        	2.840395e-17
576.8         	2.840395e-17
576.85        	2.840395e-17
576.9         	2.840395e-17
576.95        	2.840395e-17
577           	2.840395e-17
577.05        	2.840395e-17
577.1         	2.840395e-17
577.15        	2.840395e-17
577.2         	2.840395e-17
577.25        	2.840395e-17
577.3         	2.840395e-17
577.35        	2.840395e-17
577.4         	2.840395e-17
577.45        	2.840395e-17
577.5         	2.840395e-17
577.55        	2.840395e-17
577.6         	2.840395e-17
577.65        	2.840395e-17
577.7         	2.840395e-17
577.75        	2.840395e-17
577.8         	2.840395e-17
577.85        	2.840395e-17
577.9         	2.840395e-17
577.95        	2.840395e-17
578           	2.840395e-17
578.05        	2.840395e-17
578.1         	2.840395e-17
578.15        	2.840395e-17
578.2         	2.840395e-17
578.25        	2.840395e-17
578.3         	2.840395e-17
578.35        	2.840395e-17
578.4         	2.840395e-17
578.45        	2.840395e-17
578.5         	2.840395e-17
578.55        	2.840395e-17
578.6         	2.840395e-17
578.65        	2.840395e-17
578.7         	2.840395e-17
578.75        	2.840395e-17
578.8         	2.840395e-17
578.85        	2.840395e-17
578.9         	2.840395e-17
578.95        	2.840395e-17
579           	2.840395e-17
579.05        	2.840395e-17
579.1         	2.840395e-17
579.15        	2.840395e-17
579.2         	2.840395e-17
579.25        	2.840395e-17
579.3         	2.840395e-17
579.35        	2.840395e-17
579.4         	2.840395e-17
579.45        	2.840395e-17
579.5         	2.840395e-17
579.55        	2.840395e-17
579.6         	2.840395e-17
579.65        	2.840395e-17
579.7         	2.840395e-17
579.75        	2.840395e-17
579.8         	2.840395e-17
579.85        	2.840395e-17
579.9         	2.840395e-17
579.95        	2.840395e-17
580           	2.840395e-17
580.05        	2.840395e-17
580.1         	2.840395e-17
580.15        	2.840395e-17
580.2         	2.840395e-17
580.25        	2.840395e-17
580.3         	2.840395e-17
580.35        	2.840395e-17
580.4         	2.840395e-17
580.45        	2.840395e-17
580.5         	2.840395e-17
580.55        	2.840395e-17
580.6         	2.840395e-17
580.65        	2.840395e-17
580.7         	2.840395e-17
580.75        	2.840395e-17
580.8         	2.840395e-17
580.85        	2.840395e-17
580.9         	2.840395e-17
580.95        	2.840395e-17
581           	2.840395e-17
581.05        	2.840395e-17
581.1         	2.840395e-17
581.15        	2.840395e-17
581.2         	2.840395e-17
581.25        	2.840395e-17
581.3         	2.840395e-17
581.35        	2.840395e-17
581.4         	2.840395e-17
581.45        	2.840395e-17
581.5         	2.840395e-17
581.55        	2.840395e-17
581.6         	2.840395e-17
581.65        	2.840395e-17
581.7         	2.840395e-17
581.75        	2.840395e-17
581.8         	2.840395e-17
581.85        	2.840395e-17
581.9         	2.840395e-17
581.95        	2.840395e-17
582           	2.840395e-17
582.05        	2.840395e-17
582.1         	2.840395e-17
582.15        	2.840395e-17
582.2         	2.840395e-17
582.25        	2.840395e-17
582.3         	2.840395e-17
582.35        	2.840395e-17
582.4         	2.840395e-17
582.45        	2.840395e-17
582.5         	2.840395e-17
582.55        	2.840395e-17
582.6         	2.840395e-17
582.65        	2.840395e-17
582.7         	2.840395e-17
582.75        	2.840395e-17
582.8         	2.840395e-17
582.85        	2.840395e-17
582.9         	2.840395e-17
582.95        	2.840395e-17
583           	2.840395e-17
583.05        	2.840395e-17
583.1         	2.840395e-17
583.15        	2.840395e-17
583.2         	2.840395e-17
583.25        	2.840395e-17
583.3         	2.840395e-17
583.35        	2.840395e-17
583.4         	2.840395e-17
583.45        	2.840395e-17
583.5         	2.840395e-17
583.55        	2.840395e-17
583.6         	2.840395e-17
583.65        	2.840395e-17
583.7         	2.840395e-17
583.75        	2.840395e-17
583.8         	2.840395e-17
583.85        	2.840395e-17
583.9         	2.840395e-17
583.95        	2.840395e-17
584           	2.840395e-17
584.05        	2.840395e-17
584.1         	2.840395e-17
584.15        	2.840395e-17
584.2         	2.840395e-17
584.25        	2.840395e-17
584.3         	2.840395e-17
584.35        	2.840395e-17
584.4         	2.840395e-17
584.45        	2.840395e-17
584.5         	2.840395e-17
584.55        	2.840395e-17
584.6         	2.840395e-17
584.65        	2.840395e-17
584.7         	2.840395e-17
584.75        	2.840395e-17
584.8         	2.840395e-17
584.85        	2.840395e-17
584.9         	2.840395e-17
584.95        	2.840395e-17
585           	2.840395e-17
585.05        	2.840395e-17
585.1         	2.840395e-17
585.15        	2.840395e-17
585.2         	2.840395e-17
585.25        	2.840395e-17
585.3         	2.840395e-17
585.35        	2.840395e-17
585.4         	2.840395e-17
585.45        	2.840395e-17
585.5         	2.840395e-17
585.55        	2.840395e-17
585.6         	2.840395e-17
585.65        	2.840395e-17
585.7         	2.840395e-17
585.75        	2.840395e-17
585.8         	2.840395e-17
585.85        	2.840395e-17
585.9         	2.840395e-17
585.95        	2.840395e-17
586           	2.840395e-17
586.05        	2.840395e-17
586.1         	2.840395e-17
586.15        	2.840395e-17
586.2         	2.840395e-17
586.25        	2.840395e-17
586.3         	2.840395e-17
586.35        	2.840395e-17
586.4         	2.840395e-17
586.45        	2.840395e-17
586.5         	2.840395e-17
586.55        	2.840395e-17
586.6         	2.840395e-17
586.65        	2.840395e-17
586.7         	2.840395e-17
586.75        	2.840395e-17
586.8         	2.840395e-17
586.85        	2.840395e-17
586.9         	2.840395e-17
586.95        	2.840395e-17
587           	2.840395e-17
587.05        	2.840395e-17
587.1         	2.840395e-17
587.15        	2.840395e-17
587.2         	2.840395e-17
587.25        	2.840395e-17
587.3         	2.840395e-17
587.35        	2.840395e-17
587.4         	2.840395e-17
587.45        	2.840395e-17
587.5         	2.840395e-17
587.55        	2.840395e-17
587.6         	2.840395e-17
587.65        	2.840395e-17
587.7         	2.840395e-17
587.75        	2.840395e-17
587.8         	2.840395e-17
587.85        	2.840395e-17
587.9         	2.840395e-17
587.95        	2.840395e-17
588           	2.840395e-17
588.05        	2.840395e-17
588.1         	2.840395e-17
588.15        	2.840395e-17
588.2         	2.840395e-17
588.25        	2.840395e-17
588.3         	2.840395e-17
588.35        	2.840395e-17
588.4         	2.840395e-17
588.45        	2.840395e-17
588.5         	2.840395e-17
588.55        	2.840395e-17
588.6         	2.840395e-17
588.65        	2.840395e-17
588.7         	2.840395e-17
588.75        	2.840395e-17
588.8         	2.840395e-17
588.85        	2.840395e-17
588.9         	2.840395e-17
588.95        	2.840395e-17
589           	2.840395e-17
589.05        	2.840395e-17
589.1         	2.840395e-17
589.15        	2.840395e-17
589.2         	2.840395e-17
589.25        	2.840395e-17
589.3         	2.840395e-17
589.35        	2.840395e-17
589.4         	2.840395e-17
589.45        	2.840395e-17
589.5         	2.840395e-17
589.55        	2.840395e-17
589.6         	2.840395e-17
589.65        	2.840395e-17
589.7         	2.840395e-17
589.75        	2.840395e-17
589.8         	2.840395e-17
589.85        	2.840395e-17
589.9         	2.840395e-17
589.95        	2.840395e-17
590           	2.840395e-17
590.05        	2.840395e-17
590.1         	2.840395e-17
590.15        	2.840395e-17
590.2         	2.840395e-17
590.25        	2.840395e-17
590.3         	2.840395e-17
590.35        	2.840395e-17
590.4         	2.840395e-17
590.45        	2.840395e-17
590.5         	2.840395e-17
590.55        	2.840395e-17
590.6         	2.840395e-17
590.65        	2.840395e-17
590.7         	2.840395e-17
590.75        	2.840395e-17
590.8         	2.840395e-17
590.85        	2.840395e-17
590.9         	2.840395e-17
590.95        	2.840395e-17
591           	2.840395e-17
591.05        	2.840395e-17
591.1         	2.840395e-17
591.15        	2.840395e-17
591.2         	2.840395e-17
591.25        	2.840395e-17
591.3         	2.840395e-17
591.35        	2.840395e-17
591.4         	2.840395e-17
591.45        	2.840395e-17
591.5         	2.840395e-17
591.55        	2.840395e-17
591.6         	2.840395e-17
591.65        	2.840395e-17
591.7         	2.840395e-17
591.75        	2.840395e-17
591.8         	2.840395e-17
591.85        	2.840395e-17
591.9         	2.840395e-17
591.95        	2.840395e-17
592           	2.840395e-17
592.05        	2.840395e-17
592.1         	2.840395e-17
592.15        	2.840395e-17
592.2         	2.840395e-17
592.25        	2.840395e-17
592.3         	2.840395e-17
592.35        	2.840395e-17
592.4         	2.840395e-17
592.45        	2.840395e-17
592.5         	2.840395e-17
592.55        	2.840395e-17
592.6         	2.840395e-17
592.65        	2.840395e-17
592.7         	2.840395e-17
592.75        	2.840395e-17
592.8         	2.840395e-17
592.85        	2.840395e-17
592.9         	2.840395e-17
592.95        	2.840395e-17
593           	2.840395e-17
593.05        	2.840395e-17
593.1         	2.840395e-17
593.15        	2.840395e-17
593.2         	2.840395e-17
593.25        	2.840395e-17
593.3         	2.840395e-17
593.35        	2.840395e-17
593.4         	2.840395e-17
593.45        	2.840395e-17
593.5         	2.840395e-17
593.55        	2.840395e-17
593.6         	2.840395e-17
593.65        	2.840395e-17
593.7         	2.840395e-17
593.75        	2.840395e-17
593.8         	2.840395e-17
593.85        	2.840395e-17
593.9         	2.840395e-17
593.95        	2.840395e-17
594           	2.840395e-17
594.05        	2.840395e-17
594.1         	2.840395e-17
594.15        	2.840395e-17
594.2         	2.840395e-17
594.25        	2.840395e-17
594.3         	2.840395e-17
594.35        	2.840395e-17
594.4         	2.840395e-17
594.45        	2.840395e-17
594.5         	2.840395e-17
594.55        	2.840395e-17
594.6         	2.840395e-17
594.65        	2.840395e-17
594.7         	2.840395e-17
594.75        	2.840395e-17
594.8         	2.840395e-17
594.85        	2.840395e-17
594.9         	2.840395e-17
594.95        	2.840395e-17
595           	2.840395e-17
595.05        	2.840395e-17
595.1         	2.840395e-17
595.15        	2.840395e-17
595.2         	2.840395e-17
595.25        	2.840395e-17
595.3         	2.840395e-17
595.35        	2.840395e-17
595.4         	2.840395e-17
595.45        	2.840395e-17
595.5         	2.840395e-17
595.55        	2.840395e-17
595.6         	2.840395e-17
595.65        	2.840395e-17
595.7         	2.840395e-17
595.75        	2.840395e-17
595.8         	2.840395e-17
595.85        	2.840395e-17
595.9         	2.840395e-17
595.95        	2.840395e-17
596           	2.840395e-17
596.05        	2.840395e-17
596.1         	2.840395e-17
596.15        	2.840395e-17
596.2         	2.840395e-17
596.25        	2.840395e-17
596.3         	2.840395e-17
596.35        	2.840395e-17
596.4         	2.840395e-17
596.45        	2.840395e-17
596.5         	2.840395e-17
596.55        	2.840395e-17
596.6         	2.840395e-17
596.65        	2.840395e-17
596.7         	2.840395e-17
596.75        	2.840395e-17
596.8         	2.840395e-17
596.85        	2.840395e-17
596.9         	2.840395e-17
596.95        	2.840395e-17
597           	2.840395e-17
597.05        	2.840395e-17
597.1         	2.840395e-17
597.15        	2.840395e-17
597.2         	2.840395e-17
597.25        	2.840395e-17
597.3         	2.840395e-17
597.35        	2.840395e-17
597.4         	2.840395e-17
597.45        	2.840395e-17
597.5         	2.840395e-17
597.55        	2.840395e-17
597.6         	2.840395e-17
597.65        	2.840395e-17
597.7         	2.840395e-17
597.75        	2.840395e-17
597.8         	2.840395e-17
597.85        	2.840395e-17
597.9         	2.840395e-17
597.95        	2.840395e-17
598           	2.840395e-17
598.05        	2.840395e-17
598.1         	2.840395e-17
598.15        	2.840395e-17
598.2         	2.840395e-17
598.25        	2.840395e-17
598.3         	2.840395e-17
598.35        	2.840395e-17
598.4         	2.840395e-17
598.45        	2.840395e-17
598.5         	2.840395e-17
598.55        	2.840395e-17
598.6         	2.840395e-17
598.65        	2.840395e-17
598.7         	2.840395e-17
598.75        	2.840395e-17
598.8         	2.840395e-17
598.85        	2.840395e-17
598.9         	2.840395e-17
598.95        	2.840395e-17
599           	2.840395e-17
599.05        	2.840395e-17
599.1         	2.840395e-17
599.15        	2.840395e-17
599.2         	2.840395e-17
599.25        	2.840395e-17
599.3         	2.840395e-17
599.35        	2.840395e-17
599.4         	2.840395e-17
599.45        	2.840395e-17
599.5         	2.840395e-17
599.55        	2.840395e-17
599.6         	2.840395e-17
599.65        	2.840395e-17
599.7         	2.840395e-17
599.75        	2.840395e-17
599.8         	2.840395e-17
599.85        	2.840395e-17
599.9         	2.840395e-17
599.95        	2.840395e-17
600           	2.840395e-17
600.05        	2.840395e-17
600.1         	2.840395e-17
600.15        	2.840395e-17
600.2         	2.840395e-17
600.25        	2.840395e-17
600.3         	2.840395e-17
600.35        	2.840395e-17
600.4         	2.840395e-17
600.45        	2.840395e-17
600.5         	2.840395e-17
600.55        	2.840395e-17
600.6         	2.840395e-17
600.65        	2.840395e-17
600.7         	2.840395e-17
600.75        	2.840395e-17
600.8         	2.840395e-17
600.85        	2.840395e-17
600.9         	2.840395e-17
600.95        	2.840395e-17
601           	2.840395e-17
601.05        	2.840395e-17
601.1         	2.840395e-17
601.15        	2.840395e-17
601.2         	2.840395e-17
601.25        	2.840395e-17
601.3         	2.840395e-17
601.35        	2.840395e-17
601.4         	2.840395e-17
601.45        	2.840395e-17
601.5         	2.840395e-17
601.55        	2.840395e-17
601.6         	2.840395e-17
601.65        	2.840395e-17
601.7         	2.840395e-17
601.75        	2.840395e-17
601.8         	2.840395e-17
601.85        	2.840395e-17
601.9         	2.840395e-17
601.95        	2.840395e-17
602           	2.840395e-17
602.05        	2.840395e-17
602.1         	2.840395e-17
602.15        	2.840395e-17
602.2         	2.840395e-17
602.25        	2.840395e-17
602.3         	2.840395e-17
602.35        	2.840395e-17
602.4         	2.840395e-17
602.45        	2.840395e-17
602.5         	2.840395e-17
602.55        	2.840395e-17
602.6         	2.840395e-17
602.65        	2.840395e-17
602.7         	2.840395e-17
602.75        	2.840395e-17
602.8         	2.840395e-17
602.85        	2.840395e-17
602.9         	2.840395e-17
602.95        	2.840395e-17
603           	2.840395e-17
603.05        	2.840395e-17
603.1         	2.840395e-17
603.15        	2.840395e-17
603.2         	2.840395e-17
603.25        	2.840395e-17
603.3         	2.840395e-17
603.35        	2.840395e-17
603.4         	2.840395e-17
603.45        	2.840395e-17
603.5         	2.840395e-17
603.55        	2.840395e-17
603.6         	2.840395e-17
603.65        	2.840395e-17
603.7         	2.840395e-17
603.75        	2.840395e-17
603.8         	2.840395e-17
603.85        	2.840395e-17
603.9         	2.840395e-17
603.95        	2.840395e-17
604           	2.840395e-17
604.05        	2.840395e-17
604.1         	2.840395e-17
604.15        	2.840395e-17
604.2         	2.840395e-17
604.25        	2.840395e-17
604.3         	2.840395e-17
604.35        	2.840395e-17
604.4         	2.840395e-17
604.45        	2.840395e-17
604.5         	2.840395e-17
604.55        	2.840395e-17
604.6         	2.840395e-17
604.65        	2.840395e-17
604.7         	2.840395e-17
604.75        	2.840395e-17
604.8         	2.840395e-17
604.85        	2.840395e-17
604.9         	2.840395e-17
604.95        	2.840395e-17
605           	2.840395e-17
605.05        	2.840395e-17
605.1         	2.840395e-17
605.15        	2.840395e-17
605.2         	2.840395e-17
605.25        	2.840395e-17
605.3         	2.840395e-17
605.35        	2.840395e-17
605.4         	2.840395e-17
605.45        	2.840395e-17
605.5         	2.840395e-17
605.55        	2.840395e-17
605.6         	2.840395e-17
605.65        	2.840395e-17
605.7         	2.840395e-17
605.75        	2.840395e-17
605.8         	2.840395e-17
605.85        	2.840395e-17
605.9         	2.840395e-17
605.95        	2.840395e-17
606           	2.840395e-17
606.05        	2.840395e-17
606.1         	2.840395e-17
606.15        	2.840395e-17
606.2         	2.840395e-17
606.25        	2.840395e-17
606.3         	2.840395e-17
606.35        	2.840395e-17
606.4         	2.840395e-17
606.45        	2.840395e-17
606.5         	2.840395e-17
606.55        	2.840395e-17
606.6         	2.840395e-17
606.65        	2.840395e-17
606.7         	2.840395e-17
606.75        	2.840395e-17
606.8         	2.840395e-17
606.85        	2.840395e-17
606.9         	2.840395e-17
606.95        	2.840395e-17
607           	2.840395e-17
607.05        	2.840395e-17
607.1         	2.840395e-17
607.15        	2.840395e-17
607.2         	2.840395e-17
607.25        	2.840395e-17
607.3         	2.840395e-17
607.35        	2.840395e-17
607.4         	2.840395e-17
607.45        	2.840395e-17
607.5         	2.840395e-17
607.55        	2.840395e-17
607.6         	2.840395e-17
607.65        	2.840395e-17
607.7         	2.840395e-17
607.75        	2.840395e-17
607.8         	2.840395e-17
607.85        	2.840395e-17
607.9         	2.840395e-17
607.95        	2.840395e-17
608           	2.840395e-17
608.05        	2.840395e-17
608.1         	2.840395e-17
608.15        	2.840395e-17
608.2         	2.840395e-17
608.25        	2.840395e-17
608.3         	2.840395e-17
608.35        	2.840395e-17
608.4         	2.840395e-17
608.45        	2.840395e-17
608.5         	2.840395e-17
608.55        	2.840395e-17
608.6         	2.840395e-17
608.65        	2.840395e-17
608.7         	2.840395e-17
608.75        	2.840395e-17
608.8         	2.840395e-17
608.85        	2.840395e-17
608.9         	2.840395e-17
608.95        	2.840395e-17
609           	2.840395e-17
609.05        	2.840395e-17
609.1         	2.840395e-17
609.15        	2.840395e-17
609.2         	2.840395e-17
609.25        	2.840395e-17
609.3         	2.840395e-17
609.35        	2.840395e-17
609.4         	2.840395e-17
609.45        	2.840395e-17
609.5         	2.840395e-17
609.55        	2.840395e-17
609.6         	2.840395e-17
609.65        	2.840395e-17
609.7         	2.840395e-17
609.75        	2.840395e-17
609.8         	2.840395e-17
609.85        	2.840395e-17
609.9         	2.840395e-17
609.95        	2.840395e-17
610           	2.840395e-17
610.05        	2.840395e-17
610.1         	2.840395e-17
610.15        	2.840395e-17
610.2         	2.840395e-17
610.25        	2.840395e-17
610.3         	2.840395e-17
610.35        	2.840395e-17
610.4         	2.840395e-17
610.45        	2.840395e-17
610.5         	2.840395e-17
610.55        	2.840395e-17
610.6         	2.840395e-17
610.65        	2.840395e-17
610.7         	2.840395e-17
610.75        	2.840395e-17
610.8         	2.840395e-17
610.85        	2.840395e-17
610.9         	2.840395e-17
610.95        	2.840395e-17
611           	2.840395e-17
611.05        	2.840395e-17
611.1         	2.840395e-17
611.15        	2.840395e-17
611.2         	2.840395e-17
611.25        	2.840395e-17
611.3         	2.840395e-17
611.35        	2.840395e-17
611.4         	2.840395e-17
611.45        	2.840395e-17
611.5         	2.840395e-17
611.55        	2.840395e-17
611.6         	2.840395e-17
611.65        	2.840395e-17
611.7         	2.840395e-17
611.75        	2.840395e-17
611.8         	2.840395e-17
611.85        	2.840395e-17
611.9         	2.840395e-17
611.95        	2.840395e-17
612           	2.840395e-17
612.05        	2.840395e-17
612.1         	2.840395e-17
612.15        	2.840395e-17
612.2         	2.840395e-17
612.25        	2.840395e-17
612.3         	2.840395e-17
612.35        	2.840395e-17
612.4         	2.840395e-17
612.45        	2.840395e-17
612.5         	2.840395e-17
612.55        	2.840395e-17
612.6         	2.840395e-17
612.65        	2.840395e-17
612.7         	2.840395e-17
612.75        	2.840395e-17
612.8         	2.840395e-17
612.85        	2.840395e-17
612.9         	2.840395e-17
612.95        	2.840395e-17
613           	2.840395e-17
613.05        	2.840395e-17
613.1         	2.840395e-17
613.15        	2.840395e-17
613.2         	2.840395e-17
613.25        	2.840395e-17
613.3         	2.840395e-17
613.35        	2.840395e-17
613.4         	2.840395e-17
613.45        	2.840395e-17
613.5         	2.840395e-17
613.55        	2.840395e-17
613.6         	2.840395e-17
613.65        	2.840395e-17
613.7         	2.840395e-17
613.75        	2.840395e-17
613.8         	2.840395e-17
613.85        	2.840395e-17
613.9         	2.840395e-17
613.95        	2.840395e-17
614           	2.840395e-17
614.05        	2.840395e-17
614.1         	2.840395e-17
614.15        	2.840395e-17
614.2         	2.840395e-17
614.25        	2.840395e-17
614.3         	2.840395e-17
614.35        	2.840395e-17
614.4         	2.840395e-17
614.45        	2.840395e-17
614.5         	2.840395e-17
614.55        	2.840395e-17
614.6         	2.840395e-17
614.65        	2.840395e-17
614.7         	2.840395e-17
614.75        	2.840395e-17
614.8         	2.840395e-17
614.85        	2.840395e-17
614.9         	2.840395e-17
614.95        	2.840395e-17
615           	2.840395e-17
615.05        	2.840395e-17
615.1         	2.840395e-17
615.15        	2.840395e-17
615.2         	2.840395e-17
615.25        	2.840395e-17
615.3         	2.840395e-17
615.35        	2.840395e-17
615.4         	2.840395e-17
615.45        	2.840395e-17
615.5         	2.840395e-17
615.55        	2.840395e-17
615.6         	2.840395e-17
615.65        	2.840395e-17
615.7         	2.840395e-17
615.75        	2.840395e-17
615.8         	2.840395e-17
615.85        	2.840395e-17
615.9         	2.840395e-17
615.95        	2.840395e-17
616           	2.840395e-17
616.05        	2.840395e-17
616.1         	2.840395e-17
616.15        	2.840395e-17
616.2         	2.840395e-17
616.25        	2.840395e-17
616.3         	2.840395e-17
616.35        	2.840395e-17
616.4         	2.840395e-17
616.45        	2.840395e-17
616.5         	2.840395e-17
616.55        	2.840395e-17
616.6         	2.840395e-17
616.65        	2.840395e-17
616.7         	2.840395e-17
616.75        	2.840395e-17
616.8         	2.840395e-17
616.85        	2.840395e-17
616.9         	2.840395e-17
616.95        	2.840395e-17
617           	2.840395e-17
617.05        	2.840395e-17
617.1         	2.840395e-17
617.15        	2.840395e-17
617.2         	2.840395e-17
617.25        	2.840395e-17
617.3         	2.840395e-17
617.35        	2.840395e-17
617.4         	2.840395e-17
617.45        	2.840395e-17
617.5         	2.840395e-17
617.55        	2.840395e-17
617.6         	2.840395e-17
617.65        	2.840395e-17
617.7         	2.840395e-17
617.75        	2.840395e-17
617.8         	2.840395e-17
617.85        	2.840395e-17
617.9         	2.840395e-17
617.95        	2.840395e-17
618           	2.840395e-17
618.05        	2.840395e-17
618.1         	2.840395e-17
618.15        	2.840395e-17
618.2         	2.840395e-17
618.25        	2.840395e-17
618.3         	2.840395e-17
618.35        	2.840395e-17
618.4         	2.840395e-17
618.45        	2.840395e-17
618.5         	2.840395e-17
618.55        	2.840395e-17
618.6         	2.840395e-17
618.65        	2.840395e-17
618.7         	2.840395e-17
618.75        	2.840395e-17
618.8         	2.840395e-17
618.85        	2.840395e-17
618.9         	2.840395e-17
618.95        	2.840395e-17
619           	2.840395e-17
619.05        	2.840395e-17
619.1         	2.840395e-17
619.15        	2.840395e-17
619.2         	2.840395e-17
619.25        	2.840395e-17
619.3         	2.840395e-17
619.35        	2.840395e-17
619.4         	2.840395e-17
619.45        	2.840395e-17
619.5         	2.840395e-17
619.55        	2.840395e-17
619.6         	2.840395e-17
619.65        	2.840395e-17
619.7         	2.840395e-17
619.75        	2.840395e-17
619.8         	2.840395e-17
619.85        	2.840395e-17
619.9         	2.840395e-17
619.95        	2.840395e-17
620           	2.840395e-17
620.05        	2.840395e-17
620.1         	2.840395e-17
620.15        	2.840395e-17
620.2         	2.840395e-17
620.25        	2.840395e-17
620.3         	2.840395e-17
620.35        	2.840395e-17
620.4         	2.840395e-17
620.45        	2.840395e-17
620.5         	2.840395e-17
620.55        	2.840395e-17
620.6         	2.840395e-17
620.65        	2.840395e-17
620.7         	2.840395e-17
620.75        	2.840395e-17
620.8         	2.840395e-17
620.85        	2.840395e-17
620.9         	2.840395e-17
620.95        	2.840395e-17
621           	2.840395e-17
621.05        	2.840395e-17
621.1         	2.840395e-17
621.15        	2.840395e-17
621.2         	2.840395e-17
621.25        	2.840395e-17
621.3         	2.840395e-17
621.35        	2.840395e-17
621.4         	2.840395e-17
621.45        	2.840395e-17
621.5         	2.840395e-17
621.55        	2.840395e-17
621.6         	2.840395e-17
621.65        	2.840395e-17
621.7         	2.840395e-17
621.75        	2.840395e-17
621.8         	2.840395e-17
621.85        	2.840395e-17
621.9         	2.840395e-17
621.95        	2.840395e-17
622           	2.840395e-17
622.05        	2.840395e-17
622.1         	2.840395e-17
622.15        	2.840395e-17
622.2         	2.840395e-17
622.25        	2.840395e-17
622.3         	2.840395e-17
622.35        	2.840395e-17
622.4         	2.840395e-17
622.45        	2.840395e-17
622.5         	2.840395e-17
622.55        	2.840395e-17
622.6         	2.840395e-17
622.65        	2.840395e-17
622.7         	2.840395e-17
622.75        	2.840395e-17
622.8         	2.840395e-17
622.85        	2.840395e-17
622.9         	2.840395e-17
622.95        	2.840395e-17
623           	2.840395e-17
623.05        	2.840395e-17
623.1         	2.840395e-17
623.15        	2.840395e-17
623.2         	2.840395e-17
623.25        	2.840395e-17
623.3         	2.840395e-17
623.35        	2.840395e-17
623.4         	2.840395e-17
623.45        	2.840395e-17
623.5         	2.840395e-17
623.55        	2.840395e-17
623.6         	2.840395e-17
623.65        	2.840395e-17
623.7         	2.840395e-17
623.75        	2.840395e-17
623.8         	2.840395e-17
623.85        	2.840395e-17
623.9         	2.840395e-17
623.95        	2.840395e-17
624           	2.840395e-17
624.05        	2.840395e-17
624.1         	2.840395e-17
624.15        	2.840395e-17
624.2         	2.840395e-17
624.25        	2.840395e-17
624.3         	2.840395e-17
624.35        	2.840395e-17
624.4         	2.840395e-17
624.45        	2.840395e-17
624.5         	2.840395e-17
624.55        	2.840395e-17
624.6         	2.840395e-17
624.65        	2.840395e-17
624.7         	2.840395e-17
624.75        	2.840395e-17
624.8         	2.840395e-17
624.85        	2.840395e-17
624.9         	2.840395e-17
624.95        	2.840395e-17
625           	2.840395e-17
625.05        	2.840395e-17
625.1         	2.840395e-17
625.15        	2.840395e-17
625.2         	2.840395e-17
625.25        	2.840395e-17
625.3         	2.840395e-17
625.35        	2.840395e-17
625.4         	2.840395e-17
625.45        	2.840395e-17
625.5         	2.840395e-17
625.55        	2.840395e-17
625.6         	2.840395e-17
625.65        	2.840395e-17
625.7         	2.840395e-17
625.75        	2.840395e-17
625.8         	2.840395e-17
625.85        	2.840395e-17
625.9         	2.840395e-17
625.95        	2.840395e-17
626           	2.840395e-17
626.05        	2.840395e-17
626.1         	2.840395e-17
626.15        	2.840395e-17
626.2         	2.840395e-17
626.25        	2.840395e-17
626.3         	2.840395e-17
626.35        	2.840395e-17
626.4         	2.840395e-17
626.45        	2.840395e-17
626.5         	2.840395e-17
626.55        	2.840395e-17
626.6         	2.840395e-17
626.65        	2.840395e-17
626.7         	2.840395e-17
626.75        	2.840395e-17
626.8         	2.840395e-17
626.85        	2.840395e-17
626.9         	2.840395e-17
626.95        	2.840395e-17
627           	2.840395e-17
627.05        	2.840395e-17
627.1         	2.840395e-17
627.15        	2.840395e-17
627.2         	2.840395e-17
627.25        	2.840395e-17
627.3         	2.840395e-17
627.35        	2.840395e-17
627.4         	2.840395e-17
627.45        	2.840395e-17
627.5         	2.840395e-17
627.55        	2.840395e-17
627.6         	2.840395e-17
627.65        	2.840395e-17
627.7         	2.840395e-17
627.75        	2.840395e-17
627.8         	2.840395e-17
627.85        	2.840395e-17
627.9         	2.840395e-17
627.95        	2.840395e-17
628           	2.840395e-17
628.05        	2.840395e-17
628.1         	2.840395e-17
628.15        	2.840395e-17
628.2         	2.840395e-17
628.25        	2.840395e-17
628.3         	2.840395e-17
628.35        	2.840395e-17
628.4         	2.840395e-17
628.45        	2.840395e-17
628.5         	2.840395e-17
628.55        	2.840395e-17
628.6         	2.840395e-17
628.65        	2.840395e-17
628.7         	2.840395e-17
628.75        	2.840395e-17
628.8         	2.840395e-17
628.85        	2.840395e-17
628.9         	2.840395e-17
628.95        	2.840395e-17
629           	2.840395e-17
629.05        	2.840395e-17
629.1         	2.840395e-17
629.15        	2.840395e-17
629.2         	2.840395e-17
629.25        	2.840395e-17
629.3         	2.840395e-17
629.35        	2.840395e-17
629.4         	2.840395e-17
629.45        	2.840395e-17
629.5         	2.840395e-17
629.55        	2.840395e-17
629.6         	2.840395e-17
629.65        	2.840395e-17
629.7         	2.840395e-17
629.75        	2.840395e-17
629.8         	2.840395e-17
629.85        	2.840395e-17
629.9         	2.840395e-17
629.95        	2.840395e-17
630           	2.840395e-17
630.05        	2.840395e-17
630.1         	2.840395e-17
630.15        	2.840395e-17
630.2         	2.840395e-17
630.25        	2.840395e-17
630.3         	2.840395e-17
630.35        	2.840395e-17
630.4         	2.840395e-17
630.45        	2.840395e-17
630.5         	2.840395e-17
630.55        	2.840395e-17
630.6         	2.840395e-17
630.65        	2.840395e-17
630.7         	2.840395e-17
630.75        	2.840395e-17
630.8         	2.840395e-17
630.85        	2.840395e-17
630.9         	2.840395e-17
630.95        	2.840395e-17
631           	2.840395e-17
631.05        	2.840395e-17
631.1         	2.840395e-17
631.15        	2.840395e-17
631.2         	2.840395e-17
631.25        	2.840395e-17
631.3         	2.840395e-17
631.35        	2.840395e-17
631.4         	2.840395e-17
631.45        	2.840395e-17
631.5         	2.840395e-17
631.55        	2.840395e-17
631.6         	2.840395e-17
631.65        	2.840395e-17
631.7         	2.840395e-17
631.75        	2.840395e-17
631.8         	2.840395e-17
631.85        	2.840395e-17
631.9         	2.840395e-17
631.95        	2.840395e-17
632           	2.840395e-17
632.05        	2.840395e-17
632.1         	2.840395e-17
632.15        	2.840395e-17
632.2         	2.840395e-17
632.25        	2.840395e-17
632.3         	2.840395e-17
632.35        	2.840395e-17
632.4         	2.840395e-17
632.45        	2.840395e-17
632.5         	2.840395e-17
632.55        	2.840395e-17
632.6         	2.840395e-17
632.65        	2.840395e-17
632.7         	2.840395e-17
632.75        	2.840395e-17
632.8         	2.840395e-17
632.85        	2.840395e-17
632.9         	2.840395e-17
632.95        	2.840395e-17
633           	2.840395e-17
633.05        	2.840395e-17
633.1         	2.840395e-17
633.15        	2.840395e-17
633.2         	2.840395e-17
633.25        	2.840395e-17
633.3         	2.840395e-17
633.35        	2.840395e-17
633.4         	2.840395e-17
633.45        	2.840395e-17
633.5         	2.840395e-17
633.55        	2.840395e-17
633.6         	2.840395e-17
633.65        	2.840395e-17
633.7         	2.840395e-17
633.75        	2.840395e-17
633.8         	2.840395e-17
633.85        	2.840395e-17
633.9         	2.840395e-17
633.95        	2.840395e-17
634           	2.840395e-17
634.05        	2.840395e-17
634.1         	2.840395e-17
634.15        	2.840395e-17
634.2         	2.840395e-17
634.25        	2.840395e-17
634.3         	2.840395e-17
634.35        	2.840395e-17
634.4         	2.840395e-17
634.45        	2.840395e-17
634.5         	2.840395e-17
634.55        	2.840395e-17
634.6         	2.840395e-17
634.65        	2.840395e-17
634.7         	2.840395e-17
634.75        	2.840395e-17
634.8         	2.840395e-17
634.85        	2.840395e-17
634.9         	2.840395e-17
634.95        	2.840395e-17
635           	2.840395e-17
635.05        	2.840395e-17
635.1         	2.840395e-17
635.15        	2.840395e-17
635.2         	2.840395e-17
635.25        	2.840395e-17
635.3         	2.840395e-17
635.35        	2.840395e-17
635.4         	2.840395e-17
635.45        	2.840395e-17
635.5         	2.840395e-17
635.55        	2.840395e-17
635.6         	2.840395e-17
635.65        	2.840395e-17
635.7         	2.840395e-17
635.75        	2.840395e-17
635.8         	2.840395e-17
635.85        	2.840395e-17
635.9         	2.840395e-17
635.95        	2.840395e-17
636           	2.840395e-17
636.05        	2.840395e-17
636.1         	2.840395e-17
636.15        	2.840395e-17
636.2         	2.840395e-17
636.25        	2.840395e-17
636.3         	2.840395e-17
636.35        	2.840395e-17
636.4         	2.840395e-17
636.45        	2.840395e-17
636.5         	2.840395e-17
636.55        	2.840395e-17
636.6         	2.840395e-17
636.65        	2.840395e-17
636.7         	2.840395e-17
636.75        	2.840395e-17
636.8         	2.840395e-17
636.85        	2.840395e-17
636.9         	2.840395e-17
636.95        	2.840395e-17
637           	2.840395e-17
637.05        	2.840395e-17
637.1         	2.840395e-17
637.15        	2.840395e-17
637.2         	2.840395e-17
637.25        	2.840395e-17
637.3         	2.840395e-17
637.35        	2.840395e-17
637.4         	2.840395e-17
637.45        	2.840395e-17
637.5         	2.840395e-17
637.55        	2.840395e-17
637.6         	2.840395e-17
637.65        	2.840395e-17
637.7         	2.840395e-17
637.75        	2.840395e-17
637.8         	2.840395e-17
637.85        	2.840395e-17
637.9         	2.840395e-17
637.95        	2.840395e-17
638           	2.840395e-17
638.05        	2.840395e-17
638.1         	2.840395e-17
638.15        	2.840395e-17
638.2         	2.840395e-17
638.25        	2.840395e-17
638.3         	2.840395e-17
638.35        	2.840395e-17
638.4         	2.840395e-17
638.45        	2.840395e-17
638.5         	2.840395e-17
638.55        	2.840395e-17
638.6         	2.840395e-17
638.65        	2.840395e-17
638.7         	2.840395e-17
638.75        	2.840395e-17
638.8         	2.840395e-17
638.85        	2.840395e-17
638.9         	2.840395e-17
638.95        	2.840395e-17
639           	2.840395e-17
639.05        	2.840395e-17
639.1         	2.840395e-17
639.15        	2.840395e-17
639.2         	2.840395e-17
639.25        	2.840395e-17
639.3         	2.840395e-17
639.35        	2.840395e-17
639.4         	2.840395e-17
639.45        	2.840395e-17
639.5         	2.840395e-17
639.55        	2.840395e-17
639.6         	2.840395e-17
639.65        	2.840395e-17
639.7         	2.840395e-17
639.75        	2.840395e-17
639.8         	2.840395e-17
639.85        	2.840395e-17
639.9         	2.840395e-17
639.95        	2.840395e-17
640           	2.840395e-17
640.05        	2.840395e-17
640.1         	2.840395e-17
640.15        	2.840395e-17
640.2         	2.840395e-17
640.25        	2.840395e-17
640.3         	2.840395e-17
640.35        	2.840395e-17
640.4         	2.840395e-17
640.45        	2.840395e-17
640.5         	2.840395e-17
640.55        	2.840395e-17
640.6         	2.840395e-17
640.65        	2.840395e-17
640.7         	2.840395e-17
640.75        	2.840395e-17
640.8         	2.840395e-17
640.85        	2.840395e-17
640.9         	2.840395e-17
640.95        	2.840395e-17
641           	2.840395e-17
641.05        	2.840395e-17
641.1         	2.840395e-17
641.15        	2.840395e-17
641.2         	2.840395e-17
641.25        	2.840395e-17
641.3         	2.840395e-17
641.35        	2.840395e-17
641.4         	2.840395e-17
641.45        	2.840395e-17
641.5         	2.840395e-17
641.55        	2.840395e-17
641.6         	2.840395e-17
641.65        	2.840395e-17
641.7         	2.840395e-17
641.75        	2.840395e-17
641.8         	2.840395e-17
641.85        	2.840395e-17
641.9         	2.840395e-17
641.95        	2.840395e-17
642           	2.840395e-17
642.05        	2.840395e-17
642.1         	2.840395e-17
642.15        	2.840395e-17
642.2         	2.840395e-17
642.25        	2.840395e-17
642.3         	2.840395e-17
642.35        	2.840395e-17
642.4         	2.840395e-17
642.45        	2.840395e-17
642.5         	2.840395e-17
642.55        	2.840395e-17
642.6         	2.840395e-17
642.65        	2.840395e-17
642.7         	2.840395e-17
642.75        	2.840395e-17
642.8         	2.840395e-17
642.85        	2.840395e-17
642.9         	2.840395e-17
642.95        	2.840395e-17
643           	2.840395e-17
643.05        	2.840395e-17
643.1         	2.840395e-17
643.15        	2.840395e-17
643.2         	2.840395e-17
643.25        	2.840395e-17
643.3         	2.840395e-17
643.35        	2.840395e-17
643.4         	2.840395e-17
643.45        	2.840395e-17
643.5         	2.840395e-17
643.55        	2.840395e-17
643.6         	2.840395e-17
643.65        	2.840395e-17
643.7         	2.840395e-17
643.75        	2.840395e-17
643.8         	2.840395e-17
643.85        	2.840395e-17
643.9         	2.840395e-17
643.95        	2.840395e-17
644           	2.840395e-17
644.05        	2.840395e-17
644.1         	2.840395e-17
644.15        	2.840395e-17
644.2         	2.840395e-17
644.25        	2.840395e-17
644.3         	2.840395e-17
644.35        	2.840395e-17
644.4         	2.840395e-17
644.45        	2.840395e-17
644.5         	2.840395e-17
644.55        	2.840395e-17
644.6         	2.840395e-17
644.65        	2.840395e-17
644.7         	2.840395e-17
644.75        	2.840395e-17
644.8         	2.840395e-17
644.85        	2.840395e-17
644.9         	2.840395e-17
644.95        	2.840395e-17
645           	2.840395e-17
645.05        	2.840395e-17
645.1         	2.840395e-17
645.15        	2.840395e-17
645.2         	2.840395e-17
645.25        	2.840395e-17
645.3         	2.840395e-17
645.35        	2.840395e-17
645.4         	2.840395e-17
645.45        	2.840395e-17
645.5         	2.840395e-17
645.55        	2.840395e-17
645.6         	2.840395e-17
645.65        	2.840395e-17
645.7         	2.840395e-17
645.75        	2.840395e-17
645.8         	2.840395e-17
645.85        	2.840395e-17
645.9         	2.840395e-17
645.95        	2.840395e-17
646           	2.840395e-17
646.05        	2.840395e-17
646.1         	2.840395e-17
646.15        	2.840395e-17
646.2         	2.840395e-17
646.25        	2.840395e-17
646.3         	2.840395e-17
646.35        	2.840395e-17
646.4         	2.840395e-17
646.45        	2.840395e-17
646.5         	2.840395e-17
646.55        	2.840395e-17
646.6         	2.840395e-17
646.65        	2.840395e-17
646.7         	2.840395e-17
646.75        	2.840395e-17
646.8         	2.840395e-17
646.85        	2.840395e-17
646.9         	2.840395e-17
646.95        	2.840395e-17
647           	2.840395e-17
647.05        	2.840395e-17
647.1         	2.840395e-17
647.15        	2.840395e-17
647.2         	2.840395e-17
647.25        	2.840395e-17
647.3         	2.840395e-17
647.35        	2.840395e-17
647.4         	2.840395e-17
647.45        	2.840395e-17
647.5         	2.840395e-17
647.55        	2.840395e-17
647.6         	2.840395e-17
647.65        	2.840395e-17
647.7         	2.840395e-17
647.75        	2.840395e-17
647.8         	2.840395e-17
647.85        	2.840395e-17
647.9         	2.840395e-17
647.95        	2.840395e-17
648           	2.840395e-17
648.05        	2.840395e-17
648.1         	2.840395e-17
648.15        	2.840395e-17
648.2         	2.840395e-17
648.25        	2.840395e-17
648.3         	2.840395e-17
648.35        	2.840395e-17
648.4         	2.840395e-17
648.45        	2.840395e-17
648.5         	2.840395e-17
648.55        	2.840395e-17
648.6         	2.840395e-17
648.65        	2.840395e-17
648.7         	2.840395e-17
648.75        	2.840395e-17
648.8         	2.840395e-17
648.85        	2.840395e-17
648.9         	2.840395e-17
648.95        	2.840395e-17
649           	2.840395e-17
649.05        	2.840395e-17
649.1         	2.840395e-17
649.15        	2.840395e-17
649.2         	2.840395e-17
649.25        	2.840395e-17
649.3         	2.840395e-17
649.35        	2.840395e-17
649.4         	2.840395e-17
649.45        	2.840395e-17
649.5         	2.840395e-17
649.55        	2.840395e-17
649.6         	2.840395e-17
649.65        	2.840395e-17
649.7         	2.840395e-17
649.75        	2.840395e-17
649.8         	2.840395e-17
649.85        	2.840395e-17
649.9         	2.840395e-17
649.95        	2.840395e-17
650           	2.840395e-17
650.05        	2.840395e-17
650.1         	2.840395e-17
650.15        	2.840395e-17
650.2         	2.840395e-17
650.25        	2.840395e-17
650.3         	2.840395e-17
650.35        	2.840395e-17
650.4         	2.840395e-17
650.45        	2.840395e-17
650.5         	2.840395e-17
650.55        	2.840395e-17
650.6         	2.840395e-17
650.65        	2.840395e-17
650.7         	2.840395e-17
650.75        	2.840395e-17
650.8         	2.840395e-17
650.85        	2.840395e-17
650.9         	2.840395e-17
650.95        	2.840395e-17
651           	2.840395e-17
651.05        	2.840395e-17
651.1         	2.840395e-17
651.15        	2.840395e-17
651.2         	2.840395e-17
651.25        	2.840395e-17
651.3         	2.840395e-17
651.35        	2.840395e-17
651.4         	2.840395e-17
651.45        	2.840395e-17
651.5         	2.840395e-17
651.55        	2.840395e-17
651.6         	2.840395e-17
651.65        	2.840395e-17
651.7         	2.840395e-17
651.75        	2.840395e-17
651.8         	2.840395e-17
651.85        	2.840395e-17
651.9         	2.840395e-17
651.95        	2.840395e-17
652           	2.840395e-17
652.05        	2.840395e-17
652.1         	2.840395e-17
652.15        	2.840395e-17
652.2         	2.840395e-17
652.25        	2.840395e-17
652.3         	2.840395e-17
652.35        	2.840395e-17
652.4         	2.840395e-17
652.45        	2.840395e-17
652.5         	2.840395e-17
652.55        	2.840395e-17
652.6         	2.840395e-17
652.65        	2.840395e-17
652.7         	2.840395e-17
652.75        	2.840395e-17
652.8         	2.840395e-17
652.85        	2.840395e-17
652.9         	2.840395e-17
652.95        	2.840395e-17
653           	2.840395e-17
653.05        	2.840395e-17
653.1         	2.840395e-17
653.15        	2.840395e-17
653.2         	2.840395e-17
653.25        	2.840395e-17
653.3         	2.840395e-17
653.35        	2.840395e-17
653.4         	2.840395e-17
653.45        	2.840395e-17
653.5         	2.840395e-17
653.55        	2.840395e-17
653.6         	2.840395e-17
653.65        	2.840395e-17
653.7         	2.840395e-17
653.75        	2.840395e-17
653.8         	2.840395e-17
653.85        	2.840395e-17
653.9         	2.840395e-17
653.95        	2.840395e-17
654           	2.840395e-17
654.05        	2.840395e-17
654.1         	2.840395e-17
654.15        	2.840395e-17
654.2         	2.840395e-17
654.25        	2.840395e-17
654.3         	2.840395e-17
654.35        	2.840395e-17
654.4         	2.840395e-17
654.45        	2.840395e-17
654.5         	2.840395e-17
654.55        	2.840395e-17
654.6         	2.840395e-17
654.65        	2.840395e-17
654.7         	2.840395e-17
654.75        	2.840395e-17
654.8         	2.840395e-17
654.85        	2.840395e-17
654.9         	2.840395e-17
654.95        	2.840395e-17
655           	2.840395e-17
655.05        	2.840395e-17
655.1         	2.840395e-17
655.15        	2.840395e-17
655.2         	2.840395e-17
655.25        	2.840395e-17
655.3         	2.840395e-17
655.35        	2.840395e-17
655.4         	2.840395e-17
655.45        	2.840395e-17
655.5         	2.840395e-17
655.55        	2.840395e-17
655.6         	2.840395e-17
655.65        	2.840395e-17
655.7         	2.840395e-17
655.75        	2.840395e-17
655.8         	2.840395e-17
655.85        	2.840395e-17
655.9         	2.840395e-17
655.95        	2.840395e-17
656           	2.840395e-17
656.05        	2.840395e-17
656.1         	2.840395e-17
656.15        	2.840395e-17
656.2         	2.840395e-17
656.25        	2.840395e-17
656.3         	2.840395e-17
656.35        	2.840395e-17
656.4         	2.840395e-17
656.45        	2.840395e-17
656.5         	2.840395e-17
656.55        	2.840395e-17
656.6         	2.840395e-17
656.65        	2.840395e-17
656.7         	2.840395e-17
656.75        	2.840395e-17
656.8         	2.840395e-17
656.85        	2.840395e-17
656.9         	2.840395e-17
656.95        	2.840395e-17
657           	2.840395e-17
657.05        	2.840395e-17
657.1         	2.840395e-17
657.15        	2.840395e-17
657.2         	2.840395e-17
657.25        	2.840395e-17
657.3         	2.840395e-17
657.35        	2.840395e-17
657.4         	2.840395e-17
657.45        	2.840395e-17
657.5         	2.840395e-17
657.55        	2.840395e-17
657.6         	2.840395e-17
657.65        	2.840395e-17
657.7         	2.840395e-17
657.75        	2.840395e-17
657.8         	2.840395e-17
657.85        	2.840395e-17
657.9         	2.840395e-17
657.95        	2.840395e-17
658           	2.840395e-17
658.05        	2.840395e-17
658.1         	2.840395e-17
658.15        	2.840395e-17
658.2         	2.840395e-17
658.25        	2.840395e-17
658.3         	2.840395e-17
658.35        	2.840395e-17
658.4         	2.840395e-17
658.45        	2.840395e-17
658.5         	2.840395e-17
658.55        	2.840395e-17
658.6         	2.840395e-17
658.65        	2.840395e-17
658.7         	2.840395e-17
658.75        	2.840395e-17
658.8         	2.840395e-17
658.85        	2.840395e-17
658.9         	2.840395e-17
658.95        	2.840395e-17
659           	2.840395e-17
659.05        	2.840395e-17
659.1         	2.840395e-17
659.15        	2.840395e-17
659.2         	2.840395e-17
659.25        	2.840395e-17
659.3         	2.840395e-17
659.35        	2.840395e-17
659.4         	2.840395e-17
659.45        	2.840395e-17
659.5         	2.840395e-17
659.55        	2.840395e-17
659.6         	2.840395e-17
659.65        	2.840395e-17
659.7         	2.840395e-17
659.75        	2.840395e-17
659.8         	2.840395e-17
659.85        	2.840395e-17
659.9         	2.840395e-17
659.95        	2.840395e-17
660           	2.840395e-17
660.05        	2.840395e-17
660.1         	2.840395e-17
660.15        	2.840395e-17
660.2         	2.840395e-17
660.25        	2.840395e-17
660.3         	2.840395e-17
660.35        	2.840395e-17
660.4         	2.840395e-17
660.45        	2.840395e-17
660.5         	2.840395e-17
660.55        	2.840395e-17
660.6         	2.840395e-17
660.65        	2.840395e-17
660.7         	2.840395e-17
660.75        	2.840395e-17
660.8         	2.840395e-17
660.85        	2.840395e-17
660.9         	2.840395e-17
660.95        	2.840395e-17
661           	2.840395e-17
661.05        	2.840395e-17
661.1         	2.840395e-17
661.15        	2.840395e-17
661.2         	2.840395e-17
661.25        	2.840395e-17
661.3         	2.840395e-17
661.35        	2.840395e-17
661.4         	2.840395e-17
661.45        	2.840395e-17
661.5         	2.840395e-17
661.55        	2.840395e-17
661.6         	2.840395e-17
661.65        	2.840395e-17
661.7         	2.840395e-17
661.75        	2.840395e-17
661.8         	2.840395e-17
661.85        	2.840395e-17
661.9         	2.840395e-17
661.95        	2.840395e-17
662           	2.840395e-17
662.05        	2.840395e-17
662.1         	2.840395e-17
662.15        	2.840395e-17
662.2         	2.840395e-17
662.25        	2.840395e-17
662.3         	2.840395e-17
662.35        	2.840395e-17
662.4         	2.840395e-17
662.45        	2.840395e-17
662.5         	2.840395e-17
662.55        	2.840395e-17
662.6         	2.840395e-17
662.65        	2.840395e-17
662.7         	2.840395e-17
662.75        	2.840395e-17
662.8         	2.840395e-17
662.85        	2.840395e-17
662.9         	2.840395e-17
662.95        	2.840395e-17
663           	2.840395e-17
663.05        	2.840395e-17
663.1         	2.840395e-17
663.15        	2.840395e-17
663.2         	2.840395e-17
663.25        	2.840395e-17
663.3         	2.840395e-17
663.35        	2.840395e-17
663.4         	2.840395e-17
663.45        	2.840395e-17
663.5         	2.840395e-17
663.55        	2.840395e-17
663.6         	2.840395e-17
663.65        	2.840395e-17
663.7         	2.840395e-17
663.75        	2.840395e-17
663.8         	2.840395e-17
663.85        	2.840395e-17
663.9         	2.840395e-17
663.95        	2.840395e-17
664           	2.840395e-17
664.05        	2.840395e-17
664.1         	2.840395e-17
664.15        	2.840395e-17
664.2         	2.840395e-17
664.25        	2.840395e-17
664.3         	2.840395e-17
664.35        	2.840395e-17
664.4         	2.840395e-17
664.45        	2.840395e-17
664.5         	2.840395e-17
664.55        	2.840395e-17
664.6         	2.840395e-17
664.65        	2.840395e-17
664.7         	2.840395e-17
664.75        	2.840395e-17
664.8         	2.840395e-17
664.85        	2.840395e-17
664.9         	2.840395e-17
664.95        	2.840395e-17
665           	2.840395e-17
665.05        	2.840395e-17
665.1         	2.840395e-17
665.15        	2.840395e-17
665.2         	2.840395e-17
665.25        	2.840395e-17
665.3         	2.840395e-17
665.35        	2.840395e-17
665.4         	2.840395e-17
665.45        	2.840395e-17
665.5         	2.840395e-17
665.55        	2.840395e-17
665.6         	2.840395e-17
665.65        	2.840395e-17
665.7         	2.840395e-17
665.75        	2.840395e-17
665.8         	2.840395e-17
665.85        	2.840395e-17
665.9         	2.840395e-17
665.95        	2.840395e-17
666           	2.840395e-17
666.05        	2.840395e-17
666.1         	2.840395e-17
666.15        	2.840395e-17
666.2         	2.840395e-17
666.25        	2.840395e-17
666.3         	2.840395e-17
666.35        	2.840395e-17
666.4         	2.840395e-17
666.45        	2.840395e-17
666.5         	2.840395e-17
666.55        	2.840395e-17
666.6         	2.840395e-17
666.65        	2.840395e-17
666.7         	2.840395e-17
666.75        	2.840395e-17
666.8         	2.840395e-17
666.85        	2.840395e-17
666.9         	2.840395e-17
666.95        	2.840395e-17
667           	2.840395e-17
667.05        	2.840395e-17
667.1         	2.840395e-17
667.15        	2.840395e-17
667.2         	2.840395e-17
667.25        	2.840395e-17
667.3         	2.840395e-17
667.35        	2.840395e-17
667.4         	2.840395e-17
667.45        	2.840395e-17
667.5         	2.840395e-17
667.55        	2.840395e-17
667.6         	2.840395e-17
667.65        	2.840395e-17
667.7         	2.840395e-17
667.75        	2.840395e-17
667.8         	2.840395e-17
667.85        	2.840395e-17
667.9         	2.840395e-17
667.95        	2.840395e-17
668           	2.840395e-17
668.05        	2.840395e-17
668.1         	2.840395e-17
668.15        	2.840395e-17
668.2         	2.840395e-17
668.25        	2.840395e-17
668.3         	2.840395e-17
668.35        	2.840395e-17
668.4         	2.840395e-17
668.45        	2.840395e-17
668.5         	2.840395e-17
668.55        	2.840395e-17
668.6         	2.840395e-17
668.65        	2.840395e-17
668.7         	2.840395e-17
668.75        	2.840395e-17
668.8         	2.840395e-17
668.85        	2.840395e-17
668.9         	2.840395e-17
668.95        	2.840395e-17
669           	2.840395e-17
669.05        	2.840395e-17
669.1         	2.840395e-17
669.15        	2.840395e-17
669.2         	2.840395e-17
669.25        	2.840395e-17
669.3         	2.840395e-17
669.35        	2.840395e-17
669.4         	2.840395e-17
669.45        	2.840395e-17
669.5         	2.840395e-17
669.55        	2.840395e-17
669.6         	2.840395e-17
669.65        	2.840395e-17
669.7         	2.840395e-17
669.75        	2.840395e-17
669.8         	2.840395e-17
669.85        	2.840395e-17
669.9         	2.840395e-17
669.95        	2.840395e-17
670           	2.840395e-17
670.05        	2.840395e-17
670.1         	2.840395e-17
670.15        	2.840395e-17
670.2         	2.840395e-17
670.25        	2.840395e-17
670.3         	2.840395e-17
670.35        	2.840395e-17
670.4         	2.840395e-17
670.45        	2.840395e-17
670.5         	2.840395e-17
670.55        	2.840395e-17
670.6         	2.840395e-17
670.65        	2.840395e-17
670.7         	2.840395e-17
670.75        	2.840395e-17
670.8         	2.840395e-17
670.85        	2.840395e-17
670.9         	2.840395e-17
670.95        	2.840395e-17
671           	2.840395e-17
671.05        	2.840395e-17
671.1         	2.840395e-17
671.15        	2.840395e-17
671.2         	2.840395e-17
671.25        	2.840395e-17
671.3         	2.840395e-17
671.35        	2.840395e-17
671.4         	2.840395e-17
671.45        	2.840395e-17
671.5         	2.840395e-17
671.55        	2.840395e-17
671.6         	2.840395e-17
671.65        	2.840395e-17
671.7         	2.840395e-17
671.75        	2.840395e-17
671.8         	2.840395e-17
671.85        	2.840395e-17
671.9         	2.840395e-17
671.95        	2.840395e-17
672           	2.840395e-17
672.05        	2.840395e-17
672.1         	2.840395e-17
672.15        	2.840395e-17
672.2         	2.840395e-17
672.25        	2.840395e-17
672.3         	2.840395e-17
672.35        	2.840395e-17
672.4         	2.840395e-17
672.45        	2.840395e-17
672.5         	2.840395e-17
672.55        	2.840395e-17
672.6         	2.840395e-17
672.65        	2.840395e-17
672.7         	2.840395e-17
672.75        	2.840395e-17
672.8         	2.840395e-17
672.85        	2.840395e-17
672.9         	2.840395e-17
672.95        	2.840395e-17
673           	2.840395e-17
673.05        	2.840395e-17
673.1         	2.840395e-17
673.15        	2.840395e-17
673.2         	2.840395e-17
673.25        	2.840395e-17
673.3         	2.840395e-17
673.35        	2.840395e-17
673.4         	2.840395e-17
673.45        	2.840395e-17
673.5         	2.840395e-17
673.55        	2.840395e-17
673.6         	2.840395e-17
673.65        	2.840395e-17
673.7         	2.840395e-17
673.75        	2.840395e-17
673.8         	2.840395e-17
673.85        	2.840395e-17
673.9         	2.840395e-17
673.95        	2.840395e-17
674           	2.840395e-17
674.05        	2.840395e-17
674.1         	2.840395e-17
674.15        	2.840395e-17
674.2         	2.840395e-17
674.25        	2.840395e-17
674.3         	2.840395e-17
674.35        	2.840395e-17
674.4         	2.840395e-17
674.45        	2.840395e-17
674.5         	2.840395e-17
674.55        	2.840395e-17
674.6         	2.840395e-17
674.65        	2.840395e-17
674.7         	2.840395e-17
674.75        	2.840395e-17
674.8         	2.840395e-17
674.85        	2.840395e-17
674.9         	2.840395e-17
674.95        	2.840395e-17
675           	2.840395e-17
675.05        	2.840395e-17
675.1         	2.840395e-17
675.15        	2.840395e-17
675.2         	2.840395e-17
675.25        	2.840395e-17
675.3         	2.840395e-17
675.35        	2.840395e-17
675.4         	2.840395e-17
675.45        	2.840395e-17
675.5         	2.840395e-17
675.55        	2.840395e-17
675.6         	2.840395e-17
675.65        	2.840395e-17
675.7         	2.840395e-17
675.75        	2.840395e-17
675.8         	2.840395e-17
675.85        	2.840395e-17
675.9         	2.840395e-17
675.95        	2.840395e-17
676           	2.840395e-17
676.05        	2.840395e-17
676.1         	2.840395e-17
676.15        	2.840395e-17
676.2         	2.840395e-17
676.25        	2.840395e-17
676.3         	2.840395e-17
676.35        	2.840395e-17
676.4         	2.840395e-17
676.45        	2.840395e-17
676.5         	2.840395e-17
676.55        	2.840395e-17
676.6         	2.840395e-17
676.65        	2.840395e-17
676.7         	2.840395e-17
676.75        	2.840395e-17
676.8         	2.840395e-17
676.85        	2.840395e-17
676.9         	2.840395e-17
676.95        	2.840395e-17
677           	2.840395e-17
677.05        	2.840395e-17
677.1         	2.840395e-17
677.15        	2.840395e-17
677.2         	2.840395e-17
677.25        	2.840395e-17
677.3         	2.840395e-17
677.35        	2.840395e-17
677.4         	2.840395e-17
677.45        	2.840395e-17
677.5         	2.840395e-17
677.55        	2.840395e-17
677.6         	2.840395e-17
677.65        	2.840395e-17
677.7         	2.840395e-17
677.75        	2.840395e-17
677.8         	2.840395e-17
677.85        	2.840395e-17
677.9         	2.840395e-17
677.95        	2.840395e-17
678           	2.840395e-17
678.05        	2.840395e-17
678.1         	2.840395e-17
678.15        	2.840395e-17
678.2         	2.840395e-17
678.25        	2.840395e-17
678.3         	2.840395e-17
678.35        	2.840395e-17
678.4         	2.840395e-17
678.45        	2.840395e-17
678.5         	2.840395e-17
678.55        	2.840395e-17
678.6         	2.840395e-17
678.65        	2.840395e-17
678.7         	2.840395e-17
678.75        	2.840395e-17
678.8         	2.840395e-17
678.85        	2.840395e-17
678.9         	2.840395e-17
678.95        	2.840395e-17
679           	2.840395e-17
679.05        	2.840395e-17
679.1         	2.840395e-17
679.15        	2.840395e-17
679.2         	2.840395e-17
679.25        	2.840395e-17
679.3         	2.840395e-17
679.35        	2.840395e-17
679.4         	2.840395e-17
679.45        	2.840395e-17
679.5         	2.840395e-17
679.55        	2.840395e-17
679.6         	2.840395e-17
679.65        	2.840395e-17
679.7         	2.840395e-17
679.75        	2.840395e-17
679.8         	2.840395e-17
679.85        	2.840395e-17
679.9         	2.840395e-17
679.95        	2.840395e-17
680           	2.840395e-17
680.05        	2.840395e-17
680.1         	2.840395e-17
680.15        	2.840395e-17
680.2         	2.840395e-17
680.25        	2.840395e-17
680.3         	2.840395e-17
680.35        	2.840395e-17
680.4         	2.840395e-17
680.45        	2.840395e-17
680.5         	2.840395e-17
680.55        	2.840395e-17
680.6         	2.840395e-17
680.65        	2.840395e-17
680.7         	2.840395e-17
680.75        	2.840395e-17
680.8         	2.840395e-17
680.85        	2.840395e-17
680.9         	2.840395e-17
680.95        	2.840395e-17
681           	2.840395e-17
681.05        	2.840395e-17
681.1         	2.840395e-17
681.15        	2.840395e-17
681.2         	2.840395e-17
681.25        	2.840395e-17
681.3         	2.840395e-17
681.35        	2.840395e-17
681.4         	2.840395e-17
681.45        	2.840395e-17
681.5         	2.840395e-17
681.55        	2.840395e-17
681.6         	2.840395e-17
681.65        	2.840395e-17
681.7         	2.840395e-17
681.75        	2.840395e-17
681.8         	2.840395e-17
681.85        	2.840395e-17
681.9         	2.840395e-17
681.95        	2.840395e-17
682           	2.840395e-17
682.05        	2.840395e-17
682.1         	2.840395e-17
682.15        	2.840395e-17
682.2         	2.840395e-17
682.25        	2.840395e-17
682.3         	2.840395e-17
682.35        	2.840395e-17
682.4         	2.840395e-17
682.45        	2.840395e-17
682.5         	2.840395e-17
682.55        	2.840395e-17
682.6         	2.840395e-17
682.65        	2.840395e-17
682.7         	2.840395e-17
682.75        	2.840395e-17
682.8         	2.840395e-17
682.85        	2.840395e-17
682.9         	2.840395e-17
682.95        	2.840395e-17
683           	2.840395e-17
683.05        	2.840395e-17
683.1         	2.840395e-17
683.15        	2.840395e-17
683.2         	2.840395e-17
683.25        	2.840395e-17
683.3         	2.840395e-17
683.35        	2.840395e-17
683.4         	2.840395e-17
683.45        	2.840395e-17
683.5         	2.840395e-17
683.55        	2.840395e-17
683.6         	2.840395e-17
683.65        	2.840395e-17
683.7         	2.840395e-17
683.75        	2.840395e-17
683.8         	2.840395e-17
683.85        	2.840395e-17
683.9         	2.840395e-17
683.95        	2.840395e-17
684           	2.840395e-17
684.05        	2.840395e-17
684.1         	2.840395e-17
684.15        	2.840395e-17
684.2         	2.840395e-17
684.25        	2.840395e-17
684.3         	2.840395e-17
684.35        	2.840395e-17
684.4         	2.840395e-17
684.45        	2.840395e-17
684.5         	2.840395e-17
684.55        	2.840395e-17
684.6         	2.840395e-17
684.65        	2.840395e-17
684.7         	2.840395e-17
684.75        	2.840395e-17
684.8         	2.840395e-17
684.85        	2.840395e-17
684.9         	2.840395e-17
684.95        	2.840395e-17
685           	2.840395e-17
685.05        	2.840395e-17
685.1         	2.840395e-17
685.15        	2.840395e-17
685.2         	2.840395e-17
685.25        	2.840395e-17
685.3         	2.840395e-17
685.35        	2.840395e-17
685.4         	2.840395e-17
685.45        	2.840395e-17
685.5         	2.840395e-17
685.55        	2.840395e-17
685.6         	2.840395e-17
685.65        	2.840395e-17
685.7         	2.840395e-17
685.75        	2.840395e-17
685.8         	2.840395e-17
685.85        	2.840395e-17
685.9         	2.840395e-17
685.95        	2.840395e-17
686           	2.840395e-17
686.05        	2.840395e-17
686.1         	2.840395e-17
686.15        	2.840395e-17
686.2         	2.840395e-17
686.25        	2.840395e-17
686.3         	2.840395e-17
686.35        	2.840395e-17
686.4         	2.840395e-17
686.45        	2.840395e-17
686.5         	2.840395e-17
686.55        	2.840395e-17
686.6         	2.840395e-17
686.65        	2.840395e-17
686.7         	2.840395e-17
686.75        	2.840395e-17
686.8         	2.840395e-17
686.85        	2.840395e-17
686.9         	2.840395e-17
686.95        	2.840395e-17
687           	2.840395e-17
687.05        	2.840395e-17
687.1         	2.840395e-17
687.15        	2.840395e-17
687.2         	2.840395e-17
687.25        	2.840395e-17
687.3         	2.840395e-17
687.35        	2.840395e-17
687.4         	2.840395e-17
687.45        	2.840395e-17
687.5         	2.840395e-17
687.55        	2.840395e-17
687.6         	2.840395e-17
687.65        	2.840395e-17
687.7         	2.840395e-17
687.75        	2.840395e-17
687.8         	2.840395e-17
687.85        	2.840395e-17
687.9         	2.840395e-17
687.95        	2.840395e-17
688           	2.840395e-17
688.05        	2.840395e-17
688.1         	2.840395e-17
688.15        	2.840395e-17
688.2         	2.840395e-17
688.25        	2.840395e-17
688.3         	2.840395e-17
688.35        	2.840395e-17
688.4         	2.840395e-17
688.45        	2.840395e-17
688.5         	2.840395e-17
688.55        	2.840395e-17
688.6         	2.840395e-17
688.65        	2.840395e-17
688.7         	2.840395e-17
688.75        	2.840395e-17
688.8         	2.840395e-17
688.85        	2.840395e-17
688.9         	2.840395e-17
688.95        	2.840395e-17
689           	2.840395e-17
689.05        	2.840395e-17
689.1         	2.840395e-17
689.15        	2.840395e-17
689.2         	2.840395e-17
689.25        	2.840395e-17
689.3         	2.840395e-17
689.35        	2.840395e-17
689.4         	2.840395e-17
689.45        	2.840395e-17
689.5         	2.840395e-17
689.55        	2.840395e-17
689.6         	2.840395e-17
689.65        	2.840395e-17
689.7         	2.840395e-17
689.75        	2.840395e-17
689.8         	2.840395e-17
689.85        	2.840395e-17
689.9         	2.840395e-17
689.95        	2.840395e-17
690           	2.840395e-17
690.05        	2.840395e-17
690.1         	2.840395e-17
690.15        	2.840395e-17
690.2         	2.840395e-17
690.25        	2.840395e-17
690.3         	2.840395e-17
690.35        	2.840395e-17
690.4         	2.840395e-17
690.45        	2.840395e-17
690.5         	2.840395e-17
690.55        	2.840395e-17
690.6         	2.840395e-17
690.65        	2.840395e-17
690.7         	2.840395e-17
690.75        	2.840395e-17
690.8         	2.840395e-17
690.85        	2.840395e-17
690.9         	2.840395e-17
690.95        	2.840395e-17
691           	2.840395e-17
691.05        	2.840395e-17
691.1         	2.840395e-17
691.15        	2.840395e-17
691.2         	2.840395e-17
691.25        	2.840395e-17
691.3         	2.840395e-17
691.35        	2.840395e-17
691.4         	2.840395e-17
691.45        	2.840395e-17
691.5         	2.840395e-17
691.55        	2.840395e-17
691.6         	2.840395e-17
691.65        	2.840395e-17
691.7         	2.840395e-17
691.75        	2.840395e-17
691.8         	2.840395e-17
691.85        	2.840395e-17
691.9         	2.840395e-17
691.95        	2.840395e-17
692           	2.840395e-17
692.05        	2.840395e-17
692.1         	2.840395e-17
692.15        	2.840395e-17
692.2         	2.840395e-17
692.25        	2.840395e-17
692.3         	2.840395e-17
692.35        	2.840395e-17
692.4         	2.840395e-17
692.45        	2.840395e-17
692.5         	2.840395e-17
692.55        	2.840395e-17
692.6         	2.840395e-17
692.65        	2.840395e-17
692.7         	2.840395e-17
692.75        	2.840395e-17
692.8         	2.840395e-17
692.85        	2.840395e-17
692.9         	2.840395e-17
692.95        	2.840395e-17
693           	2.840395e-17
693.05        	2.840395e-17
693.1         	2.840395e-17
693.15        	2.840395e-17
693.2         	2.840395e-17
693.25        	2.840395e-17
693.3         	2.840395e-17
693.35        	2.840395e-17
693.4         	2.840395e-17
693.45        	2.840395e-17
693.5         	2.840395e-17
693.55        	2.840395e-17
693.6         	2.840395e-17
693.65        	2.840395e-17
693.7         	2.840395e-17
693.75        	2.840395e-17
693.8         	2.840395e-17
693.85        	2.840395e-17
693.9         	2.840395e-17
693.95        	2.840395e-17
694           	2.840395e-17
694.05        	2.840395e-17
694.1         	2.840395e-17
694.15        	2.840395e-17
694.2         	2.840395e-17
694.25        	2.840395e-17
694.3         	2.840395e-17
694.35        	2.840395e-17
694.4         	2.840395e-17
694.45        	2.840395e-17
694.5         	2.840395e-17
694.55        	2.840395e-17
694.6         	2.840395e-17
694.65        	2.840395e-17
694.7         	2.840395e-17
694.75        	2.840395e-17
694.8         	2.840395e-17
694.85        	2.840395e-17
694.9         	2.840395e-17
694.95        	2.840395e-17
695           	2.840395e-17
695.05        	2.840395e-17
695.1         	2.840395e-17
695.15        	2.840395e-17
695.2         	2.840395e-17
695.25        	2.840395e-17
695.3         	2.840395e-17
695.35        	2.840395e-17
695.4         	2.840395e-17
695.45        	2.840395e-17
695.5         	2.840395e-17
695.55        	2.840395e-17
695.6         	2.840395e-17
695.65        	2.840395e-17
695.7         	2.840395e-17
695.75        	2.840395e-17
695.8         	2.840395e-17
695.85        	2.840395e-17
695.9         	2.840395e-17
695.95        	2.840395e-17
696           	2.840395e-17
696.05        	2.840395e-17
696.1         	2.840395e-17
696.15        	2.840395e-17
696.2         	2.840395e-17
696.25        	2.840395e-17
696.3         	2.840395e-17
696.35        	2.840395e-17
696.4         	2.840395e-17
696.45        	2.840395e-17
696.5         	2.840395e-17
696.55        	2.840395e-17
696.6         	2.840395e-17
696.65        	2.840395e-17
696.7         	2.840395e-17
696.75        	2.840395e-17
696.8         	2.840395e-17
696.85        	2.840395e-17
696.9         	2.840395e-17
696.95        	2.840395e-17
697           	2.840395e-17
697.05        	2.840395e-17
697.1         	2.840395e-17
697.15        	2.840395e-17
697.2         	2.840395e-17
697.25        	2.840395e-17
697.3         	2.840395e-17
697.35        	2.840395e-17
697.4         	2.840395e-17
697.45        	2.840395e-17
697.5         	2.840395e-17
697.55        	2.840395e-17
697.6         	2.840395e-17
697.65        	2.840395e-17
697.7         	2.840395e-17
697.75        	2.840395e-17
697.8         	2.840395e-17
697.85        	2.840395e-17
697.9         	2.840395e-17
697.95        	2.840395e-17
698           	2.840395e-17
698.05        	2.840395e-17
698.1         	2.840395e-17
698.15        	2.840395e-17
698.2         	2.840395e-17
698.25        	2.840395e-17
698.3         	2.840395e-17
698.35        	2.840395e-17
698.4         	2.840395e-17
698.45        	2.840395e-17
698.5         	2.840395e-17
698.55        	2.840395e-17
698.6         	2.840395e-17
698.65        	2.840395e-17
698.7         	2.840395e-17
698.75        	2.840395e-17
698.8         	2.840395e-17
698.85        	2.840395e-17
698.9         	2.840395e-17
698.95        	2.840395e-17
699           	2.840395e-17
699.05        	2.840395e-17
699.1         	2.840395e-17
699.15        	2.840395e-17
699.2         	2.840395e-17
699.25        	2.840395e-17
699.3         	2.840395e-17
699.35        	2.840395e-17
699.4         	2.840395e-17
699.45        	2.840395e-17
699.5         	2.840395e-17
699.55        	2.840395e-17
699.6         	2.840395e-17
699.65        	2.840395e-17
699.7         	2.840395e-17
699.75        	2.840395e-17
699.8         	2.840395e-17
699.85        	2.840395e-17
699.9         	2.840395e-17
699.95        	2.840395e-17
700           	2.840395e-17
700.05        	2.840395e-17
700.1         	2.840395e-17
700.15        	2.840395e-17
700.2         	2.840395e-17
700.25        	2.840395e-17
700.3         	2.840395e-17
700.35        	2.840395e-17
700.4         	2.840395e-17
700.45        	2.840395e-17
700.5         	2.840395e-17
700.55        	2.840395e-17
700.6         	2.840395e-17
700.65        	2.840395e-17
700.7         	2.840395e-17
700.75        	2.840395e-17
700.8         	2.840395e-17
700.85        	2.840395e-17
700.9         	2.840395e-17
700.95        	2.840395e-17
701           	2.840395e-17
701.05        	2.840395e-17
701.1         	2.840395e-17
701.15        	2.840395e-17
701.2         	2.840395e-17
701.25        	2.840395e-17
701.3         	2.840395e-17
701.35        	2.840395e-17
701.4         	2.840395e-17
701.45        	2.840395e-17
701.5         	2.840395e-17
701.55        	2.840395e-17
701.6         	2.840395e-17
701.65        	2.840395e-17
701.7         	2.840395e-17
701.75        	2.840395e-17
701.8         	2.840395e-17
701.85        	2.840395e-17
701.9         	2.840395e-17
701.95        	2.840395e-17
702           	2.840395e-17
702.05        	2.840395e-17
702.1         	2.840395e-17
702.15        	2.840395e-17
702.2         	2.840395e-17
702.25        	2.840395e-17
702.3         	2.840395e-17
702.35        	2.840395e-17
702.4         	2.840395e-17
702.45        	2.840395e-17
702.5         	2.840395e-17
702.55        	2.840395e-17
702.6         	2.840395e-17
702.65        	2.840395e-17
702.7         	2.840395e-17
702.75        	2.840395e-17
702.8         	2.840395e-17
702.85        	2.840395e-17
702.9         	2.840395e-17
702.95        	2.840395e-17
703           	2.840395e-17
703.05        	2.840395e-17
703.1         	2.840395e-17
703.15        	2.840395e-17
703.2         	2.840395e-17
703.25        	2.840395e-17
703.3         	2.840395e-17
703.35        	2.840395e-17
703.4         	2.840395e-17
703.45        	2.840395e-17
703.5         	2.840395e-17
703.55        	2.840395e-17
703.6         	2.840395e-17
703.65        	2.840395e-17
703.7         	2.840395e-17
703.75        	2.840395e-17
703.8         	2.840395e-17
703.85        	2.840395e-17
703.9         	2.840395e-17
703.95        	2.840395e-17
704           	2.840395e-17
704.05        	2.840395e-17
704.1         	2.840395e-17
704.15        	2.840395e-17
704.2         	2.840395e-17
704.25        	2.840395e-17
704.3         	2.840395e-17
704.35        	2.840395e-17
704.4         	2.840395e-17
704.45        	2.840395e-17
704.5         	2.840395e-17
704.55        	2.840395e-17
704.6         	2.840395e-17
704.65        	2.840395e-17
704.7         	2.840395e-17
704.75        	2.840395e-17
704.8         	2.840395e-17
704.85        	2.840395e-17
704.9         	2.840395e-17
704.95        	2.840395e-17
705           	2.840395e-17
705.05        	2.840395e-17
705.1         	2.840395e-17
705.15        	2.840395e-17
705.2         	2.840395e-17
705.25        	2.840395e-17
705.3         	2.840395e-17
705.35        	2.840395e-17
705.4         	2.840395e-17
705.45        	2.840395e-17
705.5         	2.840395e-17
705.55        	2.840395e-17
705.6         	2.840395e-17
705.65        	2.840395e-17
705.7         	2.840395e-17
705.75        	2.840395e-17
705.8         	2.840395e-17
705.85        	2.840395e-17
705.9         	2.840395e-17
705.95        	2.840395e-17
706           	2.840395e-17
706.05        	2.840395e-17
706.1         	2.840395e-17
706.15        	2.840395e-17
706.2         	2.840395e-17
706.25        	2.840395e-17
706.3         	2.840395e-17
706.35        	2.840395e-17
706.4         	2.840395e-17
706.45        	2.840395e-17
706.5         	2.840395e-17
706.55        	2.840395e-17
706.6         	2.840395e-17
706.65        	2.840395e-17
706.7         	2.840395e-17
706.75        	2.840395e-17
706.8         	2.840395e-17
706.85        	2.840395e-17
706.9         	2.840395e-17
706.95        	2.840395e-17
707           	2.840395e-17
707.05        	2.840395e-17
707.1         	2.840395e-17
707.15        	2.840395e-17
707.2         	2.840395e-17
707.25        	2.840395e-17
707.3         	2.840395e-17
707.35        	2.840395e-17
707.4         	2.840395e-17
707.45        	2.840395e-17
707.5         	2.840395e-17
707.55        	2.840395e-17
707.6         	2.840395e-17
707.65        	2.840395e-17
707.7         	2.840395e-17
707.75        	2.840395e-17
707.8         	2.840395e-17
707.85        	2.840395e-17
707.9         	2.840395e-17
707.95        	2.840395e-17
708           	2.840395e-17
708.05        	2.840395e-17
708.1         	2.840395e-17
708.15        	2.840395e-17
708.2         	2.840395e-17
708.25        	2.840395e-17
708.3         	2.840395e-17
708.35        	2.840395e-17
708.4         	2.840395e-17
708.45        	2.840395e-17
708.5         	2.840395e-17
708.55        	2.840395e-17
708.6         	2.840395e-17
708.65        	2.840395e-17
708.7         	2.840395e-17
708.75        	2.840395e-17
708.8         	2.840395e-17
708.85        	2.840395e-17
708.9         	2.840395e-17
708.95        	2.840395e-17
709           	2.840395e-17
709.05        	2.840395e-17
709.1         	2.840395e-17
709.15        	2.840395e-17
709.2         	2.840395e-17
709.25        	2.840395e-17
709.3         	2.840395e-17
709.35        	2.840395e-17
709.4         	2.840395e-17
709.45        	2.840395e-17
709.5         	2.840395e-17
709.55        	2.840395e-17
709.6         	2.840395e-17
709.65        	2.840395e-17
709.7         	2.840395e-17
709.75        	2.840395e-17
709.8         	2.840395e-17
709.85        	2.840395e-17
709.9         	2.840395e-17
709.95        	2.840395e-17
710           	2.840395e-17
710.05        	2.840395e-17
710.1         	2.840395e-17
710.15        	2.840395e-17
710.2         	2.840395e-17
710.25        	2.840395e-17
710.3         	2.840395e-17
710.35        	2.840395e-17
710.4         	2.840395e-17
710.45        	2.840395e-17
710.5         	2.840395e-17
710.55        	2.840395e-17
710.6         	2.840395e-17
710.65        	2.840395e-17
710.7         	2.840395e-17
710.75        	2.840395e-17
710.8         	2.840395e-17
710.85        	2.840395e-17
710.9         	2.840395e-17
710.95        	2.840395e-17
711           	2.840395e-17
711.05        	2.840395e-17
711.1         	2.840395e-17
711.15        	2.840395e-17
711.2         	2.840395e-17
711.25        	2.840395e-17
711.3         	2.840395e-17
711.35        	2.840395e-17
711.4         	2.840395e-17
711.45        	2.840395e-17
711.5         	2.840395e-17
711.55        	2.840395e-17
711.6         	2.840395e-17
711.65        	2.840395e-17
711.7         	2.840395e-17
711.75        	2.840395e-17
711.8         	2.840395e-17
711.85        	2.840395e-17
711.9         	2.840395e-17
711.95        	2.840395e-17
712           	2.840395e-17
712.05        	2.840395e-17
712.1         	2.840395e-17
712.15        	2.840395e-17
712.2         	2.840395e-17
712.25        	2.840395e-17
712.3         	2.840395e-17
712.35        	2.840395e-17
712.4         	2.840395e-17
712.45        	2.840395e-17
712.5         	2.840395e-17
712.55        	2.840395e-17
712.6         	2.840395e-17
712.65        	2.840395e-17
712.7         	2.840395e-17
712.75        	2.840395e-17
712.8         	2.840395e-17
712.85        	2.840395e-17
712.9         	2.840395e-17
712.95        	2.840395e-17
713           	2.840395e-17
713.05        	2.840395e-17
713.1         	2.840395e-17
713.15        	2.840395e-17
713.2         	2.840395e-17
713.25        	2.840395e-17
713.3         	2.840395e-17
713.35        	2.840395e-17
713.4         	2.840395e-17
713.45        	2.840395e-17
713.5         	2.840395e-17
713.55        	2.840395e-17
713.6         	2.840395e-17
713.65        	2.840395e-17
713.7         	2.840395e-17
713.75        	2.840395e-17
713.8         	2.840395e-17
713.85        	2.840395e-17
713.9         	2.840395e-17
713.95        	2.840395e-17
714           	2.840395e-17
714.05        	2.840395e-17
714.1         	2.840395e-17
714.15        	2.840395e-17
714.2         	2.840395e-17
714.25        	2.840395e-17
714.3         	2.840395e-17
714.35        	2.840395e-17
714.4         	2.840395e-17
714.45        	2.840395e-17
714.5         	2.840395e-17
714.55        	2.840395e-17
714.6         	2.840395e-17
714.65        	2.840395e-17
714.7         	2.840395e-17
714.75        	2.840395e-17
714.8         	2.840395e-17
714.85        	2.840395e-17
714.9         	2.840395e-17
714.95        	2.840395e-17
715           	2.840395e-17
715.05        	2.840395e-17
715.1         	2.840395e-17
715.15        	2.840395e-17
715.2         	2.840395e-17
715.25        	2.840395e-17
715.3         	2.840395e-17
715.35        	2.840395e-17
715.4         	2.840395e-17
715.45        	2.840395e-17
715.5         	2.840395e-17
715.55        	2.840395e-17
715.6         	2.840395e-17
715.65        	2.840395e-17
715.7         	2.840395e-17
715.75        	2.840395e-17
715.8         	2.840395e-17
715.85        	2.840395e-17
715.9         	2.840395e-17
715.95        	2.840395e-17
716           	2.840395e-17
716.05        	2.840395e-17
716.1         	2.840395e-17
716.15        	2.840395e-17
716.2         	2.840395e-17
716.25        	2.840395e-17
716.3         	2.840395e-17
716.35        	2.840395e-17
716.4         	2.840395e-17
716.45        	2.840395e-17
716.5         	2.840395e-17
716.55        	2.840395e-17
716.6         	2.840395e-17
716.65        	2.840395e-17
716.7         	2.840395e-17
716.75        	2.840395e-17
716.8         	2.840395e-17
716.85        	2.840395e-17
716.9         	2.840395e-17
716.95        	2.840395e-17
717           	2.840395e-17
717.05        	2.840395e-17
717.1         	2.840395e-17
717.15        	2.840395e-17
717.2         	2.840395e-17
717.25        	2.840395e-17
717.3         	2.840395e-17
717.35        	2.840395e-17
717.4         	2.840395e-17
717.45        	2.840395e-17
717.5         	2.840395e-17
717.55        	2.840395e-17
717.6         	2.840395e-17
717.65        	2.840395e-17
717.7         	2.840395e-17
717.75        	2.840395e-17
717.8         	2.840395e-17
717.85        	2.840395e-17
717.9         	2.840395e-17
717.95        	2.840395e-17
718           	2.840395e-17
718.05        	2.840395e-17
718.1         	2.840395e-17
718.15        	2.840395e-17
718.2         	2.840395e-17
718.25        	2.840395e-17
718.3         	2.840395e-17
718.35        	2.840395e-17
718.4         	2.840395e-17
718.45        	2.840395e-17
718.5         	2.840395e-17
718.55        	2.840395e-17
718.6         	2.840395e-17
718.65        	2.840395e-17
718.7         	2.840395e-17
718.75        	2.840395e-17
718.8         	2.840395e-17
718.85        	2.840395e-17
718.9         	2.840395e-17
718.95        	2.840395e-17
719           	2.840395e-17
719.05        	2.840395e-17
719.1         	2.840395e-17
719.15        	2.840395e-17
719.2         	2.840395e-17
719.25        	2.840395e-17
719.3         	2.840395e-17
719.35        	2.840395e-17
719.4         	2.840395e-17
719.45        	2.840395e-17
719.5         	2.840395e-17
719.55        	2.840395e-17
719.6         	2.840395e-17
719.65        	2.840395e-17
719.7         	2.840395e-17
719.75        	2.840395e-17
719.8         	2.840395e-17
719.85        	2.840395e-17
719.9         	2.840395e-17
719.95        	2.840395e-17
720           	2.840395e-17
720.05        	2.840395e-17
720.1         	2.840395e-17
720.15        	2.840395e-17
720.2         	2.840395e-17
720.25        	2.840395e-17
720.3         	2.840395e-17
720.35        	2.840395e-17
720.4         	2.840395e-17
720.45        	2.840395e-17
720.5         	2.840395e-17
720.55        	2.840395e-17
720.6         	2.840395e-17
720.65        	2.840395e-17
720.7         	2.840395e-17
720.75        	2.840395e-17
720.8         	2.840395e-17
720.85        	2.840395e-17
720.9         	2.840395e-17
720.95        	2.840395e-17
721           	2.840395e-17
721.05        	2.840395e-17
721.1         	2.840395e-17
721.15        	2.840395e-17
721.2         	2.840395e-17
721.25        	2.840395e-17
721.3         	2.840395e-17
721.35        	2.840395e-17
721.4         	2.840395e-17
721.45        	2.840395e-17
721.5         	2.840395e-17
721.55        	2.840395e-17
721.6         	2.840395e-17
721.65        	2.840395e-17
721.7         	2.840395e-17
721.75        	2.840395e-17
721.8         	2.840395e-17
721.85        	2.840395e-17
721.9         	2.840395e-17
721.95        	2.840395e-17
722           	2.840395e-17
722.05        	2.840395e-17
722.1         	2.840395e-17
722.15        	2.840395e-17
722.2         	2.840395e-17
722.25        	2.840395e-17
722.3         	2.840395e-17
722.35        	2.840395e-17
722.4         	2.840395e-17
722.45        	2.840395e-17
722.5         	2.840395e-17
722.55        	2.840395e-17
722.6         	2.840395e-17
722.65        	2.840395e-17
722.7         	2.840395e-17
722.75        	2.840395e-17
722.8         	2.840395e-17
722.85        	2.840395e-17
722.9         	2.840395e-17
722.95        	2.840395e-17
723           	2.840395e-17
723.05        	2.840395e-17
723.1         	2.840395e-17
723.15        	2.840395e-17
723.2         	2.840395e-17
723.25        	2.840395e-17
723.3         	2.840395e-17
723.35        	2.840395e-17
723.4         	2.840395e-17
723.45        	2.840395e-17
723.5         	2.840395e-17
723.55        	2.840395e-17
723.6         	2.840395e-17
723.65        	2.840395e-17
723.7         	2.840395e-17
723.75        	2.840395e-17
723.8         	2.840395e-17
723.85        	2.840395e-17
723.9         	2.840395e-17
723.95        	2.840395e-17
724           	2.840395e-17
724.05        	2.840395e-17
724.1         	2.840395e-17
724.15        	2.840395e-17
724.2         	2.840395e-17
724.25        	2.840395e-17
724.3         	2.840395e-17
724.35        	2.840395e-17
724.4         	2.840395e-17
724.45        	2.840395e-17
724.5         	2.840395e-17
724.55        	2.840395e-17
724.6         	2.840395e-17
724.65        	2.840395e-17
724.7         	2.840395e-17
724.75        	2.840395e-17
724.8         	2.840395e-17
724.85        	2.840395e-17
724.9         	2.840395e-17
724.95        	2.840395e-17
725           	2.840395e-17
725.05        	2.840395e-17
725.1         	2.840395e-17
725.15        	2.840395e-17
725.2         	2.840395e-17
725.25        	2.840395e-17
725.3         	2.840395e-17
725.35        	2.840395e-17
725.4         	2.840395e-17
725.45        	2.840395e-17
725.5         	2.840395e-17
725.55        	2.840395e-17
725.6         	2.840395e-17
725.65        	2.840395e-17
725.7         	2.840395e-17
725.75        	2.840395e-17
725.8         	2.840395e-17
725.85        	2.840395e-17
725.9         	2.840395e-17
725.95        	2.840395e-17
726           	2.840395e-17
726.05        	2.840395e-17
726.1         	2.840395e-17
726.15        	2.840395e-17
726.2         	2.840395e-17
726.25        	2.840395e-17
726.3         	2.840395e-17
726.35        	2.840395e-17
726.4         	2.840395e-17
726.45        	2.840395e-17
726.5         	2.840395e-17
726.55        	2.840395e-17
726.6         	2.840395e-17
726.65        	2.840395e-17
726.7         	2.840395e-17
726.75        	2.840395e-17
726.8         	2.840395e-17
726.85        	2.840395e-17
726.9         	2.840395e-17
726.95        	2.840395e-17
727           	2.840395e-17
727.05        	2.840395e-17
727.1         	2.840395e-17
727.15        	2.840395e-17
727.2         	2.840395e-17
727.25        	2.840395e-17
727.3         	2.840395e-17
727.35        	2.840395e-17
727.4         	2.840395e-17
727.45        	2.840395e-17
727.5         	2.840395e-17
727.55        	2.840395e-17
727.6         	2.840395e-17
727.65        	2.840395e-17
727.7         	2.840395e-17
727.75        	2.840395e-17
727.8         	2.840395e-17
727.85        	2.840395e-17
727.9         	2.840395e-17
727.95        	2.840395e-17
728           	2.840395e-17
728.05        	2.840395e-17
728.1         	2.840395e-17
728.15        	2.840395e-17
728.2         	2.840395e-17
728.25        	2.840395e-17
728.3         	2.840395e-17
728.35        	2.840395e-17
728.4         	2.840395e-17
728.45        	2.840395e-17
728.5         	2.840395e-17
728.55        	2.840395e-17
728.6         	2.840395e-17
728.65        	2.840395e-17
728.7         	2.840395e-17
728.75        	2.840395e-17
728.8         	2.840395e-17
728.85        	2.840395e-17
728.9         	2.840395e-17
728.95        	2.840395e-17
729           	2.840395e-17
729.05        	2.840395e-17
729.1         	2.840395e-17
729.15        	2.840395e-17
729.2         	2.840395e-17
729.25        	2.840395e-17
729.3         	2.840395e-17
729.35        	2.840395e-17
729.4         	2.840395e-17
729.45        	2.840395e-17
729.5         	2.840395e-17
729.55        	2.840395e-17
729.6         	2.840395e-17
729.65        	2.840395e-17
729.7         	2.840395e-17
729.75        	2.840395e-17
729.8         	2.840395e-17
729.85        	2.840395e-17
729.9         	2.840395e-17
729.95        	2.840395e-17
730           	2.840395e-17
730.05        	2.840395e-17
730.1         	2.840395e-17
730.15        	2.840395e-17
730.2         	2.840395e-17
730.25        	2.840395e-17
730.3         	2.840395e-17
730.35        	2.840395e-17
730.4         	2.840395e-17
730.45        	2.840395e-17
730.5         	2.840395e-17
730.55        	2.840395e-17
730.6         	2.840395e-17
730.65        	2.840395e-17
730.7         	2.840395e-17
730.75        	2.840395e-17
730.8         	2.840395e-17
730.85        	2.840395e-17
730.9         	2.840395e-17
730.95        	2.840395e-17
731           	2.840395e-17
731.05        	2.840395e-17
731.1         	2.840395e-17
731.15        	2.840395e-17
731.2         	2.840395e-17
731.25        	2.840395e-17
731.3         	2.840395e-17
731.35        	2.840395e-17
731.4         	2.840395e-17
731.45        	2.840395e-17
731.5         	2.840395e-17
731.55        	2.840395e-17
731.6         	2.840395e-17
731.65        	2.840395e-17
731.7         	2.840395e-17
731.75        	2.840395e-17
731.8         	2.840395e-17
731.85        	2.840395e-17
731.9         	2.840395e-17
731.95        	2.840395e-17
732           	2.840395e-17
732.05        	2.840395e-17
732.1         	2.840395e-17
732.15        	2.840395e-17
732.2         	2.840395e-17
732.25        	2.840395e-17
732.3         	2.840395e-17
732.35        	2.840395e-17
732.4         	2.840395e-17
732.45        	2.840395e-17
732.5         	2.840395e-17
732.55        	2.840395e-17
732.6         	2.840395e-17
732.65        	2.840395e-17
732.7         	2.840395e-17
732.75        	2.840395e-17
732.8         	2.840395e-17
732.85        	2.840395e-17
732.9         	2.840395e-17
732.95        	2.840395e-17
733           	2.840395e-17
733.05        	2.840395e-17
733.1         	2.840395e-17
733.15        	2.840395e-17
733.2         	2.840395e-17
733.25        	2.840395e-17
733.3         	2.840395e-17
733.35        	2.840395e-17
733.4         	2.840395e-17
733.45        	2.840395e-17
733.5         	2.840395e-17
733.55        	2.840395e-17
733.6         	2.840395e-17
733.65        	2.840395e-17
733.7         	2.840395e-17
733.75        	2.840395e-17
733.8         	2.840395e-17
733.85        	2.840395e-17
733.9         	2.840395e-17
733.95        	2.840395e-17
734           	2.840395e-17
734.05        	2.840395e-17
734.1         	2.840395e-17
734.15        	2.840395e-17
734.2         	2.840395e-17
734.25        	2.840395e-17
734.3         	2.840395e-17
734.35        	2.840395e-17
734.4         	2.840395e-17
734.45        	2.840395e-17
734.5         	2.840395e-17
734.55        	2.840395e-17
734.6         	2.840395e-17
734.65        	2.840395e-17
734.7         	2.840395e-17
734.75        	2.840395e-17
734.8         	2.840395e-17
734.85        	2.840395e-17
734.9         	2.840395e-17
734.95        	2.840395e-17
735           	2.840395e-17
735.05        	2.840395e-17
735.1         	2.840395e-17
735.15        	2.840395e-17
735.2         	2.840395e-17
735.25        	2.840395e-17
735.3         	2.840395e-17
735.35        	2.840395e-17
735.4         	2.840395e-17
735.45        	2.840395e-17
735.5         	2.840395e-17
735.55        	2.840395e-17
735.6         	2.840395e-17
735.65        	2.840395e-17
735.7         	2.840395e-17
735.75        	2.840395e-17
735.8         	2.840395e-17
735.85        	2.840395e-17
735.9         	2.840395e-17
735.95        	2.840395e-17
736           	2.840395e-17
736.05        	2.840395e-17
736.1         	2.840395e-17
736.15        	2.840395e-17
736.2         	2.840395e-17
736.25        	2.840395e-17
736.3         	2.840395e-17
736.35        	2.840395e-17
736.4         	2.840395e-17
736.45        	2.840395e-17
736.5         	2.840395e-17
736.55        	2.840395e-17
736.6         	2.840395e-17
736.65        	2.840395e-17
736.7         	2.840395e-17
736.75        	2.840395e-17
736.8         	2.840395e-17
736.85        	2.840395e-17
736.9         	2.840395e-17
736.95        	2.840395e-17
737           	2.840395e-17
737.05        	2.840395e-17
737.1         	2.840395e-17
737.15        	2.840395e-17
737.2         	2.840395e-17
737.25        	2.840395e-17
737.3         	2.840395e-17
737.35        	2.840395e-17
737.4         	2.840395e-17
737.45        	2.840395e-17
737.5         	2.840395e-17
737.55        	2.840395e-17
737.6         	2.840395e-17
737.65        	2.840395e-17
737.7         	2.840395e-17
737.75        	2.840395e-17
737.8         	2.840395e-17
737.85        	2.840395e-17
737.9         	2.840395e-17
737.95        	2.840395e-17
738           	2.840395e-17
738.05        	2.840395e-17
738.1         	2.840395e-17
738.15        	2.840395e-17
738.2         	2.840395e-17
738.25        	2.840395e-17
738.3         	2.840395e-17
738.35        	2.840395e-17
738.4         	2.840395e-17
738.45        	2.840395e-17
738.5         	2.840395e-17
738.55        	2.840395e-17
738.6         	2.840395e-17
738.65        	2.840395e-17
738.7         	2.840395e-17
738.75        	2.840395e-17
738.8         	2.840395e-17
738.85        	2.840395e-17
738.9         	2.840395e-17
738.95        	2.840395e-17
739           	2.840395e-17
739.05        	2.840395e-17
739.1         	2.840395e-17
739.15        	2.840395e-17
739.2         	2.840395e-17
739.25        	2.840395e-17
739.3         	2.840395e-17
739.35        	2.840395e-17
739.4         	2.840395e-17
739.45        	2.840395e-17
739.5         	2.840395e-17
739.55        	2.840395e-17
739.6         	2.840395e-17
739.65        	2.840395e-17
739.7         	2.840395e-17
739.75        	2.840395e-17
739.8         	2.840395e-17
739.85        	2.840395e-17
739.9         	2.840395e-17
739.95        	2.840395e-17
740           	2.840395e-17
740.05        	2.840395e-17
740.1         	2.840395e-17
740.15        	2.840395e-17
740.2         	2.840395e-17
740.25        	2.840395e-17
740.3         	2.840395e-17
740.35        	2.840395e-17
740.4         	2.840395e-17
740.45        	2.840395e-17
740.5         	2.840395e-17
740.55        	2.840395e-17
740.6         	2.840395e-17
740.65        	2.840395e-17
740.7         	2.840395e-17
740.75        	2.840395e-17
740.8         	2.840395e-17
740.85        	2.840395e-17
740.9         	2.840395e-17
740.95        	2.840395e-17
741           	2.840395e-17
741.05        	2.840395e-17
741.1         	2.840395e-17
741.15        	2.840395e-17
741.2         	2.840395e-17
741.25        	2.840395e-17
741.3         	2.840395e-17
741.35        	2.840395e-17
741.4         	2.840395e-17
741.45        	2.840395e-17
741.5         	2.840395e-17
741.55        	2.840395e-17
741.6         	2.840395e-17
741.65        	2.840395e-17
741.7         	2.840395e-17
741.75        	2.840395e-17
741.8         	2.840395e-17
741.85        	2.840395e-17
741.9         	2.840395e-17
741.95        	2.840395e-17
742           	2.840395e-17
742.05        	2.840395e-17
742.1         	2.840395e-17
742.15        	2.840395e-17
742.2         	2.840395e-17
742.25        	2.840395e-17
742.3         	2.840395e-17
742.35        	2.840395e-17
742.4         	2.840395e-17
742.45        	2.840395e-17
742.5         	2.840395e-17
742.55        	2.840395e-17
742.6         	2.840395e-17
742.65        	2.840395e-17
742.7         	2.840395e-17
742.75        	2.840395e-17
742.8         	2.840395e-17
742.85        	2.840395e-17
742.9         	2.840395e-17
742.95        	2.840395e-17
743           	2.840395e-17
743.05        	2.840395e-17
743.1         	2.840395e-17
743.15        	2.840395e-17
743.2         	2.840395e-17
743.25        	2.840395e-17
743.3         	2.840395e-17
743.35        	2.840395e-17
743.4         	2.840395e-17
743.45        	2.840395e-17
743.5         	2.840395e-17
743.55        	2.840395e-17
743.6         	2.840395e-17
743.65        	2.840395e-17
743.7         	2.840395e-17
743.75        	2.840395e-17
743.8         	2.840395e-17
743.85        	2.840395e-17
743.9         	2.840395e-17
743.95        	2.840395e-17
744           	2.840395e-17
744.05        	2.840395e-17
744.1         	2.840395e-17
744.15        	2.840395e-17
744.2         	2.840395e-17
744.25        	2.840395e-17
744.3         	2.840395e-17
744.35        	2.840395e-17
744.4         	2.840395e-17
744.45        	2.840395e-17
744.5         	2.840395e-17
744.55        	2.840395e-17
744.6         	2.840395e-17
744.65        	2.840395e-17
744.7         	2.840395e-17
744.75        	2.840395e-17
744.8         	2.840395e-17
744.85        	2.840395e-17
744.9         	2.840395e-17
744.95        	2.840395e-17
745           	2.840395e-17
745.05        	2.840395e-17
745.1         	2.840395e-17
745.15        	2.840395e-17
745.2         	2.840395e-17
745.25        	2.840395e-17
745.3         	2.840395e-17
745.35        	2.840395e-17
745.4         	2.840395e-17
745.45        	2.840395e-17
745.5         	2.840395e-17
745.55        	2.840395e-17
745.6         	2.840395e-17
745.65        	2.840395e-17
745.7         	2.840395e-17
745.75        	2.840395e-17
745.8         	2.840395e-17
745.85        	2.840395e-17
745.9         	2.840395e-17
745.95        	2.840395e-17
746           	2.840395e-17
746.05        	2.840395e-17
746.1         	2.840395e-17
746.15        	2.840395e-17
746.2         	2.840395e-17
746.25        	2.840395e-17
746.3         	2.840395e-17
746.35        	2.840395e-17
746.4         	2.840395e-17
746.45        	2.840395e-17
746.5         	2.840395e-17
746.55        	2.840395e-17
746.6         	2.840395e-17
746.65        	2.840395e-17
746.7         	2.840395e-17
746.75        	2.840395e-17
746.8         	2.840395e-17
746.85        	2.840395e-17
746.9         	2.840395e-17
746.95        	2.840395e-17
747           	2.840395e-17
747.05        	2.840395e-17
747.1         	2.840395e-17
747.15        	2.840395e-17
747.2         	2.840395e-17
747.25        	2.840395e-17
747.3         	2.840395e-17
747.35        	2.840395e-17
747.4         	2.840395e-17
747.45        	2.840395e-17
747.5         	2.840395e-17
747.55        	2.840395e-17
747.6         	2.840395e-17
747.65        	2.840395e-17
747.7         	2.840395e-17
747.75        	2.840395e-17
747.8         	2.840395e-17
747.85        	2.840395e-17
747.9         	2.840395e-17
747.95        	2.840395e-17
748           	2.840395e-17
748.05        	2.840395e-17
748.1         	2.840395e-17
748.15        	2.840395e-17
748.2         	2.840395e-17
748.25        	2.840395e-17
748.3         	2.840395e-17
748.35        	2.840395e-17
748.4         	2.840395e-17
748.45        	2.840395e-17
748.5         	2.840395e-17
748.55        	2.840395e-17
748.6         	2.840395e-17
748.65        	2.840395e-17
748.7         	2.840395e-17
748.75        	2.840395e-17
748.8         	2.840395e-17
748.85        	2.840395e-17
748.9         	2.840395e-17
748.95        	2.840395e-17
749           	2.840395e-17
749.05        	2.840395e-17
749.1         	2.840395e-17
749.15        	2.840395e-17
749.2         	2.840395e-17
749.25        	2.840395e-17
749.3         	2.840395e-17
749.35        	2.840395e-17
749.4         	2.840395e-17
749.45        	2.840395e-17
749.5         	2.840395e-17
749.55        	2.840395e-17
749.6         	2.840395e-17
749.65        	2.840395e-17
749.7         	2.840395e-17
749.75        	2.840395e-17
749.8         	2.840395e-17
749.85        	2.840395e-17
749.9         	2.840395e-17
749.95        	2.840395e-17
750           	2.840395e-17
750.05        	2.840395e-17
750.1         	2.840395e-17
750.15        	2.840395e-17
750.2         	2.840395e-17
750.25        	2.840395e-17
750.3         	2.840395e-17
750.35        	2.840395e-17
750.4         	2.840395e-17
750.45        	2.840395e-17
750.5         	2.840395e-17
750.55        	2.840395e-17
750.6         	2.840395e-17
750.65        	2.840395e-17
750.7         	2.840395e-17
750.75        	2.840395e-17
750.8         	2.840395e-17
750.85        	2.840395e-17
750.9         	2.840395e-17
750.95        	2.840395e-17
751           	2.840395e-17
751.05        	2.840395e-17
751.1         	2.840395e-17
751.15        	2.840395e-17
751.2         	2.840395e-17
751.25        	2.840395e-17
751.3         	2.840395e-17
751.35        	2.840395e-17
751.4         	2.840395e-17
751.45        	2.840395e-17
751.5         	2.840395e-17
751.55        	2.840395e-17
751.6         	2.840395e-17
751.65        	2.840395e-17
751.7         	2.840395e-17
751.75        	2.840395e-17
751.8         	2.840395e-17
751.85        	2.840395e-17
751.9         	2.840395e-17
751.95        	2.840395e-17
752           	2.840395e-17
752.05        	2.840395e-17
752.1         	2.840395e-17
752.15        	2.840395e-17
752.2         	2.840395e-17
752.25        	2.840395e-17
752.3         	2.840395e-17
752.35        	2.840395e-17
752.4         	2.840395e-17
752.45        	2.840395e-17
752.5         	2.840395e-17
752.55        	2.840395e-17
752.6         	2.840395e-17
752.65        	2.840395e-17
752.7         	2.840395e-17
752.75        	2.840395e-17
752.8         	2.840395e-17
752.85        	2.840395e-17
752.9         	2.840395e-17
752.95        	2.840395e-17
753           	2.840395e-17
753.05        	2.840395e-17
753.1         	2.840395e-17
753.15        	2.840395e-17
753.2         	2.840395e-17
753.25        	2.840395e-17
753.3         	2.840395e-17
753.35        	2.840395e-17
753.4         	2.840395e-17
753.45        	2.840395e-17
753.5         	2.840395e-17
753.55        	2.840395e-17
753.6         	2.840395e-17
753.65        	2.840395e-17
753.7         	2.840395e-17
753.75        	2.840395e-17
753.8         	2.840395e-17
753.85        	2.840395e-17
753.9         	2.840395e-17
753.95        	2.840395e-17
754           	2.840395e-17
754.05        	2.840395e-17
754.1         	2.840395e-17
754.15        	2.840395e-17
754.2         	2.840395e-17
754.25        	2.840395e-17
754.3         	2.840395e-17
754.35        	2.840395e-17
754.4         	2.840395e-17
754.45        	2.840395e-17
754.5         	2.840395e-17
754.55        	2.840395e-17
754.6         	2.840395e-17
754.65        	2.840395e-17
754.7         	2.840395e-17
754.75        	2.840395e-17
754.8         	2.840395e-17
754.85        	2.840395e-17
754.9         	2.840395e-17
754.95        	2.840395e-17
755           	2.840395e-17
755.05        	2.840395e-17
755.1         	2.840395e-17
755.15        	2.840395e-17
755.2         	2.840395e-17
755.25        	2.840395e-17
755.3         	2.840395e-17
755.35        	2.840395e-17
755.4         	2.840395e-17
755.45        	2.840395e-17
755.5         	2.840395e-17
755.55        	2.840395e-17
755.6         	2.840395e-17
755.65        	2.840395e-17
755.7         	2.840395e-17
755.75        	2.840395e-17
755.8         	2.840395e-17
755.85        	2.840395e-17
755.9         	2.840395e-17
755.95        	2.840395e-17
756           	2.840395e-17
756.05        	2.840395e-17
756.1         	2.840395e-17
756.15        	2.840395e-17
756.2         	2.840395e-17
756.25        	2.840395e-17
756.3         	2.840395e-17
756.35        	2.840395e-17
756.4         	2.840395e-17
756.45        	2.840395e-17
756.5         	2.840395e-17
756.55        	2.840395e-17
756.6         	2.840395e-17
756.65        	2.840395e-17
756.7         	2.840395e-17
756.75        	2.840395e-17
756.8         	2.840395e-17
756.85        	2.840395e-17
756.9         	2.840395e-17
756.95        	2.840395e-17
757           	2.840395e-17
757.05        	2.840395e-17
757.1         	2.840395e-17
757.15        	2.840395e-17
757.2         	2.840395e-17
757.25        	2.840395e-17
757.3         	2.840395e-17
757.35        	2.840395e-17
757.4         	2.840395e-17
757.45        	2.840395e-17
757.5         	2.840395e-17
757.55        	2.840395e-17
757.6         	2.840395e-17
757.65        	2.840395e-17
757.7         	2.840395e-17
757.75        	2.840395e-17
757.8         	2.840395e-17
757.85        	2.840395e-17
757.9         	2.840395e-17
757.95        	2.840395e-17
758           	2.840395e-17
758.05        	2.840395e-17
758.1         	2.840395e-17
758.15        	2.840395e-17
758.2         	2.840395e-17
758.25        	2.840395e-17
758.3         	2.840395e-17
758.35        	2.840395e-17
758.4         	2.840395e-17
758.45        	2.840395e-17
758.5         	2.840395e-17
758.55        	2.840395e-17
758.6         	2.840395e-17
758.65        	2.840395e-17
758.7         	2.840395e-17
758.75        	2.840395e-17
758.8         	2.840395e-17
758.85        	2.840395e-17
758.9         	2.840395e-17
758.95        	2.840395e-17
759           	2.840395e-17
759.05        	2.840395e-17
759.1         	2.840395e-17
759.15        	2.840395e-17
759.2         	2.840395e-17
759.25        	2.840395e-17
759.3         	2.840395e-17
759.35        	2.840395e-17
759.4         	2.840395e-17
759.45        	2.840395e-17
759.5         	2.840395e-17
759.55        	2.840395e-17
759.6         	2.840395e-17
759.65        	2.840395e-17
759.7         	2.840395e-17
759.75        	2.840395e-17
759.8         	2.840395e-17
759.85        	2.840395e-17
759.9         	2.840395e-17
759.95        	2.840395e-17
760           	2.840395e-17
760.05        	2.840395e-17
760.1         	2.840395e-17
760.15        	2.840395e-17
760.2         	2.840395e-17
760.25        	2.840395e-17
760.3         	2.840395e-17
760.35        	2.840395e-17
760.4         	2.840395e-17
760.45        	2.840395e-17
760.5         	2.840395e-17
760.55        	2.840395e-17
760.6         	2.840395e-17
760.65        	2.840395e-17
760.7         	2.840395e-17
760.75        	2.840395e-17
760.8         	2.840395e-17
760.85        	2.840395e-17
760.9         	2.840395e-17
760.95        	2.840395e-17
761           	2.840395e-17
761.05        	2.840395e-17
761.1         	2.840395e-17
761.15        	2.840395e-17
761.2         	2.840395e-17
761.25        	2.840395e-17
761.3         	2.840395e-17
761.35        	2.840395e-17
761.4         	2.840395e-17
761.45        	2.840395e-17
761.5         	2.840395e-17
761.55        	2.840395e-17
761.6         	2.840395e-17
761.65        	2.840395e-17
761.7         	2.840395e-17
761.75        	2.840395e-17
761.8         	2.840395e-17
761.85        	2.840395e-17
761.9         	2.840395e-17
761.95        	2.840395e-17
762           	2.840395e-17
762.05        	2.840395e-17
762.1         	2.840395e-17
762.15        	2.840395e-17
762.2         	2.840395e-17
762.25        	2.840395e-17
762.3         	2.840395e-17
762.35        	2.840395e-17
762.4         	2.840395e-17
762.45        	2.840395e-17
762.5         	2.840395e-17
762.55        	2.840395e-17
762.6         	2.840395e-17
762.65        	2.840395e-17
762.7         	2.840395e-17
762.75        	2.840395e-17
762.8         	2.840395e-17
762.85        	2.840395e-17
762.9         	2.840395e-17
762.95        	2.840395e-17
763           	2.840395e-17
763.05        	2.840395e-17
763.1         	2.840395e-17
763.15        	2.840395e-17
763.2         	2.840395e-17
763.25        	2.840395e-17
763.3         	2.840395e-17
763.35        	2.840395e-17
763.4         	2.840395e-17
763.45        	2.840395e-17
763.5         	2.840395e-17
763.55        	2.840395e-17
763.6         	2.840395e-17
763.65        	2.840395e-17
763.7         	2.840395e-17
763.75        	2.840395e-17
763.8         	2.840395e-17
763.85        	2.840395e-17
763.9         	2.840395e-17
763.95        	2.840395e-17
764           	2.840395e-17
764.05        	2.840395e-17
764.1         	2.840395e-17
764.15        	2.840395e-17
764.2         	2.840395e-17
764.25        	2.840395e-17
764.3         	2.840395e-17
764.35        	2.840395e-17
764.4         	2.840395e-17
764.45        	2.840395e-17
764.5         	2.840395e-17
764.55        	2.840395e-17
764.6         	2.840395e-17
764.65        	2.840395e-17
764.7         	2.840395e-17
764.75        	2.840395e-17
764.8         	2.840395e-17
764.85        	2.840395e-17
764.9         	2.840395e-17
764.95        	2.840395e-17
765           	2.840395e-17
765.05        	2.840395e-17
765.1         	2.840395e-17
765.15        	2.840395e-17
765.2         	2.840395e-17
765.25        	2.840395e-17
765.3         	2.840395e-17
765.35        	2.840395e-17
765.4         	2.840395e-17
765.45        	2.840395e-17
765.5         	2.840395e-17
765.55        	2.840395e-17
765.6         	2.840395e-17
765.65        	2.840395e-17
765.7         	2.840395e-17
765.75        	2.840395e-17
765.8         	2.840395e-17
765.85        	2.840395e-17
765.9         	2.840395e-17
765.95        	2.840395e-17
766           	2.840395e-17
766.05        	2.840395e-17
766.1         	2.840395e-17
766.15        	2.840395e-17
766.2         	2.840395e-17
766.25        	2.840395e-17
766.3         	2.840395e-17
766.35        	2.840395e-17
766.4         	2.840395e-17
766.45        	2.840395e-17
766.5         	2.840395e-17
766.55        	2.840395e-17
766.6         	2.840395e-17
766.65        	2.840395e-17
766.7         	2.840395e-17
766.75        	2.840395e-17
766.8         	2.840395e-17
766.85        	2.840395e-17
766.9         	2.840395e-17
766.95        	2.840395e-17
767           	2.840395e-17
767.05        	2.840395e-17
767.1         	2.840395e-17
767.15        	2.840395e-17
767.2         	2.840395e-17
767.25        	2.840395e-17
767.3         	2.840395e-17
767.35        	2.840395e-17
767.4         	2.840395e-17
767.45        	2.840395e-17
767.5         	2.840395e-17
767.55        	2.840395e-17
767.6         	2.840395e-17
767.65        	2.840395e-17
767.7         	2.840395e-17
767.75        	2.840395e-17
767.8         	2.840395e-17
767.85        	2.840395e-17
767.9         	2.840395e-17
767.95        	2.840395e-17
768           	2.840395e-17
768.05        	2.840395e-17
768.1         	2.840395e-17
768.15        	2.840395e-17
768.2         	2.840395e-17
768.25        	2.840395e-17
768.3         	2.840395e-17
768.35        	2.840395e-17
768.4         	2.840395e-17
768.45        	2.840395e-17
768.5         	2.840395e-17
768.55        	2.840395e-17
768.6         	2.840395e-17
768.65        	2.840395e-17
768.7         	2.840395e-17
768.75        	2.840395e-17
768.8         	2.840395e-17
768.85        	2.840395e-17
768.9         	2.840395e-17
768.95        	2.840395e-17
769           	2.840395e-17
769.05        	2.840395e-17
769.1         	2.840395e-17
769.15        	2.840395e-17
769.2         	2.840395e-17
769.25        	2.840395e-17
769.3         	2.840395e-17
769.35        	2.840395e-17
769.4         	2.840395e-17
769.45        	2.840395e-17
769.5         	2.840395e-17
769.55        	2.840395e-17
769.6         	2.840395e-17
769.65        	2.840395e-17
769.7         	2.840395e-17
769.75        	2.840395e-17
769.8         	2.840395e-17
769.85        	2.840395e-17
769.9         	2.840395e-17
769.95        	2.840395e-17
770           	2.840395e-17
770.05        	2.840395e-17
770.1         	2.840395e-17
770.15        	2.840395e-17
770.2         	2.840395e-17
770.25        	2.840395e-17
770.3         	2.840395e-17
770.35        	2.840395e-17
770.4         	2.840395e-17
770.45        	2.840395e-17
770.5         	2.840395e-17
770.55        	2.840395e-17
770.6         	2.840395e-17
770.65        	2.840395e-17
770.7         	2.840395e-17
770.75        	2.840395e-17
770.8         	2.840395e-17
770.85        	2.840395e-17
770.9         	2.840395e-17
770.95        	2.840395e-17
771           	2.840395e-17
771.05        	2.840395e-17
771.1         	2.840395e-17
771.15        	2.840395e-17
771.2         	2.840395e-17
771.25        	2.840395e-17
771.3         	2.840395e-17
771.35        	2.840395e-17
771.4         	2.840395e-17
771.45        	2.840395e-17
771.5         	2.840395e-17
771.55        	2.840395e-17
771.6         	2.840395e-17
771.65        	2.840395e-17
771.7         	2.840395e-17
771.75        	2.840395e-17
771.8         	2.840395e-17
771.85        	2.840395e-17
771.9         	2.840395e-17
771.95        	2.840395e-17
772           	2.840395e-17
772.05        	2.840395e-17
772.1         	2.840395e-17
772.15        	2.840395e-17
772.2         	2.840395e-17
772.25        	2.840395e-17
772.3         	2.840395e-17
772.35        	2.840395e-17
772.4         	2.840395e-17
772.45        	2.840395e-17
772.5         	2.840395e-17
772.55        	2.840395e-17
772.6         	2.840395e-17
772.65        	2.840395e-17
772.7         	2.840395e-17
772.75        	2.840395e-17
772.8         	2.840395e-17
772.85        	2.840395e-17
772.9         	2.840395e-17
772.95        	2.840395e-17
773           	2.840395e-17
773.05        	2.840395e-17
773.1         	2.840395e-17
773.15        	2.840395e-17
773.2         	2.840395e-17
773.25        	2.840395e-17
773.3         	2.840395e-17
773.35        	2.840395e-17
773.4         	2.840395e-17
773.45        	2.840395e-17
773.5         	2.840395e-17
773.55        	2.840395e-17
773.6         	2.840395e-17
773.65        	2.840395e-17
773.7         	2.840395e-17
773.75        	2.840395e-17
773.8         	2.840395e-17
773.85        	2.840395e-17
773.9         	2.840395e-17
773.95        	2.840395e-17
774           	2.840395e-17
774.05        	2.840395e-17
774.1         	2.840395e-17
774.15        	2.840395e-17
774.2         	2.840395e-17
774.25        	2.840395e-17
774.3         	2.840395e-17
774.35        	2.840395e-17
774.4         	2.840395e-17
774.45        	2.840395e-17
774.5         	2.840395e-17
774.55        	2.840395e-17
774.6         	2.840395e-17
774.65        	2.840395e-17
774.7         	2.840395e-17
774.75        	2.840395e-17
774.8         	2.840395e-17
774.85        	2.840395e-17
774.9         	2.840395e-17
774.95        	2.840395e-17
775           	2.840395e-17
775.05        	2.840395e-17
775.1         	2.840395e-17
775.15        	2.840395e-17
775.2         	2.840395e-17
775.25        	2.840395e-17
775.3         	2.840395e-17
775.35        	2.840395e-17
775.4         	2.840395e-17
775.45        	2.840395e-17
775.5         	2.840395e-17
775.55        	2.840395e-17
775.6         	2.840395e-17
775.65        	2.840395e-17
775.7         	2.840395e-17
775.75        	2.840395e-17
775.8         	2.840395e-17
775.85        	2.840395e-17
775.9         	2.840395e-17
775.95        	2.840395e-17
776           	2.840395e-17
776.05        	2.840395e-17
776.1         	2.840395e-17
776.15        	2.840395e-17
776.2         	2.840395e-17
776.25        	2.840395e-17
776.3         	2.840395e-17
776.35        	2.840395e-17
776.4         	2.840395e-17
776.45        	2.840395e-17
776.5         	2.840395e-17
776.55        	2.840395e-17
776.6         	2.840395e-17
776.65        	2.840395e-17
776.7         	2.840395e-17
776.75        	2.840395e-17
776.8         	2.840395e-17
776.85        	2.840395e-17
776.9         	2.840395e-17
776.95        	2.840395e-17
777           	2.840395e-17
777.05        	2.840395e-17
777.1         	2.840395e-17
777.15        	2.840395e-17
777.2         	2.840395e-17
777.25        	2.840395e-17
777.3         	2.840395e-17
777.35        	2.840395e-17
777.4         	2.840395e-17
777.45        	2.840395e-17
777.5         	2.840395e-17
777.55        	2.840395e-17
777.6         	2.840395e-17
777.65        	2.840395e-17
777.7         	2.840395e-17
777.75        	2.840395e-17
777.8         	2.840395e-17
777.85        	2.840395e-17
777.9         	2.840395e-17
777.95        	2.840395e-17
778           	2.840395e-17
778.05        	2.840395e-17
778.1         	2.840395e-17
778.15        	2.840395e-17
778.2         	2.840395e-17
778.25        	2.840395e-17
778.3         	2.840395e-17
778.35        	2.840395e-17
778.4         	2.840395e-17
778.45        	2.840395e-17
778.5         	2.840395e-17
778.55        	2.840395e-17
778.6         	2.840395e-17
778.65        	2.840395e-17
778.7         	2.840395e-17
778.75        	2.840395e-17
778.8         	2.840395e-17
778.85        	2.840395e-17
778.9         	2.840395e-17
778.95        	2.840395e-17
779           	2.840395e-17
779.05        	2.840395e-17
779.1         	2.840395e-17
779.15        	2.840395e-17
779.2         	2.840395e-17
779.25        	2.840395e-17
779.3         	2.840395e-17
779.35        	2.840395e-17
779.4         	2.840395e-17
779.45        	2.840395e-17
779.5         	2.840395e-17
779.55        	2.840395e-17
779.6         	2.840395e-17
779.65        	2.840395e-17
779.7         	2.840395e-17
779.75        	2.840395e-17
779.8         	2.840395e-17
779.85        	2.840395e-17
779.9         	2.840395e-17
779.95        	2.840395e-17
780           	2.840395e-17
780.05        	2.840395e-17
780.1         	2.840395e-17
780.15        	2.840395e-17
780.2         	2.840395e-17
780.25        	2.840395e-17
780.3         	2.840395e-17
780.35        	2.840395e-17
780.4         	2.840395e-17
780.45        	2.840395e-17
780.5         	2.840395e-17
780.55        	2.840395e-17
780.6         	2.840395e-17
780.65        	2.840395e-17
780.7         	2.840395e-17
780.75        	2.840395e-17
780.8         	2.840395e-17
780.85        	2.840395e-17
780.9         	2.840395e-17
780.95        	2.840395e-17
781           	2.840395e-17
781.05        	2.840395e-17
781.1         	2.840395e-17
781.15        	2.840395e-17
781.2         	2.840395e-17
781.25        	2.840395e-17
781.3         	2.840395e-17
781.35        	2.840395e-17
781.4         	2.840395e-17
781.45        	2.840395e-17
781.5         	2.840395e-17
781.55        	2.840395e-17
781.6         	2.840395e-17
781.65        	2.840395e-17
781.7         	2.840395e-17
781.75        	2.840395e-17
781.8         	2.840395e-17
781.85        	2.840395e-17
781.9         	2.840395e-17
781.95        	2.840395e-17
782           	2.840395e-17
782.05        	2.840395e-17
782.1         	2.840395e-17
782.15        	2.840395e-17
782.2         	2.840395e-17
782.25        	2.840395e-17
782.3         	2.840395e-17
782.35        	2.840395e-17
782.4         	2.840395e-17
782.45        	2.840395e-17
782.5         	2.840395e-17
782.55        	2.840395e-17
782.6         	2.840395e-17
782.65        	2.840395e-17
782.7         	2.840395e-17
782.75        	2.840395e-17
782.8         	2.840395e-17
782.85        	2.840395e-17
782.9         	2.840395e-17
782.95        	2.840395e-17
783           	2.840395e-17
783.05        	2.840395e-17
783.1         	2.840395e-17
783.15        	2.840395e-17
783.2         	2.840395e-17
783.25        	2.840395e-17
783.3         	2.840395e-17
783.35        	2.840395e-17
783.4         	2.840395e-17
783.45        	2.840395e-17
783.5         	2.840395e-17
783.55        	2.840395e-17
783.6         	2.840395e-17
783.65        	2.840395e-17
783.7         	2.840395e-17
783.75        	2.840395e-17
783.8         	2.840395e-17
783.85        	2.840395e-17
783.9         	2.840395e-17
783.95        	2.840395e-17
784           	2.840395e-17
784.05        	2.840395e-17
784.1         	2.840395e-17
784.15        	2.840395e-17
784.2         	2.840395e-17
784.25        	2.840395e-17
784.3         	2.840395e-17
784.35        	2.840395e-17
784.4         	2.840395e-17
784.45        	2.840395e-17
784.5         	2.840395e-17
784.55        	2.840395e-17
784.6         	2.840395e-17
784.65        	2.840395e-17
784.7         	2.840395e-17
784.75        	2.840395e-17
784.8         	2.840395e-17
784.85        	2.840395e-17
784.9         	2.840395e-17
784.95        	2.840395e-17
785           	2.840395e-17
785.05        	2.840395e-17
785.1         	2.840395e-17
785.15        	2.840395e-17
785.2         	2.840395e-17
785.25        	2.840395e-17
785.3         	2.840395e-17
785.35        	2.840395e-17
785.4         	2.840395e-17
785.45        	2.840395e-17
785.5         	2.840395e-17
785.55        	2.840395e-17
785.6         	2.840395e-17
785.65        	2.840395e-17
785.7         	2.840395e-17
785.75        	2.840395e-17
785.8         	2.840395e-17
785.85        	2.840395e-17
785.9         	2.840395e-17
785.95        	2.840395e-17
786           	2.840395e-17
786.05        	2.840395e-17
786.1         	2.840395e-17
786.15        	2.840395e-17
786.2         	2.840395e-17
786.25        	2.840395e-17
786.3         	2.840395e-17
786.35        	2.840395e-17
786.4         	2.840395e-17
786.45        	2.840395e-17
786.5         	2.840395e-17
786.55        	2.840395e-17
786.6         	2.840395e-17
786.65        	2.840395e-17
786.7         	2.840395e-17
786.75        	2.840395e-17
786.8         	2.840395e-17
786.85        	2.840395e-17
786.9         	2.840395e-17
786.95        	2.840395e-17
787           	2.840395e-17
787.05        	2.840395e-17
787.1         	2.840395e-17
787.15        	2.840395e-17
787.2         	2.840395e-17
787.25        	2.840395e-17
787.3         	2.840395e-17
787.35        	2.840395e-17
787.4         	2.840395e-17
787.45        	2.840395e-17
787.5         	2.840395e-17
787.55        	2.840395e-17
787.6         	2.840395e-17
787.65        	2.840395e-17
787.7         	2.840395e-17
787.75        	2.840395e-17
787.8         	2.840395e-17
787.85        	2.840395e-17
787.9         	2.840395e-17
787.95        	2.840395e-17
788           	2.840395e-17
788.05        	2.840395e-17
788.1         	2.840395e-17
788.15        	2.840395e-17
788.2         	2.840395e-17
788.25        	2.840395e-17
788.3         	2.840395e-17
788.35        	2.840395e-17
788.4         	2.840395e-17
788.45        	2.840395e-17
788.5         	2.840395e-17
788.55        	2.840395e-17
788.6         	2.840395e-17
788.65        	2.840395e-17
788.7         	2.840395e-17
788.75        	2.840395e-17
788.8         	2.840395e-17
788.85        	2.840395e-17
788.9         	2.840395e-17
788.95        	2.840395e-17
789           	2.840395e-17
789.05        	2.840395e-17
789.1         	2.840395e-17
789.15        	2.840395e-17
789.2         	2.840395e-17
789.25        	2.840395e-17
789.3         	2.840395e-17
789.35        	2.840395e-17
789.4         	2.840395e-17
789.45        	2.840395e-17
789.5         	2.840395e-17
789.55        	2.840395e-17
789.6         	2.840395e-17
789.65        	2.840395e-17
789.7         	2.840395e-17
789.75        	2.840395e-17
789.8         	2.840395e-17
789.85        	2.840395e-17
789.9         	2.840395e-17
789.95        	2.840395e-17
790           	2.840395e-17
790.05        	2.840395e-17
790.1         	2.840395e-17
790.15        	2.840395e-17
790.2         	2.840395e-17
790.25        	2.840395e-17
790.3         	2.840395e-17
790.35        	2.840395e-17
790.4         	2.840395e-17
790.45        	2.840395e-17
790.5         	2.840395e-17
790.55        	2.840395e-17
790.6         	2.840395e-17
790.65        	2.840395e-17
790.7         	2.840395e-17
790.75        	2.840395e-17
790.8         	2.840395e-17
790.85        	2.840395e-17
790.9         	2.840395e-17
790.95        	2.840395e-17
791           	2.840395e-17
791.05        	2.840395e-17
791.1         	2.840395e-17
791.15        	2.840395e-17
791.2         	2.840395e-17
791.25        	2.840395e-17
791.3         	2.840395e-17
791.35        	2.840395e-17
791.4         	2.840395e-17
791.45        	2.840395e-17
791.5         	2.840395e-17
791.55        	2.840395e-17
791.6         	2.840395e-17
791.65        	2.840395e-17
791.7         	2.840395e-17
791.75        	2.840395e-17
791.8         	2.840395e-17
791.85        	2.840395e-17
791.9         	2.840395e-17
791.95        	2.840395e-17
792           	2.840395e-17
792.05        	2.840395e-17
792.1         	2.840395e-17
792.15        	2.840395e-17
792.2         	2.840395e-17
792.25        	2.840395e-17
792.3         	2.840395e-17
792.35        	2.840395e-17
792.4         	2.840395e-17
792.45        	2.840395e-17
792.5         	2.840395e-17
792.55        	2.840395e-17
792.6         	2.840395e-17
792.65        	2.840395e-17
792.7         	2.840395e-17
792.75        	2.840395e-17
792.8         	2.840395e-17
792.85        	2.840395e-17
792.9         	2.840395e-17
792.95        	2.840395e-17
793           	2.840395e-17
793.05        	2.840395e-17
793.1         	2.840395e-17
793.15        	2.840395e-17
793.2         	2.840395e-17
793.25        	2.840395e-17
793.3         	2.840395e-17
793.35        	2.840395e-17
793.4         	2.840395e-17
793.45        	2.840395e-17
793.5         	2.840395e-17
793.55        	2.840395e-17
793.6         	2.840395e-17
793.65        	2.840395e-17
793.7         	2.840395e-17
793.75        	2.840395e-17
793.8         	2.840395e-17
793.85        	2.840395e-17
793.9         	2.840395e-17
793.95        	2.840395e-17
794           	2.840395e-17
794.05        	2.840395e-17
794.1         	2.840395e-17
794.15        	2.840395e-17
794.2         	2.840395e-17
794.25        	2.840395e-17
794.3         	2.840395e-17
794.35        	2.840395e-17
794.4         	2.840395e-17
794.45        	2.840395e-17
794.5         	2.840395e-17
794.55        	2.840395e-17
794.6         	2.840395e-17
794.65        	2.840395e-17
794.7         	2.840395e-17
794.75        	2.840395e-17
794.8         	2.840395e-17
794.85        	2.840395e-17
794.9         	2.840395e-17
794.95        	2.840395e-17
795           	2.840395e-17
795.05        	2.840395e-17
795.1         	2.840395e-17
795.15        	2.840395e-17
795.2         	2.840395e-17
795.25        	2.840395e-17
795.3         	2.840395e-17
795.35        	2.840395e-17
795.4         	2.840395e-17
795.45        	2.840395e-17
795.5         	2.840395e-17
795.55        	2.840395e-17
795.6         	2.840395e-17
795.65        	2.840395e-17
795.7         	2.840395e-17
795.75        	2.840395e-17
795.8         	2.840395e-17
795.85        	2.840395e-17
795.9         	2.840395e-17
795.95        	2.840395e-17
796           	2.840395e-17
796.05        	2.840395e-17
796.1         	2.840395e-17
796.15        	2.840395e-17
796.2         	2.840395e-17
796.25        	2.840395e-17
796.3         	2.840395e-17
796.35        	2.840395e-17
796.4         	2.840395e-17
796.45        	2.840395e-17
796.5         	2.840395e-17
796.55        	2.840395e-17
796.6         	2.840395e-17
796.65        	2.840395e-17
796.7         	2.840395e-17
796.75        	2.840395e-17
796.8         	2.840395e-17
796.85        	2.840395e-17
796.9         	2.840395e-17
796.95        	2.840395e-17
797           	2.840395e-17
797.05        	2.840395e-17
797.1         	2.840395e-17
797.15        	2.840395e-17
797.2         	2.840395e-17
797.25        	2.840395e-17
797.3         	2.840395e-17
797.35        	2.840395e-17
797.4         	2.840395e-17
797.45        	2.840395e-17
797.5         	2.840395e-17
797.55        	2.840395e-17
797.6         	2.840395e-17
797.65        	2.840395e-17
797.7         	2.840395e-17
797.75        	2.840395e-17
797.8         	2.840395e-17
797.85        	2.840395e-17
797.9         	2.840395e-17
797.95        	2.840395e-17
798           	2.840395e-17
798.05        	2.840395e-17
798.1         	2.840395e-17
798.15        	2.840395e-17
798.2         	2.840395e-17
798.25        	2.840395e-17
798.3         	2.840395e-17
798.35        	2.840395e-17
798.4         	2.840395e-17
798.45        	2.840395e-17
798.5         	2.840395e-17
798.55        	2.840395e-17
798.6         	2.840395e-17
798.65        	2.840395e-17
798.7         	2.840395e-17
798.75        	2.840395e-17
798.8         	2.840395e-17
798.85        	2.840395e-17
798.9         	2.840395e-17
798.95        	2.840395e-17
799           	2.840395e-17
799.05        	2.840395e-17
799.1         	2.840395e-17
799.15        	2.840395e-17
799.2         	2.840395e-17
799.25        	2.840395e-17
799.3         	2.840395e-17
799.35        	2.840395e-17
799.4         	2.840395e-17
799.45        	2.840395e-17
799.5         	2.840395e-17
799.55        	2.840395e-17
799.6         	2.840395e-17
799.65        	2.840395e-17
799.7         	2.840395e-17
799.75        	2.840395e-17
799.8         	2.840395e-17
799.85        	2.840395e-17
799.9         	2.840395e-17
799.95        	2.840395e-17
800           	2.840395e-17
800.05        	2.840395e-17
800.1         	2.840395e-17
800.15        	2.840395e-17
800.2         	2.840395e-17
800.25        	2.840395e-17
800.3         	2.840395e-17
800.35        	2.840395e-17
800.4         	2.840395e-17
800.45        	2.840395e-17
800.5         	2.840395e-17
800.55        	2.840395e-17
800.6         	2.840395e-17
800.65        	2.840395e-17
800.7         	2.840395e-17
800.75        	2.840395e-17
800.8         	2.840395e-17
800.85        	2.840395e-17
800.9         	2.840395e-17
800.95        	2.840395e-17
801           	2.840395e-17
801.05        	2.840395e-17
801.1         	2.840395e-17
801.15        	2.840395e-17
801.2         	2.840395e-17
801.25        	2.840395e-17
801.3         	2.840395e-17
801.35        	2.840395e-17
801.4         	2.840395e-17
801.45        	2.840395e-17
801.5         	2.840395e-17
801.55        	2.840395e-17
801.6         	2.840395e-17
801.65        	2.840395e-17
801.7         	2.840395e-17
801.75        	2.840395e-17
801.8         	2.840395e-17
801.85        	2.840395e-17
801.9         	2.840395e-17
801.95        	2.840395e-17
802           	2.840395e-17
802.05        	2.840395e-17
802.1         	2.840395e-17
802.15        	2.840395e-17
802.2         	2.840395e-17
802.25        	2.840395e-17
802.3         	2.840395e-17
802.35        	2.840395e-17
802.4         	2.840395e-17
802.45        	2.840395e-17
802.5         	2.840395e-17
802.55        	2.840395e-17
802.6         	2.840395e-17
802.65        	2.840395e-17
802.7         	2.840395e-17
802.75        	2.840395e-17
802.8         	2.840395e-17
802.85        	2.840395e-17
802.9         	2.840395e-17
802.95        	2.840395e-17
803           	2.840395e-17
803.05        	2.840395e-17
803.1         	2.840395e-17
803.15        	2.840395e-17
803.2         	2.840395e-17
803.25        	2.840395e-17
803.3         	2.840395e-17
803.35        	2.840395e-17
803.4         	2.840395e-17
803.45        	2.840395e-17
803.5         	2.840395e-17
803.55        	2.840395e-17
803.6         	2.840395e-17
803.65        	2.840395e-17
803.7         	2.840395e-17
803.75        	2.840395e-17
803.8         	2.840395e-17
803.85        	2.840395e-17
803.9         	2.840395e-17
803.95        	2.840395e-17
804           	2.840395e-17
804.05        	2.840395e-17
804.1         	2.840395e-17
804.15        	2.840395e-17
804.2         	2.840395e-17
804.25        	2.840395e-17
804.3         	2.840395e-17
804.35        	2.840395e-17
804.4         	2.840395e-17
804.45        	2.840395e-17
804.5         	2.840395e-17
804.55        	2.840395e-17
804.6         	2.840395e-17
804.65        	2.840395e-17
804.7         	2.840395e-17
804.75        	2.840395e-17
804.8         	2.840395e-17
804.85        	2.840395e-17
804.9         	2.840395e-17
804.95        	2.840395e-17
805           	2.840395e-17
805.05        	2.840395e-17
805.1         	2.840395e-17
805.15        	2.840395e-17
805.2         	2.840395e-17
805.25        	2.840395e-17
805.3         	2.840395e-17
805.35        	2.840395e-17
805.4         	2.840395e-17
805.45        	2.840395e-17
805.5         	2.840395e-17
805.55        	2.840395e-17
805.6         	2.840395e-17
805.65        	2.840395e-17
805.7         	2.840395e-17
805.75        	2.840395e-17
805.8         	2.840395e-17
805.85        	2.840395e-17
805.9         	2.840395e-17
805.95        	2.840395e-17
806           	2.840395e-17
806.05        	2.840395e-17
806.1         	2.840395e-17
806.15        	2.840395e-17
806.2         	2.840395e-17
806.25        	2.840395e-17
806.3         	2.840395e-17
806.35        	2.840395e-17
806.4         	2.840395e-17
806.45        	2.840395e-17
806.5         	2.840395e-17
806.55        	2.840395e-17
806.6         	2.840395e-17
806.65        	2.840395e-17
806.7         	2.840395e-17
806.75        	2.840395e-17
806.8         	2.840395e-17
806.85        	2.840395e-17
806.9         	2.840395e-17
806.95        	2.840395e-17
807           	2.840395e-17
807.05        	2.840395e-17
807.1         	2.840395e-17
807.15        	2.840395e-17
807.2         	2.840395e-17
807.25        	2.840395e-17
807.3         	2.840395e-17
807.35        	2.840395e-17
807.4         	2.840395e-17
807.45        	2.840395e-17
807.5         	2.840395e-17
807.55        	2.840395e-17
807.6         	2.840395e-17
807.65        	2.840395e-17
807.7         	2.840395e-17
807.75        	2.840395e-17
807.8         	2.840395e-17
807.85        	2.840395e-17
807.9         	2.840395e-17
807.95        	2.840395e-17
808           	2.840395e-17
808.05        	2.840395e-17
808.1         	2.840395e-17
808.15        	2.840395e-17
808.2         	2.840395e-17
808.25        	2.840395e-17
808.3         	2.840395e-17
808.35        	2.840395e-17
808.4         	2.840395e-17
808.45        	2.840395e-17
808.5         	2.840395e-17
808.55        	2.840395e-17
808.6         	2.840395e-17
808.65        	2.840395e-17
808.7         	2.840395e-17
808.75        	2.840395e-17
808.8         	2.840395e-17
808.85        	2.840395e-17
808.9         	2.840395e-17
808.95        	2.840395e-17
809           	2.840395e-17
809.05        	2.840395e-17
809.1         	2.840395e-17
809.15        	2.840395e-17
809.2         	2.840395e-17
809.25        	2.840395e-17
809.3         	2.840395e-17
809.35        	2.840395e-17
809.4         	2.840395e-17
809.45        	2.840395e-17
809.5         	2.840395e-17
809.55        	2.840395e-17
809.6         	2.840395e-17
809.65        	2.840395e-17
809.7         	2.840395e-17
809.75        	2.840395e-17
809.8         	2.840395e-17
809.85        	2.840395e-17
809.9         	2.840395e-17
809.95        	2.840395e-17
810           	2.840395e-17
810.05        	2.840395e-17
810.1         	2.840395e-17
810.15        	2.840395e-17
810.2         	2.840395e-17
810.25        	2.840395e-17
810.3         	2.840395e-17
810.35        	2.840395e-17
810.4         	2.840395e-17
810.45        	2.840395e-17
810.5         	2.840395e-17
810.55        	2.840395e-17
810.6         	2.840395e-17
810.65        	2.840395e-17
810.7         	2.840395e-17
810.75        	2.840395e-17
810.8         	2.840395e-17
810.85        	2.840395e-17
810.9         	2.840395e-17
810.95        	2.840395e-17
811           	2.840395e-17
811.05        	2.840395e-17
811.1         	2.840395e-17
811.15        	2.840395e-17
811.2         	2.840395e-17
811.25        	2.840395e-17
811.3         	2.840395e-17
811.35        	2.840395e-17
811.4         	2.840395e-17
811.45        	2.840395e-17
811.5         	2.840395e-17
811.55        	2.840395e-17
811.6         	2.840395e-17
811.65        	2.840395e-17
811.7         	2.840395e-17
811.75        	2.840395e-17
811.8         	2.840395e-17
811.85        	2.840395e-17
811.9         	2.840395e-17
811.95        	2.840395e-17
812           	2.840395e-17
812.05        	2.840395e-17
812.1         	2.840395e-17
812.15        	2.840395e-17
812.2         	2.840395e-17
812.25        	2.840395e-17
812.3         	2.840395e-17
812.35        	2.840395e-17
812.4         	2.840395e-17
812.45        	2.840395e-17
812.5         	2.840395e-17
812.55        	2.840395e-17
812.6         	2.840395e-17
812.65        	2.840395e-17
812.7         	2.840395e-17
812.75        	2.840395e-17
812.8         	2.840395e-17
812.85        	2.840395e-17
812.9         	2.840395e-17
812.95        	2.840395e-17
813           	2.840395e-17
813.05        	2.840395e-17
813.1         	2.840395e-17
813.15        	2.840395e-17
813.2         	2.840395e-17
813.25        	2.840395e-17
813.3         	2.840395e-17
813.35        	2.840395e-17
813.4         	2.840395e-17
813.45        	2.840395e-17
813.5         	2.840395e-17
813.55        	2.840395e-17
813.6         	2.840395e-17
813.65        	2.840395e-17
813.7         	2.840395e-17
813.75        	2.840395e-17
813.8         	2.840395e-17
813.85        	2.840395e-17
813.9         	2.840395e-17
813.95        	2.840395e-17
814           	2.840395e-17
814.05        	2.840395e-17
814.1         	2.840395e-17
814.15        	2.840395e-17
814.2         	2.840395e-17
814.25        	2.840395e-17
814.3         	2.840395e-17
814.35        	2.840395e-17
814.4         	2.840395e-17
814.45        	2.840395e-17
814.5         	2.840395e-17
814.55        	2.840395e-17
814.6         	2.840395e-17
814.65        	2.840395e-17
814.7         	2.840395e-17
814.75        	2.840395e-17
814.8         	2.840395e-17
814.85        	2.840395e-17
814.9         	2.840395e-17
814.95        	2.840395e-17
815           	2.840395e-17
815.05        	2.840395e-17
815.1         	2.840395e-17
815.15        	2.840395e-17
815.2         	2.840395e-17
815.25        	2.840395e-17
815.3         	2.840395e-17
815.35        	2.840395e-17
815.4         	2.840395e-17
815.45        	2.840395e-17
815.5         	2.840395e-17
815.55        	2.840395e-17
815.6         	2.840395e-17
815.65        	2.840395e-17
815.7         	2.840395e-17
815.75        	2.840395e-17
815.8         	2.840395e-17
815.85        	2.840395e-17
815.9         	2.840395e-17
815.95        	2.840395e-17
816           	2.840395e-17
816.05        	2.840395e-17
816.1         	2.840395e-17
816.15        	2.840395e-17
816.2         	2.840395e-17
816.25        	2.840395e-17
816.3         	2.840395e-17
816.35        	2.840395e-17
816.4         	2.840395e-17
816.45        	2.840395e-17
816.5         	2.840395e-17
816.55        	2.840395e-17
816.6         	2.840395e-17
816.65        	2.840395e-17
816.7         	2.840395e-17
816.75        	2.840395e-17
816.8         	2.840395e-17
816.85        	2.840395e-17
816.9         	2.840395e-17
816.95        	2.840395e-17
817           	2.840395e-17
817.05        	2.840395e-17
817.1         	2.840395e-17
817.15        	2.840395e-17
817.2         	2.840395e-17
817.25        	2.840395e-17
817.3         	2.840395e-17
817.35        	2.840395e-17
817.4         	2.840395e-17
817.45        	2.840395e-17
817.5         	2.840395e-17
817.55        	2.840395e-17
817.6         	2.840395e-17
817.65        	2.840395e-17
817.7         	2.840395e-17
817.75        	2.840395e-17
817.8         	2.840395e-17
817.85        	2.840395e-17
817.9         	2.840395e-17
817.95        	2.840395e-17
818           	2.840395e-17
818.05        	2.840395e-17
818.1         	2.840395e-17
818.15        	2.840395e-17
818.2         	2.840395e-17
818.25        	2.840395e-17
818.3         	2.840395e-17
818.35        	2.840395e-17
818.4         	2.840395e-17
818.45        	2.840395e-17
818.5         	2.840395e-17
818.55        	2.840395e-17
818.6         	2.840395e-17
818.65        	2.840395e-17
818.7         	2.840395e-17
818.75        	2.840395e-17
818.8         	2.840395e-17
818.85        	2.840395e-17
818.9         	2.840395e-17
818.95        	2.840395e-17
819           	2.840395e-17
819.05        	2.840395e-17
819.1         	2.840395e-17
819.15        	2.840395e-17
819.2         	2.840395e-17
819.25        	2.840395e-17
819.3         	2.840395e-17
819.35        	2.840395e-17
819.4         	2.840395e-17
819.45        	2.840395e-17
819.5         	2.840395e-17
819.55        	2.840395e-17
819.6         	2.840395e-17
819.65        	2.840395e-17
819.7         	2.840395e-17
819.75        	2.840395e-17
819.8         	2.840395e-17
819.85        	2.840395e-17
819.9         	2.840395e-17
819.95        	2.840395e-17
820           	2.840395e-17
820.05        	2.840395e-17
820.1         	2.840395e-17
820.15        	2.840395e-17
820.2         	2.840395e-17
820.25        	2.840395e-17
820.3         	2.840395e-17
820.35        	2.840395e-17
820.4         	2.840395e-17
820.45        	2.840395e-17
820.5         	2.840395e-17
820.55        	2.840395e-17
820.6         	2.840395e-17
820.65        	2.840395e-17
820.7         	2.840395e-17
820.75        	2.840395e-17
820.8         	2.840395e-17
820.85        	2.840395e-17
820.9         	2.840395e-17
820.95        	2.840395e-17
821           	2.840395e-17
821.05        	2.840395e-17
821.1         	2.840395e-17
821.15        	2.840395e-17
821.2         	2.840395e-17
821.25        	2.840395e-17
821.3         	2.840395e-17
821.35        	2.840395e-17
821.4         	2.840395e-17
821.45        	2.840395e-17
821.5         	2.840395e-17
821.55        	2.840395e-17
821.6         	2.840395e-17
821.65        	2.840395e-17
821.7         	2.840395e-17
821.75        	2.840395e-17
821.8         	2.840395e-17
821.85        	2.840395e-17
821.9         	2.840395e-17
821.95        	2.840395e-17
822           	2.840395e-17
822.05        	2.840395e-17
822.1         	2.840395e-17
822.15        	2.840395e-17
822.2         	2.840395e-17
822.25        	2.840395e-17
822.3         	2.840395e-17
822.35        	2.840395e-17
822.4         	2.840395e-17
822.45        	2.840395e-17
822.5         	2.840395e-17
822.55        	2.840395e-17
822.6         	2.840395e-17
822.65        	2.840395e-17
822.7         	2.840395e-17
822.75        	2.840395e-17
822.8         	2.840395e-17
822.85        	2.840395e-17
822.9         	2.840395e-17
822.95        	2.840395e-17
823           	2.840395e-17
823.05        	2.840395e-17
823.1         	2.840395e-17
823.15        	2.840395e-17
823.2         	2.840395e-17
823.25        	2.840395e-17
823.3         	2.840395e-17
823.35        	2.840395e-17
823.4         	2.840395e-17
823.45        	2.840395e-17
823.5         	2.840395e-17
823.55        	2.840395e-17
823.6         	2.840395e-17
823.65        	2.840395e-17
823.7         	2.840395e-17
823.75        	2.840395e-17
823.8         	2.840395e-17
823.85        	2.840395e-17
823.9         	2.840395e-17
823.95        	2.840395e-17
824           	2.840395e-17
824.05        	2.840395e-17
824.1         	2.840395e-17
824.15        	2.840395e-17
824.2         	2.840395e-17
824.25        	2.840395e-17
824.3         	2.840395e-17
824.35        	2.840395e-17
824.4         	2.840395e-17
824.45        	2.840395e-17
824.5         	2.840395e-17
824.55        	2.840395e-17
824.6         	2.840395e-17
824.65        	2.840395e-17
824.7         	2.840395e-17
824.75        	2.840395e-17
824.8         	2.840395e-17
824.85        	2.840395e-17
824.9         	2.840395e-17
824.95        	2.840395e-17
825           	2.840395e-17
825.05        	2.840395e-17
825.1         	2.840395e-17
825.15        	2.840395e-17
825.2         	2.840395e-17
825.25        	2.840395e-17
825.3         	2.840395e-17
825.35        	2.840395e-17
825.4         	2.840395e-17
825.45        	2.840395e-17
825.5         	2.840395e-17
825.55        	2.840395e-17
825.6         	2.840395e-17
825.65        	2.840395e-17
825.7         	2.840395e-17
825.75        	2.840395e-17
825.8         	2.840395e-17
825.85        	2.840395e-17
825.9         	2.840395e-17
825.95        	2.840395e-17
826           	2.840395e-17
826.05        	2.840395e-17
826.1         	2.840395e-17
826.15        	2.840395e-17
826.2         	2.840395e-17
826.25        	2.840395e-17
826.3         	2.840395e-17
826.35        	2.840395e-17
826.4         	2.840395e-17
826.45        	2.840395e-17
826.5         	2.840395e-17
826.55        	2.840395e-17
826.6         	2.840395e-17
826.65        	2.840395e-17
826.7         	2.840395e-17
826.75        	2.840395e-17
826.8         	2.840395e-17
826.85        	2.840395e-17
826.9         	2.840395e-17
826.95        	2.840395e-17
827           	2.840395e-17
827.05        	2.840395e-17
827.1         	2.840395e-17
827.15        	2.840395e-17
827.2         	2.840395e-17
827.25        	2.840395e-17
827.3         	2.840395e-17
827.35        	2.840395e-17
827.4         	2.840395e-17
827.45        	2.840395e-17
827.5         	2.840395e-17
827.55        	2.840395e-17
827.6         	2.840395e-17
827.65        	2.840395e-17
827.7         	2.840395e-17
827.75        	2.840395e-17
827.8         	2.840395e-17
827.85        	2.840395e-17
827.9         	2.840395e-17
827.95        	2.840395e-17
828           	2.840395e-17
828.05        	2.840395e-17
828.1         	2.840395e-17
828.15        	2.840395e-17
828.2         	2.840395e-17
828.25        	2.840395e-17
828.3         	2.840395e-17
828.35        	2.840395e-17
828.4         	2.840395e-17
828.45        	2.840395e-17
828.5         	2.840395e-17
828.55        	2.840395e-17
828.6         	2.840395e-17
828.65        	2.840395e-17
828.7         	2.840395e-17
828.75        	2.840395e-17
828.8         	2.840395e-17
828.85        	2.840395e-17
828.9         	2.840395e-17
828.95        	2.840395e-17
829           	2.840395e-17
829.05        	2.840395e-17
829.1         	2.840395e-17
829.15        	2.840395e-17
829.2         	2.840395e-17
829.25        	2.840395e-17
829.3         	2.840395e-17
829.35        	2.840395e-17
829.4         	2.840395e-17
829.45        	2.840395e-17
829.5         	2.840395e-17
829.55        	2.840395e-17
829.6         	2.840395e-17
829.65        	2.840395e-17
829.7         	2.840395e-17
829.75        	2.840395e-17
829.8         	2.840395e-17
829.85        	2.840395e-17
829.9         	2.840395e-17
829.95        	2.840395e-17
830           	2.840395e-17
830.05        	2.840395e-17
830.1         	2.840395e-17
830.15        	2.840395e-17
830.2         	2.840395e-17
830.25        	2.840395e-17
830.3         	2.840395e-17
830.35        	2.840395e-17
830.4         	2.840395e-17
830.45        	2.840395e-17
830.5         	2.840395e-17
830.55        	2.840395e-17
830.6         	2.840395e-17
830.65        	2.840395e-17
830.7         	2.840395e-17
830.75        	2.840395e-17
830.8         	2.840395e-17
830.85        	2.840395e-17
830.9         	2.840395e-17
830.95        	2.840395e-17
831           	2.840395e-17
831.05        	2.840395e-17
831.1         	2.840395e-17
831.15        	2.840395e-17
831.2         	2.840395e-17
831.25        	2.840395e-17
831.3         	2.840395e-17
831.35        	2.840395e-17
831.4         	2.840395e-17
831.45        	2.840395e-17
831.5         	2.840395e-17
831.55        	2.840395e-17
831.6         	2.840395e-17
831.65        	2.840395e-17
831.7         	2.840395e-17
831.75        	2.840395e-17
831.8         	2.840395e-17
831.85        	2.840395e-17
831.9         	2.840395e-17
831.95        	2.840395e-17
832           	2.840395e-17
832.05        	2.840395e-17
832.1         	2.840395e-17
832.15        	2.840395e-17
832.2         	2.840395e-17
832.25        	2.840395e-17
832.3         	2.840395e-17
832.35        	2.840395e-17
832.4         	2.840395e-17
832.45        	2.840395e-17
832.5         	2.840395e-17
832.55        	2.840395e-17
832.6         	2.840395e-17
832.65        	2.840395e-17
832.7         	2.840395e-17
832.75        	2.840395e-17
832.8         	2.840395e-17
832.85        	2.840395e-17
832.9         	2.840395e-17
832.95        	2.840395e-17
833           	2.840395e-17
833.05        	2.840395e-17
833.1         	2.840395e-17
833.15        	2.840395e-17
833.2         	2.840395e-17
833.25        	2.840395e-17
833.3         	2.840395e-17
833.35        	2.840395e-17
833.4         	2.840395e-17
833.45        	2.840395e-17
833.5         	2.840395e-17
833.55        	2.840395e-17
833.6         	2.840395e-17
833.65        	2.840395e-17
833.7         	2.840395e-17
833.75        	2.840395e-17
833.8         	2.840395e-17
833.85        	2.840395e-17
833.9         	2.840395e-17
833.95        	2.840395e-17
834           	2.840395e-17
834.05        	2.840395e-17
834.1         	2.840395e-17
834.15        	2.840395e-17
834.2         	2.840395e-17
834.25        	2.840395e-17
834.3         	2.840395e-17
834.35        	2.840395e-17
834.4         	2.840395e-17
834.45        	2.840395e-17
834.5         	2.840395e-17
834.55        	2.840395e-17
834.6         	2.840395e-17
834.65        	2.840395e-17
834.7         	2.840395e-17
834.75        	2.840395e-17
834.8         	2.840395e-17
834.85        	2.840395e-17
834.9         	2.840395e-17
834.95        	2.840395e-17
835           	2.840395e-17
835.05        	2.840395e-17
835.1         	2.840395e-17
835.15        	2.840395e-17
835.2         	2.840395e-17
835.25        	2.840395e-17
835.3         	2.840395e-17
835.35        	2.840395e-17
835.4         	2.840395e-17
835.45        	2.840395e-17
835.5         	2.840395e-17
835.55        	2.840395e-17
835.6         	2.840395e-17
835.65        	2.840395e-17
835.7         	2.840395e-17
835.75        	2.840395e-17
835.8         	2.840395e-17
835.85        	2.840395e-17
835.9         	2.840395e-17
835.95        	2.840395e-17
836           	2.840395e-17
836.05        	2.840395e-17
836.1         	2.840395e-17
836.15        	2.840395e-17
836.2         	2.840395e-17
836.25        	2.840395e-17
836.3         	2.840395e-17
836.35        	2.840395e-17
836.4         	2.840395e-17
836.45        	2.840395e-17
836.5         	2.840395e-17
836.55        	2.840395e-17
836.6         	2.840395e-17
836.65        	2.840395e-17
836.7         	2.840395e-17
836.75        	2.840395e-17
836.8         	2.840395e-17
836.85        	2.840395e-17
836.9         	2.840395e-17
836.95        	2.840395e-17
837           	2.840395e-17
837.05        	2.840395e-17
837.1         	2.840395e-17
837.15        	2.840395e-17
837.2         	2.840395e-17
837.25        	2.840395e-17
837.3         	2.840395e-17
837.35        	2.840395e-17
837.4         	2.840395e-17
837.45        	2.840395e-17
837.5         	2.840395e-17
837.55        	2.840395e-17
837.6         	2.840395e-17
837.65        	2.840395e-17
837.7         	2.840395e-17
837.75        	2.840395e-17
837.8         	2.840395e-17
837.85        	2.840395e-17
837.9         	2.840395e-17
837.95        	2.840395e-17
838           	2.840395e-17
838.05        	2.840395e-17
838.1         	2.840395e-17
838.15        	2.840395e-17
838.2         	2.840395e-17
838.25        	2.840395e-17
838.3         	2.840395e-17
838.35        	2.840395e-17
838.4         	2.840395e-17
838.45        	2.840395e-17
838.5         	2.840395e-17
838.55        	2.840395e-17
838.6         	2.840395e-17
838.65        	2.840395e-17
838.7         	2.840395e-17
838.75        	2.840395e-17
838.8         	2.840395e-17
838.85        	2.840395e-17
838.9         	2.840395e-17
838.95        	2.840395e-17
839           	2.840395e-17
839.05        	2.840395e-17
839.1         	2.840395e-17
839.15        	2.840395e-17
839.2         	2.840395e-17
839.25        	2.840395e-17
839.3         	2.840395e-17
839.35        	2.840395e-17
839.4         	2.840395e-17
839.45        	2.840395e-17
839.5         	2.840395e-17
839.55        	2.840395e-17
839.6         	2.840395e-17
839.65        	2.840395e-17
839.7         	2.840395e-17
839.75        	2.840395e-17
839.8         	2.840395e-17
839.85        	2.840395e-17
839.9         	2.840395e-17
839.95        	2.840395e-17
840           	2.840395e-17
840.05        	2.840395e-17
840.1         	2.840395e-17
840.15        	2.840395e-17
840.2         	2.840395e-17
840.25        	2.840395e-17
840.3         	2.840395e-17
840.35        	2.840395e-17
840.4         	2.840395e-17
840.45        	2.840395e-17
840.5         	2.840395e-17
840.55        	2.840395e-17
840.6         	2.840395e-17
840.65        	2.840395e-17
840.7         	2.840395e-17
840.75        	2.840395e-17
840.8         	2.840395e-17
840.85        	2.840395e-17
840.9         	2.840395e-17
840.95        	2.840395e-17
841           	2.840395e-17
841.05        	2.840395e-17
841.1         	2.840395e-17
841.15        	2.840395e-17
841.2         	2.840395e-17
841.25        	2.840395e-17
841.3         	2.840395e-17
841.35        	2.840395e-17
841.4         	2.840395e-17
841.45        	2.840395e-17
841.5         	2.840395e-17
841.55        	2.840395e-17
841.6         	2.840395e-17
841.65        	2.840395e-17
841.7         	2.840395e-17
841.75        	2.840395e-17
841.8         	2.840395e-17
841.85        	2.840395e-17
841.9         	2.840395e-17
841.95        	2.840395e-17
842           	2.840395e-17
842.05        	2.840395e-17
842.1         	2.840395e-17
842.15        	2.840395e-17
842.2         	2.840395e-17
842.25        	2.840395e-17
842.3         	2.840395e-17
842.35        	2.840395e-17
842.4         	2.840395e-17
842.45        	2.840395e-17
842.5         	2.840395e-17
842.55        	2.840395e-17
842.6         	2.840395e-17
842.65        	2.840395e-17
842.7         	2.840395e-17
842.75        	2.840395e-17
842.8         	2.840395e-17
842.85        	2.840395e-17
842.9         	2.840395e-17
842.95        	2.840395e-17
843           	2.840395e-17
843.05        	2.840395e-17
843.1         	2.840395e-17
843.15        	2.840395e-17
843.2         	2.840395e-17
843.25        	2.840395e-17
843.3         	2.840395e-17
843.35        	2.840395e-17
843.4         	2.840395e-17
843.45        	2.840395e-17
843.5         	2.840395e-17
843.55        	2.840395e-17
843.6         	2.840395e-17
843.65        	2.840395e-17
843.7         	2.840395e-17
843.75        	2.840395e-17
843.8         	2.840395e-17
843.85        	2.840395e-17
843.9         	2.840395e-17
843.95        	2.840395e-17
844           	2.840395e-17
844.05        	2.840395e-17
844.1         	2.840395e-17
844.15        	2.840395e-17
844.2         	2.840395e-17
844.25        	2.840395e-17
844.3         	2.840395e-17
844.35        	2.840395e-17
844.4         	2.840395e-17
844.45        	2.840395e-17
844.5         	2.840395e-17
844.55        	2.840395e-17
844.6         	2.840395e-17
844.65        	2.840395e-17
844.7         	2.840395e-17
844.75        	2.840395e-17
844.8         	2.840395e-17
844.85        	2.840395e-17
844.9         	2.840395e-17
844.95        	2.840395e-17
845           	2.840395e-17
845.05        	2.840395e-17
845.1         	2.840395e-17
845.15        	2.840395e-17
845.2         	2.840395e-17
845.25        	2.840395e-17
845.3         	2.840395e-17
845.35        	2.840395e-17
845.4         	2.840395e-17
845.45        	2.840395e-17
845.5         	2.840395e-17
845.55        	2.840395e-17
845.6         	2.840395e-17
845.65        	2.840395e-17
845.7         	2.840395e-17
845.75        	2.840395e-17
845.8         	2.840395e-17
845.85        	2.840395e-17
845.9         	2.840395e-17
845.95        	2.840395e-17
846           	2.840395e-17
846.05        	2.840395e-17
846.1         	2.840395e-17
846.15        	2.840395e-17
846.2         	2.840395e-17
846.25        	2.840395e-17
846.3         	2.840395e-17
846.35        	2.840395e-17
846.4         	2.840395e-17
846.45        	2.840395e-17
846.5         	2.840395e-17
846.55        	2.840395e-17
846.6         	2.840395e-17
846.65        	2.840395e-17
846.7         	2.840395e-17
846.75        	2.840395e-17
846.8         	2.840395e-17
846.85        	2.840395e-17
846.9         	2.840395e-17
846.95        	2.840395e-17
847           	2.840395e-17
847.05        	2.840395e-17
847.1         	2.840395e-17
847.15        	2.840395e-17
847.2         	2.840395e-17
847.25        	2.840395e-17
847.3         	2.840395e-17
847.35        	2.840395e-17
847.4         	2.840395e-17
847.45        	2.840395e-17
847.5         	2.840395e-17
847.55        	2.840395e-17
847.6         	2.840395e-17
847.65        	2.840395e-17
847.7         	2.840395e-17
847.75        	2.840395e-17
847.8         	2.840395e-17
847.85        	2.840395e-17
847.9         	2.840395e-17
847.95        	2.840395e-17
848           	2.840395e-17
848.05        	2.840395e-17
848.1         	2.840395e-17
848.15        	2.840395e-17
848.2         	2.840395e-17
848.25        	2.840395e-17
848.3         	2.840395e-17
848.35        	2.840395e-17
848.4         	2.840395e-17
848.45        	2.840395e-17
848.5         	2.840395e-17
848.55        	2.840395e-17
848.6         	2.840395e-17
848.65        	2.840395e-17
848.7         	2.840395e-17
848.75        	2.840395e-17
848.8         	2.840395e-17
848.85        	2.840395e-17
848.9         	2.840395e-17
848.95        	2.840395e-17
849           	2.840395e-17
849.05        	2.840395e-17
849.1         	2.840395e-17
849.15        	2.840395e-17
849.2         	2.840395e-17
849.25        	2.840395e-17
849.3         	2.840395e-17
849.35        	2.840395e-17
849.4         	2.840395e-17
849.45        	2.840395e-17
849.5         	2.840395e-17
849.55        	2.840395e-17
849.6         	2.840395e-17
849.65        	2.840395e-17
849.7         	2.840395e-17
849.75        	2.840395e-17
849.8         	2.840395e-17
849.85        	2.840395e-17
849.9         	2.840395e-17
849.95        	2.840395e-17
850           	2.840395e-17
850.05        	2.840395e-17
850.1         	2.840395e-17
850.15        	2.840395e-17
850.2         	2.840395e-17
850.25        	2.840395e-17
850.3         	2.840395e-17
850.35        	2.840395e-17
850.4         	2.840395e-17
850.45        	2.840395e-17
850.5         	2.840395e-17
850.55        	2.840395e-17
850.6         	2.840395e-17
850.65        	2.840395e-17
850.7         	2.840395e-17
850.75        	2.840395e-17
850.8         	2.840395e-17
850.85        	2.840395e-17
850.9         	2.840395e-17
850.95        	2.840395e-17
851           	2.840395e-17
851.05        	2.840395e-17
851.1         	2.840395e-17
851.15        	2.840395e-17
851.2         	2.840395e-17
851.25        	2.840395e-17
851.3         	2.840395e-17
851.35        	2.840395e-17
851.4         	2.840395e-17
851.45        	2.840395e-17
851.5         	2.840395e-17
851.55        	2.840395e-17
851.6         	2.840395e-17
851.65        	2.840395e-17
851.7         	2.840395e-17
851.75        	2.840395e-17
851.8         	2.840395e-17
851.85        	2.840395e-17
851.9         	2.840395e-17
851.95        	2.840395e-17
852           	2.840395e-17
852.05        	2.840395e-17
852.1         	2.840395e-17
852.15        	2.840395e-17
852.2         	2.840395e-17
852.25        	2.840395e-17
852.3         	2.840395e-17
852.35        	2.840395e-17
852.4         	2.840395e-17
852.45        	2.840395e-17
852.5         	2.840395e-17
852.55        	2.840395e-17
852.6         	2.840395e-17
852.65        	2.840395e-17
852.7         	2.840395e-17
852.75        	2.840395e-17
852.8         	2.840395e-17
852.85        	2.840395e-17
852.9         	2.840395e-17
852.95        	2.840395e-17
853           	2.840395e-17
853.05        	2.840395e-17
853.1         	2.840395e-17
853.15        	2.840395e-17
853.2         	2.840395e-17
853.25        	2.840395e-17
853.3         	2.840395e-17
853.35        	2.840395e-17
853.4         	2.840395e-17
853.45        	2.840395e-17
853.5         	2.840395e-17
853.55        	2.840395e-17
853.6         	2.840395e-17
853.65        	2.840395e-17
853.7         	2.840395e-17
853.75        	2.840395e-17
853.8         	2.840395e-17
853.85        	2.840395e-17
853.9         	2.840395e-17
853.95        	2.840395e-17
854           	2.840395e-17
854.05        	2.840395e-17
854.1         	2.840395e-17
854.15        	2.840395e-17
854.2         	2.840395e-17
854.25        	2.840395e-17
854.3         	2.840395e-17
854.35        	2.840395e-17
854.4         	2.840395e-17
854.45        	2.840395e-17
854.5         	2.840395e-17
854.55        	2.840395e-17
854.6         	2.840395e-17
854.65        	2.840395e-17
854.7         	2.840395e-17
854.75        	2.840395e-17
854.8         	2.840395e-17
854.85        	2.840395e-17
854.9         	2.840395e-17
854.95        	2.840395e-17
855           	2.840395e-17
855.05        	2.840395e-17
855.1         	2.840395e-17
855.15        	2.840395e-17
855.2         	2.840395e-17
855.25        	2.840395e-17
855.3         	2.840395e-17
855.35        	2.840395e-17
855.4         	2.840395e-17
855.45        	2.840395e-17
855.5         	2.840395e-17
855.55        	2.840395e-17
855.6         	2.840395e-17
855.65        	2.840395e-17
855.7         	2.840395e-17
855.75        	2.840395e-17
855.8         	2.840395e-17
855.85        	2.840395e-17
855.9         	2.840395e-17
855.95        	2.840395e-17
856           	2.840395e-17
856.05        	2.840395e-17
856.1         	2.840395e-17
856.15        	2.840395e-17
856.2         	2.840395e-17
856.25        	2.840395e-17
856.3         	2.840395e-17
856.35        	2.840395e-17
856.4         	2.840395e-17
856.45        	2.840395e-17
856.5         	2.840395e-17
856.55        	2.840395e-17
856.6         	2.840395e-17
856.65        	2.840395e-17
856.7         	2.840395e-17
856.75        	2.840395e-17
856.8         	2.840395e-17
856.85        	2.840395e-17
856.9         	2.840395e-17
856.95        	2.840395e-17
857           	2.840395e-17
857.05        	2.840395e-17
857.1         	2.840395e-17
857.15        	2.840395e-17
857.2         	2.840395e-17
857.25        	2.840395e-17
857.3         	2.840395e-17
857.35        	2.840395e-17
857.4         	2.840395e-17
857.45        	2.840395e-17
857.5         	2.840395e-17
857.55        	2.840395e-17
857.6         	2.840395e-17
857.65        	2.840395e-17
857.7         	2.840395e-17
857.75        	2.840395e-17
857.8         	2.840395e-17
857.85        	2.840395e-17
857.9         	2.840395e-17
857.95        	2.840395e-17
858           	2.840395e-17
858.05        	2.840395e-17
858.1         	2.840395e-17
858.15        	2.840395e-17
858.2         	2.840395e-17
858.25        	2.840395e-17
858.3         	2.840395e-17
858.35        	2.840395e-17
858.4         	2.840395e-17
858.45        	2.840395e-17
858.5         	2.840395e-17
858.55        	2.840395e-17
858.6         	2.840395e-17
858.65        	2.840395e-17
858.7         	2.840395e-17
858.75        	2.840395e-17
858.8         	2.840395e-17
858.85        	2.840395e-17
858.9         	2.840395e-17
858.95        	2.840395e-17
859           	2.840395e-17
859.05        	2.840395e-17
859.1         	2.840395e-17
859.15        	2.840395e-17
859.2         	2.840395e-17
859.25        	2.840395e-17
859.3         	2.840395e-17
859.35        	2.840395e-17
859.4         	2.840395e-17
859.45        	2.840395e-17
859.5         	2.840395e-17
859.55        	2.840395e-17
859.6         	2.840395e-17
859.65        	2.840395e-17
859.7         	2.840395e-17
859.75        	2.840395e-17
859.8         	2.840395e-17
859.85        	2.840395e-17
859.9         	2.840395e-17
859.95        	2.840395e-17
860           	2.840395e-17
860.05        	2.840395e-17
860.1         	2.840395e-17
860.15        	2.840395e-17
860.2         	2.840395e-17
860.25        	2.840395e-17
860.3         	2.840395e-17
860.35        	2.840395e-17
860.4         	2.840395e-17
860.45        	2.840395e-17
860.5         	2.840395e-17
860.55        	2.840395e-17
860.6         	2.840395e-17
860.65        	2.840395e-17
860.7         	2.840395e-17
860.75        	2.840395e-17
860.8         	2.840395e-17
860.85        	2.840395e-17
860.9         	2.840395e-17
860.95        	2.840395e-17
861           	2.840395e-17
861.05        	2.840395e-17
861.1         	2.840395e-17
861.15        	2.840395e-17
861.2         	2.840395e-17
861.25        	2.840395e-17
861.3         	2.840395e-17
861.35        	2.840395e-17
861.4         	2.840395e-17
861.45        	2.840395e-17
861.5         	2.840395e-17
861.55        	2.840395e-17
861.6         	2.840395e-17
861.65        	2.840395e-17
861.7         	2.840395e-17
861.75        	2.840395e-17
861.8         	2.840395e-17
861.85        	2.840395e-17
861.9         	2.840395e-17
861.95        	2.840395e-17
862           	2.840395e-17
862.05        	2.840395e-17
862.1         	2.840395e-17
862.15        	2.840395e-17
862.2         	2.840395e-17
862.25        	2.840395e-17
862.3         	2.840395e-17
862.35        	2.840395e-17
862.4         	2.840395e-17
862.45        	2.840395e-17
862.5         	2.840395e-17
862.55        	2.840395e-17
862.6         	2.840395e-17
862.65        	2.840395e-17
862.7         	2.840395e-17
862.75        	2.840395e-17
862.8         	2.840395e-17
862.85        	2.840395e-17
862.9         	2.840395e-17
862.95        	2.840395e-17
863           	2.840395e-17
863.05        	2.840395e-17
863.1         	2.840395e-17
863.15        	2.840395e-17
863.2         	2.840395e-17
863.25        	2.840395e-17
863.3         	2.840395e-17
863.35        	2.840395e-17
863.4         	2.840395e-17
863.45        	2.840395e-17
863.5         	2.840395e-17
863.55        	2.840395e-17
863.6         	2.840395e-17
863.65        	2.840395e-17
863.7         	2.840395e-17
863.75        	2.840395e-17
863.8         	2.840395e-17
863.85        	2.840395e-17
863.9         	2.840395e-17
863.95        	2.840395e-17
864           	2.840395e-17
864.05        	2.840395e-17
864.1         	2.840395e-17
864.15        	2.840395e-17
864.2         	2.840395e-17
864.25        	2.840395e-17
864.3         	2.840395e-17
864.35        	2.840395e-17
864.4         	2.840395e-17
864.45        	2.840395e-17
864.5         	2.840395e-17
864.55        	2.840395e-17
864.6         	2.840395e-17
864.65        	2.840395e-17
864.7         	2.840395e-17
864.75        	2.840395e-17
864.8         	2.840395e-17
864.85        	2.840395e-17
864.9         	2.840395e-17
864.95        	2.840395e-17
865           	2.840395e-17
865.05        	2.840395e-17
865.1         	2.840395e-17
865.15        	2.840395e-17
865.2         	2.840395e-17
865.25        	2.840395e-17
865.3         	2.840395e-17
865.35        	2.840395e-17
865.4         	2.840395e-17
865.45        	2.840395e-17
865.5         	2.840395e-17
865.55        	2.840395e-17
865.6         	2.840395e-17
865.65        	2.840395e-17
865.7         	2.840395e-17
865.75        	2.840395e-17
865.8         	2.840395e-17
865.85        	2.840395e-17
865.9         	2.840395e-17
865.95        	2.840395e-17
866           	2.840395e-17
866.05        	2.840395e-17
866.1         	2.840395e-17
866.15        	2.840395e-17
866.2         	2.840395e-17
866.25        	2.840395e-17
866.3         	2.840395e-17
866.35        	2.840395e-17
866.4         	2.840395e-17
866.45        	2.840395e-17
866.5         	2.840395e-17
866.55        	2.840395e-17
866.6         	2.840395e-17
866.65        	2.840395e-17
866.7         	2.840395e-17
866.75        	2.840395e-17
866.8         	2.840395e-17
866.85        	2.840395e-17
866.9         	2.840395e-17
866.95        	2.840395e-17
867           	2.840395e-17
867.05        	2.840395e-17
867.1         	2.840395e-17
867.15        	2.840395e-17
867.2         	2.840395e-17
867.25        	2.840395e-17
867.3         	2.840395e-17
867.35        	2.840395e-17
867.4         	2.840395e-17
867.45        	2.840395e-17
867.5         	2.840395e-17
867.55        	2.840395e-17
867.6         	2.840395e-17
867.65        	2.840395e-17
867.7         	2.840395e-17
867.75        	2.840395e-17
867.8         	2.840395e-17
867.85        	2.840395e-17
867.9         	2.840395e-17
867.95        	2.840395e-17
868           	2.840395e-17
868.05        	2.840395e-17
868.1         	2.840395e-17
868.15        	2.840395e-17
868.2         	2.840395e-17
868.25        	2.840395e-17
868.3         	2.840395e-17
868.35        	2.840395e-17
868.4         	2.840395e-17
868.45        	2.840395e-17
868.5         	2.840395e-17
868.55        	2.840395e-17
868.6         	2.840395e-17
868.65        	2.840395e-17
868.7         	2.840395e-17
868.75        	2.840395e-17
868.8         	2.840395e-17
868.85        	2.840395e-17
868.9         	2.840395e-17
868.95        	2.840395e-17
869           	2.840395e-17
869.05        	2.840395e-17
869.1         	2.840395e-17
869.15        	2.840395e-17
869.2         	2.840395e-17
869.25        	2.840395e-17
869.3         	2.840395e-17
869.35        	2.840395e-17
869.4         	2.840395e-17
869.45        	2.840395e-17
869.5         	2.840395e-17
869.55        	2.840395e-17
869.6         	2.840395e-17
869.65        	2.840395e-17
869.7         	2.840395e-17
869.75        	2.840395e-17
869.8         	2.840395e-17
869.85        	2.840395e-17
869.9         	2.840395e-17
869.95        	2.840395e-17
870           	2.840395e-17
870.05        	2.840395e-17
870.1         	2.840395e-17
870.15        	2.840395e-17
870.2         	2.840395e-17
870.25        	2.840395e-17
870.3         	2.840395e-17
870.35        	2.840395e-17
870.4         	2.840395e-17
870.45        	2.840395e-17
870.5         	2.840395e-17
870.55        	2.840395e-17
870.6         	2.840395e-17
870.65        	2.840395e-17
870.7         	2.840395e-17
870.75        	2.840395e-17
870.8         	2.840395e-17
870.85        	2.840395e-17
870.9         	2.840395e-17
870.95        	2.840395e-17
871           	2.840395e-17
871.05        	2.840395e-17
871.1         	2.840395e-17
871.15        	2.840395e-17
871.2         	2.840395e-17
871.25        	2.840395e-17
871.3         	2.840395e-17
871.35        	2.840395e-17
871.4         	2.840395e-17
871.45        	2.840395e-17
871.5         	2.840395e-17
871.55        	2.840395e-17
871.6         	2.840395e-17
871.65        	2.840395e-17
871.7         	2.840395e-17
871.75        	2.840395e-17
871.8         	2.840395e-17
871.85        	2.840395e-17
871.9         	2.840395e-17
871.95        	2.840395e-17
872           	2.840395e-17
872.05        	2.840395e-17
872.1         	2.840395e-17
872.15        	2.840395e-17
872.2         	2.840395e-17
872.25        	2.840395e-17
872.3         	2.840395e-17
872.35        	2.840395e-17
872.4         	2.840395e-17
872.45        	2.840395e-17
872.5         	2.840395e-17
872.55        	2.840395e-17
872.6         	2.840395e-17
872.65        	2.840395e-17
872.7         	2.840395e-17
872.75        	2.840395e-17
872.8         	2.840395e-17
872.85        	2.840395e-17
872.9         	2.840395e-17
872.95        	2.840395e-17
873           	2.840395e-17
873.05        	2.840395e-17
873.1         	2.840395e-17
873.15        	2.840395e-17
873.2         	2.840395e-17
873.25        	2.840395e-17
873.3         	2.840395e-17
873.35        	2.840395e-17
873.4         	2.840395e-17
873.45        	2.840395e-17
873.5         	2.840395e-17
873.55        	2.840395e-17
873.6         	2.840395e-17
873.65        	2.840395e-17
873.7         	2.840395e-17
873.75        	2.840395e-17
873.8         	2.840395e-17
873.85        	2.840395e-17
873.9         	2.840395e-17
873.95        	2.840395e-17
874           	2.840395e-17
874.05        	2.840395e-17
874.1         	2.840395e-17
874.15        	2.840395e-17
874.2         	2.840395e-17
874.25        	2.840395e-17
874.3         	2.840395e-17
874.35        	2.840395e-17
874.4         	2.840395e-17
874.45        	2.840395e-17
874.5         	2.840395e-17
874.55        	2.840395e-17
874.6         	2.840395e-17
874.65        	2.840395e-17
874.7         	2.840395e-17
874.75        	2.840395e-17
874.8         	2.840395e-17
874.85        	2.840395e-17
874.9         	2.840395e-17
874.95        	2.840395e-17
875           	2.840395e-17
875.05        	2.840395e-17
875.1         	2.840395e-17
875.15        	2.840395e-17
875.2         	2.840395e-17
875.25        	2.840395e-17
875.3         	2.840395e-17
875.35        	2.840395e-17
875.4         	2.840395e-17
875.45        	2.840395e-17
875.5         	2.840395e-17
875.55        	2.840395e-17
875.6         	2.840395e-17
875.65        	2.840395e-17
875.7         	2.840395e-17
875.75        	2.840395e-17
875.8         	2.840395e-17
875.85        	2.840395e-17
875.9         	2.840395e-17
875.95        	2.840395e-17
876           	2.840395e-17
876.05        	2.840395e-17
876.1         	2.840395e-17
876.15        	2.840395e-17
876.2         	2.840395e-17
876.25        	2.840395e-17
876.3         	2.840395e-17
876.35        	2.840395e-17
876.4         	2.840395e-17
876.45        	2.840395e-17
876.5         	2.840395e-17
876.55        	2.840395e-17
876.6         	2.840395e-17
876.65        	2.840395e-17
876.7         	2.840395e-17
876.75        	2.840395e-17
876.8         	2.840395e-17
876.85        	2.840395e-17
876.9         	2.840395e-17
876.95        	2.840395e-17
877           	2.840395e-17
877.05        	2.840395e-17
877.1         	2.840395e-17
877.15        	2.840395e-17
877.2         	2.840395e-17
877.25        	2.840395e-17
877.3         	2.840395e-17
877.35        	2.840395e-17
877.4         	2.840395e-17
877.45        	2.840395e-17
877.5         	2.840395e-17
877.55        	2.840395e-17
877.6         	2.840395e-17
877.65        	2.840395e-17
877.7         	2.840395e-17
877.75        	2.840395e-17
877.8         	2.840395e-17
877.85        	2.840395e-17
877.9         	2.840395e-17
877.95        	2.840395e-17
878           	2.840395e-17
878.05        	2.840395e-17
878.1         	2.840395e-17
878.15        	2.840395e-17
878.2         	2.840395e-17
878.25        	2.840395e-17
878.3         	2.840395e-17
878.35        	2.840395e-17
878.4         	2.840395e-17
878.45        	2.840395e-17
878.5         	2.840395e-17
878.55        	2.840395e-17
878.6         	2.840395e-17
878.65        	2.840395e-17
878.7         	2.840395e-17
878.75        	2.840395e-17
878.8         	2.840395e-17
878.85        	2.840395e-17
878.9         	2.840395e-17
878.95        	2.840395e-17
879           	2.840395e-17
879.05        	2.840395e-17
879.1         	2.840395e-17
879.15        	2.840395e-17
879.2         	2.840395e-17
879.25        	2.840395e-17
879.3         	2.840395e-17
879.35        	2.840395e-17
879.4         	2.840395e-17
879.45        	2.840395e-17
879.5         	2.840395e-17
879.55        	2.840395e-17
879.6         	2.840395e-17
879.65        	2.840395e-17
879.7         	2.840395e-17
879.75        	2.840395e-17
879.8         	2.840395e-17
879.85        	2.840395e-17
879.9         	2.840395e-17
879.95        	2.840395e-17
880           	2.840395e-17
880.05        	2.840395e-17
880.1         	2.840395e-17
880.15        	2.840395e-17
880.2         	2.840395e-17
880.25        	2.840395e-17
880.3         	2.840395e-17
880.35        	2.840395e-17
880.4         	2.840395e-17
880.45        	2.840395e-17
880.5         	2.840395e-17
880.55        	2.840395e-17
880.6         	2.840395e-17
880.65        	2.840395e-17
880.7         	2.840395e-17
880.75        	2.840395e-17
880.8         	2.840395e-17
880.85        	2.840395e-17
880.9         	2.840395e-17
880.95        	2.840395e-17
881           	2.840395e-17
881.05        	2.840395e-17
881.1         	2.840395e-17
881.15        	2.840395e-17
881.2         	2.840395e-17
881.25        	2.840395e-17
881.3         	2.840395e-17
881.35        	2.840395e-17
881.4         	2.840395e-17
881.45        	2.840395e-17
881.5         	2.840395e-17
881.55        	2.840395e-17
881.6         	2.840395e-17
881.65        	2.840395e-17
881.7         	2.840395e-17
881.75        	2.840395e-17
881.8         	2.840395e-17
881.85        	2.840395e-17
881.9         	2.840395e-17
881.95        	2.840395e-17
882           	2.840395e-17
882.05        	2.840395e-17
882.1         	2.840395e-17
882.15        	2.840395e-17
882.2         	2.840395e-17
882.25        	2.840395e-17
882.3         	2.840395e-17
882.35        	2.840395e-17
882.4         	2.840395e-17
882.45        	2.840395e-17
882.5         	2.840395e-17
882.55        	2.840395e-17
882.6         	2.840395e-17
882.65        	2.840395e-17
882.7         	2.840395e-17
882.75        	2.840395e-17
882.8         	2.840395e-17
882.85        	2.840395e-17
882.9         	2.840395e-17
882.95        	2.840395e-17
883           	2.840395e-17
883.05        	2.840395e-17
883.1         	2.840395e-17
883.15        	2.840395e-17
883.2         	2.840395e-17
883.25        	2.840395e-17
883.3         	2.840395e-17
883.35        	2.840395e-17
883.4         	2.840395e-17
883.45        	2.840395e-17
883.5         	2.840395e-17
883.55        	2.840395e-17
883.6         	2.840395e-17
883.65        	2.840395e-17
883.7         	2.840395e-17
883.75        	2.840395e-17
883.8         	2.840395e-17
883.85        	2.840395e-17
883.9         	2.840395e-17
883.95        	2.840395e-17
884           	2.840395e-17
884.05        	2.840395e-17
884.1         	2.840395e-17
884.15        	2.840395e-17
884.2         	2.840395e-17
884.25        	2.840395e-17
884.3         	2.840395e-17
884.35        	2.840395e-17
884.4         	2.840395e-17
884.45        	2.840395e-17
884.5         	2.840395e-17
884.55        	2.840395e-17
884.6         	2.840395e-17
884.65        	2.840395e-17
884.7         	2.840395e-17
884.75        	2.840395e-17
884.8         	2.840395e-17
884.85        	2.840395e-17
884.9         	2.840395e-17
884.95        	2.840395e-17
885           	2.840395e-17
885.05        	2.840395e-17
885.1         	2.840395e-17
885.15        	2.840395e-17
885.2         	2.840395e-17
885.25        	2.840395e-17
885.3         	2.840395e-17
885.35        	2.840395e-17
885.4         	2.840395e-17
885.45        	2.840395e-17
885.5         	2.840395e-17
885.55        	2.840395e-17
885.6         	2.840395e-17
885.65        	2.840395e-17
885.7         	2.840395e-17
885.75        	2.840395e-17
885.8         	2.840395e-17
885.85        	2.840395e-17
885.9         	2.840395e-17
885.95        	2.840395e-17
886           	2.840395e-17
886.05        	2.840395e-17
886.1         	2.840395e-17
886.15        	2.840395e-17
886.2         	2.840395e-17
886.25        	2.840395e-17
886.3         	2.840395e-17
886.35        	2.840395e-17
886.4         	2.840395e-17
886.45        	2.840395e-17
886.5         	2.840395e-17
886.55        	2.840395e-17
886.6         	2.840395e-17
886.65        	2.840395e-17
886.7         	2.840395e-17
886.75        	2.840395e-17
886.8         	2.840395e-17
886.85        	2.840395e-17
886.9         	2.840395e-17
886.95        	2.840395e-17
887           	2.840395e-17
887.05        	2.840395e-17
887.1         	2.840395e-17
887.15        	2.840395e-17
887.2         	2.840395e-17
887.25        	2.840395e-17
887.3         	2.840395e-17
887.35        	2.840395e-17
887.4         	2.840395e-17
887.45        	2.840395e-17
887.5         	2.840395e-17
887.55        	2.840395e-17
887.6         	2.840395e-17
887.65        	2.840395e-17
887.7         	2.840395e-17
887.75        	2.840395e-17
887.8         	2.840395e-17
887.85        	2.840395e-17
887.9         	2.840395e-17
887.95        	2.840395e-17
888           	2.840395e-17
888.05        	2.840395e-17
888.1         	2.840395e-17
888.15        	2.840395e-17
888.2         	2.840395e-17
888.25        	2.840395e-17
888.3         	2.840395e-17
888.35        	2.840395e-17
888.4         	2.840395e-17
888.45        	2.840395e-17
888.5         	2.840395e-17
888.55        	2.840395e-17
888.6         	2.840395e-17
888.65        	2.840395e-17
888.7         	2.840395e-17
888.75        	2.840395e-17
888.8         	2.840395e-17
888.85        	2.840395e-17
888.9         	2.840395e-17
888.95        	2.840395e-17
889           	2.840395e-17
889.05        	2.840395e-17
889.1         	2.840395e-17
889.15        	2.840395e-17
889.2         	2.840395e-17
889.25        	2.840395e-17
889.3         	2.840395e-17
889.35        	2.840395e-17
889.4         	2.840395e-17
889.45        	2.840395e-17
889.5         	2.840395e-17
889.55        	2.840395e-17
889.6         	2.840395e-17
889.65        	2.840395e-17
889.7         	2.840395e-17
889.75        	2.840395e-17
889.8         	2.840395e-17
889.85        	2.840395e-17
889.9         	2.840395e-17
889.95        	2.840395e-17
890           	2.840395e-17
890.05        	2.840395e-17
890.1         	2.840395e-17
890.15        	2.840395e-17
890.2         	2.840395e-17
890.25        	2.840395e-17
890.3         	2.840395e-17
890.35        	2.840395e-17
890.4         	2.840395e-17
890.45        	2.840395e-17
890.5         	2.840395e-17
890.55        	2.840395e-17
890.6         	2.840395e-17
890.65        	2.840395e-17
890.7         	2.840395e-17
890.75        	2.840395e-17
890.8         	2.840395e-17
890.85        	2.840395e-17
890.9         	2.840395e-17
890.95        	2.840395e-17
891           	2.840395e-17
891.05        	2.840395e-17
891.1         	2.840395e-17
891.15        	2.840395e-17
891.2         	2.840395e-17
891.25        	2.840395e-17
891.3         	2.840395e-17
891.35        	2.840395e-17
891.4         	2.840395e-17
891.45        	2.840395e-17
891.5         	2.840395e-17
891.55        	2.840395e-17
891.6         	2.840395e-17
891.65        	2.840395e-17
891.7         	2.840395e-17
891.75        	2.840395e-17
891.8         	2.840395e-17
891.85        	2.840395e-17
891.9         	2.840395e-17
891.95        	2.840395e-17
892           	2.840395e-17
892.05        	2.840395e-17
892.1         	2.840395e-17
892.15        	2.840395e-17
892.2         	2.840395e-17
892.25        	2.840395e-17
892.3         	2.840395e-17
892.35        	2.840395e-17
892.4         	2.840395e-17
892.45        	2.840395e-17
892.5         	2.840395e-17
892.55        	2.840395e-17
892.6         	2.840395e-17
892.65        	2.840395e-17
892.7         	2.840395e-17
892.75        	2.840395e-17
892.8         	2.840395e-17
892.85        	2.840395e-17
892.9         	2.840395e-17
892.95        	2.840395e-17
893           	2.840395e-17
893.05        	2.840395e-17
893.1         	2.840395e-17
893.15        	2.840395e-17
893.2         	2.840395e-17
893.25        	2.840395e-17
893.3         	2.840395e-17
893.35        	2.840395e-17
893.4         	2.840395e-17
893.45        	2.840395e-17
893.5         	2.840395e-17
893.55        	2.840395e-17
893.6         	2.840395e-17
893.65        	2.840395e-17
893.7         	2.840395e-17
893.75        	2.840395e-17
893.8         	2.840395e-17
893.85        	2.840395e-17
893.9         	2.840395e-17
893.95        	2.840395e-17
894           	2.840395e-17
894.05        	2.840395e-17
894.1         	2.840395e-17
894.15        	2.840395e-17
894.2         	2.840395e-17
894.25        	2.840395e-17
894.3         	2.840395e-17
894.35        	2.840395e-17
894.4         	2.840395e-17
894.45        	2.840395e-17
894.5         	2.840395e-17
894.55        	2.840395e-17
894.6         	2.840395e-17
894.65        	2.840395e-17
894.7         	2.840395e-17
894.75        	2.840395e-17
894.8         	2.840395e-17
894.85        	2.840395e-17
894.9         	2.840395e-17
894.95        	2.840395e-17
895           	2.840395e-17
895.05        	2.840395e-17
895.1         	2.840395e-17
895.15        	2.840395e-17
895.2         	2.840395e-17
895.25        	2.840395e-17
895.3         	2.840395e-17
895.35        	2.840395e-17
895.4         	2.840395e-17
895.45        	2.840395e-17
895.5         	2.840395e-17
895.55        	2.840395e-17
895.6         	2.840395e-17
895.65        	2.840395e-17
895.7         	2.840395e-17
895.75        	2.840395e-17
895.8         	2.840395e-17
895.85        	2.840395e-17
895.9         	2.840395e-17
895.95        	2.840395e-17
896           	2.840395e-17
896.05        	2.840395e-17
896.1         	2.840395e-17
896.15        	2.840395e-17
896.2         	2.840395e-17
896.25        	2.840395e-17
896.3         	2.840395e-17
896.35        	2.840395e-17
896.4         	2.840395e-17
896.45        	2.840395e-17
896.5         	2.840395e-17
896.55        	2.840395e-17
896.6         	2.840395e-17
896.65        	2.840395e-17
896.7         	2.840395e-17
896.75        	2.840395e-17
896.8         	2.840395e-17
896.85        	2.840395e-17
896.9         	2.840395e-17
896.95        	2.840395e-17
897           	2.840395e-17
897.05        	2.840395e-17
897.1         	2.840395e-17
897.15        	2.840395e-17
897.2         	2.840395e-17
897.25        	2.840395e-17
897.3         	2.840395e-17
897.35        	2.840395e-17
897.4         	2.840395e-17
897.45        	2.840395e-17
897.5         	2.840395e-17
897.55        	2.840395e-17
897.6         	2.840395e-17
897.65        	2.840395e-17
897.7         	2.840395e-17
897.75        	2.840395e-17
897.8         	2.840395e-17
897.85        	2.840395e-17
897.9         	2.840395e-17
897.95        	2.840395e-17
898           	2.840395e-17
898.05        	2.840395e-17
898.1         	2.840395e-17
898.15        	2.840395e-17
898.2         	2.840395e-17
898.25        	2.840395e-17
898.3         	2.840395e-17
898.35        	2.840395e-17
898.4         	2.840395e-17
898.45        	2.840395e-17
898.5         	2.840395e-17
898.55        	2.840395e-17
898.6         	2.840395e-17
898.65        	2.840395e-17
898.7         	2.840395e-17
898.75        	2.840395e-17
898.8         	2.840395e-17
898.85        	2.840395e-17
898.9         	2.840395e-17
898.95        	2.840395e-17
899           	2.840395e-17
899.05        	2.840395e-17
899.1         	2.840395e-17
899.15        	2.840395e-17
899.2         	2.840395e-17
899.25        	2.840395e-17
899.3         	2.840395e-17
899.35        	2.840395e-17
899.4         	2.840395e-17
899.45        	2.840395e-17
899.5         	2.840395e-17
899.55        	2.840395e-17
899.6         	2.840395e-17
899.65        	2.840395e-17
899.7         	2.840395e-17
899.75        	2.840395e-17
899.8         	2.840395e-17
899.85        	2.840395e-17
899.9         	2.840395e-17
899.95        	2.840395e-17
900           	2.840395e-17
900.05        	2.840395e-17
900.1         	2.840395e-17
900.15        	2.840395e-17
900.2         	2.840395e-17
900.25        	2.840395e-17
900.3         	2.840395e-17
900.35        	2.840395e-17
900.4         	2.840395e-17
900.45        	2.840395e-17
900.5         	2.840395e-17
900.55        	2.840395e-17
900.6         	2.840395e-17
900.65        	2.840395e-17
900.7         	2.840395e-17
900.75        	2.840395e-17
900.8         	2.840395e-17
900.85        	2.840395e-17
900.9         	2.840395e-17
900.95        	2.840395e-17
901           	2.840395e-17
901.05        	2.840395e-17
901.1         	2.840395e-17
901.15        	2.840395e-17
901.2         	2.840395e-17
901.25        	2.840395e-17
901.3         	2.840395e-17
901.35        	2.840395e-17
901.4         	2.840395e-17
901.45        	2.840395e-17
901.5         	2.840395e-17
901.55        	2.840395e-17
901.6         	2.840395e-17
901.65        	2.840395e-17
901.7         	2.840395e-17
901.75        	2.840395e-17
901.8         	2.840395e-17
901.85        	2.840395e-17
901.9         	2.840395e-17
901.95        	2.840395e-17
902           	2.840395e-17
902.05        	2.840395e-17
902.1         	2.840395e-17
902.15        	2.840395e-17
902.2         	2.840395e-17
902.25        	2.840395e-17
902.3         	2.840395e-17
902.35        	2.840395e-17
902.4         	2.840395e-17
902.45        	2.840395e-17
902.5         	2.840395e-17
902.55        	2.840395e-17
902.6         	2.840395e-17
902.65        	2.840395e-17
902.7         	2.840395e-17
902.75        	2.840395e-17
902.8         	2.840395e-17
902.85        	2.840395e-17
902.9         	2.840395e-17
902.95        	2.840395e-17
903           	2.840395e-17
903.05        	2.840395e-17
903.1         	2.840395e-17
903.15        	2.840395e-17
903.2         	2.840395e-17
903.25        	2.840395e-17
903.3         	2.840395e-17
903.35        	2.840395e-17
903.4         	2.840395e-17
903.45        	2.840395e-17
903.5         	2.840395e-17
903.55        	2.840395e-17
903.6         	2.840395e-17
903.65        	2.840395e-17
903.7         	2.840395e-17
903.75        	2.840395e-17
903.8         	2.840395e-17
903.85        	2.840395e-17
903.9         	2.840395e-17
903.95        	2.840395e-17
904           	2.840395e-17
904.05        	2.840395e-17
904.1         	2.840395e-17
904.15        	2.840395e-17
904.2         	2.840395e-17
904.25        	2.840395e-17
904.3         	2.840395e-17
904.35        	2.840395e-17
904.4         	2.840395e-17
904.45        	2.840395e-17
904.5         	2.840395e-17
904.55        	2.840395e-17
904.6         	2.840395e-17
904.65        	2.840395e-17
904.7         	2.840395e-17
904.75        	2.840395e-17
904.8         	2.840395e-17
904.85        	2.840395e-17
904.9         	2.840395e-17
904.95        	2.840395e-17
905           	2.840395e-17
905.05        	2.840395e-17
905.1         	2.840395e-17
905.15        	2.840395e-17
905.2         	2.840395e-17
905.25        	2.840395e-17
905.3         	2.840395e-17
905.35        	2.840395e-17
905.4         	2.840395e-17
905.45        	2.840395e-17
905.5         	2.840395e-17
905.55        	2.840395e-17
905.6         	2.840395e-17
905.65        	2.840395e-17
905.7         	2.840395e-17
905.75        	2.840395e-17
905.8         	2.840395e-17
905.85        	2.840395e-17
905.9         	2.840395e-17
905.95        	2.840395e-17
906           	2.840395e-17
906.05        	2.840395e-17
906.1         	2.840395e-17
906.15        	2.840395e-17
906.2         	2.840395e-17
906.25        	2.840395e-17
906.3         	2.840395e-17
906.35        	2.840395e-17
906.4         	2.840395e-17
906.45        	2.840395e-17
906.5         	2.840395e-17
906.55        	2.840395e-17
906.6         	2.840395e-17
906.65        	2.840395e-17
906.7         	2.840395e-17
906.75        	2.840395e-17
906.8         	2.840395e-17
906.85        	2.840395e-17
906.9         	2.840395e-17
906.95        	2.840395e-17
907           	2.840395e-17
907.05        	2.840395e-17
907.1         	2.840395e-17
907.15        	2.840395e-17
907.2         	2.840395e-17
907.25        	2.840395e-17
907.3         	2.840395e-17
907.35        	2.840395e-17
907.4         	2.840395e-17
907.45        	2.840395e-17
907.5         	2.840395e-17
907.55        	2.840395e-17
907.6         	2.840395e-17
907.65        	2.840395e-17
907.7         	2.840395e-17
907.75        	2.840395e-17
907.8         	2.840395e-17
907.85        	2.840395e-17
907.9         	2.840395e-17
907.95        	2.840395e-17
908           	2.840395e-17
908.05        	2.840395e-17
908.1         	2.840395e-17
908.15        	2.840395e-17
908.2         	2.840395e-17
908.25        	2.840395e-17
908.3         	2.840395e-17
908.35        	2.840395e-17
908.4         	2.840395e-17
908.45        	2.840395e-17
908.5         	2.840395e-17
908.55        	2.840395e-17
908.6         	2.840395e-17
908.65        	2.840395e-17
908.7         	2.840395e-17
908.75        	2.840395e-17
908.8         	2.840395e-17
908.85        	2.840395e-17
908.9         	2.840395e-17
908.95        	2.840395e-17
909           	2.840395e-17
909.05        	2.840395e-17
909.1         	2.840395e-17
909.15        	2.840395e-17
909.2         	2.840395e-17
909.25        	2.840395e-17
909.3         	2.840395e-17
909.35        	2.840395e-17
909.4         	2.840395e-17
909.45        	2.840395e-17
909.5         	2.840395e-17
909.55        	2.840395e-17
909.6         	2.840395e-17
909.65        	2.840395e-17
909.7         	2.840395e-17
909.75        	2.840395e-17
909.8         	2.840395e-17
909.85        	2.840395e-17
909.9         	2.840395e-17
909.95        	2.840395e-17
910           	2.840395e-17
910.05        	2.840395e-17
910.1         	2.840395e-17
910.15        	2.840395e-17
910.2         	2.840395e-17
910.25        	2.840395e-17
910.3         	2.840395e-17
910.35        	2.840395e-17
910.4         	2.840395e-17
910.45        	2.840395e-17
910.5         	2.840395e-17
910.55        	2.840395e-17
910.6         	2.840395e-17
910.65        	2.840395e-17
910.7         	2.840395e-17
910.75        	2.840395e-17
910.8         	2.840395e-17
910.85        	2.840395e-17
910.9         	2.840395e-17
910.95        	2.840395e-17
911           	2.840395e-17
911.05        	2.840395e-17
911.1         	2.840395e-17
911.15        	2.840395e-17
911.2         	2.840395e-17
911.25        	2.840395e-17
911.3         	2.840395e-17
911.35        	2.840395e-17
911.4         	2.840395e-17
911.45        	2.840395e-17
911.5         	2.840395e-17
911.55        	2.840395e-17
911.6         	2.840395e-17
911.65        	2.840395e-17
911.7         	2.840395e-17
911.75        	2.840395e-17
911.8         	2.840395e-17
911.85        	2.840395e-17
911.9         	2.840395e-17
911.95        	2.840395e-17
912           	2.840395e-17
912.05        	2.840395e-17
912.1         	2.840395e-17
912.15        	2.840395e-17
912.2         	2.840395e-17
912.25        	2.840395e-17
912.3         	2.840395e-17
912.35        	2.840395e-17
912.4         	2.840395e-17
912.45        	2.840395e-17
912.5         	2.840395e-17
912.55        	2.840395e-17
912.6         	2.840395e-17
912.65        	2.840395e-17
912.7         	2.840395e-17
912.75        	2.840395e-17
912.8         	2.840395e-17
912.85        	2.840395e-17
912.9         	2.840395e-17
912.95        	2.840395e-17
913           	2.840395e-17
913.05        	2.840395e-17
913.1         	2.840395e-17
913.15        	2.840395e-17
913.2         	2.840395e-17
913.25        	2.840395e-17
913.3         	2.840395e-17
913.35        	2.840395e-17
913.4         	2.840395e-17
913.45        	2.840395e-17
913.5         	2.840395e-17
913.55        	2.840395e-17
913.6         	2.840395e-17
913.65        	2.840395e-17
913.7         	2.840395e-17
913.75        	2.840395e-17
913.8         	2.840395e-17
913.85        	2.840395e-17
913.9         	2.840395e-17
913.95        	2.840395e-17
914           	2.840395e-17
914.05        	2.840395e-17
914.1         	2.840395e-17
914.15        	2.840395e-17
914.2         	2.840395e-17
914.25        	2.840395e-17
914.3         	2.840395e-17
914.35        	2.840395e-17
914.4         	2.840395e-17
914.45        	2.840395e-17
914.5         	2.840395e-17
914.55        	2.840395e-17
914.6         	2.840395e-17
914.65        	2.840395e-17
914.7         	2.840395e-17
914.75        	2.840395e-17
914.8         	2.840395e-17
914.85        	2.840395e-17
914.9         	2.840395e-17
914.95        	2.840395e-17
915           	2.840395e-17
915.05        	2.840395e-17
915.1         	2.840395e-17
915.15        	2.840395e-17
915.2         	2.840395e-17
915.25        	2.840395e-17
915.3         	2.840395e-17
915.35        	2.840395e-17
915.4         	2.840395e-17
915.45        	2.840395e-17
915.5         	2.840395e-17
915.55        	2.840395e-17
915.6         	2.840395e-17
915.65        	2.840395e-17
915.7         	2.840395e-17
915.75        	2.840395e-17
915.8         	2.840395e-17
915.85        	2.840395e-17
915.9         	2.840395e-17
915.95        	2.840395e-17
916           	2.840395e-17
916.05        	2.840395e-17
916.1         	2.840395e-17
916.15        	2.840395e-17
916.2         	2.840395e-17
916.25        	2.840395e-17
916.3         	2.840395e-17
916.35        	2.840395e-17
916.4         	2.840395e-17
916.45        	2.840395e-17
916.5         	2.840395e-17
916.55        	2.840395e-17
916.6         	2.840395e-17
916.65        	2.840395e-17
916.7         	2.840395e-17
916.75        	2.840395e-17
916.8         	2.840395e-17
916.85        	2.840395e-17
916.9         	2.840395e-17
916.95        	2.840395e-17
917           	2.840395e-17
917.05        	2.840395e-17
917.1         	2.840395e-17
917.15        	2.840395e-17
917.2         	2.840395e-17
917.25        	2.840395e-17
917.3         	2.840395e-17
917.35        	2.840395e-17
917.4         	2.840395e-17
917.45        	2.840395e-17
917.5         	2.840395e-17
917.55        	2.840395e-17
917.6         	2.840395e-17
917.65        	2.840395e-17
917.7         	2.840395e-17
917.75        	2.840395e-17
917.8         	2.840395e-17
917.85        	2.840395e-17
917.9         	2.840395e-17
917.95        	2.840395e-17
918           	2.840395e-17
918.05        	2.840395e-17
918.1         	2.840395e-17
918.15        	2.840395e-17
918.2         	2.840395e-17
918.25        	2.840395e-17
918.3         	2.840395e-17
918.35        	2.840395e-17
918.4         	2.840395e-17
918.45        	2.840395e-17
918.5         	2.840395e-17
918.55        	2.840395e-17
918.6         	2.840395e-17
918.65        	2.840395e-17
918.7         	2.840395e-17
918.75        	2.840395e-17
918.8         	2.840395e-17
918.85        	2.840395e-17
918.9         	2.840395e-17
918.95        	2.840395e-17
919           	2.840395e-17
919.05        	2.840395e-17
919.1         	2.840395e-17
919.15        	2.840395e-17
919.2         	2.840395e-17
919.25        	2.840395e-17
919.3         	2.840395e-17
919.35        	2.840395e-17
919.4         	2.840395e-17
919.45        	2.840395e-17
919.5         	2.840395e-17
919.55        	2.840395e-17
919.6         	2.840395e-17
919.65        	2.840395e-17
919.7         	2.840395e-17
919.75        	2.840395e-17
919.8         	2.840395e-17
919.85        	2.840395e-17
919.9         	2.840395e-17
919.95        	2.840395e-17
920           	2.840395e-17
920.05        	2.840395e-17
920.1         	2.840395e-17
920.15        	2.840395e-17
920.2         	2.840395e-17
920.25        	2.840395e-17
920.3         	2.840395e-17
920.35        	2.840395e-17
920.4         	2.840395e-17
920.45        	2.840395e-17
920.5         	2.840395e-17
920.55        	2.840395e-17
920.6         	2.840395e-17
920.65        	2.840395e-17
920.7         	2.840395e-17
920.75        	2.840395e-17
920.8         	2.840395e-17
920.85        	2.840395e-17
920.9         	2.840395e-17
920.95        	2.840395e-17
921           	2.840395e-17
921.05        	2.840395e-17
921.1         	2.840395e-17
921.15        	2.840395e-17
921.2         	2.840395e-17
921.25        	2.840395e-17
921.3         	2.840395e-17
921.35        	2.840395e-17
921.4         	2.840395e-17
921.45        	2.840395e-17
921.5         	2.840395e-17
921.55        	2.840395e-17
921.6         	2.840395e-17
921.65        	2.840395e-17
921.7         	2.840395e-17
921.75        	2.840395e-17
921.8         	2.840395e-17
921.85        	2.840395e-17
921.9         	2.840395e-17
921.95        	2.840395e-17
922           	2.840395e-17
922.05        	2.840395e-17
922.1         	2.840395e-17
922.15        	2.840395e-17
922.2         	2.840395e-17
922.25        	2.840395e-17
922.3         	2.840395e-17
922.35        	2.840395e-17
922.4         	2.840395e-17
922.45        	2.840395e-17
922.5         	2.840395e-17
922.55        	2.840395e-17
922.6         	2.840395e-17
922.65        	2.840395e-17
922.7         	2.840395e-17
922.75        	2.840395e-17
922.8         	2.840395e-17
922.85        	2.840395e-17
922.9         	2.840395e-17
922.95        	2.840395e-17
923           	2.840395e-17
923.05        	2.840395e-17
923.1         	2.840395e-17
923.15        	2.840395e-17
923.2         	2.840395e-17
923.25        	2.840395e-17
923.3         	2.840395e-17
923.35        	2.840395e-17
923.4         	2.840395e-17
923.45        	2.840395e-17
923.5         	2.840395e-17
923.55        	2.840395e-17
923.6         	2.840395e-17
923.65        	2.840395e-17
923.7         	2.840395e-17
923.75        	2.840395e-17
923.8         	2.840395e-17
923.85        	2.840395e-17
923.9         	2.840395e-17
923.95        	2.840395e-17
924           	2.840395e-17
924.05        	2.840395e-17
924.1         	2.840395e-17
924.15        	2.840395e-17
924.2         	2.840395e-17
924.25        	2.840395e-17
924.3         	2.840395e-17
924.35        	2.840395e-17
924.4         	2.840395e-17
924.45        	2.840395e-17
924.5         	2.840395e-17
924.55        	2.840395e-17
924.6         	2.840395e-17
924.65        	2.840395e-17
924.7         	2.840395e-17
924.75        	2.840395e-17
924.8         	2.840395e-17
924.85        	2.840395e-17
924.9         	2.840395e-17
924.95        	2.840395e-17
925           	2.840395e-17
925.05        	2.840395e-17
925.1         	2.840395e-17
925.15        	2.840395e-17
925.2         	2.840395e-17
925.25        	2.840395e-17
925.3         	2.840395e-17
925.35        	2.840395e-17
925.4         	2.840395e-17
925.45        	2.840395e-17
925.5         	2.840395e-17
925.55        	2.840395e-17
925.6         	2.840395e-17
925.65        	2.840395e-17
925.7         	2.840395e-17
925.75        	2.840395e-17
925.8         	2.840395e-17
925.85        	2.840395e-17
925.9         	2.840395e-17
925.95        	2.840395e-17
926           	2.840395e-17
926.05        	2.840395e-17
926.1         	2.840395e-17
926.15        	2.840395e-17
926.2         	2.840395e-17
926.25        	2.840395e-17
926.3         	2.840395e-17
926.35        	2.840395e-17
926.4         	2.840395e-17
926.45        	2.840395e-17
926.5         	2.840395e-17
926.55        	2.840395e-17
926.6         	2.840395e-17
926.65        	2.840395e-17
926.7         	2.840395e-17
926.75        	2.840395e-17
926.8         	2.840395e-17
926.85        	2.840395e-17
926.9         	2.840395e-17
926.95        	2.840395e-17
927           	2.840395e-17
927.05        	2.840395e-17
927.1         	2.840395e-17
927.15        	2.840395e-17
927.2         	2.840395e-17
927.25        	2.840395e-17
927.3         	2.840395e-17
927.35        	2.840395e-17
927.4         	2.840395e-17
927.45        	2.840395e-17
927.5         	2.840395e-17
927.55        	2.840395e-17
927.6         	2.840395e-17
927.65        	2.840395e-17
927.7         	2.840395e-17
927.75        	2.840395e-17
927.8         	2.840395e-17
927.85        	2.840395e-17
927.9         	2.840395e-17
927.95        	2.840395e-17
928           	2.840395e-17
928.05        	2.840395e-17
928.1         	2.840395e-17
928.15        	2.840395e-17
928.2         	2.840395e-17
928.25        	2.840395e-17
928.3         	2.840395e-17
928.35        	2.840395e-17
928.4         	2.840395e-17
928.45        	2.840395e-17
928.5         	2.840395e-17
928.55        	2.840395e-17
928.6         	2.840395e-17
928.65        	2.840395e-17
928.7         	2.840395e-17
928.75        	2.840395e-17
928.8         	2.840395e-17
928.85        	2.840395e-17
928.9         	2.840395e-17
928.95        	2.840395e-17
929           	2.840395e-17
929.05        	2.840395e-17
929.1         	2.840395e-17
929.15        	2.840395e-17
929.2         	2.840395e-17
929.25        	2.840395e-17
929.3         	2.840395e-17
929.35        	2.840395e-17
929.4         	2.840395e-17
929.45        	2.840395e-17
929.5         	2.840395e-17
929.55        	2.840395e-17
929.6         	2.840395e-17
929.65        	2.840395e-17
929.7         	2.840395e-17
929.75        	2.840395e-17
929.8         	2.840395e-17
929.85        	2.840395e-17
929.9         	2.840395e-17
929.95        	2.840395e-17
930           	2.840395e-17
930.05        	2.840395e-17
930.1         	2.840395e-17
930.15        	2.840395e-17
930.2         	2.840395e-17
930.25        	2.840395e-17
930.3         	2.840395e-17
930.35        	2.840395e-17
930.4         	2.840395e-17
930.45        	2.840395e-17
930.5         	2.840395e-17
930.55        	2.840395e-17
930.6         	2.840395e-17
930.65        	2.840395e-17
930.7         	2.840395e-17
930.75        	2.840395e-17
930.8         	2.840395e-17
930.85        	2.840395e-17
930.9         	2.840395e-17
930.95        	2.840395e-17
931           	2.840395e-17
931.05        	2.840395e-17
931.1         	2.840395e-17
931.15        	2.840395e-17
931.2         	2.840395e-17
931.25        	2.840395e-17
931.3         	2.840395e-17
931.35        	2.840395e-17
931.4         	2.840395e-17
931.45        	2.840395e-17
931.5         	2.840395e-17
931.55        	2.840395e-17
931.6         	2.840395e-17
931.65        	2.840395e-17
931.7         	2.840395e-17
931.75        	2.840395e-17
931.8         	2.840395e-17
931.85        	2.840395e-17
931.9         	2.840395e-17
931.95        	2.840395e-17
932           	2.840395e-17
932.05        	2.840395e-17
932.1         	2.840395e-17
932.15        	2.840395e-17
932.2         	2.840395e-17
932.25        	2.840395e-17
932.3         	2.840395e-17
932.35        	2.840395e-17
932.4         	2.840395e-17
932.45        	2.840395e-17
932.5         	2.840395e-17
932.55        	2.840395e-17
932.6         	2.840395e-17
932.65        	2.840395e-17
932.7         	2.840395e-17
932.75        	2.840395e-17
932.8         	2.840395e-17
932.85        	2.840395e-17
932.9         	2.840395e-17
932.95        	2.840395e-17
933           	2.840395e-17
933.05        	2.840395e-17
933.1         	2.840395e-17
933.15        	2.840395e-17
933.2         	2.840395e-17
933.25        	2.840395e-17
933.3         	2.840395e-17
933.35        	2.840395e-17
933.4         	2.840395e-17
933.45        	2.840395e-17
933.5         	2.840395e-17
933.55        	2.840395e-17
933.6         	2.840395e-17
933.65        	2.840395e-17
933.7         	2.840395e-17
933.75        	2.840395e-17
933.8         	2.840395e-17
933.85        	2.840395e-17
933.9         	2.840395e-17
933.95        	2.840395e-17
934           	2.840395e-17
934.05        	2.840395e-17
934.1         	2.840395e-17
934.15        	2.840395e-17
934.2         	2.840395e-17
934.25        	2.840395e-17
934.3         	2.840395e-17
934.35        	2.840395e-17
934.4         	2.840395e-17
934.45        	2.840395e-17
934.5         	2.840395e-17
934.55        	2.840395e-17
934.6         	2.840395e-17
934.65        	2.840395e-17
934.7         	2.840395e-17
934.75        	2.840395e-17
934.8         	2.840395e-17
934.85        	2.840395e-17
934.9         	2.840395e-17
934.95        	2.840395e-17
935           	2.840395e-17
935.05        	2.840395e-17
935.1         	2.840395e-17
935.15        	2.840395e-17
935.2         	2.840395e-17
935.25        	2.840395e-17
935.3         	2.840395e-17
935.35        	2.840395e-17
935.4         	2.840395e-17
935.45        	2.840395e-17
935.5         	2.840395e-17
935.55        	2.840395e-17
935.6         	2.840395e-17
935.65        	2.840395e-17
935.7         	2.840395e-17
935.75        	2.840395e-17
935.8         	2.840395e-17
935.85        	2.840395e-17
935.9         	2.840395e-17
935.95        	2.840395e-17
936           	2.840395e-17
936.05        	2.840395e-17
936.1         	2.840395e-17
936.15        	2.840395e-17
936.2         	2.840395e-17
936.25        	2.840395e-17
936.3         	2.840395e-17
936.35        	2.840395e-17
936.4         	2.840395e-17
936.45        	2.840395e-17
936.5         	2.840395e-17
936.55        	2.840395e-17
936.6         	2.840395e-17
936.65        	2.840395e-17
936.7         	2.840395e-17
936.75        	2.840395e-17
936.8         	2.840395e-17
936.85        	2.840395e-17
936.9         	2.840395e-17
936.95        	2.840395e-17
937           	2.840395e-17
937.05        	2.840395e-17
937.1         	2.840395e-17
937.15        	2.840395e-17
937.2         	2.840395e-17
937.25        	2.840395e-17
937.3         	2.840395e-17
937.35        	2.840395e-17
937.4         	2.840395e-17
937.45        	2.840395e-17
937.5         	2.840395e-17
937.55        	2.840395e-17
937.6         	2.840395e-17
937.65        	2.840395e-17
937.7         	2.840395e-17
937.75        	2.840395e-17
937.8         	2.840395e-17
937.85        	2.840395e-17
937.9         	2.840395e-17
937.95        	2.840395e-17
938           	2.840395e-17
938.05        	2.840395e-17
938.1         	2.840395e-17
938.15        	2.840395e-17
938.2         	2.840395e-17
938.25        	2.840395e-17
938.3         	2.840395e-17
938.35        	2.840395e-17
938.4         	2.840395e-17
938.45        	2.840395e-17
938.5         	2.840395e-17
938.55        	2.840395e-17
938.6         	2.840395e-17
938.65        	2.840395e-17
938.7         	2.840395e-17
938.75        	2.840395e-17
938.8         	2.840395e-17
938.85        	2.840395e-17
938.9         	2.840395e-17
938.95        	2.840395e-17
939           	2.840395e-17
939.05        	2.840395e-17
939.1         	2.840395e-17
939.15        	2.840395e-17
939.2         	2.840395e-17
939.25        	2.840395e-17
939.3         	2.840395e-17
939.35        	2.840395e-17
939.4         	2.840395e-17
939.45        	2.840395e-17
939.5         	2.840395e-17
939.55        	2.840395e-17
939.6         	2.840395e-17
939.65        	2.840395e-17
939.7         	2.840395e-17
939.75        	2.840395e-17
939.8         	2.840395e-17
939.85        	2.840395e-17
939.9         	2.840395e-17
939.95        	2.840395e-17
940           	2.840395e-17
940.05        	2.840395e-17
940.1         	2.840395e-17
940.15        	2.840395e-17
940.2         	2.840395e-17
940.25        	2.840395e-17
940.3         	2.840395e-17
940.35        	2.840395e-17
940.4         	2.840395e-17
940.45        	2.840395e-17
940.5         	2.840395e-17
940.55        	2.840395e-17
940.6         	2.840395e-17
940.65        	2.840395e-17
940.7         	2.840395e-17
940.75        	2.840395e-17
940.8         	2.840395e-17
940.85        	2.840395e-17
940.9         	2.840395e-17
940.95        	2.840395e-17
941           	2.840395e-17
941.05        	2.840395e-17
941.1         	2.840395e-17
941.15        	2.840395e-17
941.2         	2.840395e-17
941.25        	2.840395e-17
941.3         	2.840395e-17
941.35        	2.840395e-17
941.4         	2.840395e-17
941.45        	2.840395e-17
941.5         	2.840395e-17
941.55        	2.840395e-17
941.6         	2.840395e-17
941.65        	2.840395e-17
941.7         	2.840395e-17
941.75        	2.840395e-17
941.8         	2.840395e-17
941.85        	2.840395e-17
941.9         	2.840395e-17
941.95        	2.840395e-17
942           	2.840395e-17
942.05        	2.840395e-17
942.1         	2.840395e-17
942.15        	2.840395e-17
942.2         	2.840395e-17
942.25        	2.840395e-17
942.3         	2.840395e-17
942.35        	2.840395e-17
942.4         	2.840395e-17
942.45        	2.840395e-17
942.5         	2.840395e-17
942.55        	2.840395e-17
942.6         	2.840395e-17
942.65        	2.840395e-17
942.7         	2.840395e-17
942.75        	2.840395e-17
942.8         	2.840395e-17
942.85        	2.840395e-17
942.9         	2.840395e-17
942.95        	2.840395e-17
943           	2.840395e-17
943.05        	2.840395e-17
943.1         	2.840395e-17
943.15        	2.840395e-17
943.2         	2.840395e-17
943.25        	2.840395e-17
943.3         	2.840395e-17
943.35        	2.840395e-17
943.4         	2.840395e-17
943.45        	2.840395e-17
943.5         	2.840395e-17
943.55        	2.840395e-17
943.6         	2.840395e-17
943.65        	2.840395e-17
943.7         	2.840395e-17
943.75        	2.840395e-17
943.8         	2.840395e-17
943.85        	2.840395e-17
943.9         	2.840395e-17
943.95        	2.840395e-17
944           	2.840395e-17
944.05        	2.840395e-17
944.1         	2.840395e-17
944.15        	2.840395e-17
944.2         	2.840395e-17
944.25        	2.840395e-17
944.3         	2.840395e-17
944.35        	2.840395e-17
944.4         	2.840395e-17
944.45        	2.840395e-17
944.5         	2.840395e-17
944.55        	2.840395e-17
944.6         	2.840395e-17
944.65        	2.840395e-17
944.7         	2.840395e-17
944.75        	2.840395e-17
944.8         	2.840395e-17
944.85        	2.840395e-17
944.9         	2.840395e-17
944.95        	2.840395e-17
945           	2.840395e-17
945.05        	2.840395e-17
945.1         	2.840395e-17
945.15        	2.840395e-17
945.2         	2.840395e-17
945.25        	2.840395e-17
945.3         	2.840395e-17
945.35        	2.840395e-17
945.4         	2.840395e-17
945.45        	2.840395e-17
945.5         	2.840395e-17
945.55        	2.840395e-17
945.6         	2.840395e-17
945.65        	2.840395e-17
945.7         	2.840395e-17
945.75        	2.840395e-17
945.8         	2.840395e-17
945.85        	2.840395e-17
945.9         	2.840395e-17
945.95        	2.840395e-17
946           	2.840395e-17
946.05        	2.840395e-17
946.1         	2.840395e-17
946.15        	2.840395e-17
946.2         	2.840395e-17
946.25        	2.840395e-17
946.3         	2.840395e-17
946.35        	2.840395e-17
946.4         	2.840395e-17
946.45        	2.840395e-17
946.5         	2.840395e-17
946.55        	2.840395e-17
946.6         	2.840395e-17
946.65        	2.840395e-17
946.7         	2.840395e-17
946.75        	2.840395e-17
946.8         	2.840395e-17
946.85        	2.840395e-17
946.9         	2.840395e-17
946.95        	2.840395e-17
947           	2.840395e-17
947.05        	2.840395e-17
947.1         	2.840395e-17
947.15        	2.840395e-17
947.2         	2.840395e-17
947.25        	2.840395e-17
947.3         	2.840395e-17
947.35        	2.840395e-17
947.4         	2.840395e-17
947.45        	2.840395e-17
947.5         	2.840395e-17
947.55        	2.840395e-17
947.6         	2.840395e-17
947.65        	2.840395e-17
947.7         	2.840395e-17
947.75        	2.840395e-17
947.8         	2.840395e-17
947.85        	2.840395e-17
947.9         	2.840395e-17
947.95        	2.840395e-17
948           	2.840395e-17
948.05        	2.840395e-17
948.1         	2.840395e-17
948.15        	2.840395e-17
948.2         	2.840395e-17
948.25        	2.840395e-17
948.3         	2.840395e-17
948.35        	2.840395e-17
948.4         	2.840395e-17
948.45        	2.840395e-17
948.5         	2.840395e-17
948.55        	2.840395e-17
948.6         	2.840395e-17
948.65        	2.840395e-17
948.7         	2.840395e-17
948.75        	2.840395e-17
948.8         	2.840395e-17
948.85        	2.840395e-17
948.9         	2.840395e-17
948.95        	2.840395e-17
949           	2.840395e-17
949.05        	2.840395e-17
949.1         	2.840395e-17
949.15        	2.840395e-17
949.2         	2.840395e-17
949.25        	2.840395e-17
949.3         	2.840395e-17
949.35        	2.840395e-17
949.4         	2.840395e-17
949.45        	2.840395e-17
949.5         	2.840395e-17
949.55        	2.840395e-17
949.6         	2.840395e-17
949.65        	2.840395e-17
949.7         	2.840395e-17
949.75        	2.840395e-17
949.8         	2.840395e-17
949.85        	2.840395e-17
949.9         	2.840395e-17
949.95        	2.840395e-17
950           	2.840395e-17
950.05        	2.840395e-17
950.1         	2.840395e-17
950.15        	2.840395e-17
950.2         	2.840395e-17
950.25        	2.840395e-17
950.3         	2.840395e-17
950.35        	2.840395e-17
950.4         	2.840395e-17
950.45        	2.840395e-17
950.5         	2.840395e-17
950.55        	2.840395e-17
950.6         	2.840395e-17
950.65        	2.840395e-17
950.7         	2.840395e-17
950.75        	2.840395e-17
950.8         	2.840395e-17
950.85        	2.840395e-17
950.9         	2.840395e-17
950.95        	2.840395e-17
951           	2.840395e-17
951.05        	2.840395e-17
951.1         	2.840395e-17
951.15        	2.840395e-17
951.2         	2.840395e-17
951.25        	2.840395e-17
951.3         	2.840395e-17
951.35        	2.840395e-17
951.4         	2.840395e-17
951.45        	2.840395e-17
951.5         	2.840395e-17
951.55        	2.840395e-17
951.6         	2.840395e-17
951.65        	2.840395e-17
951.7         	2.840395e-17
951.75        	2.840395e-17
951.8         	2.840395e-17
951.85        	2.840395e-17
951.9         	2.840395e-17
951.95        	2.840395e-17
952           	2.840395e-17
952.05        	2.840395e-17
952.1         	2.840395e-17
952.15        	2.840395e-17
952.2         	2.840395e-17
952.25        	2.840395e-17
952.3         	2.840395e-17
952.35        	2.840395e-17
952.4         	2.840395e-17
952.45        	2.840395e-17
952.5         	2.840395e-17
952.55        	2.840395e-17
952.6         	2.840395e-17
952.65        	2.840395e-17
952.7         	2.840395e-17
952.75        	2.840395e-17
952.8         	2.840395e-17
952.85        	2.840395e-17
952.9         	2.840395e-17
952.95        	2.840395e-17
953           	2.840395e-17
953.05        	2.840395e-17
953.1         	2.840395e-17
953.15        	2.840395e-17
953.2         	2.840395e-17
953.25        	2.840395e-17
953.3         	2.840395e-17
953.35        	2.840395e-17
953.4         	2.840395e-17
953.45        	2.840395e-17
953.5         	2.840395e-17
953.55        	2.840395e-17
953.6         	2.840395e-17
953.65        	2.840395e-17
953.7         	2.840395e-17
953.75        	2.840395e-17
953.8         	2.840395e-17
953.85        	2.840395e-17
953.9         	2.840395e-17
953.95        	2.840395e-17
954           	2.840395e-17
954.05        	2.840395e-17
954.1         	2.840395e-17
954.15        	2.840395e-17
954.2         	2.840395e-17
954.25        	2.840395e-17
954.3         	2.840395e-17
954.35        	2.840395e-17
954.4         	2.840395e-17
954.45        	2.840395e-17
954.5         	2.840395e-17
954.55        	2.840395e-17
954.6         	2.840395e-17
954.65        	2.840395e-17
954.7         	2.840395e-17
954.75        	2.840395e-17
954.8         	2.840395e-17
954.85        	2.840395e-17
954.9         	2.840395e-17
954.95        	2.840395e-17
955           	2.840395e-17
955.05        	2.840395e-17
955.1         	2.840395e-17
955.15        	2.840395e-17
955.2         	2.840395e-17
955.25        	2.840395e-17
955.3         	2.840395e-17
955.35        	2.840395e-17
955.4         	2.840395e-17
955.45        	2.840395e-17
955.5         	2.840395e-17
955.55        	2.840395e-17
955.6         	2.840395e-17
955.65        	2.840395e-17
955.7         	2.840395e-17
955.75        	2.840395e-17
955.8         	2.840395e-17
955.85        	2.840395e-17
955.9         	2.840395e-17
955.95        	2.840395e-17
956           	2.840395e-17
956.05        	2.840395e-17
956.1         	2.840395e-17
956.15        	2.840395e-17
956.2         	2.840395e-17
956.25        	2.840395e-17
956.3         	2.840395e-17
956.35        	2.840395e-17
956.4         	2.840395e-17
956.45        	2.840395e-17
956.5         	2.840395e-17
956.55        	2.840395e-17
956.6         	2.840395e-17
956.65        	2.840395e-17
956.7         	2.840395e-17
956.75        	2.840395e-17
956.8         	2.840395e-17
956.85        	2.840395e-17
956.9         	2.840395e-17
956.95        	2.840395e-17
957           	2.840395e-17
957.05        	2.840395e-17
957.1         	2.840395e-17
957.15        	2.840395e-17
957.2         	2.840395e-17
957.25        	2.840395e-17
957.3         	2.840395e-17
957.35        	2.840395e-17
957.4         	2.840395e-17
957.45        	2.840395e-17
957.5         	2.840395e-17
957.55        	2.840395e-17
957.6         	2.840395e-17
957.65        	2.840395e-17
957.7         	2.840395e-17
957.75        	2.840395e-17
957.8         	2.840395e-17
957.85        	2.840395e-17
957.9         	2.840395e-17
957.95        	2.840395e-17
958           	2.840395e-17
958.05        	2.840395e-17
958.1         	2.840395e-17
958.15        	2.840395e-17
958.2         	2.840395e-17
958.25        	2.840395e-17
958.3         	2.840395e-17
958.35        	2.840395e-17
958.4         	2.840395e-17
958.45        	2.840395e-17
958.5         	2.840395e-17
958.55        	2.840395e-17
958.6         	2.840395e-17
958.65        	2.840395e-17
958.7         	2.840395e-17
958.75        	2.840395e-17
958.8         	2.840395e-17
958.85        	2.840395e-17
958.9         	2.840395e-17
958.95        	2.840395e-17
959           	2.840395e-17
959.05        	2.840395e-17
959.1         	2.840395e-17
959.15        	2.840395e-17
959.2         	2.840395e-17
959.25        	2.840395e-17
959.3         	2.840395e-17
959.35        	2.840395e-17
959.4         	2.840395e-17
959.45        	2.840395e-17
959.5         	2.840395e-17
959.55        	2.840395e-17
959.6         	2.840395e-17
959.65        	2.840395e-17
959.7         	2.840395e-17
959.75        	2.840395e-17
959.8         	2.840395e-17
959.85        	2.840395e-17
959.9         	2.840395e-17
959.95        	2.840395e-17
960           	2.840395e-17
960.05        	2.840395e-17
960.1         	2.840395e-17
960.15        	2.840395e-17
960.2         	2.840395e-17
960.25        	2.840395e-17
960.3         	2.840395e-17
960.35        	2.840395e-17
960.4         	2.840395e-17
960.45        	2.840395e-17
960.5         	2.840395e-17
960.55        	2.840395e-17
960.6         	2.840395e-17
960.65        	2.840395e-17
960.7         	2.840395e-17
960.75        	2.840395e-17
960.8         	2.840395e-17
960.85        	2.840395e-17
960.9         	2.840395e-17
960.95        	2.840395e-17
961           	2.840395e-17
961.05        	2.840395e-17
961.1         	2.840395e-17
961.15        	2.840395e-17
961.2         	2.840395e-17
961.25        	2.840395e-17
961.3         	2.840395e-17
961.35        	2.840395e-17
961.4         	2.840395e-17
961.45        	2.840395e-17
961.5         	2.840395e-17
961.55        	2.840395e-17
961.6         	2.840395e-17
961.65        	2.840395e-17
961.7         	2.840395e-17
961.75        	2.840395e-17
961.8         	2.840395e-17
961.85        	2.840395e-17
961.9         	2.840395e-17
961.95        	2.840395e-17
962           	2.840395e-17
962.05        	2.840395e-17
962.1         	2.840395e-17
962.15        	2.840395e-17
962.2         	2.840395e-17
962.25        	2.840395e-17
962.3         	2.840395e-17
962.35        	2.840395e-17
962.4         	2.840395e-17
962.45        	2.840395e-17
962.5         	2.840395e-17
962.55        	2.840395e-17
962.6         	2.840395e-17
962.65        	2.840395e-17
962.7         	2.840395e-17
962.75        	2.840395e-17
962.8         	2.840395e-17
962.85        	2.840395e-17
962.9         	2.840395e-17
962.95        	2.840395e-17
963           	2.840395e-17
963.05        	2.840395e-17
963.1         	2.840395e-17
963.15        	2.840395e-17
963.2         	2.840395e-17
963.25        	2.840395e-17
963.3         	2.840395e-17
963.35        	2.840395e-17
963.4         	2.840395e-17
963.45        	2.840395e-17
963.5         	2.840395e-17
963.55        	2.840395e-17
963.6         	2.840395e-17
963.65        	2.840395e-17
963.7         	2.840395e-17
963.75        	2.840395e-17
963.8         	2.840395e-17
963.85        	2.840395e-17
963.9         	2.840395e-17
963.95        	2.840395e-17
964           	2.840395e-17
964.05        	2.840395e-17
964.1         	2.840395e-17
964.15        	2.840395e-17
964.2         	2.840395e-17
964.25        	2.840395e-17
964.3         	2.840395e-17
964.35        	2.840395e-17
964.4         	2.840395e-17
964.45        	2.840395e-17
964.5         	2.840395e-17
964.55        	2.840395e-17
964.6         	2.840395e-17
964.65        	2.840395e-17
964.7         	2.840395e-17
964.75        	2.840395e-17
964.8         	2.840395e-17
964.85        	2.840395e-17
964.9         	2.840395e-17
964.95        	2.840395e-17
965           	2.840395e-17
965.05        	2.840395e-17
965.1         	2.840395e-17
965.15        	2.840395e-17
965.2         	2.840395e-17
965.25        	2.840395e-17
965.3         	2.840395e-17
965.35        	2.840395e-17
965.4         	2.840395e-17
965.45        	2.840395e-17
965.5         	2.840395e-17
965.55        	2.840395e-17
965.6         	2.840395e-17
965.65        	2.840395e-17
965.7         	2.840395e-17
965.75        	2.840395e-17
965.8         	2.840395e-17
965.85        	2.840395e-17
965.9         	2.840395e-17
965.95        	2.840395e-17
966           	2.840395e-17
966.05        	2.840395e-17
966.1         	2.840395e-17
966.15        	2.840395e-17
966.2         	2.840395e-17
966.25        	2.840395e-17
966.3         	2.840395e-17
966.35        	2.840395e-17
966.4         	2.840395e-17
966.45        	2.840395e-17
966.5         	2.840395e-17
966.55        	2.840395e-17
966.6         	2.840395e-17
966.65        	2.840395e-17
966.7         	2.840395e-17
966.75        	2.840395e-17
966.8         	2.840395e-17
966.85        	2.840395e-17
966.9         	2.840395e-17
966.95        	2.840395e-17
967           	2.840395e-17
967.05        	2.840395e-17
967.1         	2.840395e-17
967.15        	2.840395e-17
967.2         	2.840395e-17
967.25        	2.840395e-17
967.3         	2.840395e-17
967.35        	2.840395e-17
967.4         	2.840395e-17
967.45        	2.840395e-17
967.5         	2.840395e-17
967.55        	2.840395e-17
967.6         	2.840395e-17
967.65        	2.840395e-17
967.7         	2.840395e-17
967.75        	2.840395e-17
967.8         	2.840395e-17
967.85        	2.840395e-17
967.9         	2.840395e-17
967.95        	2.840395e-17
968           	2.840395e-17
968.05        	2.840395e-17
968.1         	2.840395e-17
968.15        	2.840395e-17
968.2         	2.840395e-17
968.25        	2.840395e-17
968.3         	2.840395e-17
968.35        	2.840395e-17
968.4         	2.840395e-17
968.45        	2.840395e-17
968.5         	2.840395e-17
968.55        	2.840395e-17
968.6         	2.840395e-17
968.65        	2.840395e-17
968.7         	2.840395e-17
968.75        	2.840395e-17
968.8         	2.840395e-17
968.85        	2.840395e-17
968.9         	2.840395e-17
968.95        	2.840395e-17
969           	2.840395e-17
969.05        	2.840395e-17
969.1         	2.840395e-17
969.15        	2.840395e-17
969.2         	2.840395e-17
969.25        	2.840395e-17
969.3         	2.840395e-17
969.35        	2.840395e-17
969.4         	2.840395e-17
969.45        	2.840395e-17
969.5         	2.840395e-17
969.55        	2.840395e-17
969.6         	2.840395e-17
969.65        	2.840395e-17
969.7         	2.840395e-17
969.75        	2.840395e-17
969.8         	2.840395e-17
969.85        	2.840395e-17
969.9         	2.840395e-17
969.95        	2.840395e-17
970           	2.840395e-17
970.05        	2.840395e-17
970.1         	2.840395e-17
970.15        	2.840395e-17
970.2         	2.840395e-17
970.25        	2.840395e-17
970.3         	2.840395e-17
970.35        	2.840395e-17
970.4         	2.840395e-17
970.45        	2.840395e-17
970.5         	2.840395e-17
970.55        	2.840395e-17
970.6         	2.840395e-17
970.65        	2.840395e-17
970.7         	2.840395e-17
970.75        	2.840395e-17
970.8         	2.840395e-17
970.85        	2.840395e-17
970.9         	2.840395e-17
970.95        	2.840395e-17
971           	2.840395e-17
971.05        	2.840395e-17
971.1         	2.840395e-17
971.15        	2.840395e-17
971.2         	2.840395e-17
971.25        	2.840395e-17
971.3         	2.840395e-17
971.35        	2.840395e-17
971.4         	2.840395e-17
971.45        	2.840395e-17
971.5         	2.840395e-17
971.55        	2.840395e-17
971.6         	2.840395e-17
971.65        	2.840395e-17
971.7         	2.840395e-17
971.75        	2.840395e-17
971.8         	2.840395e-17
971.85        	2.840395e-17
971.9         	2.840395e-17
971.95        	2.840395e-17
972           	2.840395e-17
972.05        	2.840395e-17
972.1         	2.840395e-17
972.15        	2.840395e-17
972.2         	2.840395e-17
972.25        	2.840395e-17
972.3         	2.840395e-17
972.35        	2.840395e-17
972.4         	2.840395e-17
972.45        	2.840395e-17
972.5         	2.840395e-17
972.55        	2.840395e-17
972.6         	2.840395e-17
972.65        	2.840395e-17
972.7         	2.840395e-17
972.75        	2.840395e-17
972.8         	2.840395e-17
972.85        	2.840395e-17
972.9         	2.840395e-17
972.95        	2.840395e-17
973           	2.840395e-17
973.05        	2.840395e-17
973.1         	2.840395e-17
973.15        	2.840395e-17
973.2         	2.840395e-17
973.25        	2.840395e-17
973.3         	2.840395e-17
973.35        	2.840395e-17
973.4         	2.840395e-17
973.45        	2.840395e-17
973.5         	2.840395e-17
973.55        	2.840395e-17
973.6         	2.840395e-17
973.65        	2.840395e-17
973.7         	2.840395e-17
973.75        	2.840395e-17
973.8         	2.840395e-17
973.85        	2.840395e-17
973.9         	2.840395e-17
973.95        	2.840395e-17
974           	2.840395e-17
974.05        	2.840395e-17
974.1         	2.840395e-17
974.15        	2.840395e-17
974.2         	2.840395e-17
974.25        	2.840395e-17
974.3         	2.840395e-17
974.35        	2.840395e-17
974.4         	2.840395e-17
974.45        	2.840395e-17
974.5         	2.840395e-17
974.55        	2.840395e-17
974.6         	2.840395e-17
974.65        	2.840395e-17
974.7         	2.840395e-17
974.75        	2.840395e-17
974.8         	2.840395e-17
974.85        	2.840395e-17
974.9         	2.840395e-17
974.95        	2.840395e-17
975           	2.840395e-17
975.05        	2.840395e-17
975.1         	2.840395e-17
975.15        	2.840395e-17
975.2         	2.840395e-17
975.25        	2.840395e-17
975.3         	2.840395e-17
975.35        	2.840395e-17
975.4         	2.840395e-17
975.45        	2.840395e-17
975.5         	2.840395e-17
975.55        	2.840395e-17
975.6         	2.840395e-17
975.65        	2.840395e-17
975.7         	2.840395e-17
975.75        	2.840395e-17
975.8         	2.840395e-17
975.85        	2.840395e-17
975.9         	2.840395e-17
975.95        	2.840395e-17
976           	2.840395e-17
976.05        	2.840395e-17
976.1         	2.840395e-17
976.15        	2.840395e-17
976.2         	2.840395e-17
976.25        	2.840395e-17
976.3         	2.840395e-17
976.35        	2.840395e-17
976.4         	2.840395e-17
976.45        	2.840395e-17
976.5         	2.840395e-17
976.55        	2.840395e-17
976.6         	2.840395e-17
976.65        	2.840395e-17
976.7         	2.840395e-17
976.75        	2.840395e-17
976.8         	2.840395e-17
976.85        	2.840395e-17
976.9         	2.840395e-17
976.95        	2.840395e-17
977           	2.840395e-17
977.05        	2.840395e-17
977.1         	2.840395e-17
977.15        	2.840395e-17
977.2         	2.840395e-17
977.25        	2.840395e-17
977.3         	2.840395e-17
977.35        	2.840395e-17
977.4         	2.840395e-17
977.45        	2.840395e-17
977.5         	2.840395e-17
977.55        	2.840395e-17
977.6         	2.840395e-17
977.65        	2.840395e-17
977.7         	2.840395e-17
977.75        	2.840395e-17
977.8         	2.840395e-17
977.85        	2.840395e-17
977.9         	2.840395e-17
977.95        	2.840395e-17
978           	2.840395e-17
978.05        	2.840395e-17
978.1         	2.840395e-17
978.15        	2.840395e-17
978.2         	2.840395e-17
978.25        	2.840395e-17
978.3         	2.840395e-17
978.35        	2.840395e-17
978.4         	2.840395e-17
978.45        	2.840395e-17
978.5         	2.840395e-17
978.55        	2.840395e-17
978.6         	2.840395e-17
978.65        	2.840395e-17
978.7         	2.840395e-17
978.75        	2.840395e-17
978.8         	2.840395e-17
978.85        	2.840395e-17
978.9         	2.840395e-17
978.95        	2.840395e-17
979           	2.840395e-17
979.05        	2.840395e-17
979.1         	2.840395e-17
979.15        	2.840395e-17
979.2         	2.840395e-17
979.25        	2.840395e-17
979.3         	2.840395e-17
979.35        	2.840395e-17
979.4         	2.840395e-17
979.45        	2.840395e-17
979.5         	2.840395e-17
979.55        	2.840395e-17
979.6         	2.840395e-17
979.65        	2.840395e-17
979.7         	2.840395e-17
979.75        	2.840395e-17
979.8         	2.840395e-17
979.85        	2.840395e-17
979.9         	2.840395e-17
979.95        	2.840395e-17
980           	2.840395e-17
980.05        	2.840395e-17
980.1         	2.840395e-17
980.15        	2.840395e-17
980.2         	2.840395e-17
980.25        	2.840395e-17
980.3         	2.840395e-17
980.35        	2.840395e-17
980.4         	2.840395e-17
980.45        	2.840395e-17
980.5         	2.840395e-17
980.55        	2.840395e-17
980.6         	2.840395e-17
980.65        	2.840395e-17
980.7         	2.840395e-17
980.75        	2.840395e-17
980.8         	2.840395e-17
980.85        	2.840395e-17
980.9         	2.840395e-17
980.95        	2.840395e-17
981           	2.840395e-17
981.05        	2.840395e-17
981.1         	2.840395e-17
981.15        	2.840395e-17
981.2         	2.840395e-17
981.25        	2.840395e-17
981.3         	2.840395e-17
981.35        	2.840395e-17
981.4         	2.840395e-17
981.45        	2.840395e-17
981.5         	2.840395e-17
981.55        	2.840395e-17
981.6         	2.840395e-17
981.65        	2.840395e-17
981.7         	2.840395e-17
981.75        	2.840395e-17
981.8         	2.840395e-17
981.85        	2.840395e-17
981.9         	2.840395e-17
981.95        	2.840395e-17
982           	2.840395e-17
982.05        	2.840395e-17
982.1         	2.840395e-17
982.15        	2.840395e-17
982.2         	2.840395e-17
982.25        	2.840395e-17
982.3         	2.840395e-17
982.35        	2.840395e-17
982.4         	2.840395e-17
982.45        	2.840395e-17
982.5         	2.840395e-17
982.55        	2.840395e-17
982.6         	2.840395e-17
982.65        	2.840395e-17
982.7         	2.840395e-17
982.75        	2.840395e-17
982.8         	2.840395e-17
982.85        	2.840395e-17
982.9         	2.840395e-17
982.95        	2.840395e-17
983           	2.840395e-17
983.05        	2.840395e-17
983.1         	2.840395e-17
983.15        	2.840395e-17
983.2         	2.840395e-17
983.25        	2.840395e-17
983.3         	2.840395e-17
983.35        	2.840395e-17
983.4         	2.840395e-17
983.45        	2.840395e-17
983.5         	2.840395e-17
983.55        	2.840395e-17
983.6         	2.840395e-17
983.65        	2.840395e-17
983.7         	2.840395e-17
983.75        	2.840395e-17
983.8         	2.840395e-17
983.85        	2.840395e-17
983.9         	2.840395e-17
983.95        	2.840395e-17
984           	2.840395e-17
984.05        	2.840395e-17
984.1         	2.840395e-17
984.15        	2.840395e-17
984.2         	2.840395e-17
984.25        	2.840395e-17
984.3         	2.840395e-17
984.35        	2.840395e-17
984.4         	2.840395e-17
984.45        	2.840395e-17
984.5         	2.840395e-17
984.55        	2.840395e-17
984.6         	2.840395e-17
984.65        	2.840395e-17
984.7         	2.840395e-17
984.75        	2.840395e-17
984.8         	2.840395e-17
984.85        	2.840395e-17
984.9         	2.840395e-17
984.95        	2.840395e-17
985           	2.840395e-17
985.05        	2.840395e-17
985.1         	2.840395e-17
985.15        	2.840395e-17
985.2         	2.840395e-17
985.25        	2.840395e-17
985.3         	2.840395e-17
985.35        	2.840395e-17
985.4         	2.840395e-17
985.45        	2.840395e-17
985.5         	2.840395e-17
985.55        	2.840395e-17
985.6         	2.840395e-17
985.65        	2.840395e-17
985.7         	2.840395e-17
985.75        	2.840395e-17
985.8         	2.840395e-17
985.85        	2.840395e-17
985.9         	2.840395e-17
985.95        	2.840395e-17
986           	2.840395e-17
986.05        	2.840395e-17
986.1         	2.840395e-17
986.15        	2.840395e-17
986.2         	2.840395e-17
986.25        	2.840395e-17
986.3         	2.840395e-17
986.35        	2.840395e-17
986.4         	2.840395e-17
986.45        	2.840395e-17
986.5         	2.840395e-17
986.55        	2.840395e-17
986.6         	2.840395e-17
986.65        	2.840395e-17
986.7         	2.840395e-17
986.75        	2.840395e-17
986.8         	2.840395e-17
986.85        	2.840395e-17
986.9         	2.840395e-17
986.95        	2.840395e-17
987           	2.840395e-17
987.05        	2.840395e-17
987.1         	2.840395e-17
987.15        	2.840395e-17
987.2         	2.840395e-17
987.25        	2.840395e-17
987.3         	2.840395e-17
987.35        	2.840395e-17
987.4         	2.840395e-17
987.45        	2.840395e-17
987.5         	2.840395e-17
987.55        	2.840395e-17
987.6         	2.840395e-17
987.65        	2.840395e-17
987.7         	2.840395e-17
987.75        	2.840395e-17
987.8         	2.840395e-17
987.85        	2.840395e-17
987.9         	2.840395e-17
987.95        	2.840395e-17
988           	2.840395e-17
988.05        	2.840395e-17
988.1         	2.840395e-17
988.15        	2.840395e-17
988.2         	2.840395e-17
988.25        	2.840395e-17
988.3         	2.840395e-17
988.35        	2.840395e-17
988.4         	2.840395e-17
988.45        	2.840395e-17
988.5         	2.840395e-17
988.55        	2.840395e-17
988.6         	2.840395e-17
988.65        	2.840395e-17
988.7         	2.840395e-17
988.75        	2.840395e-17
988.8         	2.840395e-17
988.85        	2.840395e-17
988.9         	2.840395e-17
988.95        	2.840395e-17
989           	2.840395e-17
989.05        	2.840395e-17
989.1         	2.840395e-17
989.15        	2.840395e-17
989.2         	2.840395e-17
989.25        	2.840395e-17
989.3         	2.840395e-17
989.35        	2.840395e-17
989.4         	2.840395e-17
989.45        	2.840395e-17
989.5         	2.840395e-17
989.55        	2.840395e-17
989.6         	2.840395e-17
989.65        	2.840395e-17
989.7         	2.840395e-17
989.75        	2.840395e-17
989.8         	2.840395e-17
989.85        	2.840395e-17
989.9         	2.840395e-17
989.95        	2.840395e-17
990           	2.840395e-17
990.05        	2.840395e-17
990.1         	2.840395e-17
990.15        	2.840395e-17
990.2         	2.840395e-17
990.25        	2.840395e-17
990.3         	2.840395e-17
990.35        	2.840395e-17
990.4         	2.840395e-17
990.45        	2.840395e-17
990.5         	2.840395e-17
990.55        	2.840395e-17
990.6         	2.840395e-17
990.65        	2.840395e-17
990.7         	2.840395e-17
990.75        	2.840395e-17
990.8         	2.840395e-17
990.85        	2.840395e-17
990.9         	2.840395e-17
990.95        	2.840395e-17
991           	2.840395e-17
991.05        	2.840395e-17
991.1         	2.840395e-17
991.15        	2.840395e-17
991.2         	2.840395e-17
991.25        	2.840395e-17
991.3         	2.840395e-17
991.35        	2.840395e-17
991.4         	2.840395e-17
991.45        	2.840395e-17
991.5         	2.840395e-17
991.55        	2.840395e-17
991.6         	2.840395e-17
991.65        	2.840395e-17
991.7         	2.840395e-17
991.75        	2.840395e-17
991.8         	2.840395e-17
991.85        	2.840395e-17
991.9         	2.840395e-17
991.95        	2.840395e-17
992           	2.840395e-17
992.05        	2.840395e-17
992.1         	2.840395e-17
992.15        	2.840395e-17
992.2         	2.840395e-17
992.25        	2.840395e-17
992.3         	2.840395e-17
992.35        	2.840395e-17
992.4         	2.840395e-17
992.45        	2.840395e-17
992.5         	2.840395e-17
992.55        	2.840395e-17
992.6         	2.840395e-17
992.65        	2.840395e-17
992.7         	2.840395e-17
992.75        	2.840395e-17
992.8         	2.840395e-17
992.85        	2.840395e-17
992.9         	2.840395e-17
992.95        	2.840395e-17
993           	2.840395e-17
993.05        	2.840395e-17
993.1         	2.840395e-17
993.15        	2.840395e-17
993.2         	2.840395e-17
993.25        	2.840395e-17
993.3         	2.840395e-17
993.35        	2.840395e-17
993.4         	2.840395e-17
993.45        	2.840395e-17
993.5         	2.840395e-17
993.55        	2.840395e-17
993.6         	2.840395e-17
993.65        	2.840395e-17
993.7         	2.840395e-17
993.75        	2.840395e-17
993.8         	2.840395e-17
993.85        	2.840395e-17
993.9         	2.840395e-17
993.95        	2.840395e-17
994           	2.840395e-17
994.05        	2.840395e-17
994.1         	2.840395e-17
994.15        	2.840395e-17
994.2         	2.840395e-17
994.25        	2.840395e-17
994.3         	2.840395e-17
994.35        	2.840395e-17
994.4         	2.840395e-17
994.45        	2.840395e-17
994.5         	2.840395e-17
994.55        	2.840395e-17
994.6         	2.840395e-17
994.65        	2.840395e-17
994.7         	2.840395e-17
994.75        	2.840395e-17
994.8         	2.840395e-17
994.85        	2.840395e-17
994.9         	2.840395e-17
994.95        	2.840395e-17
995           	2.840395e-17
995.05        	2.840395e-17
995.1         	2.840395e-17
995.15        	2.840395e-17
995.2         	2.840395e-17
995.25        	2.840395e-17
995.3         	2.840395e-17
995.35        	2.840395e-17
995.4         	2.840395e-17
995.45        	2.840395e-17
995.5         	2.840395e-17
995.55        	2.840395e-17
995.6         	2.840395e-17
995.65        	2.840395e-17
995.7         	2.840395e-17
995.75        	2.840395e-17
995.8         	2.840395e-17
995.85        	2.840395e-17
995.9         	2.840395e-17
995.95        	2.840395e-17
996           	2.840395e-17
996.05        	2.840395e-17
996.1         	2.840395e-17
996.15        	2.840395e-17
996.2         	2.840395e-17
996.25        	2.840395e-17
996.3         	2.840395e-17
996.35        	2.840395e-17
996.4         	2.840395e-17
996.45        	2.840395e-17
996.5         	2.840395e-17
996.55        	2.840395e-17
996.6         	2.840395e-17
996.65        	2.840395e-17
996.7         	2.840395e-17
996.75        	2.840395e-17
996.8         	2.840395e-17
996.85        	2.840395e-17
996.9         	2.840395e-17
996.95        	2.840395e-17
997           	2.840395e-17
997.05        	2.840395e-17
997.1         	2.840395e-17
997.15        	2.840395e-17
997.2         	2.840395e-17
997.25        	2.840395e-17
997.3         	2.840395e-17
997.35        	2.840395e-17
997.4         	2.840395e-17
997.45        	2.840395e-17
997.5         	2.840395e-17
997.55        	2.840395e-17
997.6         	2.840395e-17
997.65        	2.840395e-17
997.7         	2.840395e-17
997.75        	2.840395e-17
997.8         	2.840395e-17
997.85        	2.840395e-17
997.9         	2.840395e-17
997.95        	2.840395e-17
998           	2.840395e-17
998.05        	2.840395e-17
998.1         	2.840395e-17
998.15        	2.840395e-17
998.2         	2.840395e-17
998.25        	2.840395e-17
998.3         	2.840395e-17
998.35        	2.840395e-17
998.4         	2.840395e-17
998.45        	2.840395e-17
998.5         	2.840395e-17
998.55        	2.840395e-17
998.6         	2.840395e-17
998.65        	2.840395e-17
998.7         	2.840395e-17
998.75        	2.840395e-17
998.8         	2.840395e-17
998.85        	2.840395e-17
998.9         	2.840395e-17
998.95        	2.840395e-17
999           	2.840395e-17
999.05        	2.840395e-17
999.1         	2.840395e-17
999.15        	2.840395e-17
999.2         	2.840395e-17
999.25        	2.840395e-17
999.3         	2.840395e-17
999.35        	2.840395e-17
999.4         	2.840395e-17
999.45        	2.840395e-17
999.5         	2.840395e-17
999.55        	2.840395e-17
999.6         	2.840395e-17
999.65        	2.840395e-17
999.7         	2.840395e-17
999.75        	2.840395e-17
999.8         	2.840395e-17
999.85        	2.840395e-17
999.9         	2.840395e-17
999.95        	2.840395e-17
1000          	2.840395e-17
