# Region type : patch outlet
# Faces  :    96
# Area   :    9.230917e-08
# Time        	areaIntegrate(phi)
0             	0.000000e+00
0.05          	1.780291e-37
0.1           	4.121572e-33
0.15          	1.036511e-28
0.2           	6.378391e-26
0.25          	1.714863e-24
0.3           	1.587414e-23
0.35          	8.980984e-23
0.4           	3.799238e-22
0.45          	1.280098e-21
0.5           	3.636269e-21
0.55          	9.093465e-21
0.6           	2.052948e-20
0.65          	4.255137e-20
0.7           	8.195555e-20
0.75          	1.479903e-19
0.8           	2.522010e-19
0.85          	4.077228e-19
0.9           	6.281176e-19
0.95          	9.259105e-19
1             	1.311051e-18
1.05          	1.789578e-18
1.1           	2.362745e-18
1.15          	3.026725e-18
1.2           	3.772923e-18
1.25          	4.588796e-18
1.3           	5.459096e-18
1.35          	6.367356e-18
1.4           	7.297229e-18
1.45          	8.233479e-18
1.5           	9.162562e-18
1.55          	1.007297e-17
1.6           	1.095554e-17
1.65          	1.180355e-17
1.7           	1.261253e-17
1.75          	1.337968e-17
1.8           	1.410350e-17
1.85          	1.478356e-17
1.9           	1.542017e-17
1.95          	1.601419e-17
2             	1.656690e-17
2.05          	1.707992e-17
2.1           	1.755512e-17
2.15          	1.799457e-17
2.2           	1.840046e-17
2.25          	1.877497e-17
2.3           	1.912014e-17
2.35          	1.943786e-17
2.4           	1.973003e-17
2.45          	1.999863e-17
2.5           	2.024562e-17
2.55          	2.047286e-17
2.6           	2.068197e-17
2.65          	2.087436e-17
2.7           	2.105118e-17
2.75          	2.121351e-17
2.8           	2.136236e-17
2.85          	2.149879e-17
2.9           	2.162391e-17
2.95          	2.173887e-17
3             	2.184475e-17
3.05          	2.194252e-17
3.1           	2.203297e-17
3.15          	2.211673e-17
3.2           	2.219433e-17
3.25          	2.226621e-17
3.3           	2.233278e-17
3.35          	2.239443e-17
3.4           	2.245154e-17
3.45          	2.250450e-17
3.5           	2.255369e-17
3.55          	2.259942e-17
3.6           	2.264198e-17
3.65          	2.268164e-17
3.7           	2.271862e-17
3.75          	2.275313e-17
3.8           	2.278535e-17
3.85          	2.281544e-17
3.9           	2.284357e-17
3.95          	2.286986e-17
4             	2.289445e-17
4.05          	2.291750e-17
4.1           	2.293913e-17
4.15          	2.295946e-17
4.2           	2.297861e-17
4.25          	2.299666e-17
4.3           	2.301369e-17
4.35          	2.302976e-17
4.4           	2.304493e-17
4.45          	2.305927e-17
4.5           	2.307281e-17
4.55          	2.308561e-17
4.6           	2.309772e-17
4.65          	2.310917e-17
4.7           	2.312001e-17
4.75          	2.313027e-17
4.8           	2.314000e-17
4.85          	2.314921e-17
4.9           	2.315796e-17
4.95          	2.316626e-17
5             	2.317415e-17
5.05          	2.318166e-17
5.1           	2.318880e-17
5.15          	2.319561e-17
5.2           	2.320209e-17
5.25          	2.320826e-17
5.3           	2.321415e-17
5.35          	2.321977e-17
5.4           	2.322513e-17
5.45          	2.323024e-17
5.5           	2.323512e-17
5.55          	2.323978e-17
5.6           	2.324423e-17
5.65          	2.324848e-17
5.7           	2.325255e-17
5.75          	2.325644e-17
5.8           	2.326015e-17
5.85          	2.326371e-17
5.9           	2.326711e-17
5.95          	2.327037e-17
6             	2.327349e-17
6.05          	2.327647e-17
6.1           	2.327933e-17
6.15          	2.328207e-17
6.2           	2.328469e-17
6.25          	2.328721e-17
6.3           	2.328963e-17
6.35          	2.329194e-17
6.4           	2.329417e-17
6.45          	2.329630e-17
6.5           	2.329835e-17
6.55          	2.330033e-17
6.6           	2.330222e-17
6.65          	2.330404e-17
6.7           	2.330580e-17
6.75          	2.330749e-17
6.8           	2.330911e-17
6.85          	2.331067e-17
6.9           	2.331218e-17
6.95          	2.331363e-17
7             	2.331502e-17
7.05          	2.331636e-17
7.1           	2.331766e-17
7.15          	2.331890e-17
7.2           	2.332010e-17
7.25          	2.332126e-17
7.3           	2.332237e-17
7.35          	2.332343e-17
7.4           	2.332445e-17
7.45          	2.332543e-17
7.5           	2.332637e-17
7.55          	2.332727e-17
7.6           	2.332814e-17
7.65          	2.332898e-17
7.7           	2.332979e-17
7.75          	2.333057e-17
7.8           	2.333132e-17
7.85          	2.333205e-17
7.9           	2.333275e-17
7.95          	2.333342e-17
8             	2.333407e-17
8.05          	2.333469e-17
8.1           	2.333529e-17
8.15          	2.333587e-17
8.2           	2.333643e-17
8.25          	2.333697e-17
8.3           	2.333748e-17
8.35          	2.333798e-17
8.4           	2.333846e-17
8.45          	2.333891e-17
8.5           	2.333936e-17
8.55          	2.333978e-17
8.6           	2.334019e-17
8.65          	2.334059e-17
8.7           	2.334096e-17
8.75          	2.334133e-17
8.8           	2.334168e-17
8.85          	2.334202e-17
8.9           	2.334234e-17
8.95          	2.334266e-17
9             	2.334296e-17
9.05          	2.334325e-17
9.1           	2.334353e-17
9.15          	2.334380e-17
9.2           	2.334406e-17
9.25          	2.334430e-17
9.3           	2.334454e-17
9.35          	2.334478e-17
9.4           	2.334500e-17
9.45          	2.334521e-17
9.5           	2.334542e-17
9.55          	2.334562e-17
9.6           	2.334581e-17
9.65          	2.334599e-17
9.7           	2.334617e-17
9.75          	2.334634e-17
9.8           	2.334650e-17
9.85          	2.334666e-17
9.9           	2.334681e-17
9.95          	2.334696e-17
10            	2.334710e-17
10.05         	2.334723e-17
10.1          	2.334736e-17
10.15         	2.334748e-17
10.2          	2.334760e-17
10.25         	2.334772e-17
10.3          	2.334783e-17
10.35         	2.334793e-17
10.4          	2.334803e-17
10.45         	2.334813e-17
10.5          	2.334822e-17
10.55         	2.334831e-17
10.6          	2.334840e-17
10.65         	2.334848e-17
10.7          	2.334856e-17
10.75         	2.334864e-17
10.8          	2.334871e-17
10.85         	2.334878e-17
10.9          	2.334885e-17
10.95         	2.334891e-17
11            	2.334897e-17
11.05         	2.334903e-17
11.1          	2.334909e-17
11.15         	2.334914e-17
11.2          	2.334919e-17
11.25         	2.334924e-17
11.3          	2.334929e-17
11.35         	2.334934e-17
11.4          	2.334939e-17
11.45         	2.334943e-17
11.5          	2.334947e-17
11.55         	2.334952e-17
11.6          	2.334956e-17
11.65         	2.334960e-17
11.7          	2.334964e-17
11.75         	2.334968e-17
11.8          	2.334972e-17
11.85         	2.334976e-17
11.9          	2.334980e-17
11.95         	2.334984e-17
12            	2.334988e-17
12.05         	2.334992e-17
12.1          	2.334997e-17
12.15         	2.335001e-17
12.2          	2.335006e-17
12.25         	2.335011e-17
12.3          	2.335016e-17
12.35         	2.335022e-17
12.4          	2.335028e-17
12.45         	2.335034e-17
12.5          	2.335041e-17
12.55         	2.335048e-17
12.6          	2.335055e-17
12.65         	2.335063e-17
12.7          	2.335072e-17
12.75         	2.335081e-17
12.8          	2.335091e-17
12.85         	2.335102e-17
12.9          	2.335114e-17
12.95         	2.335126e-17
13            	2.335140e-17
13.05         	2.335154e-17
13.1          	2.335169e-17
13.15         	2.335185e-17
13.2          	2.335203e-17
13.25         	2.335221e-17
13.3          	2.335241e-17
13.35         	2.335263e-17
13.4          	2.335285e-17
13.45         	2.335309e-17
13.5          	2.335334e-17
13.55         	2.335361e-17
13.6          	2.335390e-17
13.65         	2.335421e-17
13.7          	2.335454e-17
13.75         	2.335489e-17
13.8          	2.335526e-17
13.85         	2.335565e-17
13.9          	2.335606e-17
13.95         	2.335649e-17
14            	2.335694e-17
14.05         	2.335741e-17
14.1          	2.335790e-17
14.15         	2.335840e-17
14.2          	2.335893e-17
14.25         	2.335947e-17
14.3          	2.336003e-17
14.35         	2.336062e-17
14.4          	2.336122e-17
14.45         	2.336185e-17
14.5          	2.336250e-17
14.55         	2.336317e-17
14.6          	2.336386e-17
14.65         	2.336458e-17
14.7          	2.336531e-17
14.75         	2.336607e-17
14.8          	2.336685e-17
14.85         	2.336765e-17
14.9          	2.336848e-17
14.95         	2.336933e-17
15            	2.337020e-17
15.05         	2.337110e-17
15.1          	2.337202e-17
15.15         	2.337296e-17
15.2          	2.337393e-17
15.25         	2.337492e-17
15.3          	2.337594e-17
15.35         	2.337697e-17
15.4          	2.337804e-17
15.45         	2.337912e-17
15.5          	2.338023e-17
15.55         	2.338136e-17
15.6          	2.338252e-17
15.65         	2.338370e-17
15.7          	2.338490e-17
15.75         	2.338613e-17
15.8          	2.338738e-17
15.85         	2.338865e-17
15.9          	2.338995e-17
15.95         	2.339128e-17
16            	2.339262e-17
16.05         	2.339399e-17
16.1          	2.339539e-17
16.15         	2.339681e-17
16.2          	2.339825e-17
16.25         	2.339972e-17
16.3          	2.340121e-17
16.35         	2.340273e-17
16.4          	2.340427e-17
16.45         	2.340583e-17
16.5          	2.340742e-17
16.55         	2.340903e-17
16.6          	2.341066e-17
16.65         	2.341232e-17
16.7          	2.341400e-17
16.75         	2.341571e-17
16.8          	2.341744e-17
16.85         	2.341919e-17
16.9          	2.342096e-17
16.95         	2.342276e-17
17            	2.342457e-17
17.05         	2.342641e-17
17.1          	2.342828e-17
17.15         	2.343016e-17
17.2          	2.343206e-17
17.25         	2.343399e-17
17.3          	2.343593e-17
17.35         	2.343790e-17
17.4          	2.343989e-17
17.45         	2.344189e-17
17.5          	2.344392e-17
17.55         	2.344597e-17
17.6          	2.344803e-17
17.65         	2.345011e-17
17.7          	2.345221e-17
17.75         	2.345433e-17
17.8          	2.345647e-17
17.85         	2.345862e-17
17.9          	2.346079e-17
17.95         	2.346298e-17
18            	2.346518e-17
18.05         	2.346740e-17
18.1          	2.346964e-17
18.15         	2.347189e-17
18.2          	2.347415e-17
18.25         	2.347643e-17
18.3          	2.347872e-17
18.35         	2.348102e-17
18.4          	2.348334e-17
18.45         	2.348567e-17
18.5          	2.348802e-17
18.55         	2.349037e-17
18.6          	2.349274e-17
18.65         	2.349511e-17
18.7          	2.349750e-17
18.75         	2.349990e-17
18.8          	2.350231e-17
18.85         	2.350472e-17
18.9          	2.350715e-17
18.95         	2.350958e-17
19            	2.351203e-17
19.05         	2.351448e-17
19.1          	2.351694e-17
19.15         	2.351940e-17
19.2          	2.352188e-17
19.25         	2.352436e-17
19.3          	2.352684e-17
19.35         	2.352933e-17
19.4          	2.353183e-17
19.45         	2.353433e-17
19.5          	2.353684e-17
19.55         	2.353935e-17
19.6          	2.354187e-17
19.65         	2.354439e-17
19.7          	2.354691e-17
19.75         	2.354944e-17
19.8          	2.355197e-17
19.85         	2.355450e-17
19.9          	2.355703e-17
19.95         	2.355957e-17
20            	2.356211e-17
20.05         	2.356465e-17
20.1          	2.356719e-17
20.15         	2.356974e-17
20.2          	2.357228e-17
20.25         	2.357482e-17
20.3          	2.357737e-17
20.35         	2.357991e-17
20.4          	2.358246e-17
20.45         	2.358500e-17
20.5          	2.358755e-17
20.55         	2.359009e-17
20.6          	2.359264e-17
20.65         	2.359518e-17
20.7          	2.359772e-17
20.75         	2.360026e-17
20.8          	2.360279e-17
20.85         	2.360533e-17
20.9          	2.360786e-17
20.95         	2.361039e-17
21            	2.361292e-17
21.05         	2.361545e-17
21.1          	2.361797e-17
21.15         	2.362049e-17
21.2          	2.362301e-17
21.25         	2.362552e-17
21.3          	2.362804e-17
21.35         	2.363054e-17
21.4          	2.363305e-17
21.45         	2.363555e-17
21.5          	2.363804e-17
21.55         	2.364053e-17
21.6          	2.364302e-17
21.65         	2.364550e-17
21.7          	2.364798e-17
21.75         	2.365046e-17
21.8          	2.365293e-17
21.85         	2.365539e-17
21.9          	2.365785e-17
21.95         	2.366031e-17
22            	2.366276e-17
22.05         	2.366520e-17
22.1          	2.366764e-17
22.15         	2.367008e-17
22.2          	2.367251e-17
22.25         	2.367493e-17
22.3          	2.367735e-17
22.35         	2.367976e-17
22.4          	2.368217e-17
22.45         	2.368457e-17
22.5          	2.368697e-17
22.55         	2.368936e-17
22.6          	2.369174e-17
22.65         	2.369412e-17
22.7          	2.369649e-17
22.75         	2.369886e-17
22.8          	2.370122e-17
22.85         	2.370357e-17
22.9          	2.370592e-17
22.95         	2.370826e-17
23            	2.371059e-17
23.05         	2.371292e-17
23.1          	2.371525e-17
23.15         	2.371756e-17
23.2          	2.371987e-17
23.25         	2.372218e-17
23.3          	2.372447e-17
23.35         	2.372676e-17
23.4          	2.372905e-17
23.45         	2.373133e-17
23.5          	2.373360e-17
23.55         	2.373587e-17
23.6          	2.373812e-17
23.65         	2.374037e-17
23.7          	2.374262e-17
23.75         	2.374486e-17
23.8          	2.374709e-17
23.85         	2.374932e-17
23.9          	2.375154e-17
23.95         	2.375376e-17
24            	2.375597e-17
24.05         	2.375817e-17
24.1          	2.376037e-17
24.15         	2.376256e-17
24.2          	2.376475e-17
24.25         	2.376693e-17
24.3          	2.376911e-17
24.35         	2.377128e-17
24.4          	2.377345e-17
24.45         	2.377561e-17
24.5          	2.377777e-17
24.55         	2.377992e-17
24.6          	2.378207e-17
24.65         	2.378421e-17
24.7          	2.378634e-17
24.75         	2.378848e-17
24.8          	2.379060e-17
24.85         	2.379273e-17
24.9          	2.379485e-17
24.95         	2.379696e-17
25            	2.379907e-17
25.05         	2.380118e-17
25.1          	2.380328e-17
25.15         	2.380537e-17
25.2          	2.380747e-17
25.25         	2.380955e-17
25.3          	2.381164e-17
25.35         	2.381372e-17
25.4          	2.381580e-17
25.45         	2.381787e-17
25.5          	2.381994e-17
25.55         	2.382201e-17
25.6          	2.382407e-17
25.65         	2.382613e-17
25.7          	2.382819e-17
25.75         	2.383024e-17
25.8          	2.383229e-17
25.85         	2.383434e-17
25.9          	2.383639e-17
25.95         	2.383843e-17
26            	2.384047e-17
26.05         	2.384250e-17
26.1          	2.384453e-17
26.15         	2.384656e-17
26.2          	2.384859e-17
26.25         	2.385062e-17
26.3          	2.385264e-17
26.35         	2.385466e-17
26.4          	2.385668e-17
26.45         	2.385870e-17
26.5          	2.386071e-17
26.55         	2.386272e-17
26.6          	2.386474e-17
26.65         	2.386674e-17
26.7          	2.386875e-17
26.75         	2.387076e-17
26.8          	2.387276e-17
26.85         	2.387476e-17
26.9          	2.387676e-17
26.95         	2.387876e-17
27            	2.388076e-17
27.05         	2.388276e-17
27.1          	2.388475e-17
27.15         	2.388675e-17
27.2          	2.388874e-17
27.25         	2.389073e-17
27.3          	2.389272e-17
27.35         	2.389471e-17
27.4          	2.389670e-17
27.45         	2.389869e-17
27.5          	2.390068e-17
27.55         	2.390266e-17
27.6          	2.390465e-17
27.65         	2.390663e-17
27.7          	2.390861e-17
27.75         	2.391059e-17
27.8          	2.391258e-17
27.85         	2.391455e-17
27.9          	2.391653e-17
27.95         	2.391851e-17
28            	2.392049e-17
28.05         	2.392246e-17
28.1          	2.392444e-17
28.15         	2.392641e-17
28.2          	2.392838e-17
28.25         	2.393035e-17
28.3          	2.393232e-17
28.35         	2.393429e-17
28.4          	2.393625e-17
28.45         	2.393822e-17
28.5          	2.394018e-17
28.55         	2.394214e-17
28.6          	2.394410e-17
28.65         	2.394606e-17
28.7          	2.394802e-17
28.75         	2.394997e-17
28.8          	2.395193e-17
28.85         	2.395388e-17
28.9          	2.395583e-17
28.95         	2.395778e-17
29            	2.395973e-17
29.05         	2.396167e-17
29.1          	2.396362e-17
29.15         	2.396556e-17
29.2          	2.396750e-17
29.25         	2.396944e-17
29.3          	2.397137e-17
29.35         	2.397331e-17
29.4          	2.397524e-17
29.45         	2.397717e-17
29.5          	2.397910e-17
29.55         	2.398103e-17
29.6          	2.398295e-17
29.65         	2.398487e-17
29.7          	2.398679e-17
29.75         	2.398871e-17
29.8          	2.399063e-17
29.85         	2.399254e-17
29.9          	2.399445e-17
29.95         	2.399636e-17
30            	2.399827e-17
30.05         	2.400018e-17
30.1          	2.400208e-17
30.15         	2.400398e-17
30.2          	2.400588e-17
30.25         	2.400777e-17
30.3          	2.400967e-17
30.35         	2.401156e-17
30.4          	2.401344e-17
30.45         	2.401533e-17
30.5          	2.401721e-17
30.55         	2.401910e-17
30.6          	2.402097e-17
30.65         	2.402285e-17
30.7          	2.402472e-17
30.75         	2.402659e-17
30.8          	2.402846e-17
30.85         	2.403033e-17
30.9          	2.403219e-17
30.95         	2.403405e-17
31            	2.403591e-17
31.05         	2.403777e-17
31.1          	2.403962e-17
31.15         	2.404147e-17
31.2          	2.404332e-17
31.25         	2.404517e-17
31.3          	2.404701e-17
31.35         	2.404885e-17
31.4          	2.405069e-17
31.45         	2.405252e-17
31.5          	2.405435e-17
31.55         	2.405618e-17
31.6          	2.405801e-17
31.65         	2.405983e-17
31.7          	2.406166e-17
31.75         	2.406348e-17
31.8          	2.406529e-17
31.85         	2.406711e-17
31.9          	2.406892e-17
31.95         	2.407073e-17
32            	2.407253e-17
32.05         	2.407434e-17
32.1          	2.407614e-17
32.15         	2.407794e-17
32.2          	2.407973e-17
32.25         	2.408153e-17
32.3          	2.408332e-17
32.35         	2.408510e-17
32.4          	2.408689e-17
32.45         	2.408867e-17
32.5          	2.409045e-17
32.55         	2.409223e-17
32.6          	2.409401e-17
32.65         	2.409578e-17
32.7          	2.409755e-17
32.75         	2.409932e-17
32.8          	2.410108e-17
32.85         	2.410285e-17
32.9          	2.410461e-17
32.95         	2.410637e-17
33            	2.410812e-17
33.05         	2.410987e-17
33.1          	2.411162e-17
33.15         	2.411337e-17
33.2          	2.411512e-17
33.25         	2.411686e-17
33.3          	2.411860e-17
33.35         	2.412034e-17
33.4          	2.412208e-17
33.45         	2.412381e-17
33.5          	2.412554e-17
33.55         	2.412727e-17
33.6          	2.412900e-17
33.65         	2.413072e-17
33.7          	2.413244e-17
33.75         	2.413416e-17
33.8          	2.413588e-17
33.85         	2.413759e-17
33.9          	2.413930e-17
33.95         	2.414101e-17
34            	2.414272e-17
34.05         	2.414442e-17
34.1          	2.414613e-17
34.15         	2.414783e-17
34.2          	2.414952e-17
34.25         	2.415122e-17
34.3          	2.415291e-17
34.35         	2.415460e-17
34.4          	2.415629e-17
34.45         	2.415798e-17
34.5          	2.415966e-17
34.55         	2.416134e-17
34.6          	2.416302e-17
34.65         	2.416469e-17
34.7          	2.416637e-17
34.75         	2.416804e-17
34.8          	2.416971e-17
34.85         	2.417138e-17
34.9          	2.417304e-17
34.95         	2.417470e-17
35            	2.417636e-17
35.05         	2.417802e-17
35.1          	2.417967e-17
35.15         	2.418133e-17
35.2          	2.418298e-17
35.25         	2.418462e-17
35.3          	2.418627e-17
35.35         	2.418791e-17
35.4          	2.418955e-17
35.45         	2.419119e-17
35.5          	2.419283e-17
35.55         	2.419446e-17
35.6          	2.419609e-17
35.65         	2.419772e-17
35.7          	2.419935e-17
35.75         	2.420097e-17
35.8          	2.420259e-17
35.85         	2.420421e-17
35.9          	2.420583e-17
35.95         	2.420745e-17
36            	2.420906e-17
36.05         	2.421067e-17
36.1          	2.421228e-17
36.15         	2.421388e-17
36.2          	2.421549e-17
36.25         	2.421709e-17
36.3          	2.421869e-17
36.35         	2.422029e-17
36.4          	2.422188e-17
36.45         	2.422348e-17
36.5          	2.422507e-17
36.55         	2.422666e-17
36.6          	2.422824e-17
36.65         	2.422983e-17
36.7          	2.423141e-17
36.75         	2.423299e-17
36.8          	2.423457e-17
36.85         	2.423614e-17
36.9          	2.423772e-17
36.95         	2.423929e-17
37            	2.424086e-17
37.05         	2.424243e-17
37.1          	2.424400e-17
37.15         	2.424556e-17
37.2          	2.424713e-17
37.25         	2.424869e-17
37.3          	2.425025e-17
37.35         	2.425180e-17
37.4          	2.425336e-17
37.45         	2.425491e-17
37.5          	2.425647e-17
37.55         	2.425802e-17
37.6          	2.425957e-17
37.65         	2.426111e-17
37.7          	2.426266e-17
37.75         	2.426420e-17
37.8          	2.426575e-17
37.85         	2.426729e-17
37.9          	2.426883e-17
37.95         	2.427037e-17
38            	2.427190e-17
38.05         	2.427344e-17
38.1          	2.427497e-17
38.15         	2.427650e-17
38.2          	2.427804e-17
38.25         	2.427957e-17
38.3          	2.428110e-17
38.35         	2.428262e-17
38.4          	2.428415e-17
38.45         	2.428567e-17
38.5          	2.428720e-17
38.55         	2.428872e-17
38.6          	2.429024e-17
38.65         	2.429176e-17
38.7          	2.429328e-17
38.75         	2.429480e-17
38.8          	2.429632e-17
38.85         	2.429784e-17
38.9          	2.429935e-17
38.95         	2.430087e-17
39            	2.430238e-17
39.05         	2.430389e-17
39.1          	2.430540e-17
39.15         	2.430692e-17
39.2          	2.430843e-17
39.25         	2.430994e-17
39.3          	2.431144e-17
39.35         	2.431295e-17
39.4          	2.431446e-17
39.45         	2.431596e-17
39.5          	2.431747e-17
39.55         	2.431897e-17
39.6          	2.432048e-17
39.65         	2.432198e-17
39.7          	2.432348e-17
39.75         	2.432498e-17
39.8          	2.432649e-17
39.85         	2.432799e-17
39.9          	2.432948e-17
39.95         	2.433098e-17
40            	2.433248e-17
40.05         	2.433398e-17
40.1          	2.433548e-17
40.15         	2.433697e-17
40.2          	2.433847e-17
40.25         	2.433996e-17
40.3          	2.434146e-17
40.35         	2.434295e-17
40.4          	2.434444e-17
40.45         	2.434594e-17
40.5          	2.434743e-17
40.55         	2.434892e-17
40.6          	2.435041e-17
40.65         	2.435190e-17
40.7          	2.435339e-17
40.75         	2.435487e-17
40.8          	2.435636e-17
40.85         	2.435785e-17
40.9          	2.435933e-17
40.95         	2.436082e-17
41            	2.436230e-17
41.05         	2.436379e-17
41.1          	2.436527e-17
41.15         	2.436675e-17
41.2          	2.436824e-17
41.25         	2.436972e-17
41.3          	2.437120e-17
41.35         	2.437268e-17
41.4          	2.437416e-17
41.45         	2.437563e-17
41.5          	2.437711e-17
41.55         	2.437859e-17
41.6          	2.438006e-17
41.65         	2.438154e-17
41.7          	2.438301e-17
41.75         	2.438448e-17
41.8          	2.438596e-17
41.85         	2.438743e-17
41.9          	2.438890e-17
41.95         	2.439037e-17
42            	2.439184e-17
42.05         	2.439330e-17
42.1          	2.439477e-17
42.15         	2.439624e-17
42.2          	2.439770e-17
42.25         	2.439916e-17
42.3          	2.440063e-17
42.35         	2.440209e-17
42.4          	2.440355e-17
42.45         	2.440501e-17
42.5          	2.440647e-17
42.55         	2.440792e-17
42.6          	2.440938e-17
42.65         	2.441083e-17
42.7          	2.441229e-17
42.75         	2.441374e-17
42.8          	2.441519e-17
42.85         	2.441664e-17
42.9          	2.441809e-17
42.95         	2.441954e-17
43            	2.442098e-17
43.05         	2.442243e-17
43.1          	2.442387e-17
43.15         	2.442532e-17
43.2          	2.442676e-17
43.25         	2.442820e-17
43.3          	2.442964e-17
43.35         	2.443107e-17
43.4          	2.443251e-17
43.45         	2.443394e-17
43.5          	2.443538e-17
43.55         	2.443681e-17
43.6          	2.443824e-17
43.65         	2.443967e-17
43.7          	2.444110e-17
43.75         	2.444252e-17
43.8          	2.444395e-17
43.85         	2.444537e-17
43.9          	2.444679e-17
43.95         	2.444821e-17
44            	2.444963e-17
44.05         	2.445105e-17
44.1          	2.445247e-17
44.15         	2.445388e-17
44.2          	2.445529e-17
44.25         	2.445670e-17
44.3          	2.445811e-17
44.35         	2.445952e-17
44.4          	2.446093e-17
44.45         	2.446233e-17
44.5          	2.446374e-17
44.55         	2.446514e-17
44.6          	2.446654e-17
44.65         	2.446794e-17
44.7          	2.446934e-17
44.75         	2.447073e-17
44.8          	2.447212e-17
44.85         	2.447352e-17
44.9          	2.447491e-17
44.95         	2.447630e-17
45            	2.447768e-17
45.05         	2.447907e-17
45.1          	2.448045e-17
45.15         	2.448184e-17
45.2          	2.448322e-17
45.25         	2.448460e-17
45.3          	2.448597e-17
45.35         	2.448735e-17
45.4          	2.448872e-17
45.45         	2.449010e-17
45.5          	2.449147e-17
45.55         	2.449284e-17
45.6          	2.449420e-17
45.65         	2.449557e-17
45.7          	2.449693e-17
45.75         	2.449830e-17
45.8          	2.449966e-17
45.85         	2.450102e-17
45.9          	2.450237e-17
45.95         	2.450373e-17
46            	2.450508e-17
46.05         	2.450643e-17
46.1          	2.450779e-17
46.15         	2.450913e-17
46.2          	2.451048e-17
46.25         	2.451183e-17
46.3          	2.451317e-17
46.35         	2.451451e-17
46.4          	2.451586e-17
46.45         	2.451719e-17
46.5          	2.451853e-17
46.55         	2.451987e-17
46.6          	2.452120e-17
46.65         	2.452254e-17
46.7          	2.452387e-17
46.75         	2.452520e-17
46.8          	2.452652e-17
46.85         	2.452785e-17
46.9          	2.452917e-17
46.95         	2.453050e-17
47            	2.453182e-17
47.05         	2.453314e-17
47.1          	2.453446e-17
47.15         	2.453577e-17
47.2          	2.453709e-17
47.25         	2.453840e-17
47.3          	2.453971e-17
47.35         	2.454102e-17
47.4          	2.454233e-17
47.45         	2.454364e-17
47.5          	2.454495e-17
47.55         	2.454625e-17
47.6          	2.454755e-17
47.65         	2.454885e-17
47.7          	2.455015e-17
47.75         	2.455145e-17
47.8          	2.455275e-17
47.85         	2.455404e-17
47.9          	2.455534e-17
47.95         	2.455663e-17
48            	2.455792e-17
48.05         	2.455921e-17
48.1          	2.456050e-17
48.15         	2.456178e-17
48.2          	2.456307e-17
48.25         	2.456435e-17
48.3          	2.456563e-17
48.35         	2.456691e-17
48.4          	2.456819e-17
48.45         	2.456947e-17
48.5          	2.457075e-17
48.55         	2.457202e-17
48.6          	2.457330e-17
48.65         	2.457457e-17
48.7          	2.457584e-17
48.75         	2.457711e-17
48.8          	2.457838e-17
48.85         	2.457964e-17
48.9          	2.458091e-17
48.95         	2.458217e-17
49            	2.458344e-17
49.05         	2.458470e-17
49.1          	2.458596e-17
49.15         	2.458722e-17
49.2          	2.458848e-17
49.25         	2.458973e-17
49.3          	2.459099e-17
49.35         	2.459224e-17
49.4          	2.459350e-17
49.45         	2.459475e-17
49.5          	2.459600e-17
49.55         	2.459725e-17
49.6          	2.459850e-17
49.65         	2.459974e-17
49.7          	2.460099e-17
49.75         	2.460223e-17
49.8          	2.460348e-17
49.85         	2.460472e-17
49.9          	2.460596e-17
49.95         	2.460720e-17
50            	2.460844e-17
50.05         	2.460968e-17
50.1          	2.461092e-17
50.15         	2.461215e-17
50.2          	2.461339e-17
50.25         	2.461462e-17
50.3          	2.461585e-17
50.35         	2.461708e-17
50.4          	2.461832e-17
50.45         	2.461955e-17
50.5          	2.462077e-17
50.55         	2.462200e-17
50.6          	2.462323e-17
50.65         	2.462445e-17
50.7          	2.462568e-17
50.75         	2.462690e-17
50.8          	2.462813e-17
50.85         	2.462935e-17
50.9          	2.463057e-17
50.95         	2.463179e-17
51            	2.463301e-17
51.05         	2.463423e-17
51.1          	2.463544e-17
51.15         	2.463666e-17
51.2          	2.463787e-17
51.25         	2.463909e-17
51.3          	2.464030e-17
51.35         	2.464152e-17
51.4          	2.464273e-17
51.45         	2.464394e-17
51.5          	2.464515e-17
51.55         	2.464636e-17
51.6          	2.464757e-17
51.65         	2.464878e-17
51.7          	2.464998e-17
51.75         	2.465119e-17
51.8          	2.465239e-17
51.85         	2.465360e-17
51.9          	2.465480e-17
51.95         	2.465601e-17
52            	2.465721e-17
52.05         	2.465841e-17
52.1          	2.465961e-17
52.15         	2.466081e-17
52.2          	2.466201e-17
52.25         	2.466321e-17
52.3          	2.466440e-17
52.35         	2.466560e-17
52.4          	2.466680e-17
52.45         	2.466799e-17
52.5          	2.466919e-17
52.55         	2.467038e-17
52.6          	2.467157e-17
52.65         	2.467276e-17
52.7          	2.467396e-17
52.75         	2.467515e-17
52.8          	2.467634e-17
52.85         	2.467753e-17
52.9          	2.467871e-17
52.95         	2.467990e-17
53            	2.468109e-17
53.05         	2.468228e-17
53.1          	2.468346e-17
53.15         	2.468465e-17
53.2          	2.468583e-17
53.25         	2.468701e-17
53.3          	2.468820e-17
53.35         	2.468938e-17
53.4          	2.469056e-17
53.45         	2.469174e-17
53.5          	2.469292e-17
53.55         	2.469410e-17
53.6          	2.469528e-17
53.65         	2.469646e-17
53.7          	2.469763e-17
53.75         	2.469881e-17
53.8          	2.469998e-17
53.85         	2.470116e-17
53.9          	2.470233e-17
53.95         	2.470351e-17
54            	2.470468e-17
54.05         	2.470585e-17
54.1          	2.470702e-17
54.15         	2.470819e-17
54.2          	2.470936e-17
54.25         	2.471053e-17
54.3          	2.471170e-17
54.35         	2.471286e-17
54.4          	2.471403e-17
54.45         	2.471520e-17
54.5          	2.471636e-17
54.55         	2.471753e-17
54.6          	2.471869e-17
54.65         	2.471985e-17
54.7          	2.472102e-17
54.75         	2.472218e-17
54.8          	2.472334e-17
54.85         	2.472450e-17
54.9          	2.472566e-17
54.95         	2.472681e-17
55            	2.472797e-17
55.05         	2.472913e-17
55.1          	2.473028e-17
55.15         	2.473144e-17
55.2          	2.473259e-17
55.25         	2.473375e-17
55.3          	2.473490e-17
55.35         	2.473605e-17
55.4          	2.473720e-17
55.45         	2.473835e-17
55.5          	2.473950e-17
55.55         	2.474065e-17
55.6          	2.474180e-17
55.65         	2.474294e-17
55.7          	2.474409e-17
55.75         	2.474524e-17
55.8          	2.474638e-17
55.85         	2.474752e-17
55.9          	2.474867e-17
55.95         	2.474981e-17
56            	2.475095e-17
56.05         	2.475209e-17
56.1          	2.475323e-17
56.15         	2.475437e-17
56.2          	2.475550e-17
56.25         	2.475664e-17
56.3          	2.475778e-17
56.35         	2.475891e-17
56.4          	2.476005e-17
56.45         	2.476118e-17
56.5          	2.476231e-17
56.55         	2.476344e-17
56.6          	2.476457e-17
56.65         	2.476570e-17
56.7          	2.476683e-17
56.75         	2.476796e-17
56.8          	2.476909e-17
56.85         	2.477021e-17
56.9          	2.477134e-17
56.95         	2.477246e-17
57            	2.477359e-17
57.05         	2.477471e-17
57.1          	2.477583e-17
57.15         	2.477695e-17
57.2          	2.477807e-17
57.25         	2.477919e-17
57.3          	2.478031e-17
57.35         	2.478142e-17
57.4          	2.478254e-17
57.45         	2.478365e-17
57.5          	2.478477e-17
57.55         	2.478588e-17
57.6          	2.478699e-17
57.65         	2.478810e-17
57.7          	2.478921e-17
57.75         	2.479032e-17
57.8          	2.479143e-17
57.85         	2.479254e-17
57.9          	2.479365e-17
57.95         	2.479475e-17
58            	2.479586e-17
58.05         	2.479696e-17
58.1          	2.479806e-17
58.15         	2.479916e-17
58.2          	2.480026e-17
58.25         	2.480136e-17
58.3          	2.480246e-17
58.35         	2.480356e-17
58.4          	2.480466e-17
58.45         	2.480575e-17
58.5          	2.480685e-17
58.55         	2.480794e-17
58.6          	2.480904e-17
58.65         	2.481013e-17
58.7          	2.481122e-17
58.75         	2.481231e-17
58.8          	2.481340e-17
58.85         	2.481449e-17
58.9          	2.481557e-17
58.95         	2.481666e-17
59            	2.481774e-17
59.05         	2.481883e-17
59.1          	2.481991e-17
59.15         	2.482099e-17
59.2          	2.482208e-17
59.25         	2.482316e-17
59.3          	2.482424e-17
59.35         	2.482531e-17
59.4          	2.482639e-17
59.45         	2.482747e-17
59.5          	2.482854e-17
59.55         	2.482962e-17
59.6          	2.483069e-17
59.65         	2.483176e-17
59.7          	2.483284e-17
59.75         	2.483391e-17
59.8          	2.483498e-17
59.85         	2.483605e-17
59.9          	2.483711e-17
59.95         	2.483818e-17
60            	2.483925e-17
60.05         	2.484031e-17
60.1          	2.484138e-17
60.15         	2.484244e-17
60.2          	2.484350e-17
60.25         	2.484456e-17
60.3          	2.484562e-17
60.35         	2.484668e-17
60.4          	2.484774e-17
60.45         	2.484880e-17
60.5          	2.484986e-17
60.55         	2.485091e-17
60.6          	2.485197e-17
60.65         	2.485302e-17
60.7          	2.485407e-17
60.75         	2.485512e-17
60.8          	2.485618e-17
60.85         	2.485723e-17
60.9          	2.485828e-17
60.95         	2.485932e-17
61            	2.486037e-17
61.05         	2.486142e-17
61.1          	2.486246e-17
61.15         	2.486351e-17
61.2          	2.486455e-17
61.25         	2.486560e-17
61.3          	2.486664e-17
61.35         	2.486768e-17
61.4          	2.486872e-17
61.45         	2.486976e-17
61.5          	2.487080e-17
61.55         	2.487184e-17
61.6          	2.487287e-17
61.65         	2.487391e-17
61.7          	2.487494e-17
61.75         	2.487598e-17
61.8          	2.487701e-17
61.85         	2.487804e-17
61.9          	2.487908e-17
61.95         	2.488011e-17
62            	2.488114e-17
62.05         	2.488217e-17
62.1          	2.488320e-17
62.15         	2.488422e-17
62.2          	2.488525e-17
62.25         	2.488628e-17
62.3          	2.488730e-17
62.35         	2.488833e-17
62.4          	2.488935e-17
62.45         	2.489037e-17
62.5          	2.489140e-17
62.55         	2.489242e-17
62.6          	2.489344e-17
62.65         	2.489446e-17
62.7          	2.489548e-17
62.75         	2.489649e-17
62.8          	2.489751e-17
62.85         	2.489853e-17
62.9          	2.489954e-17
62.95         	2.490056e-17
63            	2.490157e-17
63.05         	2.490259e-17
63.1          	2.490360e-17
63.15         	2.490461e-17
63.2          	2.490562e-17
63.25         	2.490663e-17
63.3          	2.490764e-17
63.35         	2.490865e-17
63.4          	2.490966e-17
63.45         	2.491067e-17
63.5          	2.491168e-17
63.55         	2.491268e-17
63.6          	2.491369e-17
63.65         	2.491469e-17
63.7          	2.491570e-17
63.75         	2.491670e-17
63.8          	2.491771e-17
63.85         	2.491871e-17
63.9          	2.491971e-17
63.95         	2.492071e-17
64            	2.492171e-17
64.05         	2.492271e-17
64.1          	2.492371e-17
64.15         	2.492471e-17
64.2          	2.492571e-17
64.25         	2.492670e-17
64.3          	2.492770e-17
64.35         	2.492870e-17
64.4          	2.492969e-17
64.45         	2.493068e-17
64.5          	2.493168e-17
64.55         	2.493267e-17
64.6          	2.493366e-17
64.65         	2.493466e-17
64.7          	2.493565e-17
64.75         	2.493664e-17
64.8          	2.493763e-17
64.85         	2.493862e-17
64.9          	2.493961e-17
64.95         	2.494060e-17
65            	2.494158e-17
65.05         	2.494257e-17
65.1          	2.494356e-17
65.15         	2.494454e-17
65.2          	2.494553e-17
65.25         	2.494651e-17
65.3          	2.494750e-17
65.35         	2.494848e-17
65.4          	2.494946e-17
65.45         	2.495045e-17
65.5          	2.495143e-17
65.55         	2.495241e-17
65.6          	2.495339e-17
65.65         	2.495437e-17
65.7          	2.495535e-17
65.75         	2.495633e-17
65.8          	2.495731e-17
65.85         	2.495829e-17
65.9          	2.495926e-17
65.95         	2.496024e-17
66            	2.496122e-17
66.05         	2.496219e-17
66.1          	2.496317e-17
66.15         	2.496414e-17
66.2          	2.496512e-17
66.25         	2.496609e-17
66.3          	2.496706e-17
66.35         	2.496804e-17
66.4          	2.496901e-17
66.45         	2.496998e-17
66.5          	2.497095e-17
66.55         	2.497192e-17
66.6          	2.497289e-17
66.65         	2.497386e-17
66.7          	2.497483e-17
66.75         	2.497580e-17
66.8          	2.497677e-17
66.85         	2.497773e-17
66.9          	2.497870e-17
66.95         	2.497967e-17
67            	2.498063e-17
67.05         	2.498160e-17
67.1          	2.498256e-17
67.15         	2.498353e-17
67.2          	2.498449e-17
67.25         	2.498546e-17
67.3          	2.498642e-17
67.35         	2.498738e-17
67.4          	2.498834e-17
67.45         	2.498930e-17
67.5          	2.499026e-17
67.55         	2.499122e-17
67.6          	2.499218e-17
67.65         	2.499314e-17
67.7          	2.499410e-17
67.75         	2.499506e-17
67.8          	2.499602e-17
67.85         	2.499697e-17
67.9          	2.499793e-17
67.95         	2.499889e-17
68            	2.499984e-17
68.05         	2.500080e-17
68.1          	2.500175e-17
68.15         	2.500271e-17
68.2          	2.500366e-17
68.25         	2.500461e-17
68.3          	2.500557e-17
68.35         	2.500652e-17
68.4          	2.500747e-17
68.45         	2.500842e-17
68.5          	2.500937e-17
68.55         	2.501032e-17
68.6          	2.501127e-17
68.65         	2.501222e-17
68.7          	2.501317e-17
68.75         	2.501412e-17
68.8          	2.501506e-17
68.85         	2.501601e-17
68.9          	2.501696e-17
68.95         	2.501790e-17
69            	2.501885e-17
69.05         	2.501979e-17
69.1          	2.502074e-17
69.15         	2.502168e-17
69.2          	2.502263e-17
69.25         	2.502357e-17
69.3          	2.502451e-17
69.35         	2.502545e-17
69.4          	2.502640e-17
69.45         	2.502734e-17
69.5          	2.502828e-17
69.55         	2.502922e-17
69.6          	2.503016e-17
69.65         	2.503109e-17
69.7          	2.503203e-17
69.75         	2.503297e-17
69.8          	2.503391e-17
69.85         	2.503484e-17
69.9          	2.503578e-17
69.95         	2.503672e-17
70            	2.503765e-17
70.05         	2.503859e-17
70.1          	2.503952e-17
70.15         	2.504045e-17
70.2          	2.504139e-17
70.25         	2.504232e-17
70.3          	2.504325e-17
70.35         	2.504418e-17
70.4          	2.504511e-17
70.45         	2.504605e-17
70.5          	2.504698e-17
70.55         	2.504790e-17
70.6          	2.504883e-17
70.65         	2.504976e-17
70.7          	2.505069e-17
70.75         	2.505162e-17
70.8          	2.505254e-17
70.85         	2.505347e-17
70.9          	2.505440e-17
70.95         	2.505532e-17
71            	2.505625e-17
71.05         	2.505717e-17
71.1          	2.505809e-17
71.15         	2.505902e-17
71.2          	2.505994e-17
71.25         	2.506086e-17
71.3          	2.506178e-17
71.35         	2.506270e-17
71.4          	2.506362e-17
71.45         	2.506454e-17
71.5          	2.506546e-17
71.55         	2.506638e-17
71.6          	2.506730e-17
71.65         	2.506822e-17
71.7          	2.506913e-17
71.75         	2.507005e-17
71.8          	2.507097e-17
71.85         	2.507188e-17
71.9          	2.507280e-17
71.95         	2.507371e-17
72            	2.507463e-17
72.05         	2.507554e-17
72.1          	2.507645e-17
72.15         	2.507737e-17
72.2          	2.507828e-17
72.25         	2.507919e-17
72.3          	2.508010e-17
72.35         	2.508101e-17
72.4          	2.508192e-17
72.45         	2.508283e-17
72.5          	2.508374e-17
72.55         	2.508464e-17
72.6          	2.508555e-17
72.65         	2.508646e-17
72.7          	2.508736e-17
72.75         	2.508827e-17
72.8          	2.508918e-17
72.85         	2.509008e-17
72.9          	2.509098e-17
72.95         	2.509189e-17
73            	2.509279e-17
73.05         	2.509369e-17
73.1          	2.509460e-17
73.15         	2.509550e-17
73.2          	2.509640e-17
73.25         	2.509730e-17
73.3          	2.509820e-17
73.35         	2.509910e-17
73.4          	2.510000e-17
73.45         	2.510090e-17
73.5          	2.510179e-17
73.55         	2.510269e-17
73.6          	2.510359e-17
73.65         	2.510448e-17
73.7          	2.510538e-17
73.75         	2.510627e-17
73.8          	2.510717e-17
73.85         	2.510806e-17
73.9          	2.510896e-17
73.95         	2.510985e-17
74            	2.511074e-17
74.05         	2.511163e-17
74.1          	2.511252e-17
74.15         	2.511342e-17
74.2          	2.511431e-17
74.25         	2.511520e-17
74.3          	2.511608e-17
74.35         	2.511697e-17
74.4          	2.511786e-17
74.45         	2.511875e-17
74.5          	2.511964e-17
74.55         	2.512052e-17
74.6          	2.512141e-17
74.65         	2.512229e-17
74.7          	2.512318e-17
74.75         	2.512406e-17
74.8          	2.512495e-17
74.85         	2.512583e-17
74.9          	2.512671e-17
74.95         	2.512760e-17
75            	2.512848e-17
75.05         	2.512936e-17
75.1          	2.513024e-17
75.15         	2.513112e-17
75.2          	2.513200e-17
75.25         	2.513288e-17
75.3          	2.513376e-17
75.35         	2.513464e-17
75.4          	2.513551e-17
75.45         	2.513639e-17
75.5          	2.513727e-17
75.55         	2.513814e-17
75.6          	2.513902e-17
75.65         	2.513989e-17
75.7          	2.514077e-17
75.75         	2.514164e-17
75.8          	2.514252e-17
75.85         	2.514339e-17
75.9          	2.514426e-17
75.95         	2.514513e-17
76            	2.514601e-17
76.05         	2.514688e-17
76.1          	2.514775e-17
76.15         	2.514862e-17
76.2          	2.514949e-17
76.25         	2.515036e-17
76.3          	2.515123e-17
76.35         	2.515209e-17
76.4          	2.515296e-17
76.45         	2.515383e-17
76.5          	2.515469e-17
76.55         	2.515556e-17
76.6          	2.515643e-17
76.65         	2.515729e-17
76.7          	2.515816e-17
76.75         	2.515902e-17
76.8          	2.515988e-17
76.85         	2.516075e-17
76.9          	2.516161e-17
76.95         	2.516247e-17
77            	2.516333e-17
77.05         	2.516420e-17
77.1          	2.516506e-17
77.15         	2.516592e-17
77.2          	2.516678e-17
77.25         	2.516764e-17
77.3          	2.516849e-17
77.35         	2.516935e-17
77.4          	2.517021e-17
77.45         	2.517107e-17
77.5          	2.517192e-17
77.55         	2.517278e-17
77.6          	2.517364e-17
77.65         	2.517449e-17
77.7          	2.517535e-17
77.75         	2.517620e-17
77.8          	2.517706e-17
77.85         	2.517791e-17
77.9          	2.517876e-17
77.95         	2.517962e-17
78            	2.518047e-17
78.05         	2.518132e-17
78.1          	2.518217e-17
78.15         	2.518302e-17
78.2          	2.518387e-17
78.25         	2.518472e-17
78.3          	2.518557e-17
78.35         	2.518642e-17
78.4          	2.518727e-17
78.45         	2.518812e-17
78.5          	2.518896e-17
78.55         	2.518981e-17
78.6          	2.519066e-17
78.65         	2.519151e-17
78.7          	2.519235e-17
78.75         	2.519320e-17
78.8          	2.519404e-17
78.85         	2.519489e-17
78.9          	2.519573e-17
78.95         	2.519657e-17
79            	2.519742e-17
79.05         	2.519826e-17
79.1          	2.519910e-17
79.15         	2.519994e-17
79.2          	2.520078e-17
79.25         	2.520162e-17
79.3          	2.520246e-17
79.35         	2.520330e-17
79.4          	2.520414e-17
79.45         	2.520498e-17
79.5          	2.520582e-17
79.55         	2.520666e-17
79.6          	2.520750e-17
79.65         	2.520834e-17
79.7          	2.520917e-17
79.75         	2.521001e-17
79.8          	2.521084e-17
79.85         	2.521168e-17
79.9          	2.521251e-17
79.95         	2.521335e-17
80            	2.521418e-17
80.05         	2.521502e-17
80.1          	2.521585e-17
80.15         	2.521668e-17
80.2          	2.521752e-17
80.25         	2.521835e-17
80.3          	2.521918e-17
80.35         	2.522001e-17
80.4          	2.522084e-17
80.45         	2.522167e-17
80.5          	2.522250e-17
80.55         	2.522333e-17
80.6          	2.522416e-17
80.65         	2.522499e-17
80.7          	2.522582e-17
80.75         	2.522664e-17
80.8          	2.522747e-17
80.85         	2.522830e-17
80.9          	2.522912e-17
80.95         	2.522995e-17
81            	2.523077e-17
81.05         	2.523160e-17
81.1          	2.523242e-17
81.15         	2.523325e-17
81.2          	2.523407e-17
81.25         	2.523489e-17
81.3          	2.523572e-17
81.35         	2.523654e-17
81.4          	2.523736e-17
81.45         	2.523818e-17
81.5          	2.523900e-17
81.55         	2.523983e-17
81.6          	2.524065e-17
81.65         	2.524147e-17
81.7          	2.524228e-17
81.75         	2.524310e-17
81.8          	2.524392e-17
81.85         	2.524474e-17
81.9          	2.524556e-17
81.95         	2.524637e-17
82            	2.524719e-17
82.05         	2.524801e-17
82.1          	2.524882e-17
82.15         	2.524964e-17
82.2          	2.525045e-17
82.25         	2.525127e-17
82.3          	2.525208e-17
82.35         	2.525290e-17
82.4          	2.525371e-17
82.45         	2.525452e-17
82.5          	2.525534e-17
82.55         	2.525615e-17
82.6          	2.525696e-17
82.65         	2.525777e-17
82.7          	2.525858e-17
82.75         	2.525939e-17
82.8          	2.526020e-17
82.85         	2.526101e-17
82.9          	2.526182e-17
82.95         	2.526263e-17
83            	2.526344e-17
83.05         	2.526425e-17
83.1          	2.526505e-17
83.15         	2.526586e-17
83.2          	2.526667e-17
83.25         	2.526747e-17
83.3          	2.526828e-17
83.35         	2.526908e-17
83.4          	2.526989e-17
83.45         	2.527069e-17
83.5          	2.527150e-17
83.55         	2.527230e-17
83.6          	2.527310e-17
83.65         	2.527391e-17
83.7          	2.527471e-17
83.75         	2.527551e-17
83.8          	2.527631e-17
83.85         	2.527711e-17
83.9          	2.527791e-17
83.95         	2.527871e-17
84            	2.527951e-17
84.05         	2.528031e-17
84.1          	2.528111e-17
84.15         	2.528191e-17
84.2          	2.528271e-17
84.25         	2.528351e-17
84.3          	2.528430e-17
84.35         	2.528510e-17
84.4          	2.528590e-17
84.45         	2.528669e-17
84.5          	2.528749e-17
84.55         	2.528828e-17
84.6          	2.528908e-17
84.65         	2.528987e-17
84.7          	2.529067e-17
84.75         	2.529146e-17
84.8          	2.529225e-17
84.85         	2.529305e-17
84.9          	2.529384e-17
84.95         	2.529463e-17
85            	2.529542e-17
85.05         	2.529621e-17
85.1          	2.529700e-17
85.15         	2.529779e-17
85.2          	2.529858e-17
85.25         	2.529937e-17
85.3          	2.530016e-17
85.35         	2.530095e-17
85.4          	2.530174e-17
85.45         	2.530253e-17
85.5          	2.530331e-17
85.55         	2.530410e-17
85.6          	2.530489e-17
85.65         	2.530567e-17
85.7          	2.530646e-17
85.75         	2.530724e-17
85.8          	2.530803e-17
85.85         	2.530881e-17
85.9          	2.530960e-17
85.95         	2.531038e-17
86            	2.531116e-17
86.05         	2.531195e-17
86.1          	2.531273e-17
86.15         	2.531351e-17
86.2          	2.531429e-17
86.25         	2.531508e-17
86.3          	2.531586e-17
86.35         	2.531664e-17
86.4          	2.531742e-17
86.45         	2.531820e-17
86.5          	2.531898e-17
86.55         	2.531975e-17
86.6          	2.532053e-17
86.65         	2.532131e-17
86.7          	2.532209e-17
86.75         	2.532287e-17
86.8          	2.532364e-17
86.85         	2.532442e-17
86.9          	2.532520e-17
86.95         	2.532597e-17
87            	2.532675e-17
87.05         	2.532752e-17
87.1          	2.532830e-17
87.15         	2.532907e-17
87.2          	2.532984e-17
87.25         	2.533062e-17
87.3          	2.533139e-17
87.35         	2.533216e-17
87.4          	2.533294e-17
87.45         	2.533371e-17
87.5          	2.533448e-17
87.55         	2.533525e-17
87.6          	2.533602e-17
87.65         	2.533679e-17
87.7          	2.533756e-17
87.75         	2.533833e-17
87.8          	2.533910e-17
87.85         	2.533987e-17
87.9          	2.534064e-17
87.95         	2.534140e-17
88            	2.534217e-17
88.05         	2.534294e-17
88.1          	2.534371e-17
88.15         	2.534447e-17
88.2          	2.534524e-17
88.25         	2.534600e-17
88.3          	2.534677e-17
88.35         	2.534753e-17
88.4          	2.534830e-17
88.45         	2.534906e-17
88.5          	2.534983e-17
88.55         	2.535059e-17
88.6          	2.535135e-17
88.65         	2.535212e-17
88.7          	2.535288e-17
88.75         	2.535364e-17
88.8          	2.535440e-17
88.85         	2.535516e-17
88.9          	2.535593e-17
88.95         	2.535669e-17
89            	2.535745e-17
89.05         	2.535821e-17
89.1          	2.535897e-17
89.15         	2.535972e-17
89.2          	2.536048e-17
89.25         	2.536124e-17
89.3          	2.536200e-17
89.35         	2.536276e-17
89.4          	2.536351e-17
89.45         	2.536427e-17
89.5          	2.536503e-17
89.55         	2.536578e-17
89.6          	2.536654e-17
89.65         	2.536730e-17
89.7          	2.536805e-17
89.75         	2.536881e-17
89.8          	2.536956e-17
89.85         	2.537031e-17
89.9          	2.537107e-17
89.95         	2.537182e-17
90            	2.537258e-17
90.05         	2.537333e-17
90.1          	2.537408e-17
90.15         	2.537483e-17
90.2          	2.537558e-17
90.25         	2.537634e-17
90.3          	2.537709e-17
90.35         	2.537784e-17
90.4          	2.537859e-17
90.45         	2.537934e-17
90.5          	2.538009e-17
90.55         	2.538084e-17
90.6          	2.538159e-17
90.65         	2.538233e-17
90.7          	2.538308e-17
90.75         	2.538383e-17
90.8          	2.538458e-17
90.85         	2.538532e-17
90.9          	2.538607e-17
90.95         	2.538682e-17
91            	2.538756e-17
91.05         	2.538831e-17
91.1          	2.538906e-17
91.15         	2.538980e-17
91.2          	2.539055e-17
91.25         	2.539129e-17
91.3          	2.539203e-17
91.35         	2.539278e-17
91.4          	2.539352e-17
91.45         	2.539427e-17
91.5          	2.539501e-17
91.55         	2.539575e-17
91.6          	2.539649e-17
91.65         	2.539724e-17
91.7          	2.539798e-17
91.75         	2.539872e-17
91.8          	2.539946e-17
91.85         	2.540020e-17
91.9          	2.540094e-17
91.95         	2.540168e-17
92            	2.540242e-17
92.05         	2.540316e-17
92.1          	2.540390e-17
92.15         	2.540464e-17
92.2          	2.540537e-17
92.25         	2.540611e-17
92.3          	2.540685e-17
92.35         	2.540759e-17
92.4          	2.540832e-17
92.45         	2.540906e-17
92.5          	2.540980e-17
92.55         	2.541053e-17
92.6          	2.541127e-17
92.65         	2.541201e-17
92.7          	2.541274e-17
92.75         	2.541348e-17
92.8          	2.541421e-17
92.85         	2.541494e-17
92.9          	2.541568e-17
92.95         	2.541641e-17
93            	2.541714e-17
93.05         	2.541788e-17
93.1          	2.541861e-17
93.15         	2.541934e-17
93.2          	2.542007e-17
93.25         	2.542081e-17
93.3          	2.542154e-17
93.35         	2.542227e-17
93.4          	2.542300e-17
93.45         	2.542373e-17
93.5          	2.542446e-17
93.55         	2.542519e-17
93.6          	2.542592e-17
93.65         	2.542665e-17
93.7          	2.542738e-17
93.75         	2.542811e-17
93.8          	2.542883e-17
93.85         	2.542956e-17
93.9          	2.543029e-17
93.95         	2.543102e-17
94            	2.543174e-17
94.05         	2.543247e-17
94.1          	2.543320e-17
94.15         	2.543392e-17
94.2          	2.543465e-17
94.25         	2.543537e-17
94.3          	2.543610e-17
94.35         	2.543683e-17
94.4          	2.543755e-17
94.45         	2.543827e-17
94.5          	2.543900e-17
94.55         	2.543972e-17
94.6          	2.544045e-17
94.65         	2.544117e-17
94.7          	2.544189e-17
94.75         	2.544261e-17
94.8          	2.544334e-17
94.85         	2.544406e-17
94.9          	2.544478e-17
94.95         	2.544550e-17
95            	2.544622e-17
95.05         	2.544694e-17
95.1          	2.544766e-17
95.15         	2.544838e-17
95.2          	2.544910e-17
95.25         	2.544982e-17
95.3          	2.545054e-17
95.35         	2.545126e-17
95.4          	2.545198e-17
95.45         	2.545270e-17
95.5          	2.545341e-17
95.55         	2.545413e-17
95.6          	2.545485e-17
95.65         	2.545557e-17
95.7          	2.545628e-17
95.75         	2.545700e-17
95.8          	2.545772e-17
95.85         	2.545843e-17
95.9          	2.545915e-17
95.95         	2.545986e-17
96            	2.546058e-17
96.05         	2.546129e-17
96.1          	2.546201e-17
96.15         	2.546272e-17
96.2          	2.546344e-17
96.25         	2.546415e-17
96.3          	2.546486e-17
96.35         	2.546558e-17
96.4          	2.546629e-17
96.45         	2.546700e-17
96.5          	2.546771e-17
96.55         	2.546842e-17
96.6          	2.546914e-17
96.65         	2.546985e-17
96.7          	2.547056e-17
96.75         	2.547127e-17
96.8          	2.547198e-17
96.85         	2.547269e-17
96.9          	2.547340e-17
96.95         	2.547411e-17
97            	2.547482e-17
97.05         	2.547553e-17
97.1          	2.547624e-17
97.15         	2.547694e-17
97.2          	2.547765e-17
97.25         	2.547836e-17
97.3          	2.547907e-17
97.35         	2.547977e-17
97.4          	2.548048e-17
97.45         	2.548119e-17
97.5          	2.548189e-17
97.55         	2.548260e-17
97.6          	2.548331e-17
97.65         	2.548401e-17
97.7          	2.548472e-17
97.75         	2.548542e-17
97.8          	2.548613e-17
97.85         	2.548683e-17
97.9          	2.548753e-17
97.95         	2.548824e-17
98            	2.548894e-17
98.05         	2.548964e-17
98.1          	2.549035e-17
98.15         	2.549105e-17
98.2          	2.549175e-17
98.25         	2.549245e-17
98.3          	2.549316e-17
98.35         	2.549386e-17
98.4          	2.549456e-17
98.45         	2.549526e-17
98.5          	2.549596e-17
98.55         	2.549666e-17
98.6          	2.549736e-17
98.65         	2.549806e-17
98.7          	2.549876e-17
98.75         	2.549946e-17
98.8          	2.550016e-17
98.85         	2.550086e-17
98.9          	2.550155e-17
98.95         	2.550225e-17
99            	2.550295e-17
99.05         	2.550365e-17
99.1          	2.550435e-17
99.15         	2.550504e-17
99.2          	2.550574e-17
99.25         	2.550644e-17
99.3          	2.550713e-17
99.35         	2.550783e-17
99.4          	2.550852e-17
99.45         	2.550922e-17
99.5          	2.550991e-17
99.55         	2.551061e-17
99.6          	2.551130e-17
99.65         	2.551200e-17
99.7          	2.551269e-17
99.75         	2.551338e-17
99.8          	2.551408e-17
99.85         	2.551477e-17
99.9          	2.551546e-17
99.95         	2.551616e-17
100           	2.551685e-17
100.05        	2.551754e-17
100.1         	2.551823e-17
100.15        	2.551892e-17
100.2         	2.551962e-17
100.25        	2.552031e-17
100.3         	2.552100e-17
100.35        	2.552169e-17
100.4         	2.552238e-17
100.45        	2.552307e-17
100.5         	2.552376e-17
100.55        	2.552445e-17
100.6         	2.552513e-17
100.65        	2.552582e-17
100.7         	2.552651e-17
100.75        	2.552720e-17
100.8         	2.552789e-17
100.85        	2.552858e-17
100.9         	2.552926e-17
100.95        	2.552995e-17
101           	2.553064e-17
101.05        	2.553132e-17
101.1         	2.553201e-17
101.15        	2.553270e-17
101.2         	2.553338e-17
101.25        	2.553407e-17
101.3         	2.553475e-17
101.35        	2.553544e-17
101.4         	2.553612e-17
101.45        	2.553681e-17
101.5         	2.553749e-17
101.55        	2.553818e-17
101.6         	2.553886e-17
101.65        	2.553954e-17
101.7         	2.554023e-17
101.75        	2.554091e-17
101.8         	2.554159e-17
101.85        	2.554227e-17
101.9         	2.554296e-17
101.95        	2.554364e-17
102           	2.554432e-17
102.05        	2.554500e-17
102.1         	2.554568e-17
102.15        	2.554636e-17
102.2         	2.554704e-17
102.25        	2.554772e-17
102.3         	2.554840e-17
102.35        	2.554908e-17
102.4         	2.554976e-17
102.45        	2.555044e-17
102.5         	2.555112e-17
102.55        	2.555180e-17
102.6         	2.555248e-17
102.65        	2.555316e-17
102.7         	2.555383e-17
102.75        	2.555451e-17
102.8         	2.555519e-17
102.85        	2.555587e-17
102.9         	2.555654e-17
102.95        	2.555722e-17
103           	2.555790e-17
103.05        	2.555857e-17
103.1         	2.555925e-17
103.15        	2.555992e-17
103.2         	2.556060e-17
103.25        	2.556127e-17
103.3         	2.556195e-17
103.35        	2.556262e-17
103.4         	2.556330e-17
103.45        	2.556397e-17
103.5         	2.556465e-17
103.55        	2.556532e-17
103.6         	2.556599e-17
103.65        	2.556667e-17
103.7         	2.556734e-17
103.75        	2.556801e-17
103.8         	2.556868e-17
103.85        	2.556936e-17
103.9         	2.557003e-17
103.95        	2.557070e-17
104           	2.557137e-17
104.05        	2.557204e-17
104.1         	2.557271e-17
104.15        	2.557338e-17
104.2         	2.557405e-17
104.25        	2.557472e-17
104.3         	2.557539e-17
104.35        	2.557606e-17
104.4         	2.557673e-17
104.45        	2.557740e-17
104.5         	2.557807e-17
104.55        	2.557874e-17
104.6         	2.557941e-17
104.65        	2.558008e-17
104.7         	2.558074e-17
104.75        	2.558141e-17
104.8         	2.558208e-17
104.85        	2.558275e-17
104.9         	2.558341e-17
104.95        	2.558408e-17
105           	2.558475e-17
105.05        	2.558541e-17
105.1         	2.558608e-17
105.15        	2.558674e-17
105.2         	2.558741e-17
105.25        	2.558808e-17
105.3         	2.558874e-17
105.35        	2.558941e-17
105.4         	2.559007e-17
105.45        	2.559073e-17
105.5         	2.559140e-17
105.55        	2.559206e-17
105.6         	2.559273e-17
105.65        	2.559339e-17
105.7         	2.559405e-17
105.75        	2.559471e-17
105.8         	2.559538e-17
105.85        	2.559604e-17
105.9         	2.559670e-17
105.95        	2.559736e-17
106           	2.559802e-17
106.05        	2.559869e-17
106.1         	2.559935e-17
106.15        	2.560001e-17
106.2         	2.560067e-17
106.25        	2.560133e-17
106.3         	2.560199e-17
106.35        	2.560265e-17
106.4         	2.560331e-17
106.45        	2.560397e-17
106.5         	2.560463e-17
106.55        	2.560529e-17
106.6         	2.560595e-17
106.65        	2.560660e-17
106.7         	2.560726e-17
106.75        	2.560792e-17
106.8         	2.560858e-17
106.85        	2.560924e-17
106.9         	2.560989e-17
106.95        	2.561055e-17
107           	2.561121e-17
107.05        	2.561186e-17
107.1         	2.561252e-17
107.15        	2.561318e-17
107.2         	2.561383e-17
107.25        	2.561449e-17
107.3         	2.561514e-17
107.35        	2.561580e-17
107.4         	2.561645e-17
107.45        	2.561711e-17
107.5         	2.561776e-17
107.55        	2.561842e-17
107.6         	2.561907e-17
107.65        	2.561972e-17
107.7         	2.562038e-17
107.75        	2.562103e-17
107.8         	2.562168e-17
107.85        	2.562234e-17
107.9         	2.562299e-17
107.95        	2.562364e-17
108           	2.562429e-17
108.05        	2.562495e-17
108.1         	2.562560e-17
108.15        	2.562625e-17
108.2         	2.562690e-17
108.25        	2.562755e-17
108.3         	2.562820e-17
108.35        	2.562885e-17
108.4         	2.562950e-17
108.45        	2.563015e-17
108.5         	2.563080e-17
108.55        	2.563145e-17
108.6         	2.563210e-17
108.65        	2.563275e-17
108.7         	2.563340e-17
108.75        	2.563405e-17
108.8         	2.563470e-17
108.85        	2.563535e-17
108.9         	2.563599e-17
108.95        	2.563664e-17
109           	2.563729e-17
109.05        	2.563794e-17
109.1         	2.563858e-17
109.15        	2.563923e-17
109.2         	2.563988e-17
109.25        	2.564052e-17
109.3         	2.564117e-17
109.35        	2.564182e-17
109.4         	2.564246e-17
109.45        	2.564311e-17
109.5         	2.564375e-17
109.55        	2.564440e-17
109.6         	2.564504e-17
109.65        	2.564569e-17
109.7         	2.564633e-17
109.75        	2.564698e-17
109.8         	2.564762e-17
109.85        	2.564826e-17
109.9         	2.564891e-17
109.95        	2.564955e-17
110           	2.565019e-17
110.05        	2.565084e-17
110.1         	2.565148e-17
110.15        	2.565212e-17
110.2         	2.565276e-17
110.25        	2.565341e-17
110.3         	2.565405e-17
110.35        	2.565469e-17
110.4         	2.565533e-17
110.45        	2.565597e-17
110.5         	2.565661e-17
110.55        	2.565725e-17
110.6         	2.565789e-17
110.65        	2.565853e-17
110.7         	2.565917e-17
110.75        	2.565981e-17
110.8         	2.566045e-17
110.85        	2.566109e-17
110.9         	2.566173e-17
110.95        	2.566237e-17
111           	2.566301e-17
111.05        	2.566365e-17
111.1         	2.566428e-17
111.15        	2.566492e-17
111.2         	2.566556e-17
111.25        	2.566620e-17
111.3         	2.566683e-17
111.35        	2.566747e-17
111.4         	2.566811e-17
111.45        	2.566874e-17
111.5         	2.566938e-17
111.55        	2.567002e-17
111.6         	2.567065e-17
111.65        	2.567129e-17
111.7         	2.567192e-17
111.75        	2.567256e-17
111.8         	2.567319e-17
111.85        	2.567383e-17
111.9         	2.567446e-17
111.95        	2.567510e-17
112           	2.567573e-17
112.05        	2.567637e-17
112.1         	2.567700e-17
112.15        	2.567763e-17
112.2         	2.567827e-17
112.25        	2.567890e-17
112.3         	2.567953e-17
112.35        	2.568016e-17
112.4         	2.568080e-17
112.45        	2.568143e-17
112.5         	2.568206e-17
112.55        	2.568269e-17
112.6         	2.568332e-17
112.65        	2.568396e-17
112.7         	2.568459e-17
112.75        	2.568522e-17
112.8         	2.568585e-17
112.85        	2.568648e-17
112.9         	2.568711e-17
112.95        	2.568774e-17
113           	2.568837e-17
113.05        	2.568900e-17
113.1         	2.568963e-17
113.15        	2.569026e-17
113.2         	2.569089e-17
113.25        	2.569151e-17
113.3         	2.569214e-17
113.35        	2.569277e-17
113.4         	2.569340e-17
113.45        	2.569403e-17
113.5         	2.569465e-17
113.55        	2.569528e-17
113.6         	2.569591e-17
113.65        	2.569654e-17
113.7         	2.569716e-17
113.75        	2.569779e-17
113.8         	2.569842e-17
113.85        	2.569904e-17
113.9         	2.569967e-17
113.95        	2.570029e-17
114           	2.570092e-17
114.05        	2.570154e-17
114.1         	2.570217e-17
114.15        	2.570279e-17
114.2         	2.570342e-17
114.25        	2.570404e-17
114.3         	2.570467e-17
114.35        	2.570529e-17
114.4         	2.570591e-17
114.45        	2.570654e-17
114.5         	2.570716e-17
114.55        	2.570778e-17
114.6         	2.570841e-17
114.65        	2.570903e-17
114.7         	2.570965e-17
114.75        	2.571028e-17
114.8         	2.571090e-17
114.85        	2.571152e-17
114.9         	2.571214e-17
114.95        	2.571276e-17
115           	2.571338e-17
115.05        	2.571400e-17
115.1         	2.571463e-17
115.15        	2.571525e-17
115.2         	2.571587e-17
115.25        	2.571649e-17
115.3         	2.571711e-17
115.35        	2.571773e-17
115.4         	2.571835e-17
115.45        	2.571897e-17
115.5         	2.571959e-17
115.55        	2.572020e-17
115.6         	2.572082e-17
115.65        	2.572144e-17
115.7         	2.572206e-17
115.75        	2.572268e-17
115.8         	2.572330e-17
115.85        	2.572391e-17
115.9         	2.572453e-17
115.95        	2.572515e-17
116           	2.572577e-17
116.05        	2.572638e-17
116.1         	2.572700e-17
116.15        	2.572762e-17
116.2         	2.572823e-17
116.25        	2.572885e-17
116.3         	2.572946e-17
116.35        	2.573008e-17
116.4         	2.573070e-17
116.45        	2.573131e-17
116.5         	2.573193e-17
116.55        	2.573254e-17
116.6         	2.573315e-17
116.65        	2.573377e-17
116.7         	2.573438e-17
116.75        	2.573500e-17
116.8         	2.573561e-17
116.85        	2.573623e-17
116.9         	2.573684e-17
116.95        	2.573745e-17
117           	2.573806e-17
117.05        	2.573868e-17
117.1         	2.573929e-17
117.15        	2.573990e-17
117.2         	2.574051e-17
117.25        	2.574113e-17
117.3         	2.574174e-17
117.35        	2.574235e-17
117.4         	2.574296e-17
117.45        	2.574357e-17
117.5         	2.574418e-17
117.55        	2.574479e-17
117.6         	2.574541e-17
117.65        	2.574602e-17
117.7         	2.574663e-17
117.75        	2.574724e-17
117.8         	2.574785e-17
117.85        	2.574846e-17
117.9         	2.574906e-17
117.95        	2.574967e-17
118           	2.575028e-17
118.05        	2.575089e-17
118.1         	2.575150e-17
118.15        	2.575211e-17
118.2         	2.575272e-17
118.25        	2.575333e-17
118.3         	2.575393e-17
118.35        	2.575454e-17
118.4         	2.575515e-17
118.45        	2.575576e-17
118.5         	2.575636e-17
118.55        	2.575697e-17
118.6         	2.575758e-17
118.65        	2.575818e-17
118.7         	2.575879e-17
118.75        	2.575939e-17
118.8         	2.576000e-17
118.85        	2.576061e-17
118.9         	2.576121e-17
118.95        	2.576182e-17
119           	2.576242e-17
119.05        	2.576303e-17
119.1         	2.576363e-17
119.15        	2.576424e-17
119.2         	2.576484e-17
119.25        	2.576544e-17
119.3         	2.576605e-17
119.35        	2.576665e-17
119.4         	2.576725e-17
119.45        	2.576786e-17
119.5         	2.576846e-17
119.55        	2.576906e-17
119.6         	2.576967e-17
119.65        	2.577027e-17
119.7         	2.577087e-17
119.75        	2.577147e-17
119.8         	2.577208e-17
119.85        	2.577268e-17
119.9         	2.577328e-17
119.95        	2.577388e-17
120           	2.577448e-17
120.05        	2.577508e-17
120.1         	2.577568e-17
120.15        	2.577628e-17
120.2         	2.577688e-17
120.25        	2.577748e-17
120.3         	2.577808e-17
120.35        	2.577868e-17
120.4         	2.577928e-17
120.45        	2.577988e-17
120.5         	2.578048e-17
120.55        	2.578108e-17
120.6         	2.578168e-17
120.65        	2.578228e-17
120.7         	2.578288e-17
120.75        	2.578348e-17
120.8         	2.578407e-17
120.85        	2.578467e-17
120.9         	2.578527e-17
120.95        	2.578587e-17
121           	2.578646e-17
121.05        	2.578706e-17
121.1         	2.578766e-17
121.15        	2.578825e-17
121.2         	2.578885e-17
121.25        	2.578945e-17
121.3         	2.579004e-17
121.35        	2.579064e-17
121.4         	2.579124e-17
121.45        	2.579183e-17
121.5         	2.579243e-17
121.55        	2.579302e-17
121.6         	2.579362e-17
121.65        	2.579421e-17
121.7         	2.579481e-17
121.75        	2.579540e-17
121.8         	2.579599e-17
121.85        	2.579659e-17
121.9         	2.579718e-17
121.95        	2.579778e-17
122           	2.579837e-17
122.05        	2.579896e-17
122.1         	2.579956e-17
122.15        	2.580015e-17
122.2         	2.580074e-17
122.25        	2.580133e-17
122.3         	2.580193e-17
122.35        	2.580252e-17
122.4         	2.580311e-17
122.45        	2.580370e-17
122.5         	2.580429e-17
122.55        	2.580489e-17
122.6         	2.580548e-17
122.65        	2.580607e-17
122.7         	2.580666e-17
122.75        	2.580725e-17
122.8         	2.580784e-17
122.85        	2.580843e-17
122.9         	2.580902e-17
122.95        	2.580961e-17
123           	2.581020e-17
123.05        	2.581079e-17
123.1         	2.581138e-17
123.15        	2.581197e-17
123.2         	2.581256e-17
123.25        	2.581315e-17
123.3         	2.581373e-17
123.35        	2.581432e-17
123.4         	2.581491e-17
123.45        	2.581550e-17
123.5         	2.581609e-17
123.55        	2.581667e-17
123.6         	2.581726e-17
123.65        	2.581785e-17
123.7         	2.581844e-17
123.75        	2.581902e-17
123.8         	2.581961e-17
123.85        	2.582020e-17
123.9         	2.582078e-17
123.95        	2.582137e-17
124           	2.582195e-17
124.05        	2.582254e-17
124.1         	2.582313e-17
124.15        	2.582371e-17
124.2         	2.582430e-17
124.25        	2.582488e-17
124.3         	2.582547e-17
124.35        	2.582605e-17
124.4         	2.582664e-17
124.45        	2.582722e-17
124.5         	2.582780e-17
124.55        	2.582839e-17
124.6         	2.582897e-17
124.65        	2.582956e-17
124.7         	2.583014e-17
124.75        	2.583072e-17
124.8         	2.583131e-17
124.85        	2.583189e-17
124.9         	2.583247e-17
124.95        	2.583305e-17
125           	2.583364e-17
125.05        	2.583422e-17
125.1         	2.583480e-17
125.15        	2.583538e-17
125.2         	2.583596e-17
125.25        	2.583655e-17
125.3         	2.583713e-17
125.35        	2.583771e-17
125.4         	2.583829e-17
125.45        	2.583887e-17
125.5         	2.583945e-17
125.55        	2.584003e-17
125.6         	2.584061e-17
125.65        	2.584119e-17
125.7         	2.584177e-17
125.75        	2.584235e-17
125.8         	2.584293e-17
125.85        	2.584351e-17
125.9         	2.584409e-17
125.95        	2.584467e-17
126           	2.584524e-17
126.05        	2.584582e-17
126.1         	2.584640e-17
126.15        	2.584698e-17
126.2         	2.584756e-17
126.25        	2.584814e-17
126.3         	2.584871e-17
126.35        	2.584929e-17
126.4         	2.584987e-17
126.45        	2.585044e-17
126.5         	2.585102e-17
126.55        	2.585160e-17
126.6         	2.585218e-17
126.65        	2.585275e-17
126.7         	2.585333e-17
126.75        	2.585390e-17
126.8         	2.585448e-17
126.85        	2.585506e-17
126.9         	2.585563e-17
126.95        	2.585621e-17
127           	2.585678e-17
127.05        	2.585736e-17
127.1         	2.585793e-17
127.15        	2.585851e-17
127.2         	2.585908e-17
127.25        	2.585965e-17
127.3         	2.586023e-17
127.35        	2.586080e-17
127.4         	2.586138e-17
127.45        	2.586195e-17
127.5         	2.586252e-17
127.55        	2.586310e-17
127.6         	2.586367e-17
127.65        	2.586424e-17
127.7         	2.586481e-17
127.75        	2.586539e-17
127.8         	2.586596e-17
127.85        	2.586653e-17
127.9         	2.586710e-17
127.95        	2.586767e-17
128           	2.586825e-17
128.05        	2.586882e-17
128.1         	2.586939e-17
128.15        	2.586996e-17
128.2         	2.587053e-17
128.25        	2.587110e-17
128.3         	2.587167e-17
128.35        	2.587224e-17
128.4         	2.587281e-17
128.45        	2.587338e-17
128.5         	2.587395e-17
128.55        	2.587452e-17
128.6         	2.587509e-17
128.65        	2.587566e-17
128.7         	2.587623e-17
128.75        	2.587680e-17
128.8         	2.587737e-17
128.85        	2.587794e-17
128.9         	2.587851e-17
128.95        	2.587907e-17
129           	2.587964e-17
129.05        	2.588021e-17
129.1         	2.588078e-17
129.15        	2.588135e-17
129.2         	2.588191e-17
129.25        	2.588248e-17
129.3         	2.588305e-17
129.35        	2.588361e-17
129.4         	2.588418e-17
129.45        	2.588475e-17
129.5         	2.588531e-17
129.55        	2.588588e-17
129.6         	2.588645e-17
129.65        	2.588701e-17
129.7         	2.588758e-17
129.75        	2.588814e-17
129.8         	2.588871e-17
129.85        	2.588927e-17
129.9         	2.588984e-17
129.95        	2.589040e-17
130           	2.589097e-17
130.05        	2.589153e-17
130.1         	2.589210e-17
130.15        	2.589266e-17
130.2         	2.589322e-17
130.25        	2.589379e-17
130.3         	2.589435e-17
130.35        	2.589492e-17
130.4         	2.589548e-17
130.45        	2.589604e-17
130.5         	2.589660e-17
130.55        	2.589717e-17
130.6         	2.589773e-17
130.65        	2.589829e-17
130.7         	2.589886e-17
130.75        	2.589942e-17
130.8         	2.589998e-17
130.85        	2.590054e-17
130.9         	2.590110e-17
130.95        	2.590166e-17
131           	2.590223e-17
131.05        	2.590279e-17
131.1         	2.590335e-17
131.15        	2.590391e-17
131.2         	2.590447e-17
131.25        	2.590503e-17
131.3         	2.590559e-17
131.35        	2.590615e-17
131.4         	2.590671e-17
131.45        	2.590727e-17
131.5         	2.590783e-17
131.55        	2.590839e-17
131.6         	2.590895e-17
131.65        	2.590951e-17
131.7         	2.591007e-17
131.75        	2.591062e-17
131.8         	2.591118e-17
131.85        	2.591174e-17
131.9         	2.591230e-17
131.95        	2.591286e-17
132           	2.591342e-17
132.05        	2.591397e-17
132.1         	2.591453e-17
132.15        	2.591509e-17
132.2         	2.591565e-17
132.25        	2.591620e-17
132.3         	2.591676e-17
132.35        	2.591732e-17
132.4         	2.591787e-17
132.45        	2.591843e-17
132.5         	2.591898e-17
132.55        	2.591954e-17
132.6         	2.592010e-17
132.65        	2.592065e-17
132.7         	2.592121e-17
132.75        	2.592176e-17
132.8         	2.592232e-17
132.85        	2.592287e-17
132.9         	2.592343e-17
132.95        	2.592398e-17
133           	2.592454e-17
133.05        	2.592509e-17
133.1         	2.592565e-17
133.15        	2.592620e-17
133.2         	2.592675e-17
133.25        	2.592731e-17
133.3         	2.592786e-17
133.35        	2.592842e-17
133.4         	2.592897e-17
133.45        	2.592952e-17
133.5         	2.593007e-17
133.55        	2.593063e-17
133.6         	2.593118e-17
133.65        	2.593173e-17
133.7         	2.593229e-17
133.75        	2.593284e-17
133.8         	2.593339e-17
133.85        	2.593394e-17
133.9         	2.593449e-17
133.95        	2.593504e-17
134           	2.593560e-17
134.05        	2.593615e-17
134.1         	2.593670e-17
134.15        	2.593725e-17
134.2         	2.593780e-17
134.25        	2.593835e-17
134.3         	2.593890e-17
134.35        	2.593945e-17
134.4         	2.594000e-17
134.45        	2.594055e-17
134.5         	2.594110e-17
134.55        	2.594165e-17
134.6         	2.594220e-17
134.65        	2.594275e-17
134.7         	2.594330e-17
134.75        	2.594385e-17
134.8         	2.594439e-17
134.85        	2.594494e-17
134.9         	2.594549e-17
134.95        	2.594604e-17
135           	2.594659e-17
135.05        	2.594714e-17
135.1         	2.594768e-17
135.15        	2.594823e-17
135.2         	2.594878e-17
135.25        	2.594933e-17
135.3         	2.594987e-17
135.35        	2.595042e-17
135.4         	2.595097e-17
135.45        	2.595151e-17
135.5         	2.595206e-17
135.55        	2.595261e-17
135.6         	2.595315e-17
135.65        	2.595370e-17
135.7         	2.595424e-17
135.75        	2.595479e-17
135.8         	2.595533e-17
135.85        	2.595588e-17
135.9         	2.595642e-17
135.95        	2.595697e-17
136           	2.595751e-17
136.05        	2.595806e-17
136.1         	2.595860e-17
136.15        	2.595915e-17
136.2         	2.595969e-17
136.25        	2.596024e-17
136.3         	2.596078e-17
136.35        	2.596132e-17
136.4         	2.596187e-17
136.45        	2.596241e-17
136.5         	2.596295e-17
136.55        	2.596350e-17
136.6         	2.596404e-17
136.65        	2.596458e-17
136.7         	2.596513e-17
136.75        	2.596567e-17
136.8         	2.596621e-17
136.85        	2.596675e-17
136.9         	2.596729e-17
136.95        	2.596784e-17
137           	2.596838e-17
137.05        	2.596892e-17
137.1         	2.596946e-17
137.15        	2.597000e-17
137.2         	2.597054e-17
137.25        	2.597108e-17
137.3         	2.597162e-17
137.35        	2.597217e-17
137.4         	2.597271e-17
137.45        	2.597325e-17
137.5         	2.597379e-17
137.55        	2.597433e-17
137.6         	2.597487e-17
137.65        	2.597541e-17
137.7         	2.597594e-17
137.75        	2.597648e-17
137.8         	2.597702e-17
137.85        	2.597756e-17
137.9         	2.597810e-17
137.95        	2.597864e-17
138           	2.597918e-17
138.05        	2.597972e-17
138.1         	2.598026e-17
138.15        	2.598079e-17
138.2         	2.598133e-17
138.25        	2.598187e-17
138.3         	2.598241e-17
138.35        	2.598294e-17
138.4         	2.598348e-17
138.45        	2.598402e-17
138.5         	2.598456e-17
138.55        	2.598509e-17
138.6         	2.598563e-17
138.65        	2.598617e-17
138.7         	2.598670e-17
138.75        	2.598724e-17
138.8         	2.598777e-17
138.85        	2.598831e-17
138.9         	2.598885e-17
138.95        	2.598938e-17
139           	2.598992e-17
139.05        	2.599045e-17
139.1         	2.599099e-17
139.15        	2.599152e-17
139.2         	2.599206e-17
139.25        	2.599259e-17
139.3         	2.599313e-17
139.35        	2.599366e-17
139.4         	2.599419e-17
139.45        	2.599473e-17
139.5         	2.599526e-17
139.55        	2.599580e-17
139.6         	2.599633e-17
139.65        	2.599686e-17
139.7         	2.599740e-17
139.75        	2.599793e-17
139.8         	2.599846e-17
139.85        	2.599899e-17
139.9         	2.599953e-17
139.95        	2.600006e-17
140           	2.600059e-17
140.05        	2.600112e-17
140.1         	2.600166e-17
140.15        	2.600219e-17
140.2         	2.600272e-17
140.25        	2.600325e-17
140.3         	2.600378e-17
140.35        	2.600431e-17
140.4         	2.600485e-17
140.45        	2.600538e-17
140.5         	2.600591e-17
140.55        	2.600644e-17
140.6         	2.600697e-17
140.65        	2.600750e-17
140.7         	2.600803e-17
140.75        	2.600856e-17
140.8         	2.600909e-17
140.85        	2.600962e-17
140.9         	2.601015e-17
140.95        	2.601068e-17
141           	2.601121e-17
141.05        	2.601174e-17
141.1         	2.601227e-17
141.15        	2.601279e-17
141.2         	2.601332e-17
141.25        	2.601385e-17
141.3         	2.601438e-17
141.35        	2.601491e-17
141.4         	2.601544e-17
141.45        	2.601596e-17
141.5         	2.601649e-17
141.55        	2.601702e-17
141.6         	2.601755e-17
141.65        	2.601807e-17
141.7         	2.601860e-17
141.75        	2.601913e-17
141.8         	2.601966e-17
141.85        	2.602018e-17
141.9         	2.602071e-17
141.95        	2.602124e-17
142           	2.602176e-17
142.05        	2.602229e-17
142.1         	2.602281e-17
142.15        	2.602334e-17
142.2         	2.602387e-17
142.25        	2.602439e-17
142.3         	2.602492e-17
142.35        	2.602544e-17
142.4         	2.602597e-17
142.45        	2.602649e-17
142.5         	2.602702e-17
142.55        	2.602754e-17
142.6         	2.602807e-17
142.65        	2.602859e-17
142.7         	2.602911e-17
142.75        	2.602964e-17
142.8         	2.603016e-17
142.85        	2.603069e-17
142.9         	2.603121e-17
142.95        	2.603173e-17
143           	2.603226e-17
143.05        	2.603278e-17
143.1         	2.603330e-17
143.15        	2.603383e-17
143.2         	2.603435e-17
143.25        	2.603487e-17
143.3         	2.603539e-17
143.35        	2.603592e-17
143.4         	2.603644e-17
143.45        	2.603696e-17
143.5         	2.603748e-17
143.55        	2.603800e-17
143.6         	2.603853e-17
143.65        	2.603905e-17
143.7         	2.603957e-17
143.75        	2.604009e-17
143.8         	2.604061e-17
143.85        	2.604113e-17
143.9         	2.604165e-17
143.95        	2.604217e-17
144           	2.604269e-17
144.05        	2.604321e-17
144.1         	2.604373e-17
144.15        	2.604425e-17
144.2         	2.604477e-17
144.25        	2.604529e-17
144.3         	2.604581e-17
144.35        	2.604633e-17
144.4         	2.604685e-17
144.45        	2.604737e-17
144.5         	2.604789e-17
144.55        	2.604841e-17
144.6         	2.604893e-17
144.65        	2.604944e-17
144.7         	2.604996e-17
144.75        	2.605048e-17
144.8         	2.605100e-17
144.85        	2.605152e-17
144.9         	2.605203e-17
144.95        	2.605255e-17
145           	2.605307e-17
145.05        	2.605359e-17
145.1         	2.605410e-17
145.15        	2.605462e-17
145.2         	2.605514e-17
145.25        	2.605565e-17
145.3         	2.605617e-17
145.35        	2.605669e-17
145.4         	2.605720e-17
145.45        	2.605772e-17
145.5         	2.605824e-17
145.55        	2.605875e-17
145.6         	2.605927e-17
145.65        	2.605978e-17
145.7         	2.606030e-17
145.75        	2.606081e-17
145.8         	2.606133e-17
145.85        	2.606184e-17
145.9         	2.606236e-17
145.95        	2.606287e-17
146           	2.606339e-17
146.05        	2.606390e-17
146.1         	2.606442e-17
146.15        	2.606493e-17
146.2         	2.606545e-17
146.25        	2.606596e-17
146.3         	2.606647e-17
146.35        	2.606699e-17
146.4         	2.606750e-17
146.45        	2.606801e-17
146.5         	2.606853e-17
146.55        	2.606904e-17
146.6         	2.606955e-17
146.65        	2.607006e-17
146.7         	2.607058e-17
146.75        	2.607109e-17
146.8         	2.607160e-17
146.85        	2.607211e-17
146.9         	2.607263e-17
146.95        	2.607314e-17
147           	2.607365e-17
147.05        	2.607416e-17
147.1         	2.607467e-17
147.15        	2.607518e-17
147.2         	2.607570e-17
147.25        	2.607621e-17
147.3         	2.607672e-17
147.35        	2.607723e-17
147.4         	2.607774e-17
147.45        	2.607825e-17
147.5         	2.607876e-17
147.55        	2.607927e-17
147.6         	2.607978e-17
147.65        	2.608029e-17
147.7         	2.608080e-17
147.75        	2.608131e-17
147.8         	2.608182e-17
147.85        	2.608233e-17
147.9         	2.608284e-17
147.95        	2.608335e-17
148           	2.608385e-17
148.05        	2.608436e-17
148.1         	2.608487e-17
148.15        	2.608538e-17
148.2         	2.608589e-17
148.25        	2.608640e-17
148.3         	2.608691e-17
148.35        	2.608741e-17
148.4         	2.608792e-17
148.45        	2.608843e-17
148.5         	2.608894e-17
148.55        	2.608944e-17
148.6         	2.608995e-17
148.65        	2.609046e-17
148.7         	2.609096e-17
148.75        	2.609147e-17
148.8         	2.609198e-17
148.85        	2.609248e-17
148.9         	2.609299e-17
148.95        	2.609350e-17
149           	2.609400e-17
149.05        	2.609451e-17
149.1         	2.609501e-17
149.15        	2.609552e-17
149.2         	2.609603e-17
149.25        	2.609653e-17
149.3         	2.609704e-17
149.35        	2.609754e-17
149.4         	2.609805e-17
149.45        	2.609855e-17
149.5         	2.609906e-17
149.55        	2.609956e-17
149.6         	2.610007e-17
149.65        	2.610057e-17
149.7         	2.610107e-17
149.75        	2.610158e-17
149.8         	2.610208e-17
149.85        	2.610259e-17
149.9         	2.610309e-17
149.95        	2.610359e-17
150           	2.610410e-17
150.05        	2.610460e-17
150.1         	2.610510e-17
150.15        	2.610561e-17
150.2         	2.610611e-17
150.25        	2.610661e-17
150.3         	2.610711e-17
150.35        	2.610762e-17
150.4         	2.610812e-17
150.45        	2.610862e-17
150.5         	2.610912e-17
150.55        	2.610962e-17
150.6         	2.611013e-17
150.65        	2.611063e-17
150.7         	2.611113e-17
150.75        	2.611163e-17
150.8         	2.611213e-17
150.85        	2.611263e-17
150.9         	2.611313e-17
150.95        	2.611363e-17
151           	2.611413e-17
151.05        	2.611463e-17
151.1         	2.611513e-17
151.15        	2.611563e-17
151.2         	2.611613e-17
151.25        	2.611663e-17
151.3         	2.611713e-17
151.35        	2.611763e-17
151.4         	2.611813e-17
151.45        	2.611863e-17
151.5         	2.611913e-17
151.55        	2.611963e-17
151.6         	2.612013e-17
151.65        	2.612063e-17
151.7         	2.612113e-17
151.75        	2.612163e-17
151.8         	2.612212e-17
151.85        	2.612262e-17
151.9         	2.612312e-17
151.95        	2.612362e-17
152           	2.612412e-17
152.05        	2.612461e-17
152.1         	2.612511e-17
152.15        	2.612561e-17
152.2         	2.612611e-17
152.25        	2.612660e-17
152.3         	2.612710e-17
152.35        	2.612760e-17
152.4         	2.612809e-17
152.45        	2.612859e-17
152.5         	2.612909e-17
152.55        	2.612958e-17
152.6         	2.613008e-17
152.65        	2.613058e-17
152.7         	2.613107e-17
152.75        	2.613157e-17
152.8         	2.613206e-17
152.85        	2.613256e-17
152.9         	2.613305e-17
152.95        	2.613355e-17
153           	2.613405e-17
153.05        	2.613454e-17
153.1         	2.613504e-17
153.15        	2.613553e-17
153.2         	2.613602e-17
153.25        	2.613652e-17
153.3         	2.613701e-17
153.35        	2.613751e-17
153.4         	2.613800e-17
153.45        	2.613850e-17
153.5         	2.613899e-17
153.55        	2.613948e-17
153.6         	2.613998e-17
153.65        	2.614047e-17
153.7         	2.614096e-17
153.75        	2.614146e-17
153.8         	2.614195e-17
153.85        	2.614244e-17
153.9         	2.614294e-17
153.95        	2.614343e-17
154           	2.614392e-17
154.05        	2.614441e-17
154.1         	2.614490e-17
154.15        	2.614540e-17
154.2         	2.614589e-17
154.25        	2.614638e-17
154.3         	2.614687e-17
154.35        	2.614736e-17
154.4         	2.614786e-17
154.45        	2.614835e-17
154.5         	2.614884e-17
154.55        	2.614933e-17
154.6         	2.614982e-17
154.65        	2.615031e-17
154.7         	2.615080e-17
154.75        	2.615129e-17
154.8         	2.615178e-17
154.85        	2.615227e-17
154.9         	2.615276e-17
154.95        	2.615325e-17
155           	2.615374e-17
155.05        	2.615423e-17
155.1         	2.615472e-17
155.15        	2.615521e-17
155.2         	2.615570e-17
155.25        	2.615619e-17
155.3         	2.615668e-17
155.35        	2.615717e-17
155.4         	2.615766e-17
155.45        	2.615814e-17
155.5         	2.615863e-17
155.55        	2.615912e-17
155.6         	2.615961e-17
155.65        	2.616010e-17
155.7         	2.616059e-17
155.75        	2.616107e-17
155.8         	2.616156e-17
155.85        	2.616205e-17
155.9         	2.616254e-17
155.95        	2.616302e-17
156           	2.616351e-17
156.05        	2.616400e-17
156.1         	2.616449e-17
156.15        	2.616497e-17
156.2         	2.616546e-17
156.25        	2.616595e-17
156.3         	2.616643e-17
156.35        	2.616692e-17
156.4         	2.616740e-17
156.45        	2.616789e-17
156.5         	2.616838e-17
156.55        	2.616886e-17
156.6         	2.616935e-17
156.65        	2.616983e-17
156.7         	2.617032e-17
156.75        	2.617080e-17
156.8         	2.617129e-17
156.85        	2.617177e-17
156.9         	2.617226e-17
156.95        	2.617274e-17
157           	2.617323e-17
157.05        	2.617371e-17
157.1         	2.617420e-17
157.15        	2.617468e-17
157.2         	2.617517e-17
157.25        	2.617565e-17
157.3         	2.617613e-17
157.35        	2.617662e-17
157.4         	2.617710e-17
157.45        	2.617758e-17
157.5         	2.617807e-17
157.55        	2.617855e-17
157.6         	2.617903e-17
157.65        	2.617952e-17
157.7         	2.618000e-17
157.75        	2.618048e-17
157.8         	2.618096e-17
157.85        	2.618145e-17
157.9         	2.618193e-17
157.95        	2.618241e-17
158           	2.618289e-17
158.05        	2.618338e-17
158.1         	2.618386e-17
158.15        	2.618434e-17
158.2         	2.618482e-17
158.25        	2.618530e-17
158.3         	2.618578e-17
158.35        	2.618626e-17
158.4         	2.618674e-17
158.45        	2.618723e-17
158.5         	2.618771e-17
158.55        	2.618819e-17
158.6         	2.618867e-17
158.65        	2.618915e-17
158.7         	2.618963e-17
158.75        	2.619011e-17
158.8         	2.619059e-17
158.85        	2.619107e-17
158.9         	2.619155e-17
158.95        	2.619203e-17
159           	2.619251e-17
159.05        	2.619299e-17
159.1         	2.619347e-17
159.15        	2.619394e-17
159.2         	2.619442e-17
159.25        	2.619490e-17
159.3         	2.619538e-17
159.35        	2.619586e-17
159.4         	2.619634e-17
159.45        	2.619682e-17
159.5         	2.619729e-17
159.55        	2.619777e-17
159.6         	2.619825e-17
159.65        	2.619873e-17
159.7         	2.619921e-17
159.75        	2.619968e-17
159.8         	2.620016e-17
159.85        	2.620064e-17
159.9         	2.620112e-17
159.95        	2.620159e-17
160           	2.620207e-17
160.05        	2.620255e-17
160.1         	2.620302e-17
160.15        	2.620350e-17
160.2         	2.620398e-17
160.25        	2.620445e-17
160.3         	2.620493e-17
160.35        	2.620541e-17
160.4         	2.620588e-17
160.45        	2.620636e-17
160.5         	2.620683e-17
160.55        	2.620731e-17
160.6         	2.620778e-17
160.65        	2.620826e-17
160.7         	2.620873e-17
160.75        	2.620921e-17
160.8         	2.620968e-17
160.85        	2.621016e-17
160.9         	2.621063e-17
160.95        	2.621111e-17
161           	2.621158e-17
161.05        	2.621206e-17
161.1         	2.621253e-17
161.15        	2.621301e-17
161.2         	2.621348e-17
161.25        	2.621395e-17
161.3         	2.621443e-17
161.35        	2.621490e-17
161.4         	2.621537e-17
161.45        	2.621585e-17
161.5         	2.621632e-17
161.55        	2.621679e-17
161.6         	2.621727e-17
161.65        	2.621774e-17
161.7         	2.621821e-17
161.75        	2.621868e-17
161.8         	2.621916e-17
161.85        	2.621963e-17
161.9         	2.622010e-17
161.95        	2.622057e-17
162           	2.622105e-17
162.05        	2.622152e-17
162.1         	2.622199e-17
162.15        	2.622246e-17
162.2         	2.622293e-17
162.25        	2.622340e-17
162.3         	2.622387e-17
162.35        	2.622435e-17
162.4         	2.622482e-17
162.45        	2.622529e-17
162.5         	2.622576e-17
162.55        	2.622623e-17
162.6         	2.622670e-17
162.65        	2.622717e-17
162.7         	2.622764e-17
162.75        	2.622811e-17
162.8         	2.622858e-17
162.85        	2.622905e-17
162.9         	2.622952e-17
162.95        	2.622999e-17
163           	2.623046e-17
163.05        	2.623093e-17
163.1         	2.623140e-17
163.15        	2.623187e-17
163.2         	2.623233e-17
163.25        	2.623280e-17
163.3         	2.623327e-17
163.35        	2.623374e-17
163.4         	2.623421e-17
163.45        	2.623468e-17
163.5         	2.623515e-17
163.55        	2.623561e-17
163.6         	2.623608e-17
163.65        	2.623655e-17
163.7         	2.623702e-17
163.75        	2.623749e-17
163.8         	2.623795e-17
163.85        	2.623842e-17
163.9         	2.623889e-17
163.95        	2.623936e-17
164           	2.623982e-17
164.05        	2.624029e-17
164.1         	2.624076e-17
164.15        	2.624122e-17
164.2         	2.624169e-17
164.25        	2.624216e-17
164.3         	2.624262e-17
164.35        	2.624309e-17
164.4         	2.624355e-17
164.45        	2.624402e-17
164.5         	2.624449e-17
164.55        	2.624495e-17
164.6         	2.624542e-17
164.65        	2.624588e-17
164.7         	2.624635e-17
164.75        	2.624681e-17
164.8         	2.624728e-17
164.85        	2.624774e-17
164.9         	2.624821e-17
164.95        	2.624867e-17
165           	2.624914e-17
165.05        	2.624960e-17
165.1         	2.625007e-17
165.15        	2.625053e-17
165.2         	2.625099e-17
165.25        	2.625146e-17
165.3         	2.625192e-17
165.35        	2.625239e-17
165.4         	2.625285e-17
165.45        	2.625331e-17
165.5         	2.625378e-17
165.55        	2.625424e-17
165.6         	2.625470e-17
165.65        	2.625517e-17
165.7         	2.625563e-17
165.75        	2.625609e-17
165.8         	2.625655e-17
165.85        	2.625702e-17
165.9         	2.625748e-17
165.95        	2.625794e-17
166           	2.625840e-17
166.05        	2.625887e-17
166.1         	2.625933e-17
166.15        	2.625979e-17
166.2         	2.626025e-17
166.25        	2.626071e-17
166.3         	2.626117e-17
166.35        	2.626164e-17
166.4         	2.626210e-17
166.45        	2.626256e-17
166.5         	2.626302e-17
166.55        	2.626348e-17
166.6         	2.626394e-17
166.65        	2.626440e-17
166.7         	2.626486e-17
166.75        	2.626532e-17
166.8         	2.626578e-17
166.85        	2.626624e-17
166.9         	2.626670e-17
166.95        	2.626716e-17
167           	2.626762e-17
167.05        	2.626808e-17
167.1         	2.626854e-17
167.15        	2.626900e-17
167.2         	2.626946e-17
167.25        	2.626992e-17
167.3         	2.627038e-17
167.35        	2.627084e-17
167.4         	2.627130e-17
167.45        	2.627176e-17
167.5         	2.627221e-17
167.55        	2.627267e-17
167.6         	2.627313e-17
167.65        	2.627359e-17
167.7         	2.627405e-17
167.75        	2.627451e-17
167.8         	2.627496e-17
167.85        	2.627542e-17
167.9         	2.627588e-17
167.95        	2.627634e-17
168           	2.627679e-17
168.05        	2.627725e-17
168.1         	2.627771e-17
168.15        	2.627817e-17
168.2         	2.627862e-17
168.25        	2.627908e-17
168.3         	2.627954e-17
168.35        	2.627999e-17
168.4         	2.628045e-17
168.45        	2.628091e-17
168.5         	2.628136e-17
168.55        	2.628182e-17
168.6         	2.628227e-17
168.65        	2.628273e-17
168.7         	2.628319e-17
168.75        	2.628364e-17
168.8         	2.628410e-17
168.85        	2.628455e-17
168.9         	2.628501e-17
168.95        	2.628546e-17
169           	2.628592e-17
169.05        	2.628637e-17
169.1         	2.628683e-17
169.15        	2.628728e-17
169.2         	2.628774e-17
169.25        	2.628819e-17
169.3         	2.628865e-17
169.35        	2.628910e-17
169.4         	2.628955e-17
169.45        	2.629001e-17
169.5         	2.629046e-17
169.55        	2.629092e-17
169.6         	2.629137e-17
169.65        	2.629182e-17
169.7         	2.629228e-17
169.75        	2.629273e-17
169.8         	2.629318e-17
169.85        	2.629364e-17
169.9         	2.629409e-17
169.95        	2.629454e-17
170           	2.629499e-17
170.05        	2.629545e-17
170.1         	2.629590e-17
170.15        	2.629635e-17
170.2         	2.629680e-17
170.25        	2.629726e-17
170.3         	2.629771e-17
170.35        	2.629816e-17
170.4         	2.629861e-17
170.45        	2.629906e-17
170.5         	2.629952e-17
170.55        	2.629997e-17
170.6         	2.630042e-17
170.65        	2.630087e-17
170.7         	2.630132e-17
170.75        	2.630177e-17
170.8         	2.630222e-17
170.85        	2.630267e-17
170.9         	2.630312e-17
170.95        	2.630358e-17
171           	2.630403e-17
171.05        	2.630448e-17
171.1         	2.630493e-17
171.15        	2.630538e-17
171.2         	2.630583e-17
171.25        	2.630628e-17
171.3         	2.630673e-17
171.35        	2.630718e-17
171.4         	2.630762e-17
171.45        	2.630807e-17
171.5         	2.630852e-17
171.55        	2.630897e-17
171.6         	2.630942e-17
171.65        	2.630987e-17
171.7         	2.631032e-17
171.75        	2.631077e-17
171.8         	2.631122e-17
171.85        	2.631167e-17
171.9         	2.631211e-17
171.95        	2.631256e-17
172           	2.631301e-17
172.05        	2.631346e-17
172.1         	2.631391e-17
172.15        	2.631435e-17
172.2         	2.631480e-17
172.25        	2.631525e-17
172.3         	2.631570e-17
172.35        	2.631614e-17
172.4         	2.631659e-17
172.45        	2.631704e-17
172.5         	2.631749e-17
172.55        	2.631793e-17
172.6         	2.631838e-17
172.65        	2.631883e-17
172.7         	2.631927e-17
172.75        	2.631972e-17
172.8         	2.632016e-17
172.85        	2.632061e-17
172.9         	2.632106e-17
172.95        	2.632150e-17
173           	2.632195e-17
173.05        	2.632239e-17
173.1         	2.632284e-17
173.15        	2.632329e-17
173.2         	2.632373e-17
173.25        	2.632418e-17
173.3         	2.632462e-17
173.35        	2.632507e-17
173.4         	2.632551e-17
173.45        	2.632596e-17
173.5         	2.632640e-17
173.55        	2.632685e-17
173.6         	2.632729e-17
173.65        	2.632773e-17
173.7         	2.632818e-17
173.75        	2.632862e-17
173.8         	2.632907e-17
173.85        	2.632951e-17
173.9         	2.632995e-17
173.95        	2.633040e-17
174           	2.633084e-17
174.05        	2.633129e-17
174.1         	2.633173e-17
174.15        	2.633217e-17
174.2         	2.633262e-17
174.25        	2.633306e-17
174.3         	2.633350e-17
174.35        	2.633394e-17
174.4         	2.633439e-17
174.45        	2.633483e-17
174.5         	2.633527e-17
174.55        	2.633571e-17
174.6         	2.633616e-17
174.65        	2.633660e-17
174.7         	2.633704e-17
174.75        	2.633748e-17
174.8         	2.633792e-17
174.85        	2.633837e-17
174.9         	2.633881e-17
174.95        	2.633925e-17
175           	2.633969e-17
175.05        	2.634013e-17
175.1         	2.634057e-17
175.15        	2.634101e-17
175.2         	2.634145e-17
175.25        	2.634190e-17
175.3         	2.634234e-17
175.35        	2.634278e-17
175.4         	2.634322e-17
175.45        	2.634366e-17
175.5         	2.634410e-17
175.55        	2.634454e-17
175.6         	2.634498e-17
175.65        	2.634542e-17
175.7         	2.634586e-17
175.75        	2.634630e-17
175.8         	2.634674e-17
175.85        	2.634718e-17
175.9         	2.634762e-17
175.95        	2.634805e-17
176           	2.634849e-17
176.05        	2.634893e-17
176.1         	2.634937e-17
176.15        	2.634981e-17
176.2         	2.635025e-17
176.25        	2.635069e-17
176.3         	2.635113e-17
176.35        	2.635156e-17
176.4         	2.635200e-17
176.45        	2.635244e-17
176.5         	2.635288e-17
176.55        	2.635332e-17
176.6         	2.635375e-17
176.65        	2.635419e-17
176.7         	2.635463e-17
176.75        	2.635507e-17
176.8         	2.635550e-17
176.85        	2.635594e-17
176.9         	2.635638e-17
176.95        	2.635682e-17
177           	2.635725e-17
177.05        	2.635769e-17
177.1         	2.635813e-17
177.15        	2.635856e-17
177.2         	2.635900e-17
177.25        	2.635944e-17
177.3         	2.635987e-17
177.35        	2.636031e-17
177.4         	2.636074e-17
177.45        	2.636118e-17
177.5         	2.636162e-17
177.55        	2.636205e-17
177.6         	2.636249e-17
177.65        	2.636292e-17
177.7         	2.636336e-17
177.75        	2.636379e-17
177.8         	2.636423e-17
177.85        	2.636466e-17
177.9         	2.636510e-17
177.95        	2.636553e-17
178           	2.636597e-17
178.05        	2.636640e-17
178.1         	2.636684e-17
178.15        	2.636727e-17
178.2         	2.636771e-17
178.25        	2.636814e-17
178.3         	2.636857e-17
178.35        	2.636901e-17
178.4         	2.636944e-17
178.45        	2.636988e-17
178.5         	2.637031e-17
178.55        	2.637074e-17
178.6         	2.637118e-17
178.65        	2.637161e-17
178.7         	2.637204e-17
178.75        	2.637248e-17
178.8         	2.637291e-17
178.85        	2.637334e-17
178.9         	2.637377e-17
178.95        	2.637421e-17
179           	2.637464e-17
179.05        	2.637507e-17
179.1         	2.637550e-17
179.15        	2.637594e-17
179.2         	2.637637e-17
179.25        	2.637680e-17
179.3         	2.637723e-17
179.35        	2.637766e-17
179.4         	2.637810e-17
179.45        	2.637853e-17
179.5         	2.637896e-17
179.55        	2.637939e-17
179.6         	2.637982e-17
179.65        	2.638025e-17
179.7         	2.638068e-17
179.75        	2.638111e-17
179.8         	2.638155e-17
179.85        	2.638198e-17
179.9         	2.638241e-17
179.95        	2.638284e-17
180           	2.638327e-17
180.05        	2.638370e-17
180.1         	2.638413e-17
180.15        	2.638456e-17
180.2         	2.638499e-17
180.25        	2.638542e-17
180.3         	2.638585e-17
180.35        	2.638628e-17
180.4         	2.638671e-17
180.45        	2.638714e-17
180.5         	2.638756e-17
180.55        	2.638799e-17
180.6         	2.638842e-17
180.65        	2.638885e-17
180.7         	2.638928e-17
180.75        	2.638971e-17
180.8         	2.639014e-17
180.85        	2.639057e-17
180.9         	2.639100e-17
180.95        	2.639142e-17
181           	2.639185e-17
181.05        	2.639228e-17
181.1         	2.639271e-17
181.15        	2.639314e-17
181.2         	2.639356e-17
181.25        	2.639399e-17
181.3         	2.639442e-17
181.35        	2.639485e-17
181.4         	2.639527e-17
181.45        	2.639570e-17
181.5         	2.639613e-17
181.55        	2.639656e-17
181.6         	2.639698e-17
181.65        	2.639741e-17
181.7         	2.639784e-17
181.75        	2.639826e-17
181.8         	2.639869e-17
181.85        	2.639912e-17
181.9         	2.639954e-17
181.95        	2.639997e-17
182           	2.640039e-17
182.05        	2.640082e-17
182.1         	2.640125e-17
182.15        	2.640167e-17
182.2         	2.640210e-17
182.25        	2.640252e-17
182.3         	2.640295e-17
182.35        	2.640337e-17
182.4         	2.640380e-17
182.45        	2.640422e-17
182.5         	2.640465e-17
182.55        	2.640507e-17
182.6         	2.640550e-17
182.65        	2.640592e-17
182.7         	2.640635e-17
182.75        	2.640677e-17
182.8         	2.640720e-17
182.85        	2.640762e-17
182.9         	2.640804e-17
182.95        	2.640847e-17
183           	2.640889e-17
183.05        	2.640932e-17
183.1         	2.640974e-17
183.15        	2.641016e-17
183.2         	2.641059e-17
183.25        	2.641101e-17
183.3         	2.641143e-17
183.35        	2.641186e-17
183.4         	2.641228e-17
183.45        	2.641270e-17
183.5         	2.641313e-17
183.55        	2.641355e-17
183.6         	2.641397e-17
183.65        	2.641439e-17
183.7         	2.641482e-17
183.75        	2.641524e-17
183.8         	2.641566e-17
183.85        	2.641608e-17
183.9         	2.641651e-17
183.95        	2.641693e-17
184           	2.641735e-17
184.05        	2.641777e-17
184.1         	2.641819e-17
184.15        	2.641861e-17
184.2         	2.641904e-17
184.25        	2.641946e-17
184.3         	2.641988e-17
184.35        	2.642030e-17
184.4         	2.642072e-17
184.45        	2.642114e-17
184.5         	2.642156e-17
184.55        	2.642198e-17
184.6         	2.642240e-17
184.65        	2.642282e-17
184.7         	2.642324e-17
184.75        	2.642367e-17
184.8         	2.642409e-17
184.85        	2.642451e-17
184.9         	2.642493e-17
184.95        	2.642535e-17
185           	2.642576e-17
185.05        	2.642618e-17
185.1         	2.642660e-17
185.15        	2.642702e-17
185.2         	2.642744e-17
185.25        	2.642786e-17
185.3         	2.642828e-17
185.35        	2.642870e-17
185.4         	2.642912e-17
185.45        	2.642954e-17
185.5         	2.642996e-17
185.55        	2.643038e-17
185.6         	2.643079e-17
185.65        	2.643121e-17
185.7         	2.643163e-17
185.75        	2.643205e-17
185.8         	2.643247e-17
185.85        	2.643288e-17
185.9         	2.643330e-17
185.95        	2.643372e-17
186           	2.643414e-17
186.05        	2.643456e-17
186.1         	2.643497e-17
186.15        	2.643539e-17
186.2         	2.643581e-17
186.25        	2.643623e-17
186.3         	2.643664e-17
186.35        	2.643706e-17
186.4         	2.643748e-17
186.45        	2.643789e-17
186.5         	2.643831e-17
186.55        	2.643873e-17
186.6         	2.643914e-17
186.65        	2.643956e-17
186.7         	2.643997e-17
186.75        	2.644039e-17
186.8         	2.644081e-17
186.85        	2.644122e-17
186.9         	2.644164e-17
186.95        	2.644205e-17
187           	2.644247e-17
187.05        	2.644289e-17
187.1         	2.644330e-17
187.15        	2.644372e-17
187.2         	2.644413e-17
187.25        	2.644455e-17
187.3         	2.644496e-17
187.35        	2.644538e-17
187.4         	2.644579e-17
187.45        	2.644621e-17
187.5         	2.644662e-17
187.55        	2.644704e-17
187.6         	2.644745e-17
187.65        	2.644786e-17
187.7         	2.644828e-17
187.75        	2.644869e-17
187.8         	2.644911e-17
187.85        	2.644952e-17
187.9         	2.644993e-17
187.95        	2.645035e-17
188           	2.645076e-17
188.05        	2.645117e-17
188.1         	2.645159e-17
188.15        	2.645200e-17
188.2         	2.645241e-17
188.25        	2.645283e-17
188.3         	2.645324e-17
188.35        	2.645365e-17
188.4         	2.645407e-17
188.45        	2.645448e-17
188.5         	2.645489e-17
188.55        	2.645530e-17
188.6         	2.645572e-17
188.65        	2.645613e-17
188.7         	2.645654e-17
188.75        	2.645695e-17
188.8         	2.645736e-17
188.85        	2.645778e-17
188.9         	2.645819e-17
188.95        	2.645860e-17
189           	2.645901e-17
189.05        	2.645942e-17
189.1         	2.645983e-17
189.15        	2.646024e-17
189.2         	2.646066e-17
189.25        	2.646107e-17
189.3         	2.646148e-17
189.35        	2.646189e-17
189.4         	2.646230e-17
189.45        	2.646271e-17
189.5         	2.646312e-17
189.55        	2.646353e-17
189.6         	2.646394e-17
189.65        	2.646435e-17
189.7         	2.646476e-17
189.75        	2.646517e-17
189.8         	2.646558e-17
189.85        	2.646599e-17
189.9         	2.646640e-17
189.95        	2.646681e-17
190           	2.646722e-17
190.05        	2.646763e-17
190.1         	2.646804e-17
190.15        	2.646845e-17
190.2         	2.646886e-17
190.25        	2.646927e-17
190.3         	2.646968e-17
190.35        	2.647008e-17
190.4         	2.647049e-17
190.45        	2.647090e-17
190.5         	2.647131e-17
190.55        	2.647172e-17
190.6         	2.647213e-17
190.65        	2.647253e-17
190.7         	2.647294e-17
190.75        	2.647335e-17
190.8         	2.647376e-17
190.85        	2.647417e-17
190.9         	2.647457e-17
190.95        	2.647498e-17
191           	2.647539e-17
191.05        	2.647580e-17
191.1         	2.647620e-17
191.15        	2.647661e-17
191.2         	2.647702e-17
191.25        	2.647743e-17
191.3         	2.647783e-17
191.35        	2.647824e-17
191.4         	2.647865e-17
191.45        	2.647905e-17
191.5         	2.647946e-17
191.55        	2.647987e-17
191.6         	2.648027e-17
191.65        	2.648068e-17
191.7         	2.648108e-17
191.75        	2.648149e-17
191.8         	2.648190e-17
191.85        	2.648230e-17
191.9         	2.648271e-17
191.95        	2.648311e-17
192           	2.648352e-17
192.05        	2.648392e-17
192.1         	2.648433e-17
192.15        	2.648473e-17
192.2         	2.648514e-17
192.25        	2.648554e-17
192.3         	2.648595e-17
192.35        	2.648635e-17
192.4         	2.648676e-17
192.45        	2.648716e-17
192.5         	2.648757e-17
192.55        	2.648797e-17
192.6         	2.648838e-17
192.65        	2.648878e-17
192.7         	2.648919e-17
192.75        	2.648959e-17
192.8         	2.648999e-17
192.85        	2.649040e-17
192.9         	2.649080e-17
192.95        	2.649120e-17
193           	2.649161e-17
193.05        	2.649201e-17
193.1         	2.649241e-17
193.15        	2.649282e-17
193.2         	2.649322e-17
193.25        	2.649362e-17
193.3         	2.649403e-17
193.35        	2.649443e-17
193.4         	2.649483e-17
193.45        	2.649523e-17
193.5         	2.649564e-17
193.55        	2.649604e-17
193.6         	2.649644e-17
193.65        	2.649684e-17
193.7         	2.649725e-17
193.75        	2.649765e-17
193.8         	2.649805e-17
193.85        	2.649845e-17
193.9         	2.649885e-17
193.95        	2.649926e-17
194           	2.649966e-17
194.05        	2.650006e-17
194.1         	2.650046e-17
194.15        	2.650086e-17
194.2         	2.650126e-17
194.25        	2.650166e-17
194.3         	2.650206e-17
194.35        	2.650247e-17
194.4         	2.650287e-17
194.45        	2.650327e-17
194.5         	2.650367e-17
194.55        	2.650407e-17
194.6         	2.650447e-17
194.65        	2.650487e-17
194.7         	2.650527e-17
194.75        	2.650567e-17
194.8         	2.650607e-17
194.85        	2.650647e-17
194.9         	2.650687e-17
194.95        	2.650727e-17
195           	2.650767e-17
195.05        	2.650807e-17
195.1         	2.650847e-17
195.15        	2.650887e-17
195.2         	2.650927e-17
195.25        	2.650966e-17
195.3         	2.651006e-17
195.35        	2.651046e-17
195.4         	2.651086e-17
195.45        	2.651126e-17
195.5         	2.651166e-17
195.55        	2.651206e-17
195.6         	2.651246e-17
195.65        	2.651285e-17
195.7         	2.651325e-17
195.75        	2.651365e-17
195.8         	2.651405e-17
195.85        	2.651445e-17
195.9         	2.651484e-17
195.95        	2.651524e-17
196           	2.651564e-17
196.05        	2.651604e-17
196.1         	2.651643e-17
196.15        	2.651683e-17
196.2         	2.651723e-17
196.25        	2.651763e-17
196.3         	2.651802e-17
196.35        	2.651842e-17
196.4         	2.651882e-17
196.45        	2.651921e-17
196.5         	2.651961e-17
196.55        	2.652001e-17
196.6         	2.652040e-17
196.65        	2.652080e-17
196.7         	2.652120e-17
196.75        	2.652159e-17
196.8         	2.652199e-17
196.85        	2.652238e-17
196.9         	2.652278e-17
196.95        	2.652318e-17
197           	2.652357e-17
197.05        	2.652397e-17
197.1         	2.652436e-17
197.15        	2.652476e-17
197.2         	2.652515e-17
197.25        	2.652555e-17
197.3         	2.652594e-17
197.35        	2.652634e-17
197.4         	2.652673e-17
197.45        	2.652713e-17
197.5         	2.652752e-17
197.55        	2.652792e-17
197.6         	2.652831e-17
197.65        	2.652871e-17
197.7         	2.652910e-17
197.75        	2.652950e-17
197.8         	2.652989e-17
197.85        	2.653028e-17
197.9         	2.653068e-17
197.95        	2.653107e-17
198           	2.653147e-17
198.05        	2.653186e-17
198.1         	2.653225e-17
198.15        	2.653265e-17
198.2         	2.653304e-17
198.25        	2.653343e-17
198.3         	2.653383e-17
198.35        	2.653422e-17
198.4         	2.653461e-17
198.45        	2.653501e-17
198.5         	2.653540e-17
198.55        	2.653579e-17
198.6         	2.653618e-17
198.65        	2.653658e-17
198.7         	2.653697e-17
198.75        	2.653736e-17
198.8         	2.653775e-17
198.85        	2.653815e-17
198.9         	2.653854e-17
198.95        	2.653893e-17
199           	2.653932e-17
199.05        	2.653971e-17
199.1         	2.654011e-17
199.15        	2.654050e-17
199.2         	2.654089e-17
199.25        	2.654128e-17
199.3         	2.654167e-17
199.35        	2.654206e-17
199.4         	2.654245e-17
199.45        	2.654284e-17
199.5         	2.654324e-17
199.55        	2.654363e-17
199.6         	2.654402e-17
199.65        	2.654441e-17
199.7         	2.654480e-17
199.75        	2.654519e-17
199.8         	2.654558e-17
199.85        	2.654597e-17
199.9         	2.654636e-17
199.95        	2.654675e-17
200           	2.654714e-17
200.05        	2.654753e-17
200.1         	2.654792e-17
200.15        	2.654831e-17
200.2         	2.654870e-17
200.25        	2.654909e-17
200.3         	2.654948e-17
200.35        	2.654987e-17
200.4         	2.655026e-17
200.45        	2.655064e-17
200.5         	2.655103e-17
200.55        	2.655142e-17
200.6         	2.655181e-17
200.65        	2.655220e-17
200.7         	2.655259e-17
200.75        	2.655298e-17
200.8         	2.655337e-17
200.85        	2.655375e-17
200.9         	2.655414e-17
200.95        	2.655453e-17
201           	2.655492e-17
201.05        	2.655531e-17
201.1         	2.655569e-17
201.15        	2.655608e-17
201.2         	2.655647e-17
201.25        	2.655686e-17
201.3         	2.655725e-17
201.35        	2.655763e-17
201.4         	2.655802e-17
201.45        	2.655841e-17
201.5         	2.655879e-17
201.55        	2.655918e-17
201.6         	2.655957e-17
201.65        	2.655996e-17
201.7         	2.656034e-17
201.75        	2.656073e-17
201.8         	2.656112e-17
201.85        	2.656150e-17
201.9         	2.656189e-17
201.95        	2.656228e-17
202           	2.656266e-17
202.05        	2.656305e-17
202.1         	2.656343e-17
202.15        	2.656382e-17
202.2         	2.656421e-17
202.25        	2.656459e-17
202.3         	2.656498e-17
202.35        	2.656536e-17
202.4         	2.656575e-17
202.45        	2.656613e-17
202.5         	2.656652e-17
202.55        	2.656690e-17
202.6         	2.656729e-17
202.65        	2.656767e-17
202.7         	2.656806e-17
202.75        	2.656844e-17
202.8         	2.656883e-17
202.85        	2.656921e-17
202.9         	2.656960e-17
202.95        	2.656998e-17
203           	2.657037e-17
203.05        	2.657075e-17
203.1         	2.657113e-17
203.15        	2.657152e-17
203.2         	2.657190e-17
203.25        	2.657229e-17
203.3         	2.657267e-17
203.35        	2.657305e-17
203.4         	2.657344e-17
203.45        	2.657382e-17
203.5         	2.657420e-17
203.55        	2.657459e-17
203.6         	2.657497e-17
203.65        	2.657535e-17
203.7         	2.657574e-17
203.75        	2.657612e-17
203.8         	2.657650e-17
203.85        	2.657689e-17
203.9         	2.657727e-17
203.95        	2.657765e-17
204           	2.657803e-17
204.05        	2.657842e-17
204.1         	2.657880e-17
204.15        	2.657918e-17
204.2         	2.657956e-17
204.25        	2.657995e-17
204.3         	2.658033e-17
204.35        	2.658071e-17
204.4         	2.658109e-17
204.45        	2.658147e-17
204.5         	2.658185e-17
204.55        	2.658224e-17
204.6         	2.658262e-17
204.65        	2.658300e-17
204.7         	2.658338e-17
204.75        	2.658376e-17
204.8         	2.658414e-17
204.85        	2.658452e-17
204.9         	2.658490e-17
204.95        	2.658528e-17
205           	2.658566e-17
205.05        	2.658605e-17
205.1         	2.658643e-17
205.15        	2.658681e-17
205.2         	2.658719e-17
205.25        	2.658757e-17
205.3         	2.658795e-17
205.35        	2.658833e-17
205.4         	2.658871e-17
205.45        	2.658909e-17
205.5         	2.658947e-17
205.55        	2.658985e-17
205.6         	2.659023e-17
205.65        	2.659060e-17
205.7         	2.659098e-17
205.75        	2.659136e-17
205.8         	2.659174e-17
205.85        	2.659212e-17
205.9         	2.659250e-17
205.95        	2.659288e-17
206           	2.659326e-17
206.05        	2.659364e-17
206.1         	2.659402e-17
206.15        	2.659439e-17
206.2         	2.659477e-17
206.25        	2.659515e-17
206.3         	2.659553e-17
206.35        	2.659591e-17
206.4         	2.659629e-17
206.45        	2.659666e-17
206.5         	2.659704e-17
206.55        	2.659742e-17
206.6         	2.659780e-17
206.65        	2.659818e-17
206.7         	2.659855e-17
206.75        	2.659893e-17
206.8         	2.659931e-17
206.85        	2.659969e-17
206.9         	2.660006e-17
206.95        	2.660044e-17
207           	2.660082e-17
207.05        	2.660119e-17
207.1         	2.660157e-17
207.15        	2.660195e-17
207.2         	2.660232e-17
207.25        	2.660270e-17
207.3         	2.660308e-17
207.35        	2.660345e-17
207.4         	2.660383e-17
207.45        	2.660421e-17
207.5         	2.660458e-17
207.55        	2.660496e-17
207.6         	2.660533e-17
207.65        	2.660571e-17
207.7         	2.660609e-17
207.75        	2.660646e-17
207.8         	2.660684e-17
207.85        	2.660721e-17
207.9         	2.660759e-17
207.95        	2.660796e-17
208           	2.660834e-17
208.05        	2.660871e-17
208.1         	2.660909e-17
208.15        	2.660946e-17
208.2         	2.660984e-17
208.25        	2.661021e-17
208.3         	2.661059e-17
208.35        	2.661096e-17
208.4         	2.661134e-17
208.45        	2.661171e-17
208.5         	2.661208e-17
208.55        	2.661246e-17
208.6         	2.661283e-17
208.65        	2.661321e-17
208.7         	2.661358e-17
208.75        	2.661396e-17
208.8         	2.661433e-17
208.85        	2.661470e-17
208.9         	2.661508e-17
208.95        	2.661545e-17
209           	2.661582e-17
209.05        	2.661620e-17
209.1         	2.661657e-17
209.15        	2.661694e-17
209.2         	2.661732e-17
209.25        	2.661769e-17
209.3         	2.661806e-17
209.35        	2.661843e-17
209.4         	2.661881e-17
209.45        	2.661918e-17
209.5         	2.661955e-17
209.55        	2.661992e-17
209.6         	2.662030e-17
209.65        	2.662067e-17
209.7         	2.662104e-17
209.75        	2.662141e-17
209.8         	2.662179e-17
209.85        	2.662216e-17
209.9         	2.662253e-17
209.95        	2.662290e-17
210           	2.662327e-17
210.05        	2.662364e-17
210.1         	2.662402e-17
210.15        	2.662439e-17
210.2         	2.662476e-17
210.25        	2.662513e-17
210.3         	2.662550e-17
210.35        	2.662587e-17
210.4         	2.662624e-17
210.45        	2.662661e-17
210.5         	2.662698e-17
210.55        	2.662735e-17
210.6         	2.662773e-17
210.65        	2.662810e-17
210.7         	2.662847e-17
210.75        	2.662884e-17
210.8         	2.662921e-17
210.85        	2.662958e-17
210.9         	2.662995e-17
210.95        	2.663032e-17
211           	2.663069e-17
211.05        	2.663106e-17
211.1         	2.663143e-17
211.15        	2.663180e-17
211.2         	2.663216e-17
211.25        	2.663253e-17
211.3         	2.663290e-17
211.35        	2.663327e-17
211.4         	2.663364e-17
211.45        	2.663401e-17
211.5         	2.663438e-17
211.55        	2.663475e-17
211.6         	2.663512e-17
211.65        	2.663549e-17
211.7         	2.663585e-17
211.75        	2.663622e-17
211.8         	2.663659e-17
211.85        	2.663696e-17
211.9         	2.663733e-17
211.95        	2.663770e-17
212           	2.663806e-17
212.05        	2.663843e-17
212.1         	2.663880e-17
212.15        	2.663917e-17
212.2         	2.663954e-17
212.25        	2.663990e-17
212.3         	2.664027e-17
212.35        	2.664064e-17
212.4         	2.664101e-17
212.45        	2.664137e-17
212.5         	2.664174e-17
212.55        	2.664211e-17
212.6         	2.664247e-17
212.65        	2.664284e-17
212.7         	2.664321e-17
212.75        	2.664358e-17
212.8         	2.664394e-17
212.85        	2.664431e-17
212.9         	2.664468e-17
212.95        	2.664504e-17
213           	2.664541e-17
213.05        	2.664577e-17
213.1         	2.664614e-17
213.15        	2.664651e-17
213.2         	2.664687e-17
213.25        	2.664724e-17
213.3         	2.664760e-17
213.35        	2.664797e-17
213.4         	2.664834e-17
213.45        	2.664870e-17
213.5         	2.664907e-17
213.55        	2.664943e-17
213.6         	2.664980e-17
213.65        	2.665016e-17
213.7         	2.665053e-17
213.75        	2.665089e-17
213.8         	2.665126e-17
213.85        	2.665162e-17
213.9         	2.665199e-17
213.95        	2.665235e-17
214           	2.665272e-17
214.05        	2.665308e-17
214.1         	2.665344e-17
214.15        	2.665381e-17
214.2         	2.665417e-17
214.25        	2.665454e-17
214.3         	2.665490e-17
214.35        	2.665527e-17
214.4         	2.665563e-17
214.45        	2.665599e-17
214.5         	2.665636e-17
214.55        	2.665672e-17
214.6         	2.665708e-17
214.65        	2.665745e-17
214.7         	2.665781e-17
214.75        	2.665817e-17
214.8         	2.665854e-17
214.85        	2.665890e-17
214.9         	2.665926e-17
214.95        	2.665963e-17
215           	2.665999e-17
215.05        	2.666035e-17
215.1         	2.666071e-17
215.15        	2.666108e-17
215.2         	2.666144e-17
215.25        	2.666180e-17
215.3         	2.666216e-17
215.35        	2.666253e-17
215.4         	2.666289e-17
215.45        	2.666325e-17
215.5         	2.666361e-17
215.55        	2.666397e-17
215.6         	2.666434e-17
215.65        	2.666470e-17
215.7         	2.666506e-17
215.75        	2.666542e-17
215.8         	2.666578e-17
215.85        	2.666614e-17
215.9         	2.666651e-17
215.95        	2.666687e-17
216           	2.666723e-17
216.05        	2.666759e-17
216.1         	2.666795e-17
216.15        	2.666831e-17
216.2         	2.666867e-17
216.25        	2.666903e-17
216.3         	2.666939e-17
216.35        	2.666975e-17
216.4         	2.667011e-17
216.45        	2.667047e-17
216.5         	2.667083e-17
216.55        	2.667119e-17
216.6         	2.667155e-17
216.65        	2.667191e-17
216.7         	2.667227e-17
216.75        	2.667263e-17
216.8         	2.667299e-17
216.85        	2.667335e-17
216.9         	2.667371e-17
216.95        	2.667407e-17
217           	2.667443e-17
217.05        	2.667479e-17
217.1         	2.667515e-17
217.15        	2.667551e-17
217.2         	2.667587e-17
217.25        	2.667623e-17
217.3         	2.667659e-17
217.35        	2.667695e-17
217.4         	2.667730e-17
217.45        	2.667766e-17
217.5         	2.667802e-17
217.55        	2.667838e-17
217.6         	2.667874e-17
217.65        	2.667910e-17
217.7         	2.667945e-17
217.75        	2.667981e-17
217.8         	2.668017e-17
217.85        	2.668053e-17
217.9         	2.668089e-17
217.95        	2.668124e-17
218           	2.668160e-17
218.05        	2.668196e-17
218.1         	2.668232e-17
218.15        	2.668267e-17
218.2         	2.668303e-17
218.25        	2.668339e-17
218.3         	2.668375e-17
218.35        	2.668410e-17
218.4         	2.668446e-17
218.45        	2.668482e-17
218.5         	2.668517e-17
218.55        	2.668553e-17
218.6         	2.668589e-17
218.65        	2.668624e-17
218.7         	2.668660e-17
218.75        	2.668696e-17
218.8         	2.668731e-17
218.85        	2.668767e-17
218.9         	2.668803e-17
218.95        	2.668838e-17
219           	2.668874e-17
219.05        	2.668909e-17
219.1         	2.668945e-17
219.15        	2.668981e-17
219.2         	2.669016e-17
219.25        	2.669052e-17
219.3         	2.669087e-17
219.35        	2.669123e-17
219.4         	2.669158e-17
219.45        	2.669194e-17
219.5         	2.669229e-17
219.55        	2.669265e-17
219.6         	2.669300e-17
219.65        	2.669336e-17
219.7         	2.669371e-17
219.75        	2.669407e-17
219.8         	2.669442e-17
219.85        	2.669478e-17
219.9         	2.669513e-17
219.95        	2.669549e-17
220           	2.669584e-17
220.05        	2.669619e-17
220.1         	2.669655e-17
220.15        	2.669690e-17
220.2         	2.669726e-17
220.25        	2.669761e-17
220.3         	2.669796e-17
220.35        	2.669832e-17
220.4         	2.669867e-17
220.45        	2.669903e-17
220.5         	2.669938e-17
220.55        	2.669973e-17
220.6         	2.670009e-17
220.65        	2.670044e-17
220.7         	2.670079e-17
220.75        	2.670115e-17
220.8         	2.670150e-17
220.85        	2.670185e-17
220.9         	2.670220e-17
220.95        	2.670256e-17
221           	2.670291e-17
221.05        	2.670326e-17
221.1         	2.670361e-17
221.15        	2.670397e-17
221.2         	2.670432e-17
221.25        	2.670467e-17
221.3         	2.670502e-17
221.35        	2.670538e-17
221.4         	2.670573e-17
221.45        	2.670608e-17
221.5         	2.670643e-17
221.55        	2.670678e-17
221.6         	2.670713e-17
221.65        	2.670749e-17
221.7         	2.670784e-17
221.75        	2.670819e-17
221.8         	2.670854e-17
221.85        	2.670889e-17
221.9         	2.670924e-17
221.95        	2.670959e-17
222           	2.670994e-17
222.05        	2.671029e-17
222.1         	2.671065e-17
222.15        	2.671100e-17
222.2         	2.671135e-17
222.25        	2.671170e-17
222.3         	2.671205e-17
222.35        	2.671240e-17
222.4         	2.671275e-17
222.45        	2.671310e-17
222.5         	2.671345e-17
222.55        	2.671380e-17
222.6         	2.671415e-17
222.65        	2.671450e-17
222.7         	2.671485e-17
222.75        	2.671520e-17
222.8         	2.671555e-17
222.85        	2.671590e-17
222.9         	2.671625e-17
222.95        	2.671660e-17
223           	2.671695e-17
223.05        	2.671730e-17
223.1         	2.671764e-17
223.15        	2.671799e-17
223.2         	2.671834e-17
223.25        	2.671869e-17
223.3         	2.671904e-17
223.35        	2.671939e-17
223.4         	2.671974e-17
223.45        	2.672009e-17
223.5         	2.672043e-17
223.55        	2.672078e-17
223.6         	2.672113e-17
223.65        	2.672148e-17
223.7         	2.672183e-17
223.75        	2.672218e-17
223.8         	2.672252e-17
223.85        	2.672287e-17
223.9         	2.672322e-17
223.95        	2.672357e-17
224           	2.672391e-17
224.05        	2.672426e-17
224.1         	2.672461e-17
224.15        	2.672496e-17
224.2         	2.672530e-17
224.25        	2.672565e-17
224.3         	2.672600e-17
224.35        	2.672635e-17
224.4         	2.672669e-17
224.45        	2.672704e-17
224.5         	2.672739e-17
224.55        	2.672773e-17
224.6         	2.672808e-17
224.65        	2.672843e-17
224.7         	2.672877e-17
224.75        	2.672912e-17
224.8         	2.672947e-17
224.85        	2.672981e-17
224.9         	2.673016e-17
224.95        	2.673050e-17
225           	2.673085e-17
225.05        	2.673120e-17
225.1         	2.673154e-17
225.15        	2.673189e-17
225.2         	2.673223e-17
225.25        	2.673258e-17
225.3         	2.673292e-17
225.35        	2.673327e-17
225.4         	2.673362e-17
225.45        	2.673396e-17
225.5         	2.673431e-17
225.55        	2.673465e-17
225.6         	2.673500e-17
225.65        	2.673534e-17
225.7         	2.673569e-17
225.75        	2.673603e-17
225.8         	2.673638e-17
225.85        	2.673672e-17
225.9         	2.673706e-17
225.95        	2.673741e-17
226           	2.673775e-17
226.05        	2.673810e-17
226.1         	2.673844e-17
226.15        	2.673879e-17
226.2         	2.673913e-17
226.25        	2.673947e-17
226.3         	2.673982e-17
226.35        	2.674016e-17
226.4         	2.674051e-17
226.45        	2.674085e-17
226.5         	2.674119e-17
226.55        	2.674154e-17
226.6         	2.674188e-17
226.65        	2.674222e-17
226.7         	2.674257e-17
226.75        	2.674291e-17
226.8         	2.674325e-17
226.85        	2.674360e-17
226.9         	2.674394e-17
226.95        	2.674428e-17
227           	2.674462e-17
227.05        	2.674497e-17
227.1         	2.674531e-17
227.15        	2.674565e-17
227.2         	2.674599e-17
227.25        	2.674634e-17
227.3         	2.674668e-17
227.35        	2.674702e-17
227.4         	2.674736e-17
227.45        	2.674770e-17
227.5         	2.674805e-17
227.55        	2.674839e-17
227.6         	2.674873e-17
227.65        	2.674907e-17
227.7         	2.674941e-17
227.75        	2.674976e-17
227.8         	2.675010e-17
227.85        	2.675044e-17
227.9         	2.675078e-17
227.95        	2.675112e-17
228           	2.675146e-17
228.05        	2.675180e-17
228.1         	2.675214e-17
228.15        	2.675248e-17
228.2         	2.675283e-17
228.25        	2.675317e-17
228.3         	2.675351e-17
228.35        	2.675385e-17
228.4         	2.675419e-17
228.45        	2.675453e-17
228.5         	2.675487e-17
228.55        	2.675521e-17
228.6         	2.675555e-17
228.65        	2.675589e-17
228.7         	2.675623e-17
228.75        	2.675657e-17
228.8         	2.675691e-17
228.85        	2.675725e-17
228.9         	2.675759e-17
228.95        	2.675793e-17
229           	2.675827e-17
229.05        	2.675861e-17
229.1         	2.675895e-17
229.15        	2.675929e-17
229.2         	2.675962e-17
229.25        	2.675996e-17
229.3         	2.676030e-17
229.35        	2.676064e-17
229.4         	2.676098e-17
229.45        	2.676132e-17
229.5         	2.676166e-17
229.55        	2.676200e-17
229.6         	2.676234e-17
229.65        	2.676267e-17
229.7         	2.676301e-17
229.75        	2.676335e-17
229.8         	2.676369e-17
229.85        	2.676403e-17
229.9         	2.676437e-17
229.95        	2.676470e-17
230           	2.676504e-17
230.05        	2.676538e-17
230.1         	2.676572e-17
230.15        	2.676605e-17
230.2         	2.676639e-17
230.25        	2.676673e-17
230.3         	2.676707e-17
230.35        	2.676740e-17
230.4         	2.676774e-17
230.45        	2.676808e-17
230.5         	2.676842e-17
230.55        	2.676875e-17
230.6         	2.676909e-17
230.65        	2.676943e-17
230.7         	2.676976e-17
230.75        	2.677010e-17
230.8         	2.677044e-17
230.85        	2.677077e-17
230.9         	2.677111e-17
230.95        	2.677145e-17
231           	2.677178e-17
231.05        	2.677212e-17
231.1         	2.677246e-17
231.15        	2.677279e-17
231.2         	2.677313e-17
231.25        	2.677346e-17
231.3         	2.677380e-17
231.35        	2.677414e-17
231.4         	2.677447e-17
231.45        	2.677481e-17
231.5         	2.677514e-17
231.55        	2.677548e-17
231.6         	2.677581e-17
231.65        	2.677615e-17
231.7         	2.677648e-17
231.75        	2.677682e-17
231.8         	2.677715e-17
231.85        	2.677749e-17
231.9         	2.677782e-17
231.95        	2.677816e-17
232           	2.677849e-17
232.05        	2.677883e-17
232.1         	2.677916e-17
232.15        	2.677950e-17
232.2         	2.677983e-17
232.25        	2.678017e-17
232.3         	2.678050e-17
232.35        	2.678083e-17
232.4         	2.678117e-17
232.45        	2.678150e-17
232.5         	2.678184e-17
232.55        	2.678217e-17
232.6         	2.678250e-17
232.65        	2.678284e-17
232.7         	2.678317e-17
232.75        	2.678351e-17
232.8         	2.678384e-17
232.85        	2.678417e-17
232.9         	2.678451e-17
232.95        	2.678484e-17
233           	2.678517e-17
233.05        	2.678551e-17
233.1         	2.678584e-17
233.15        	2.678617e-17
233.2         	2.678650e-17
233.25        	2.678684e-17
233.3         	2.678717e-17
233.35        	2.678750e-17
233.4         	2.678783e-17
233.45        	2.678817e-17
233.5         	2.678850e-17
233.55        	2.678883e-17
233.6         	2.678916e-17
233.65        	2.678950e-17
233.7         	2.678983e-17
233.75        	2.679016e-17
233.8         	2.679049e-17
233.85        	2.679082e-17
233.9         	2.679116e-17
233.95        	2.679149e-17
234           	2.679182e-17
234.05        	2.679215e-17
234.1         	2.679248e-17
234.15        	2.679281e-17
234.2         	2.679315e-17
234.25        	2.679348e-17
234.3         	2.679381e-17
234.35        	2.679414e-17
234.4         	2.679447e-17
234.45        	2.679480e-17
234.5         	2.679513e-17
234.55        	2.679546e-17
234.6         	2.679579e-17
234.65        	2.679612e-17
234.7         	2.679645e-17
234.75        	2.679678e-17
234.8         	2.679711e-17
234.85        	2.679745e-17
234.9         	2.679778e-17
234.95        	2.679811e-17
235           	2.679844e-17
235.05        	2.679877e-17
235.1         	2.679910e-17
235.15        	2.679943e-17
235.2         	2.679976e-17
235.25        	2.680008e-17
235.3         	2.680041e-17
235.35        	2.680074e-17
235.4         	2.680107e-17
235.45        	2.680140e-17
235.5         	2.680173e-17
235.55        	2.680206e-17
235.6         	2.680239e-17
235.65        	2.680272e-17
235.7         	2.680305e-17
235.75        	2.680338e-17
235.8         	2.680371e-17
235.85        	2.680403e-17
235.9         	2.680436e-17
235.95        	2.680469e-17
236           	2.680502e-17
236.05        	2.680535e-17
236.1         	2.680568e-17
236.15        	2.680601e-17
236.2         	2.680633e-17
236.25        	2.680666e-17
236.3         	2.680699e-17
236.35        	2.680732e-17
236.4         	2.680765e-17
236.45        	2.680797e-17
236.5         	2.680830e-17
236.55        	2.680863e-17
236.6         	2.680896e-17
236.65        	2.680928e-17
236.7         	2.680961e-17
236.75        	2.680994e-17
236.8         	2.681027e-17
236.85        	2.681059e-17
236.9         	2.681092e-17
236.95        	2.681125e-17
237           	2.681157e-17
237.05        	2.681190e-17
237.1         	2.681223e-17
237.15        	2.681256e-17
237.2         	2.681288e-17
237.25        	2.681321e-17
237.3         	2.681354e-17
237.35        	2.681386e-17
237.4         	2.681419e-17
237.45        	2.681451e-17
237.5         	2.681484e-17
237.55        	2.681517e-17
237.6         	2.681549e-17
237.65        	2.681582e-17
237.7         	2.681614e-17
237.75        	2.681647e-17
237.8         	2.681680e-17
237.85        	2.681712e-17
237.9         	2.681745e-17
237.95        	2.681777e-17
238           	2.681810e-17
238.05        	2.681842e-17
238.1         	2.681875e-17
238.15        	2.681907e-17
238.2         	2.681940e-17
238.25        	2.681972e-17
238.3         	2.682005e-17
238.35        	2.682037e-17
238.4         	2.682070e-17
238.45        	2.682102e-17
238.5         	2.682135e-17
238.55        	2.682167e-17
238.6         	2.682200e-17
238.65        	2.682232e-17
238.7         	2.682265e-17
238.75        	2.682297e-17
238.8         	2.682330e-17
238.85        	2.682362e-17
238.9         	2.682394e-17
238.95        	2.682427e-17
239           	2.682459e-17
239.05        	2.682492e-17
239.1         	2.682524e-17
239.15        	2.682556e-17
239.2         	2.682589e-17
239.25        	2.682621e-17
239.3         	2.682653e-17
239.35        	2.682686e-17
239.4         	2.682718e-17
239.45        	2.682750e-17
239.5         	2.682783e-17
239.55        	2.682815e-17
239.6         	2.682847e-17
239.65        	2.682880e-17
239.7         	2.682912e-17
239.75        	2.682944e-17
239.8         	2.682976e-17
239.85        	2.683009e-17
239.9         	2.683041e-17
239.95        	2.683073e-17
240           	2.683105e-17
240.05        	2.683138e-17
240.1         	2.683170e-17
240.15        	2.683202e-17
240.2         	2.683234e-17
240.25        	2.683266e-17
240.3         	2.683299e-17
240.35        	2.683331e-17
240.4         	2.683363e-17
240.45        	2.683395e-17
240.5         	2.683427e-17
240.55        	2.683460e-17
240.6         	2.683492e-17
240.65        	2.683524e-17
240.7         	2.683556e-17
240.75        	2.683588e-17
240.8         	2.683620e-17
240.85        	2.683652e-17
240.9         	2.683684e-17
240.95        	2.683717e-17
241           	2.683749e-17
241.05        	2.683781e-17
241.1         	2.683813e-17
241.15        	2.683845e-17
241.2         	2.683877e-17
241.25        	2.683909e-17
241.3         	2.683941e-17
241.35        	2.683973e-17
241.4         	2.684005e-17
241.45        	2.684037e-17
241.5         	2.684069e-17
241.55        	2.684101e-17
241.6         	2.684133e-17
241.65        	2.684165e-17
241.7         	2.684197e-17
241.75        	2.684229e-17
241.8         	2.684261e-17
241.85        	2.684293e-17
241.9         	2.684325e-17
241.95        	2.684357e-17
242           	2.684389e-17
242.05        	2.684421e-17
242.1         	2.684453e-17
242.15        	2.684485e-17
242.2         	2.684517e-17
242.25        	2.684548e-17
242.3         	2.684580e-17
242.35        	2.684612e-17
242.4         	2.684644e-17
242.45        	2.684676e-17
242.5         	2.684708e-17
242.55        	2.684740e-17
242.6         	2.684772e-17
242.65        	2.684803e-17
242.7         	2.684835e-17
242.75        	2.684867e-17
242.8         	2.684899e-17
242.85        	2.684931e-17
242.9         	2.684963e-17
242.95        	2.684994e-17
243           	2.685026e-17
243.05        	2.685058e-17
243.1         	2.685090e-17
243.15        	2.685121e-17
243.2         	2.685153e-17
243.25        	2.685185e-17
243.3         	2.685217e-17
243.35        	2.685248e-17
243.4         	2.685280e-17
243.45        	2.685312e-17
243.5         	2.685344e-17
243.55        	2.685375e-17
243.6         	2.685407e-17
243.65        	2.685439e-17
243.7         	2.685470e-17
243.75        	2.685502e-17
243.8         	2.685534e-17
243.85        	2.685565e-17
243.9         	2.685597e-17
243.95        	2.685629e-17
244           	2.685660e-17
244.05        	2.685692e-17
244.1         	2.685724e-17
244.15        	2.685755e-17
244.2         	2.685787e-17
244.25        	2.685818e-17
244.3         	2.685850e-17
244.35        	2.685882e-17
244.4         	2.685913e-17
244.45        	2.685945e-17
244.5         	2.685976e-17
244.55        	2.686008e-17
244.6         	2.686040e-17
244.65        	2.686071e-17
244.7         	2.686103e-17
244.75        	2.686134e-17
244.8         	2.686166e-17
244.85        	2.686197e-17
244.9         	2.686229e-17
244.95        	2.686260e-17
245           	2.686292e-17
245.05        	2.686323e-17
245.1         	2.686355e-17
245.15        	2.686386e-17
245.2         	2.686418e-17
245.25        	2.686449e-17
245.3         	2.686480e-17
245.35        	2.686512e-17
245.4         	2.686543e-17
245.45        	2.686575e-17
245.5         	2.686606e-17
245.55        	2.686638e-17
245.6         	2.686669e-17
245.65        	2.686700e-17
245.7         	2.686732e-17
245.75        	2.686763e-17
245.8         	2.686795e-17
245.85        	2.686826e-17
245.9         	2.686857e-17
245.95        	2.686889e-17
246           	2.686920e-17
246.05        	2.686951e-17
246.1         	2.686983e-17
246.15        	2.687014e-17
246.2         	2.687045e-17
246.25        	2.687077e-17
246.3         	2.687108e-17
246.35        	2.687139e-17
246.4         	2.687171e-17
246.45        	2.687202e-17
246.5         	2.687233e-17
246.55        	2.687264e-17
246.6         	2.687296e-17
246.65        	2.687327e-17
246.7         	2.687358e-17
246.75        	2.687389e-17
246.8         	2.687421e-17
246.85        	2.687452e-17
246.9         	2.687483e-17
246.95        	2.687514e-17
247           	2.687545e-17
247.05        	2.687577e-17
247.1         	2.687608e-17
247.15        	2.687639e-17
247.2         	2.687670e-17
247.25        	2.687701e-17
247.3         	2.687733e-17
247.35        	2.687764e-17
247.4         	2.687795e-17
247.45        	2.687826e-17
247.5         	2.687857e-17
247.55        	2.687888e-17
247.6         	2.687919e-17
247.65        	2.687950e-17
247.7         	2.687982e-17
247.75        	2.688013e-17
247.8         	2.688044e-17
247.85        	2.688075e-17
247.9         	2.688106e-17
247.95        	2.688137e-17
248           	2.688168e-17
248.05        	2.688199e-17
248.1         	2.688230e-17
248.15        	2.688261e-17
248.2         	2.688292e-17
248.25        	2.688323e-17
248.3         	2.688354e-17
248.35        	2.688385e-17
248.4         	2.688416e-17
248.45        	2.688447e-17
248.5         	2.688478e-17
248.55        	2.688509e-17
248.6         	2.688540e-17
248.65        	2.688571e-17
248.7         	2.688602e-17
248.75        	2.688633e-17
248.8         	2.688664e-17
248.85        	2.688695e-17
248.9         	2.688726e-17
248.95        	2.688757e-17
249           	2.688788e-17
249.05        	2.688818e-17
249.1         	2.688849e-17
249.15        	2.688880e-17
249.2         	2.688911e-17
249.25        	2.688942e-17
249.3         	2.688973e-17
249.35        	2.689004e-17
249.4         	2.689035e-17
249.45        	2.689065e-17
249.5         	2.689096e-17
249.55        	2.689127e-17
249.6         	2.689158e-17
249.65        	2.689189e-17
249.7         	2.689220e-17
249.75        	2.689250e-17
249.8         	2.689281e-17
249.85        	2.689312e-17
249.9         	2.689343e-17
249.95        	2.689374e-17
250           	2.689404e-17
250.05        	2.689435e-17
250.1         	2.689466e-17
250.15        	2.689497e-17
250.2         	2.689527e-17
250.25        	2.689558e-17
250.3         	2.689589e-17
250.35        	2.689619e-17
250.4         	2.689650e-17
250.45        	2.689681e-17
250.5         	2.689712e-17
250.55        	2.689742e-17
250.6         	2.689773e-17
250.65        	2.689804e-17
250.7         	2.689834e-17
250.75        	2.689865e-17
250.8         	2.689896e-17
250.85        	2.689926e-17
250.9         	2.689957e-17
250.95        	2.689988e-17
251           	2.690018e-17
251.05        	2.690049e-17
251.1         	2.690079e-17
251.15        	2.690110e-17
251.2         	2.690141e-17
251.25        	2.690171e-17
251.3         	2.690202e-17
251.35        	2.690232e-17
251.4         	2.690263e-17
251.45        	2.690293e-17
251.5         	2.690324e-17
251.55        	2.690355e-17
251.6         	2.690385e-17
251.65        	2.690416e-17
251.7         	2.690446e-17
251.75        	2.690477e-17
251.8         	2.690507e-17
251.85        	2.690538e-17
251.9         	2.690568e-17
251.95        	2.690599e-17
252           	2.690629e-17
252.05        	2.690660e-17
252.1         	2.690690e-17
252.15        	2.690721e-17
252.2         	2.690751e-17
252.25        	2.690781e-17
252.3         	2.690812e-17
252.35        	2.690842e-17
252.4         	2.690873e-17
252.45        	2.690903e-17
252.5         	2.690934e-17
252.55        	2.690964e-17
252.6         	2.690994e-17
252.65        	2.691025e-17
252.7         	2.691055e-17
252.75        	2.691086e-17
252.8         	2.691116e-17
252.85        	2.691146e-17
252.9         	2.691177e-17
252.95        	2.691207e-17
253           	2.691237e-17
253.05        	2.691268e-17
253.1         	2.691298e-17
253.15        	2.691328e-17
253.2         	2.691359e-17
253.25        	2.691389e-17
253.3         	2.691419e-17
253.35        	2.691449e-17
253.4         	2.691480e-17
253.45        	2.691510e-17
253.5         	2.691540e-17
253.55        	2.691571e-17
253.6         	2.691601e-17
253.65        	2.691631e-17
253.7         	2.691661e-17
253.75        	2.691692e-17
253.8         	2.691722e-17
253.85        	2.691752e-17
253.9         	2.691782e-17
253.95        	2.691812e-17
254           	2.691843e-17
254.05        	2.691873e-17
254.1         	2.691903e-17
254.15        	2.691933e-17
254.2         	2.691963e-17
254.25        	2.691994e-17
254.3         	2.692024e-17
254.35        	2.692054e-17
254.4         	2.692084e-17
254.45        	2.692114e-17
254.5         	2.692144e-17
254.55        	2.692174e-17
254.6         	2.692204e-17
254.65        	2.692235e-17
254.7         	2.692265e-17
254.75        	2.692295e-17
254.8         	2.692325e-17
254.85        	2.692355e-17
254.9         	2.692385e-17
254.95        	2.692415e-17
255           	2.692445e-17
255.05        	2.692475e-17
255.1         	2.692505e-17
255.15        	2.692535e-17
255.2         	2.692565e-17
255.25        	2.692595e-17
255.3         	2.692625e-17
255.35        	2.692655e-17
255.4         	2.692685e-17
255.45        	2.692715e-17
255.5         	2.692745e-17
255.55        	2.692775e-17
255.6         	2.692805e-17
255.65        	2.692835e-17
255.7         	2.692865e-17
255.75        	2.692895e-17
255.8         	2.692925e-17
255.85        	2.692955e-17
255.9         	2.692985e-17
255.95        	2.693015e-17
256           	2.693045e-17
256.05        	2.693075e-17
256.1         	2.693105e-17
256.15        	2.693135e-17
256.2         	2.693164e-17
256.25        	2.693194e-17
256.3         	2.693224e-17
256.35        	2.693254e-17
256.4         	2.693284e-17
256.45        	2.693314e-17
256.5         	2.693344e-17
256.55        	2.693374e-17
256.6         	2.693403e-17
256.65        	2.693433e-17
256.7         	2.693463e-17
256.75        	2.693493e-17
256.8         	2.693523e-17
256.85        	2.693552e-17
256.9         	2.693582e-17
256.95        	2.693612e-17
257           	2.693642e-17
257.05        	2.693672e-17
257.1         	2.693701e-17
257.15        	2.693731e-17
257.2         	2.693761e-17
257.25        	2.693791e-17
257.3         	2.693820e-17
257.35        	2.693850e-17
257.4         	2.693880e-17
257.45        	2.693910e-17
257.5         	2.693939e-17
257.55        	2.693969e-17
257.6         	2.693999e-17
257.65        	2.694028e-17
257.7         	2.694058e-17
257.75        	2.694088e-17
257.8         	2.694117e-17
257.85        	2.694147e-17
257.9         	2.694177e-17
257.95        	2.694206e-17
258           	2.694236e-17
258.05        	2.694266e-17
258.1         	2.694295e-17
258.15        	2.694325e-17
258.2         	2.694354e-17
258.25        	2.694384e-17
258.3         	2.694414e-17
258.35        	2.694443e-17
258.4         	2.694473e-17
258.45        	2.694502e-17
258.5         	2.694532e-17
258.55        	2.694562e-17
258.6         	2.694591e-17
258.65        	2.694621e-17
258.7         	2.694650e-17
258.75        	2.694680e-17
258.8         	2.694709e-17
258.85        	2.694739e-17
258.9         	2.694768e-17
258.95        	2.694798e-17
259           	2.694827e-17
259.05        	2.694857e-17
259.1         	2.694886e-17
259.15        	2.694916e-17
259.2         	2.694945e-17
259.25        	2.694975e-17
259.3         	2.695004e-17
259.35        	2.695034e-17
259.4         	2.695063e-17
259.45        	2.695093e-17
259.5         	2.695122e-17
259.55        	2.695151e-17
259.6         	2.695181e-17
259.65        	2.695210e-17
259.7         	2.695240e-17
259.75        	2.695269e-17
259.8         	2.695298e-17
259.85        	2.695328e-17
259.9         	2.695357e-17
259.95        	2.695387e-17
260           	2.695416e-17
260.05        	2.695445e-17
260.1         	2.695475e-17
260.15        	2.695504e-17
260.2         	2.695533e-17
260.25        	2.695563e-17
260.3         	2.695592e-17
260.35        	2.695621e-17
260.4         	2.695651e-17
260.45        	2.695680e-17
260.5         	2.695709e-17
260.55        	2.695739e-17
260.6         	2.695768e-17
260.65        	2.695797e-17
260.7         	2.695826e-17
260.75        	2.695856e-17
260.8         	2.695885e-17
260.85        	2.695914e-17
260.9         	2.695943e-17
260.95        	2.695973e-17
261           	2.696002e-17
261.05        	2.696031e-17
261.1         	2.696060e-17
261.15        	2.696090e-17
261.2         	2.696119e-17
261.25        	2.696148e-17
261.3         	2.696177e-17
261.35        	2.696206e-17
261.4         	2.696236e-17
261.45        	2.696265e-17
261.5         	2.696294e-17
261.55        	2.696323e-17
261.6         	2.696352e-17
261.65        	2.696381e-17
261.7         	2.696410e-17
261.75        	2.696440e-17
261.8         	2.696469e-17
261.85        	2.696498e-17
261.9         	2.696527e-17
261.95        	2.696556e-17
262           	2.696585e-17
262.05        	2.696614e-17
262.1         	2.696643e-17
262.15        	2.696672e-17
262.2         	2.696701e-17
262.25        	2.696731e-17
262.3         	2.696760e-17
262.35        	2.696789e-17
262.4         	2.696818e-17
262.45        	2.696847e-17
262.5         	2.696876e-17
262.55        	2.696905e-17
262.6         	2.696934e-17
262.65        	2.696963e-17
262.7         	2.696992e-17
262.75        	2.697021e-17
262.8         	2.697050e-17
262.85        	2.697079e-17
262.9         	2.697108e-17
262.95        	2.697137e-17
263           	2.697166e-17
263.05        	2.697195e-17
263.1         	2.697224e-17
263.15        	2.697252e-17
263.2         	2.697281e-17
263.25        	2.697310e-17
263.3         	2.697339e-17
263.35        	2.697368e-17
263.4         	2.697397e-17
263.45        	2.697426e-17
263.5         	2.697455e-17
263.55        	2.697484e-17
263.6         	2.697513e-17
263.65        	2.697542e-17
263.7         	2.697570e-17
263.75        	2.697599e-17
263.8         	2.697628e-17
263.85        	2.697657e-17
263.9         	2.697686e-17
263.95        	2.697715e-17
264           	2.697743e-17
264.05        	2.697772e-17
264.1         	2.697801e-17
264.15        	2.697830e-17
264.2         	2.697859e-17
264.25        	2.697888e-17
264.3         	2.697916e-17
264.35        	2.697945e-17
264.4         	2.697974e-17
264.45        	2.698003e-17
264.5         	2.698031e-17
264.55        	2.698060e-17
264.6         	2.698089e-17
264.65        	2.698118e-17
264.7         	2.698146e-17
264.75        	2.698175e-17
264.8         	2.698204e-17
264.85        	2.698233e-17
264.9         	2.698261e-17
264.95        	2.698290e-17
265           	2.698319e-17
265.05        	2.698347e-17
265.1         	2.698376e-17
265.15        	2.698405e-17
265.2         	2.698433e-17
265.25        	2.698462e-17
265.3         	2.698491e-17
265.35        	2.698519e-17
265.4         	2.698548e-17
265.45        	2.698577e-17
265.5         	2.698605e-17
265.55        	2.698634e-17
265.6         	2.698662e-17
265.65        	2.698691e-17
265.7         	2.698720e-17
265.75        	2.698748e-17
265.8         	2.698777e-17
265.85        	2.698805e-17
265.9         	2.698834e-17
265.95        	2.698863e-17
266           	2.698891e-17
266.05        	2.698920e-17
266.1         	2.698948e-17
266.15        	2.698977e-17
266.2         	2.699005e-17
266.25        	2.699034e-17
266.3         	2.699062e-17
266.35        	2.699091e-17
266.4         	2.699119e-17
266.45        	2.699148e-17
266.5         	2.699176e-17
266.55        	2.699205e-17
266.6         	2.699233e-17
266.65        	2.699262e-17
266.7         	2.699290e-17
266.75        	2.699319e-17
266.8         	2.699347e-17
266.85        	2.699376e-17
266.9         	2.699404e-17
266.95        	2.699432e-17
267           	2.699461e-17
267.05        	2.699489e-17
267.1         	2.699518e-17
267.15        	2.699546e-17
267.2         	2.699575e-17
267.25        	2.699603e-17
267.3         	2.699631e-17
267.35        	2.699660e-17
267.4         	2.699688e-17
267.45        	2.699716e-17
267.5         	2.699745e-17
267.55        	2.699773e-17
267.6         	2.699802e-17
267.65        	2.699830e-17
267.7         	2.699858e-17
267.75        	2.699887e-17
267.8         	2.699915e-17
267.85        	2.699943e-17
267.9         	2.699972e-17
267.95        	2.700000e-17
268           	2.700028e-17
268.05        	2.700056e-17
268.1         	2.700085e-17
268.15        	2.700113e-17
268.2         	2.700141e-17
268.25        	2.700170e-17
268.3         	2.700198e-17
268.35        	2.700226e-17
268.4         	2.700254e-17
268.45        	2.700282e-17
268.5         	2.700311e-17
268.55        	2.700339e-17
268.6         	2.700367e-17
268.65        	2.700395e-17
268.7         	2.700424e-17
268.75        	2.700452e-17
268.8         	2.700480e-17
268.85        	2.700508e-17
268.9         	2.700536e-17
268.95        	2.700565e-17
269           	2.700593e-17
269.05        	2.700621e-17
269.1         	2.700649e-17
269.15        	2.700677e-17
269.2         	2.700705e-17
269.25        	2.700733e-17
269.3         	2.700762e-17
269.35        	2.700790e-17
269.4         	2.700818e-17
269.45        	2.700846e-17
269.5         	2.700874e-17
269.55        	2.700902e-17
269.6         	2.700930e-17
269.65        	2.700958e-17
269.7         	2.700986e-17
269.75        	2.701014e-17
269.8         	2.701042e-17
269.85        	2.701071e-17
269.9         	2.701099e-17
269.95        	2.701127e-17
270           	2.701155e-17
270.05        	2.701183e-17
270.1         	2.701211e-17
270.15        	2.701239e-17
270.2         	2.701267e-17
270.25        	2.701295e-17
270.3         	2.701323e-17
270.35        	2.701351e-17
270.4         	2.701379e-17
270.45        	2.701407e-17
270.5         	2.701435e-17
270.55        	2.701463e-17
270.6         	2.701491e-17
270.65        	2.701519e-17
270.7         	2.701546e-17
270.75        	2.701574e-17
270.8         	2.701602e-17
270.85        	2.701630e-17
270.9         	2.701658e-17
270.95        	2.701686e-17
271           	2.701714e-17
271.05        	2.701742e-17
271.1         	2.701770e-17
271.15        	2.701798e-17
271.2         	2.701826e-17
271.25        	2.701853e-17
271.3         	2.701881e-17
271.35        	2.701909e-17
271.4         	2.701937e-17
271.45        	2.701965e-17
271.5         	2.701993e-17
271.55        	2.702021e-17
271.6         	2.702048e-17
271.65        	2.702076e-17
271.7         	2.702104e-17
271.75        	2.702132e-17
271.8         	2.702160e-17
271.85        	2.702187e-17
271.9         	2.702215e-17
271.95        	2.702243e-17
272           	2.702271e-17
272.05        	2.702299e-17
272.1         	2.702326e-17
272.15        	2.702354e-17
272.2         	2.702382e-17
272.25        	2.702410e-17
272.3         	2.702437e-17
272.35        	2.702465e-17
272.4         	2.702493e-17
272.45        	2.702520e-17
272.5         	2.702548e-17
272.55        	2.702576e-17
272.6         	2.702604e-17
272.65        	2.702631e-17
272.7         	2.702659e-17
272.75        	2.702687e-17
272.8         	2.702714e-17
272.85        	2.702742e-17
272.9         	2.702770e-17
272.95        	2.702797e-17
273           	2.702825e-17
273.05        	2.702853e-17
273.1         	2.702880e-17
273.15        	2.702908e-17
273.2         	2.702936e-17
273.25        	2.702963e-17
273.3         	2.702991e-17
273.35        	2.703018e-17
273.4         	2.703046e-17
273.45        	2.703074e-17
273.5         	2.703101e-17
273.55        	2.703129e-17
273.6         	2.703156e-17
273.65        	2.703184e-17
273.7         	2.703211e-17
273.75        	2.703239e-17
273.8         	2.703267e-17
273.85        	2.703294e-17
273.9         	2.703322e-17
273.95        	2.703349e-17
274           	2.703377e-17
274.05        	2.703404e-17
274.1         	2.703432e-17
274.15        	2.703459e-17
274.2         	2.703487e-17
274.25        	2.703514e-17
274.3         	2.703542e-17
274.35        	2.703569e-17
274.4         	2.703597e-17
274.45        	2.703624e-17
274.5         	2.703652e-17
274.55        	2.703679e-17
274.6         	2.703706e-17
274.65        	2.703734e-17
274.7         	2.703761e-17
274.75        	2.703789e-17
274.8         	2.703816e-17
274.85        	2.703844e-17
274.9         	2.703871e-17
274.95        	2.703898e-17
275           	2.703926e-17
275.05        	2.703953e-17
275.1         	2.703981e-17
275.15        	2.704008e-17
275.2         	2.704035e-17
275.25        	2.704063e-17
275.3         	2.704090e-17
275.35        	2.704117e-17
275.4         	2.704145e-17
275.45        	2.704172e-17
275.5         	2.704199e-17
275.55        	2.704227e-17
275.6         	2.704254e-17
275.65        	2.704281e-17
275.7         	2.704309e-17
275.75        	2.704336e-17
275.8         	2.704363e-17
275.85        	2.704390e-17
275.9         	2.704418e-17
275.95        	2.704445e-17
276           	2.704472e-17
276.05        	2.704500e-17
276.1         	2.704527e-17
276.15        	2.704554e-17
276.2         	2.704581e-17
276.25        	2.704609e-17
276.3         	2.704636e-17
276.35        	2.704663e-17
276.4         	2.704690e-17
276.45        	2.704717e-17
276.5         	2.704745e-17
276.55        	2.704772e-17
276.6         	2.704799e-17
276.65        	2.704826e-17
276.7         	2.704853e-17
276.75        	2.704881e-17
276.8         	2.704908e-17
276.85        	2.704935e-17
276.9         	2.704962e-17
276.95        	2.704989e-17
277           	2.705016e-17
277.05        	2.705043e-17
277.1         	2.705071e-17
277.15        	2.705098e-17
277.2         	2.705125e-17
277.25        	2.705152e-17
277.3         	2.705179e-17
277.35        	2.705206e-17
277.4         	2.705233e-17
277.45        	2.705260e-17
277.5         	2.705287e-17
277.55        	2.705314e-17
277.6         	2.705342e-17
277.65        	2.705369e-17
277.7         	2.705396e-17
277.75        	2.705423e-17
277.8         	2.705450e-17
277.85        	2.705477e-17
277.9         	2.705504e-17
277.95        	2.705531e-17
278           	2.705558e-17
278.05        	2.705585e-17
278.1         	2.705612e-17
278.15        	2.705639e-17
278.2         	2.705666e-17
278.25        	2.705693e-17
278.3         	2.705720e-17
278.35        	2.705747e-17
278.4         	2.705774e-17
278.45        	2.705801e-17
278.5         	2.705828e-17
278.55        	2.705855e-17
278.6         	2.705882e-17
278.65        	2.705909e-17
278.7         	2.705935e-17
278.75        	2.705962e-17
278.8         	2.705989e-17
278.85        	2.706016e-17
278.9         	2.706043e-17
278.95        	2.706070e-17
279           	2.706097e-17
279.05        	2.706124e-17
279.1         	2.706151e-17
279.15        	2.706178e-17
279.2         	2.706204e-17
279.25        	2.706231e-17
279.3         	2.706258e-17
279.35        	2.706285e-17
279.4         	2.706312e-17
279.45        	2.706339e-17
279.5         	2.706365e-17
279.55        	2.706392e-17
279.6         	2.706419e-17
279.65        	2.706446e-17
279.7         	2.706473e-17
279.75        	2.706500e-17
279.8         	2.706526e-17
279.85        	2.706553e-17
279.9         	2.706580e-17
279.95        	2.706607e-17
280           	2.706633e-17
280.05        	2.706660e-17
280.1         	2.706687e-17
280.15        	2.706714e-17
280.2         	2.706740e-17
280.25        	2.706767e-17
280.3         	2.706794e-17
280.35        	2.706821e-17
280.4         	2.706847e-17
280.45        	2.706874e-17
280.5         	2.706901e-17
280.55        	2.706927e-17
280.6         	2.706954e-17
280.65        	2.706981e-17
280.7         	2.707008e-17
280.75        	2.707034e-17
280.8         	2.707061e-17
280.85        	2.707088e-17
280.9         	2.707114e-17
280.95        	2.707141e-17
281           	2.707168e-17
281.05        	2.707194e-17
281.1         	2.707221e-17
281.15        	2.707247e-17
281.2         	2.707274e-17
281.25        	2.707301e-17
281.3         	2.707327e-17
281.35        	2.707354e-17
281.4         	2.707380e-17
281.45        	2.707407e-17
281.5         	2.707434e-17
281.55        	2.707460e-17
281.6         	2.707487e-17
281.65        	2.707513e-17
281.7         	2.707540e-17
281.75        	2.707566e-17
281.8         	2.707593e-17
281.85        	2.707620e-17
281.9         	2.707646e-17
281.95        	2.707673e-17
282           	2.707699e-17
282.05        	2.707726e-17
282.1         	2.707752e-17
282.15        	2.707779e-17
282.2         	2.707805e-17
282.25        	2.707832e-17
282.3         	2.707858e-17
282.35        	2.707885e-17
282.4         	2.707911e-17
282.45        	2.707938e-17
282.5         	2.707964e-17
282.55        	2.707990e-17
282.6         	2.708017e-17
282.65        	2.708043e-17
282.7         	2.708070e-17
282.75        	2.708096e-17
282.8         	2.708123e-17
282.85        	2.708149e-17
282.9         	2.708175e-17
282.95        	2.708202e-17
283           	2.708228e-17
283.05        	2.708255e-17
283.1         	2.708281e-17
283.15        	2.708307e-17
283.2         	2.708334e-17
283.25        	2.708360e-17
283.3         	2.708387e-17
283.35        	2.708413e-17
283.4         	2.708439e-17
283.45        	2.708466e-17
283.5         	2.708492e-17
283.55        	2.708518e-17
283.6         	2.708545e-17
283.65        	2.708571e-17
283.7         	2.708597e-17
283.75        	2.708624e-17
283.8         	2.708650e-17
283.85        	2.708676e-17
283.9         	2.708702e-17
283.95        	2.708729e-17
284           	2.708755e-17
284.05        	2.708781e-17
284.1         	2.708808e-17
284.15        	2.708834e-17
284.2         	2.708860e-17
284.25        	2.708886e-17
284.3         	2.708913e-17
284.35        	2.708939e-17
284.4         	2.708965e-17
284.45        	2.708991e-17
284.5         	2.709017e-17
284.55        	2.709044e-17
284.6         	2.709070e-17
284.65        	2.709096e-17
284.7         	2.709122e-17
284.75        	2.709148e-17
284.8         	2.709175e-17
284.85        	2.709201e-17
284.9         	2.709227e-17
284.95        	2.709253e-17
285           	2.709279e-17
285.05        	2.709305e-17
285.1         	2.709332e-17
285.15        	2.709358e-17
285.2         	2.709384e-17
285.25        	2.709410e-17
285.3         	2.709436e-17
285.35        	2.709462e-17
285.4         	2.709488e-17
285.45        	2.709514e-17
285.5         	2.709541e-17
285.55        	2.709567e-17
285.6         	2.709593e-17
285.65        	2.709619e-17
285.7         	2.709645e-17
285.75        	2.709671e-17
285.8         	2.709697e-17
285.85        	2.709723e-17
285.9         	2.709749e-17
285.95        	2.709775e-17
286           	2.709801e-17
286.05        	2.709827e-17
286.1         	2.709853e-17
286.15        	2.709879e-17
286.2         	2.709905e-17
286.25        	2.709931e-17
286.3         	2.709957e-17
286.35        	2.709983e-17
286.4         	2.710009e-17
286.45        	2.710035e-17
286.5         	2.710061e-17
286.55        	2.710087e-17
286.6         	2.710113e-17
286.65        	2.710139e-17
286.7         	2.710165e-17
286.75        	2.710191e-17
286.8         	2.710217e-17
286.85        	2.710243e-17
286.9         	2.710269e-17
286.95        	2.710295e-17
287           	2.710321e-17
287.05        	2.710347e-17
287.1         	2.710372e-17
287.15        	2.710398e-17
287.2         	2.710424e-17
287.25        	2.710450e-17
287.3         	2.710476e-17
287.35        	2.710502e-17
287.4         	2.710528e-17
287.45        	2.710554e-17
287.5         	2.710579e-17
287.55        	2.710605e-17
287.6         	2.710631e-17
287.65        	2.710657e-17
287.7         	2.710683e-17
287.75        	2.710709e-17
287.8         	2.710735e-17
287.85        	2.710760e-17
287.9         	2.710786e-17
287.95        	2.710812e-17
288           	2.710838e-17
288.05        	2.710864e-17
288.1         	2.710889e-17
288.15        	2.710915e-17
288.2         	2.710941e-17
288.25        	2.710967e-17
288.3         	2.710992e-17
288.35        	2.711018e-17
288.4         	2.711044e-17
288.45        	2.711070e-17
288.5         	2.711095e-17
288.55        	2.711121e-17
288.6         	2.711147e-17
288.65        	2.711173e-17
288.7         	2.711198e-17
288.75        	2.711224e-17
288.8         	2.711250e-17
288.85        	2.711275e-17
288.9         	2.711301e-17
288.95        	2.711327e-17
289           	2.711352e-17
289.05        	2.711378e-17
289.1         	2.711404e-17
289.15        	2.711429e-17
289.2         	2.711455e-17
289.25        	2.711481e-17
289.3         	2.711506e-17
289.35        	2.711532e-17
289.4         	2.711558e-17
289.45        	2.711583e-17
289.5         	2.711609e-17
289.55        	2.711635e-17
289.6         	2.711660e-17
289.65        	2.711686e-17
289.7         	2.711711e-17
289.75        	2.711737e-17
289.8         	2.711762e-17
289.85        	2.711788e-17
289.9         	2.711814e-17
289.95        	2.711839e-17
290           	2.711865e-17
290.05        	2.711890e-17
290.1         	2.711916e-17
290.15        	2.711941e-17
290.2         	2.711967e-17
290.25        	2.711992e-17
290.3         	2.712018e-17
290.35        	2.712044e-17
290.4         	2.712069e-17
290.45        	2.712095e-17
290.5         	2.712120e-17
290.55        	2.712146e-17
290.6         	2.712171e-17
290.65        	2.712197e-17
290.7         	2.712222e-17
290.75        	2.712247e-17
290.8         	2.712273e-17
290.85        	2.712298e-17
290.9         	2.712324e-17
290.95        	2.712349e-17
291           	2.712375e-17
291.05        	2.712400e-17
291.1         	2.712426e-17
291.15        	2.712451e-17
291.2         	2.712476e-17
291.25        	2.712502e-17
291.3         	2.712527e-17
291.35        	2.712553e-17
291.4         	2.712578e-17
291.45        	2.712603e-17
291.5         	2.712629e-17
291.55        	2.712654e-17
291.6         	2.712680e-17
291.65        	2.712705e-17
291.7         	2.712730e-17
291.75        	2.712756e-17
291.8         	2.712781e-17
291.85        	2.712806e-17
291.9         	2.712832e-17
291.95        	2.712857e-17
292           	2.712882e-17
292.05        	2.712908e-17
292.1         	2.712933e-17
292.15        	2.712958e-17
292.2         	2.712984e-17
292.25        	2.713009e-17
292.3         	2.713034e-17
292.35        	2.713060e-17
292.4         	2.713085e-17
292.45        	2.713110e-17
292.5         	2.713135e-17
292.55        	2.713161e-17
292.6         	2.713186e-17
292.65        	2.713211e-17
292.7         	2.713236e-17
292.75        	2.713262e-17
292.8         	2.713287e-17
292.85        	2.713312e-17
292.9         	2.713337e-17
292.95        	2.713362e-17
293           	2.713388e-17
293.05        	2.713413e-17
293.1         	2.713438e-17
293.15        	2.713463e-17
293.2         	2.713488e-17
293.25        	2.713514e-17
293.3         	2.713539e-17
293.35        	2.713564e-17
293.4         	2.713589e-17
293.45        	2.713614e-17
293.5         	2.713639e-17
293.55        	2.713665e-17
293.6         	2.713690e-17
293.65        	2.713715e-17
293.7         	2.713740e-17
293.75        	2.713765e-17
293.8         	2.713790e-17
293.85        	2.713815e-17
293.9         	2.713840e-17
293.95        	2.713866e-17
294           	2.713891e-17
294.05        	2.713916e-17
294.1         	2.713941e-17
294.15        	2.713966e-17
294.2         	2.713991e-17
294.25        	2.714016e-17
294.3         	2.714041e-17
294.35        	2.714066e-17
294.4         	2.714091e-17
294.45        	2.714116e-17
294.5         	2.714141e-17
294.55        	2.714166e-17
294.6         	2.714191e-17
294.65        	2.714216e-17
294.7         	2.714241e-17
294.75        	2.714266e-17
294.8         	2.714291e-17
294.85        	2.714316e-17
294.9         	2.714341e-17
294.95        	2.714366e-17
295           	2.714391e-17
295.05        	2.714416e-17
295.1         	2.714441e-17
295.15        	2.714466e-17
295.2         	2.714491e-17
295.25        	2.714516e-17
295.3         	2.714541e-17
295.35        	2.714566e-17
295.4         	2.714591e-17
295.45        	2.714616e-17
295.5         	2.714641e-17
295.55        	2.714666e-17
295.6         	2.714691e-17
295.65        	2.714716e-17
295.7         	2.714740e-17
295.75        	2.714765e-17
295.8         	2.714790e-17
295.85        	2.714815e-17
295.9         	2.714840e-17
295.95        	2.714865e-17
296           	2.714890e-17
296.05        	2.714915e-17
296.1         	2.714939e-17
296.15        	2.714964e-17
296.2         	2.714989e-17
296.25        	2.715014e-17
296.3         	2.715039e-17
296.35        	2.715064e-17
296.4         	2.715088e-17
296.45        	2.715113e-17
296.5         	2.715138e-17
296.55        	2.715163e-17
296.6         	2.715188e-17
296.65        	2.715212e-17
296.7         	2.715237e-17
296.75        	2.715262e-17
296.8         	2.715287e-17
296.85        	2.715311e-17
296.9         	2.715336e-17
296.95        	2.715361e-17
297           	2.715386e-17
297.05        	2.715411e-17
297.1         	2.715435e-17
297.15        	2.715460e-17
297.2         	2.715485e-17
297.25        	2.715509e-17
297.3         	2.715534e-17
297.35        	2.715559e-17
297.4         	2.715584e-17
297.45        	2.715608e-17
297.5         	2.715633e-17
297.55        	2.715658e-17
297.6         	2.715682e-17
297.65        	2.715707e-17
297.7         	2.715732e-17
297.75        	2.715756e-17
297.8         	2.715781e-17
297.85        	2.715806e-17
297.9         	2.715830e-17
297.95        	2.715855e-17
298           	2.715880e-17
298.05        	2.715904e-17
298.1         	2.715929e-17
298.15        	2.715953e-17
298.2         	2.715978e-17
298.25        	2.716003e-17
298.3         	2.716027e-17
298.35        	2.716052e-17
298.4         	2.716076e-17
298.45        	2.716101e-17
298.5         	2.716126e-17
298.55        	2.716150e-17
298.6         	2.716175e-17
298.65        	2.716199e-17
298.7         	2.716224e-17
298.75        	2.716248e-17
298.8         	2.716273e-17
298.85        	2.716297e-17
298.9         	2.716322e-17
298.95        	2.716347e-17
299           	2.716371e-17
299.05        	2.716396e-17
299.1         	2.716420e-17
299.15        	2.716445e-17
299.2         	2.716469e-17
299.25        	2.716494e-17
299.3         	2.716518e-17
299.35        	2.716543e-17
299.4         	2.716567e-17
299.45        	2.716592e-17
299.5         	2.716616e-17
299.55        	2.716640e-17
299.6         	2.716665e-17
299.65        	2.716689e-17
299.7         	2.716714e-17
299.75        	2.716738e-17
299.8         	2.716763e-17
299.85        	2.716787e-17
299.9         	2.716812e-17
299.95        	2.716836e-17
300           	2.716860e-17
300.05        	2.716885e-17
300.1         	2.716909e-17
300.15        	2.716934e-17
300.2         	2.716958e-17
300.25        	2.716982e-17
300.3         	2.717007e-17
300.35        	2.717031e-17
300.4         	2.717055e-17
300.45        	2.717080e-17
300.5         	2.717104e-17
300.55        	2.717128e-17
300.6         	2.717153e-17
300.65        	2.717177e-17
300.7         	2.717201e-17
300.75        	2.717226e-17
300.8         	2.717250e-17
300.85        	2.717274e-17
300.9         	2.717299e-17
300.95        	2.717323e-17
301           	2.717347e-17
301.05        	2.717372e-17
301.1         	2.717396e-17
301.15        	2.717420e-17
301.2         	2.717444e-17
301.25        	2.717469e-17
301.3         	2.717493e-17
301.35        	2.717517e-17
301.4         	2.717542e-17
301.45        	2.717566e-17
301.5         	2.717590e-17
301.55        	2.717614e-17
301.6         	2.717638e-17
301.65        	2.717663e-17
301.7         	2.717687e-17
301.75        	2.717711e-17
301.8         	2.717735e-17
301.85        	2.717760e-17
301.9         	2.717784e-17
301.95        	2.717808e-17
302           	2.717832e-17
302.05        	2.717856e-17
302.1         	2.717880e-17
302.15        	2.717905e-17
302.2         	2.717929e-17
302.25        	2.717953e-17
302.3         	2.717977e-17
302.35        	2.718001e-17
302.4         	2.718025e-17
302.45        	2.718050e-17
302.5         	2.718074e-17
302.55        	2.718098e-17
302.6         	2.718122e-17
302.65        	2.718146e-17
302.7         	2.718170e-17
302.75        	2.718194e-17
302.8         	2.718218e-17
302.85        	2.718242e-17
302.9         	2.718267e-17
302.95        	2.718291e-17
303           	2.718315e-17
303.05        	2.718339e-17
303.1         	2.718363e-17
303.15        	2.718387e-17
303.2         	2.718411e-17
303.25        	2.718435e-17
303.3         	2.718459e-17
303.35        	2.718483e-17
303.4         	2.718507e-17
303.45        	2.718531e-17
303.5         	2.718555e-17
303.55        	2.718579e-17
303.6         	2.718603e-17
303.65        	2.718627e-17
303.7         	2.718651e-17
303.75        	2.718675e-17
303.8         	2.718699e-17
303.85        	2.718723e-17
303.9         	2.718747e-17
303.95        	2.718771e-17
304           	2.718795e-17
304.05        	2.718819e-17
304.1         	2.718843e-17
304.15        	2.718867e-17
304.2         	2.718891e-17
304.25        	2.718915e-17
304.3         	2.718939e-17
304.35        	2.718963e-17
304.4         	2.718987e-17
304.45        	2.719010e-17
304.5         	2.719034e-17
304.55        	2.719058e-17
304.6         	2.719082e-17
304.65        	2.719106e-17
304.7         	2.719130e-17
304.75        	2.719154e-17
304.8         	2.719178e-17
304.85        	2.719202e-17
304.9         	2.719225e-17
304.95        	2.719249e-17
305           	2.719273e-17
305.05        	2.719297e-17
305.1         	2.719321e-17
305.15        	2.719345e-17
305.2         	2.719369e-17
305.25        	2.719392e-17
305.3         	2.719416e-17
305.35        	2.719440e-17
305.4         	2.719464e-17
305.45        	2.719488e-17
305.5         	2.719511e-17
305.55        	2.719535e-17
305.6         	2.719559e-17
305.65        	2.719583e-17
305.7         	2.719607e-17
305.75        	2.719630e-17
305.8         	2.719654e-17
305.85        	2.719678e-17
305.9         	2.719702e-17
305.95        	2.719725e-17
306           	2.719749e-17
306.05        	2.719773e-17
306.1         	2.719797e-17
306.15        	2.719820e-17
306.2         	2.719844e-17
306.25        	2.719868e-17
306.3         	2.719891e-17
306.35        	2.719915e-17
306.4         	2.719939e-17
306.45        	2.719963e-17
306.5         	2.719986e-17
306.55        	2.720010e-17
306.6         	2.720034e-17
306.65        	2.720057e-17
306.7         	2.720081e-17
306.75        	2.720105e-17
306.8         	2.720128e-17
306.85        	2.720152e-17
306.9         	2.720176e-17
306.95        	2.720199e-17
307           	2.720223e-17
307.05        	2.720247e-17
307.1         	2.720270e-17
307.15        	2.720294e-17
307.2         	2.720317e-17
307.25        	2.720341e-17
307.3         	2.720365e-17
307.35        	2.720388e-17
307.4         	2.720412e-17
307.45        	2.720435e-17
307.5         	2.720459e-17
307.55        	2.720483e-17
307.6         	2.720506e-17
307.65        	2.720530e-17
307.7         	2.720553e-17
307.75        	2.720577e-17
307.8         	2.720600e-17
307.85        	2.720624e-17
307.9         	2.720647e-17
307.95        	2.720671e-17
308           	2.720694e-17
308.05        	2.720718e-17
308.1         	2.720742e-17
308.15        	2.720765e-17
308.2         	2.720789e-17
308.25        	2.720812e-17
308.3         	2.720836e-17
308.35        	2.720859e-17
308.4         	2.720883e-17
308.45        	2.720906e-17
308.5         	2.720929e-17
308.55        	2.720953e-17
308.6         	2.720976e-17
308.65        	2.721000e-17
308.7         	2.721023e-17
308.75        	2.721047e-17
308.8         	2.721070e-17
308.85        	2.721094e-17
308.9         	2.721117e-17
308.95        	2.721140e-17
309           	2.721164e-17
309.05        	2.721187e-17
309.1         	2.721211e-17
309.15        	2.721234e-17
309.2         	2.721258e-17
309.25        	2.721281e-17
309.3         	2.721304e-17
309.35        	2.721328e-17
309.4         	2.721351e-17
309.45        	2.721374e-17
309.5         	2.721398e-17
309.55        	2.721421e-17
309.6         	2.721445e-17
309.65        	2.721468e-17
309.7         	2.721491e-17
309.75        	2.721515e-17
309.8         	2.721538e-17
309.85        	2.721561e-17
309.9         	2.721585e-17
309.95        	2.721608e-17
310           	2.721631e-17
310.05        	2.721654e-17
310.1         	2.721678e-17
310.15        	2.721701e-17
310.2         	2.721724e-17
310.25        	2.721748e-17
310.3         	2.721771e-17
310.35        	2.721794e-17
310.4         	2.721817e-17
310.45        	2.721841e-17
310.5         	2.721864e-17
310.55        	2.721887e-17
310.6         	2.721911e-17
310.65        	2.721934e-17
310.7         	2.721957e-17
310.75        	2.721980e-17
310.8         	2.722003e-17
310.85        	2.722027e-17
310.9         	2.722050e-17
310.95        	2.722073e-17
311           	2.722096e-17
311.05        	2.722119e-17
311.1         	2.722143e-17
311.15        	2.722166e-17
311.2         	2.722189e-17
311.25        	2.722212e-17
311.3         	2.722235e-17
311.35        	2.722259e-17
311.4         	2.722282e-17
311.45        	2.722305e-17
311.5         	2.722328e-17
311.55        	2.722351e-17
311.6         	2.722374e-17
311.65        	2.722397e-17
311.7         	2.722421e-17
311.75        	2.722444e-17
311.8         	2.722467e-17
311.85        	2.722490e-17
311.9         	2.722513e-17
311.95        	2.722536e-17
312           	2.722559e-17
312.05        	2.722582e-17
312.1         	2.722605e-17
312.15        	2.722629e-17
312.2         	2.722652e-17
312.25        	2.722675e-17
312.3         	2.722698e-17
312.35        	2.722721e-17
312.4         	2.722744e-17
312.45        	2.722767e-17
312.5         	2.722790e-17
312.55        	2.722813e-17
312.6         	2.722836e-17
312.65        	2.722859e-17
312.7         	2.722882e-17
312.75        	2.722905e-17
312.8         	2.722928e-17
312.85        	2.722951e-17
312.9         	2.722974e-17
312.95        	2.722997e-17
313           	2.723020e-17
313.05        	2.723043e-17
313.1         	2.723066e-17
313.15        	2.723089e-17
313.2         	2.723112e-17
313.25        	2.723135e-17
313.3         	2.723158e-17
313.35        	2.723181e-17
313.4         	2.723204e-17
313.45        	2.723227e-17
313.5         	2.723250e-17
313.55        	2.723273e-17
313.6         	2.723296e-17
313.65        	2.723319e-17
313.7         	2.723342e-17
313.75        	2.723364e-17
313.8         	2.723387e-17
313.85        	2.723410e-17
313.9         	2.723433e-17
313.95        	2.723456e-17
314           	2.723479e-17
314.05        	2.723502e-17
314.1         	2.723525e-17
314.15        	2.723548e-17
314.2         	2.723570e-17
314.25        	2.723593e-17
314.3         	2.723616e-17
314.35        	2.723639e-17
314.4         	2.723662e-17
314.45        	2.723685e-17
314.5         	2.723708e-17
314.55        	2.723730e-17
314.6         	2.723753e-17
314.65        	2.723776e-17
314.7         	2.723799e-17
314.75        	2.723822e-17
314.8         	2.723844e-17
314.85        	2.723867e-17
314.9         	2.723890e-17
314.95        	2.723913e-17
315           	2.723936e-17
315.05        	2.723958e-17
315.1         	2.723981e-17
315.15        	2.724004e-17
315.2         	2.724027e-17
315.25        	2.724049e-17
315.3         	2.724072e-17
315.35        	2.724095e-17
315.4         	2.724118e-17
315.45        	2.724140e-17
315.5         	2.724163e-17
315.55        	2.724186e-17
315.6         	2.724209e-17
315.65        	2.724231e-17
315.7         	2.724254e-17
315.75        	2.724277e-17
315.8         	2.724299e-17
315.85        	2.724322e-17
315.9         	2.724345e-17
315.95        	2.724367e-17
316           	2.724390e-17
316.05        	2.724413e-17
316.1         	2.724435e-17
316.15        	2.724458e-17
316.2         	2.724481e-17
316.25        	2.724503e-17
316.3         	2.724526e-17
316.35        	2.724549e-17
316.4         	2.724571e-17
316.45        	2.724594e-17
316.5         	2.724617e-17
316.55        	2.724639e-17
316.6         	2.724662e-17
316.65        	2.724685e-17
316.7         	2.724707e-17
316.75        	2.724730e-17
316.8         	2.724752e-17
316.85        	2.724775e-17
316.9         	2.724797e-17
316.95        	2.724820e-17
317           	2.724843e-17
317.05        	2.724865e-17
317.1         	2.724888e-17
317.15        	2.724910e-17
317.2         	2.724933e-17
317.25        	2.724955e-17
317.3         	2.724978e-17
317.35        	2.725001e-17
317.4         	2.725023e-17
317.45        	2.725046e-17
317.5         	2.725068e-17
317.55        	2.725091e-17
317.6         	2.725113e-17
317.65        	2.725136e-17
317.7         	2.725158e-17
317.75        	2.725181e-17
317.8         	2.725203e-17
317.85        	2.725226e-17
317.9         	2.725248e-17
317.95        	2.725271e-17
318           	2.725293e-17
318.05        	2.725316e-17
318.1         	2.725338e-17
318.15        	2.725360e-17
318.2         	2.725383e-17
318.25        	2.725405e-17
318.3         	2.725428e-17
318.35        	2.725450e-17
318.4         	2.725473e-17
318.45        	2.725495e-17
318.5         	2.725517e-17
318.55        	2.725540e-17
318.6         	2.725562e-17
318.65        	2.725585e-17
318.7         	2.725607e-17
318.75        	2.725629e-17
318.8         	2.725652e-17
318.85        	2.725674e-17
318.9         	2.725697e-17
318.95        	2.725719e-17
319           	2.725741e-17
319.05        	2.725764e-17
319.1         	2.725786e-17
319.15        	2.725808e-17
319.2         	2.725831e-17
319.25        	2.725853e-17
319.3         	2.725875e-17
319.35        	2.725898e-17
319.4         	2.725920e-17
319.45        	2.725942e-17
319.5         	2.725965e-17
319.55        	2.725987e-17
319.6         	2.726009e-17
319.65        	2.726032e-17
319.7         	2.726054e-17
319.75        	2.726076e-17
319.8         	2.726099e-17
319.85        	2.726121e-17
319.9         	2.726143e-17
319.95        	2.726165e-17
320           	2.726188e-17
320.05        	2.726210e-17
320.1         	2.726232e-17
320.15        	2.726254e-17
320.2         	2.726277e-17
320.25        	2.726299e-17
320.3         	2.726321e-17
320.35        	2.726343e-17
320.4         	2.726366e-17
320.45        	2.726388e-17
320.5         	2.726410e-17
320.55        	2.726432e-17
320.6         	2.726454e-17
320.65        	2.726477e-17
320.7         	2.726499e-17
320.75        	2.726521e-17
320.8         	2.726543e-17
320.85        	2.726565e-17
320.9         	2.726588e-17
320.95        	2.726610e-17
321           	2.726632e-17
321.05        	2.726654e-17
321.1         	2.726676e-17
321.15        	2.726698e-17
321.2         	2.726721e-17
321.25        	2.726743e-17
321.3         	2.726765e-17
321.35        	2.726787e-17
321.4         	2.726809e-17
321.45        	2.726831e-17
321.5         	2.726853e-17
321.55        	2.726875e-17
321.6         	2.726898e-17
321.65        	2.726920e-17
321.7         	2.726942e-17
321.75        	2.726964e-17
321.8         	2.726986e-17
321.85        	2.727008e-17
321.9         	2.727030e-17
321.95        	2.727052e-17
322           	2.727074e-17
322.05        	2.727096e-17
322.1         	2.727118e-17
322.15        	2.727140e-17
322.2         	2.727162e-17
322.25        	2.727184e-17
322.3         	2.727206e-17
322.35        	2.727228e-17
322.4         	2.727250e-17
322.45        	2.727272e-17
322.5         	2.727295e-17
322.55        	2.727317e-17
322.6         	2.727339e-17
322.65        	2.727361e-17
322.7         	2.727382e-17
322.75        	2.727404e-17
322.8         	2.727426e-17
322.85        	2.727448e-17
322.9         	2.727470e-17
322.95        	2.727492e-17
323           	2.727514e-17
323.05        	2.727536e-17
323.1         	2.727558e-17
323.15        	2.727580e-17
323.2         	2.727602e-17
323.25        	2.727624e-17
323.3         	2.727646e-17
323.35        	2.727668e-17
323.4         	2.727690e-17
323.45        	2.727712e-17
323.5         	2.727734e-17
323.55        	2.727756e-17
323.6         	2.727777e-17
323.65        	2.727799e-17
323.7         	2.727821e-17
323.75        	2.727843e-17
323.8         	2.727865e-17
323.85        	2.727887e-17
323.9         	2.727909e-17
323.95        	2.727931e-17
324           	2.727953e-17
324.05        	2.727974e-17
324.1         	2.727996e-17
324.15        	2.728018e-17
324.2         	2.728040e-17
324.25        	2.728062e-17
324.3         	2.728084e-17
324.35        	2.728105e-17
324.4         	2.728127e-17
324.45        	2.728149e-17
324.5         	2.728171e-17
324.55        	2.728193e-17
324.6         	2.728214e-17
324.65        	2.728236e-17
324.7         	2.728258e-17
324.75        	2.728280e-17
324.8         	2.728302e-17
324.85        	2.728323e-17
324.9         	2.728345e-17
324.95        	2.728367e-17
325           	2.728389e-17
325.05        	2.728410e-17
325.1         	2.728432e-17
325.15        	2.728454e-17
325.2         	2.728476e-17
325.25        	2.728497e-17
325.3         	2.728519e-17
325.35        	2.728541e-17
325.4         	2.728563e-17
325.45        	2.728584e-17
325.5         	2.728606e-17
325.55        	2.728628e-17
325.6         	2.728649e-17
325.65        	2.728671e-17
325.7         	2.728693e-17
325.75        	2.728715e-17
325.8         	2.728736e-17
325.85        	2.728758e-17
325.9         	2.728780e-17
325.95        	2.728801e-17
326           	2.728823e-17
326.05        	2.728845e-17
326.1         	2.728866e-17
326.15        	2.728888e-17
326.2         	2.728909e-17
326.25        	2.728931e-17
326.3         	2.728953e-17
326.35        	2.728974e-17
326.4         	2.728996e-17
326.45        	2.729018e-17
326.5         	2.729039e-17
326.55        	2.729061e-17
326.6         	2.729082e-17
326.65        	2.729104e-17
326.7         	2.729126e-17
326.75        	2.729147e-17
326.8         	2.729169e-17
326.85        	2.729190e-17
326.9         	2.729212e-17
326.95        	2.729233e-17
327           	2.729255e-17
327.05        	2.729277e-17
327.1         	2.729298e-17
327.15        	2.729320e-17
327.2         	2.729341e-17
327.25        	2.729363e-17
327.3         	2.729384e-17
327.35        	2.729406e-17
327.4         	2.729427e-17
327.45        	2.729449e-17
327.5         	2.729470e-17
327.55        	2.729492e-17
327.6         	2.729513e-17
327.65        	2.729535e-17
327.7         	2.729556e-17
327.75        	2.729578e-17
327.8         	2.729599e-17
327.85        	2.729621e-17
327.9         	2.729642e-17
327.95        	2.729664e-17
328           	2.729685e-17
328.05        	2.729707e-17
328.1         	2.729728e-17
328.15        	2.729750e-17
328.2         	2.729771e-17
328.25        	2.729793e-17
328.3         	2.729814e-17
328.35        	2.729835e-17
328.4         	2.729857e-17
328.45        	2.729878e-17
328.5         	2.729900e-17
328.55        	2.729921e-17
328.6         	2.729942e-17
328.65        	2.729964e-17
328.7         	2.729985e-17
328.75        	2.730007e-17
328.8         	2.730028e-17
328.85        	2.730049e-17
328.9         	2.730071e-17
328.95        	2.730092e-17
329           	2.730114e-17
329.05        	2.730135e-17
329.1         	2.730156e-17
329.15        	2.730178e-17
329.2         	2.730199e-17
329.25        	2.730220e-17
329.3         	2.730242e-17
329.35        	2.730263e-17
329.4         	2.730284e-17
329.45        	2.730306e-17
329.5         	2.730327e-17
329.55        	2.730348e-17
329.6         	2.730370e-17
329.65        	2.730391e-17
329.7         	2.730412e-17
329.75        	2.730433e-17
329.8         	2.730455e-17
329.85        	2.730476e-17
329.9         	2.730497e-17
329.95        	2.730519e-17
330           	2.730540e-17
330.05        	2.730561e-17
330.1         	2.730582e-17
330.15        	2.730604e-17
330.2         	2.730625e-17
330.25        	2.730646e-17
330.3         	2.730667e-17
330.35        	2.730689e-17
330.4         	2.730710e-17
330.45        	2.730731e-17
330.5         	2.730752e-17
330.55        	2.730773e-17
330.6         	2.730795e-17
330.65        	2.730816e-17
330.7         	2.730837e-17
330.75        	2.730858e-17
330.8         	2.730879e-17
330.85        	2.730901e-17
330.9         	2.730922e-17
330.95        	2.730943e-17
331           	2.730964e-17
331.05        	2.730985e-17
331.1         	2.731006e-17
331.15        	2.731028e-17
331.2         	2.731049e-17
331.25        	2.731070e-17
331.3         	2.731091e-17
331.35        	2.731112e-17
331.4         	2.731133e-17
331.45        	2.731154e-17
331.5         	2.731176e-17
331.55        	2.731197e-17
331.6         	2.731218e-17
331.65        	2.731239e-17
331.7         	2.731260e-17
331.75        	2.731281e-17
331.8         	2.731302e-17
331.85        	2.731323e-17
331.9         	2.731344e-17
331.95        	2.731365e-17
332           	2.731387e-17
332.05        	2.731408e-17
332.1         	2.731429e-17
332.15        	2.731450e-17
332.2         	2.731471e-17
332.25        	2.731492e-17
332.3         	2.731513e-17
332.35        	2.731534e-17
332.4         	2.731555e-17
332.45        	2.731576e-17
332.5         	2.731597e-17
332.55        	2.731618e-17
332.6         	2.731639e-17
332.65        	2.731660e-17
332.7         	2.731681e-17
332.75        	2.731702e-17
332.8         	2.731723e-17
332.85        	2.731744e-17
332.9         	2.731765e-17
332.95        	2.731786e-17
333           	2.731807e-17
333.05        	2.731828e-17
333.1         	2.731849e-17
333.15        	2.731870e-17
333.2         	2.731891e-17
333.25        	2.731912e-17
333.3         	2.731933e-17
333.35        	2.731954e-17
333.4         	2.731975e-17
333.45        	2.731996e-17
333.5         	2.732016e-17
333.55        	2.732037e-17
333.6         	2.732058e-17
333.65        	2.732079e-17
333.7         	2.732100e-17
333.75        	2.732121e-17
333.8         	2.732142e-17
333.85        	2.732163e-17
333.9         	2.732184e-17
333.95        	2.732205e-17
334           	2.732226e-17
334.05        	2.732246e-17
334.1         	2.732267e-17
334.15        	2.732288e-17
334.2         	2.732309e-17
334.25        	2.732330e-17
334.3         	2.732351e-17
334.35        	2.732372e-17
334.4         	2.732392e-17
334.45        	2.732413e-17
334.5         	2.732434e-17
334.55        	2.732455e-17
334.6         	2.732476e-17
334.65        	2.732497e-17
334.7         	2.732517e-17
334.75        	2.732538e-17
334.8         	2.732559e-17
334.85        	2.732580e-17
334.9         	2.732601e-17
334.95        	2.732621e-17
335           	2.732642e-17
335.05        	2.732663e-17
335.1         	2.732684e-17
335.15        	2.732704e-17
335.2         	2.732725e-17
335.25        	2.732746e-17
335.3         	2.732767e-17
335.35        	2.732787e-17
335.4         	2.732808e-17
335.45        	2.732829e-17
335.5         	2.732850e-17
335.55        	2.732870e-17
335.6         	2.732891e-17
335.65        	2.732912e-17
335.7         	2.732933e-17
335.75        	2.732953e-17
335.8         	2.732974e-17
335.85        	2.732995e-17
335.9         	2.733015e-17
335.95        	2.733036e-17
336           	2.733057e-17
336.05        	2.733078e-17
336.1         	2.733098e-17
336.15        	2.733119e-17
336.2         	2.733140e-17
336.25        	2.733160e-17
336.3         	2.733181e-17
336.35        	2.733202e-17
336.4         	2.733222e-17
336.45        	2.733243e-17
336.5         	2.733263e-17
336.55        	2.733284e-17
336.6         	2.733305e-17
336.65        	2.733325e-17
336.7         	2.733346e-17
336.75        	2.733367e-17
336.8         	2.733387e-17
336.85        	2.733408e-17
336.9         	2.733428e-17
336.95        	2.733449e-17
337           	2.733470e-17
337.05        	2.733490e-17
337.1         	2.733511e-17
337.15        	2.733531e-17
337.2         	2.733552e-17
337.25        	2.733573e-17
337.3         	2.733593e-17
337.35        	2.733614e-17
337.4         	2.733634e-17
337.45        	2.733655e-17
337.5         	2.733675e-17
337.55        	2.733696e-17
337.6         	2.733716e-17
337.65        	2.733737e-17
337.7         	2.733758e-17
337.75        	2.733778e-17
337.8         	2.733799e-17
337.85        	2.733819e-17
337.9         	2.733840e-17
337.95        	2.733860e-17
338           	2.733881e-17
338.05        	2.733901e-17
338.1         	2.733922e-17
338.15        	2.733942e-17
338.2         	2.733963e-17
338.25        	2.733983e-17
338.3         	2.734004e-17
338.35        	2.734024e-17
338.4         	2.734044e-17
338.45        	2.734065e-17
338.5         	2.734085e-17
338.55        	2.734106e-17
338.6         	2.734126e-17
338.65        	2.734147e-17
338.7         	2.734167e-17
338.75        	2.734188e-17
338.8         	2.734208e-17
338.85        	2.734228e-17
338.9         	2.734249e-17
338.95        	2.734269e-17
339           	2.734290e-17
339.05        	2.734310e-17
339.1         	2.734330e-17
339.15        	2.734351e-17
339.2         	2.734371e-17
339.25        	2.734392e-17
339.3         	2.734412e-17
339.35        	2.734432e-17
339.4         	2.734453e-17
339.45        	2.734473e-17
339.5         	2.734493e-17
339.55        	2.734514e-17
339.6         	2.734534e-17
339.65        	2.734555e-17
339.7         	2.734575e-17
339.75        	2.734595e-17
339.8         	2.734616e-17
339.85        	2.734636e-17
339.9         	2.734656e-17
339.95        	2.734677e-17
340           	2.734697e-17
340.05        	2.734717e-17
340.1         	2.734737e-17
340.15        	2.734758e-17
340.2         	2.734778e-17
340.25        	2.734798e-17
340.3         	2.734819e-17
340.35        	2.734839e-17
340.4         	2.734859e-17
340.45        	2.734879e-17
340.5         	2.734900e-17
340.55        	2.734920e-17
340.6         	2.734940e-17
340.65        	2.734961e-17
340.7         	2.734981e-17
340.75        	2.735001e-17
340.8         	2.735021e-17
340.85        	2.735041e-17
340.9         	2.735062e-17
340.95        	2.735082e-17
341           	2.735102e-17
341.05        	2.735122e-17
341.1         	2.735143e-17
341.15        	2.735163e-17
341.2         	2.735183e-17
341.25        	2.735203e-17
341.3         	2.735223e-17
341.35        	2.735244e-17
341.4         	2.735264e-17
341.45        	2.735284e-17
341.5         	2.735304e-17
341.55        	2.735324e-17
341.6         	2.735344e-17
341.65        	2.735365e-17
341.7         	2.735385e-17
341.75        	2.735405e-17
341.8         	2.735425e-17
341.85        	2.735445e-17
341.9         	2.735465e-17
341.95        	2.735486e-17
342           	2.735506e-17
342.05        	2.735526e-17
342.1         	2.735546e-17
342.15        	2.735566e-17
342.2         	2.735586e-17
342.25        	2.735606e-17
342.3         	2.735626e-17
342.35        	2.735646e-17
342.4         	2.735667e-17
342.45        	2.735687e-17
342.5         	2.735707e-17
342.55        	2.735727e-17
342.6         	2.735747e-17
342.65        	2.735767e-17
342.7         	2.735787e-17
342.75        	2.735807e-17
342.8         	2.735827e-17
342.85        	2.735847e-17
342.9         	2.735867e-17
342.95        	2.735887e-17
343           	2.735907e-17
343.05        	2.735927e-17
343.1         	2.735947e-17
343.15        	2.735967e-17
343.2         	2.735987e-17
343.25        	2.736007e-17
343.3         	2.736027e-17
343.35        	2.736047e-17
343.4         	2.736067e-17
343.45        	2.736087e-17
343.5         	2.736107e-17
343.55        	2.736127e-17
343.6         	2.736147e-17
343.65        	2.736167e-17
343.7         	2.736187e-17
343.75        	2.736207e-17
343.8         	2.736227e-17
343.85        	2.736247e-17
343.9         	2.736267e-17
343.95        	2.736287e-17
344           	2.736307e-17
344.05        	2.736327e-17
344.1         	2.736347e-17
344.15        	2.736367e-17
344.2         	2.736387e-17
344.25        	2.736407e-17
344.3         	2.736427e-17
344.35        	2.736447e-17
344.4         	2.736466e-17
344.45        	2.736486e-17
344.5         	2.736506e-17
344.55        	2.736526e-17
344.6         	2.736546e-17
344.65        	2.736566e-17
344.7         	2.736586e-17
344.75        	2.736606e-17
344.8         	2.736626e-17
344.85        	2.736645e-17
344.9         	2.736665e-17
344.95        	2.736685e-17
345           	2.736705e-17
345.05        	2.736725e-17
345.1         	2.736745e-17
345.15        	2.736765e-17
345.2         	2.736784e-17
345.25        	2.736804e-17
345.3         	2.736824e-17
345.35        	2.736844e-17
345.4         	2.736864e-17
345.45        	2.736884e-17
345.5         	2.736903e-17
345.55        	2.736923e-17
345.6         	2.736943e-17
345.65        	2.736963e-17
345.7         	2.736983e-17
345.75        	2.737002e-17
345.8         	2.737022e-17
345.85        	2.737042e-17
345.9         	2.737062e-17
345.95        	2.737081e-17
346           	2.737101e-17
346.05        	2.737121e-17
346.1         	2.737141e-17
346.15        	2.737160e-17
346.2         	2.737180e-17
346.25        	2.737200e-17
346.3         	2.737220e-17
346.35        	2.737239e-17
346.4         	2.737259e-17
346.45        	2.737279e-17
346.5         	2.737299e-17
346.55        	2.737318e-17
346.6         	2.737338e-17
346.65        	2.737358e-17
346.7         	2.737377e-17
346.75        	2.737397e-17
346.8         	2.737417e-17
346.85        	2.737436e-17
346.9         	2.737456e-17
346.95        	2.737476e-17
347           	2.737496e-17
347.05        	2.737515e-17
347.1         	2.737535e-17
347.15        	2.737555e-17
347.2         	2.737574e-17
347.25        	2.737594e-17
347.3         	2.737613e-17
347.35        	2.737633e-17
347.4         	2.737653e-17
347.45        	2.737672e-17
347.5         	2.737692e-17
347.55        	2.737712e-17
347.6         	2.737731e-17
347.65        	2.737751e-17
347.7         	2.737770e-17
347.75        	2.737790e-17
347.8         	2.737810e-17
347.85        	2.737829e-17
347.9         	2.737849e-17
347.95        	2.737868e-17
348           	2.737888e-17
348.05        	2.737908e-17
348.1         	2.737927e-17
348.15        	2.737947e-17
348.2         	2.737966e-17
348.25        	2.737986e-17
348.3         	2.738005e-17
348.35        	2.738025e-17
348.4         	2.738045e-17
348.45        	2.738064e-17
348.5         	2.738084e-17
348.55        	2.738103e-17
348.6         	2.738123e-17
348.65        	2.738142e-17
348.7         	2.738162e-17
348.75        	2.738181e-17
348.8         	2.738201e-17
348.85        	2.738220e-17
348.9         	2.738240e-17
348.95        	2.738259e-17
349           	2.738279e-17
349.05        	2.738298e-17
349.1         	2.738318e-17
349.15        	2.738337e-17
349.2         	2.738357e-17
349.25        	2.738376e-17
349.3         	2.738396e-17
349.35        	2.738415e-17
349.4         	2.738435e-17
349.45        	2.738454e-17
349.5         	2.738474e-17
349.55        	2.738493e-17
349.6         	2.738512e-17
349.65        	2.738532e-17
349.7         	2.738551e-17
349.75        	2.738571e-17
349.8         	2.738590e-17
349.85        	2.738610e-17
349.9         	2.738629e-17
349.95        	2.738648e-17
350           	2.738668e-17
350.05        	2.738687e-17
350.1         	2.738707e-17
350.15        	2.738726e-17
350.2         	2.738745e-17
350.25        	2.738765e-17
350.3         	2.738784e-17
350.35        	2.738803e-17
350.4         	2.738823e-17
350.45        	2.738842e-17
350.5         	2.738862e-17
350.55        	2.738881e-17
350.6         	2.738900e-17
350.65        	2.738920e-17
350.7         	2.738939e-17
350.75        	2.738958e-17
350.8         	2.738978e-17
350.85        	2.738997e-17
350.9         	2.739016e-17
350.95        	2.739036e-17
351           	2.739055e-17
351.05        	2.739074e-17
351.1         	2.739094e-17
351.15        	2.739113e-17
351.2         	2.739132e-17
351.25        	2.739151e-17
351.3         	2.739171e-17
351.35        	2.739190e-17
351.4         	2.739209e-17
351.45        	2.739229e-17
351.5         	2.739248e-17
351.55        	2.739267e-17
351.6         	2.739286e-17
351.65        	2.739306e-17
351.7         	2.739325e-17
351.75        	2.739344e-17
351.8         	2.739363e-17
351.85        	2.739383e-17
351.9         	2.739402e-17
351.95        	2.739421e-17
352           	2.739440e-17
352.05        	2.739460e-17
352.1         	2.739479e-17
352.15        	2.739498e-17
352.2         	2.739517e-17
352.25        	2.739536e-17
352.3         	2.739556e-17
352.35        	2.739575e-17
352.4         	2.739594e-17
352.45        	2.739613e-17
352.5         	2.739632e-17
352.55        	2.739652e-17
352.6         	2.739671e-17
352.65        	2.739690e-17
352.7         	2.739709e-17
352.75        	2.739728e-17
352.8         	2.739747e-17
352.85        	2.739767e-17
352.9         	2.739786e-17
352.95        	2.739805e-17
353           	2.739824e-17
353.05        	2.739843e-17
353.1         	2.739862e-17
353.15        	2.739881e-17
353.2         	2.739901e-17
353.25        	2.739920e-17
353.3         	2.739939e-17
353.35        	2.739958e-17
353.4         	2.739977e-17
353.45        	2.739996e-17
353.5         	2.740015e-17
353.55        	2.740034e-17
353.6         	2.740053e-17
353.65        	2.740072e-17
353.7         	2.740092e-17
353.75        	2.740111e-17
353.8         	2.740130e-17
353.85        	2.740149e-17
353.9         	2.740168e-17
353.95        	2.740187e-17
354           	2.740206e-17
354.05        	2.740225e-17
354.1         	2.740244e-17
354.15        	2.740263e-17
354.2         	2.740282e-17
354.25        	2.740301e-17
354.3         	2.740320e-17
354.35        	2.740339e-17
354.4         	2.740358e-17
354.45        	2.740377e-17
354.5         	2.740396e-17
354.55        	2.740415e-17
354.6         	2.740434e-17
354.65        	2.740453e-17
354.7         	2.740472e-17
354.75        	2.740491e-17
354.8         	2.740510e-17
354.85        	2.740529e-17
354.9         	2.740548e-17
354.95        	2.740567e-17
355           	2.740586e-17
355.05        	2.740605e-17
355.1         	2.740624e-17
355.15        	2.740643e-17
355.2         	2.740662e-17
355.25        	2.740681e-17
355.3         	2.740700e-17
355.35        	2.740719e-17
355.4         	2.740738e-17
355.45        	2.740757e-17
355.5         	2.740776e-17
355.55        	2.740794e-17
355.6         	2.740813e-17
355.65        	2.740832e-17
355.7         	2.740851e-17
355.75        	2.740870e-17
355.8         	2.740889e-17
355.85        	2.740908e-17
355.9         	2.740927e-17
355.95        	2.740946e-17
356           	2.740965e-17
356.05        	2.740983e-17
356.1         	2.741002e-17
356.15        	2.741021e-17
356.2         	2.741040e-17
356.25        	2.741059e-17
356.3         	2.741078e-17
356.35        	2.741097e-17
356.4         	2.741115e-17
356.45        	2.741134e-17
356.5         	2.741153e-17
356.55        	2.741172e-17
356.6         	2.741191e-17
356.65        	2.741210e-17
356.7         	2.741228e-17
356.75        	2.741247e-17
356.8         	2.741266e-17
356.85        	2.741285e-17
356.9         	2.741304e-17
356.95        	2.741322e-17
357           	2.741341e-17
357.05        	2.741360e-17
357.1         	2.741379e-17
357.15        	2.741398e-17
357.2         	2.741416e-17
357.25        	2.741435e-17
357.3         	2.741454e-17
357.35        	2.741473e-17
357.4         	2.741491e-17
357.45        	2.741510e-17
357.5         	2.741529e-17
357.55        	2.741548e-17
357.6         	2.741566e-17
357.65        	2.741585e-17
357.7         	2.741604e-17
357.75        	2.741623e-17
357.8         	2.741641e-17
357.85        	2.741660e-17
357.9         	2.741679e-17
357.95        	2.741697e-17
358           	2.741716e-17
358.05        	2.741735e-17
358.1         	2.741754e-17
358.15        	2.741772e-17
358.2         	2.741791e-17
358.25        	2.741810e-17
358.3         	2.741828e-17
358.35        	2.741847e-17
358.4         	2.741866e-17
358.45        	2.741884e-17
358.5         	2.741903e-17
358.55        	2.741922e-17
358.6         	2.741940e-17
358.65        	2.741959e-17
358.7         	2.741978e-17
358.75        	2.741996e-17
358.8         	2.742015e-17
358.85        	2.742034e-17
358.9         	2.742052e-17
358.95        	2.742071e-17
359           	2.742089e-17
359.05        	2.742108e-17
359.1         	2.742127e-17
359.15        	2.742145e-17
359.2         	2.742164e-17
359.25        	2.742183e-17
359.3         	2.742201e-17
359.35        	2.742220e-17
359.4         	2.742238e-17
359.45        	2.742257e-17
359.5         	2.742275e-17
359.55        	2.742294e-17
359.6         	2.742313e-17
359.65        	2.742331e-17
359.7         	2.742350e-17
359.75        	2.742368e-17
359.8         	2.742387e-17
359.85        	2.742405e-17
359.9         	2.742424e-17
359.95        	2.742442e-17
360           	2.742461e-17
360.05        	2.742480e-17
360.1         	2.742498e-17
360.15        	2.742517e-17
360.2         	2.742535e-17
360.25        	2.742554e-17
360.3         	2.742572e-17
360.35        	2.742591e-17
360.4         	2.742609e-17
360.45        	2.742628e-17
360.5         	2.742646e-17
360.55        	2.742665e-17
360.6         	2.742683e-17
360.65        	2.742702e-17
360.7         	2.742720e-17
360.75        	2.742739e-17
360.8         	2.742757e-17
360.85        	2.742776e-17
360.9         	2.742794e-17
360.95        	2.742812e-17
361           	2.742831e-17
361.05        	2.742849e-17
361.1         	2.742868e-17
361.15        	2.742886e-17
361.2         	2.742905e-17
361.25        	2.742923e-17
361.3         	2.742942e-17
361.35        	2.742960e-17
361.4         	2.742978e-17
361.45        	2.742997e-17
361.5         	2.743015e-17
361.55        	2.743034e-17
361.6         	2.743052e-17
361.65        	2.743070e-17
361.7         	2.743089e-17
361.75        	2.743107e-17
361.8         	2.743126e-17
361.85        	2.743144e-17
361.9         	2.743162e-17
361.95        	2.743181e-17
362           	2.743199e-17
362.05        	2.743217e-17
362.1         	2.743236e-17
362.15        	2.743254e-17
362.2         	2.743273e-17
362.25        	2.743291e-17
362.3         	2.743309e-17
362.35        	2.743328e-17
362.4         	2.743346e-17
362.45        	2.743364e-17
362.5         	2.743383e-17
362.55        	2.743401e-17
362.6         	2.743419e-17
362.65        	2.743438e-17
362.7         	2.743456e-17
362.75        	2.743474e-17
362.8         	2.743492e-17
362.85        	2.743511e-17
362.9         	2.743529e-17
362.95        	2.743547e-17
363           	2.743566e-17
363.05        	2.743584e-17
363.1         	2.743602e-17
363.15        	2.743620e-17
363.2         	2.743639e-17
363.25        	2.743657e-17
363.3         	2.743675e-17
363.35        	2.743693e-17
363.4         	2.743712e-17
363.45        	2.743730e-17
363.5         	2.743748e-17
363.55        	2.743766e-17
363.6         	2.743785e-17
363.65        	2.743803e-17
363.7         	2.743821e-17
363.75        	2.743839e-17
363.8         	2.743858e-17
363.85        	2.743876e-17
363.9         	2.743894e-17
363.95        	2.743912e-17
364           	2.743930e-17
364.05        	2.743949e-17
364.1         	2.743967e-17
364.15        	2.743985e-17
364.2         	2.744003e-17
364.25        	2.744021e-17
364.3         	2.744040e-17
364.35        	2.744058e-17
364.4         	2.744076e-17
364.45        	2.744094e-17
364.5         	2.744112e-17
364.55        	2.744130e-17
364.6         	2.744149e-17
364.65        	2.744167e-17
364.7         	2.744185e-17
364.75        	2.744203e-17
364.8         	2.744221e-17
364.85        	2.744239e-17
364.9         	2.744257e-17
364.95        	2.744275e-17
365           	2.744294e-17
365.05        	2.744312e-17
365.1         	2.744330e-17
365.15        	2.744348e-17
365.2         	2.744366e-17
365.25        	2.744384e-17
365.3         	2.744402e-17
365.35        	2.744420e-17
365.4         	2.744438e-17
365.45        	2.744456e-17
365.5         	2.744475e-17
365.55        	2.744493e-17
365.6         	2.744511e-17
365.65        	2.744529e-17
365.7         	2.744547e-17
365.75        	2.744565e-17
365.8         	2.744583e-17
365.85        	2.744601e-17
365.9         	2.744619e-17
365.95        	2.744637e-17
366           	2.744655e-17
366.05        	2.744673e-17
366.1         	2.744691e-17
366.15        	2.744709e-17
366.2         	2.744727e-17
366.25        	2.744745e-17
366.3         	2.744763e-17
366.35        	2.744781e-17
366.4         	2.744799e-17
366.45        	2.744817e-17
366.5         	2.744835e-17
366.55        	2.744853e-17
366.6         	2.744871e-17
366.65        	2.744889e-17
366.7         	2.744907e-17
366.75        	2.744925e-17
366.8         	2.744943e-17
366.85        	2.744961e-17
366.9         	2.744979e-17
366.95        	2.744997e-17
367           	2.745015e-17
367.05        	2.745033e-17
367.1         	2.745051e-17
367.15        	2.745069e-17
367.2         	2.745087e-17
367.25        	2.745105e-17
367.3         	2.745123e-17
367.35        	2.745141e-17
367.4         	2.745158e-17
367.45        	2.745176e-17
367.5         	2.745194e-17
367.55        	2.745212e-17
367.6         	2.745230e-17
367.65        	2.745248e-17
367.7         	2.745266e-17
367.75        	2.745284e-17
367.8         	2.745302e-17
367.85        	2.745320e-17
367.9         	2.745337e-17
367.95        	2.745355e-17
368           	2.745373e-17
368.05        	2.745391e-17
368.1         	2.745409e-17
368.15        	2.745427e-17
368.2         	2.745445e-17
368.25        	2.745462e-17
368.3         	2.745480e-17
368.35        	2.745498e-17
368.4         	2.745516e-17
368.45        	2.745534e-17
368.5         	2.745552e-17
368.55        	2.745569e-17
368.6         	2.745587e-17
368.65        	2.745605e-17
368.7         	2.745623e-17
368.75        	2.745641e-17
368.8         	2.745659e-17
368.85        	2.745676e-17
368.9         	2.745694e-17
368.95        	2.745712e-17
369           	2.745730e-17
369.05        	2.745748e-17
369.1         	2.745765e-17
369.15        	2.745783e-17
369.2         	2.745801e-17
369.25        	2.745819e-17
369.3         	2.745836e-17
369.35        	2.745854e-17
369.4         	2.745872e-17
369.45        	2.745890e-17
369.5         	2.745907e-17
369.55        	2.745925e-17
369.6         	2.745943e-17
369.65        	2.745961e-17
369.7         	2.745978e-17
369.75        	2.745996e-17
369.8         	2.746014e-17
369.85        	2.746032e-17
369.9         	2.746049e-17
369.95        	2.746067e-17
370           	2.746085e-17
370.05        	2.746102e-17
370.1         	2.746120e-17
370.15        	2.746138e-17
370.2         	2.746155e-17
370.25        	2.746173e-17
370.3         	2.746191e-17
370.35        	2.746209e-17
370.4         	2.746226e-17
370.45        	2.746244e-17
370.5         	2.746262e-17
370.55        	2.746279e-17
370.6         	2.746297e-17
370.65        	2.746315e-17
370.7         	2.746332e-17
370.75        	2.746350e-17
370.8         	2.746367e-17
370.85        	2.746385e-17
370.9         	2.746403e-17
370.95        	2.746420e-17
371           	2.746438e-17
371.05        	2.746456e-17
371.1         	2.746473e-17
371.15        	2.746491e-17
371.2         	2.746509e-17
371.25        	2.746526e-17
371.3         	2.746544e-17
371.35        	2.746561e-17
371.4         	2.746579e-17
371.45        	2.746597e-17
371.5         	2.746614e-17
371.55        	2.746632e-17
371.6         	2.746649e-17
371.65        	2.746667e-17
371.7         	2.746684e-17
371.75        	2.746702e-17
371.8         	2.746720e-17
371.85        	2.746737e-17
371.9         	2.746755e-17
371.95        	2.746772e-17
372           	2.746790e-17
372.05        	2.746807e-17
372.1         	2.746825e-17
372.15        	2.746842e-17
372.2         	2.746860e-17
372.25        	2.746877e-17
372.3         	2.746895e-17
372.35        	2.746912e-17
372.4         	2.746930e-17
372.45        	2.746948e-17
372.5         	2.746965e-17
372.55        	2.746983e-17
372.6         	2.747000e-17
372.65        	2.747018e-17
372.7         	2.747035e-17
372.75        	2.747053e-17
372.8         	2.747070e-17
372.85        	2.747087e-17
372.9         	2.747105e-17
372.95        	2.747122e-17
373           	2.747140e-17
373.05        	2.747157e-17
373.1         	2.747175e-17
373.15        	2.747192e-17
373.2         	2.747210e-17
373.25        	2.747227e-17
373.3         	2.747245e-17
373.35        	2.747262e-17
373.4         	2.747279e-17
373.45        	2.747297e-17
373.5         	2.747314e-17
373.55        	2.747332e-17
373.6         	2.747349e-17
373.65        	2.747367e-17
373.7         	2.747384e-17
373.75        	2.747401e-17
373.8         	2.747419e-17
373.85        	2.747436e-17
373.9         	2.747454e-17
373.95        	2.747471e-17
374           	2.747488e-17
374.05        	2.747506e-17
374.1         	2.747523e-17
374.15        	2.747541e-17
374.2         	2.747558e-17
374.25        	2.747575e-17
374.3         	2.747593e-17
374.35        	2.747610e-17
374.4         	2.747627e-17
374.45        	2.747645e-17
374.5         	2.747662e-17
374.55        	2.747679e-17
374.6         	2.747697e-17
374.65        	2.747714e-17
374.7         	2.747731e-17
374.75        	2.747749e-17
374.8         	2.747766e-17
374.85        	2.747783e-17
374.9         	2.747801e-17
374.95        	2.747818e-17
375           	2.747835e-17
375.05        	2.747853e-17
375.1         	2.747870e-17
375.15        	2.747887e-17
375.2         	2.747905e-17
375.25        	2.747922e-17
375.3         	2.747939e-17
375.35        	2.747956e-17
375.4         	2.747974e-17
375.45        	2.747991e-17
375.5         	2.748008e-17
375.55        	2.748025e-17
375.6         	2.748043e-17
375.65        	2.748060e-17
375.7         	2.748077e-17
375.75        	2.748095e-17
375.8         	2.748112e-17
375.85        	2.748129e-17
375.9         	2.748146e-17
375.95        	2.748163e-17
376           	2.748181e-17
376.05        	2.748198e-17
376.1         	2.748215e-17
376.15        	2.748232e-17
376.2         	2.748250e-17
376.25        	2.748267e-17
376.3         	2.748284e-17
376.35        	2.748301e-17
376.4         	2.748318e-17
376.45        	2.748336e-17
376.5         	2.748353e-17
376.55        	2.748370e-17
376.6         	2.748387e-17
376.65        	2.748404e-17
376.7         	2.748422e-17
376.75        	2.748439e-17
376.8         	2.748456e-17
376.85        	2.748473e-17
376.9         	2.748490e-17
376.95        	2.748507e-17
377           	2.748524e-17
377.05        	2.748542e-17
377.1         	2.748559e-17
377.15        	2.748576e-17
377.2         	2.748593e-17
377.25        	2.748610e-17
377.3         	2.748627e-17
377.35        	2.748644e-17
377.4         	2.748662e-17
377.45        	2.748679e-17
377.5         	2.748696e-17
377.55        	2.748713e-17
377.6         	2.748730e-17
377.65        	2.748747e-17
377.7         	2.748764e-17
377.75        	2.748781e-17
377.8         	2.748798e-17
377.85        	2.748815e-17
377.9         	2.748833e-17
377.95        	2.748850e-17
378           	2.748867e-17
378.05        	2.748884e-17
378.1         	2.748901e-17
378.15        	2.748918e-17
378.2         	2.748935e-17
378.25        	2.748952e-17
378.3         	2.748969e-17
378.35        	2.748986e-17
378.4         	2.749003e-17
378.45        	2.749020e-17
378.5         	2.749037e-17
378.55        	2.749054e-17
378.6         	2.749071e-17
378.65        	2.749088e-17
378.7         	2.749105e-17
378.75        	2.749122e-17
378.8         	2.749139e-17
378.85        	2.749156e-17
378.9         	2.749173e-17
378.95        	2.749190e-17
379           	2.749207e-17
379.05        	2.749224e-17
379.1         	2.749241e-17
379.15        	2.749258e-17
379.2         	2.749275e-17
379.25        	2.749292e-17
379.3         	2.749309e-17
379.35        	2.749326e-17
379.4         	2.749343e-17
379.45        	2.749360e-17
379.5         	2.749377e-17
379.55        	2.749394e-17
379.6         	2.749411e-17
379.65        	2.749428e-17
379.7         	2.749445e-17
379.75        	2.749462e-17
379.8         	2.749479e-17
379.85        	2.749496e-17
379.9         	2.749513e-17
379.95        	2.749530e-17
380           	2.749546e-17
380.05        	2.749563e-17
380.1         	2.749580e-17
380.15        	2.749597e-17
380.2         	2.749614e-17
380.25        	2.749631e-17
380.3         	2.749648e-17
380.35        	2.749665e-17
380.4         	2.749682e-17
380.45        	2.749699e-17
380.5         	2.749715e-17
380.55        	2.749732e-17
380.6         	2.749749e-17
380.65        	2.749766e-17
380.7         	2.749783e-17
380.75        	2.749800e-17
380.8         	2.749817e-17
380.85        	2.749833e-17
380.9         	2.749850e-17
380.95        	2.749867e-17
381           	2.749884e-17
381.05        	2.749901e-17
381.1         	2.749918e-17
381.15        	2.749934e-17
381.2         	2.749951e-17
381.25        	2.749968e-17
381.3         	2.749985e-17
381.35        	2.750002e-17
381.4         	2.750019e-17
381.45        	2.750035e-17
381.5         	2.750052e-17
381.55        	2.750069e-17
381.6         	2.750086e-17
381.65        	2.750103e-17
381.7         	2.750119e-17
381.75        	2.750136e-17
381.8         	2.750153e-17
381.85        	2.750170e-17
381.9         	2.750186e-17
381.95        	2.750203e-17
382           	2.750220e-17
382.05        	2.750237e-17
382.1         	2.750254e-17
382.15        	2.750270e-17
382.2         	2.750287e-17
382.25        	2.750304e-17
382.3         	2.750321e-17
382.35        	2.750337e-17
382.4         	2.750354e-17
382.45        	2.750371e-17
382.5         	2.750387e-17
382.55        	2.750404e-17
382.6         	2.750421e-17
382.65        	2.750438e-17
382.7         	2.750454e-17
382.75        	2.750471e-17
382.8         	2.750488e-17
382.85        	2.750504e-17
382.9         	2.750521e-17
382.95        	2.750538e-17
383           	2.750554e-17
383.05        	2.750571e-17
383.1         	2.750588e-17
383.15        	2.750605e-17
383.2         	2.750621e-17
383.25        	2.750638e-17
383.3         	2.750655e-17
383.35        	2.750671e-17
383.4         	2.750688e-17
383.45        	2.750705e-17
383.5         	2.750721e-17
383.55        	2.750738e-17
383.6         	2.750754e-17
383.65        	2.750771e-17
383.7         	2.750788e-17
383.75        	2.750804e-17
383.8         	2.750821e-17
383.85        	2.750838e-17
383.9         	2.750854e-17
383.95        	2.750871e-17
384           	2.750887e-17
384.05        	2.750904e-17
384.1         	2.750921e-17
384.15        	2.750937e-17
384.2         	2.750954e-17
384.25        	2.750970e-17
384.3         	2.750987e-17
384.35        	2.751004e-17
384.4         	2.751020e-17
384.45        	2.751037e-17
384.5         	2.751053e-17
384.55        	2.751070e-17
384.6         	2.751086e-17
384.65        	2.751103e-17
384.7         	2.751120e-17
384.75        	2.751136e-17
384.8         	2.751153e-17
384.85        	2.751169e-17
384.9         	2.751186e-17
384.95        	2.751202e-17
385           	2.751219e-17
385.05        	2.751235e-17
385.1         	2.751252e-17
385.15        	2.751268e-17
385.2         	2.751285e-17
385.25        	2.751302e-17
385.3         	2.751318e-17
385.35        	2.751335e-17
385.4         	2.751351e-17
385.45        	2.751368e-17
385.5         	2.751384e-17
385.55        	2.751401e-17
385.6         	2.751417e-17
385.65        	2.751434e-17
385.7         	2.751450e-17
385.75        	2.751466e-17
385.8         	2.751483e-17
385.85        	2.751499e-17
385.9         	2.751516e-17
385.95        	2.751532e-17
386           	2.751549e-17
386.05        	2.751565e-17
386.1         	2.751582e-17
386.15        	2.751598e-17
386.2         	2.751615e-17
386.25        	2.751631e-17
386.3         	2.751647e-17
386.35        	2.751664e-17
386.4         	2.751680e-17
386.45        	2.751697e-17
386.5         	2.751713e-17
386.55        	2.751730e-17
386.6         	2.751746e-17
386.65        	2.751762e-17
386.7         	2.751779e-17
386.75        	2.751795e-17
386.8         	2.751812e-17
386.85        	2.751828e-17
386.9         	2.751844e-17
386.95        	2.751861e-17
387           	2.751877e-17
387.05        	2.751894e-17
387.1         	2.751910e-17
387.15        	2.751926e-17
387.2         	2.751943e-17
387.25        	2.751959e-17
387.3         	2.751975e-17
387.35        	2.751992e-17
387.4         	2.752008e-17
387.45        	2.752025e-17
387.5         	2.752041e-17
387.55        	2.752057e-17
387.6         	2.752074e-17
387.65        	2.752090e-17
387.7         	2.752106e-17
387.75        	2.752123e-17
387.8         	2.752139e-17
387.85        	2.752155e-17
387.9         	2.752172e-17
387.95        	2.752188e-17
388           	2.752204e-17
388.05        	2.752220e-17
388.1         	2.752237e-17
388.15        	2.752253e-17
388.2         	2.752269e-17
388.25        	2.752286e-17
388.3         	2.752302e-17
388.35        	2.752318e-17
388.4         	2.752335e-17
388.45        	2.752351e-17
388.5         	2.752367e-17
388.55        	2.752383e-17
388.6         	2.752400e-17
388.65        	2.752416e-17
388.7         	2.752432e-17
388.75        	2.752448e-17
388.8         	2.752465e-17
388.85        	2.752481e-17
388.9         	2.752497e-17
388.95        	2.752513e-17
389           	2.752530e-17
389.05        	2.752546e-17
389.1         	2.752562e-17
389.15        	2.752578e-17
389.2         	2.752595e-17
389.25        	2.752611e-17
389.3         	2.752627e-17
389.35        	2.752643e-17
389.4         	2.752659e-17
389.45        	2.752676e-17
389.5         	2.752692e-17
389.55        	2.752708e-17
389.6         	2.752724e-17
389.65        	2.752740e-17
389.7         	2.752757e-17
389.75        	2.752773e-17
389.8         	2.752789e-17
389.85        	2.752805e-17
389.9         	2.752821e-17
389.95        	2.752837e-17
390           	2.752854e-17
390.05        	2.752870e-17
390.1         	2.752886e-17
390.15        	2.752902e-17
390.2         	2.752918e-17
390.25        	2.752934e-17
390.3         	2.752950e-17
390.35        	2.752967e-17
390.4         	2.752983e-17
390.45        	2.752999e-17
390.5         	2.753015e-17
390.55        	2.753031e-17
390.6         	2.753047e-17
390.65        	2.753063e-17
390.7         	2.753079e-17
390.75        	2.753096e-17
390.8         	2.753112e-17
390.85        	2.753128e-17
390.9         	2.753144e-17
390.95        	2.753160e-17
391           	2.753176e-17
391.05        	2.753192e-17
391.1         	2.753208e-17
391.15        	2.753224e-17
391.2         	2.753240e-17
391.25        	2.753256e-17
391.3         	2.753272e-17
391.35        	2.753289e-17
391.4         	2.753305e-17
391.45        	2.753321e-17
391.5         	2.753337e-17
391.55        	2.753353e-17
391.6         	2.753369e-17
391.65        	2.753385e-17
391.7         	2.753401e-17
391.75        	2.753417e-17
391.8         	2.753433e-17
391.85        	2.753449e-17
391.9         	2.753465e-17
391.95        	2.753481e-17
392           	2.753497e-17
392.05        	2.753513e-17
392.1         	2.753529e-17
392.15        	2.753545e-17
392.2         	2.753561e-17
392.25        	2.753577e-17
392.3         	2.753593e-17
392.35        	2.753609e-17
392.4         	2.753625e-17
392.45        	2.753641e-17
392.5         	2.753657e-17
392.55        	2.753673e-17
392.6         	2.753689e-17
392.65        	2.753705e-17
392.7         	2.753721e-17
392.75        	2.753737e-17
392.8         	2.753753e-17
392.85        	2.753769e-17
392.9         	2.753785e-17
392.95        	2.753801e-17
393           	2.753817e-17
393.05        	2.753833e-17
393.1         	2.753848e-17
393.15        	2.753864e-17
393.2         	2.753880e-17
393.25        	2.753896e-17
393.3         	2.753912e-17
393.35        	2.753928e-17
393.4         	2.753944e-17
393.45        	2.753960e-17
393.5         	2.753976e-17
393.55        	2.753992e-17
393.6         	2.754008e-17
393.65        	2.754024e-17
393.7         	2.754039e-17
393.75        	2.754055e-17
393.8         	2.754071e-17
393.85        	2.754087e-17
393.9         	2.754103e-17
393.95        	2.754119e-17
394           	2.754135e-17
394.05        	2.754151e-17
394.1         	2.754166e-17
394.15        	2.754182e-17
394.2         	2.754198e-17
394.25        	2.754214e-17
394.3         	2.754230e-17
394.35        	2.754246e-17
394.4         	2.754262e-17
394.45        	2.754277e-17
394.5         	2.754293e-17
394.55        	2.754309e-17
394.6         	2.754325e-17
394.65        	2.754341e-17
394.7         	2.754356e-17
394.75        	2.754372e-17
394.8         	2.754388e-17
394.85        	2.754404e-17
394.9         	2.754420e-17
394.95        	2.754436e-17
395           	2.754451e-17
395.05        	2.754467e-17
395.1         	2.754483e-17
395.15        	2.754499e-17
395.2         	2.754514e-17
395.25        	2.754530e-17
395.3         	2.754546e-17
395.35        	2.754562e-17
395.4         	2.754578e-17
395.45        	2.754593e-17
395.5         	2.754609e-17
395.55        	2.754625e-17
395.6         	2.754641e-17
395.65        	2.754656e-17
395.7         	2.754672e-17
395.75        	2.754688e-17
395.8         	2.754704e-17
395.85        	2.754719e-17
395.9         	2.754735e-17
395.95        	2.754751e-17
396           	2.754767e-17
396.05        	2.754782e-17
396.1         	2.754798e-17
396.15        	2.754814e-17
396.2         	2.754829e-17
396.25        	2.754845e-17
396.3         	2.754861e-17
396.35        	2.754877e-17
396.4         	2.754892e-17
396.45        	2.754908e-17
396.5         	2.754924e-17
396.55        	2.754939e-17
396.6         	2.754955e-17
396.65        	2.754971e-17
396.7         	2.754986e-17
396.75        	2.755002e-17
396.8         	2.755018e-17
396.85        	2.755033e-17
396.9         	2.755049e-17
396.95        	2.755065e-17
397           	2.755080e-17
397.05        	2.755096e-17
397.1         	2.755112e-17
397.15        	2.755127e-17
397.2         	2.755143e-17
397.25        	2.755159e-17
397.3         	2.755174e-17
397.35        	2.755190e-17
397.4         	2.755205e-17
397.45        	2.755221e-17
397.5         	2.755237e-17
397.55        	2.755252e-17
397.6         	2.755268e-17
397.65        	2.755283e-17
397.7         	2.755299e-17
397.75        	2.755315e-17
397.8         	2.755330e-17
397.85        	2.755346e-17
397.9         	2.755361e-17
397.95        	2.755377e-17
398           	2.755393e-17
398.05        	2.755408e-17
398.1         	2.755424e-17
398.15        	2.755439e-17
398.2         	2.755455e-17
398.25        	2.755470e-17
398.3         	2.755486e-17
398.35        	2.755502e-17
398.4         	2.755517e-17
398.45        	2.755533e-17
398.5         	2.755548e-17
398.55        	2.755564e-17
398.6         	2.755579e-17
398.65        	2.755595e-17
398.7         	2.755611e-17
398.75        	2.755626e-17
398.8         	2.755642e-17
398.85        	2.755658e-17
398.9         	2.755673e-17
398.95        	2.755689e-17
399           	2.755704e-17
399.05        	2.755719e-17
399.1         	2.755735e-17
399.15        	2.755750e-17
399.2         	2.755766e-17
399.25        	2.755781e-17
399.3         	2.755796e-17
399.35        	2.755812e-17
399.4         	2.755828e-17
399.45        	2.755843e-17
399.5         	2.755859e-17
399.55        	2.755874e-17
399.6         	2.755890e-17
399.65        	2.755906e-17
399.7         	2.755921e-17
399.75        	2.755937e-17
399.8         	2.755952e-17
399.85        	2.755967e-17
399.9         	2.755983e-17
399.95        	2.755998e-17
400           	2.756013e-17
400.05        	2.756029e-17
400.1         	2.756044e-17
400.15        	2.756060e-17
400.2         	2.756076e-17
400.25        	2.756091e-17
400.3         	2.756107e-17
400.35        	2.756122e-17
400.4         	2.756137e-17
400.45        	2.756153e-17
400.5         	2.756168e-17
400.55        	2.756183e-17
400.6         	2.756199e-17
400.65        	2.756214e-17
400.7         	2.756230e-17
400.75        	2.756245e-17
400.8         	2.756261e-17
400.85        	2.756276e-17
400.9         	2.756292e-17
400.95        	2.756307e-17
401           	2.756322e-17
401.05        	2.756337e-17
401.1         	2.756353e-17
401.15        	2.756368e-17
401.2         	2.756384e-17
401.25        	2.756399e-17
401.3         	2.756415e-17
401.35        	2.756430e-17
401.4         	2.756446e-17
401.45        	2.756461e-17
401.5         	2.756476e-17
401.55        	2.756492e-17
401.6         	2.756507e-17
401.65        	2.756522e-17
401.7         	2.756537e-17
401.75        	2.756553e-17
401.8         	2.756568e-17
401.85        	2.756584e-17
401.9         	2.756599e-17
401.95        	2.756615e-17
402           	2.756630e-17
402.05        	2.756645e-17
402.1         	2.756660e-17
402.15        	2.756675e-17
402.2         	2.756691e-17
402.25        	2.756706e-17
402.3         	2.756722e-17
402.35        	2.756737e-17
402.4         	2.756752e-17
402.45        	2.756768e-17
402.5         	2.756783e-17
402.55        	2.756798e-17
402.6         	2.756813e-17
402.65        	2.756829e-17
402.7         	2.756844e-17
402.75        	2.756859e-17
402.8         	2.756875e-17
402.85        	2.756890e-17
402.9         	2.756905e-17
402.95        	2.756921e-17
403           	2.756936e-17
403.05        	2.756951e-17
403.1         	2.756966e-17
403.15        	2.756981e-17
403.2         	2.756997e-17
403.25        	2.757012e-17
403.3         	2.757027e-17
403.35        	2.757043e-17
403.4         	2.757058e-17
403.45        	2.757073e-17
403.5         	2.757089e-17
403.55        	2.757104e-17
403.6         	2.757119e-17
403.65        	2.757134e-17
403.7         	2.757149e-17
403.75        	2.757164e-17
403.8         	2.757180e-17
403.85        	2.757195e-17
403.9         	2.757210e-17
403.95        	2.757226e-17
404           	2.757241e-17
404.05        	2.757256e-17
404.1         	2.757271e-17
404.15        	2.757286e-17
404.2         	2.757301e-17
404.25        	2.757316e-17
404.3         	2.757332e-17
404.35        	2.757347e-17
404.4         	2.757362e-17
404.45        	2.757378e-17
404.5         	2.757393e-17
404.55        	2.757408e-17
404.6         	2.757423e-17
404.65        	2.757438e-17
404.7         	2.757453e-17
404.75        	2.757468e-17
404.8         	2.757484e-17
404.85        	2.757499e-17
404.9         	2.757514e-17
404.95        	2.757529e-17
405           	2.757545e-17
405.05        	2.757560e-17
405.1         	2.757575e-17
405.15        	2.757590e-17
405.2         	2.757605e-17
405.25        	2.757620e-17
405.3         	2.757635e-17
405.35        	2.757651e-17
405.4         	2.757666e-17
405.45        	2.757681e-17
405.5         	2.757696e-17
405.55        	2.757711e-17
405.6         	2.757726e-17
405.65        	2.757741e-17
405.7         	2.757756e-17
405.75        	2.757771e-17
405.8         	2.757787e-17
405.85        	2.757802e-17
405.9         	2.757817e-17
405.95        	2.757832e-17
406           	2.757847e-17
406.05        	2.757862e-17
406.1         	2.757877e-17
406.15        	2.757892e-17
406.2         	2.757907e-17
406.25        	2.757923e-17
406.3         	2.757938e-17
406.35        	2.757953e-17
406.4         	2.757968e-17
406.45        	2.757983e-17
406.5         	2.757998e-17
406.55        	2.758013e-17
406.6         	2.758028e-17
406.65        	2.758043e-17
406.7         	2.758058e-17
406.75        	2.758073e-17
406.8         	2.758088e-17
406.85        	2.758103e-17
406.9         	2.758118e-17
406.95        	2.758133e-17
407           	2.758148e-17
407.05        	2.758163e-17
407.1         	2.758178e-17
407.15        	2.758193e-17
407.2         	2.758208e-17
407.25        	2.758223e-17
407.3         	2.758238e-17
407.35        	2.758253e-17
407.4         	2.758268e-17
407.45        	2.758283e-17
407.5         	2.758298e-17
407.55        	2.758313e-17
407.6         	2.758328e-17
407.65        	2.758343e-17
407.7         	2.758358e-17
407.75        	2.758373e-17
407.8         	2.758388e-17
407.85        	2.758403e-17
407.9         	2.758418e-17
407.95        	2.758433e-17
408           	2.758448e-17
408.05        	2.758463e-17
408.1         	2.758478e-17
408.15        	2.758493e-17
408.2         	2.758508e-17
408.25        	2.758522e-17
408.3         	2.758537e-17
408.35        	2.758552e-17
408.4         	2.758567e-17
408.45        	2.758582e-17
408.5         	2.758597e-17
408.55        	2.758612e-17
408.6         	2.758627e-17
408.65        	2.758642e-17
408.7         	2.758657e-17
408.75        	2.758671e-17
408.8         	2.758686e-17
408.85        	2.758701e-17
408.9         	2.758716e-17
408.95        	2.758731e-17
409           	2.758746e-17
409.05        	2.758761e-17
409.1         	2.758776e-17
409.15        	2.758791e-17
409.2         	2.758805e-17
409.25        	2.758820e-17
409.3         	2.758835e-17
409.35        	2.758850e-17
409.4         	2.758865e-17
409.45        	2.758880e-17
409.5         	2.758894e-17
409.55        	2.758909e-17
409.6         	2.758924e-17
409.65        	2.758939e-17
409.7         	2.758954e-17
409.75        	2.758969e-17
409.8         	2.758984e-17
409.85        	2.758998e-17
409.9         	2.759013e-17
409.95        	2.759028e-17
410           	2.759043e-17
410.05        	2.759057e-17
410.1         	2.759072e-17
410.15        	2.759087e-17
410.2         	2.759102e-17
410.25        	2.759117e-17
410.3         	2.759131e-17
410.35        	2.759146e-17
410.4         	2.759161e-17
410.45        	2.759176e-17
410.5         	2.759191e-17
410.55        	2.759205e-17
410.6         	2.759220e-17
410.65        	2.759235e-17
410.7         	2.759250e-17
410.75        	2.759264e-17
410.8         	2.759279e-17
410.85        	2.759294e-17
410.9         	2.759309e-17
410.95        	2.759323e-17
411           	2.759338e-17
411.05        	2.759353e-17
411.1         	2.759367e-17
411.15        	2.759382e-17
411.2         	2.759397e-17
411.25        	2.759412e-17
411.3         	2.759426e-17
411.35        	2.759441e-17
411.4         	2.759456e-17
411.45        	2.759471e-17
411.5         	2.759485e-17
411.55        	2.759500e-17
411.6         	2.759515e-17
411.65        	2.759529e-17
411.7         	2.759544e-17
411.75        	2.759559e-17
411.8         	2.759573e-17
411.85        	2.759588e-17
411.9         	2.759603e-17
411.95        	2.759617e-17
412           	2.759632e-17
412.05        	2.759647e-17
412.1         	2.759661e-17
412.15        	2.759676e-17
412.2         	2.759691e-17
412.25        	2.759706e-17
412.3         	2.759720e-17
412.35        	2.759735e-17
412.4         	2.759749e-17
412.45        	2.759764e-17
412.5         	2.759779e-17
412.55        	2.759793e-17
412.6         	2.759808e-17
412.65        	2.759823e-17
412.7         	2.759837e-17
412.75        	2.759852e-17
412.8         	2.759866e-17
412.85        	2.759881e-17
412.9         	2.759896e-17
412.95        	2.759910e-17
413           	2.759925e-17
413.05        	2.759940e-17
413.1         	2.759954e-17
413.15        	2.759969e-17
413.2         	2.759983e-17
413.25        	2.759998e-17
413.3         	2.760012e-17
413.35        	2.760027e-17
413.4         	2.760042e-17
413.45        	2.760056e-17
413.5         	2.760071e-17
413.55        	2.760085e-17
413.6         	2.760100e-17
413.65        	2.760115e-17
413.7         	2.760129e-17
413.75        	2.760144e-17
413.8         	2.760158e-17
413.85        	2.760173e-17
413.9         	2.760187e-17
413.95        	2.760202e-17
414           	2.760216e-17
414.05        	2.760231e-17
414.1         	2.760245e-17
414.15        	2.760260e-17
414.2         	2.760275e-17
414.25        	2.760289e-17
414.3         	2.760304e-17
414.35        	2.760318e-17
414.4         	2.760333e-17
414.45        	2.760347e-17
414.5         	2.760362e-17
414.55        	2.760376e-17
414.6         	2.760391e-17
414.65        	2.760405e-17
414.7         	2.760420e-17
414.75        	2.760434e-17
414.8         	2.760449e-17
414.85        	2.760463e-17
414.9         	2.760478e-17
414.95        	2.760492e-17
415           	2.760507e-17
415.05        	2.760521e-17
415.1         	2.760536e-17
415.15        	2.760550e-17
415.2         	2.760565e-17
415.25        	2.760579e-17
415.3         	2.760594e-17
415.35        	2.760608e-17
415.4         	2.760623e-17
415.45        	2.760637e-17
415.5         	2.760651e-17
415.55        	2.760666e-17
415.6         	2.760680e-17
415.65        	2.760695e-17
415.7         	2.760709e-17
415.75        	2.760724e-17
415.8         	2.760738e-17
415.85        	2.760752e-17
415.9         	2.760767e-17
415.95        	2.760781e-17
416           	2.760796e-17
416.05        	2.760810e-17
416.1         	2.760825e-17
416.15        	2.760839e-17
416.2         	2.760854e-17
416.25        	2.760868e-17
416.3         	2.760882e-17
416.35        	2.760897e-17
416.4         	2.760911e-17
416.45        	2.760925e-17
416.5         	2.760940e-17
416.55        	2.760954e-17
416.6         	2.760969e-17
416.65        	2.760983e-17
416.7         	2.760997e-17
416.75        	2.761012e-17
416.8         	2.761026e-17
416.85        	2.761041e-17
416.9         	2.761055e-17
416.95        	2.761069e-17
417           	2.761084e-17
417.05        	2.761098e-17
417.1         	2.761112e-17
417.15        	2.761127e-17
417.2         	2.761141e-17
417.25        	2.761155e-17
417.3         	2.761170e-17
417.35        	2.761184e-17
417.4         	2.761198e-17
417.45        	2.761213e-17
417.5         	2.761227e-17
417.55        	2.761241e-17
417.6         	2.761256e-17
417.65        	2.761270e-17
417.7         	2.761284e-17
417.75        	2.761299e-17
417.8         	2.761313e-17
417.85        	2.761327e-17
417.9         	2.761342e-17
417.95        	2.761356e-17
418           	2.761370e-17
418.05        	2.761384e-17
418.1         	2.761399e-17
418.15        	2.761413e-17
418.2         	2.761427e-17
418.25        	2.761442e-17
418.3         	2.761456e-17
418.35        	2.761470e-17
418.4         	2.761485e-17
418.45        	2.761499e-17
418.5         	2.761513e-17
418.55        	2.761527e-17
418.6         	2.761542e-17
418.65        	2.761556e-17
418.7         	2.761570e-17
418.75        	2.761584e-17
418.8         	2.761599e-17
418.85        	2.761613e-17
418.9         	2.761627e-17
418.95        	2.761641e-17
419           	2.761656e-17
419.05        	2.761670e-17
419.1         	2.761684e-17
419.15        	2.761698e-17
419.2         	2.761713e-17
419.25        	2.761727e-17
419.3         	2.761741e-17
419.35        	2.761755e-17
419.4         	2.761769e-17
419.45        	2.761784e-17
419.5         	2.761798e-17
419.55        	2.761812e-17
419.6         	2.761826e-17
419.65        	2.761840e-17
419.7         	2.761855e-17
419.75        	2.761869e-17
419.8         	2.761883e-17
419.85        	2.761897e-17
419.9         	2.761911e-17
419.95        	2.761926e-17
420           	2.761940e-17
420.05        	2.761954e-17
420.1         	2.761968e-17
420.15        	2.761982e-17
420.2         	2.761996e-17
420.25        	2.762011e-17
420.3         	2.762025e-17
420.35        	2.762039e-17
420.4         	2.762053e-17
420.45        	2.762067e-17
420.5         	2.762081e-17
420.55        	2.762096e-17
420.6         	2.762110e-17
420.65        	2.762124e-17
420.7         	2.762138e-17
420.75        	2.762152e-17
420.8         	2.762166e-17
420.85        	2.762180e-17
420.9         	2.762195e-17
420.95        	2.762209e-17
421           	2.762223e-17
421.05        	2.762237e-17
421.1         	2.762251e-17
421.15        	2.762265e-17
421.2         	2.762279e-17
421.25        	2.762293e-17
421.3         	2.762307e-17
421.35        	2.762322e-17
421.4         	2.762336e-17
421.45        	2.762350e-17
421.5         	2.762364e-17
421.55        	2.762378e-17
421.6         	2.762392e-17
421.65        	2.762406e-17
421.7         	2.762420e-17
421.75        	2.762434e-17
421.8         	2.762448e-17
421.85        	2.762462e-17
421.9         	2.762476e-17
421.95        	2.762490e-17
422           	2.762504e-17
422.05        	2.762518e-17
422.1         	2.762532e-17
422.15        	2.762547e-17
422.2         	2.762561e-17
422.25        	2.762575e-17
422.3         	2.762589e-17
422.35        	2.762603e-17
422.4         	2.762617e-17
422.45        	2.762631e-17
422.5         	2.762645e-17
422.55        	2.762659e-17
422.6         	2.762673e-17
422.65        	2.762687e-17
422.7         	2.762701e-17
422.75        	2.762715e-17
422.8         	2.762729e-17
422.85        	2.762742e-17
422.9         	2.762756e-17
422.95        	2.762770e-17
423           	2.762784e-17
423.05        	2.762798e-17
423.1         	2.762812e-17
423.15        	2.762826e-17
423.2         	2.762840e-17
423.25        	2.762854e-17
423.3         	2.762868e-17
423.35        	2.762882e-17
423.4         	2.762896e-17
423.45        	2.762910e-17
423.5         	2.762924e-17
423.55        	2.762938e-17
423.6         	2.762952e-17
423.65        	2.762966e-17
423.7         	2.762979e-17
423.75        	2.762993e-17
423.8         	2.763007e-17
423.85        	2.763021e-17
423.9         	2.763035e-17
423.95        	2.763049e-17
424           	2.763063e-17
424.05        	2.763077e-17
424.1         	2.763091e-17
424.15        	2.763105e-17
424.2         	2.763118e-17
424.25        	2.763132e-17
424.3         	2.763146e-17
424.35        	2.763160e-17
424.4         	2.763174e-17
424.45        	2.763188e-17
424.5         	2.763202e-17
424.55        	2.763215e-17
424.6         	2.763229e-17
424.65        	2.763243e-17
424.7         	2.763257e-17
424.75        	2.763271e-17
424.8         	2.763285e-17
424.85        	2.763298e-17
424.9         	2.763312e-17
424.95        	2.763326e-17
425           	2.763340e-17
425.05        	2.763354e-17
425.1         	2.763368e-17
425.15        	2.763381e-17
425.2         	2.763395e-17
425.25        	2.763409e-17
425.3         	2.763423e-17
425.35        	2.763437e-17
425.4         	2.763450e-17
425.45        	2.763464e-17
425.5         	2.763478e-17
425.55        	2.763492e-17
425.6         	2.763506e-17
425.65        	2.763519e-17
425.7         	2.763533e-17
425.75        	2.763547e-17
425.8         	2.763561e-17
425.85        	2.763574e-17
425.9         	2.763588e-17
425.95        	2.763602e-17
426           	2.763616e-17
426.05        	2.763629e-17
426.1         	2.763643e-17
426.15        	2.763657e-17
426.2         	2.763671e-17
426.25        	2.763684e-17
426.3         	2.763698e-17
426.35        	2.763712e-17
426.4         	2.763725e-17
426.45        	2.763739e-17
426.5         	2.763753e-17
426.55        	2.763767e-17
426.6         	2.763780e-17
426.65        	2.763794e-17
426.7         	2.763808e-17
426.75        	2.763821e-17
426.8         	2.763835e-17
426.85        	2.763849e-17
426.9         	2.763862e-17
426.95        	2.763876e-17
427           	2.763890e-17
427.05        	2.763904e-17
427.1         	2.763917e-17
427.15        	2.763931e-17
427.2         	2.763945e-17
427.25        	2.763958e-17
427.3         	2.763972e-17
427.35        	2.763986e-17
427.4         	2.763999e-17
427.45        	2.764013e-17
427.5         	2.764027e-17
427.55        	2.764040e-17
427.6         	2.764054e-17
427.65        	2.764067e-17
427.7         	2.764081e-17
427.75        	2.764095e-17
427.8         	2.764108e-17
427.85        	2.764122e-17
427.9         	2.764136e-17
427.95        	2.764149e-17
428           	2.764163e-17
428.05        	2.764176e-17
428.1         	2.764190e-17
428.15        	2.764204e-17
428.2         	2.764217e-17
428.25        	2.764231e-17
428.3         	2.764245e-17
428.35        	2.764258e-17
428.4         	2.764272e-17
428.45        	2.764285e-17
428.5         	2.764299e-17
428.55        	2.764313e-17
428.6         	2.764326e-17
428.65        	2.764340e-17
428.7         	2.764353e-17
428.75        	2.764367e-17
428.8         	2.764380e-17
428.85        	2.764394e-17
428.9         	2.764408e-17
428.95        	2.764421e-17
429           	2.764435e-17
429.05        	2.764448e-17
429.1         	2.764462e-17
429.15        	2.764475e-17
429.2         	2.764489e-17
429.25        	2.764502e-17
429.3         	2.764516e-17
429.35        	2.764530e-17
429.4         	2.764543e-17
429.45        	2.764557e-17
429.5         	2.764570e-17
429.55        	2.764584e-17
429.6         	2.764597e-17
429.65        	2.764611e-17
429.7         	2.764624e-17
429.75        	2.764638e-17
429.8         	2.764651e-17
429.85        	2.764665e-17
429.9         	2.764678e-17
429.95        	2.764692e-17
430           	2.764705e-17
430.05        	2.764719e-17
430.1         	2.764732e-17
430.15        	2.764746e-17
430.2         	2.764759e-17
430.25        	2.764773e-17
430.3         	2.764786e-17
430.35        	2.764800e-17
430.4         	2.764813e-17
430.45        	2.764827e-17
430.5         	2.764840e-17
430.55        	2.764854e-17
430.6         	2.764867e-17
430.65        	2.764881e-17
430.7         	2.764894e-17
430.75        	2.764907e-17
430.8         	2.764921e-17
430.85        	2.764934e-17
430.9         	2.764948e-17
430.95        	2.764961e-17
431           	2.764975e-17
431.05        	2.764988e-17
431.1         	2.765002e-17
431.15        	2.765015e-17
431.2         	2.765028e-17
431.25        	2.765042e-17
431.3         	2.765055e-17
431.35        	2.765069e-17
431.4         	2.765082e-17
431.45        	2.765095e-17
431.5         	2.765109e-17
431.55        	2.765122e-17
431.6         	2.765136e-17
431.65        	2.765149e-17
431.7         	2.765162e-17
431.75        	2.765176e-17
431.8         	2.765189e-17
431.85        	2.765203e-17
431.9         	2.765216e-17
431.95        	2.765229e-17
432           	2.765243e-17
432.05        	2.765256e-17
432.1         	2.765270e-17
432.15        	2.765283e-17
432.2         	2.765296e-17
432.25        	2.765310e-17
432.3         	2.765323e-17
432.35        	2.765336e-17
432.4         	2.765350e-17
432.45        	2.765363e-17
432.5         	2.765376e-17
432.55        	2.765390e-17
432.6         	2.765403e-17
432.65        	2.765416e-17
432.7         	2.765430e-17
432.75        	2.765443e-17
432.8         	2.765457e-17
432.85        	2.765470e-17
432.9         	2.765483e-17
432.95        	2.765496e-17
433           	2.765510e-17
433.05        	2.765523e-17
433.1         	2.765536e-17
433.15        	2.765550e-17
433.2         	2.765563e-17
433.25        	2.765576e-17
433.3         	2.765590e-17
433.35        	2.765603e-17
433.4         	2.765616e-17
433.45        	2.765630e-17
433.5         	2.765643e-17
433.55        	2.765656e-17
433.6         	2.765669e-17
433.65        	2.765683e-17
433.7         	2.765696e-17
433.75        	2.765709e-17
433.8         	2.765723e-17
433.85        	2.765736e-17
433.9         	2.765749e-17
433.95        	2.765762e-17
434           	2.765776e-17
434.05        	2.765789e-17
434.1         	2.765802e-17
434.15        	2.765815e-17
434.2         	2.765829e-17
434.25        	2.765842e-17
434.3         	2.765855e-17
434.35        	2.765868e-17
434.4         	2.765882e-17
434.45        	2.765895e-17
434.5         	2.765908e-17
434.55        	2.765921e-17
434.6         	2.765934e-17
434.65        	2.765948e-17
434.7         	2.765961e-17
434.75        	2.765974e-17
434.8         	2.765987e-17
434.85        	2.766001e-17
434.9         	2.766014e-17
434.95        	2.766027e-17
435           	2.766040e-17
435.05        	2.766053e-17
435.1         	2.766067e-17
435.15        	2.766080e-17
435.2         	2.766093e-17
435.25        	2.766106e-17
435.3         	2.766119e-17
435.35        	2.766132e-17
435.4         	2.766146e-17
435.45        	2.766159e-17
435.5         	2.766172e-17
435.55        	2.766185e-17
435.6         	2.766198e-17
435.65        	2.766211e-17
435.7         	2.766225e-17
435.75        	2.766238e-17
435.8         	2.766251e-17
435.85        	2.766264e-17
435.9         	2.766277e-17
435.95        	2.766290e-17
436           	2.766303e-17
436.05        	2.766317e-17
436.1         	2.766330e-17
436.15        	2.766343e-17
436.2         	2.766356e-17
436.25        	2.766369e-17
436.3         	2.766382e-17
436.35        	2.766395e-17
436.4         	2.766408e-17
436.45        	2.766422e-17
436.5         	2.766435e-17
436.55        	2.766448e-17
436.6         	2.766461e-17
436.65        	2.766474e-17
436.7         	2.766487e-17
436.75        	2.766500e-17
436.8         	2.766513e-17
436.85        	2.766526e-17
436.9         	2.766539e-17
436.95        	2.766553e-17
437           	2.766566e-17
437.05        	2.766579e-17
437.1         	2.766592e-17
437.15        	2.766605e-17
437.2         	2.766618e-17
437.25        	2.766631e-17
437.3         	2.766644e-17
437.35        	2.766657e-17
437.4         	2.766670e-17
437.45        	2.766683e-17
437.5         	2.766696e-17
437.55        	2.766709e-17
437.6         	2.766722e-17
437.65        	2.766735e-17
437.7         	2.766748e-17
437.75        	2.766761e-17
437.8         	2.766774e-17
437.85        	2.766787e-17
437.9         	2.766800e-17
437.95        	2.766813e-17
438           	2.766826e-17
438.05        	2.766839e-17
438.1         	2.766853e-17
438.15        	2.766866e-17
438.2         	2.766879e-17
438.25        	2.766892e-17
438.3         	2.766905e-17
438.35        	2.766918e-17
438.4         	2.766930e-17
438.45        	2.766943e-17
438.5         	2.766956e-17
438.55        	2.766969e-17
438.6         	2.766982e-17
438.65        	2.766995e-17
438.7         	2.767008e-17
438.75        	2.767021e-17
438.8         	2.767034e-17
438.85        	2.767047e-17
438.9         	2.767060e-17
438.95        	2.767073e-17
439           	2.767086e-17
439.05        	2.767099e-17
439.1         	2.767112e-17
439.15        	2.767125e-17
439.2         	2.767138e-17
439.25        	2.767151e-17
439.3         	2.767164e-17
439.35        	2.767177e-17
439.4         	2.767190e-17
439.45        	2.767203e-17
439.5         	2.767216e-17
439.55        	2.767228e-17
439.6         	2.767241e-17
439.65        	2.767254e-17
439.7         	2.767267e-17
439.75        	2.767280e-17
439.8         	2.767293e-17
439.85        	2.767306e-17
439.9         	2.767319e-17
439.95        	2.767332e-17
440           	2.767345e-17
440.05        	2.767358e-17
440.1         	2.767370e-17
440.15        	2.767383e-17
440.2         	2.767396e-17
440.25        	2.767409e-17
440.3         	2.767422e-17
440.35        	2.767435e-17
440.4         	2.767448e-17
440.45        	2.767461e-17
440.5         	2.767473e-17
440.55        	2.767486e-17
440.6         	2.767499e-17
440.65        	2.767512e-17
440.7         	2.767525e-17
440.75        	2.767538e-17
440.8         	2.767551e-17
440.85        	2.767563e-17
440.9         	2.767576e-17
440.95        	2.767589e-17
441           	2.767602e-17
441.05        	2.767615e-17
441.1         	2.767628e-17
441.15        	2.767640e-17
441.2         	2.767653e-17
441.25        	2.767666e-17
441.3         	2.767679e-17
441.35        	2.767692e-17
441.4         	2.767704e-17
441.45        	2.767717e-17
441.5         	2.767730e-17
441.55        	2.767743e-17
441.6         	2.767756e-17
441.65        	2.767768e-17
441.7         	2.767781e-17
441.75        	2.767794e-17
441.8         	2.767807e-17
441.85        	2.767820e-17
441.9         	2.767832e-17
441.95        	2.767845e-17
442           	2.767858e-17
442.05        	2.767871e-17
442.1         	2.767884e-17
442.15        	2.767896e-17
442.2         	2.767909e-17
442.25        	2.767922e-17
442.3         	2.767935e-17
442.35        	2.767947e-17
442.4         	2.767960e-17
442.45        	2.767973e-17
442.5         	2.767986e-17
442.55        	2.767998e-17
442.6         	2.768011e-17
442.65        	2.768024e-17
442.7         	2.768037e-17
442.75        	2.768049e-17
442.8         	2.768062e-17
442.85        	2.768075e-17
442.9         	2.768087e-17
442.95        	2.768100e-17
443           	2.768113e-17
443.05        	2.768126e-17
443.1         	2.768138e-17
443.15        	2.768151e-17
443.2         	2.768164e-17
443.25        	2.768176e-17
443.3         	2.768189e-17
443.35        	2.768202e-17
443.4         	2.768214e-17
443.45        	2.768227e-17
443.5         	2.768240e-17
443.55        	2.768253e-17
443.6         	2.768265e-17
443.65        	2.768278e-17
443.7         	2.768291e-17
443.75        	2.768303e-17
443.8         	2.768316e-17
443.85        	2.768329e-17
443.9         	2.768341e-17
443.95        	2.768354e-17
444           	2.768367e-17
444.05        	2.768379e-17
444.1         	2.768392e-17
444.15        	2.768405e-17
444.2         	2.768417e-17
444.25        	2.768430e-17
444.3         	2.768442e-17
444.35        	2.768455e-17
444.4         	2.768468e-17
444.45        	2.768480e-17
444.5         	2.768493e-17
444.55        	2.768506e-17
444.6         	2.768518e-17
444.65        	2.768531e-17
444.7         	2.768543e-17
444.75        	2.768556e-17
444.8         	2.768569e-17
444.85        	2.768581e-17
444.9         	2.768594e-17
444.95        	2.768607e-17
445           	2.768619e-17
445.05        	2.768632e-17
445.1         	2.768644e-17
445.15        	2.768657e-17
445.2         	2.768670e-17
445.25        	2.768682e-17
445.3         	2.768695e-17
445.35        	2.768707e-17
445.4         	2.768720e-17
445.45        	2.768732e-17
445.5         	2.768745e-17
445.55        	2.768758e-17
445.6         	2.768770e-17
445.65        	2.768783e-17
445.7         	2.768795e-17
445.75        	2.768808e-17
445.8         	2.768820e-17
445.85        	2.768833e-17
445.9         	2.768845e-17
445.95        	2.768858e-17
446           	2.768871e-17
446.05        	2.768883e-17
446.1         	2.768896e-17
446.15        	2.768908e-17
446.2         	2.768921e-17
446.25        	2.768933e-17
446.3         	2.768946e-17
446.35        	2.768958e-17
446.4         	2.768971e-17
446.45        	2.768983e-17
446.5         	2.768996e-17
446.55        	2.769008e-17
446.6         	2.769021e-17
446.65        	2.769033e-17
446.7         	2.769046e-17
446.75        	2.769058e-17
446.8         	2.769071e-17
446.85        	2.769083e-17
446.9         	2.769096e-17
446.95        	2.769108e-17
447           	2.769121e-17
447.05        	2.769133e-17
447.1         	2.769146e-17
447.15        	2.769158e-17
447.2         	2.769171e-17
447.25        	2.769183e-17
447.3         	2.769196e-17
447.35        	2.769208e-17
447.4         	2.769221e-17
447.45        	2.769233e-17
447.5         	2.769246e-17
447.55        	2.769258e-17
447.6         	2.769270e-17
447.65        	2.769283e-17
447.7         	2.769295e-17
447.75        	2.769308e-17
447.8         	2.769320e-17
447.85        	2.769333e-17
447.9         	2.769345e-17
447.95        	2.769357e-17
448           	2.769370e-17
448.05        	2.769382e-17
448.1         	2.769395e-17
448.15        	2.769407e-17
448.2         	2.769420e-17
448.25        	2.769432e-17
448.3         	2.769444e-17
448.35        	2.769457e-17
448.4         	2.769469e-17
448.45        	2.769482e-17
448.5         	2.769494e-17
448.55        	2.769506e-17
448.6         	2.769519e-17
448.65        	2.769531e-17
448.7         	2.769544e-17
448.75        	2.769556e-17
448.8         	2.769568e-17
448.85        	2.769581e-17
448.9         	2.769593e-17
448.95        	2.769606e-17
449           	2.769618e-17
449.05        	2.769630e-17
449.1         	2.769643e-17
449.15        	2.769655e-17
449.2         	2.769667e-17
449.25        	2.769680e-17
449.3         	2.769692e-17
449.35        	2.769704e-17
449.4         	2.769717e-17
449.45        	2.769729e-17
449.5         	2.769741e-17
449.55        	2.769754e-17
449.6         	2.769766e-17
449.65        	2.769778e-17
449.7         	2.769791e-17
449.75        	2.769803e-17
449.8         	2.769815e-17
449.85        	2.769828e-17
449.9         	2.769840e-17
449.95        	2.769852e-17
450           	2.769865e-17
450.05        	2.769877e-17
450.1         	2.769889e-17
450.15        	2.769902e-17
450.2         	2.769914e-17
450.25        	2.769926e-17
450.3         	2.769939e-17
450.35        	2.769951e-17
450.4         	2.769963e-17
450.45        	2.769975e-17
450.5         	2.769988e-17
450.55        	2.770000e-17
450.6         	2.770012e-17
450.65        	2.770025e-17
450.7         	2.770037e-17
450.75        	2.770049e-17
450.8         	2.770061e-17
450.85        	2.770074e-17
450.9         	2.770086e-17
450.95        	2.770098e-17
451           	2.770110e-17
451.05        	2.770123e-17
451.1         	2.770135e-17
451.15        	2.770147e-17
451.2         	2.770159e-17
451.25        	2.770172e-17
451.3         	2.770184e-17
451.35        	2.770196e-17
451.4         	2.770208e-17
451.45        	2.770221e-17
451.5         	2.770233e-17
451.55        	2.770245e-17
451.6         	2.770257e-17
451.65        	2.770270e-17
451.7         	2.770282e-17
451.75        	2.770294e-17
451.8         	2.770306e-17
451.85        	2.770318e-17
451.9         	2.770331e-17
451.95        	2.770343e-17
452           	2.770355e-17
452.05        	2.770367e-17
452.1         	2.770379e-17
452.15        	2.770392e-17
452.2         	2.770404e-17
452.25        	2.770416e-17
452.3         	2.770428e-17
452.35        	2.770440e-17
452.4         	2.770453e-17
452.45        	2.770465e-17
452.5         	2.770477e-17
452.55        	2.770489e-17
452.6         	2.770501e-17
452.65        	2.770513e-17
452.7         	2.770526e-17
452.75        	2.770538e-17
452.8         	2.770550e-17
452.85        	2.770562e-17
452.9         	2.770574e-17
452.95        	2.770586e-17
453           	2.770598e-17
453.05        	2.770611e-17
453.1         	2.770623e-17
453.15        	2.770635e-17
453.2         	2.770647e-17
453.25        	2.770659e-17
453.3         	2.770671e-17
453.35        	2.770683e-17
453.4         	2.770696e-17
453.45        	2.770708e-17
453.5         	2.770720e-17
453.55        	2.770732e-17
453.6         	2.770744e-17
453.65        	2.770756e-17
453.7         	2.770768e-17
453.75        	2.770780e-17
453.8         	2.770792e-17
453.85        	2.770805e-17
453.9         	2.770817e-17
453.95        	2.770829e-17
454           	2.770841e-17
454.05        	2.770853e-17
454.1         	2.770865e-17
454.15        	2.770877e-17
454.2         	2.770889e-17
454.25        	2.770901e-17
454.3         	2.770913e-17
454.35        	2.770925e-17
454.4         	2.770937e-17
454.45        	2.770949e-17
454.5         	2.770962e-17
454.55        	2.770974e-17
454.6         	2.770986e-17
454.65        	2.770998e-17
454.7         	2.771010e-17
454.75        	2.771022e-17
454.8         	2.771034e-17
454.85        	2.771046e-17
454.9         	2.771058e-17
454.95        	2.771070e-17
455           	2.771082e-17
455.05        	2.771094e-17
455.1         	2.771106e-17
455.15        	2.771118e-17
455.2         	2.771130e-17
455.25        	2.771142e-17
455.3         	2.771154e-17
455.35        	2.771166e-17
455.4         	2.771178e-17
455.45        	2.771190e-17
455.5         	2.771202e-17
455.55        	2.771214e-17
455.6         	2.771226e-17
455.65        	2.771238e-17
455.7         	2.771250e-17
455.75        	2.771262e-17
455.8         	2.771274e-17
455.85        	2.771286e-17
455.9         	2.771298e-17
455.95        	2.771310e-17
456           	2.771322e-17
456.05        	2.771334e-17
456.1         	2.771346e-17
456.15        	2.771358e-17
456.2         	2.771370e-17
456.25        	2.771382e-17
456.3         	2.771394e-17
456.35        	2.771406e-17
456.4         	2.771418e-17
456.45        	2.771430e-17
456.5         	2.771442e-17
456.55        	2.771454e-17
456.6         	2.771466e-17
456.65        	2.771478e-17
456.7         	2.771490e-17
456.75        	2.771501e-17
456.8         	2.771513e-17
456.85        	2.771525e-17
456.9         	2.771537e-17
456.95        	2.771549e-17
457           	2.771561e-17
457.05        	2.771573e-17
457.1         	2.771585e-17
457.15        	2.771597e-17
457.2         	2.771609e-17
457.25        	2.771621e-17
457.3         	2.771633e-17
457.35        	2.771645e-17
457.4         	2.771656e-17
457.45        	2.771668e-17
457.5         	2.771680e-17
457.55        	2.771692e-17
457.6         	2.771704e-17
457.65        	2.771716e-17
457.7         	2.771728e-17
457.75        	2.771740e-17
457.8         	2.771752e-17
457.85        	2.771763e-17
457.9         	2.771775e-17
457.95        	2.771787e-17
458           	2.771799e-17
458.05        	2.771811e-17
458.1         	2.771823e-17
458.15        	2.771835e-17
458.2         	2.771846e-17
458.25        	2.771858e-17
458.3         	2.771870e-17
458.35        	2.771882e-17
458.4         	2.771894e-17
458.45        	2.771906e-17
458.5         	2.771918e-17
458.55        	2.771929e-17
458.6         	2.771941e-17
458.65        	2.771953e-17
458.7         	2.771965e-17
458.75        	2.771977e-17
458.8         	2.771989e-17
458.85        	2.772000e-17
458.9         	2.772012e-17
458.95        	2.772024e-17
459           	2.772036e-17
459.05        	2.772048e-17
459.1         	2.772059e-17
459.15        	2.772071e-17
459.2         	2.772083e-17
459.25        	2.772095e-17
459.3         	2.772107e-17
459.35        	2.772119e-17
459.4         	2.772130e-17
459.45        	2.772142e-17
459.5         	2.772154e-17
459.55        	2.772166e-17
459.6         	2.772177e-17
459.65        	2.772189e-17
459.7         	2.772201e-17
459.75        	2.772213e-17
459.8         	2.772225e-17
459.85        	2.772236e-17
459.9         	2.772248e-17
459.95        	2.772260e-17
460           	2.772272e-17
460.05        	2.772283e-17
460.1         	2.772295e-17
460.15        	2.772307e-17
460.2         	2.772319e-17
460.25        	2.772330e-17
460.3         	2.772342e-17
460.35        	2.772354e-17
460.4         	2.772366e-17
460.45        	2.772377e-17
460.5         	2.772389e-17
460.55        	2.772401e-17
460.6         	2.772413e-17
460.65        	2.772424e-17
460.7         	2.772436e-17
460.75        	2.772448e-17
460.8         	2.772459e-17
460.85        	2.772471e-17
460.9         	2.772483e-17
460.95        	2.772495e-17
461           	2.772506e-17
461.05        	2.772518e-17
461.1         	2.772530e-17
461.15        	2.772541e-17
461.2         	2.772553e-17
461.25        	2.772565e-17
461.3         	2.772576e-17
461.35        	2.772588e-17
461.4         	2.772600e-17
461.45        	2.772612e-17
461.5         	2.772623e-17
461.55        	2.772635e-17
461.6         	2.772647e-17
461.65        	2.772658e-17
461.7         	2.772670e-17
461.75        	2.772682e-17
461.8         	2.772693e-17
461.85        	2.772705e-17
461.9         	2.772717e-17
461.95        	2.772728e-17
462           	2.772740e-17
462.05        	2.772752e-17
462.1         	2.772763e-17
462.15        	2.772775e-17
462.2         	2.772786e-17
462.25        	2.772798e-17
462.3         	2.772810e-17
462.35        	2.772821e-17
462.4         	2.772833e-17
462.45        	2.772845e-17
462.5         	2.772856e-17
462.55        	2.772868e-17
462.6         	2.772880e-17
462.65        	2.772891e-17
462.7         	2.772903e-17
462.75        	2.772914e-17
462.8         	2.772926e-17
462.85        	2.772938e-17
462.9         	2.772949e-17
462.95        	2.772961e-17
463           	2.772972e-17
463.05        	2.772984e-17
463.1         	2.772996e-17
463.15        	2.773007e-17
463.2         	2.773019e-17
463.25        	2.773030e-17
463.3         	2.773042e-17
463.35        	2.773054e-17
463.4         	2.773065e-17
463.45        	2.773077e-17
463.5         	2.773088e-17
463.55        	2.773100e-17
463.6         	2.773111e-17
463.65        	2.773123e-17
463.7         	2.773135e-17
463.75        	2.773146e-17
463.8         	2.773158e-17
463.85        	2.773169e-17
463.9         	2.773181e-17
463.95        	2.773192e-17
464           	2.773204e-17
464.05        	2.773215e-17
464.1         	2.773227e-17
464.15        	2.773238e-17
464.2         	2.773250e-17
464.25        	2.773262e-17
464.3         	2.773273e-17
464.35        	2.773285e-17
464.4         	2.773296e-17
464.45        	2.773308e-17
464.5         	2.773319e-17
464.55        	2.773331e-17
464.6         	2.773342e-17
464.65        	2.773354e-17
464.7         	2.773365e-17
464.75        	2.773377e-17
464.8         	2.773388e-17
464.85        	2.773400e-17
464.9         	2.773411e-17
464.95        	2.773423e-17
465           	2.773434e-17
465.05        	2.773446e-17
465.1         	2.773457e-17
465.15        	2.773469e-17
465.2         	2.773480e-17
465.25        	2.773492e-17
465.3         	2.773503e-17
465.35        	2.773515e-17
465.4         	2.773526e-17
465.45        	2.773538e-17
465.5         	2.773549e-17
465.55        	2.773561e-17
465.6         	2.773572e-17
465.65        	2.773583e-17
465.7         	2.773595e-17
465.75        	2.773606e-17
465.8         	2.773618e-17
465.85        	2.773629e-17
465.9         	2.773641e-17
465.95        	2.773652e-17
466           	2.773664e-17
466.05        	2.773675e-17
466.1         	2.773686e-17
466.15        	2.773698e-17
466.2         	2.773709e-17
466.25        	2.773721e-17
466.3         	2.773732e-17
466.35        	2.773744e-17
466.4         	2.773755e-17
466.45        	2.773766e-17
466.5         	2.773778e-17
466.55        	2.773789e-17
466.6         	2.773801e-17
466.65        	2.773812e-17
466.7         	2.773824e-17
466.75        	2.773835e-17
466.8         	2.773846e-17
466.85        	2.773858e-17
466.9         	2.773869e-17
466.95        	2.773880e-17
467           	2.773892e-17
467.05        	2.773903e-17
467.1         	2.773915e-17
467.15        	2.773926e-17
467.2         	2.773937e-17
467.25        	2.773949e-17
467.3         	2.773960e-17
467.35        	2.773972e-17
467.4         	2.773983e-17
467.45        	2.773994e-17
467.5         	2.774006e-17
467.55        	2.774017e-17
467.6         	2.774028e-17
467.65        	2.774040e-17
467.7         	2.774051e-17
467.75        	2.774062e-17
467.8         	2.774074e-17
467.85        	2.774085e-17
467.9         	2.774096e-17
467.95        	2.774108e-17
468           	2.774119e-17
468.05        	2.774130e-17
468.1         	2.774142e-17
468.15        	2.774153e-17
468.2         	2.774164e-17
468.25        	2.774176e-17
468.3         	2.774187e-17
468.35        	2.774198e-17
468.4         	2.774210e-17
468.45        	2.774221e-17
468.5         	2.774232e-17
468.55        	2.774244e-17
468.6         	2.774255e-17
468.65        	2.774266e-17
468.7         	2.774278e-17
468.75        	2.774289e-17
468.8         	2.774300e-17
468.85        	2.774311e-17
468.9         	2.774323e-17
468.95        	2.774334e-17
469           	2.774345e-17
469.05        	2.774357e-17
469.1         	2.774368e-17
469.15        	2.774379e-17
469.2         	2.774390e-17
469.25        	2.774402e-17
469.3         	2.774413e-17
469.35        	2.774424e-17
469.4         	2.774436e-17
469.45        	2.774447e-17
469.5         	2.774458e-17
469.55        	2.774469e-17
469.6         	2.774481e-17
469.65        	2.774492e-17
469.7         	2.774503e-17
469.75        	2.774514e-17
469.8         	2.774526e-17
469.85        	2.774537e-17
469.9         	2.774548e-17
469.95        	2.774559e-17
470           	2.774571e-17
470.05        	2.774582e-17
470.1         	2.774593e-17
470.15        	2.774604e-17
470.2         	2.774615e-17
470.25        	2.774627e-17
470.3         	2.774638e-17
470.35        	2.774649e-17
470.4         	2.774660e-17
470.45        	2.774671e-17
470.5         	2.774683e-17
470.55        	2.774694e-17
470.6         	2.774705e-17
470.65        	2.774716e-17
470.7         	2.774728e-17
470.75        	2.774739e-17
470.8         	2.774750e-17
470.85        	2.774761e-17
470.9         	2.774772e-17
470.95        	2.774783e-17
471           	2.774795e-17
471.05        	2.774806e-17
471.1         	2.774817e-17
471.15        	2.774828e-17
471.2         	2.774839e-17
471.25        	2.774851e-17
471.3         	2.774862e-17
471.35        	2.774873e-17
471.4         	2.774884e-17
471.45        	2.774895e-17
471.5         	2.774906e-17
471.55        	2.774917e-17
471.6         	2.774929e-17
471.65        	2.774940e-17
471.7         	2.774951e-17
471.75        	2.774962e-17
471.8         	2.774973e-17
471.85        	2.774984e-17
471.9         	2.774995e-17
471.95        	2.775007e-17
472           	2.775018e-17
472.05        	2.775029e-17
472.1         	2.775040e-17
472.15        	2.775051e-17
472.2         	2.775062e-17
472.25        	2.775073e-17
472.3         	2.775084e-17
472.35        	2.775096e-17
472.4         	2.775107e-17
472.45        	2.775118e-17
472.5         	2.775129e-17
472.55        	2.775140e-17
472.6         	2.775151e-17
472.65        	2.775162e-17
472.7         	2.775173e-17
472.75        	2.775184e-17
472.8         	2.775196e-17
472.85        	2.775207e-17
472.9         	2.775218e-17
472.95        	2.775229e-17
473           	2.775240e-17
473.05        	2.775251e-17
473.1         	2.775262e-17
473.15        	2.775273e-17
473.2         	2.775284e-17
473.25        	2.775295e-17
473.3         	2.775306e-17
473.35        	2.775317e-17
473.4         	2.775328e-17
473.45        	2.775339e-17
473.5         	2.775351e-17
473.55        	2.775362e-17
473.6         	2.775373e-17
473.65        	2.775384e-17
473.7         	2.775395e-17
473.75        	2.775406e-17
473.8         	2.775417e-17
473.85        	2.775428e-17
473.9         	2.775439e-17
473.95        	2.775450e-17
474           	2.775461e-17
474.05        	2.775472e-17
474.1         	2.775483e-17
474.15        	2.775494e-17
474.2         	2.775505e-17
474.25        	2.775516e-17
474.3         	2.775527e-17
474.35        	2.775538e-17
474.4         	2.775549e-17
474.45        	2.775560e-17
474.5         	2.775571e-17
474.55        	2.775582e-17
474.6         	2.775593e-17
474.65        	2.775604e-17
474.7         	2.775615e-17
474.75        	2.775626e-17
474.8         	2.775637e-17
474.85        	2.775648e-17
474.9         	2.775659e-17
474.95        	2.775670e-17
475           	2.775681e-17
475.05        	2.775692e-17
475.1         	2.775703e-17
475.15        	2.775714e-17
475.2         	2.775725e-17
475.25        	2.775736e-17
475.3         	2.775747e-17
475.35        	2.775758e-17
475.4         	2.775769e-17
475.45        	2.775780e-17
475.5         	2.775791e-17
475.55        	2.775802e-17
475.6         	2.775813e-17
475.65        	2.775824e-17
475.7         	2.775834e-17
475.75        	2.775845e-17
475.8         	2.775856e-17
475.85        	2.775867e-17
475.9         	2.775878e-17
475.95        	2.775889e-17
476           	2.775900e-17
476.05        	2.775911e-17
476.1         	2.775922e-17
476.15        	2.775933e-17
476.2         	2.775944e-17
476.25        	2.775955e-17
476.3         	2.775966e-17
476.35        	2.775977e-17
476.4         	2.775987e-17
476.45        	2.775998e-17
476.5         	2.776009e-17
476.55        	2.776020e-17
476.6         	2.776031e-17
476.65        	2.776042e-17
476.7         	2.776053e-17
476.75        	2.776064e-17
476.8         	2.776075e-17
476.85        	2.776085e-17
476.9         	2.776096e-17
476.95        	2.776107e-17
477           	2.776118e-17
477.05        	2.776129e-17
477.1         	2.776140e-17
477.15        	2.776151e-17
477.2         	2.776162e-17
477.25        	2.776172e-17
477.3         	2.776183e-17
477.35        	2.776194e-17
477.4         	2.776205e-17
477.45        	2.776216e-17
477.5         	2.776227e-17
477.55        	2.776238e-17
477.6         	2.776248e-17
477.65        	2.776259e-17
477.7         	2.776270e-17
477.75        	2.776281e-17
477.8         	2.776292e-17
477.85        	2.776303e-17
477.9         	2.776314e-17
477.95        	2.776324e-17
478           	2.776335e-17
478.05        	2.776346e-17
478.1         	2.776357e-17
478.15        	2.776368e-17
478.2         	2.776378e-17
478.25        	2.776389e-17
478.3         	2.776400e-17
478.35        	2.776411e-17
478.4         	2.776422e-17
478.45        	2.776433e-17
478.5         	2.776443e-17
478.55        	2.776454e-17
478.6         	2.776465e-17
478.65        	2.776476e-17
478.7         	2.776487e-17
478.75        	2.776497e-17
478.8         	2.776508e-17
478.85        	2.776519e-17
478.9         	2.776530e-17
478.95        	2.776540e-17
479           	2.776551e-17
479.05        	2.776562e-17
479.1         	2.776573e-17
479.15        	2.776584e-17
479.2         	2.776594e-17
479.25        	2.776605e-17
479.3         	2.776616e-17
479.35        	2.776627e-17
479.4         	2.776637e-17
479.45        	2.776648e-17
479.5         	2.776659e-17
479.55        	2.776670e-17
479.6         	2.776680e-17
479.65        	2.776691e-17
479.7         	2.776702e-17
479.75        	2.776713e-17
479.8         	2.776723e-17
479.85        	2.776734e-17
479.9         	2.776745e-17
479.95        	2.776756e-17
480           	2.776766e-17
480.05        	2.776777e-17
480.1         	2.776788e-17
480.15        	2.776799e-17
480.2         	2.776809e-17
480.25        	2.776820e-17
480.3         	2.776831e-17
480.35        	2.776841e-17
480.4         	2.776852e-17
480.45        	2.776863e-17
480.5         	2.776874e-17
480.55        	2.776884e-17
480.6         	2.776895e-17
480.65        	2.776906e-17
480.7         	2.776916e-17
480.75        	2.776927e-17
480.8         	2.776938e-17
480.85        	2.776948e-17
480.9         	2.776959e-17
480.95        	2.776970e-17
481           	2.776980e-17
481.05        	2.776991e-17
481.1         	2.777002e-17
481.15        	2.777012e-17
481.2         	2.777023e-17
481.25        	2.777034e-17
481.3         	2.777044e-17
481.35        	2.777055e-17
481.4         	2.777066e-17
481.45        	2.777076e-17
481.5         	2.777087e-17
481.55        	2.777098e-17
481.6         	2.777108e-17
481.65        	2.777119e-17
481.7         	2.777130e-17
481.75        	2.777140e-17
481.8         	2.777151e-17
481.85        	2.777162e-17
481.9         	2.777172e-17
481.95        	2.777183e-17
482           	2.777194e-17
482.05        	2.777204e-17
482.1         	2.777215e-17
482.15        	2.777225e-17
482.2         	2.777236e-17
482.25        	2.777247e-17
482.3         	2.777257e-17
482.35        	2.777268e-17
482.4         	2.777279e-17
482.45        	2.777289e-17
482.5         	2.777300e-17
482.55        	2.777310e-17
482.6         	2.777321e-17
482.65        	2.777332e-17
482.7         	2.777342e-17
482.75        	2.777353e-17
482.8         	2.777363e-17
482.85        	2.777374e-17
482.9         	2.777385e-17
482.95        	2.777395e-17
483           	2.777406e-17
483.05        	2.777416e-17
483.1         	2.777427e-17
483.15        	2.777437e-17
483.2         	2.777448e-17
483.25        	2.777459e-17
483.3         	2.777469e-17
483.35        	2.777480e-17
483.4         	2.777490e-17
483.45        	2.777501e-17
483.5         	2.777511e-17
483.55        	2.777522e-17
483.6         	2.777533e-17
483.65        	2.777543e-17
483.7         	2.777554e-17
483.75        	2.777564e-17
483.8         	2.777575e-17
483.85        	2.777585e-17
483.9         	2.777596e-17
483.95        	2.777606e-17
484           	2.777617e-17
484.05        	2.777627e-17
484.1         	2.777638e-17
484.15        	2.777649e-17
484.2         	2.777659e-17
484.25        	2.777670e-17
484.3         	2.777680e-17
484.35        	2.777691e-17
484.4         	2.777701e-17
484.45        	2.777712e-17
484.5         	2.777722e-17
484.55        	2.777733e-17
484.6         	2.777743e-17
484.65        	2.777754e-17
484.7         	2.777764e-17
484.75        	2.777775e-17
484.8         	2.777785e-17
484.85        	2.777796e-17
484.9         	2.777806e-17
484.95        	2.777817e-17
485           	2.777827e-17
485.05        	2.777838e-17
485.1         	2.777848e-17
485.15        	2.777859e-17
485.2         	2.777869e-17
485.25        	2.777880e-17
485.3         	2.777890e-17
485.35        	2.777900e-17
485.4         	2.777911e-17
485.45        	2.777921e-17
485.5         	2.777932e-17
485.55        	2.777942e-17
485.6         	2.777953e-17
485.65        	2.777963e-17
485.7         	2.777974e-17
485.75        	2.777984e-17
485.8         	2.777995e-17
485.85        	2.778005e-17
485.9         	2.778016e-17
485.95        	2.778026e-17
486           	2.778036e-17
486.05        	2.778047e-17
486.1         	2.778057e-17
486.15        	2.778068e-17
486.2         	2.778078e-17
486.25        	2.778089e-17
486.3         	2.778099e-17
486.35        	2.778109e-17
486.4         	2.778120e-17
486.45        	2.778130e-17
486.5         	2.778141e-17
486.55        	2.778151e-17
486.6         	2.778161e-17
486.65        	2.778172e-17
486.7         	2.778182e-17
486.75        	2.778193e-17
486.8         	2.778203e-17
486.85        	2.778214e-17
486.9         	2.778224e-17
486.95        	2.778234e-17
487           	2.778245e-17
487.05        	2.778255e-17
487.1         	2.778265e-17
487.15        	2.778276e-17
487.2         	2.778286e-17
487.25        	2.778297e-17
487.3         	2.778307e-17
487.35        	2.778317e-17
487.4         	2.778328e-17
487.45        	2.778338e-17
487.5         	2.778348e-17
487.55        	2.778359e-17
487.6         	2.778369e-17
487.65        	2.778380e-17
487.7         	2.778390e-17
487.75        	2.778400e-17
487.8         	2.778411e-17
487.85        	2.778421e-17
487.9         	2.778431e-17
487.95        	2.778442e-17
488           	2.778452e-17
488.05        	2.778462e-17
488.1         	2.778473e-17
488.15        	2.778483e-17
488.2         	2.778493e-17
488.25        	2.778504e-17
488.3         	2.778514e-17
488.35        	2.778524e-17
488.4         	2.778535e-17
488.45        	2.778545e-17
488.5         	2.778555e-17
488.55        	2.778566e-17
488.6         	2.778576e-17
488.65        	2.778586e-17
488.7         	2.778597e-17
488.75        	2.778607e-17
488.8         	2.778617e-17
488.85        	2.778628e-17
488.9         	2.778638e-17
488.95        	2.778648e-17
489           	2.778658e-17
489.05        	2.778669e-17
489.1         	2.778679e-17
489.15        	2.778689e-17
489.2         	2.778700e-17
489.25        	2.778710e-17
489.3         	2.778720e-17
489.35        	2.778730e-17
489.4         	2.778741e-17
489.45        	2.778751e-17
489.5         	2.778761e-17
489.55        	2.778772e-17
489.6         	2.778782e-17
489.65        	2.778792e-17
489.7         	2.778802e-17
489.75        	2.778813e-17
489.8         	2.778823e-17
489.85        	2.778833e-17
489.9         	2.778843e-17
489.95        	2.778854e-17
490           	2.778864e-17
490.05        	2.778874e-17
490.1         	2.778884e-17
490.15        	2.778895e-17
490.2         	2.778905e-17
490.25        	2.778915e-17
490.3         	2.778925e-17
490.35        	2.778936e-17
490.4         	2.778946e-17
490.45        	2.778956e-17
490.5         	2.778966e-17
490.55        	2.778977e-17
490.6         	2.778987e-17
490.65        	2.778997e-17
490.7         	2.779007e-17
490.75        	2.779017e-17
490.8         	2.779028e-17
490.85        	2.779038e-17
490.9         	2.779048e-17
490.95        	2.779058e-17
491           	2.779068e-17
491.05        	2.779079e-17
491.1         	2.779089e-17
491.15        	2.779099e-17
491.2         	2.779109e-17
491.25        	2.779119e-17
491.3         	2.779130e-17
491.35        	2.779140e-17
491.4         	2.779150e-17
491.45        	2.779160e-17
491.5         	2.779170e-17
491.55        	2.779181e-17
491.6         	2.779191e-17
491.65        	2.779201e-17
491.7         	2.779211e-17
491.75        	2.779221e-17
491.8         	2.779231e-17
491.85        	2.779242e-17
491.9         	2.779252e-17
491.95        	2.779262e-17
492           	2.779272e-17
492.05        	2.779282e-17
492.1         	2.779292e-17
492.15        	2.779302e-17
492.2         	2.779313e-17
492.25        	2.779323e-17
492.3         	2.779333e-17
492.35        	2.779343e-17
492.4         	2.779353e-17
492.45        	2.779363e-17
492.5         	2.779373e-17
492.55        	2.779384e-17
492.6         	2.779394e-17
492.65        	2.779404e-17
492.7         	2.779414e-17
492.75        	2.779424e-17
492.8         	2.779434e-17
492.85        	2.779444e-17
492.9         	2.779454e-17
492.95        	2.779465e-17
493           	2.779475e-17
493.05        	2.779485e-17
493.1         	2.779495e-17
493.15        	2.779505e-17
493.2         	2.779515e-17
493.25        	2.779525e-17
493.3         	2.779535e-17
493.35        	2.779545e-17
493.4         	2.779555e-17
493.45        	2.779566e-17
493.5         	2.779576e-17
493.55        	2.779586e-17
493.6         	2.779596e-17
493.65        	2.779606e-17
493.7         	2.779616e-17
493.75        	2.779626e-17
493.8         	2.779636e-17
493.85        	2.779646e-17
493.9         	2.779656e-17
493.95        	2.779666e-17
494           	2.779676e-17
494.05        	2.779686e-17
494.1         	2.779697e-17
494.15        	2.779707e-17
494.2         	2.779717e-17
494.25        	2.779727e-17
494.3         	2.779737e-17
494.35        	2.779747e-17
494.4         	2.779757e-17
494.45        	2.779767e-17
494.5         	2.779777e-17
494.55        	2.779787e-17
494.6         	2.779797e-17
494.65        	2.779807e-17
494.7         	2.779817e-17
494.75        	2.779827e-17
494.8         	2.779837e-17
494.85        	2.779847e-17
494.9         	2.779857e-17
494.95        	2.779867e-17
495           	2.779877e-17
495.05        	2.779887e-17
495.1         	2.779897e-17
495.15        	2.779907e-17
495.2         	2.779917e-17
495.25        	2.779927e-17
495.3         	2.779937e-17
495.35        	2.779947e-17
495.4         	2.779957e-17
495.45        	2.779967e-17
495.5         	2.779977e-17
495.55        	2.779987e-17
495.6         	2.779997e-17
495.65        	2.780007e-17
495.7         	2.780017e-17
495.75        	2.780027e-17
495.8         	2.780037e-17
495.85        	2.780047e-17
495.9         	2.780057e-17
495.95        	2.780067e-17
496           	2.780077e-17
496.05        	2.780087e-17
496.1         	2.780097e-17
496.15        	2.780107e-17
496.2         	2.780117e-17
496.25        	2.780127e-17
496.3         	2.780137e-17
496.35        	2.780147e-17
496.4         	2.780157e-17
496.45        	2.780167e-17
496.5         	2.780177e-17
496.55        	2.780187e-17
496.6         	2.780197e-17
496.65        	2.780207e-17
496.7         	2.780216e-17
496.75        	2.780226e-17
496.8         	2.780236e-17
496.85        	2.780246e-17
496.9         	2.780256e-17
496.95        	2.780266e-17
497           	2.780276e-17
497.05        	2.780286e-17
497.1         	2.780296e-17
497.15        	2.780306e-17
497.2         	2.780316e-17
497.25        	2.780326e-17
497.3         	2.780336e-17
497.35        	2.780346e-17
497.4         	2.780355e-17
497.45        	2.780365e-17
497.5         	2.780375e-17
497.55        	2.780385e-17
497.6         	2.780395e-17
497.65        	2.780405e-17
497.7         	2.780415e-17
497.75        	2.780425e-17
497.8         	2.780435e-17
497.85        	2.780445e-17
497.9         	2.780454e-17
497.95        	2.780464e-17
498           	2.780474e-17
498.05        	2.780484e-17
498.1         	2.780494e-17
498.15        	2.780504e-17
498.2         	2.780514e-17
498.25        	2.780524e-17
498.3         	2.780533e-17
498.35        	2.780543e-17
498.4         	2.780553e-17
498.45        	2.780563e-17
498.5         	2.780573e-17
498.55        	2.780583e-17
498.6         	2.780593e-17
498.65        	2.780602e-17
498.7         	2.780612e-17
498.75        	2.780622e-17
498.8         	2.780632e-17
498.85        	2.780642e-17
498.9         	2.780652e-17
498.95        	2.780661e-17
499           	2.780671e-17
499.05        	2.780681e-17
499.1         	2.780691e-17
499.15        	2.780701e-17
499.2         	2.780711e-17
499.25        	2.780720e-17
499.3         	2.780730e-17
499.35        	2.780740e-17
499.4         	2.780750e-17
499.45        	2.780760e-17
499.5         	2.780770e-17
499.55        	2.780779e-17
499.6         	2.780789e-17
499.65        	2.780799e-17
499.7         	2.780809e-17
499.75        	2.780819e-17
499.8         	2.780828e-17
499.85        	2.780838e-17
499.9         	2.780848e-17
499.95        	2.780858e-17
500           	2.780868e-17
500.05        	2.780877e-17
500.1         	2.780887e-17
500.15        	2.780897e-17
500.2         	2.780907e-17
500.25        	2.780917e-17
500.3         	2.780926e-17
500.35        	2.780936e-17
500.4         	2.780946e-17
500.45        	2.780956e-17
500.5         	2.780965e-17
500.55        	2.780975e-17
500.6         	2.780985e-17
500.65        	2.780995e-17
500.7         	2.781004e-17
500.75        	2.781014e-17
500.8         	2.781024e-17
500.85        	2.781034e-17
500.9         	2.781043e-17
500.95        	2.781053e-17
501           	2.781063e-17
501.05        	2.781073e-17
501.1         	2.781082e-17
501.15        	2.781092e-17
501.2         	2.781102e-17
501.25        	2.781112e-17
501.3         	2.781121e-17
501.35        	2.781131e-17
501.4         	2.781141e-17
501.45        	2.781151e-17
501.5         	2.781160e-17
501.55        	2.781170e-17
501.6         	2.781180e-17
501.65        	2.781189e-17
501.7         	2.781199e-17
501.75        	2.781209e-17
501.8         	2.781219e-17
501.85        	2.781228e-17
501.9         	2.781238e-17
501.95        	2.781248e-17
502           	2.781257e-17
502.05        	2.781267e-17
502.1         	2.781277e-17
502.15        	2.781287e-17
502.2         	2.781296e-17
502.25        	2.781306e-17
502.3         	2.781316e-17
502.35        	2.781325e-17
502.4         	2.781335e-17
502.45        	2.781345e-17
502.5         	2.781354e-17
502.55        	2.781364e-17
502.6         	2.781374e-17
502.65        	2.781383e-17
502.7         	2.781393e-17
502.75        	2.781403e-17
502.8         	2.781412e-17
502.85        	2.781422e-17
502.9         	2.781432e-17
502.95        	2.781441e-17
503           	2.781451e-17
503.05        	2.781461e-17
503.1         	2.781470e-17
503.15        	2.781480e-17
503.2         	2.781490e-17
503.25        	2.781499e-17
503.3         	2.781509e-17
503.35        	2.781519e-17
503.4         	2.781528e-17
503.45        	2.781538e-17
503.5         	2.781548e-17
503.55        	2.781557e-17
503.6         	2.781567e-17
503.65        	2.781576e-17
503.7         	2.781586e-17
503.75        	2.781596e-17
503.8         	2.781605e-17
503.85        	2.781615e-17
503.9         	2.781625e-17
503.95        	2.781634e-17
504           	2.781644e-17
504.05        	2.781653e-17
504.1         	2.781663e-17
504.15        	2.781673e-17
504.2         	2.781682e-17
504.25        	2.781692e-17
504.3         	2.781701e-17
504.35        	2.781711e-17
504.4         	2.781721e-17
504.45        	2.781730e-17
504.5         	2.781740e-17
504.55        	2.781749e-17
504.6         	2.781759e-17
504.65        	2.781769e-17
504.7         	2.781778e-17
504.75        	2.781788e-17
504.8         	2.781797e-17
504.85        	2.781807e-17
504.9         	2.781816e-17
504.95        	2.781826e-17
505           	2.781836e-17
505.05        	2.781845e-17
505.1         	2.781855e-17
505.15        	2.781864e-17
505.2         	2.781874e-17
505.25        	2.781883e-17
505.3         	2.781893e-17
505.35        	2.781903e-17
505.4         	2.781912e-17
505.45        	2.781922e-17
505.5         	2.781931e-17
505.55        	2.781941e-17
505.6         	2.781950e-17
505.65        	2.781960e-17
505.7         	2.781969e-17
505.75        	2.781979e-17
505.8         	2.781988e-17
505.85        	2.781998e-17
505.9         	2.782007e-17
505.95        	2.782017e-17
506           	2.782027e-17
506.05        	2.782036e-17
506.1         	2.782046e-17
506.15        	2.782055e-17
506.2         	2.782065e-17
506.25        	2.782074e-17
506.3         	2.782084e-17
506.35        	2.782093e-17
506.4         	2.782103e-17
506.45        	2.782112e-17
506.5         	2.782122e-17
506.55        	2.782131e-17
506.6         	2.782141e-17
506.65        	2.782150e-17
506.7         	2.782160e-17
506.75        	2.782169e-17
506.8         	2.782179e-17
506.85        	2.782188e-17
506.9         	2.782198e-17
506.95        	2.782207e-17
507           	2.782217e-17
507.05        	2.782226e-17
507.1         	2.782236e-17
507.15        	2.782245e-17
507.2         	2.782255e-17
507.25        	2.782264e-17
507.3         	2.782273e-17
507.35        	2.782283e-17
507.4         	2.782292e-17
507.45        	2.782302e-17
507.5         	2.782311e-17
507.55        	2.782321e-17
507.6         	2.782330e-17
507.65        	2.782340e-17
507.7         	2.782349e-17
507.75        	2.782359e-17
507.8         	2.782368e-17
507.85        	2.782378e-17
507.9         	2.782387e-17
507.95        	2.782396e-17
508           	2.782406e-17
508.05        	2.782415e-17
508.1         	2.782425e-17
508.15        	2.782434e-17
508.2         	2.782444e-17
508.25        	2.782453e-17
508.3         	2.782462e-17
508.35        	2.782472e-17
508.4         	2.782481e-17
508.45        	2.782491e-17
508.5         	2.782500e-17
508.55        	2.782510e-17
508.6         	2.782519e-17
508.65        	2.782528e-17
508.7         	2.782538e-17
508.75        	2.782547e-17
508.8         	2.782557e-17
508.85        	2.782566e-17
508.9         	2.782575e-17
508.95        	2.782585e-17
509           	2.782594e-17
509.05        	2.782604e-17
509.1         	2.782613e-17
509.15        	2.782622e-17
509.2         	2.782632e-17
509.25        	2.782641e-17
509.3         	2.782651e-17
509.35        	2.782660e-17
509.4         	2.782669e-17
509.45        	2.782679e-17
509.5         	2.782688e-17
509.55        	2.782697e-17
509.6         	2.782707e-17
509.65        	2.782716e-17
509.7         	2.782726e-17
509.75        	2.782735e-17
509.8         	2.782744e-17
509.85        	2.782754e-17
509.9         	2.782763e-17
509.95        	2.782772e-17
510           	2.782782e-17
510.05        	2.782791e-17
510.1         	2.782800e-17
510.15        	2.782810e-17
510.2         	2.782819e-17
510.25        	2.782828e-17
510.3         	2.782838e-17
510.35        	2.782847e-17
510.4         	2.782856e-17
510.45        	2.782866e-17
510.5         	2.782875e-17
510.55        	2.782884e-17
510.6         	2.782894e-17
510.65        	2.782903e-17
510.7         	2.782912e-17
510.75        	2.782922e-17
510.8         	2.782931e-17
510.85        	2.782940e-17
510.9         	2.782950e-17
510.95        	2.782959e-17
511           	2.782968e-17
511.05        	2.782978e-17
511.1         	2.782987e-17
511.15        	2.782996e-17
511.2         	2.783006e-17
511.25        	2.783015e-17
511.3         	2.783024e-17
511.35        	2.783033e-17
511.4         	2.783043e-17
511.45        	2.783052e-17
511.5         	2.783061e-17
511.55        	2.783071e-17
511.6         	2.783080e-17
511.65        	2.783089e-17
511.7         	2.783098e-17
511.75        	2.783108e-17
511.8         	2.783117e-17
511.85        	2.783126e-17
511.9         	2.783136e-17
511.95        	2.783145e-17
512           	2.783154e-17
512.05        	2.783163e-17
512.1         	2.783173e-17
512.15        	2.783182e-17
512.2         	2.783191e-17
512.25        	2.783200e-17
512.3         	2.783210e-17
512.35        	2.783219e-17
512.4         	2.783228e-17
512.45        	2.783237e-17
512.5         	2.783247e-17
512.55        	2.783256e-17
512.6         	2.783265e-17
512.65        	2.783274e-17
512.7         	2.783284e-17
512.75        	2.783293e-17
512.8         	2.783302e-17
512.85        	2.783311e-17
512.9         	2.783321e-17
512.95        	2.783330e-17
513           	2.783339e-17
513.05        	2.783348e-17
513.1         	2.783358e-17
513.15        	2.783367e-17
513.2         	2.783376e-17
513.25        	2.783385e-17
513.3         	2.783394e-17
513.35        	2.783404e-17
513.4         	2.783413e-17
513.45        	2.783422e-17
513.5         	2.783431e-17
513.55        	2.783440e-17
513.6         	2.783450e-17
513.65        	2.783459e-17
513.7         	2.783468e-17
513.75        	2.783477e-17
513.8         	2.783486e-17
513.85        	2.783496e-17
513.9         	2.783505e-17
513.95        	2.783514e-17
514           	2.783523e-17
514.05        	2.783532e-17
514.1         	2.783542e-17
514.15        	2.783551e-17
514.2         	2.783560e-17
514.25        	2.783569e-17
514.3         	2.783578e-17
514.35        	2.783587e-17
514.4         	2.783597e-17
514.45        	2.783606e-17
514.5         	2.783615e-17
514.55        	2.783624e-17
514.6         	2.783633e-17
514.65        	2.783642e-17
514.7         	2.783652e-17
514.75        	2.783661e-17
514.8         	2.783670e-17
514.85        	2.783679e-17
514.9         	2.783688e-17
514.95        	2.783697e-17
515           	2.783706e-17
515.05        	2.783716e-17
515.1         	2.783725e-17
515.15        	2.783734e-17
515.2         	2.783743e-17
515.25        	2.783752e-17
515.3         	2.783761e-17
515.35        	2.783770e-17
515.4         	2.783780e-17
515.45        	2.783789e-17
515.5         	2.783798e-17
515.55        	2.783807e-17
515.6         	2.783816e-17
515.65        	2.783825e-17
515.7         	2.783834e-17
515.75        	2.783843e-17
515.8         	2.783852e-17
515.85        	2.783862e-17
515.9         	2.783871e-17
515.95        	2.783880e-17
516           	2.783889e-17
516.05        	2.783898e-17
516.1         	2.783907e-17
516.15        	2.783916e-17
516.2         	2.783925e-17
516.25        	2.783934e-17
516.3         	2.783943e-17
516.35        	2.783953e-17
516.4         	2.783962e-17
516.45        	2.783971e-17
516.5         	2.783980e-17
516.55        	2.783989e-17
516.6         	2.783998e-17
516.65        	2.784007e-17
516.7         	2.784016e-17
516.75        	2.784025e-17
516.8         	2.784034e-17
516.85        	2.784043e-17
516.9         	2.784052e-17
516.95        	2.784061e-17
517           	2.784070e-17
517.05        	2.784080e-17
517.1         	2.784089e-17
517.15        	2.784098e-17
517.2         	2.784107e-17
517.25        	2.784116e-17
517.3         	2.784125e-17
517.35        	2.784134e-17
517.4         	2.784143e-17
517.45        	2.784152e-17
517.5         	2.784161e-17
517.55        	2.784170e-17
517.6         	2.784179e-17
517.65        	2.784188e-17
517.7         	2.784197e-17
517.75        	2.784206e-17
517.8         	2.784215e-17
517.85        	2.784224e-17
517.9         	2.784233e-17
517.95        	2.784242e-17
518           	2.784251e-17
518.05        	2.784260e-17
518.1         	2.784269e-17
518.15        	2.784278e-17
518.2         	2.784287e-17
518.25        	2.784296e-17
518.3         	2.784305e-17
518.35        	2.784314e-17
518.4         	2.784323e-17
518.45        	2.784332e-17
518.5         	2.784341e-17
518.55        	2.784350e-17
518.6         	2.784359e-17
518.65        	2.784368e-17
518.7         	2.784377e-17
518.75        	2.784386e-17
518.8         	2.784395e-17
518.85        	2.784404e-17
518.9         	2.784413e-17
518.95        	2.784422e-17
519           	2.784431e-17
519.05        	2.784440e-17
519.1         	2.784449e-17
519.15        	2.784458e-17
519.2         	2.784467e-17
519.25        	2.784476e-17
519.3         	2.784485e-17
519.35        	2.784494e-17
519.4         	2.784503e-17
519.45        	2.784512e-17
519.5         	2.784521e-17
519.55        	2.784530e-17
519.6         	2.784539e-17
519.65        	2.784548e-17
519.7         	2.784557e-17
519.75        	2.784566e-17
519.8         	2.784575e-17
519.85        	2.784583e-17
519.9         	2.784592e-17
519.95        	2.784601e-17
520           	2.784610e-17
520.05        	2.784619e-17
520.1         	2.784628e-17
520.15        	2.784637e-17
520.2         	2.784646e-17
520.25        	2.784655e-17
520.3         	2.784664e-17
520.35        	2.784673e-17
520.4         	2.784682e-17
520.45        	2.784691e-17
520.5         	2.784700e-17
520.55        	2.784708e-17
520.6         	2.784717e-17
520.65        	2.784726e-17
520.7         	2.784735e-17
520.75        	2.784744e-17
520.8         	2.784753e-17
520.85        	2.784762e-17
520.9         	2.784771e-17
520.95        	2.784780e-17
521           	2.784789e-17
521.05        	2.784797e-17
521.1         	2.784806e-17
521.15        	2.784815e-17
521.2         	2.784824e-17
521.25        	2.784833e-17
521.3         	2.784842e-17
521.35        	2.784851e-17
521.4         	2.784860e-17
521.45        	2.784869e-17
521.5         	2.784877e-17
521.55        	2.784886e-17
521.6         	2.784895e-17
521.65        	2.784904e-17
521.7         	2.784913e-17
521.75        	2.784922e-17
521.8         	2.784931e-17
521.85        	2.784939e-17
521.9         	2.784948e-17
521.95        	2.784957e-17
522           	2.784966e-17
522.05        	2.784975e-17
522.1         	2.784984e-17
522.15        	2.784993e-17
522.2         	2.785001e-17
522.25        	2.785010e-17
522.3         	2.785019e-17
522.35        	2.785028e-17
522.4         	2.785037e-17
522.45        	2.785046e-17
522.5         	2.785054e-17
522.55        	2.785063e-17
522.6         	2.785072e-17
522.65        	2.785081e-17
522.7         	2.785090e-17
522.75        	2.785099e-17
522.8         	2.785107e-17
522.85        	2.785116e-17
522.9         	2.785125e-17
522.95        	2.785134e-17
523           	2.785143e-17
523.05        	2.785152e-17
523.1         	2.785160e-17
523.15        	2.785169e-17
523.2         	2.785178e-17
523.25        	2.785187e-17
523.3         	2.785196e-17
523.35        	2.785204e-17
523.4         	2.785213e-17
523.45        	2.785222e-17
523.5         	2.785231e-17
523.55        	2.785240e-17
523.6         	2.785248e-17
523.65        	2.785257e-17
523.7         	2.785266e-17
523.75        	2.785275e-17
523.8         	2.785283e-17
523.85        	2.785292e-17
523.9         	2.785301e-17
523.95        	2.785310e-17
524           	2.785319e-17
524.05        	2.785327e-17
524.1         	2.785336e-17
524.15        	2.785345e-17
524.2         	2.785354e-17
524.25        	2.785362e-17
524.3         	2.785371e-17
524.35        	2.785380e-17
524.4         	2.785389e-17
524.45        	2.785397e-17
524.5         	2.785406e-17
524.55        	2.785415e-17
524.6         	2.785424e-17
524.65        	2.785432e-17
524.7         	2.785441e-17
524.75        	2.785450e-17
524.8         	2.785459e-17
524.85        	2.785467e-17
524.9         	2.785476e-17
524.95        	2.785485e-17
525           	2.785494e-17
525.05        	2.785502e-17
525.1         	2.785511e-17
525.15        	2.785520e-17
525.2         	2.785529e-17
525.25        	2.785537e-17
525.3         	2.785546e-17
525.35        	2.785555e-17
525.4         	2.785563e-17
525.45        	2.785572e-17
525.5         	2.785581e-17
525.55        	2.785590e-17
525.6         	2.785598e-17
525.65        	2.785607e-17
525.7         	2.785616e-17
525.75        	2.785624e-17
525.8         	2.785633e-17
525.85        	2.785642e-17
525.9         	2.785651e-17
525.95        	2.785659e-17
526           	2.785668e-17
526.05        	2.785677e-17
526.1         	2.785685e-17
526.15        	2.785694e-17
526.2         	2.785703e-17
526.25        	2.785711e-17
526.3         	2.785720e-17
526.35        	2.785729e-17
526.4         	2.785737e-17
526.45        	2.785746e-17
526.5         	2.785755e-17
526.55        	2.785763e-17
526.6         	2.785772e-17
526.65        	2.785781e-17
526.7         	2.785789e-17
526.75        	2.785798e-17
526.8         	2.785807e-17
526.85        	2.785815e-17
526.9         	2.785824e-17
526.95        	2.785833e-17
527           	2.785841e-17
527.05        	2.785850e-17
527.1         	2.785859e-17
527.15        	2.785867e-17
527.2         	2.785876e-17
527.25        	2.785885e-17
527.3         	2.785893e-17
527.35        	2.785902e-17
527.4         	2.785911e-17
527.45        	2.785919e-17
527.5         	2.785928e-17
527.55        	2.785936e-17
527.6         	2.785945e-17
527.65        	2.785954e-17
527.7         	2.785962e-17
527.75        	2.785971e-17
527.8         	2.785980e-17
527.85        	2.785988e-17
527.9         	2.785997e-17
527.95        	2.786005e-17
528           	2.786014e-17
528.05        	2.786023e-17
528.1         	2.786031e-17
528.15        	2.786040e-17
528.2         	2.786049e-17
528.25        	2.786057e-17
528.3         	2.786066e-17
528.35        	2.786074e-17
528.4         	2.786083e-17
528.45        	2.786092e-17
528.5         	2.786100e-17
528.55        	2.786109e-17
528.6         	2.786117e-17
528.65        	2.786126e-17
528.7         	2.786135e-17
528.75        	2.786143e-17
528.8         	2.786152e-17
528.85        	2.786160e-17
528.9         	2.786169e-17
528.95        	2.786177e-17
529           	2.786186e-17
529.05        	2.786195e-17
529.1         	2.786203e-17
529.15        	2.786212e-17
529.2         	2.786220e-17
529.25        	2.786229e-17
529.3         	2.786237e-17
529.35        	2.786246e-17
529.4         	2.786255e-17
529.45        	2.786263e-17
529.5         	2.786272e-17
529.55        	2.786280e-17
529.6         	2.786289e-17
529.65        	2.786297e-17
529.7         	2.786306e-17
529.75        	2.786314e-17
529.8         	2.786323e-17
529.85        	2.786332e-17
529.9         	2.786340e-17
529.95        	2.786349e-17
530           	2.786357e-17
530.05        	2.786366e-17
530.1         	2.786374e-17
530.15        	2.786383e-17
530.2         	2.786391e-17
530.25        	2.786400e-17
530.3         	2.786408e-17
530.35        	2.786417e-17
530.4         	2.786425e-17
530.45        	2.786434e-17
530.5         	2.786442e-17
530.55        	2.786451e-17
530.6         	2.786459e-17
530.65        	2.786468e-17
530.7         	2.786476e-17
530.75        	2.786485e-17
530.8         	2.786493e-17
530.85        	2.786502e-17
530.9         	2.786510e-17
530.95        	2.786519e-17
531           	2.786527e-17
531.05        	2.786536e-17
531.1         	2.786544e-17
531.15        	2.786553e-17
531.2         	2.786561e-17
531.25        	2.786570e-17
531.3         	2.786578e-17
531.35        	2.786587e-17
531.4         	2.786595e-17
531.45        	2.786604e-17
531.5         	2.786612e-17
531.55        	2.786621e-17
531.6         	2.786629e-17
531.65        	2.786638e-17
531.7         	2.786646e-17
531.75        	2.786655e-17
531.8         	2.786663e-17
531.85        	2.786672e-17
531.9         	2.786680e-17
531.95        	2.786689e-17
532           	2.786697e-17
532.05        	2.786705e-17
532.1         	2.786714e-17
532.15        	2.786722e-17
532.2         	2.786731e-17
532.25        	2.786739e-17
532.3         	2.786748e-17
532.35        	2.786756e-17
532.4         	2.786765e-17
532.45        	2.786773e-17
532.5         	2.786781e-17
532.55        	2.786790e-17
532.6         	2.786798e-17
532.65        	2.786807e-17
532.7         	2.786815e-17
532.75        	2.786824e-17
532.8         	2.786832e-17
532.85        	2.786841e-17
532.9         	2.786849e-17
532.95        	2.786857e-17
533           	2.786866e-17
533.05        	2.786874e-17
533.1         	2.786883e-17
533.15        	2.786891e-17
533.2         	2.786899e-17
533.25        	2.786908e-17
533.3         	2.786916e-17
533.35        	2.786925e-17
533.4         	2.786933e-17
533.45        	2.786941e-17
533.5         	2.786950e-17
533.55        	2.786958e-17
533.6         	2.786967e-17
533.65        	2.786975e-17
533.7         	2.786983e-17
533.75        	2.786992e-17
533.8         	2.787000e-17
533.85        	2.787009e-17
533.9         	2.787017e-17
533.95        	2.787025e-17
534           	2.787034e-17
534.05        	2.787042e-17
534.1         	2.787051e-17
534.15        	2.787059e-17
534.2         	2.787067e-17
534.25        	2.787076e-17
534.3         	2.787084e-17
534.35        	2.787092e-17
534.4         	2.787101e-17
534.45        	2.787109e-17
534.5         	2.787118e-17
534.55        	2.787126e-17
534.6         	2.787134e-17
534.65        	2.787143e-17
534.7         	2.787151e-17
534.75        	2.787159e-17
534.8         	2.787168e-17
534.85        	2.787176e-17
534.9         	2.787184e-17
534.95        	2.787193e-17
535           	2.787201e-17
535.05        	2.787209e-17
535.1         	2.787218e-17
535.15        	2.787226e-17
535.2         	2.787234e-17
535.25        	2.787243e-17
535.3         	2.787251e-17
535.35        	2.787259e-17
535.4         	2.787268e-17
535.45        	2.787276e-17
535.5         	2.787284e-17
535.55        	2.787293e-17
535.6         	2.787301e-17
535.65        	2.787309e-17
535.7         	2.787318e-17
535.75        	2.787326e-17
535.8         	2.787334e-17
535.85        	2.787343e-17
535.9         	2.787351e-17
535.95        	2.787359e-17
536           	2.787368e-17
536.05        	2.787376e-17
536.1         	2.787384e-17
536.15        	2.787392e-17
536.2         	2.787401e-17
536.25        	2.787409e-17
536.3         	2.787417e-17
536.35        	2.787426e-17
536.4         	2.787434e-17
536.45        	2.787442e-17
536.5         	2.787451e-17
536.55        	2.787459e-17
536.6         	2.787467e-17
536.65        	2.787475e-17
536.7         	2.787484e-17
536.75        	2.787492e-17
536.8         	2.787500e-17
536.85        	2.787508e-17
536.9         	2.787517e-17
536.95        	2.787525e-17
537           	2.787533e-17
537.05        	2.787542e-17
537.1         	2.787550e-17
537.15        	2.787558e-17
537.2         	2.787566e-17
537.25        	2.787575e-17
537.3         	2.787583e-17
537.35        	2.787591e-17
537.4         	2.787599e-17
537.45        	2.787608e-17
537.5         	2.787616e-17
537.55        	2.787624e-17
537.6         	2.787632e-17
537.65        	2.787641e-17
537.7         	2.787649e-17
537.75        	2.787657e-17
537.8         	2.787665e-17
537.85        	2.787674e-17
537.9         	2.787682e-17
537.95        	2.787690e-17
538           	2.787698e-17
538.05        	2.787706e-17
538.1         	2.787715e-17
538.15        	2.787723e-17
538.2         	2.787731e-17
538.25        	2.787739e-17
538.3         	2.787748e-17
538.35        	2.787756e-17
538.4         	2.787764e-17
538.45        	2.787772e-17
538.5         	2.787780e-17
538.55        	2.787789e-17
538.6         	2.787797e-17
538.65        	2.787805e-17
538.7         	2.787813e-17
538.75        	2.787821e-17
538.8         	2.787830e-17
538.85        	2.787838e-17
538.9         	2.787846e-17
538.95        	2.787854e-17
539           	2.787862e-17
539.05        	2.787871e-17
539.1         	2.787879e-17
539.15        	2.787887e-17
539.2         	2.787895e-17
539.25        	2.787903e-17
539.3         	2.787912e-17
539.35        	2.787920e-17
539.4         	2.787928e-17
539.45        	2.787936e-17
539.5         	2.787944e-17
539.55        	2.787952e-17
539.6         	2.787961e-17
539.65        	2.787969e-17
539.7         	2.787977e-17
539.75        	2.787985e-17
539.8         	2.787993e-17
539.85        	2.788001e-17
539.9         	2.788010e-17
539.95        	2.788018e-17
540           	2.788026e-17
540.05        	2.788034e-17
540.1         	2.788042e-17
540.15        	2.788050e-17
540.2         	2.788059e-17
540.25        	2.788067e-17
540.3         	2.788075e-17
540.35        	2.788083e-17
540.4         	2.788091e-17
540.45        	2.788099e-17
540.5         	2.788107e-17
540.55        	2.788116e-17
540.6         	2.788124e-17
540.65        	2.788132e-17
540.7         	2.788140e-17
540.75        	2.788148e-17
540.8         	2.788156e-17
540.85        	2.788164e-17
540.9         	2.788172e-17
540.95        	2.788181e-17
541           	2.788189e-17
541.05        	2.788197e-17
541.1         	2.788205e-17
541.15        	2.788213e-17
541.2         	2.788221e-17
541.25        	2.788229e-17
541.3         	2.788237e-17
541.35        	2.788245e-17
541.4         	2.788254e-17
541.45        	2.788262e-17
541.5         	2.788270e-17
541.55        	2.788278e-17
541.6         	2.788286e-17
541.65        	2.788294e-17
541.7         	2.788302e-17
541.75        	2.788310e-17
541.8         	2.788318e-17
541.85        	2.788326e-17
541.9         	2.788334e-17
541.95        	2.788343e-17
542           	2.788351e-17
542.05        	2.788359e-17
542.1         	2.788367e-17
542.15        	2.788375e-17
542.2         	2.788383e-17
542.25        	2.788391e-17
542.3         	2.788399e-17
542.35        	2.788407e-17
542.4         	2.788415e-17
542.45        	2.788423e-17
542.5         	2.788431e-17
542.55        	2.788439e-17
542.6         	2.788447e-17
542.65        	2.788456e-17
542.7         	2.788464e-17
542.75        	2.788472e-17
542.8         	2.788480e-17
542.85        	2.788488e-17
542.9         	2.788496e-17
542.95        	2.788504e-17
543           	2.788512e-17
543.05        	2.788520e-17
543.1         	2.788528e-17
543.15        	2.788536e-17
543.2         	2.788544e-17
543.25        	2.788552e-17
543.3         	2.788560e-17
543.35        	2.788568e-17
543.4         	2.788576e-17
543.45        	2.788584e-17
543.5         	2.788592e-17
543.55        	2.788600e-17
543.6         	2.788608e-17
543.65        	2.788616e-17
543.7         	2.788624e-17
543.75        	2.788632e-17
543.8         	2.788640e-17
543.85        	2.788648e-17
543.9         	2.788656e-17
543.95        	2.788664e-17
544           	2.788672e-17
544.05        	2.788680e-17
544.1         	2.788688e-17
544.15        	2.788696e-17
544.2         	2.788704e-17
544.25        	2.788712e-17
544.3         	2.788720e-17
544.35        	2.788728e-17
544.4         	2.788736e-17
544.45        	2.788744e-17
544.5         	2.788752e-17
544.55        	2.788760e-17
544.6         	2.788768e-17
544.65        	2.788776e-17
544.7         	2.788784e-17
544.75        	2.788792e-17
544.8         	2.788800e-17
544.85        	2.788808e-17
544.9         	2.788816e-17
544.95        	2.788824e-17
545           	2.788832e-17
545.05        	2.788840e-17
545.1         	2.788848e-17
545.15        	2.788856e-17
545.2         	2.788864e-17
545.25        	2.788872e-17
545.3         	2.788880e-17
545.35        	2.788888e-17
545.4         	2.788896e-17
545.45        	2.788904e-17
545.5         	2.788912e-17
545.55        	2.788920e-17
545.6         	2.788928e-17
545.65        	2.788936e-17
545.7         	2.788944e-17
545.75        	2.788952e-17
545.8         	2.788959e-17
545.85        	2.788967e-17
545.9         	2.788975e-17
545.95        	2.788983e-17
546           	2.788991e-17
546.05        	2.788999e-17
546.1         	2.789007e-17
546.15        	2.789015e-17
546.2         	2.789023e-17
546.25        	2.789031e-17
546.3         	2.789039e-17
546.35        	2.789047e-17
546.4         	2.789055e-17
546.45        	2.789063e-17
546.5         	2.789070e-17
546.55        	2.789078e-17
546.6         	2.789086e-17
546.65        	2.789094e-17
546.7         	2.789102e-17
546.75        	2.789110e-17
546.8         	2.789118e-17
546.85        	2.789126e-17
546.9         	2.789134e-17
546.95        	2.789142e-17
547           	2.789150e-17
547.05        	2.789157e-17
547.1         	2.789165e-17
547.15        	2.789173e-17
547.2         	2.789181e-17
547.25        	2.789189e-17
547.3         	2.789197e-17
547.35        	2.789205e-17
547.4         	2.789213e-17
547.45        	2.789221e-17
547.5         	2.789228e-17
547.55        	2.789236e-17
547.6         	2.789244e-17
547.65        	2.789252e-17
547.7         	2.789260e-17
547.75        	2.789268e-17
547.8         	2.789276e-17
547.85        	2.789284e-17
547.9         	2.789291e-17
547.95        	2.789299e-17
548           	2.789307e-17
548.05        	2.789315e-17
548.1         	2.789323e-17
548.15        	2.789331e-17
548.2         	2.789339e-17
548.25        	2.789346e-17
548.3         	2.789354e-17
548.35        	2.789362e-17
548.4         	2.789370e-17
548.45        	2.789378e-17
548.5         	2.789386e-17
548.55        	2.789394e-17
548.6         	2.789401e-17
548.65        	2.789409e-17
548.7         	2.789417e-17
548.75        	2.789425e-17
548.8         	2.789433e-17
548.85        	2.789441e-17
548.9         	2.789448e-17
548.95        	2.789456e-17
549           	2.789464e-17
549.05        	2.789472e-17
549.1         	2.789480e-17
549.15        	2.789488e-17
549.2         	2.789495e-17
549.25        	2.789503e-17
549.3         	2.789511e-17
549.35        	2.789519e-17
549.4         	2.789527e-17
549.45        	2.789534e-17
549.5         	2.789542e-17
549.55        	2.789550e-17
549.6         	2.789558e-17
549.65        	2.789566e-17
549.7         	2.789573e-17
549.75        	2.789581e-17
549.8         	2.789589e-17
549.85        	2.789597e-17
549.9         	2.789605e-17
549.95        	2.789612e-17
550           	2.789620e-17
550.05        	2.789628e-17
550.1         	2.789636e-17
550.15        	2.789644e-17
550.2         	2.789651e-17
550.25        	2.789659e-17
550.3         	2.789667e-17
550.35        	2.789675e-17
550.4         	2.789683e-17
550.45        	2.789690e-17
550.5         	2.789698e-17
550.55        	2.789706e-17
550.6         	2.789714e-17
550.65        	2.789721e-17
550.7         	2.789729e-17
550.75        	2.789737e-17
550.8         	2.789745e-17
550.85        	2.789752e-17
550.9         	2.789760e-17
550.95        	2.789768e-17
551           	2.789776e-17
551.05        	2.789783e-17
551.1         	2.789791e-17
551.15        	2.789799e-17
551.2         	2.789807e-17
551.25        	2.789814e-17
551.3         	2.789822e-17
551.35        	2.789830e-17
551.4         	2.789838e-17
551.45        	2.789845e-17
551.5         	2.789853e-17
551.55        	2.789861e-17
551.6         	2.789869e-17
551.65        	2.789876e-17
551.7         	2.789884e-17
551.75        	2.789892e-17
551.8         	2.789900e-17
551.85        	2.789907e-17
551.9         	2.789915e-17
551.95        	2.789923e-17
552           	2.789930e-17
552.05        	2.789938e-17
552.1         	2.789946e-17
552.15        	2.789954e-17
552.2         	2.789961e-17
552.25        	2.789969e-17
552.3         	2.789977e-17
552.35        	2.789984e-17
552.4         	2.789992e-17
552.45        	2.790000e-17
552.5         	2.790008e-17
552.55        	2.790015e-17
552.6         	2.790023e-17
552.65        	2.790031e-17
552.7         	2.790038e-17
552.75        	2.790046e-17
552.8         	2.790054e-17
552.85        	2.790061e-17
552.9         	2.790069e-17
552.95        	2.790077e-17
553           	2.790084e-17
553.05        	2.790092e-17
553.1         	2.790100e-17
553.15        	2.790108e-17
553.2         	2.790115e-17
553.25        	2.790123e-17
553.3         	2.790131e-17
553.35        	2.790138e-17
553.4         	2.790146e-17
553.45        	2.790154e-17
553.5         	2.790161e-17
553.55        	2.790169e-17
553.6         	2.790177e-17
553.65        	2.790184e-17
553.7         	2.790192e-17
553.75        	2.790200e-17
553.8         	2.790207e-17
553.85        	2.790215e-17
553.9         	2.790223e-17
553.95        	2.790230e-17
554           	2.790238e-17
554.05        	2.790245e-17
554.1         	2.790253e-17
554.15        	2.790261e-17
554.2         	2.790268e-17
554.25        	2.790276e-17
554.3         	2.790284e-17
554.35        	2.790291e-17
554.4         	2.790299e-17
554.45        	2.790307e-17
554.5         	2.790314e-17
554.55        	2.790322e-17
554.6         	2.790330e-17
554.65        	2.790337e-17
554.7         	2.790345e-17
554.75        	2.790352e-17
554.8         	2.790360e-17
554.85        	2.790368e-17
554.9         	2.790375e-17
554.95        	2.790383e-17
555           	2.790390e-17
555.05        	2.790398e-17
555.1         	2.790406e-17
555.15        	2.790413e-17
555.2         	2.790421e-17
555.25        	2.790429e-17
555.3         	2.790436e-17
555.35        	2.790444e-17
555.4         	2.790451e-17
555.45        	2.790459e-17
555.5         	2.790466e-17
555.55        	2.790474e-17
555.6         	2.790481e-17
555.65        	2.790489e-17
555.7         	2.790496e-17
555.75        	2.790504e-17
555.8         	2.790511e-17
555.85        	2.790519e-17
555.9         	2.790526e-17
555.95        	2.790534e-17
556           	2.790541e-17
556.05        	2.790549e-17
556.1         	2.790556e-17
556.15        	2.790564e-17
556.2         	2.790572e-17
556.25        	2.790579e-17
556.3         	2.790587e-17
556.35        	2.790594e-17
556.4         	2.790602e-17
556.45        	2.790609e-17
556.5         	2.790617e-17
556.55        	2.790624e-17
556.6         	2.790632e-17
556.65        	2.790639e-17
556.7         	2.790647e-17
556.75        	2.790654e-17
556.8         	2.790662e-17
556.85        	2.790669e-17
556.9         	2.790677e-17
556.95        	2.790685e-17
557           	2.790692e-17
557.05        	2.790700e-17
557.1         	2.790707e-17
557.15        	2.790715e-17
557.2         	2.790722e-17
557.25        	2.790730e-17
557.3         	2.790737e-17
557.35        	2.790745e-17
557.4         	2.790752e-17
557.45        	2.790760e-17
557.5         	2.790767e-17
557.55        	2.790775e-17
557.6         	2.790782e-17
557.65        	2.790790e-17
557.7         	2.790797e-17
557.75        	2.790805e-17
557.8         	2.790812e-17
557.85        	2.790820e-17
557.9         	2.790827e-17
557.95        	2.790835e-17
558           	2.790842e-17
558.05        	2.790850e-17
558.1         	2.790857e-17
558.15        	2.790865e-17
558.2         	2.790872e-17
558.25        	2.790880e-17
558.3         	2.790887e-17
558.35        	2.790894e-17
558.4         	2.790902e-17
558.45        	2.790909e-17
558.5         	2.790917e-17
558.55        	2.790924e-17
558.6         	2.790932e-17
558.65        	2.790939e-17
558.7         	2.790947e-17
558.75        	2.790954e-17
558.8         	2.790961e-17
558.85        	2.790969e-17
558.9         	2.790976e-17
558.95        	2.790984e-17
559           	2.790991e-17
559.05        	2.790999e-17
559.1         	2.791006e-17
559.15        	2.791014e-17
559.2         	2.791021e-17
559.25        	2.791028e-17
559.3         	2.791036e-17
559.35        	2.791043e-17
559.4         	2.791051e-17
559.45        	2.791058e-17
559.5         	2.791066e-17
559.55        	2.791073e-17
559.6         	2.791080e-17
559.65        	2.791088e-17
559.7         	2.791095e-17
559.75        	2.791103e-17
559.8         	2.791110e-17
559.85        	2.791117e-17
559.9         	2.791125e-17
559.95        	2.791132e-17
560           	2.791140e-17
560.05        	2.791147e-17
560.1         	2.791155e-17
560.15        	2.791162e-17
560.2         	2.791169e-17
560.25        	2.791177e-17
560.3         	2.791184e-17
560.35        	2.791191e-17
560.4         	2.791199e-17
560.45        	2.791206e-17
560.5         	2.791214e-17
560.55        	2.791221e-17
560.6         	2.791228e-17
560.65        	2.791236e-17
560.7         	2.791243e-17
560.75        	2.791250e-17
560.8         	2.791258e-17
560.85        	2.791265e-17
560.9         	2.791272e-17
560.95        	2.791280e-17
561           	2.791287e-17
561.05        	2.791294e-17
561.1         	2.791302e-17
561.15        	2.791309e-17
561.2         	2.791316e-17
561.25        	2.791324e-17
561.3         	2.791331e-17
561.35        	2.791339e-17
561.4         	2.791346e-17
561.45        	2.791353e-17
561.5         	2.791361e-17
561.55        	2.791368e-17
561.6         	2.791375e-17
561.65        	2.791383e-17
561.7         	2.791390e-17
561.75        	2.791397e-17
561.8         	2.791404e-17
561.85        	2.791412e-17
561.9         	2.791419e-17
561.95        	2.791426e-17
562           	2.791434e-17
562.05        	2.791441e-17
562.1         	2.791448e-17
562.15        	2.791456e-17
562.2         	2.791463e-17
562.25        	2.791470e-17
562.3         	2.791478e-17
562.35        	2.791485e-17
562.4         	2.791492e-17
562.45        	2.791500e-17
562.5         	2.791507e-17
562.55        	2.791514e-17
562.6         	2.791522e-17
562.65        	2.791529e-17
562.7         	2.791536e-17
562.75        	2.791543e-17
562.8         	2.791551e-17
562.85        	2.791558e-17
562.9         	2.791565e-17
562.95        	2.791573e-17
563           	2.791580e-17
563.05        	2.791587e-17
563.1         	2.791594e-17
563.15        	2.791602e-17
563.2         	2.791609e-17
563.25        	2.791616e-17
563.3         	2.791623e-17
563.35        	2.791631e-17
563.4         	2.791638e-17
563.45        	2.791645e-17
563.5         	2.791653e-17
563.55        	2.791660e-17
563.6         	2.791667e-17
563.65        	2.791674e-17
563.7         	2.791682e-17
563.75        	2.791689e-17
563.8         	2.791696e-17
563.85        	2.791704e-17
563.9         	2.791711e-17
563.95        	2.791718e-17
564           	2.791725e-17
564.05        	2.791732e-17
564.1         	2.791740e-17
564.15        	2.791747e-17
564.2         	2.791754e-17
564.25        	2.791761e-17
564.3         	2.791769e-17
564.35        	2.791776e-17
564.4         	2.791783e-17
564.45        	2.791791e-17
564.5         	2.791798e-17
564.55        	2.791805e-17
564.6         	2.791812e-17
564.65        	2.791819e-17
564.7         	2.791827e-17
564.75        	2.791834e-17
564.8         	2.791841e-17
564.85        	2.791848e-17
564.9         	2.791856e-17
564.95        	2.791863e-17
565           	2.791870e-17
565.05        	2.791877e-17
565.1         	2.791884e-17
565.15        	2.791891e-17
565.2         	2.791899e-17
565.25        	2.791906e-17
565.3         	2.791913e-17
565.35        	2.791920e-17
565.4         	2.791927e-17
565.45        	2.791934e-17
565.5         	2.791942e-17
565.55        	2.791949e-17
565.6         	2.791956e-17
565.65        	2.791963e-17
565.7         	2.791970e-17
565.75        	2.791977e-17
565.8         	2.791985e-17
565.85        	2.791992e-17
565.9         	2.791999e-17
565.95        	2.792006e-17
566           	2.792013e-17
566.05        	2.792020e-17
566.1         	2.792028e-17
566.15        	2.792035e-17
566.2         	2.792042e-17
566.25        	2.792049e-17
566.3         	2.792056e-17
566.35        	2.792063e-17
566.4         	2.792071e-17
566.45        	2.792078e-17
566.5         	2.792085e-17
566.55        	2.792092e-17
566.6         	2.792099e-17
566.65        	2.792106e-17
566.7         	2.792114e-17
566.75        	2.792121e-17
566.8         	2.792128e-17
566.85        	2.792135e-17
566.9         	2.792142e-17
566.95        	2.792149e-17
567           	2.792156e-17
567.05        	2.792164e-17
567.1         	2.792171e-17
567.15        	2.792178e-17
567.2         	2.792185e-17
567.25        	2.792192e-17
567.3         	2.792199e-17
567.35        	2.792206e-17
567.4         	2.792214e-17
567.45        	2.792221e-17
567.5         	2.792228e-17
567.55        	2.792235e-17
567.6         	2.792242e-17
567.65        	2.792249e-17
567.7         	2.792256e-17
567.75        	2.792263e-17
567.8         	2.792270e-17
567.85        	2.792277e-17
567.9         	2.792285e-17
567.95        	2.792292e-17
568           	2.792299e-17
568.05        	2.792306e-17
568.1         	2.792313e-17
568.15        	2.792320e-17
568.2         	2.792327e-17
568.25        	2.792334e-17
568.3         	2.792341e-17
568.35        	2.792348e-17
568.4         	2.792356e-17
568.45        	2.792363e-17
568.5         	2.792370e-17
568.55        	2.792377e-17
568.6         	2.792384e-17
568.65        	2.792391e-17
568.7         	2.792398e-17
568.75        	2.792405e-17
568.8         	2.792412e-17
568.85        	2.792419e-17
568.9         	2.792426e-17
568.95        	2.792433e-17
569           	2.792440e-17
569.05        	2.792447e-17
569.1         	2.792455e-17
569.15        	2.792462e-17
569.2         	2.792469e-17
569.25        	2.792476e-17
569.3         	2.792483e-17
569.35        	2.792490e-17
569.4         	2.792497e-17
569.45        	2.792504e-17
569.5         	2.792511e-17
569.55        	2.792518e-17
569.6         	2.792525e-17
569.65        	2.792532e-17
569.7         	2.792539e-17
569.75        	2.792546e-17
569.8         	2.792553e-17
569.85        	2.792560e-17
569.9         	2.792567e-17
569.95        	2.792574e-17
570           	2.792582e-17
570.05        	2.792588e-17
570.1         	2.792596e-17
570.15        	2.792603e-17
570.2         	2.792610e-17
570.25        	2.792617e-17
570.3         	2.792624e-17
570.35        	2.792631e-17
570.4         	2.792638e-17
570.45        	2.792645e-17
570.5         	2.792652e-17
570.55        	2.792659e-17
570.6         	2.792666e-17
570.65        	2.792673e-17
570.7         	2.792680e-17
570.75        	2.792687e-17
570.8         	2.792694e-17
570.85        	2.792701e-17
570.9         	2.792708e-17
570.95        	2.792715e-17
571           	2.792722e-17
571.05        	2.792729e-17
571.1         	2.792736e-17
571.15        	2.792743e-17
571.2         	2.792750e-17
571.25        	2.792757e-17
571.3         	2.792764e-17
571.35        	2.792771e-17
571.4         	2.792778e-17
571.45        	2.792785e-17
571.5         	2.792792e-17
571.55        	2.792799e-17
571.6         	2.792806e-17
571.65        	2.792813e-17
571.7         	2.792820e-17
571.75        	2.792827e-17
571.8         	2.792834e-17
571.85        	2.792841e-17
571.9         	2.792848e-17
571.95        	2.792855e-17
572           	2.792862e-17
572.05        	2.792869e-17
572.1         	2.792876e-17
572.15        	2.792882e-17
572.2         	2.792890e-17
572.25        	2.792896e-17
572.3         	2.792903e-17
572.35        	2.792910e-17
572.4         	2.792917e-17
572.45        	2.792924e-17
572.5         	2.792931e-17
572.55        	2.792938e-17
572.6         	2.792945e-17
572.65        	2.792952e-17
572.7         	2.792959e-17
572.75        	2.792966e-17
572.8         	2.792973e-17
572.85        	2.792980e-17
572.9         	2.792987e-17
572.95        	2.792994e-17
573           	2.793001e-17
573.05        	2.793008e-17
573.1         	2.793015e-17
573.15        	2.793022e-17
573.2         	2.793029e-17
573.25        	2.793035e-17
573.3         	2.793042e-17
573.35        	2.793049e-17
573.4         	2.793056e-17
573.45        	2.793063e-17
573.5         	2.793070e-17
573.55        	2.793077e-17
573.6         	2.793084e-17
573.65        	2.793091e-17
573.7         	2.793098e-17
573.75        	2.793105e-17
573.8         	2.793112e-17
573.85        	2.793119e-17
573.9         	2.793126e-17
573.95        	2.793132e-17
574           	2.793139e-17
574.05        	2.793146e-17
574.1         	2.793153e-17
574.15        	2.793160e-17
574.2         	2.793167e-17
574.25        	2.793174e-17
574.3         	2.793181e-17
574.35        	2.793188e-17
574.4         	2.793195e-17
574.45        	2.793201e-17
574.5         	2.793208e-17
574.55        	2.793215e-17
574.6         	2.793222e-17
574.65        	2.793229e-17
574.7         	2.793236e-17
574.75        	2.793243e-17
574.8         	2.793250e-17
574.85        	2.793257e-17
574.9         	2.793264e-17
574.95        	2.793270e-17
575           	2.793277e-17
575.05        	2.793284e-17
575.1         	2.793291e-17
575.15        	2.793298e-17
575.2         	2.793305e-17
575.25        	2.793312e-17
575.3         	2.793319e-17
575.35        	2.793325e-17
575.4         	2.793332e-17
575.45        	2.793339e-17
575.5         	2.793346e-17
575.55        	2.793353e-17
575.6         	2.793360e-17
575.65        	2.793367e-17
575.7         	2.793374e-17
575.75        	2.793380e-17
575.8         	2.793387e-17
575.85        	2.793394e-17
575.9         	2.793401e-17
575.95        	2.793408e-17
576           	2.793415e-17
576.05        	2.793421e-17
576.1         	2.793428e-17
576.15        	2.793435e-17
576.2         	2.793442e-17
576.25        	2.793449e-17
576.3         	2.793456e-17
576.35        	2.793463e-17
576.4         	2.793470e-17
576.45        	2.793476e-17
576.5         	2.793483e-17
576.55        	2.793490e-17
576.6         	2.793497e-17
576.65        	2.793504e-17
576.7         	2.793511e-17
576.75        	2.793517e-17
576.8         	2.793524e-17
576.85        	2.793531e-17
576.9         	2.793538e-17
576.95        	2.793545e-17
577           	2.793551e-17
577.05        	2.793558e-17
577.1         	2.793565e-17
577.15        	2.793572e-17
577.2         	2.793579e-17
577.25        	2.793585e-17
577.3         	2.793592e-17
577.35        	2.793599e-17
577.4         	2.793606e-17
577.45        	2.793613e-17
577.5         	2.793620e-17
577.55        	2.793626e-17
577.6         	2.793633e-17
577.65        	2.793640e-17
577.7         	2.793647e-17
577.75        	2.793653e-17
577.8         	2.793660e-17
577.85        	2.793667e-17
577.9         	2.793674e-17
577.95        	2.793681e-17
578           	2.793688e-17
578.05        	2.793694e-17
578.1         	2.793701e-17
578.15        	2.793708e-17
578.2         	2.793715e-17
578.25        	2.793721e-17
578.3         	2.793728e-17
578.35        	2.793735e-17
578.4         	2.793742e-17
578.45        	2.793748e-17
578.5         	2.793755e-17
578.55        	2.793762e-17
578.6         	2.793769e-17
578.65        	2.793776e-17
578.7         	2.793782e-17
578.75        	2.793789e-17
578.8         	2.793796e-17
578.85        	2.793803e-17
578.9         	2.793809e-17
578.95        	2.793816e-17
579           	2.793823e-17
579.05        	2.793830e-17
579.1         	2.793836e-17
579.15        	2.793843e-17
579.2         	2.793850e-17
579.25        	2.793857e-17
579.3         	2.793863e-17
579.35        	2.793870e-17
579.4         	2.793877e-17
579.45        	2.793884e-17
579.5         	2.793890e-17
579.55        	2.793897e-17
579.6         	2.793904e-17
579.65        	2.793911e-17
579.7         	2.793917e-17
579.75        	2.793924e-17
579.8         	2.793931e-17
579.85        	2.793938e-17
579.9         	2.793944e-17
579.95        	2.793951e-17
580           	2.793958e-17
580.05        	2.793964e-17
580.1         	2.793971e-17
580.15        	2.793978e-17
580.2         	2.793985e-17
580.25        	2.793991e-17
580.3         	2.793998e-17
580.35        	2.794005e-17
580.4         	2.794012e-17
580.45        	2.794018e-17
580.5         	2.794025e-17
580.55        	2.794032e-17
580.6         	2.794038e-17
580.65        	2.794045e-17
580.7         	2.794052e-17
580.75        	2.794058e-17
580.8         	2.794065e-17
580.85        	2.794072e-17
580.9         	2.794079e-17
580.95        	2.794085e-17
581           	2.794092e-17
581.05        	2.794099e-17
581.1         	2.794106e-17
581.15        	2.794112e-17
581.2         	2.794119e-17
581.25        	2.794126e-17
581.3         	2.794132e-17
581.35        	2.794139e-17
581.4         	2.794146e-17
581.45        	2.794152e-17
581.5         	2.794159e-17
581.55        	2.794166e-17
581.6         	2.794172e-17
581.65        	2.794179e-17
581.7         	2.794186e-17
581.75        	2.794192e-17
581.8         	2.794199e-17
581.85        	2.794206e-17
581.9         	2.794212e-17
581.95        	2.794219e-17
582           	2.794226e-17
582.05        	2.794232e-17
582.1         	2.794239e-17
582.15        	2.794246e-17
582.2         	2.794253e-17
582.25        	2.794259e-17
582.3         	2.794266e-17
582.35        	2.794272e-17
582.4         	2.794279e-17
582.45        	2.794286e-17
582.5         	2.794292e-17
582.55        	2.794299e-17
582.6         	2.794306e-17
582.65        	2.794312e-17
582.7         	2.794319e-17
582.75        	2.794326e-17
582.8         	2.794332e-17
582.85        	2.794339e-17
582.9         	2.794346e-17
582.95        	2.794352e-17
583           	2.794359e-17
583.05        	2.794366e-17
583.1         	2.794372e-17
583.15        	2.794379e-17
583.2         	2.794386e-17
583.25        	2.794392e-17
583.3         	2.794399e-17
583.35        	2.794405e-17
583.4         	2.794412e-17
583.45        	2.794419e-17
583.5         	2.794425e-17
583.55        	2.794432e-17
583.6         	2.794439e-17
583.65        	2.794445e-17
583.7         	2.794452e-17
583.75        	2.794458e-17
583.8         	2.794465e-17
583.85        	2.794472e-17
583.9         	2.794478e-17
583.95        	2.794485e-17
584           	2.794492e-17
584.05        	2.794498e-17
584.1         	2.794505e-17
584.15        	2.794511e-17
584.2         	2.794518e-17
584.25        	2.794525e-17
584.3         	2.794531e-17
584.35        	2.794538e-17
584.4         	2.794545e-17
584.45        	2.794551e-17
584.5         	2.794558e-17
584.55        	2.794564e-17
584.6         	2.794571e-17
584.65        	2.794577e-17
584.7         	2.794584e-17
584.75        	2.794591e-17
584.8         	2.794597e-17
584.85        	2.794604e-17
584.9         	2.794610e-17
584.95        	2.794617e-17
585           	2.794624e-17
585.05        	2.794630e-17
585.1         	2.794637e-17
585.15        	2.794643e-17
585.2         	2.794650e-17
585.25        	2.794656e-17
585.3         	2.794663e-17
585.35        	2.794670e-17
585.4         	2.794676e-17
585.45        	2.794683e-17
585.5         	2.794689e-17
585.55        	2.794696e-17
585.6         	2.794703e-17
585.65        	2.794709e-17
585.7         	2.794716e-17
585.75        	2.794722e-17
585.8         	2.794729e-17
585.85        	2.794735e-17
585.9         	2.794742e-17
585.95        	2.794748e-17
586           	2.794755e-17
586.05        	2.794762e-17
586.1         	2.794768e-17
586.15        	2.794775e-17
586.2         	2.794781e-17
586.25        	2.794788e-17
586.3         	2.794794e-17
586.35        	2.794801e-17
586.4         	2.794808e-17
586.45        	2.794814e-17
586.5         	2.794821e-17
586.55        	2.794827e-17
586.6         	2.794834e-17
586.65        	2.794840e-17
586.7         	2.794847e-17
586.75        	2.794853e-17
586.8         	2.794860e-17
586.85        	2.794866e-17
586.9         	2.794873e-17
586.95        	2.794879e-17
587           	2.794886e-17
587.05        	2.794892e-17
587.1         	2.794899e-17
587.15        	2.794905e-17
587.2         	2.794912e-17
587.25        	2.794919e-17
587.3         	2.794925e-17
587.35        	2.794932e-17
587.4         	2.794938e-17
587.45        	2.794945e-17
587.5         	2.794951e-17
587.55        	2.794958e-17
587.6         	2.794964e-17
587.65        	2.794971e-17
587.7         	2.794977e-17
587.75        	2.794984e-17
587.8         	2.794990e-17
587.85        	2.794997e-17
587.9         	2.795003e-17
587.95        	2.795010e-17
588           	2.795016e-17
588.05        	2.795023e-17
588.1         	2.795029e-17
588.15        	2.795036e-17
588.2         	2.795042e-17
588.25        	2.795049e-17
588.3         	2.795055e-17
588.35        	2.795062e-17
588.4         	2.795068e-17
588.45        	2.795075e-17
588.5         	2.795081e-17
588.55        	2.795088e-17
588.6         	2.795094e-17
588.65        	2.795101e-17
588.7         	2.795107e-17
588.75        	2.795113e-17
588.8         	2.795120e-17
588.85        	2.795126e-17
588.9         	2.795133e-17
588.95        	2.795139e-17
589           	2.795146e-17
589.05        	2.795152e-17
589.1         	2.795159e-17
589.15        	2.795165e-17
589.2         	2.795172e-17
589.25        	2.795178e-17
589.3         	2.795185e-17
589.35        	2.795191e-17
589.4         	2.795198e-17
589.45        	2.795204e-17
589.5         	2.795210e-17
589.55        	2.795217e-17
589.6         	2.795223e-17
589.65        	2.795229e-17
589.7         	2.795235e-17
589.75        	2.795242e-17
589.8         	2.795248e-17
589.85        	2.795254e-17
589.9         	2.795261e-17
589.95        	2.795267e-17
590           	2.795273e-17
590.05        	2.795279e-17
590.1         	2.795286e-17
590.15        	2.795292e-17
590.2         	2.795298e-17
590.25        	2.795305e-17
590.3         	2.795311e-17
590.35        	2.795318e-17
590.4         	2.795324e-17
590.45        	2.795330e-17
590.5         	2.795337e-17
590.55        	2.795343e-17
590.6         	2.795350e-17
590.65        	2.795356e-17
590.7         	2.795362e-17
590.75        	2.795369e-17
590.8         	2.795375e-17
590.85        	2.795382e-17
590.9         	2.795388e-17
590.95        	2.795394e-17
591           	2.795401e-17
591.05        	2.795407e-17
591.1         	2.795413e-17
591.15        	2.795420e-17
591.2         	2.795426e-17
591.25        	2.795433e-17
591.3         	2.795439e-17
591.35        	2.795445e-17
591.4         	2.795452e-17
591.45        	2.795458e-17
591.5         	2.795464e-17
591.55        	2.795471e-17
591.6         	2.795477e-17
591.65        	2.795483e-17
591.7         	2.795490e-17
591.75        	2.795496e-17
591.8         	2.795503e-17
591.85        	2.795509e-17
591.9         	2.795515e-17
591.95        	2.795521e-17
592           	2.795528e-17
592.05        	2.795534e-17
592.1         	2.795540e-17
592.15        	2.795547e-17
592.2         	2.795553e-17
592.25        	2.795559e-17
592.3         	2.795566e-17
592.35        	2.795572e-17
592.4         	2.795578e-17
592.45        	2.795585e-17
592.5         	2.795591e-17
592.55        	2.795597e-17
592.6         	2.795603e-17
592.65        	2.795610e-17
592.7         	2.795616e-17
592.75        	2.795622e-17
592.8         	2.795628e-17
592.85        	2.795635e-17
592.9         	2.795641e-17
592.95        	2.795647e-17
593           	2.795654e-17
593.05        	2.795660e-17
593.1         	2.795666e-17
593.15        	2.795672e-17
593.2         	2.795679e-17
593.25        	2.795685e-17
593.3         	2.795691e-17
593.35        	2.795697e-17
593.4         	2.795704e-17
593.45        	2.795710e-17
593.5         	2.795716e-17
593.55        	2.795722e-17
593.6         	2.795729e-17
593.65        	2.795735e-17
593.7         	2.795741e-17
593.75        	2.795747e-17
593.8         	2.795754e-17
593.85        	2.795760e-17
593.9         	2.795766e-17
593.95        	2.795772e-17
594           	2.795779e-17
594.05        	2.795785e-17
594.1         	2.795791e-17
594.15        	2.795797e-17
594.2         	2.795804e-17
594.25        	2.795810e-17
594.3         	2.795816e-17
594.35        	2.795822e-17
594.4         	2.795828e-17
594.45        	2.795835e-17
594.5         	2.795841e-17
594.55        	2.795847e-17
594.6         	2.795853e-17
594.65        	2.795859e-17
594.7         	2.795866e-17
594.75        	2.795872e-17
594.8         	2.795878e-17
594.85        	2.795884e-17
594.9         	2.795890e-17
594.95        	2.795897e-17
595           	2.795903e-17
595.05        	2.795909e-17
595.1         	2.795915e-17
595.15        	2.795921e-17
595.2         	2.795928e-17
595.25        	2.795934e-17
595.3         	2.795940e-17
595.35        	2.795946e-17
595.4         	2.795952e-17
595.45        	2.795958e-17
595.5         	2.795965e-17
595.55        	2.795971e-17
595.6         	2.795977e-17
595.65        	2.795983e-17
595.7         	2.795989e-17
595.75        	2.795995e-17
595.8         	2.796001e-17
595.85        	2.796008e-17
595.9         	2.796014e-17
595.95        	2.796020e-17
596           	2.796026e-17
596.05        	2.796032e-17
596.1         	2.796038e-17
596.15        	2.796044e-17
596.2         	2.796051e-17
596.25        	2.796057e-17
596.3         	2.796063e-17
596.35        	2.796069e-17
596.4         	2.796075e-17
596.45        	2.796081e-17
596.5         	2.796087e-17
596.55        	2.796093e-17
596.6         	2.796100e-17
596.65        	2.796106e-17
596.7         	2.796112e-17
596.75        	2.796118e-17
596.8         	2.796124e-17
596.85        	2.796130e-17
596.9         	2.796136e-17
596.95        	2.796142e-17
597           	2.796149e-17
597.05        	2.796155e-17
597.1         	2.796161e-17
597.15        	2.796167e-17
597.2         	2.796173e-17
597.25        	2.796179e-17
597.3         	2.796185e-17
597.35        	2.796191e-17
597.4         	2.796198e-17
597.45        	2.796204e-17
597.5         	2.796210e-17
597.55        	2.796216e-17
597.6         	2.796222e-17
597.65        	2.796228e-17
597.7         	2.796234e-17
597.75        	2.796240e-17
597.8         	2.796246e-17
597.85        	2.796252e-17
597.9         	2.796259e-17
597.95        	2.796265e-17
598           	2.796271e-17
598.05        	2.796277e-17
598.1         	2.796283e-17
598.15        	2.796289e-17
598.2         	2.796295e-17
598.25        	2.796301e-17
598.3         	2.796307e-17
598.35        	2.796313e-17
598.4         	2.796320e-17
598.45        	2.796326e-17
598.5         	2.796332e-17
598.55        	2.796338e-17
598.6         	2.796344e-17
598.65        	2.796350e-17
598.7         	2.796356e-17
598.75        	2.796362e-17
598.8         	2.796368e-17
598.85        	2.796374e-17
598.9         	2.796380e-17
598.95        	2.796387e-17
599           	2.796393e-17
599.05        	2.796399e-17
599.1         	2.796405e-17
599.15        	2.796411e-17
599.2         	2.796417e-17
599.25        	2.796423e-17
599.3         	2.796429e-17
599.35        	2.796435e-17
599.4         	2.796441e-17
599.45        	2.796447e-17
599.5         	2.796453e-17
599.55        	2.796459e-17
599.6         	2.796465e-17
599.65        	2.796472e-17
599.7         	2.796478e-17
599.75        	2.796484e-17
599.8         	2.796490e-17
599.85        	2.796496e-17
599.9         	2.796502e-17
599.95        	2.796508e-17
600           	2.796514e-17
600.05        	2.796520e-17
600.1         	2.796526e-17
600.15        	2.796532e-17
600.2         	2.796538e-17
600.25        	2.796544e-17
600.3         	2.796550e-17
600.35        	2.796556e-17
600.4         	2.796562e-17
600.45        	2.796568e-17
600.5         	2.796574e-17
600.55        	2.796580e-17
600.6         	2.796587e-17
600.65        	2.796593e-17
600.7         	2.796599e-17
600.75        	2.796605e-17
600.8         	2.796611e-17
600.85        	2.796617e-17
600.9         	2.796623e-17
600.95        	2.796629e-17
601           	2.796635e-17
601.05        	2.796641e-17
601.1         	2.796647e-17
601.15        	2.796653e-17
601.2         	2.796659e-17
601.25        	2.796665e-17
601.3         	2.796671e-17
601.35        	2.796677e-17
601.4         	2.796683e-17
601.45        	2.796689e-17
601.5         	2.796695e-17
601.55        	2.796701e-17
601.6         	2.796707e-17
601.65        	2.796713e-17
601.7         	2.796719e-17
601.75        	2.796725e-17
601.8         	2.796731e-17
601.85        	2.796737e-17
601.9         	2.796743e-17
601.95        	2.796749e-17
602           	2.796755e-17
602.05        	2.796761e-17
602.1         	2.796767e-17
602.15        	2.796773e-17
602.2         	2.796779e-17
602.25        	2.796785e-17
602.3         	2.796791e-17
602.35        	2.796797e-17
602.4         	2.796803e-17
602.45        	2.796809e-17
602.5         	2.796815e-17
602.55        	2.796821e-17
602.6         	2.796827e-17
602.65        	2.796833e-17
602.7         	2.796839e-17
602.75        	2.796845e-17
602.8         	2.796851e-17
602.85        	2.796857e-17
602.9         	2.796863e-17
602.95        	2.796869e-17
603           	2.796875e-17
603.05        	2.796881e-17
603.1         	2.796887e-17
603.15        	2.796893e-17
603.2         	2.796899e-17
603.25        	2.796905e-17
603.3         	2.796911e-17
603.35        	2.796917e-17
603.4         	2.796923e-17
603.45        	2.796929e-17
603.5         	2.796935e-17
603.55        	2.796941e-17
603.6         	2.796947e-17
603.65        	2.796953e-17
603.7         	2.796959e-17
603.75        	2.796965e-17
603.8         	2.796971e-17
603.85        	2.796977e-17
603.9         	2.796983e-17
603.95        	2.796989e-17
604           	2.796995e-17
604.05        	2.797001e-17
604.1         	2.797007e-17
604.15        	2.797013e-17
604.2         	2.797018e-17
604.25        	2.797024e-17
604.3         	2.797030e-17
604.35        	2.797036e-17
604.4         	2.797042e-17
604.45        	2.797048e-17
604.5         	2.797054e-17
604.55        	2.797060e-17
604.6         	2.797066e-17
604.65        	2.797072e-17
604.7         	2.797078e-17
604.75        	2.797084e-17
604.8         	2.797090e-17
604.85        	2.797096e-17
604.9         	2.797102e-17
604.95        	2.797108e-17
605           	2.797114e-17
605.05        	2.797120e-17
605.1         	2.797126e-17
605.15        	2.797132e-17
605.2         	2.797138e-17
605.25        	2.797143e-17
605.3         	2.797149e-17
605.35        	2.797155e-17
605.4         	2.797161e-17
605.45        	2.797167e-17
605.5         	2.797173e-17
605.55        	2.797179e-17
605.6         	2.797185e-17
605.65        	2.797191e-17
605.7         	2.797197e-17
605.75        	2.797203e-17
605.8         	2.797209e-17
605.85        	2.797215e-17
605.9         	2.797221e-17
605.95        	2.797227e-17
606           	2.797232e-17
606.05        	2.797238e-17
606.1         	2.797244e-17
606.15        	2.797250e-17
606.2         	2.797256e-17
606.25        	2.797262e-17
606.3         	2.797268e-17
606.35        	2.797274e-17
606.4         	2.797280e-17
606.45        	2.797286e-17
606.5         	2.797292e-17
606.55        	2.797298e-17
606.6         	2.797303e-17
606.65        	2.797309e-17
606.7         	2.797315e-17
606.75        	2.797321e-17
606.8         	2.797327e-17
606.85        	2.797333e-17
606.9         	2.797339e-17
606.95        	2.797345e-17
607           	2.797351e-17
607.05        	2.797357e-17
607.1         	2.797362e-17
607.15        	2.797368e-17
607.2         	2.797374e-17
607.25        	2.797380e-17
607.3         	2.797386e-17
607.35        	2.797392e-17
607.4         	2.797398e-17
607.45        	2.797404e-17
607.5         	2.797410e-17
607.55        	2.797416e-17
607.6         	2.797421e-17
607.65        	2.797427e-17
607.7         	2.797433e-17
607.75        	2.797439e-17
607.8         	2.797445e-17
607.85        	2.797451e-17
607.9         	2.797457e-17
607.95        	2.797463e-17
608           	2.797468e-17
608.05        	2.797474e-17
608.1         	2.797480e-17
608.15        	2.797486e-17
608.2         	2.797492e-17
608.25        	2.797498e-17
608.3         	2.797504e-17
608.35        	2.797510e-17
608.4         	2.797515e-17
608.45        	2.797521e-17
608.5         	2.797527e-17
608.55        	2.797533e-17
608.6         	2.797539e-17
608.65        	2.797545e-17
608.7         	2.797551e-17
608.75        	2.797556e-17
608.8         	2.797562e-17
608.85        	2.797568e-17
608.9         	2.797574e-17
608.95        	2.797580e-17
609           	2.797586e-17
609.05        	2.797592e-17
609.1         	2.797597e-17
609.15        	2.797603e-17
609.2         	2.797609e-17
609.25        	2.797615e-17
609.3         	2.797621e-17
609.35        	2.797627e-17
609.4         	2.797632e-17
609.45        	2.797638e-17
609.5         	2.797644e-17
609.55        	2.797650e-17
609.6         	2.797656e-17
609.65        	2.797662e-17
609.7         	2.797667e-17
609.75        	2.797673e-17
609.8         	2.797679e-17
609.85        	2.797685e-17
609.9         	2.797691e-17
609.95        	2.797697e-17
610           	2.797702e-17
610.05        	2.797708e-17
610.1         	2.797714e-17
610.15        	2.797720e-17
610.2         	2.797726e-17
610.25        	2.797731e-17
610.3         	2.797737e-17
610.35        	2.797743e-17
610.4         	2.797749e-17
610.45        	2.797755e-17
610.5         	2.797761e-17
610.55        	2.797766e-17
610.6         	2.797772e-17
610.65        	2.797778e-17
610.7         	2.797784e-17
610.75        	2.797790e-17
610.8         	2.797795e-17
610.85        	2.797801e-17
610.9         	2.797807e-17
610.95        	2.797813e-17
611           	2.797819e-17
611.05        	2.797824e-17
611.1         	2.797830e-17
611.15        	2.797836e-17
611.2         	2.797842e-17
611.25        	2.797848e-17
611.3         	2.797853e-17
611.35        	2.797859e-17
611.4         	2.797865e-17
611.45        	2.797871e-17
611.5         	2.797876e-17
611.55        	2.797882e-17
611.6         	2.797888e-17
611.65        	2.797894e-17
611.7         	2.797900e-17
611.75        	2.797905e-17
611.8         	2.797911e-17
611.85        	2.797917e-17
611.9         	2.797923e-17
611.95        	2.797928e-17
612           	2.797934e-17
612.05        	2.797940e-17
612.1         	2.797946e-17
612.15        	2.797951e-17
612.2         	2.797957e-17
612.25        	2.797963e-17
612.3         	2.797969e-17
612.35        	2.797975e-17
612.4         	2.797980e-17
612.45        	2.797986e-17
612.5         	2.797992e-17
612.55        	2.797998e-17
612.6         	2.798003e-17
612.65        	2.798009e-17
612.7         	2.798015e-17
612.75        	2.798021e-17
612.8         	2.798026e-17
612.85        	2.798032e-17
612.9         	2.798038e-17
612.95        	2.798044e-17
613           	2.798049e-17
613.05        	2.798055e-17
613.1         	2.798061e-17
613.15        	2.798067e-17
613.2         	2.798072e-17
613.25        	2.798078e-17
613.3         	2.798084e-17
613.35        	2.798089e-17
613.4         	2.798095e-17
613.45        	2.798101e-17
613.5         	2.798107e-17
613.55        	2.798112e-17
613.6         	2.798118e-17
613.65        	2.798124e-17
613.7         	2.798130e-17
613.75        	2.798135e-17
613.8         	2.798141e-17
613.85        	2.798147e-17
613.9         	2.798152e-17
613.95        	2.798158e-17
614           	2.798164e-17
614.05        	2.798170e-17
614.1         	2.798175e-17
614.15        	2.798181e-17
614.2         	2.798187e-17
614.25        	2.798192e-17
614.3         	2.798198e-17
614.35        	2.798204e-17
614.4         	2.798210e-17
614.45        	2.798215e-17
614.5         	2.798221e-17
614.55        	2.798227e-17
614.6         	2.798232e-17
614.65        	2.798238e-17
614.7         	2.798244e-17
614.75        	2.798249e-17
614.8         	2.798255e-17
614.85        	2.798261e-17
614.9         	2.798267e-17
614.95        	2.798272e-17
615           	2.798278e-17
615.05        	2.798284e-17
615.1         	2.798289e-17
615.15        	2.798295e-17
615.2         	2.798301e-17
615.25        	2.798306e-17
615.3         	2.798312e-17
615.35        	2.798318e-17
615.4         	2.798323e-17
615.45        	2.798329e-17
615.5         	2.798335e-17
615.55        	2.798340e-17
615.6         	2.798346e-17
615.65        	2.798352e-17
615.7         	2.798357e-17
615.75        	2.798363e-17
615.8         	2.798369e-17
615.85        	2.798375e-17
615.9         	2.798380e-17
615.95        	2.798386e-17
616           	2.798392e-17
616.05        	2.798397e-17
616.1         	2.798403e-17
616.15        	2.798409e-17
616.2         	2.798414e-17
616.25        	2.798420e-17
616.3         	2.798426e-17
616.35        	2.798431e-17
616.4         	2.798437e-17
616.45        	2.798442e-17
616.5         	2.798448e-17
616.55        	2.798454e-17
616.6         	2.798459e-17
616.65        	2.798465e-17
616.7         	2.798471e-17
616.75        	2.798476e-17
616.8         	2.798482e-17
616.85        	2.798488e-17
616.9         	2.798493e-17
616.95        	2.798499e-17
617           	2.798505e-17
617.05        	2.798510e-17
617.1         	2.798516e-17
617.15        	2.798522e-17
617.2         	2.798527e-17
617.25        	2.798533e-17
617.3         	2.798538e-17
617.35        	2.798544e-17
617.4         	2.798550e-17
617.45        	2.798555e-17
617.5         	2.798561e-17
617.55        	2.798567e-17
617.6         	2.798572e-17
617.65        	2.798578e-17
617.7         	2.798584e-17
617.75        	2.798589e-17
617.8         	2.798595e-17
617.85        	2.798600e-17
617.9         	2.798606e-17
617.95        	2.798612e-17
618           	2.798617e-17
618.05        	2.798623e-17
618.1         	2.798629e-17
618.15        	2.798634e-17
618.2         	2.798640e-17
618.25        	2.798645e-17
618.3         	2.798651e-17
618.35        	2.798657e-17
618.4         	2.798662e-17
618.45        	2.798668e-17
618.5         	2.798673e-17
618.55        	2.798679e-17
618.6         	2.798685e-17
618.65        	2.798690e-17
618.7         	2.798696e-17
618.75        	2.798702e-17
618.8         	2.798707e-17
618.85        	2.798713e-17
618.9         	2.798718e-17
618.95        	2.798724e-17
619           	2.798730e-17
619.05        	2.798735e-17
619.1         	2.798741e-17
619.15        	2.798746e-17
619.2         	2.798752e-17
619.25        	2.798758e-17
619.3         	2.798763e-17
619.35        	2.798769e-17
619.4         	2.798774e-17
619.45        	2.798780e-17
619.5         	2.798785e-17
619.55        	2.798791e-17
619.6         	2.798797e-17
619.65        	2.798802e-17
619.7         	2.798808e-17
619.75        	2.798813e-17
619.8         	2.798819e-17
619.85        	2.798825e-17
619.9         	2.798830e-17
619.95        	2.798836e-17
620           	2.798841e-17
620.05        	2.798847e-17
620.1         	2.798852e-17
620.15        	2.798858e-17
620.2         	2.798864e-17
620.25        	2.798869e-17
620.3         	2.798875e-17
620.35        	2.798880e-17
620.4         	2.798886e-17
620.45        	2.798891e-17
620.5         	2.798897e-17
620.55        	2.798903e-17
620.6         	2.798908e-17
620.65        	2.798914e-17
620.7         	2.798919e-17
620.75        	2.798925e-17
620.8         	2.798930e-17
620.85        	2.798936e-17
620.9         	2.798941e-17
620.95        	2.798947e-17
621           	2.798953e-17
621.05        	2.798958e-17
621.1         	2.798964e-17
621.15        	2.798969e-17
621.2         	2.798975e-17
621.25        	2.798980e-17
621.3         	2.798986e-17
621.35        	2.798991e-17
621.4         	2.798997e-17
621.45        	2.799003e-17
621.5         	2.799008e-17
621.55        	2.799014e-17
621.6         	2.799019e-17
621.65        	2.799025e-17
621.7         	2.799030e-17
621.75        	2.799036e-17
621.8         	2.799041e-17
621.85        	2.799047e-17
621.9         	2.799052e-17
621.95        	2.799058e-17
622           	2.799063e-17
622.05        	2.799069e-17
622.1         	2.799074e-17
622.15        	2.799080e-17
622.2         	2.799086e-17
622.25        	2.799091e-17
622.3         	2.799097e-17
622.35        	2.799102e-17
622.4         	2.799108e-17
622.45        	2.799113e-17
622.5         	2.799119e-17
622.55        	2.799124e-17
622.6         	2.799130e-17
622.65        	2.799135e-17
622.7         	2.799141e-17
622.75        	2.799146e-17
622.8         	2.799152e-17
622.85        	2.799157e-17
622.9         	2.799163e-17
622.95        	2.799168e-17
623           	2.799174e-17
623.05        	2.799179e-17
623.1         	2.799185e-17
623.15        	2.799190e-17
623.2         	2.799196e-17
623.25        	2.799201e-17
623.3         	2.799207e-17
623.35        	2.799212e-17
623.4         	2.799218e-17
623.45        	2.799223e-17
623.5         	2.799229e-17
623.55        	2.799234e-17
623.6         	2.799240e-17
623.65        	2.799245e-17
623.7         	2.799251e-17
623.75        	2.799256e-17
623.8         	2.799262e-17
623.85        	2.799267e-17
623.9         	2.799273e-17
623.95        	2.799278e-17
624           	2.799284e-17
624.05        	2.799289e-17
624.1         	2.799295e-17
624.15        	2.799300e-17
624.2         	2.799306e-17
624.25        	2.799311e-17
624.3         	2.799316e-17
624.35        	2.799322e-17
624.4         	2.799327e-17
624.45        	2.799333e-17
624.5         	2.799338e-17
624.55        	2.799344e-17
624.6         	2.799349e-17
624.65        	2.799355e-17
624.7         	2.799360e-17
624.75        	2.799366e-17
624.8         	2.799371e-17
624.85        	2.799377e-17
624.9         	2.799382e-17
624.95        	2.799388e-17
625           	2.799393e-17
625.05        	2.799398e-17
625.1         	2.799404e-17
625.15        	2.799409e-17
625.2         	2.799415e-17
625.25        	2.799420e-17
625.3         	2.799426e-17
625.35        	2.799431e-17
625.4         	2.799437e-17
625.45        	2.799442e-17
625.5         	2.799447e-17
625.55        	2.799453e-17
625.6         	2.799458e-17
625.65        	2.799464e-17
625.7         	2.799469e-17
625.75        	2.799475e-17
625.8         	2.799480e-17
625.85        	2.799486e-17
625.9         	2.799491e-17
625.95        	2.799496e-17
626           	2.799502e-17
626.05        	2.799507e-17
626.1         	2.799513e-17
626.15        	2.799518e-17
626.2         	2.799524e-17
626.25        	2.799529e-17
626.3         	2.799534e-17
626.35        	2.799540e-17
626.4         	2.799545e-17
626.45        	2.799551e-17
626.5         	2.799556e-17
626.55        	2.799562e-17
626.6         	2.799567e-17
626.65        	2.799572e-17
626.7         	2.799578e-17
626.75        	2.799583e-17
626.8         	2.799589e-17
626.85        	2.799594e-17
626.9         	2.799599e-17
626.95        	2.799605e-17
627           	2.799610e-17
627.05        	2.799616e-17
627.1         	2.799621e-17
627.15        	2.799626e-17
627.2         	2.799632e-17
627.25        	2.799637e-17
627.3         	2.799643e-17
627.35        	2.799648e-17
627.4         	2.799653e-17
627.45        	2.799659e-17
627.5         	2.799664e-17
627.55        	2.799670e-17
627.6         	2.799675e-17
627.65        	2.799680e-17
627.7         	2.799686e-17
627.75        	2.799691e-17
627.8         	2.799697e-17
627.85        	2.799702e-17
627.9         	2.799707e-17
627.95        	2.799713e-17
628           	2.799718e-17
628.05        	2.799724e-17
628.1         	2.799729e-17
628.15        	2.799734e-17
628.2         	2.799740e-17
628.25        	2.799745e-17
628.3         	2.799750e-17
628.35        	2.799756e-17
628.4         	2.799761e-17
628.45        	2.799767e-17
628.5         	2.799772e-17
628.55        	2.799777e-17
628.6         	2.799783e-17
628.65        	2.799788e-17
628.7         	2.799793e-17
628.75        	2.799799e-17
628.8         	2.799804e-17
628.85        	2.799810e-17
628.9         	2.799815e-17
628.95        	2.799820e-17
629           	2.799826e-17
629.05        	2.799831e-17
629.1         	2.799836e-17
629.15        	2.799842e-17
629.2         	2.799847e-17
629.25        	2.799852e-17
629.3         	2.799858e-17
629.35        	2.799863e-17
629.4         	2.799868e-17
629.45        	2.799874e-17
629.5         	2.799879e-17
629.55        	2.799885e-17
629.6         	2.799890e-17
629.65        	2.799895e-17
629.7         	2.799901e-17
629.75        	2.799906e-17
629.8         	2.799911e-17
629.85        	2.799917e-17
629.9         	2.799922e-17
629.95        	2.799927e-17
630           	2.799933e-17
630.05        	2.799938e-17
630.1         	2.799943e-17
630.15        	2.799949e-17
630.2         	2.799954e-17
630.25        	2.799959e-17
630.3         	2.799965e-17
630.35        	2.799970e-17
630.4         	2.799975e-17
630.45        	2.799981e-17
630.5         	2.799986e-17
630.55        	2.799991e-17
630.6         	2.799997e-17
630.65        	2.800002e-17
630.7         	2.800007e-17
630.75        	2.800013e-17
630.8         	2.800018e-17
630.85        	2.800023e-17
630.9         	2.800029e-17
630.95        	2.800034e-17
631           	2.800039e-17
631.05        	2.800044e-17
631.1         	2.800050e-17
631.15        	2.800055e-17
631.2         	2.800060e-17
631.25        	2.800066e-17
631.3         	2.800071e-17
631.35        	2.800076e-17
631.4         	2.800082e-17
631.45        	2.800087e-17
631.5         	2.800092e-17
631.55        	2.800098e-17
631.6         	2.800103e-17
631.65        	2.800108e-17
631.7         	2.800113e-17
631.75        	2.800119e-17
631.8         	2.800124e-17
631.85        	2.800129e-17
631.9         	2.800135e-17
631.95        	2.800140e-17
632           	2.800145e-17
632.05        	2.800151e-17
632.1         	2.800156e-17
632.15        	2.800161e-17
632.2         	2.800166e-17
632.25        	2.800172e-17
632.3         	2.800177e-17
632.35        	2.800182e-17
632.4         	2.800188e-17
632.45        	2.800193e-17
632.5         	2.800198e-17
632.55        	2.800203e-17
632.6         	2.800209e-17
632.65        	2.800214e-17
632.7         	2.800219e-17
632.75        	2.800224e-17
632.8         	2.800230e-17
632.85        	2.800235e-17
632.9         	2.800240e-17
632.95        	2.800246e-17
633           	2.800251e-17
633.05        	2.800256e-17
633.1         	2.800261e-17
633.15        	2.800267e-17
633.2         	2.800272e-17
633.25        	2.800277e-17
633.3         	2.800282e-17
633.35        	2.800288e-17
633.4         	2.800293e-17
633.45        	2.800298e-17
633.5         	2.800303e-17
633.55        	2.800309e-17
633.6         	2.800314e-17
633.65        	2.800319e-17
633.7         	2.800324e-17
633.75        	2.800330e-17
633.8         	2.800335e-17
633.85        	2.800340e-17
633.9         	2.800345e-17
633.95        	2.800351e-17
634           	2.800356e-17
634.05        	2.800361e-17
634.1         	2.800366e-17
634.15        	2.800372e-17
634.2         	2.800377e-17
634.25        	2.800382e-17
634.3         	2.800387e-17
634.35        	2.800393e-17
634.4         	2.800398e-17
634.45        	2.800403e-17
634.5         	2.800408e-17
634.55        	2.800414e-17
634.6         	2.800419e-17
634.65        	2.800424e-17
634.7         	2.800429e-17
634.75        	2.800435e-17
634.8         	2.800440e-17
634.85        	2.800445e-17
634.9         	2.800450e-17
634.95        	2.800455e-17
635           	2.800461e-17
635.05        	2.800466e-17
635.1         	2.800471e-17
635.15        	2.800476e-17
635.2         	2.800482e-17
635.25        	2.800487e-17
635.3         	2.800492e-17
635.35        	2.800497e-17
635.4         	2.800502e-17
635.45        	2.800508e-17
635.5         	2.800513e-17
635.55        	2.800518e-17
635.6         	2.800523e-17
635.65        	2.800528e-17
635.7         	2.800534e-17
635.75        	2.800539e-17
635.8         	2.800544e-17
635.85        	2.800549e-17
635.9         	2.800555e-17
635.95        	2.800560e-17
636           	2.800565e-17
636.05        	2.800570e-17
636.1         	2.800575e-17
636.15        	2.800581e-17
636.2         	2.800586e-17
636.25        	2.800591e-17
636.3         	2.800596e-17
636.35        	2.800601e-17
636.4         	2.800606e-17
636.45        	2.800612e-17
636.5         	2.800617e-17
636.55        	2.800622e-17
636.6         	2.800627e-17
636.65        	2.800632e-17
636.7         	2.800638e-17
636.75        	2.800643e-17
636.8         	2.800648e-17
636.85        	2.800653e-17
636.9         	2.800658e-17
636.95        	2.800664e-17
637           	2.800669e-17
637.05        	2.800674e-17
637.1         	2.800679e-17
637.15        	2.800684e-17
637.2         	2.800689e-17
637.25        	2.800695e-17
637.3         	2.800700e-17
637.35        	2.800705e-17
637.4         	2.800710e-17
637.45        	2.800715e-17
637.5         	2.800720e-17
637.55        	2.800726e-17
637.6         	2.800731e-17
637.65        	2.800736e-17
637.7         	2.800741e-17
637.75        	2.800746e-17
637.8         	2.800751e-17
637.85        	2.800757e-17
637.9         	2.800762e-17
637.95        	2.800767e-17
638           	2.800772e-17
638.05        	2.800777e-17
638.1         	2.800782e-17
638.15        	2.800787e-17
638.2         	2.800793e-17
638.25        	2.800798e-17
638.3         	2.800803e-17
638.35        	2.800808e-17
638.4         	2.800813e-17
638.45        	2.800818e-17
638.5         	2.800823e-17
638.55        	2.800829e-17
638.6         	2.800834e-17
638.65        	2.800839e-17
638.7         	2.800844e-17
638.75        	2.800849e-17
638.8         	2.800854e-17
638.85        	2.800859e-17
638.9         	2.800865e-17
638.95        	2.800870e-17
639           	2.800875e-17
639.05        	2.800880e-17
639.1         	2.800885e-17
639.15        	2.800890e-17
639.2         	2.800895e-17
639.25        	2.800901e-17
639.3         	2.800906e-17
639.35        	2.800911e-17
639.4         	2.800916e-17
639.45        	2.800921e-17
639.5         	2.800926e-17
639.55        	2.800931e-17
639.6         	2.800936e-17
639.65        	2.800941e-17
639.7         	2.800947e-17
639.75        	2.800952e-17
639.8         	2.800957e-17
639.85        	2.800962e-17
639.9         	2.800967e-17
639.95        	2.800972e-17
640           	2.800977e-17
640.05        	2.800982e-17
640.1         	2.800987e-17
640.15        	2.800993e-17
640.2         	2.800998e-17
640.25        	2.801003e-17
640.3         	2.801008e-17
640.35        	2.801013e-17
640.4         	2.801018e-17
640.45        	2.801023e-17
640.5         	2.801028e-17
640.55        	2.801033e-17
640.6         	2.801038e-17
640.65        	2.801044e-17
640.7         	2.801049e-17
640.75        	2.801054e-17
640.8         	2.801059e-17
640.85        	2.801064e-17
640.9         	2.801069e-17
640.95        	2.801074e-17
641           	2.801079e-17
641.05        	2.801084e-17
641.1         	2.801089e-17
641.15        	2.801094e-17
641.2         	2.801100e-17
641.25        	2.801105e-17
641.3         	2.801110e-17
641.35        	2.801115e-17
641.4         	2.801120e-17
641.45        	2.801125e-17
641.5         	2.801130e-17
641.55        	2.801135e-17
641.6         	2.801140e-17
641.65        	2.801145e-17
641.7         	2.801150e-17
641.75        	2.801155e-17
641.8         	2.801160e-17
641.85        	2.801166e-17
641.9         	2.801171e-17
641.95        	2.801176e-17
642           	2.801181e-17
642.05        	2.801186e-17
642.1         	2.801191e-17
642.15        	2.801196e-17
642.2         	2.801201e-17
642.25        	2.801206e-17
642.3         	2.801211e-17
642.35        	2.801216e-17
642.4         	2.801221e-17
642.45        	2.801226e-17
642.5         	2.801231e-17
642.55        	2.801236e-17
642.6         	2.801241e-17
642.65        	2.801246e-17
642.7         	2.801252e-17
642.75        	2.801257e-17
642.8         	2.801262e-17
642.85        	2.801267e-17
642.9         	2.801272e-17
642.95        	2.801277e-17
643           	2.801282e-17
643.05        	2.801287e-17
643.1         	2.801292e-17
643.15        	2.801297e-17
643.2         	2.801302e-17
643.25        	2.801307e-17
643.3         	2.801312e-17
643.35        	2.801317e-17
643.4         	2.801322e-17
643.45        	2.801327e-17
643.5         	2.801332e-17
643.55        	2.801337e-17
643.6         	2.801342e-17
643.65        	2.801347e-17
643.7         	2.801352e-17
643.75        	2.801357e-17
643.8         	2.801362e-17
643.85        	2.801367e-17
643.9         	2.801372e-17
643.95        	2.801377e-17
644           	2.801382e-17
644.05        	2.801387e-17
644.1         	2.801392e-17
644.15        	2.801397e-17
644.2         	2.801402e-17
644.25        	2.801407e-17
644.3         	2.801413e-17
644.35        	2.801418e-17
644.4         	2.801423e-17
644.45        	2.801428e-17
644.5         	2.801433e-17
644.55        	2.801438e-17
644.6         	2.801443e-17
644.65        	2.801448e-17
644.7         	2.801453e-17
644.75        	2.801458e-17
644.8         	2.801463e-17
644.85        	2.801468e-17
644.9         	2.801473e-17
644.95        	2.801478e-17
645           	2.801483e-17
645.05        	2.801488e-17
645.1         	2.801493e-17
645.15        	2.801498e-17
645.2         	2.801503e-17
645.25        	2.801508e-17
645.3         	2.801513e-17
645.35        	2.801518e-17
645.4         	2.801523e-17
645.45        	2.801528e-17
645.5         	2.801533e-17
645.55        	2.801537e-17
645.6         	2.801542e-17
645.65        	2.801547e-17
645.7         	2.801552e-17
645.75        	2.801557e-17
645.8         	2.801562e-17
645.85        	2.801567e-17
645.9         	2.801572e-17
645.95        	2.801577e-17
646           	2.801582e-17
646.05        	2.801587e-17
646.1         	2.801592e-17
646.15        	2.801597e-17
646.2         	2.801602e-17
646.25        	2.801607e-17
646.3         	2.801612e-17
646.35        	2.801617e-17
646.4         	2.801622e-17
646.45        	2.801627e-17
646.5         	2.801632e-17
646.55        	2.801637e-17
646.6         	2.801642e-17
646.65        	2.801647e-17
646.7         	2.801652e-17
646.75        	2.801657e-17
646.8         	2.801662e-17
646.85        	2.801667e-17
646.9         	2.801672e-17
646.95        	2.801677e-17
647           	2.801682e-17
647.05        	2.801687e-17
647.1         	2.801692e-17
647.15        	2.801696e-17
647.2         	2.801701e-17
647.25        	2.801706e-17
647.3         	2.801711e-17
647.35        	2.801716e-17
647.4         	2.801721e-17
647.45        	2.801726e-17
647.5         	2.801731e-17
647.55        	2.801736e-17
647.6         	2.801741e-17
647.65        	2.801746e-17
647.7         	2.801751e-17
647.75        	2.801756e-17
647.8         	2.801761e-17
647.85        	2.801766e-17
647.9         	2.801771e-17
647.95        	2.801776e-17
648           	2.801780e-17
648.05        	2.801785e-17
648.1         	2.801790e-17
648.15        	2.801795e-17
648.2         	2.801800e-17
648.25        	2.801805e-17
648.3         	2.801810e-17
648.35        	2.801815e-17
648.4         	2.801820e-17
648.45        	2.801825e-17
648.5         	2.801830e-17
648.55        	2.801835e-17
648.6         	2.801840e-17
648.65        	2.801844e-17
648.7         	2.801849e-17
648.75        	2.801854e-17
648.8         	2.801859e-17
648.85        	2.801864e-17
648.9         	2.801869e-17
648.95        	2.801874e-17
649           	2.801879e-17
649.05        	2.801884e-17
649.1         	2.801889e-17
649.15        	2.801894e-17
649.2         	2.801899e-17
649.25        	2.801903e-17
649.3         	2.801908e-17
649.35        	2.801913e-17
649.4         	2.801918e-17
649.45        	2.801923e-17
649.5         	2.801928e-17
649.55        	2.801933e-17
649.6         	2.801938e-17
649.65        	2.801943e-17
649.7         	2.801948e-17
649.75        	2.801952e-17
649.8         	2.801957e-17
649.85        	2.801962e-17
649.9         	2.801967e-17
649.95        	2.801972e-17
650           	2.801977e-17
650.05        	2.801982e-17
650.1         	2.801987e-17
650.15        	2.801992e-17
650.2         	2.801996e-17
650.25        	2.802001e-17
650.3         	2.802006e-17
650.35        	2.802011e-17
650.4         	2.802016e-17
650.45        	2.802021e-17
650.5         	2.802026e-17
650.55        	2.802031e-17
650.6         	2.802035e-17
650.65        	2.802040e-17
650.7         	2.802045e-17
650.75        	2.802050e-17
650.8         	2.802055e-17
650.85        	2.802060e-17
650.9         	2.802065e-17
650.95        	2.802070e-17
651           	2.802074e-17
651.05        	2.802079e-17
651.1         	2.802084e-17
651.15        	2.802089e-17
651.2         	2.802094e-17
651.25        	2.802099e-17
651.3         	2.802104e-17
651.35        	2.802108e-17
651.4         	2.802113e-17
651.45        	2.802118e-17
651.5         	2.802123e-17
651.55        	2.802128e-17
651.6         	2.802133e-17
651.65        	2.802138e-17
651.7         	2.802142e-17
651.75        	2.802147e-17
651.8         	2.802152e-17
651.85        	2.802157e-17
651.9         	2.802162e-17
651.95        	2.802167e-17
652           	2.802172e-17
652.05        	2.802176e-17
652.1         	2.802181e-17
652.15        	2.802186e-17
652.2         	2.802191e-17
652.25        	2.802196e-17
652.3         	2.802201e-17
652.35        	2.802205e-17
652.4         	2.802210e-17
652.45        	2.802215e-17
652.5         	2.802220e-17
652.55        	2.802225e-17
652.6         	2.802230e-17
652.65        	2.802234e-17
652.7         	2.802239e-17
652.75        	2.802244e-17
652.8         	2.802249e-17
652.85        	2.802254e-17
652.9         	2.802259e-17
652.95        	2.802263e-17
653           	2.802268e-17
653.05        	2.802273e-17
653.1         	2.802278e-17
653.15        	2.802283e-17
653.2         	2.802288e-17
653.25        	2.802292e-17
653.3         	2.802297e-17
653.35        	2.802302e-17
653.4         	2.802307e-17
653.45        	2.802312e-17
653.5         	2.802316e-17
653.55        	2.802321e-17
653.6         	2.802326e-17
653.65        	2.802331e-17
653.7         	2.802336e-17
653.75        	2.802340e-17
653.8         	2.802345e-17
653.85        	2.802350e-17
653.9         	2.802355e-17
653.95        	2.802360e-17
654           	2.802365e-17
654.05        	2.802369e-17
654.1         	2.802374e-17
654.15        	2.802379e-17
654.2         	2.802384e-17
654.25        	2.802389e-17
654.3         	2.802393e-17
654.35        	2.802398e-17
654.4         	2.802403e-17
654.45        	2.802408e-17
654.5         	2.802412e-17
654.55        	2.802417e-17
654.6         	2.802422e-17
654.65        	2.802427e-17
654.7         	2.802432e-17
654.75        	2.802436e-17
654.8         	2.802441e-17
654.85        	2.802446e-17
654.9         	2.802451e-17
654.95        	2.802456e-17
655           	2.802460e-17
655.05        	2.802465e-17
655.1         	2.802470e-17
655.15        	2.802475e-17
655.2         	2.802479e-17
655.25        	2.802484e-17
655.3         	2.802489e-17
655.35        	2.802494e-17
655.4         	2.802499e-17
655.45        	2.802503e-17
655.5         	2.802508e-17
655.55        	2.802513e-17
655.6         	2.802518e-17
655.65        	2.802522e-17
655.7         	2.802527e-17
655.75        	2.802532e-17
655.8         	2.802537e-17
655.85        	2.802541e-17
655.9         	2.802546e-17
655.95        	2.802551e-17
656           	2.802556e-17
656.05        	2.802561e-17
656.1         	2.802565e-17
656.15        	2.802570e-17
656.2         	2.802575e-17
656.25        	2.802580e-17
656.3         	2.802584e-17
656.35        	2.802589e-17
656.4         	2.802594e-17
656.45        	2.802599e-17
656.5         	2.802603e-17
656.55        	2.802608e-17
656.6         	2.802613e-17
656.65        	2.802618e-17
656.7         	2.802622e-17
656.75        	2.802627e-17
656.8         	2.802632e-17
656.85        	2.802637e-17
656.9         	2.802641e-17
656.95        	2.802646e-17
657           	2.802651e-17
657.05        	2.802655e-17
657.1         	2.802660e-17
657.15        	2.802665e-17
657.2         	2.802670e-17
657.25        	2.802674e-17
657.3         	2.802679e-17
657.35        	2.802684e-17
657.4         	2.802689e-17
657.45        	2.802693e-17
657.5         	2.802698e-17
657.55        	2.802703e-17
657.6         	2.802708e-17
657.65        	2.802712e-17
657.7         	2.802717e-17
657.75        	2.802722e-17
657.8         	2.802726e-17
657.85        	2.802731e-17
657.9         	2.802736e-17
657.95        	2.802741e-17
658           	2.802745e-17
658.05        	2.802750e-17
658.1         	2.802755e-17
658.15        	2.802759e-17
658.2         	2.802764e-17
658.25        	2.802769e-17
658.3         	2.802774e-17
658.35        	2.802778e-17
658.4         	2.802783e-17
658.45        	2.802788e-17
658.5         	2.802792e-17
658.55        	2.802797e-17
658.6         	2.802802e-17
658.65        	2.802807e-17
658.7         	2.802811e-17
658.75        	2.802816e-17
658.8         	2.802821e-17
658.85        	2.802825e-17
658.9         	2.802830e-17
658.95        	2.802835e-17
659           	2.802839e-17
659.05        	2.802844e-17
659.1         	2.802849e-17
659.15        	2.802854e-17
659.2         	2.802858e-17
659.25        	2.802863e-17
659.3         	2.802868e-17
659.35        	2.802872e-17
659.4         	2.802877e-17
659.45        	2.802882e-17
659.5         	2.802886e-17
659.55        	2.802891e-17
659.6         	2.802896e-17
659.65        	2.802900e-17
659.7         	2.802905e-17
659.75        	2.802910e-17
659.8         	2.802914e-17
659.85        	2.802919e-17
659.9         	2.802924e-17
659.95        	2.802929e-17
660           	2.802933e-17
660.05        	2.802938e-17
660.1         	2.802943e-17
660.15        	2.802947e-17
660.2         	2.802952e-17
660.25        	2.802957e-17
660.3         	2.802961e-17
660.35        	2.802966e-17
660.4         	2.802971e-17
660.45        	2.802975e-17
660.5         	2.802980e-17
660.55        	2.802985e-17
660.6         	2.802989e-17
660.65        	2.802994e-17
660.7         	2.802999e-17
660.75        	2.803003e-17
660.8         	2.803008e-17
660.85        	2.803013e-17
660.9         	2.803017e-17
660.95        	2.803022e-17
661           	2.803027e-17
661.05        	2.803031e-17
661.1         	2.803036e-17
661.15        	2.803040e-17
661.2         	2.803045e-17
661.25        	2.803050e-17
661.3         	2.803054e-17
661.35        	2.803059e-17
661.4         	2.803064e-17
661.45        	2.803068e-17
661.5         	2.803073e-17
661.55        	2.803078e-17
661.6         	2.803082e-17
661.65        	2.803087e-17
661.7         	2.803092e-17
661.75        	2.803096e-17
661.8         	2.803101e-17
661.85        	2.803106e-17
661.9         	2.803110e-17
661.95        	2.803115e-17
662           	2.803119e-17
662.05        	2.803124e-17
662.1         	2.803129e-17
662.15        	2.803133e-17
662.2         	2.803138e-17
662.25        	2.803143e-17
662.3         	2.803147e-17
662.35        	2.803152e-17
662.4         	2.803156e-17
662.45        	2.803161e-17
662.5         	2.803166e-17
662.55        	2.803170e-17
662.6         	2.803175e-17
662.65        	2.803180e-17
662.7         	2.803184e-17
662.75        	2.803189e-17
662.8         	2.803193e-17
662.85        	2.803198e-17
662.9         	2.803203e-17
662.95        	2.803207e-17
663           	2.803212e-17
663.05        	2.803217e-17
663.1         	2.803221e-17
663.15        	2.803226e-17
663.2         	2.803230e-17
663.25        	2.803235e-17
663.3         	2.803240e-17
663.35        	2.803244e-17
663.4         	2.803249e-17
663.45        	2.803253e-17
663.5         	2.803258e-17
663.55        	2.803263e-17
663.6         	2.803267e-17
663.65        	2.803272e-17
663.7         	2.803276e-17
663.75        	2.803281e-17
663.8         	2.803286e-17
663.85        	2.803290e-17
663.9         	2.803295e-17
663.95        	2.803299e-17
664           	2.803304e-17
664.05        	2.803309e-17
664.1         	2.803313e-17
664.15        	2.803318e-17
664.2         	2.803322e-17
664.25        	2.803327e-17
664.3         	2.803332e-17
664.35        	2.803336e-17
664.4         	2.803341e-17
664.45        	2.803345e-17
664.5         	2.803350e-17
664.55        	2.803354e-17
664.6         	2.803359e-17
664.65        	2.803364e-17
664.7         	2.803368e-17
664.75        	2.803373e-17
664.8         	2.803377e-17
664.85        	2.803382e-17
664.9         	2.803387e-17
664.95        	2.803391e-17
665           	2.803396e-17
665.05        	2.803400e-17
665.1         	2.803405e-17
665.15        	2.803409e-17
665.2         	2.803414e-17
665.25        	2.803419e-17
665.3         	2.803423e-17
665.35        	2.803428e-17
665.4         	2.803432e-17
665.45        	2.803437e-17
665.5         	2.803441e-17
665.55        	2.803446e-17
665.6         	2.803450e-17
665.65        	2.803455e-17
665.7         	2.803460e-17
665.75        	2.803464e-17
665.8         	2.803469e-17
665.85        	2.803473e-17
665.9         	2.803478e-17
665.95        	2.803482e-17
666           	2.803487e-17
666.05        	2.803491e-17
666.1         	2.803496e-17
666.15        	2.803501e-17
666.2         	2.803505e-17
666.25        	2.803510e-17
666.3         	2.803514e-17
666.35        	2.803519e-17
666.4         	2.803523e-17
666.45        	2.803528e-17
666.5         	2.803532e-17
666.55        	2.803537e-17
666.6         	2.803541e-17
666.65        	2.803546e-17
666.7         	2.803551e-17
666.75        	2.803555e-17
666.8         	2.803560e-17
666.85        	2.803564e-17
666.9         	2.803569e-17
666.95        	2.803573e-17
667           	2.803578e-17
667.05        	2.803582e-17
667.1         	2.803587e-17
667.15        	2.803591e-17
667.2         	2.803596e-17
667.25        	2.803600e-17
667.3         	2.803605e-17
667.35        	2.803609e-17
667.4         	2.803614e-17
667.45        	2.803619e-17
667.5         	2.803623e-17
667.55        	2.803628e-17
667.6         	2.803632e-17
667.65        	2.803637e-17
667.7         	2.803641e-17
667.75        	2.803646e-17
667.8         	2.803650e-17
667.85        	2.803655e-17
667.9         	2.803659e-17
667.95        	2.803664e-17
668           	2.803668e-17
668.05        	2.803673e-17
668.1         	2.803677e-17
668.15        	2.803682e-17
668.2         	2.803686e-17
668.25        	2.803691e-17
668.3         	2.803695e-17
668.35        	2.803700e-17
668.4         	2.803704e-17
668.45        	2.803709e-17
668.5         	2.803713e-17
668.55        	2.803718e-17
668.6         	2.803722e-17
668.65        	2.803727e-17
668.7         	2.803731e-17
668.75        	2.803736e-17
668.8         	2.803740e-17
668.85        	2.803745e-17
668.9         	2.803749e-17
668.95        	2.803754e-17
669           	2.803758e-17
669.05        	2.803763e-17
669.1         	2.803767e-17
669.15        	2.803772e-17
669.2         	2.803776e-17
669.25        	2.803781e-17
669.3         	2.803785e-17
669.35        	2.803790e-17
669.4         	2.803794e-17
669.45        	2.803799e-17
669.5         	2.803803e-17
669.55        	2.803808e-17
669.6         	2.803812e-17
669.65        	2.803817e-17
669.7         	2.803821e-17
669.75        	2.803826e-17
669.8         	2.803830e-17
669.85        	2.803835e-17
669.9         	2.803839e-17
669.95        	2.803843e-17
670           	2.803848e-17
670.05        	2.803852e-17
670.1         	2.803857e-17
670.15        	2.803861e-17
670.2         	2.803866e-17
670.25        	2.803870e-17
670.3         	2.803875e-17
670.35        	2.803879e-17
670.4         	2.803884e-17
670.45        	2.803888e-17
670.5         	2.803893e-17
670.55        	2.803897e-17
670.6         	2.803902e-17
670.65        	2.803906e-17
670.7         	2.803910e-17
670.75        	2.803915e-17
670.8         	2.803919e-17
670.85        	2.803924e-17
670.9         	2.803928e-17
670.95        	2.803933e-17
671           	2.803937e-17
671.05        	2.803942e-17
671.1         	2.803946e-17
671.15        	2.803951e-17
671.2         	2.803955e-17
671.25        	2.803959e-17
671.3         	2.803964e-17
671.35        	2.803968e-17
671.4         	2.803973e-17
671.45        	2.803977e-17
671.5         	2.803982e-17
671.55        	2.803986e-17
671.6         	2.803991e-17
671.65        	2.803995e-17
671.7         	2.803999e-17
671.75        	2.804004e-17
671.8         	2.804008e-17
671.85        	2.804013e-17
671.9         	2.804017e-17
671.95        	2.804022e-17
672           	2.804026e-17
672.05        	2.804030e-17
672.1         	2.804035e-17
672.15        	2.804039e-17
672.2         	2.804044e-17
672.25        	2.804048e-17
672.3         	2.804053e-17
672.35        	2.804057e-17
672.4         	2.804061e-17
672.45        	2.804066e-17
672.5         	2.804070e-17
672.55        	2.804075e-17
672.6         	2.804079e-17
672.65        	2.804084e-17
672.7         	2.804088e-17
672.75        	2.804092e-17
672.8         	2.804097e-17
672.85        	2.804101e-17
672.9         	2.804106e-17
672.95        	2.804110e-17
673           	2.804114e-17
673.05        	2.804119e-17
673.1         	2.804123e-17
673.15        	2.804128e-17
673.2         	2.804132e-17
673.25        	2.804137e-17
673.3         	2.804141e-17
673.35        	2.804145e-17
673.4         	2.804150e-17
673.45        	2.804154e-17
673.5         	2.804159e-17
673.55        	2.804163e-17
673.6         	2.804167e-17
673.65        	2.804172e-17
673.7         	2.804176e-17
673.75        	2.804181e-17
673.8         	2.804185e-17
673.85        	2.804189e-17
673.9         	2.804194e-17
673.95        	2.804198e-17
674           	2.804203e-17
674.05        	2.804207e-17
674.1         	2.804211e-17
674.15        	2.804216e-17
674.2         	2.804220e-17
674.25        	2.804225e-17
674.3         	2.804229e-17
674.35        	2.804233e-17
674.4         	2.804238e-17
674.45        	2.804242e-17
674.5         	2.804246e-17
674.55        	2.804251e-17
674.6         	2.804255e-17
674.65        	2.804260e-17
674.7         	2.804264e-17
674.75        	2.804268e-17
674.8         	2.804273e-17
674.85        	2.804277e-17
674.9         	2.804281e-17
674.95        	2.804286e-17
675           	2.804290e-17
675.05        	2.804295e-17
675.1         	2.804299e-17
675.15        	2.804303e-17
675.2         	2.804308e-17
675.25        	2.804312e-17
675.3         	2.804316e-17
675.35        	2.804321e-17
675.4         	2.804325e-17
675.45        	2.804330e-17
675.5         	2.804334e-17
675.55        	2.804338e-17
675.6         	2.804343e-17
675.65        	2.804347e-17
675.7         	2.804351e-17
675.75        	2.804356e-17
675.8         	2.804360e-17
675.85        	2.804364e-17
675.9         	2.804369e-17
675.95        	2.804373e-17
676           	2.804378e-17
676.05        	2.804382e-17
676.1         	2.804386e-17
676.15        	2.804391e-17
676.2         	2.804395e-17
676.25        	2.804399e-17
676.3         	2.804404e-17
676.35        	2.804408e-17
676.4         	2.804412e-17
676.45        	2.804417e-17
676.5         	2.804421e-17
676.55        	2.804425e-17
676.6         	2.804430e-17
676.65        	2.804434e-17
676.7         	2.804438e-17
676.75        	2.804443e-17
676.8         	2.804447e-17
676.85        	2.804451e-17
676.9         	2.804456e-17
676.95        	2.804460e-17
677           	2.804464e-17
677.05        	2.804469e-17
677.1         	2.804473e-17
677.15        	2.804477e-17
677.2         	2.804482e-17
677.25        	2.804486e-17
677.3         	2.804490e-17
677.35        	2.804495e-17
677.4         	2.804499e-17
677.45        	2.804503e-17
677.5         	2.804508e-17
677.55        	2.804512e-17
677.6         	2.804516e-17
677.65        	2.804521e-17
677.7         	2.804525e-17
677.75        	2.804529e-17
677.8         	2.804534e-17
677.85        	2.804538e-17
677.9         	2.804542e-17
677.95        	2.804547e-17
678           	2.804551e-17
678.05        	2.804555e-17
678.1         	2.804560e-17
678.15        	2.804564e-17
678.2         	2.804568e-17
678.25        	2.804572e-17
678.3         	2.804577e-17
678.35        	2.804581e-17
678.4         	2.804585e-17
678.45        	2.804590e-17
678.5         	2.804594e-17
678.55        	2.804598e-17
678.6         	2.804603e-17
678.65        	2.804607e-17
678.7         	2.804611e-17
678.75        	2.804616e-17
678.8         	2.804620e-17
678.85        	2.804624e-17
678.9         	2.804628e-17
678.95        	2.804633e-17
679           	2.804637e-17
679.05        	2.804641e-17
679.1         	2.804646e-17
679.15        	2.804650e-17
679.2         	2.804654e-17
679.25        	2.804659e-17
679.3         	2.804663e-17
679.35        	2.804667e-17
679.4         	2.804671e-17
679.45        	2.804676e-17
679.5         	2.804680e-17
679.55        	2.804684e-17
679.6         	2.804689e-17
679.65        	2.804693e-17
679.7         	2.804697e-17
679.75        	2.804701e-17
679.8         	2.804706e-17
679.85        	2.804710e-17
679.9         	2.804714e-17
679.95        	2.804718e-17
680           	2.804723e-17
680.05        	2.804727e-17
680.1         	2.804731e-17
680.15        	2.804736e-17
680.2         	2.804740e-17
680.25        	2.804744e-17
680.3         	2.804748e-17
680.35        	2.804753e-17
680.4         	2.804757e-17
680.45        	2.804761e-17
680.5         	2.804765e-17
680.55        	2.804770e-17
680.6         	2.804774e-17
680.65        	2.804778e-17
680.7         	2.804783e-17
680.75        	2.804787e-17
680.8         	2.804791e-17
680.85        	2.804795e-17
680.9         	2.804800e-17
680.95        	2.804804e-17
681           	2.804808e-17
681.05        	2.804812e-17
681.1         	2.804817e-17
681.15        	2.804821e-17
681.2         	2.804825e-17
681.25        	2.804829e-17
681.3         	2.804834e-17
681.35        	2.804838e-17
681.4         	2.804842e-17
681.45        	2.804846e-17
681.5         	2.804851e-17
681.55        	2.804855e-17
681.6         	2.804859e-17
681.65        	2.804863e-17
681.7         	2.804868e-17
681.75        	2.804872e-17
681.8         	2.804876e-17
681.85        	2.804880e-17
681.9         	2.804885e-17
681.95        	2.804889e-17
682           	2.804893e-17
682.05        	2.804897e-17
682.1         	2.804902e-17
682.15        	2.804906e-17
682.2         	2.804910e-17
682.25        	2.804914e-17
682.3         	2.804919e-17
682.35        	2.804923e-17
682.4         	2.804927e-17
682.45        	2.804931e-17
682.5         	2.804935e-17
682.55        	2.804940e-17
682.6         	2.804944e-17
682.65        	2.804948e-17
682.7         	2.804952e-17
682.75        	2.804957e-17
682.8         	2.804961e-17
682.85        	2.804965e-17
682.9         	2.804969e-17
682.95        	2.804973e-17
683           	2.804978e-17
683.05        	2.804982e-17
683.1         	2.804986e-17
683.15        	2.804990e-17
683.2         	2.804995e-17
683.25        	2.804999e-17
683.3         	2.805003e-17
683.35        	2.805007e-17
683.4         	2.805011e-17
683.45        	2.805016e-17
683.5         	2.805020e-17
683.55        	2.805024e-17
683.6         	2.805028e-17
683.65        	2.805032e-17
683.7         	2.805037e-17
683.75        	2.805041e-17
683.8         	2.805045e-17
683.85        	2.805049e-17
683.9         	2.805054e-17
683.95        	2.805058e-17
684           	2.805062e-17
684.05        	2.805066e-17
684.1         	2.805070e-17
684.15        	2.805075e-17
684.2         	2.805079e-17
684.25        	2.805083e-17
684.3         	2.805087e-17
684.35        	2.805091e-17
684.4         	2.805095e-17
684.45        	2.805100e-17
684.5         	2.805104e-17
684.55        	2.805108e-17
684.6         	2.805112e-17
684.65        	2.805116e-17
684.7         	2.805121e-17
684.75        	2.805125e-17
684.8         	2.805129e-17
684.85        	2.805133e-17
684.9         	2.805137e-17
684.95        	2.805142e-17
685           	2.805146e-17
685.05        	2.805150e-17
685.1         	2.805154e-17
685.15        	2.805158e-17
685.2         	2.805162e-17
685.25        	2.805167e-17
685.3         	2.805171e-17
685.35        	2.805175e-17
685.4         	2.805179e-17
685.45        	2.805183e-17
685.5         	2.805188e-17
685.55        	2.805192e-17
685.6         	2.805196e-17
685.65        	2.805200e-17
685.7         	2.805204e-17
685.75        	2.805208e-17
685.8         	2.805213e-17
685.85        	2.805217e-17
685.9         	2.805221e-17
685.95        	2.805225e-17
686           	2.805229e-17
686.05        	2.805233e-17
686.1         	2.805238e-17
686.15        	2.805242e-17
686.2         	2.805246e-17
686.25        	2.805250e-17
686.3         	2.805254e-17
686.35        	2.805258e-17
686.4         	2.805263e-17
686.45        	2.805267e-17
686.5         	2.805271e-17
686.55        	2.805275e-17
686.6         	2.805279e-17
686.65        	2.805283e-17
686.7         	2.805287e-17
686.75        	2.805292e-17
686.8         	2.805296e-17
686.85        	2.805300e-17
686.9         	2.805304e-17
686.95        	2.805308e-17
687           	2.805312e-17
687.05        	2.805316e-17
687.1         	2.805321e-17
687.15        	2.805325e-17
687.2         	2.805329e-17
687.25        	2.805333e-17
687.3         	2.805337e-17
687.35        	2.805341e-17
687.4         	2.805345e-17
687.45        	2.805350e-17
687.5         	2.805354e-17
687.55        	2.805358e-17
687.6         	2.805362e-17
687.65        	2.805366e-17
687.7         	2.805370e-17
687.75        	2.805374e-17
687.8         	2.805379e-17
687.85        	2.805383e-17
687.9         	2.805387e-17
687.95        	2.805391e-17
688           	2.805395e-17
688.05        	2.805399e-17
688.1         	2.805403e-17
688.15        	2.805407e-17
688.2         	2.805412e-17
688.25        	2.805416e-17
688.3         	2.805420e-17
688.35        	2.805424e-17
688.4         	2.805428e-17
688.45        	2.805432e-17
688.5         	2.805436e-17
688.55        	2.805440e-17
688.6         	2.805444e-17
688.65        	2.805449e-17
688.7         	2.805453e-17
688.75        	2.805457e-17
688.8         	2.805461e-17
688.85        	2.805465e-17
688.9         	2.805469e-17
688.95        	2.805473e-17
689           	2.805477e-17
689.05        	2.805482e-17
689.1         	2.805486e-17
689.15        	2.805490e-17
689.2         	2.805494e-17
689.25        	2.805498e-17
689.3         	2.805502e-17
689.35        	2.805506e-17
689.4         	2.805510e-17
689.45        	2.805514e-17
689.5         	2.805518e-17
689.55        	2.805523e-17
689.6         	2.805527e-17
689.65        	2.805531e-17
689.7         	2.805535e-17
689.75        	2.805539e-17
689.8         	2.805543e-17
689.85        	2.805547e-17
689.9         	2.805551e-17
689.95        	2.805555e-17
690           	2.805559e-17
690.05        	2.805563e-17
690.1         	2.805568e-17
690.15        	2.805572e-17
690.2         	2.805576e-17
690.25        	2.805580e-17
690.3         	2.805584e-17
690.35        	2.805588e-17
690.4         	2.805592e-17
690.45        	2.805596e-17
690.5         	2.805600e-17
690.55        	2.805604e-17
690.6         	2.805608e-17
690.65        	2.805612e-17
690.7         	2.805617e-17
690.75        	2.805621e-17
690.8         	2.805625e-17
690.85        	2.805629e-17
690.9         	2.805633e-17
690.95        	2.805637e-17
691           	2.805641e-17
691.05        	2.805645e-17
691.1         	2.805649e-17
691.15        	2.805653e-17
691.2         	2.805657e-17
691.25        	2.805661e-17
691.3         	2.805665e-17
691.35        	2.805669e-17
691.4         	2.805674e-17
691.45        	2.805678e-17
691.5         	2.805682e-17
691.55        	2.805686e-17
691.6         	2.805690e-17
691.65        	2.805694e-17
691.7         	2.805698e-17
691.75        	2.805702e-17
691.8         	2.805706e-17
691.85        	2.805710e-17
691.9         	2.805714e-17
691.95        	2.805718e-17
692           	2.805722e-17
692.05        	2.805726e-17
692.1         	2.805730e-17
692.15        	2.805734e-17
692.2         	2.805738e-17
692.25        	2.805743e-17
692.3         	2.805747e-17
692.35        	2.805751e-17
692.4         	2.805755e-17
692.45        	2.805759e-17
692.5         	2.805763e-17
692.55        	2.805767e-17
692.6         	2.805771e-17
692.65        	2.805775e-17
692.7         	2.805779e-17
692.75        	2.805783e-17
692.8         	2.805787e-17
692.85        	2.805791e-17
692.9         	2.805795e-17
692.95        	2.805799e-17
693           	2.805803e-17
693.05        	2.805807e-17
693.1         	2.805811e-17
693.15        	2.805815e-17
693.2         	2.805819e-17
693.25        	2.805823e-17
693.3         	2.805827e-17
693.35        	2.805831e-17
693.4         	2.805835e-17
693.45        	2.805839e-17
693.5         	2.805843e-17
693.55        	2.805847e-17
693.6         	2.805852e-17
693.65        	2.805856e-17
693.7         	2.805860e-17
693.75        	2.805864e-17
693.8         	2.805868e-17
693.85        	2.805872e-17
693.9         	2.805876e-17
693.95        	2.805880e-17
694           	2.805884e-17
694.05        	2.805888e-17
694.1         	2.805892e-17
694.15        	2.805896e-17
694.2         	2.805900e-17
694.25        	2.805904e-17
694.3         	2.805908e-17
694.35        	2.805912e-17
694.4         	2.805916e-17
694.45        	2.805920e-17
694.5         	2.805924e-17
694.55        	2.805928e-17
694.6         	2.805932e-17
694.65        	2.805936e-17
694.7         	2.805940e-17
694.75        	2.805944e-17
694.8         	2.805948e-17
694.85        	2.805952e-17
694.9         	2.805956e-17
694.95        	2.805960e-17
695           	2.805964e-17
695.05        	2.805968e-17
695.1         	2.805972e-17
695.15        	2.805976e-17
695.2         	2.805980e-17
695.25        	2.805984e-17
695.3         	2.805988e-17
695.35        	2.805992e-17
695.4         	2.805996e-17
695.45        	2.806000e-17
695.5         	2.806004e-17
695.55        	2.806008e-17
695.6         	2.806012e-17
695.65        	2.806016e-17
695.7         	2.806020e-17
695.75        	2.806024e-17
695.8         	2.806028e-17
695.85        	2.806032e-17
695.9         	2.806036e-17
695.95        	2.806040e-17
696           	2.806044e-17
696.05        	2.806048e-17
696.1         	2.806052e-17
696.15        	2.806056e-17
696.2         	2.806060e-17
696.25        	2.806064e-17
696.3         	2.806068e-17
696.35        	2.806072e-17
696.4         	2.806075e-17
696.45        	2.806079e-17
696.5         	2.806083e-17
696.55        	2.806087e-17
696.6         	2.806091e-17
696.65        	2.806095e-17
696.7         	2.806099e-17
696.75        	2.806103e-17
696.8         	2.806107e-17
696.85        	2.806111e-17
696.9         	2.806115e-17
696.95        	2.806119e-17
697           	2.806123e-17
697.05        	2.806127e-17
697.1         	2.806131e-17
697.15        	2.806135e-17
697.2         	2.806139e-17
697.25        	2.806143e-17
697.3         	2.806147e-17
697.35        	2.806151e-17
697.4         	2.806155e-17
697.45        	2.806159e-17
697.5         	2.806163e-17
697.55        	2.806167e-17
697.6         	2.806171e-17
697.65        	2.806175e-17
697.7         	2.806179e-17
697.75        	2.806182e-17
697.8         	2.806186e-17
697.85        	2.806190e-17
697.9         	2.806194e-17
697.95        	2.806198e-17
698           	2.806202e-17
698.05        	2.806206e-17
698.1         	2.806210e-17
698.15        	2.806214e-17
698.2         	2.806218e-17
698.25        	2.806222e-17
698.3         	2.806226e-17
698.35        	2.806230e-17
698.4         	2.806234e-17
698.45        	2.806238e-17
698.5         	2.806242e-17
698.55        	2.806246e-17
698.6         	2.806250e-17
698.65        	2.806253e-17
698.7         	2.806257e-17
698.75        	2.806261e-17
698.8         	2.806265e-17
698.85        	2.806269e-17
698.9         	2.806273e-17
698.95        	2.806277e-17
699           	2.806281e-17
699.05        	2.806285e-17
699.1         	2.806289e-17
699.15        	2.806293e-17
699.2         	2.806297e-17
699.25        	2.806301e-17
699.3         	2.806305e-17
699.35        	2.806308e-17
699.4         	2.806312e-17
699.45        	2.806316e-17
699.5         	2.806320e-17
699.55        	2.806324e-17
699.6         	2.806328e-17
699.65        	2.806332e-17
699.7         	2.806336e-17
699.75        	2.806340e-17
699.8         	2.806344e-17
699.85        	2.806348e-17
699.9         	2.806352e-17
699.95        	2.806355e-17
700           	2.806359e-17
700.05        	2.806363e-17
700.1         	2.806367e-17
700.15        	2.806371e-17
700.2         	2.806375e-17
700.25        	2.806379e-17
700.3         	2.806383e-17
700.35        	2.806387e-17
700.4         	2.806391e-17
700.45        	2.806395e-17
700.5         	2.806398e-17
700.55        	2.806402e-17
700.6         	2.806406e-17
700.65        	2.806410e-17
700.7         	2.806414e-17
700.75        	2.806418e-17
700.8         	2.806422e-17
700.85        	2.806426e-17
700.9         	2.806430e-17
700.95        	2.806434e-17
701           	2.806437e-17
701.05        	2.806441e-17
701.1         	2.806445e-17
701.15        	2.806449e-17
701.2         	2.806453e-17
701.25        	2.806457e-17
701.3         	2.806461e-17
701.35        	2.806465e-17
701.4         	2.806469e-17
701.45        	2.806472e-17
701.5         	2.806476e-17
701.55        	2.806480e-17
701.6         	2.806484e-17
701.65        	2.806488e-17
701.7         	2.806492e-17
701.75        	2.806496e-17
701.8         	2.806500e-17
701.85        	2.806503e-17
701.9         	2.806507e-17
701.95        	2.806511e-17
702           	2.806515e-17
702.05        	2.806519e-17
702.1         	2.806523e-17
702.15        	2.806527e-17
702.2         	2.806531e-17
702.25        	2.806534e-17
702.3         	2.806538e-17
702.35        	2.806542e-17
702.4         	2.806546e-17
702.45        	2.806550e-17
702.5         	2.806554e-17
702.55        	2.806558e-17
702.6         	2.806562e-17
702.65        	2.806565e-17
702.7         	2.806569e-17
702.75        	2.806573e-17
702.8         	2.806577e-17
702.85        	2.806581e-17
702.9         	2.806585e-17
702.95        	2.806589e-17
703           	2.806592e-17
703.05        	2.806596e-17
703.1         	2.806600e-17
703.15        	2.806604e-17
703.2         	2.806608e-17
703.25        	2.806612e-17
703.3         	2.806616e-17
703.35        	2.806619e-17
703.4         	2.806623e-17
703.45        	2.806627e-17
703.5         	2.806631e-17
703.55        	2.806635e-17
703.6         	2.806639e-17
703.65        	2.806643e-17
703.7         	2.806646e-17
703.75        	2.806650e-17
703.8         	2.806654e-17
703.85        	2.806658e-17
703.9         	2.806662e-17
703.95        	2.806666e-17
704           	2.806669e-17
704.05        	2.806673e-17
704.1         	2.806677e-17
704.15        	2.806681e-17
704.2         	2.806685e-17
704.25        	2.806689e-17
704.3         	2.806693e-17
704.35        	2.806696e-17
704.4         	2.806700e-17
704.45        	2.806704e-17
704.5         	2.806708e-17
704.55        	2.806712e-17
704.6         	2.806716e-17
704.65        	2.806719e-17
704.7         	2.806723e-17
704.75        	2.806727e-17
704.8         	2.806731e-17
704.85        	2.806735e-17
704.9         	2.806738e-17
704.95        	2.806742e-17
705           	2.806746e-17
705.05        	2.806750e-17
705.1         	2.806754e-17
705.15        	2.806758e-17
705.2         	2.806761e-17
705.25        	2.806765e-17
705.3         	2.806769e-17
705.35        	2.806773e-17
705.4         	2.806777e-17
705.45        	2.806781e-17
705.5         	2.806784e-17
705.55        	2.806788e-17
705.6         	2.806792e-17
705.65        	2.806796e-17
705.7         	2.806800e-17
705.75        	2.806803e-17
705.8         	2.806807e-17
705.85        	2.806811e-17
705.9         	2.806815e-17
705.95        	2.806819e-17
706           	2.806822e-17
706.05        	2.806826e-17
706.1         	2.806830e-17
706.15        	2.806834e-17
706.2         	2.806838e-17
706.25        	2.806841e-17
706.3         	2.806845e-17
706.35        	2.806849e-17
706.4         	2.806853e-17
706.45        	2.806857e-17
706.5         	2.806860e-17
706.55        	2.806864e-17
706.6         	2.806868e-17
706.65        	2.806872e-17
706.7         	2.806876e-17
706.75        	2.806879e-17
706.8         	2.806883e-17
706.85        	2.806887e-17
706.9         	2.806891e-17
706.95        	2.806895e-17
707           	2.806898e-17
707.05        	2.806902e-17
707.1         	2.806906e-17
707.15        	2.806910e-17
707.2         	2.806914e-17
707.25        	2.806917e-17
707.3         	2.806921e-17
707.35        	2.806925e-17
707.4         	2.806929e-17
707.45        	2.806933e-17
707.5         	2.806936e-17
707.55        	2.806940e-17
707.6         	2.806944e-17
707.65        	2.806948e-17
707.7         	2.806951e-17
707.75        	2.806955e-17
707.8         	2.806959e-17
707.85        	2.806963e-17
707.9         	2.806967e-17
707.95        	2.806970e-17
708           	2.806974e-17
708.05        	2.806978e-17
708.1         	2.806982e-17
708.15        	2.806985e-17
708.2         	2.806989e-17
708.25        	2.806993e-17
708.3         	2.806997e-17
708.35        	2.807000e-17
708.4         	2.807004e-17
708.45        	2.807008e-17
708.5         	2.807012e-17
708.55        	2.807016e-17
708.6         	2.807019e-17
708.65        	2.807023e-17
708.7         	2.807027e-17
708.75        	2.807031e-17
708.8         	2.807034e-17
708.85        	2.807038e-17
708.9         	2.807042e-17
708.95        	2.807046e-17
709           	2.807049e-17
709.05        	2.807053e-17
709.1         	2.807057e-17
709.15        	2.807061e-17
709.2         	2.807064e-17
709.25        	2.807068e-17
709.3         	2.807072e-17
709.35        	2.807076e-17
709.4         	2.807079e-17
709.45        	2.807083e-17
709.5         	2.807087e-17
709.55        	2.807091e-17
709.6         	2.807094e-17
709.65        	2.807098e-17
709.7         	2.807102e-17
709.75        	2.807106e-17
709.8         	2.807109e-17
709.85        	2.807113e-17
709.9         	2.807117e-17
709.95        	2.807121e-17
710           	2.807124e-17
710.05        	2.807128e-17
710.1         	2.807132e-17
710.15        	2.807136e-17
710.2         	2.807139e-17
710.25        	2.807143e-17
710.3         	2.807147e-17
710.35        	2.807150e-17
710.4         	2.807154e-17
710.45        	2.807158e-17
710.5         	2.807162e-17
710.55        	2.807165e-17
710.6         	2.807169e-17
710.65        	2.807173e-17
710.7         	2.807177e-17
710.75        	2.807180e-17
710.8         	2.807184e-17
710.85        	2.807188e-17
710.9         	2.807191e-17
710.95        	2.807195e-17
711           	2.807199e-17
711.05        	2.807203e-17
711.1         	2.807206e-17
711.15        	2.807210e-17
711.2         	2.807214e-17
711.25        	2.807218e-17
711.3         	2.807221e-17
711.35        	2.807225e-17
711.4         	2.807229e-17
711.45        	2.807232e-17
711.5         	2.807236e-17
711.55        	2.807240e-17
711.6         	2.807244e-17
711.65        	2.807247e-17
711.7         	2.807251e-17
711.75        	2.807255e-17
711.8         	2.807258e-17
711.85        	2.807262e-17
711.9         	2.807266e-17
711.95        	2.807270e-17
712           	2.807273e-17
712.05        	2.807277e-17
712.1         	2.807281e-17
712.15        	2.807284e-17
712.2         	2.807288e-17
712.25        	2.807292e-17
712.3         	2.807295e-17
712.35        	2.807299e-17
712.4         	2.807303e-17
712.45        	2.807307e-17
712.5         	2.807310e-17
712.55        	2.807314e-17
712.6         	2.807318e-17
712.65        	2.807321e-17
712.7         	2.807325e-17
712.75        	2.807329e-17
712.8         	2.807332e-17
712.85        	2.807336e-17
712.9         	2.807340e-17
712.95        	2.807343e-17
713           	2.807347e-17
713.05        	2.807351e-17
713.1         	2.807355e-17
713.15        	2.807358e-17
713.2         	2.807362e-17
713.25        	2.807366e-17
713.3         	2.807369e-17
713.35        	2.807373e-17
713.4         	2.807377e-17
713.45        	2.807380e-17
713.5         	2.807384e-17
713.55        	2.807388e-17
713.6         	2.807391e-17
713.65        	2.807395e-17
713.7         	2.807399e-17
713.75        	2.807402e-17
713.8         	2.807406e-17
713.85        	2.807410e-17
713.9         	2.807413e-17
713.95        	2.807417e-17
714           	2.807421e-17
714.05        	2.807424e-17
714.1         	2.807428e-17
714.15        	2.807432e-17
714.2         	2.807436e-17
714.25        	2.807439e-17
714.3         	2.807443e-17
714.35        	2.807447e-17
714.4         	2.807450e-17
714.45        	2.807454e-17
714.5         	2.807458e-17
714.55        	2.807461e-17
714.6         	2.807465e-17
714.65        	2.807468e-17
714.7         	2.807472e-17
714.75        	2.807476e-17
714.8         	2.807479e-17
714.85        	2.807483e-17
714.9         	2.807487e-17
714.95        	2.807490e-17
715           	2.807494e-17
715.05        	2.807498e-17
715.1         	2.807501e-17
715.15        	2.807505e-17
715.2         	2.807509e-17
715.25        	2.807512e-17
715.3         	2.807516e-17
715.35        	2.807520e-17
715.4         	2.807523e-17
715.45        	2.807527e-17
715.5         	2.807531e-17
715.55        	2.807534e-17
715.6         	2.807538e-17
715.65        	2.807542e-17
715.7         	2.807545e-17
715.75        	2.807549e-17
715.8         	2.807553e-17
715.85        	2.807556e-17
715.9         	2.807560e-17
715.95        	2.807563e-17
716           	2.807567e-17
716.05        	2.807571e-17
716.1         	2.807574e-17
716.15        	2.807578e-17
716.2         	2.807582e-17
716.25        	2.807585e-17
716.3         	2.807589e-17
716.35        	2.807593e-17
716.4         	2.807596e-17
716.45        	2.807600e-17
716.5         	2.807603e-17
716.55        	2.807607e-17
716.6         	2.807611e-17
716.65        	2.807614e-17
716.7         	2.807618e-17
716.75        	2.807622e-17
716.8         	2.807625e-17
716.85        	2.807629e-17
716.9         	2.807632e-17
716.95        	2.807636e-17
717           	2.807640e-17
717.05        	2.807643e-17
717.1         	2.807647e-17
717.15        	2.807651e-17
717.2         	2.807654e-17
717.25        	2.807658e-17
717.3         	2.807661e-17
717.35        	2.807665e-17
717.4         	2.807669e-17
717.45        	2.807672e-17
717.5         	2.807676e-17
717.55        	2.807680e-17
717.6         	2.807683e-17
717.65        	2.807687e-17
717.7         	2.807690e-17
717.75        	2.807694e-17
717.8         	2.807698e-17
717.85        	2.807701e-17
717.9         	2.807705e-17
717.95        	2.807708e-17
718           	2.807712e-17
718.05        	2.807716e-17
718.1         	2.807719e-17
718.15        	2.807723e-17
718.2         	2.807726e-17
718.25        	2.807730e-17
718.3         	2.807734e-17
718.35        	2.807737e-17
718.4         	2.807741e-17
718.45        	2.807744e-17
718.5         	2.807748e-17
718.55        	2.807752e-17
718.6         	2.807755e-17
718.65        	2.807759e-17
718.7         	2.807762e-17
718.75        	2.807766e-17
718.8         	2.807770e-17
718.85        	2.807773e-17
718.9         	2.807777e-17
718.95        	2.807780e-17
719           	2.807784e-17
719.05        	2.807788e-17
719.1         	2.807791e-17
719.15        	2.807795e-17
719.2         	2.807798e-17
719.25        	2.807802e-17
719.3         	2.807806e-17
719.35        	2.807809e-17
719.4         	2.807813e-17
719.45        	2.807816e-17
719.5         	2.807820e-17
719.55        	2.807823e-17
719.6         	2.807827e-17
719.65        	2.807831e-17
719.7         	2.807834e-17
719.75        	2.807838e-17
719.8         	2.807841e-17
719.85        	2.807845e-17
719.9         	2.807849e-17
719.95        	2.807852e-17
720           	2.807856e-17
720.05        	2.807859e-17
720.1         	2.807863e-17
720.15        	2.807866e-17
720.2         	2.807870e-17
720.25        	2.807874e-17
720.3         	2.807877e-17
720.35        	2.807881e-17
720.4         	2.807884e-17
720.45        	2.807888e-17
720.5         	2.807891e-17
720.55        	2.807895e-17
720.6         	2.807899e-17
720.65        	2.807902e-17
720.7         	2.807906e-17
720.75        	2.807909e-17
720.8         	2.807913e-17
720.85        	2.807916e-17
720.9         	2.807920e-17
720.95        	2.807924e-17
721           	2.807927e-17
721.05        	2.807931e-17
721.1         	2.807934e-17
721.15        	2.807938e-17
721.2         	2.807941e-17
721.25        	2.807945e-17
721.3         	2.807948e-17
721.35        	2.807952e-17
721.4         	2.807956e-17
721.45        	2.807959e-17
721.5         	2.807963e-17
721.55        	2.807966e-17
721.6         	2.807970e-17
721.65        	2.807973e-17
721.7         	2.807977e-17
721.75        	2.807980e-17
721.8         	2.807984e-17
721.85        	2.807987e-17
721.9         	2.807991e-17
721.95        	2.807995e-17
722           	2.807998e-17
722.05        	2.808002e-17
722.1         	2.808005e-17
722.15        	2.808009e-17
722.2         	2.808012e-17
722.25        	2.808016e-17
722.3         	2.808019e-17
722.35        	2.808023e-17
722.4         	2.808026e-17
722.45        	2.808030e-17
722.5         	2.808033e-17
722.55        	2.808037e-17
722.6         	2.808041e-17
722.65        	2.808044e-17
722.7         	2.808048e-17
722.75        	2.808051e-17
722.8         	2.808055e-17
722.85        	2.808058e-17
722.9         	2.808062e-17
722.95        	2.808065e-17
723           	2.808069e-17
723.05        	2.808072e-17
723.1         	2.808076e-17
723.15        	2.808079e-17
723.2         	2.808083e-17
723.25        	2.808086e-17
723.3         	2.808090e-17
723.35        	2.808093e-17
723.4         	2.808097e-17
723.45        	2.808101e-17
723.5         	2.808104e-17
723.55        	2.808108e-17
723.6         	2.808111e-17
723.65        	2.808115e-17
723.7         	2.808118e-17
723.75        	2.808122e-17
723.8         	2.808125e-17
723.85        	2.808129e-17
723.9         	2.808132e-17
723.95        	2.808136e-17
724           	2.808139e-17
724.05        	2.808143e-17
724.1         	2.808146e-17
724.15        	2.808150e-17
724.2         	2.808153e-17
724.25        	2.808157e-17
724.3         	2.808160e-17
724.35        	2.808164e-17
724.4         	2.808167e-17
724.45        	2.808171e-17
724.5         	2.808174e-17
724.55        	2.808178e-17
724.6         	2.808181e-17
724.65        	2.808185e-17
724.7         	2.808188e-17
724.75        	2.808192e-17
724.8         	2.808195e-17
724.85        	2.808199e-17
724.9         	2.808202e-17
724.95        	2.808206e-17
725           	2.808209e-17
725.05        	2.808213e-17
725.1         	2.808216e-17
725.15        	2.808220e-17
725.2         	2.808223e-17
725.25        	2.808227e-17
725.3         	2.808230e-17
725.35        	2.808234e-17
725.4         	2.808237e-17
725.45        	2.808241e-17
725.5         	2.808244e-17
725.55        	2.808248e-17
725.6         	2.808251e-17
725.65        	2.808255e-17
725.7         	2.808258e-17
725.75        	2.808262e-17
725.8         	2.808265e-17
725.85        	2.808269e-17
725.9         	2.808272e-17
725.95        	2.808276e-17
726           	2.808279e-17
726.05        	2.808283e-17
726.1         	2.808286e-17
726.15        	2.808289e-17
726.2         	2.808293e-17
726.25        	2.808296e-17
726.3         	2.808300e-17
726.35        	2.808303e-17
726.4         	2.808307e-17
726.45        	2.808310e-17
726.5         	2.808314e-17
726.55        	2.808317e-17
726.6         	2.808321e-17
726.65        	2.808324e-17
726.7         	2.808328e-17
726.75        	2.808331e-17
726.8         	2.808335e-17
726.85        	2.808338e-17
726.9         	2.808342e-17
726.95        	2.808345e-17
727           	2.808348e-17
727.05        	2.808352e-17
727.1         	2.808356e-17
727.15        	2.808359e-17
727.2         	2.808362e-17
727.25        	2.808366e-17
727.3         	2.808369e-17
727.35        	2.808373e-17
727.4         	2.808376e-17
727.45        	2.808380e-17
727.5         	2.808383e-17
727.55        	2.808387e-17
727.6         	2.808390e-17
727.65        	2.808394e-17
727.7         	2.808397e-17
727.75        	2.808400e-17
727.8         	2.808404e-17
727.85        	2.808408e-17
727.9         	2.808411e-17
727.95        	2.808414e-17
728           	2.808418e-17
728.05        	2.808421e-17
728.1         	2.808425e-17
728.15        	2.808428e-17
728.2         	2.808432e-17
728.25        	2.808435e-17
728.3         	2.808439e-17
728.35        	2.808442e-17
728.4         	2.808445e-17
728.45        	2.808449e-17
728.5         	2.808452e-17
728.55        	2.808456e-17
728.6         	2.808459e-17
728.65        	2.808463e-17
728.7         	2.808466e-17
728.75        	2.808469e-17
728.8         	2.808473e-17
728.85        	2.808476e-17
728.9         	2.808480e-17
728.95        	2.808483e-17
729           	2.808487e-17
729.05        	2.808490e-17
729.1         	2.808494e-17
729.15        	2.808497e-17
729.2         	2.808501e-17
729.25        	2.808504e-17
729.3         	2.808508e-17
729.35        	2.808511e-17
729.4         	2.808514e-17
729.45        	2.808518e-17
729.5         	2.808521e-17
729.55        	2.808525e-17
729.6         	2.808528e-17
729.65        	2.808532e-17
729.7         	2.808535e-17
729.75        	2.808539e-17
729.8         	2.808542e-17
729.85        	2.808545e-17
729.9         	2.808549e-17
729.95        	2.808552e-17
730           	2.808556e-17
730.05        	2.808559e-17
730.1         	2.808563e-17
730.15        	2.808566e-17
730.2         	2.808569e-17
730.25        	2.808573e-17
730.3         	2.808576e-17
730.35        	2.808580e-17
730.4         	2.808583e-17
730.45        	2.808587e-17
730.5         	2.808590e-17
730.55        	2.808593e-17
730.6         	2.808597e-17
730.65        	2.808601e-17
730.7         	2.808604e-17
730.75        	2.808607e-17
730.8         	2.808611e-17
730.85        	2.808614e-17
730.9         	2.808618e-17
730.95        	2.808621e-17
731           	2.808624e-17
731.05        	2.808628e-17
731.1         	2.808631e-17
731.15        	2.808635e-17
731.2         	2.808638e-17
731.25        	2.808642e-17
731.3         	2.808645e-17
731.35        	2.808648e-17
731.4         	2.808652e-17
731.45        	2.808655e-17
731.5         	2.808659e-17
731.55        	2.808662e-17
731.6         	2.808666e-17
731.65        	2.808669e-17
731.7         	2.808672e-17
731.75        	2.808676e-17
731.8         	2.808679e-17
731.85        	2.808683e-17
731.9         	2.808686e-17
731.95        	2.808689e-17
732           	2.808693e-17
732.05        	2.808696e-17
732.1         	2.808700e-17
732.15        	2.808703e-17
732.2         	2.808707e-17
732.25        	2.808710e-17
732.3         	2.808713e-17
732.35        	2.808717e-17
732.4         	2.808721e-17
732.45        	2.808724e-17
732.5         	2.808727e-17
732.55        	2.808730e-17
732.6         	2.808734e-17
732.65        	2.808738e-17
732.7         	2.808741e-17
732.75        	2.808744e-17
732.8         	2.808748e-17
732.85        	2.808751e-17
732.9         	2.808755e-17
732.95        	2.808758e-17
733           	2.808761e-17
733.05        	2.808765e-17
733.1         	2.808768e-17
733.15        	2.808772e-17
733.2         	2.808775e-17
733.25        	2.808778e-17
733.3         	2.808782e-17
733.35        	2.808785e-17
733.4         	2.808789e-17
733.45        	2.808792e-17
733.5         	2.808796e-17
733.55        	2.808799e-17
733.6         	2.808803e-17
733.65        	2.808806e-17
733.7         	2.808809e-17
733.75        	2.808813e-17
733.8         	2.808816e-17
733.85        	2.808820e-17
733.9         	2.808823e-17
733.95        	2.808827e-17
734           	2.808830e-17
734.05        	2.808833e-17
734.1         	2.808836e-17
734.15        	2.808840e-17
734.2         	2.808844e-17
734.25        	2.808847e-17
734.3         	2.808850e-17
734.35        	2.808854e-17
734.4         	2.808857e-17
734.45        	2.808861e-17
734.5         	2.808864e-17
734.55        	2.808868e-17
734.6         	2.808871e-17
734.65        	2.808874e-17
734.7         	2.808878e-17
734.75        	2.808881e-17
734.8         	2.808885e-17
734.85        	2.808888e-17
734.9         	2.808891e-17
734.95        	2.808895e-17
735           	2.808898e-17
735.05        	2.808902e-17
735.1         	2.808905e-17
735.15        	2.808908e-17
735.2         	2.808912e-17
735.25        	2.808915e-17
735.3         	2.808919e-17
735.35        	2.808922e-17
735.4         	2.808926e-17
735.45        	2.808929e-17
735.5         	2.808932e-17
735.55        	2.808936e-17
735.6         	2.808939e-17
735.65        	2.808943e-17
735.7         	2.808946e-17
735.75        	2.808949e-17
735.8         	2.808953e-17
735.85        	2.808956e-17
735.9         	2.808960e-17
735.95        	2.808963e-17
736           	2.808966e-17
736.05        	2.808970e-17
736.1         	2.808973e-17
736.15        	2.808977e-17
736.2         	2.808980e-17
736.25        	2.808983e-17
736.3         	2.808987e-17
736.35        	2.808990e-17
736.4         	2.808994e-17
736.45        	2.808997e-17
736.5         	2.809000e-17
736.55        	2.809004e-17
736.6         	2.809007e-17
736.65        	2.809011e-17
736.7         	2.809014e-17
736.75        	2.809018e-17
736.8         	2.809021e-17
736.85        	2.809024e-17
736.9         	2.809028e-17
736.95        	2.809031e-17
737           	2.809035e-17
737.05        	2.809038e-17
737.1         	2.809041e-17
737.15        	2.809045e-17
737.2         	2.809048e-17
737.25        	2.809052e-17
737.3         	2.809055e-17
737.35        	2.809059e-17
737.4         	2.809062e-17
737.45        	2.809065e-17
737.5         	2.809069e-17
737.55        	2.809072e-17
737.6         	2.809075e-17
737.65        	2.809079e-17
737.7         	2.809082e-17
737.75        	2.809086e-17
737.8         	2.809089e-17
737.85        	2.809092e-17
737.9         	2.809096e-17
737.95        	2.809099e-17
738           	2.809103e-17
738.05        	2.809106e-17
738.1         	2.809109e-17
738.15        	2.809113e-17
738.2         	2.809116e-17
738.25        	2.809120e-17
738.3         	2.809123e-17
738.35        	2.809126e-17
738.4         	2.809130e-17
738.45        	2.809133e-17
738.5         	2.809136e-17
738.55        	2.809140e-17
738.6         	2.809143e-17
738.65        	2.809147e-17
738.7         	2.809150e-17
738.75        	2.809154e-17
738.8         	2.809157e-17
738.85        	2.809160e-17
738.9         	2.809164e-17
738.95        	2.809167e-17
739           	2.809171e-17
739.05        	2.809174e-17
739.1         	2.809177e-17
739.15        	2.809181e-17
739.2         	2.809184e-17
739.25        	2.809187e-17
739.3         	2.809191e-17
739.35        	2.809194e-17
739.4         	2.809197e-17
739.45        	2.809201e-17
739.5         	2.809204e-17
739.55        	2.809208e-17
739.6         	2.809211e-17
739.65        	2.809214e-17
739.7         	2.809218e-17
739.75        	2.809221e-17
739.8         	2.809225e-17
739.85        	2.809228e-17
739.9         	2.809231e-17
739.95        	2.809235e-17
740           	2.809238e-17
740.05        	2.809242e-17
740.1         	2.809245e-17
740.15        	2.809248e-17
740.2         	2.809252e-17
740.25        	2.809255e-17
740.3         	2.809258e-17
740.35        	2.809262e-17
740.4         	2.809265e-17
740.45        	2.809269e-17
740.5         	2.809272e-17
740.55        	2.809275e-17
740.6         	2.809279e-17
740.65        	2.809282e-17
740.7         	2.809285e-17
740.75        	2.809289e-17
740.8         	2.809292e-17
740.85        	2.809295e-17
740.9         	2.809299e-17
740.95        	2.809302e-17
741           	2.809306e-17
741.05        	2.809309e-17
741.1         	2.809312e-17
741.15        	2.809316e-17
741.2         	2.809319e-17
741.25        	2.809322e-17
741.3         	2.809326e-17
741.35        	2.809329e-17
741.4         	2.809332e-17
741.45        	2.809336e-17
741.5         	2.809339e-17
741.55        	2.809342e-17
741.6         	2.809346e-17
741.65        	2.809349e-17
741.7         	2.809352e-17
741.75        	2.809356e-17
741.8         	2.809359e-17
741.85        	2.809363e-17
741.9         	2.809366e-17
741.95        	2.809369e-17
742           	2.809373e-17
742.05        	2.809376e-17
742.1         	2.809379e-17
742.15        	2.809383e-17
742.2         	2.809386e-17
742.25        	2.809389e-17
742.3         	2.809393e-17
742.35        	2.809396e-17
742.4         	2.809399e-17
742.45        	2.809403e-17
742.5         	2.809406e-17
742.55        	2.809409e-17
742.6         	2.809413e-17
742.65        	2.809416e-17
742.7         	2.809420e-17
742.75        	2.809423e-17
742.8         	2.809426e-17
742.85        	2.809429e-17
742.9         	2.809433e-17
742.95        	2.809436e-17
743           	2.809439e-17
743.05        	2.809443e-17
743.1         	2.809446e-17
743.15        	2.809450e-17
743.2         	2.809453e-17
743.25        	2.809456e-17
743.3         	2.809459e-17
743.35        	2.809463e-17
743.4         	2.809466e-17
743.45        	2.809470e-17
743.5         	2.809473e-17
743.55        	2.809476e-17
743.6         	2.809480e-17
743.65        	2.809483e-17
743.7         	2.809486e-17
743.75        	2.809490e-17
743.8         	2.809493e-17
743.85        	2.809496e-17
743.9         	2.809500e-17
743.95        	2.809503e-17
744           	2.809506e-17
744.05        	2.809509e-17
744.1         	2.809513e-17
744.15        	2.809516e-17
744.2         	2.809519e-17
744.25        	2.809523e-17
744.3         	2.809526e-17
744.35        	2.809529e-17
744.4         	2.809533e-17
744.45        	2.809536e-17
744.5         	2.809539e-17
744.55        	2.809543e-17
744.6         	2.809546e-17
744.65        	2.809549e-17
744.7         	2.809553e-17
744.75        	2.809556e-17
744.8         	2.809559e-17
744.85        	2.809563e-17
744.9         	2.809566e-17
744.95        	2.809569e-17
745           	2.809573e-17
745.05        	2.809576e-17
745.1         	2.809579e-17
745.15        	2.809583e-17
745.2         	2.809586e-17
745.25        	2.809589e-17
745.3         	2.809592e-17
745.35        	2.809596e-17
745.4         	2.809599e-17
745.45        	2.809602e-17
745.5         	2.809606e-17
745.55        	2.809609e-17
745.6         	2.809612e-17
745.65        	2.809616e-17
745.7         	2.809619e-17
745.75        	2.809622e-17
745.8         	2.809626e-17
745.85        	2.809629e-17
745.9         	2.809632e-17
745.95        	2.809636e-17
746           	2.809639e-17
746.05        	2.809642e-17
746.1         	2.809646e-17
746.15        	2.809649e-17
746.2         	2.809652e-17
746.25        	2.809655e-17
746.3         	2.809659e-17
746.35        	2.809662e-17
746.4         	2.809665e-17
746.45        	2.809669e-17
746.5         	2.809672e-17
746.55        	2.809675e-17
746.6         	2.809679e-17
746.65        	2.809682e-17
746.7         	2.809685e-17
746.75        	2.809689e-17
746.8         	2.809692e-17
746.85        	2.809695e-17
746.9         	2.809698e-17
746.95        	2.809702e-17
747           	2.809705e-17
747.05        	2.809708e-17
747.1         	2.809712e-17
747.15        	2.809715e-17
747.2         	2.809718e-17
747.25        	2.809722e-17
747.3         	2.809725e-17
747.35        	2.809728e-17
747.4         	2.809732e-17
747.45        	2.809735e-17
747.5         	2.809738e-17
747.55        	2.809741e-17
747.6         	2.809745e-17
747.65        	2.809748e-17
747.7         	2.809751e-17
747.75        	2.809755e-17
747.8         	2.809758e-17
747.85        	2.809761e-17
747.9         	2.809765e-17
747.95        	2.809768e-17
748           	2.809771e-17
748.05        	2.809774e-17
748.1         	2.809778e-17
748.15        	2.809781e-17
748.2         	2.809784e-17
748.25        	2.809788e-17
748.3         	2.809791e-17
748.35        	2.809794e-17
748.4         	2.809797e-17
748.45        	2.809801e-17
748.5         	2.809804e-17
748.55        	2.809807e-17
748.6         	2.809811e-17
748.65        	2.809814e-17
748.7         	2.809817e-17
748.75        	2.809820e-17
748.8         	2.809824e-17
748.85        	2.809827e-17
748.9         	2.809830e-17
748.95        	2.809834e-17
749           	2.809837e-17
749.05        	2.809840e-17
749.1         	2.809843e-17
749.15        	2.809847e-17
749.2         	2.809850e-17
749.25        	2.809853e-17
749.3         	2.809857e-17
749.35        	2.809860e-17
749.4         	2.809863e-17
749.45        	2.809866e-17
749.5         	2.809870e-17
749.55        	2.809873e-17
749.6         	2.809876e-17
749.65        	2.809880e-17
749.7         	2.809883e-17
749.75        	2.809886e-17
749.8         	2.809889e-17
749.85        	2.809893e-17
749.9         	2.809896e-17
749.95        	2.809899e-17
750           	2.809903e-17
750.05        	2.809906e-17
750.1         	2.809909e-17
750.15        	2.809912e-17
750.2         	2.809916e-17
750.25        	2.809919e-17
750.3         	2.809922e-17
750.35        	2.809925e-17
750.4         	2.809929e-17
750.45        	2.809932e-17
750.5         	2.809935e-17
750.55        	2.809938e-17
750.6         	2.809942e-17
750.65        	2.809945e-17
750.7         	2.809948e-17
750.75        	2.809951e-17
750.8         	2.809955e-17
750.85        	2.809958e-17
750.9         	2.809961e-17
750.95        	2.809965e-17
751           	2.809968e-17
751.05        	2.809971e-17
751.1         	2.809974e-17
751.15        	2.809978e-17
751.2         	2.809981e-17
751.25        	2.809984e-17
751.3         	2.809987e-17
751.35        	2.809991e-17
751.4         	2.809994e-17
751.45        	2.809997e-17
751.5         	2.810000e-17
751.55        	2.810004e-17
751.6         	2.810007e-17
751.65        	2.810010e-17
751.7         	2.810013e-17
751.75        	2.810016e-17
751.8         	2.810020e-17
751.85        	2.810023e-17
751.9         	2.810026e-17
751.95        	2.810029e-17
752           	2.810033e-17
752.05        	2.810036e-17
752.1         	2.810039e-17
752.15        	2.810042e-17
752.2         	2.810046e-17
752.25        	2.810049e-17
752.3         	2.810052e-17
752.35        	2.810055e-17
752.4         	2.810059e-17
752.45        	2.810062e-17
752.5         	2.810065e-17
752.55        	2.810068e-17
752.6         	2.810071e-17
752.65        	2.810075e-17
752.7         	2.810078e-17
752.75        	2.810081e-17
752.8         	2.810084e-17
752.85        	2.810087e-17
752.9         	2.810091e-17
752.95        	2.810094e-17
753           	2.810097e-17
753.05        	2.810100e-17
753.1         	2.810104e-17
753.15        	2.810107e-17
753.2         	2.810110e-17
753.25        	2.810113e-17
753.3         	2.810116e-17
753.35        	2.810120e-17
753.4         	2.810123e-17
753.45        	2.810126e-17
753.5         	2.810129e-17
753.55        	2.810132e-17
753.6         	2.810136e-17
753.65        	2.810139e-17
753.7         	2.810142e-17
753.75        	2.810145e-17
753.8         	2.810148e-17
753.85        	2.810151e-17
753.9         	2.810155e-17
753.95        	2.810158e-17
754           	2.810161e-17
754.05        	2.810164e-17
754.1         	2.810167e-17
754.15        	2.810171e-17
754.2         	2.810174e-17
754.25        	2.810177e-17
754.3         	2.810180e-17
754.35        	2.810183e-17
754.4         	2.810187e-17
754.45        	2.810190e-17
754.5         	2.810193e-17
754.55        	2.810196e-17
754.6         	2.810199e-17
754.65        	2.810202e-17
754.7         	2.810206e-17
754.75        	2.810209e-17
754.8         	2.810212e-17
754.85        	2.810215e-17
754.9         	2.810218e-17
754.95        	2.810221e-17
755           	2.810225e-17
755.05        	2.810228e-17
755.1         	2.810231e-17
755.15        	2.810234e-17
755.2         	2.810237e-17
755.25        	2.810240e-17
755.3         	2.810244e-17
755.35        	2.810247e-17
755.4         	2.810250e-17
755.45        	2.810253e-17
755.5         	2.810256e-17
755.55        	2.810259e-17
755.6         	2.810263e-17
755.65        	2.810266e-17
755.7         	2.810269e-17
755.75        	2.810272e-17
755.8         	2.810275e-17
755.85        	2.810278e-17
755.9         	2.810281e-17
755.95        	2.810285e-17
756           	2.810288e-17
756.05        	2.810291e-17
756.1         	2.810294e-17
756.15        	2.810297e-17
756.2         	2.810300e-17
756.25        	2.810303e-17
756.3         	2.810307e-17
756.35        	2.810310e-17
756.4         	2.810313e-17
756.45        	2.810316e-17
756.5         	2.810319e-17
756.55        	2.810322e-17
756.6         	2.810325e-17
756.65        	2.810329e-17
756.7         	2.810332e-17
756.75        	2.810335e-17
756.8         	2.810338e-17
756.85        	2.810341e-17
756.9         	2.810344e-17
756.95        	2.810347e-17
757           	2.810351e-17
757.05        	2.810354e-17
757.1         	2.810357e-17
757.15        	2.810360e-17
757.2         	2.810363e-17
757.25        	2.810366e-17
757.3         	2.810369e-17
757.35        	2.810373e-17
757.4         	2.810376e-17
757.45        	2.810379e-17
757.5         	2.810382e-17
757.55        	2.810385e-17
757.6         	2.810388e-17
757.65        	2.810391e-17
757.7         	2.810394e-17
757.75        	2.810398e-17
757.8         	2.810401e-17
757.85        	2.810404e-17
757.9         	2.810407e-17
757.95        	2.810410e-17
758           	2.810413e-17
758.05        	2.810416e-17
758.1         	2.810419e-17
758.15        	2.810422e-17
758.2         	2.810426e-17
758.25        	2.810429e-17
758.3         	2.810432e-17
758.35        	2.810435e-17
758.4         	2.810438e-17
758.45        	2.810441e-17
758.5         	2.810444e-17
758.55        	2.810447e-17
758.6         	2.810451e-17
758.65        	2.810454e-17
758.7         	2.810457e-17
758.75        	2.810460e-17
758.8         	2.810463e-17
758.85        	2.810466e-17
758.9         	2.810469e-17
758.95        	2.810472e-17
759           	2.810475e-17
759.05        	2.810479e-17
759.1         	2.810482e-17
759.15        	2.810485e-17
759.2         	2.810488e-17
759.25        	2.810491e-17
759.3         	2.810494e-17
759.35        	2.810497e-17
759.4         	2.810500e-17
759.45        	2.810503e-17
759.5         	2.810506e-17
759.55        	2.810510e-17
759.6         	2.810513e-17
759.65        	2.810516e-17
759.7         	2.810519e-17
759.75        	2.810522e-17
759.8         	2.810525e-17
759.85        	2.810528e-17
759.9         	2.810531e-17
759.95        	2.810534e-17
760           	2.810537e-17
760.05        	2.810540e-17
760.1         	2.810544e-17
760.15        	2.810547e-17
760.2         	2.810550e-17
760.25        	2.810553e-17
760.3         	2.810556e-17
760.35        	2.810559e-17
760.4         	2.810562e-17
760.45        	2.810565e-17
760.5         	2.810568e-17
760.55        	2.810571e-17
760.6         	2.810574e-17
760.65        	2.810577e-17
760.7         	2.810581e-17
760.75        	2.810584e-17
760.8         	2.810587e-17
760.85        	2.810590e-17
760.9         	2.810593e-17
760.95        	2.810596e-17
761           	2.810599e-17
761.05        	2.810602e-17
761.1         	2.810605e-17
761.15        	2.810608e-17
761.2         	2.810611e-17
761.25        	2.810614e-17
761.3         	2.810617e-17
761.35        	2.810620e-17
761.4         	2.810624e-17
761.45        	2.810627e-17
761.5         	2.810630e-17
761.55        	2.810633e-17
761.6         	2.810636e-17
761.65        	2.810639e-17
761.7         	2.810642e-17
761.75        	2.810645e-17
761.8         	2.810648e-17
761.85        	2.810651e-17
761.9         	2.810654e-17
761.95        	2.810657e-17
762           	2.810660e-17
762.05        	2.810663e-17
762.1         	2.810666e-17
762.15        	2.810669e-17
762.2         	2.810673e-17
762.25        	2.810676e-17
762.3         	2.810679e-17
762.35        	2.810682e-17
762.4         	2.810685e-17
762.45        	2.810688e-17
762.5         	2.810691e-17
762.55        	2.810694e-17
762.6         	2.810697e-17
762.65        	2.810700e-17
762.7         	2.810703e-17
762.75        	2.810706e-17
762.8         	2.810709e-17
762.85        	2.810712e-17
762.9         	2.810715e-17
762.95        	2.810718e-17
763           	2.810721e-17
763.05        	2.810724e-17
763.1         	2.810727e-17
763.15        	2.810730e-17
763.2         	2.810733e-17
763.25        	2.810737e-17
763.3         	2.810740e-17
763.35        	2.810743e-17
763.4         	2.810746e-17
763.45        	2.810749e-17
763.5         	2.810752e-17
763.55        	2.810755e-17
763.6         	2.810758e-17
763.65        	2.810761e-17
763.7         	2.810764e-17
763.75        	2.810767e-17
763.8         	2.810770e-17
763.85        	2.810773e-17
763.9         	2.810776e-17
763.95        	2.810779e-17
764           	2.810782e-17
764.05        	2.810785e-17
764.1         	2.810788e-17
764.15        	2.810791e-17
764.2         	2.810794e-17
764.25        	2.810797e-17
764.3         	2.810800e-17
764.35        	2.810803e-17
764.4         	2.810806e-17
764.45        	2.810809e-17
764.5         	2.810812e-17
764.55        	2.810815e-17
764.6         	2.810818e-17
764.65        	2.810821e-17
764.7         	2.810824e-17
764.75        	2.810827e-17
764.8         	2.810830e-17
764.85        	2.810833e-17
764.9         	2.810836e-17
764.95        	2.810839e-17
765           	2.810842e-17
765.05        	2.810845e-17
765.1         	2.810848e-17
765.15        	2.810851e-17
765.2         	2.810854e-17
765.25        	2.810857e-17
765.3         	2.810860e-17
765.35        	2.810863e-17
765.4         	2.810866e-17
765.45        	2.810869e-17
765.5         	2.810872e-17
765.55        	2.810875e-17
765.6         	2.810878e-17
765.65        	2.810881e-17
765.7         	2.810884e-17
765.75        	2.810887e-17
765.8         	2.810890e-17
765.85        	2.810893e-17
765.9         	2.810896e-17
765.95        	2.810899e-17
766           	2.810902e-17
766.05        	2.810905e-17
766.1         	2.810908e-17
766.15        	2.810911e-17
766.2         	2.810914e-17
766.25        	2.810917e-17
766.3         	2.810920e-17
766.35        	2.810923e-17
766.4         	2.810926e-17
766.45        	2.810929e-17
766.5         	2.810932e-17
766.55        	2.810935e-17
766.6         	2.810938e-17
766.65        	2.810941e-17
766.7         	2.810944e-17
766.75        	2.810947e-17
766.8         	2.810950e-17
766.85        	2.810953e-17
766.9         	2.810956e-17
766.95        	2.810959e-17
767           	2.810962e-17
767.05        	2.810965e-17
767.1         	2.810968e-17
767.15        	2.810971e-17
767.2         	2.810974e-17
767.25        	2.810977e-17
767.3         	2.810980e-17
767.35        	2.810983e-17
767.4         	2.810986e-17
767.45        	2.810989e-17
767.5         	2.810992e-17
767.55        	2.810995e-17
767.6         	2.810998e-17
767.65        	2.811001e-17
767.7         	2.811004e-17
767.75        	2.811007e-17
767.8         	2.811010e-17
767.85        	2.811013e-17
767.9         	2.811016e-17
767.95        	2.811019e-17
768           	2.811021e-17
768.05        	2.811024e-17
768.1         	2.811027e-17
768.15        	2.811030e-17
768.2         	2.811033e-17
768.25        	2.811036e-17
768.3         	2.811039e-17
768.35        	2.811042e-17
768.4         	2.811045e-17
768.45        	2.811048e-17
768.5         	2.811051e-17
768.55        	2.811054e-17
768.6         	2.811057e-17
768.65        	2.811060e-17
768.7         	2.811063e-17
768.75        	2.811066e-17
768.8         	2.811069e-17
768.85        	2.811072e-17
768.9         	2.811075e-17
768.95        	2.811078e-17
769           	2.811081e-17
769.05        	2.811083e-17
769.1         	2.811086e-17
769.15        	2.811089e-17
769.2         	2.811092e-17
769.25        	2.811095e-17
769.3         	2.811098e-17
769.35        	2.811101e-17
769.4         	2.811104e-17
769.45        	2.811107e-17
769.5         	2.811110e-17
769.55        	2.811113e-17
769.6         	2.811116e-17
769.65        	2.811119e-17
769.7         	2.811122e-17
769.75        	2.811125e-17
769.8         	2.811128e-17
769.85        	2.811131e-17
769.9         	2.811133e-17
769.95        	2.811136e-17
770           	2.811139e-17
770.05        	2.811142e-17
770.1         	2.811145e-17
770.15        	2.811148e-17
770.2         	2.811151e-17
770.25        	2.811154e-17
770.3         	2.811157e-17
770.35        	2.811160e-17
770.4         	2.811163e-17
770.45        	2.811166e-17
770.5         	2.811169e-17
770.55        	2.811172e-17
770.6         	2.811174e-17
770.65        	2.811177e-17
770.7         	2.811180e-17
770.75        	2.811183e-17
770.8         	2.811186e-17
770.85        	2.811189e-17
770.9         	2.811192e-17
770.95        	2.811195e-17
771           	2.811198e-17
771.05        	2.811201e-17
771.1         	2.811204e-17
771.15        	2.811207e-17
771.2         	2.811209e-17
771.25        	2.811212e-17
771.3         	2.811215e-17
771.35        	2.811218e-17
771.4         	2.811221e-17
771.45        	2.811224e-17
771.5         	2.811227e-17
771.55        	2.811230e-17
771.6         	2.811233e-17
771.65        	2.811236e-17
771.7         	2.811239e-17
771.75        	2.811241e-17
771.8         	2.811244e-17
771.85        	2.811247e-17
771.9         	2.811250e-17
771.95        	2.811253e-17
772           	2.811256e-17
772.05        	2.811259e-17
772.1         	2.811262e-17
772.15        	2.811265e-17
772.2         	2.811268e-17
772.25        	2.811270e-17
772.3         	2.811273e-17
772.35        	2.811276e-17
772.4         	2.811279e-17
772.45        	2.811282e-17
772.5         	2.811285e-17
772.55        	2.811288e-17
772.6         	2.811291e-17
772.65        	2.811294e-17
772.7         	2.811297e-17
772.75        	2.811299e-17
772.8         	2.811302e-17
772.85        	2.811305e-17
772.9         	2.811308e-17
772.95        	2.811311e-17
773           	2.811314e-17
773.05        	2.811317e-17
773.1         	2.811320e-17
773.15        	2.811323e-17
773.2         	2.811325e-17
773.25        	2.811328e-17
773.3         	2.811331e-17
773.35        	2.811334e-17
773.4         	2.811337e-17
773.45        	2.811340e-17
773.5         	2.811343e-17
773.55        	2.811346e-17
773.6         	2.811349e-17
773.65        	2.811351e-17
773.7         	2.811354e-17
773.75        	2.811357e-17
773.8         	2.811360e-17
773.85        	2.811363e-17
773.9         	2.811366e-17
773.95        	2.811369e-17
774           	2.811372e-17
774.05        	2.811374e-17
774.1         	2.811377e-17
774.15        	2.811380e-17
774.2         	2.811383e-17
774.25        	2.811386e-17
774.3         	2.811389e-17
774.35        	2.811392e-17
774.4         	2.811395e-17
774.45        	2.811397e-17
774.5         	2.811400e-17
774.55        	2.811403e-17
774.6         	2.811406e-17
774.65        	2.811409e-17
774.7         	2.811412e-17
774.75        	2.811415e-17
774.8         	2.811417e-17
774.85        	2.811420e-17
774.9         	2.811423e-17
774.95        	2.811426e-17
775           	2.811429e-17
775.05        	2.811432e-17
775.1         	2.811435e-17
775.15        	2.811437e-17
775.2         	2.811440e-17
775.25        	2.811443e-17
775.3         	2.811446e-17
775.35        	2.811449e-17
775.4         	2.811452e-17
775.45        	2.811455e-17
775.5         	2.811457e-17
775.55        	2.811460e-17
775.6         	2.811463e-17
775.65        	2.811466e-17
775.7         	2.811469e-17
775.75        	2.811472e-17
775.8         	2.811475e-17
775.85        	2.811477e-17
775.9         	2.811480e-17
775.95        	2.811483e-17
776           	2.811486e-17
776.05        	2.811489e-17
776.1         	2.811492e-17
776.15        	2.811494e-17
776.2         	2.811497e-17
776.25        	2.811500e-17
776.3         	2.811503e-17
776.35        	2.811506e-17
776.4         	2.811509e-17
776.45        	2.811512e-17
776.5         	2.811514e-17
776.55        	2.811517e-17
776.6         	2.811520e-17
776.65        	2.811523e-17
776.7         	2.811526e-17
776.75        	2.811529e-17
776.8         	2.811531e-17
776.85        	2.811534e-17
776.9         	2.811537e-17
776.95        	2.811540e-17
777           	2.811543e-17
777.05        	2.811546e-17
777.1         	2.811548e-17
777.15        	2.811551e-17
777.2         	2.811554e-17
777.25        	2.811557e-17
777.3         	2.811560e-17
777.35        	2.811563e-17
777.4         	2.811565e-17
777.45        	2.811568e-17
777.5         	2.811571e-17
777.55        	2.811574e-17
777.6         	2.811577e-17
777.65        	2.811580e-17
777.7         	2.811582e-17
777.75        	2.811585e-17
777.8         	2.811588e-17
777.85        	2.811591e-17
777.9         	2.811594e-17
777.95        	2.811596e-17
778           	2.811599e-17
778.05        	2.811602e-17
778.1         	2.811605e-17
778.15        	2.811608e-17
778.2         	2.811611e-17
778.25        	2.811613e-17
778.3         	2.811616e-17
778.35        	2.811619e-17
778.4         	2.811622e-17
778.45        	2.811625e-17
778.5         	2.811627e-17
778.55        	2.811630e-17
778.6         	2.811633e-17
778.65        	2.811636e-17
778.7         	2.811639e-17
778.75        	2.811641e-17
778.8         	2.811644e-17
778.85        	2.811647e-17
778.9         	2.811650e-17
778.95        	2.811653e-17
779           	2.811655e-17
779.05        	2.811658e-17
779.1         	2.811661e-17
779.15        	2.811664e-17
779.2         	2.811667e-17
779.25        	2.811670e-17
779.3         	2.811672e-17
779.35        	2.811675e-17
779.4         	2.811678e-17
779.45        	2.811681e-17
779.5         	2.811684e-17
779.55        	2.811686e-17
779.6         	2.811689e-17
779.65        	2.811692e-17
779.7         	2.811695e-17
779.75        	2.811697e-17
779.8         	2.811700e-17
779.85        	2.811703e-17
779.9         	2.811706e-17
779.95        	2.811709e-17
780           	2.811711e-17
780.05        	2.811714e-17
780.1         	2.811717e-17
780.15        	2.811720e-17
780.2         	2.811723e-17
780.25        	2.811725e-17
780.3         	2.811728e-17
780.35        	2.811731e-17
780.4         	2.811734e-17
780.45        	2.811737e-17
780.5         	2.811739e-17
780.55        	2.811742e-17
780.6         	2.811745e-17
780.65        	2.811748e-17
780.7         	2.811750e-17
780.75        	2.811753e-17
780.8         	2.811756e-17
780.85        	2.811759e-17
780.9         	2.811762e-17
780.95        	2.811764e-17
781           	2.811767e-17
781.05        	2.811770e-17
781.1         	2.811773e-17
781.15        	2.811775e-17
781.2         	2.811778e-17
781.25        	2.811781e-17
781.3         	2.811784e-17
781.35        	2.811787e-17
781.4         	2.811789e-17
781.45        	2.811792e-17
781.5         	2.811795e-17
781.55        	2.811798e-17
781.6         	2.811800e-17
781.65        	2.811803e-17
781.7         	2.811806e-17
781.75        	2.811809e-17
781.8         	2.811811e-17
781.85        	2.811814e-17
781.9         	2.811817e-17
781.95        	2.811820e-17
782           	2.811822e-17
782.05        	2.811825e-17
782.1         	2.811828e-17
782.15        	2.811831e-17
782.2         	2.811834e-17
782.25        	2.811836e-17
782.3         	2.811839e-17
782.35        	2.811842e-17
782.4         	2.811845e-17
782.45        	2.811847e-17
782.5         	2.811850e-17
782.55        	2.811853e-17
782.6         	2.811856e-17
782.65        	2.811858e-17
782.7         	2.811861e-17
782.75        	2.811864e-17
782.8         	2.811867e-17
782.85        	2.811869e-17
782.9         	2.811872e-17
782.95        	2.811875e-17
783           	2.811878e-17
783.05        	2.811880e-17
783.1         	2.811883e-17
783.15        	2.811886e-17
783.2         	2.811889e-17
783.25        	2.811891e-17
783.3         	2.811894e-17
783.35        	2.811897e-17
783.4         	2.811900e-17
783.45        	2.811902e-17
783.5         	2.811905e-17
783.55        	2.811908e-17
783.6         	2.811911e-17
783.65        	2.811913e-17
783.7         	2.811916e-17
783.75        	2.811919e-17
783.8         	2.811922e-17
783.85        	2.811924e-17
783.9         	2.811927e-17
783.95        	2.811930e-17
784           	2.811932e-17
784.05        	2.811935e-17
784.1         	2.811938e-17
784.15        	2.811941e-17
784.2         	2.811943e-17
784.25        	2.811946e-17
784.3         	2.811949e-17
784.35        	2.811952e-17
784.4         	2.811954e-17
784.45        	2.811957e-17
784.5         	2.811960e-17
784.55        	2.811963e-17
784.6         	2.811965e-17
784.65        	2.811968e-17
784.7         	2.811971e-17
784.75        	2.811973e-17
784.8         	2.811976e-17
784.85        	2.811979e-17
784.9         	2.811982e-17
784.95        	2.811984e-17
785           	2.811987e-17
785.05        	2.811990e-17
785.1         	2.811993e-17
785.15        	2.811995e-17
785.2         	2.811998e-17
785.25        	2.812001e-17
785.3         	2.812003e-17
785.35        	2.812006e-17
785.4         	2.812009e-17
785.45        	2.812012e-17
785.5         	2.812014e-17
785.55        	2.812017e-17
785.6         	2.812020e-17
785.65        	2.812022e-17
785.7         	2.812025e-17
785.75        	2.812028e-17
785.8         	2.812031e-17
785.85        	2.812033e-17
785.9         	2.812036e-17
785.95        	2.812039e-17
786           	2.812041e-17
786.05        	2.812044e-17
786.1         	2.812047e-17
786.15        	2.812050e-17
786.2         	2.812052e-17
786.25        	2.812055e-17
786.3         	2.812058e-17
786.35        	2.812060e-17
786.4         	2.812063e-17
786.45        	2.812066e-17
786.5         	2.812068e-17
786.55        	2.812071e-17
786.6         	2.812074e-17
786.65        	2.812077e-17
786.7         	2.812079e-17
786.75        	2.812082e-17
786.8         	2.812085e-17
786.85        	2.812087e-17
786.9         	2.812090e-17
786.95        	2.812093e-17
787           	2.812095e-17
787.05        	2.812098e-17
787.1         	2.812101e-17
787.15        	2.812104e-17
787.2         	2.812106e-17
787.25        	2.812109e-17
787.3         	2.812112e-17
787.35        	2.812114e-17
787.4         	2.812117e-17
787.45        	2.812120e-17
787.5         	2.812122e-17
787.55        	2.812125e-17
787.6         	2.812128e-17
787.65        	2.812130e-17
787.7         	2.812133e-17
787.75        	2.812136e-17
787.8         	2.812139e-17
787.85        	2.812141e-17
787.9         	2.812144e-17
787.95        	2.812147e-17
788           	2.812149e-17
788.05        	2.812152e-17
788.1         	2.812155e-17
788.15        	2.812157e-17
788.2         	2.812160e-17
788.25        	2.812163e-17
788.3         	2.812165e-17
788.35        	2.812168e-17
788.4         	2.812171e-17
788.45        	2.812173e-17
788.5         	2.812176e-17
788.55        	2.812179e-17
788.6         	2.812181e-17
788.65        	2.812184e-17
788.7         	2.812187e-17
788.75        	2.812189e-17
788.8         	2.812192e-17
788.85        	2.812195e-17
788.9         	2.812197e-17
788.95        	2.812200e-17
789           	2.812203e-17
789.05        	2.812205e-17
789.1         	2.812208e-17
789.15        	2.812211e-17
789.2         	2.812213e-17
789.25        	2.812216e-17
789.3         	2.812219e-17
789.35        	2.812221e-17
789.4         	2.812224e-17
789.45        	2.812227e-17
789.5         	2.812229e-17
789.55        	2.812232e-17
789.6         	2.812235e-17
789.65        	2.812237e-17
789.7         	2.812240e-17
789.75        	2.812243e-17
789.8         	2.812245e-17
789.85        	2.812248e-17
789.9         	2.812251e-17
789.95        	2.812253e-17
790           	2.812256e-17
790.05        	2.812259e-17
790.1         	2.812261e-17
790.15        	2.812264e-17
790.2         	2.812267e-17
790.25        	2.812269e-17
790.3         	2.812272e-17
790.35        	2.812275e-17
790.4         	2.812277e-17
790.45        	2.812280e-17
790.5         	2.812283e-17
790.55        	2.812285e-17
790.6         	2.812288e-17
790.65        	2.812291e-17
790.7         	2.812293e-17
790.75        	2.812296e-17
790.8         	2.812299e-17
790.85        	2.812301e-17
790.9         	2.812304e-17
790.95        	2.812306e-17
791           	2.812309e-17
791.05        	2.812312e-17
791.1         	2.812314e-17
791.15        	2.812317e-17
791.2         	2.812320e-17
791.25        	2.812322e-17
791.3         	2.812325e-17
791.35        	2.812328e-17
791.4         	2.812330e-17
791.45        	2.812333e-17
791.5         	2.812336e-17
791.55        	2.812338e-17
791.6         	2.812341e-17
791.65        	2.812343e-17
791.7         	2.812346e-17
791.75        	2.812349e-17
791.8         	2.812351e-17
791.85        	2.812354e-17
791.9         	2.812357e-17
791.95        	2.812359e-17
792           	2.812362e-17
792.05        	2.812365e-17
792.1         	2.812367e-17
792.15        	2.812370e-17
792.2         	2.812372e-17
792.25        	2.812375e-17
792.3         	2.812378e-17
792.35        	2.812380e-17
792.4         	2.812383e-17
792.45        	2.812386e-17
792.5         	2.812388e-17
792.55        	2.812391e-17
792.6         	2.812393e-17
792.65        	2.812396e-17
792.7         	2.812399e-17
792.75        	2.812401e-17
792.8         	2.812404e-17
792.85        	2.812407e-17
792.9         	2.812409e-17
792.95        	2.812412e-17
793           	2.812414e-17
793.05        	2.812417e-17
793.1         	2.812420e-17
793.15        	2.812422e-17
793.2         	2.812425e-17
793.25        	2.812428e-17
793.3         	2.812430e-17
793.35        	2.812433e-17
793.4         	2.812435e-17
793.45        	2.812438e-17
793.5         	2.812441e-17
793.55        	2.812443e-17
793.6         	2.812446e-17
793.65        	2.812448e-17
793.7         	2.812451e-17
793.75        	2.812454e-17
793.8         	2.812456e-17
793.85        	2.812459e-17
793.9         	2.812461e-17
793.95        	2.812464e-17
794           	2.812467e-17
794.05        	2.812469e-17
794.1         	2.812472e-17
794.15        	2.812475e-17
794.2         	2.812477e-17
794.25        	2.812480e-17
794.3         	2.812482e-17
794.35        	2.812485e-17
794.4         	2.812488e-17
794.45        	2.812490e-17
794.5         	2.812493e-17
794.55        	2.812495e-17
794.6         	2.812498e-17
794.65        	2.812501e-17
794.7         	2.812503e-17
794.75        	2.812506e-17
794.8         	2.812508e-17
794.85        	2.812511e-17
794.9         	2.812514e-17
794.95        	2.812516e-17
795           	2.812519e-17
795.05        	2.812521e-17
795.1         	2.812524e-17
795.15        	2.812526e-17
795.2         	2.812529e-17
795.25        	2.812532e-17
795.3         	2.812534e-17
795.35        	2.812537e-17
795.4         	2.812539e-17
795.45        	2.812542e-17
795.5         	2.812545e-17
795.55        	2.812547e-17
795.6         	2.812550e-17
795.65        	2.812552e-17
795.7         	2.812555e-17
795.75        	2.812558e-17
795.8         	2.812560e-17
795.85        	2.812563e-17
795.9         	2.812565e-17
795.95        	2.812568e-17
796           	2.812570e-17
796.05        	2.812573e-17
796.1         	2.812576e-17
796.15        	2.812578e-17
796.2         	2.812581e-17
796.25        	2.812583e-17
796.3         	2.812586e-17
796.35        	2.812589e-17
796.4         	2.812591e-17
796.45        	2.812594e-17
796.5         	2.812596e-17
796.55        	2.812599e-17
796.6         	2.812601e-17
796.65        	2.812604e-17
796.7         	2.812607e-17
796.75        	2.812609e-17
796.8         	2.812612e-17
796.85        	2.812614e-17
796.9         	2.812617e-17
796.95        	2.812619e-17
797           	2.812622e-17
797.05        	2.812625e-17
797.1         	2.812627e-17
797.15        	2.812630e-17
797.2         	2.812632e-17
797.25        	2.812635e-17
797.3         	2.812637e-17
797.35        	2.812640e-17
797.4         	2.812643e-17
797.45        	2.812645e-17
797.5         	2.812648e-17
797.55        	2.812650e-17
797.6         	2.812653e-17
797.65        	2.812655e-17
797.7         	2.812658e-17
797.75        	2.812660e-17
797.8         	2.812663e-17
797.85        	2.812666e-17
797.9         	2.812668e-17
797.95        	2.812671e-17
798           	2.812673e-17
798.05        	2.812676e-17
798.1         	2.812678e-17
798.15        	2.812681e-17
798.2         	2.812684e-17
798.25        	2.812686e-17
798.3         	2.812689e-17
798.35        	2.812691e-17
798.4         	2.812694e-17
798.45        	2.812696e-17
798.5         	2.812699e-17
798.55        	2.812701e-17
798.6         	2.812704e-17
798.65        	2.812706e-17
798.7         	2.812709e-17
798.75        	2.812712e-17
798.8         	2.812714e-17
798.85        	2.812717e-17
798.9         	2.812719e-17
798.95        	2.812722e-17
799           	2.812724e-17
799.05        	2.812727e-17
799.1         	2.812729e-17
799.15        	2.812732e-17
799.2         	2.812734e-17
799.25        	2.812737e-17
799.3         	2.812740e-17
799.35        	2.812742e-17
799.4         	2.812745e-17
799.45        	2.812747e-17
799.5         	2.812750e-17
799.55        	2.812752e-17
799.6         	2.812755e-17
799.65        	2.812757e-17
799.7         	2.812760e-17
799.75        	2.812762e-17
799.8         	2.812765e-17
799.85        	2.812767e-17
799.9         	2.812770e-17
799.95        	2.812773e-17
800           	2.812775e-17
800.05        	2.812778e-17
800.1         	2.812780e-17
800.15        	2.812783e-17
800.2         	2.812785e-17
800.25        	2.812788e-17
800.3         	2.812790e-17
800.35        	2.812793e-17
800.4         	2.812795e-17
800.45        	2.812798e-17
800.5         	2.812800e-17
800.55        	2.812803e-17
800.6         	2.812805e-17
800.65        	2.812808e-17
800.7         	2.812811e-17
800.75        	2.812813e-17
800.8         	2.812816e-17
800.85        	2.812818e-17
800.9         	2.812821e-17
800.95        	2.812823e-17
801           	2.812826e-17
801.05        	2.812828e-17
801.1         	2.812831e-17
801.15        	2.812833e-17
801.2         	2.812836e-17
801.25        	2.812838e-17
801.3         	2.812841e-17
801.35        	2.812843e-17
801.4         	2.812846e-17
801.45        	2.812848e-17
801.5         	2.812851e-17
801.55        	2.812853e-17
801.6         	2.812856e-17
801.65        	2.812858e-17
801.7         	2.812861e-17
801.75        	2.812863e-17
801.8         	2.812866e-17
801.85        	2.812868e-17
801.9         	2.812871e-17
801.95        	2.812873e-17
802           	2.812876e-17
802.05        	2.812878e-17
802.1         	2.812881e-17
802.15        	2.812883e-17
802.2         	2.812886e-17
802.25        	2.812889e-17
802.3         	2.812891e-17
802.35        	2.812894e-17
802.4         	2.812896e-17
802.45        	2.812899e-17
802.5         	2.812901e-17
802.55        	2.812904e-17
802.6         	2.812906e-17
802.65        	2.812909e-17
802.7         	2.812911e-17
802.75        	2.812914e-17
802.8         	2.812916e-17
802.85        	2.812919e-17
802.9         	2.812921e-17
802.95        	2.812924e-17
803           	2.812926e-17
803.05        	2.812929e-17
803.1         	2.812931e-17
803.15        	2.812934e-17
803.2         	2.812936e-17
803.25        	2.812939e-17
803.3         	2.812941e-17
803.35        	2.812943e-17
803.4         	2.812946e-17
803.45        	2.812948e-17
803.5         	2.812951e-17
803.55        	2.812953e-17
803.6         	2.812956e-17
803.65        	2.812958e-17
803.7         	2.812961e-17
803.75        	2.812963e-17
803.8         	2.812966e-17
803.85        	2.812968e-17
803.9         	2.812971e-17
803.95        	2.812973e-17
804           	2.812976e-17
804.05        	2.812978e-17
804.1         	2.812981e-17
804.15        	2.812983e-17
804.2         	2.812986e-17
804.25        	2.812988e-17
804.3         	2.812991e-17
804.35        	2.812993e-17
804.4         	2.812996e-17
804.45        	2.812998e-17
804.5         	2.813001e-17
804.55        	2.813003e-17
804.6         	2.813006e-17
804.65        	2.813008e-17
804.7         	2.813011e-17
804.75        	2.813013e-17
804.8         	2.813016e-17
804.85        	2.813018e-17
804.9         	2.813021e-17
804.95        	2.813023e-17
805           	2.813025e-17
805.05        	2.813028e-17
805.1         	2.813030e-17
805.15        	2.813033e-17
805.2         	2.813035e-17
805.25        	2.813038e-17
805.3         	2.813040e-17
805.35        	2.813043e-17
805.4         	2.813045e-17
805.45        	2.813048e-17
805.5         	2.813050e-17
805.55        	2.813053e-17
805.6         	2.813055e-17
805.65        	2.813058e-17
805.7         	2.813060e-17
805.75        	2.813063e-17
805.8         	2.813065e-17
805.85        	2.813067e-17
805.9         	2.813070e-17
805.95        	2.813072e-17
806           	2.813075e-17
806.05        	2.813077e-17
806.1         	2.813080e-17
806.15        	2.813082e-17
806.2         	2.813085e-17
806.25        	2.813087e-17
806.3         	2.813090e-17
806.35        	2.813092e-17
806.4         	2.813095e-17
806.45        	2.813097e-17
806.5         	2.813099e-17
806.55        	2.813102e-17
806.6         	2.813104e-17
806.65        	2.813107e-17
806.7         	2.813109e-17
806.75        	2.813112e-17
806.8         	2.813114e-17
806.85        	2.813117e-17
806.9         	2.813119e-17
806.95        	2.813121e-17
807           	2.813124e-17
807.05        	2.813126e-17
807.1         	2.813129e-17
807.15        	2.813131e-17
807.2         	2.813134e-17
807.25        	2.813136e-17
807.3         	2.813139e-17
807.35        	2.813141e-17
807.4         	2.813144e-17
807.45        	2.813146e-17
807.5         	2.813148e-17
807.55        	2.813151e-17
807.6         	2.813153e-17
807.65        	2.813156e-17
807.7         	2.813158e-17
807.75        	2.813161e-17
807.8         	2.813163e-17
807.85        	2.813166e-17
807.9         	2.813168e-17
807.95        	2.813170e-17
808           	2.813173e-17
808.05        	2.813175e-17
808.1         	2.813178e-17
808.15        	2.813180e-17
808.2         	2.813183e-17
808.25        	2.813185e-17
808.3         	2.813187e-17
808.35        	2.813190e-17
808.4         	2.813192e-17
808.45        	2.813195e-17
808.5         	2.813197e-17
808.55        	2.813200e-17
808.6         	2.813202e-17
808.65        	2.813205e-17
808.7         	2.813207e-17
808.75        	2.813209e-17
808.8         	2.813212e-17
808.85        	2.813214e-17
808.9         	2.813217e-17
808.95        	2.813219e-17
809           	2.813222e-17
809.05        	2.813224e-17
809.1         	2.813226e-17
809.15        	2.813229e-17
809.2         	2.813231e-17
809.25        	2.813234e-17
809.3         	2.813236e-17
809.35        	2.813238e-17
809.4         	2.813241e-17
809.45        	2.813243e-17
809.5         	2.813246e-17
809.55        	2.813248e-17
809.6         	2.813251e-17
809.65        	2.813253e-17
809.7         	2.813255e-17
809.75        	2.813258e-17
809.8         	2.813260e-17
809.85        	2.813263e-17
809.9         	2.813265e-17
809.95        	2.813268e-17
810           	2.813270e-17
810.05        	2.813272e-17
810.1         	2.813275e-17
810.15        	2.813277e-17
810.2         	2.813280e-17
810.25        	2.813282e-17
810.3         	2.813284e-17
810.35        	2.813287e-17
810.4         	2.813289e-17
810.45        	2.813292e-17
810.5         	2.813294e-17
810.55        	2.813296e-17
810.6         	2.813299e-17
810.65        	2.813301e-17
810.7         	2.813304e-17
810.75        	2.813306e-17
810.8         	2.813309e-17
810.85        	2.813311e-17
810.9         	2.813313e-17
810.95        	2.813316e-17
811           	2.813318e-17
811.05        	2.813321e-17
811.1         	2.813323e-17
811.15        	2.813325e-17
811.2         	2.813328e-17
811.25        	2.813330e-17
811.3         	2.813333e-17
811.35        	2.813335e-17
811.4         	2.813337e-17
811.45        	2.813340e-17
811.5         	2.813342e-17
811.55        	2.813345e-17
811.6         	2.813347e-17
811.65        	2.813349e-17
811.7         	2.813352e-17
811.75        	2.813354e-17
811.8         	2.813357e-17
811.85        	2.813359e-17
811.9         	2.813361e-17
811.95        	2.813364e-17
812           	2.813366e-17
812.05        	2.813369e-17
812.1         	2.813371e-17
812.15        	2.813373e-17
812.2         	2.813376e-17
812.25        	2.813378e-17
812.3         	2.813380e-17
812.35        	2.813383e-17
812.4         	2.813385e-17
812.45        	2.813388e-17
812.5         	2.813390e-17
812.55        	2.813392e-17
812.6         	2.813395e-17
812.65        	2.813397e-17
812.7         	2.813400e-17
812.75        	2.813402e-17
812.8         	2.813404e-17
812.85        	2.813407e-17
812.9         	2.813409e-17
812.95        	2.813411e-17
813           	2.813414e-17
813.05        	2.813416e-17
813.1         	2.813419e-17
813.15        	2.813421e-17
813.2         	2.813423e-17
813.25        	2.813426e-17
813.3         	2.813428e-17
813.35        	2.813431e-17
813.4         	2.813433e-17
813.45        	2.813435e-17
813.5         	2.813438e-17
813.55        	2.813440e-17
813.6         	2.813442e-17
813.65        	2.813445e-17
813.7         	2.813447e-17
813.75        	2.813450e-17
813.8         	2.813452e-17
813.85        	2.813454e-17
813.9         	2.813457e-17
813.95        	2.813459e-17
814           	2.813461e-17
814.05        	2.813464e-17
814.1         	2.813466e-17
814.15        	2.813469e-17
814.2         	2.813471e-17
814.25        	2.813473e-17
814.3         	2.813476e-17
814.35        	2.813478e-17
814.4         	2.813480e-17
814.45        	2.813483e-17
814.5         	2.813485e-17
814.55        	2.813487e-17
814.6         	2.813490e-17
814.65        	2.813492e-17
814.7         	2.813495e-17
814.75        	2.813497e-17
814.8         	2.813499e-17
814.85        	2.813502e-17
814.9         	2.813504e-17
814.95        	2.813506e-17
815           	2.813509e-17
815.05        	2.813511e-17
815.1         	2.813513e-17
815.15        	2.813516e-17
815.2         	2.813518e-17
815.25        	2.813521e-17
815.3         	2.813523e-17
815.35        	2.813525e-17
815.4         	2.813528e-17
815.45        	2.813530e-17
815.5         	2.813532e-17
815.55        	2.813535e-17
815.6         	2.813537e-17
815.65        	2.813539e-17
815.7         	2.813542e-17
815.75        	2.813544e-17
815.8         	2.813546e-17
815.85        	2.813549e-17
815.9         	2.813551e-17
815.95        	2.813553e-17
816           	2.813556e-17
816.05        	2.813558e-17
816.1         	2.813560e-17
816.15        	2.813563e-17
816.2         	2.813565e-17
816.25        	2.813568e-17
816.3         	2.813570e-17
816.35        	2.813572e-17
816.4         	2.813575e-17
816.45        	2.813577e-17
816.5         	2.813579e-17
816.55        	2.813582e-17
816.6         	2.813584e-17
816.65        	2.813586e-17
816.7         	2.813589e-17
816.75        	2.813591e-17
816.8         	2.813593e-17
816.85        	2.813596e-17
816.9         	2.813598e-17
816.95        	2.813600e-17
817           	2.813603e-17
817.05        	2.813605e-17
817.1         	2.813607e-17
817.15        	2.813610e-17
817.2         	2.813612e-17
817.25        	2.813614e-17
817.3         	2.813617e-17
817.35        	2.813619e-17
817.4         	2.813621e-17
817.45        	2.813624e-17
817.5         	2.813626e-17
817.55        	2.813628e-17
817.6         	2.813631e-17
817.65        	2.813633e-17
817.7         	2.813635e-17
817.75        	2.813638e-17
817.8         	2.813640e-17
817.85        	2.813642e-17
817.9         	2.813645e-17
817.95        	2.813647e-17
818           	2.813649e-17
818.05        	2.813652e-17
818.1         	2.813654e-17
818.15        	2.813656e-17
818.2         	2.813659e-17
818.25        	2.813661e-17
818.3         	2.813663e-17
818.35        	2.813666e-17
818.4         	2.813668e-17
818.45        	2.813670e-17
818.5         	2.813673e-17
818.55        	2.813675e-17
818.6         	2.813677e-17
818.65        	2.813679e-17
818.7         	2.813682e-17
818.75        	2.813684e-17
818.8         	2.813686e-17
818.85        	2.813689e-17
818.9         	2.813691e-17
818.95        	2.813693e-17
819           	2.813696e-17
819.05        	2.813698e-17
819.1         	2.813700e-17
819.15        	2.813703e-17
819.2         	2.813705e-17
819.25        	2.813707e-17
819.3         	2.813710e-17
819.35        	2.813712e-17
819.4         	2.813714e-17
819.45        	2.813717e-17
819.5         	2.813719e-17
819.55        	2.813721e-17
819.6         	2.813723e-17
819.65        	2.813726e-17
819.7         	2.813728e-17
819.75        	2.813730e-17
819.8         	2.813733e-17
819.85        	2.813735e-17
819.9         	2.813737e-17
819.95        	2.813740e-17
820           	2.813742e-17
820.05        	2.813744e-17
820.1         	2.813747e-17
820.15        	2.813749e-17
820.2         	2.813751e-17
820.25        	2.813753e-17
820.3         	2.813756e-17
820.35        	2.813758e-17
820.4         	2.813760e-17
820.45        	2.813763e-17
820.5         	2.813765e-17
820.55        	2.813767e-17
820.6         	2.813770e-17
820.65        	2.813772e-17
820.7         	2.813774e-17
820.75        	2.813776e-17
820.8         	2.813779e-17
820.85        	2.813781e-17
820.9         	2.813783e-17
820.95        	2.813786e-17
821           	2.813788e-17
821.05        	2.813790e-17
821.1         	2.813793e-17
821.15        	2.813795e-17
821.2         	2.813797e-17
821.25        	2.813799e-17
821.3         	2.813802e-17
821.35        	2.813804e-17
821.4         	2.813806e-17
821.45        	2.813809e-17
821.5         	2.813811e-17
821.55        	2.813813e-17
821.6         	2.813815e-17
821.65        	2.813818e-17
821.7         	2.813820e-17
821.75        	2.813822e-17
821.8         	2.813825e-17
821.85        	2.813827e-17
821.9         	2.813829e-17
821.95        	2.813831e-17
822           	2.813834e-17
822.05        	2.813836e-17
822.1         	2.813838e-17
822.15        	2.813841e-17
822.2         	2.813843e-17
822.25        	2.813845e-17
822.3         	2.813847e-17
822.35        	2.813850e-17
822.4         	2.813852e-17
822.45        	2.813854e-17
822.5         	2.813856e-17
822.55        	2.813859e-17
822.6         	2.813861e-17
822.65        	2.813863e-17
822.7         	2.813866e-17
822.75        	2.813868e-17
822.8         	2.813870e-17
822.85        	2.813872e-17
822.9         	2.813875e-17
822.95        	2.813877e-17
823           	2.813879e-17
823.05        	2.813882e-17
823.1         	2.813884e-17
823.15        	2.813886e-17
823.2         	2.813888e-17
823.25        	2.813891e-17
823.3         	2.813893e-17
823.35        	2.813895e-17
823.4         	2.813897e-17
823.45        	2.813900e-17
823.5         	2.813902e-17
823.55        	2.813904e-17
823.6         	2.813906e-17
823.65        	2.813909e-17
823.7         	2.813911e-17
823.75        	2.813913e-17
823.8         	2.813916e-17
823.85        	2.813918e-17
823.9         	2.813920e-17
823.95        	2.813922e-17
824           	2.813925e-17
824.05        	2.813927e-17
824.1         	2.813929e-17
824.15        	2.813931e-17
824.2         	2.813934e-17
824.25        	2.813936e-17
824.3         	2.813938e-17
824.35        	2.813940e-17
824.4         	2.813943e-17
824.45        	2.813945e-17
824.5         	2.813947e-17
824.55        	2.813949e-17
824.6         	2.813952e-17
824.65        	2.813954e-17
824.7         	2.813956e-17
824.75        	2.813958e-17
824.8         	2.813961e-17
824.85        	2.813963e-17
824.9         	2.813965e-17
824.95        	2.813967e-17
825           	2.813970e-17
825.05        	2.813972e-17
825.1         	2.813974e-17
825.15        	2.813976e-17
825.2         	2.813979e-17
825.25        	2.813981e-17
825.3         	2.813983e-17
825.35        	2.813985e-17
825.4         	2.813988e-17
825.45        	2.813990e-17
825.5         	2.813992e-17
825.55        	2.813994e-17
825.6         	2.813997e-17
825.65        	2.813999e-17
825.7         	2.814001e-17
825.75        	2.814003e-17
825.8         	2.814006e-17
825.85        	2.814008e-17
825.9         	2.814010e-17
825.95        	2.814012e-17
826           	2.814015e-17
826.05        	2.814017e-17
826.1         	2.814019e-17
826.15        	2.814021e-17
826.2         	2.814024e-17
826.25        	2.814026e-17
826.3         	2.814028e-17
826.35        	2.814030e-17
826.4         	2.814033e-17
826.45        	2.814035e-17
826.5         	2.814037e-17
826.55        	2.814039e-17
826.6         	2.814042e-17
826.65        	2.814044e-17
826.7         	2.814046e-17
826.75        	2.814048e-17
826.8         	2.814050e-17
826.85        	2.814053e-17
826.9         	2.814055e-17
826.95        	2.814057e-17
827           	2.814059e-17
827.05        	2.814062e-17
827.1         	2.814064e-17
827.15        	2.814066e-17
827.2         	2.814068e-17
827.25        	2.814071e-17
827.3         	2.814073e-17
827.35        	2.814075e-17
827.4         	2.814077e-17
827.45        	2.814079e-17
827.5         	2.814082e-17
827.55        	2.814084e-17
827.6         	2.814086e-17
827.65        	2.814088e-17
827.7         	2.814091e-17
827.75        	2.814093e-17
827.8         	2.814095e-17
827.85        	2.814097e-17
827.9         	2.814099e-17
827.95        	2.814102e-17
828           	2.814104e-17
828.05        	2.814106e-17
828.1         	2.814108e-17
828.15        	2.814111e-17
828.2         	2.814113e-17
828.25        	2.814115e-17
828.3         	2.814117e-17
828.35        	2.814119e-17
828.4         	2.814122e-17
828.45        	2.814124e-17
828.5         	2.814126e-17
828.55        	2.814128e-17
828.6         	2.814130e-17
828.65        	2.814133e-17
828.7         	2.814135e-17
828.75        	2.814137e-17
828.8         	2.814139e-17
828.85        	2.814142e-17
828.9         	2.814144e-17
828.95        	2.814146e-17
829           	2.814148e-17
829.05        	2.814150e-17
829.1         	2.814153e-17
829.15        	2.814155e-17
829.2         	2.814157e-17
829.25        	2.814159e-17
829.3         	2.814161e-17
829.35        	2.814164e-17
829.4         	2.814166e-17
829.45        	2.814168e-17
829.5         	2.814170e-17
829.55        	2.814172e-17
829.6         	2.814175e-17
829.65        	2.814177e-17
829.7         	2.814179e-17
829.75        	2.814181e-17
829.8         	2.814183e-17
829.85        	2.814186e-17
829.9         	2.814188e-17
829.95        	2.814190e-17
830           	2.814192e-17
830.05        	2.814194e-17
830.1         	2.814197e-17
830.15        	2.814199e-17
830.2         	2.814201e-17
830.25        	2.814203e-17
830.3         	2.814205e-17
830.35        	2.814208e-17
830.4         	2.814210e-17
830.45        	2.814212e-17
830.5         	2.814214e-17
830.55        	2.814216e-17
830.6         	2.814219e-17
830.65        	2.814221e-17
830.7         	2.814223e-17
830.75        	2.814225e-17
830.8         	2.814227e-17
830.85        	2.814230e-17
830.9         	2.814232e-17
830.95        	2.814234e-17
831           	2.814236e-17
831.05        	2.814238e-17
831.1         	2.814241e-17
831.15        	2.814243e-17
831.2         	2.814245e-17
831.25        	2.814247e-17
831.3         	2.814249e-17
831.35        	2.814251e-17
831.4         	2.814254e-17
831.45        	2.814256e-17
831.5         	2.814258e-17
831.55        	2.814260e-17
831.6         	2.814262e-17
831.65        	2.814265e-17
831.7         	2.814267e-17
831.75        	2.814269e-17
831.8         	2.814271e-17
831.85        	2.814273e-17
831.9         	2.814275e-17
831.95        	2.814278e-17
832           	2.814280e-17
832.05        	2.814282e-17
832.1         	2.814284e-17
832.15        	2.814286e-17
832.2         	2.814289e-17
832.25        	2.814291e-17
832.3         	2.814293e-17
832.35        	2.814295e-17
832.4         	2.814297e-17
832.45        	2.814299e-17
832.5         	2.814302e-17
832.55        	2.814304e-17
832.6         	2.814306e-17
832.65        	2.814308e-17
832.7         	2.814310e-17
832.75        	2.814312e-17
832.8         	2.814315e-17
832.85        	2.814317e-17
832.9         	2.814319e-17
832.95        	2.814321e-17
833           	2.814323e-17
833.05        	2.814325e-17
833.1         	2.814328e-17
833.15        	2.814330e-17
833.2         	2.814332e-17
833.25        	2.814334e-17
833.3         	2.814336e-17
833.35        	2.814338e-17
833.4         	2.814341e-17
833.45        	2.814343e-17
833.5         	2.814345e-17
833.55        	2.814347e-17
833.6         	2.814349e-17
833.65        	2.814351e-17
833.7         	2.814354e-17
833.75        	2.814356e-17
833.8         	2.814358e-17
833.85        	2.814360e-17
833.9         	2.814362e-17
833.95        	2.814364e-17
834           	2.814367e-17
834.05        	2.814369e-17
834.1         	2.814371e-17
834.15        	2.814373e-17
834.2         	2.814375e-17
834.25        	2.814377e-17
834.3         	2.814380e-17
834.35        	2.814382e-17
834.4         	2.814384e-17
834.45        	2.814386e-17
834.5         	2.814388e-17
834.55        	2.814390e-17
834.6         	2.814392e-17
834.65        	2.814395e-17
834.7         	2.814397e-17
834.75        	2.814399e-17
834.8         	2.814401e-17
834.85        	2.814403e-17
834.9         	2.814405e-17
834.95        	2.814407e-17
835           	2.814410e-17
835.05        	2.814412e-17
835.1         	2.814414e-17
835.15        	2.814416e-17
835.2         	2.814418e-17
835.25        	2.814420e-17
835.3         	2.814423e-17
835.35        	2.814425e-17
835.4         	2.814427e-17
835.45        	2.814429e-17
835.5         	2.814431e-17
835.55        	2.814433e-17
835.6         	2.814435e-17
835.65        	2.814438e-17
835.7         	2.814440e-17
835.75        	2.814442e-17
835.8         	2.814444e-17
835.85        	2.814446e-17
835.9         	2.814448e-17
835.95        	2.814450e-17
836           	2.814453e-17
836.05        	2.814455e-17
836.1         	2.814457e-17
836.15        	2.814459e-17
836.2         	2.814461e-17
836.25        	2.814463e-17
836.3         	2.814465e-17
836.35        	2.814467e-17
836.4         	2.814470e-17
836.45        	2.814472e-17
836.5         	2.814474e-17
836.55        	2.814476e-17
836.6         	2.814478e-17
836.65        	2.814480e-17
836.7         	2.814482e-17
836.75        	2.814485e-17
836.8         	2.814487e-17
836.85        	2.814489e-17
836.9         	2.814491e-17
836.95        	2.814493e-17
837           	2.814495e-17
837.05        	2.814497e-17
837.1         	2.814499e-17
837.15        	2.814502e-17
837.2         	2.814504e-17
837.25        	2.814506e-17
837.3         	2.814508e-17
837.35        	2.814510e-17
837.4         	2.814512e-17
837.45        	2.814514e-17
837.5         	2.814516e-17
837.55        	2.814519e-17
837.6         	2.814521e-17
837.65        	2.814523e-17
837.7         	2.814525e-17
837.75        	2.814527e-17
837.8         	2.814529e-17
837.85        	2.814531e-17
837.9         	2.814533e-17
837.95        	2.814536e-17
838           	2.814538e-17
838.05        	2.814540e-17
838.1         	2.814542e-17
838.15        	2.814544e-17
838.2         	2.814546e-17
838.25        	2.814548e-17
838.3         	2.814550e-17
838.35        	2.814552e-17
838.4         	2.814555e-17
838.45        	2.814557e-17
838.5         	2.814559e-17
838.55        	2.814561e-17
838.6         	2.814563e-17
838.65        	2.814565e-17
838.7         	2.814567e-17
838.75        	2.814569e-17
838.8         	2.814571e-17
838.85        	2.814574e-17
838.9         	2.814576e-17
838.95        	2.814578e-17
839           	2.814580e-17
839.05        	2.814582e-17
839.1         	2.814584e-17
839.15        	2.814586e-17
839.2         	2.814588e-17
839.25        	2.814590e-17
839.3         	2.814593e-17
839.35        	2.814595e-17
839.4         	2.814597e-17
839.45        	2.814599e-17
839.5         	2.814601e-17
839.55        	2.814603e-17
839.6         	2.814605e-17
839.65        	2.814607e-17
839.7         	2.814609e-17
839.75        	2.814612e-17
839.8         	2.814614e-17
839.85        	2.814616e-17
839.9         	2.814618e-17
839.95        	2.814620e-17
840           	2.814622e-17
840.05        	2.814624e-17
840.1         	2.814626e-17
840.15        	2.814628e-17
840.2         	2.814630e-17
840.25        	2.814632e-17
840.3         	2.814635e-17
840.35        	2.814637e-17
840.4         	2.814639e-17
840.45        	2.814641e-17
840.5         	2.814643e-17
840.55        	2.814645e-17
840.6         	2.814647e-17
840.65        	2.814649e-17
840.7         	2.814651e-17
840.75        	2.814653e-17
840.8         	2.814656e-17
840.85        	2.814658e-17
840.9         	2.814660e-17
840.95        	2.814662e-17
841           	2.814664e-17
841.05        	2.814666e-17
841.1         	2.814668e-17
841.15        	2.814670e-17
841.2         	2.814672e-17
841.25        	2.814674e-17
841.3         	2.814676e-17
841.35        	2.814678e-17
841.4         	2.814681e-17
841.45        	2.814683e-17
841.5         	2.814685e-17
841.55        	2.814687e-17
841.6         	2.814689e-17
841.65        	2.814691e-17
841.7         	2.814693e-17
841.75        	2.814695e-17
841.8         	2.814697e-17
841.85        	2.814699e-17
841.9         	2.814701e-17
841.95        	2.814703e-17
842           	2.814706e-17
842.05        	2.814708e-17
842.1         	2.814710e-17
842.15        	2.814712e-17
842.2         	2.814714e-17
842.25        	2.814716e-17
842.3         	2.814718e-17
842.35        	2.814720e-17
842.4         	2.814722e-17
842.45        	2.814724e-17
842.5         	2.814726e-17
842.55        	2.814728e-17
842.6         	2.814730e-17
842.65        	2.814733e-17
842.7         	2.814735e-17
842.75        	2.814737e-17
842.8         	2.814739e-17
842.85        	2.814741e-17
842.9         	2.814743e-17
842.95        	2.814745e-17
843           	2.814747e-17
843.05        	2.814749e-17
843.1         	2.814751e-17
843.15        	2.814753e-17
843.2         	2.814755e-17
843.25        	2.814757e-17
843.3         	2.814759e-17
843.35        	2.814762e-17
843.4         	2.814764e-17
843.45        	2.814766e-17
843.5         	2.814768e-17
843.55        	2.814770e-17
843.6         	2.814772e-17
843.65        	2.814774e-17
843.7         	2.814776e-17
843.75        	2.814778e-17
843.8         	2.814780e-17
843.85        	2.814782e-17
843.9         	2.814784e-17
843.95        	2.814786e-17
844           	2.814788e-17
844.05        	2.814790e-17
844.1         	2.814792e-17
844.15        	2.814795e-17
844.2         	2.814797e-17
844.25        	2.814799e-17
844.3         	2.814801e-17
844.35        	2.814803e-17
844.4         	2.814805e-17
844.45        	2.814807e-17
844.5         	2.814809e-17
844.55        	2.814811e-17
844.6         	2.814813e-17
844.65        	2.814815e-17
844.7         	2.814817e-17
844.75        	2.814819e-17
844.8         	2.814821e-17
844.85        	2.814823e-17
844.9         	2.814825e-17
844.95        	2.814827e-17
845           	2.814829e-17
845.05        	2.814832e-17
845.1         	2.814834e-17
845.15        	2.814836e-17
845.2         	2.814838e-17
845.25        	2.814840e-17
845.3         	2.814842e-17
845.35        	2.814844e-17
845.4         	2.814846e-17
845.45        	2.814848e-17
845.5         	2.814850e-17
845.55        	2.814852e-17
845.6         	2.814854e-17
845.65        	2.814856e-17
845.7         	2.814858e-17
845.75        	2.814860e-17
845.8         	2.814862e-17
845.85        	2.814864e-17
845.9         	2.814866e-17
845.95        	2.814868e-17
846           	2.814870e-17
846.05        	2.814872e-17
846.1         	2.814874e-17
846.15        	2.814877e-17
846.2         	2.814879e-17
846.25        	2.814881e-17
846.3         	2.814883e-17
846.35        	2.814885e-17
846.4         	2.814887e-17
846.45        	2.814889e-17
846.5         	2.814891e-17
846.55        	2.814893e-17
846.6         	2.814895e-17
846.65        	2.814897e-17
846.7         	2.814899e-17
846.75        	2.814901e-17
846.8         	2.814903e-17
846.85        	2.814905e-17
846.9         	2.814907e-17
846.95        	2.814909e-17
847           	2.814911e-17
847.05        	2.814913e-17
847.1         	2.814915e-17
847.15        	2.814917e-17
847.2         	2.814919e-17
847.25        	2.814921e-17
847.3         	2.814923e-17
847.35        	2.814925e-17
847.4         	2.814927e-17
847.45        	2.814929e-17
847.5         	2.814931e-17
847.55        	2.814933e-17
847.6         	2.814935e-17
847.65        	2.814938e-17
847.7         	2.814940e-17
847.75        	2.814942e-17
847.8         	2.814944e-17
847.85        	2.814946e-17
847.9         	2.814948e-17
847.95        	2.814950e-17
848           	2.814952e-17
848.05        	2.814954e-17
848.1         	2.814956e-17
848.15        	2.814958e-17
848.2         	2.814960e-17
848.25        	2.814962e-17
848.3         	2.814964e-17
848.35        	2.814966e-17
848.4         	2.814968e-17
848.45        	2.814970e-17
848.5         	2.814972e-17
848.55        	2.814974e-17
848.6         	2.814976e-17
848.65        	2.814978e-17
848.7         	2.814980e-17
848.75        	2.814982e-17
848.8         	2.814984e-17
848.85        	2.814986e-17
848.9         	2.814988e-17
848.95        	2.814990e-17
849           	2.814992e-17
849.05        	2.814994e-17
849.1         	2.814996e-17
849.15        	2.814998e-17
849.2         	2.815000e-17
849.25        	2.815002e-17
849.3         	2.815004e-17
849.35        	2.815006e-17
849.4         	2.815008e-17
849.45        	2.815010e-17
849.5         	2.815012e-17
849.55        	2.815014e-17
849.6         	2.815016e-17
849.65        	2.815018e-17
849.7         	2.815020e-17
849.75        	2.815022e-17
849.8         	2.815024e-17
849.85        	2.815026e-17
849.9         	2.815028e-17
849.95        	2.815030e-17
850           	2.815032e-17
850.05        	2.815034e-17
850.1         	2.815036e-17
850.15        	2.815038e-17
850.2         	2.815040e-17
850.25        	2.815042e-17
850.3         	2.815044e-17
850.35        	2.815046e-17
850.4         	2.815048e-17
850.45        	2.815050e-17
850.5         	2.815052e-17
850.55        	2.815054e-17
850.6         	2.815056e-17
850.65        	2.815058e-17
850.7         	2.815060e-17
850.75        	2.815062e-17
850.8         	2.815064e-17
850.85        	2.815066e-17
850.9         	2.815068e-17
850.95        	2.815070e-17
851           	2.815072e-17
851.05        	2.815074e-17
851.1         	2.815076e-17
851.15        	2.815078e-17
851.2         	2.815080e-17
851.25        	2.815082e-17
851.3         	2.815084e-17
851.35        	2.815086e-17
851.4         	2.815088e-17
851.45        	2.815090e-17
851.5         	2.815092e-17
851.55        	2.815094e-17
851.6         	2.815096e-17
851.65        	2.815098e-17
851.7         	2.815100e-17
851.75        	2.815102e-17
851.8         	2.815104e-17
851.85        	2.815106e-17
851.9         	2.815108e-17
851.95        	2.815110e-17
852           	2.815112e-17
852.05        	2.815114e-17
852.1         	2.815116e-17
852.15        	2.815118e-17
852.2         	2.815120e-17
852.25        	2.815122e-17
852.3         	2.815124e-17
852.35        	2.815126e-17
852.4         	2.815128e-17
852.45        	2.815130e-17
852.5         	2.815132e-17
852.55        	2.815134e-17
852.6         	2.815136e-17
852.65        	2.815138e-17
852.7         	2.815140e-17
852.75        	2.815142e-17
852.8         	2.815144e-17
852.85        	2.815146e-17
852.9         	2.815148e-17
852.95        	2.815150e-17
853           	2.815152e-17
853.05        	2.815154e-17
853.1         	2.815156e-17
853.15        	2.815157e-17
853.2         	2.815159e-17
853.25        	2.815161e-17
853.3         	2.815163e-17
853.35        	2.815165e-17
853.4         	2.815167e-17
853.45        	2.815169e-17
853.5         	2.815171e-17
853.55        	2.815173e-17
853.6         	2.815175e-17
853.65        	2.815177e-17
853.7         	2.815179e-17
853.75        	2.815181e-17
853.8         	2.815183e-17
853.85        	2.815185e-17
853.9         	2.815187e-17
853.95        	2.815189e-17
854           	2.815191e-17
854.05        	2.815193e-17
854.1         	2.815195e-17
854.15        	2.815197e-17
854.2         	2.815199e-17
854.25        	2.815201e-17
854.3         	2.815203e-17
854.35        	2.815205e-17
854.4         	2.815207e-17
854.45        	2.815209e-17
854.5         	2.815211e-17
854.55        	2.815213e-17
854.6         	2.815215e-17
854.65        	2.815217e-17
854.7         	2.815218e-17
854.75        	2.815220e-17
854.8         	2.815222e-17
854.85        	2.815224e-17
854.9         	2.815226e-17
854.95        	2.815228e-17
855           	2.815230e-17
855.05        	2.815232e-17
855.1         	2.815234e-17
855.15        	2.815236e-17
855.2         	2.815238e-17
855.25        	2.815240e-17
855.3         	2.815242e-17
855.35        	2.815244e-17
855.4         	2.815246e-17
855.45        	2.815248e-17
855.5         	2.815250e-17
855.55        	2.815252e-17
855.6         	2.815254e-17
855.65        	2.815256e-17
855.7         	2.815258e-17
855.75        	2.815260e-17
855.8         	2.815261e-17
855.85        	2.815263e-17
855.9         	2.815265e-17
855.95        	2.815267e-17
856           	2.815269e-17
856.05        	2.815271e-17
856.1         	2.815273e-17
856.15        	2.815275e-17
856.2         	2.815277e-17
856.25        	2.815279e-17
856.3         	2.815281e-17
856.35        	2.815283e-17
856.4         	2.815285e-17
856.45        	2.815287e-17
856.5         	2.815289e-17
856.55        	2.815291e-17
856.6         	2.815293e-17
856.65        	2.815295e-17
856.7         	2.815297e-17
856.75        	2.815298e-17
856.8         	2.815300e-17
856.85        	2.815302e-17
856.9         	2.815304e-17
856.95        	2.815306e-17
857           	2.815308e-17
857.05        	2.815310e-17
857.1         	2.815312e-17
857.15        	2.815314e-17
857.2         	2.815316e-17
857.25        	2.815318e-17
857.3         	2.815320e-17
857.35        	2.815322e-17
857.4         	2.815324e-17
857.45        	2.815326e-17
857.5         	2.815328e-17
857.55        	2.815329e-17
857.6         	2.815331e-17
857.65        	2.815333e-17
857.7         	2.815335e-17
857.75        	2.815337e-17
857.8         	2.815339e-17
857.85        	2.815341e-17
857.9         	2.815343e-17
857.95        	2.815345e-17
858           	2.815347e-17
858.05        	2.815349e-17
858.1         	2.815351e-17
858.15        	2.815353e-17
858.2         	2.815355e-17
858.25        	2.815357e-17
858.3         	2.815358e-17
858.35        	2.815360e-17
858.4         	2.815362e-17
858.45        	2.815364e-17
858.5         	2.815366e-17
858.55        	2.815368e-17
858.6         	2.815370e-17
858.65        	2.815372e-17
858.7         	2.815374e-17
858.75        	2.815376e-17
858.8         	2.815378e-17
858.85        	2.815380e-17
858.9         	2.815382e-17
858.95        	2.815383e-17
859           	2.815385e-17
859.05        	2.815387e-17
859.1         	2.815389e-17
859.15        	2.815391e-17
859.2         	2.815393e-17
859.25        	2.815395e-17
859.3         	2.815397e-17
859.35        	2.815399e-17
859.4         	2.815401e-17
859.45        	2.815403e-17
859.5         	2.815405e-17
859.55        	2.815407e-17
859.6         	2.815408e-17
859.65        	2.815410e-17
859.7         	2.815412e-17
859.75        	2.815414e-17
859.8         	2.815416e-17
859.85        	2.815418e-17
859.9         	2.815420e-17
859.95        	2.815422e-17
860           	2.815424e-17
860.05        	2.815426e-17
860.1         	2.815428e-17
860.15        	2.815429e-17
860.2         	2.815431e-17
860.25        	2.815433e-17
860.3         	2.815435e-17
860.35        	2.815437e-17
860.4         	2.815439e-17
860.45        	2.815441e-17
860.5         	2.815443e-17
860.55        	2.815445e-17
860.6         	2.815447e-17
860.65        	2.815449e-17
860.7         	2.815450e-17
860.75        	2.815452e-17
860.8         	2.815454e-17
860.85        	2.815456e-17
860.9         	2.815458e-17
860.95        	2.815460e-17
861           	2.815462e-17
861.05        	2.815464e-17
861.1         	2.815466e-17
861.15        	2.815468e-17
861.2         	2.815470e-17
861.25        	2.815471e-17
861.3         	2.815473e-17
861.35        	2.815475e-17
861.4         	2.815477e-17
861.45        	2.815479e-17
861.5         	2.815481e-17
861.55        	2.815483e-17
861.6         	2.815485e-17
861.65        	2.815487e-17
861.7         	2.815489e-17
861.75        	2.815490e-17
861.8         	2.815492e-17
861.85        	2.815494e-17
861.9         	2.815496e-17
861.95        	2.815498e-17
862           	2.815500e-17
862.05        	2.815502e-17
862.1         	2.815504e-17
862.15        	2.815506e-17
862.2         	2.815507e-17
862.25        	2.815509e-17
862.3         	2.815511e-17
862.35        	2.815513e-17
862.4         	2.815515e-17
862.45        	2.815517e-17
862.5         	2.815519e-17
862.55        	2.815521e-17
862.6         	2.815523e-17
862.65        	2.815524e-17
862.7         	2.815526e-17
862.75        	2.815528e-17
862.8         	2.815530e-17
862.85        	2.815532e-17
862.9         	2.815534e-17
862.95        	2.815536e-17
863           	2.815538e-17
863.05        	2.815540e-17
863.1         	2.815541e-17
863.15        	2.815543e-17
863.2         	2.815545e-17
863.25        	2.815547e-17
863.3         	2.815549e-17
863.35        	2.815551e-17
863.4         	2.815553e-17
863.45        	2.815555e-17
863.5         	2.815557e-17
863.55        	2.815558e-17
863.6         	2.815560e-17
863.65        	2.815562e-17
863.7         	2.815564e-17
863.75        	2.815566e-17
863.8         	2.815568e-17
863.85        	2.815570e-17
863.9         	2.815572e-17
863.95        	2.815573e-17
864           	2.815575e-17
864.05        	2.815577e-17
864.1         	2.815579e-17
864.15        	2.815581e-17
864.2         	2.815583e-17
864.25        	2.815585e-17
864.3         	2.815587e-17
864.35        	2.815588e-17
864.4         	2.815590e-17
864.45        	2.815592e-17
864.5         	2.815594e-17
864.55        	2.815596e-17
864.6         	2.815598e-17
864.65        	2.815600e-17
864.7         	2.815602e-17
864.75        	2.815603e-17
864.8         	2.815605e-17
864.85        	2.815607e-17
864.9         	2.815609e-17
864.95        	2.815611e-17
865           	2.815613e-17
865.05        	2.815615e-17
865.1         	2.815617e-17
865.15        	2.815618e-17
865.2         	2.815620e-17
865.25        	2.815622e-17
865.3         	2.815624e-17
865.35        	2.815626e-17
865.4         	2.815628e-17
865.45        	2.815630e-17
865.5         	2.815631e-17
865.55        	2.815633e-17
865.6         	2.815635e-17
865.65        	2.815637e-17
865.7         	2.815639e-17
865.75        	2.815641e-17
865.8         	2.815643e-17
865.85        	2.815645e-17
865.9         	2.815646e-17
865.95        	2.815648e-17
866           	2.815650e-17
866.05        	2.815652e-17
866.1         	2.815654e-17
866.15        	2.815656e-17
866.2         	2.815658e-17
866.25        	2.815659e-17
866.3         	2.815661e-17
866.35        	2.815663e-17
866.4         	2.815665e-17
866.45        	2.815667e-17
866.5         	2.815669e-17
866.55        	2.815671e-17
866.6         	2.815672e-17
866.65        	2.815674e-17
866.7         	2.815676e-17
866.75        	2.815678e-17
866.8         	2.815680e-17
866.85        	2.815682e-17
866.9         	2.815683e-17
866.95        	2.815685e-17
867           	2.815687e-17
867.05        	2.815689e-17
867.1         	2.815691e-17
867.15        	2.815693e-17
867.2         	2.815695e-17
867.25        	2.815696e-17
867.3         	2.815698e-17
867.35        	2.815700e-17
867.4         	2.815702e-17
867.45        	2.815704e-17
867.5         	2.815706e-17
867.55        	2.815708e-17
867.6         	2.815709e-17
867.65        	2.815711e-17
867.7         	2.815713e-17
867.75        	2.815715e-17
867.8         	2.815717e-17
867.85        	2.815719e-17
867.9         	2.815720e-17
867.95        	2.815722e-17
868           	2.815724e-17
868.05        	2.815726e-17
868.1         	2.815728e-17
868.15        	2.815730e-17
868.2         	2.815732e-17
868.25        	2.815733e-17
868.3         	2.815735e-17
868.35        	2.815737e-17
868.4         	2.815739e-17
868.45        	2.815741e-17
868.5         	2.815743e-17
868.55        	2.815744e-17
868.6         	2.815746e-17
868.65        	2.815748e-17
868.7         	2.815750e-17
868.75        	2.815752e-17
868.8         	2.815754e-17
868.85        	2.815755e-17
868.9         	2.815757e-17
868.95        	2.815759e-17
869           	2.815761e-17
869.05        	2.815763e-17
869.1         	2.815765e-17
869.15        	2.815766e-17
869.2         	2.815768e-17
869.25        	2.815770e-17
869.3         	2.815772e-17
869.35        	2.815774e-17
869.4         	2.815776e-17
869.45        	2.815777e-17
869.5         	2.815779e-17
869.55        	2.815781e-17
869.6         	2.815783e-17
869.65        	2.815785e-17
869.7         	2.815787e-17
869.75        	2.815788e-17
869.8         	2.815790e-17
869.85        	2.815792e-17
869.9         	2.815794e-17
869.95        	2.815796e-17
870           	2.815798e-17
870.05        	2.815799e-17
870.1         	2.815801e-17
870.15        	2.815803e-17
870.2         	2.815805e-17
870.25        	2.815807e-17
870.3         	2.815808e-17
870.35        	2.815810e-17
870.4         	2.815812e-17
870.45        	2.815814e-17
870.5         	2.815816e-17
870.55        	2.815818e-17
870.6         	2.815819e-17
870.65        	2.815821e-17
870.7         	2.815823e-17
870.75        	2.815825e-17
870.8         	2.815827e-17
870.85        	2.815829e-17
870.9         	2.815830e-17
870.95        	2.815832e-17
871           	2.815834e-17
871.05        	2.815836e-17
871.1         	2.815838e-17
871.15        	2.815839e-17
871.2         	2.815841e-17
871.25        	2.815843e-17
871.3         	2.815845e-17
871.35        	2.815847e-17
871.4         	2.815848e-17
871.45        	2.815850e-17
871.5         	2.815852e-17
871.55        	2.815854e-17
871.6         	2.815856e-17
871.65        	2.815858e-17
871.7         	2.815859e-17
871.75        	2.815861e-17
871.8         	2.815863e-17
871.85        	2.815865e-17
871.9         	2.815867e-17
871.95        	2.815868e-17
872           	2.815870e-17
872.05        	2.815872e-17
872.1         	2.815874e-17
872.15        	2.815876e-17
872.2         	2.815877e-17
872.25        	2.815879e-17
872.3         	2.815881e-17
872.35        	2.815883e-17
872.4         	2.815885e-17
872.45        	2.815886e-17
872.5         	2.815888e-17
872.55        	2.815890e-17
872.6         	2.815892e-17
872.65        	2.815894e-17
872.7         	2.815896e-17
872.75        	2.815897e-17
872.8         	2.815899e-17
872.85        	2.815901e-17
872.9         	2.815903e-17
872.95        	2.815905e-17
873           	2.815906e-17
873.05        	2.815908e-17
873.1         	2.815910e-17
873.15        	2.815912e-17
873.2         	2.815914e-17
873.25        	2.815915e-17
873.3         	2.815917e-17
873.35        	2.815919e-17
873.4         	2.815921e-17
873.45        	2.815923e-17
873.5         	2.815924e-17
873.55        	2.815926e-17
873.6         	2.815928e-17
873.65        	2.815930e-17
873.7         	2.815931e-17
873.75        	2.815933e-17
873.8         	2.815935e-17
873.85        	2.815937e-17
873.9         	2.815939e-17
873.95        	2.815940e-17
874           	2.815942e-17
874.05        	2.815944e-17
874.1         	2.815946e-17
874.15        	2.815948e-17
874.2         	2.815949e-17
874.25        	2.815951e-17
874.3         	2.815953e-17
874.35        	2.815955e-17
874.4         	2.815957e-17
874.45        	2.815958e-17
874.5         	2.815960e-17
874.55        	2.815962e-17
874.6         	2.815964e-17
874.65        	2.815966e-17
874.7         	2.815967e-17
874.75        	2.815969e-17
874.8         	2.815971e-17
874.85        	2.815973e-17
874.9         	2.815974e-17
874.95        	2.815976e-17
875           	2.815978e-17
875.05        	2.815980e-17
875.1         	2.815982e-17
875.15        	2.815983e-17
875.2         	2.815985e-17
875.25        	2.815987e-17
875.3         	2.815989e-17
875.35        	2.815991e-17
875.4         	2.815992e-17
875.45        	2.815994e-17
875.5         	2.815996e-17
875.55        	2.815998e-17
875.6         	2.815999e-17
875.65        	2.816001e-17
875.7         	2.816003e-17
875.75        	2.816005e-17
875.8         	2.816007e-17
875.85        	2.816008e-17
875.9         	2.816010e-17
875.95        	2.816012e-17
876           	2.816014e-17
876.05        	2.816015e-17
876.1         	2.816017e-17
876.15        	2.816019e-17
876.2         	2.816021e-17
876.25        	2.816023e-17
876.3         	2.816024e-17
876.35        	2.816026e-17
876.4         	2.816028e-17
876.45        	2.816030e-17
876.5         	2.816031e-17
876.55        	2.816033e-17
876.6         	2.816035e-17
876.65        	2.816037e-17
876.7         	2.816038e-17
876.75        	2.816040e-17
876.8         	2.816042e-17
876.85        	2.816044e-17
876.9         	2.816046e-17
876.95        	2.816047e-17
877           	2.816049e-17
877.05        	2.816051e-17
877.1         	2.816053e-17
877.15        	2.816054e-17
877.2         	2.816056e-17
877.25        	2.816058e-17
877.3         	2.816060e-17
877.35        	2.816061e-17
877.4         	2.816063e-17
877.45        	2.816065e-17
877.5         	2.816067e-17
877.55        	2.816068e-17
877.6         	2.816070e-17
877.65        	2.816072e-17
877.7         	2.816074e-17
877.75        	2.816076e-17
877.8         	2.816077e-17
877.85        	2.816079e-17
877.9         	2.816081e-17
877.95        	2.816083e-17
878           	2.816084e-17
878.05        	2.816086e-17
878.1         	2.816088e-17
878.15        	2.816090e-17
878.2         	2.816091e-17
878.25        	2.816093e-17
878.3         	2.816095e-17
878.35        	2.816097e-17
878.4         	2.816098e-17
878.45        	2.816100e-17
878.5         	2.816102e-17
878.55        	2.816104e-17
878.6         	2.816105e-17
878.65        	2.816107e-17
878.7         	2.816109e-17
878.75        	2.816111e-17
878.8         	2.816112e-17
878.85        	2.816114e-17
878.9         	2.816116e-17
878.95        	2.816118e-17
879           	2.816119e-17
879.05        	2.816121e-17
879.1         	2.816123e-17
879.15        	2.816125e-17
879.2         	2.816126e-17
879.25        	2.816128e-17
879.3         	2.816130e-17
879.35        	2.816132e-17
879.4         	2.816133e-17
879.45        	2.816135e-17
879.5         	2.816137e-17
879.55        	2.816139e-17
879.6         	2.816140e-17
879.65        	2.816142e-17
879.7         	2.816144e-17
879.75        	2.816146e-17
879.8         	2.816147e-17
879.85        	2.816149e-17
879.9         	2.816151e-17
879.95        	2.816153e-17
880           	2.816154e-17
880.05        	2.816156e-17
880.1         	2.816158e-17
880.15        	2.816160e-17
880.2         	2.816161e-17
880.25        	2.816163e-17
880.3         	2.816165e-17
880.35        	2.816167e-17
880.4         	2.816168e-17
880.45        	2.816170e-17
880.5         	2.816172e-17
880.55        	2.816174e-17
880.6         	2.816175e-17
880.65        	2.816177e-17
880.7         	2.816179e-17
880.75        	2.816180e-17
880.8         	2.816182e-17
880.85        	2.816184e-17
880.9         	2.816186e-17
880.95        	2.816187e-17
881           	2.816189e-17
881.05        	2.816191e-17
881.1         	2.816193e-17
881.15        	2.816194e-17
881.2         	2.816196e-17
881.25        	2.816198e-17
881.3         	2.816200e-17
881.35        	2.816201e-17
881.4         	2.816203e-17
881.45        	2.816205e-17
881.5         	2.816207e-17
881.55        	2.816208e-17
881.6         	2.816210e-17
881.65        	2.816212e-17
881.7         	2.816213e-17
881.75        	2.816215e-17
881.8         	2.816217e-17
881.85        	2.816219e-17
881.9         	2.816220e-17
881.95        	2.816222e-17
882           	2.816224e-17
882.05        	2.816226e-17
882.1         	2.816227e-17
882.15        	2.816229e-17
882.2         	2.816231e-17
882.25        	2.816232e-17
882.3         	2.816234e-17
882.35        	2.816236e-17
882.4         	2.816238e-17
882.45        	2.816239e-17
882.5         	2.816241e-17
882.55        	2.816243e-17
882.6         	2.816245e-17
882.65        	2.816246e-17
882.7         	2.816248e-17
882.75        	2.816250e-17
882.8         	2.816251e-17
882.85        	2.816253e-17
882.9         	2.816255e-17
882.95        	2.816257e-17
883           	2.816258e-17
883.05        	2.816260e-17
883.1         	2.816262e-17
883.15        	2.816263e-17
883.2         	2.816265e-17
883.25        	2.816267e-17
883.3         	2.816269e-17
883.35        	2.816270e-17
883.4         	2.816272e-17
883.45        	2.816274e-17
883.5         	2.816275e-17
883.55        	2.816277e-17
883.6         	2.816279e-17
883.65        	2.816281e-17
883.7         	2.816282e-17
883.75        	2.816284e-17
883.8         	2.816286e-17
883.85        	2.816287e-17
883.9         	2.816289e-17
883.95        	2.816291e-17
884           	2.816293e-17
884.05        	2.816294e-17
884.1         	2.816296e-17
884.15        	2.816298e-17
884.2         	2.816299e-17
884.25        	2.816301e-17
884.3         	2.816303e-17
884.35        	2.816305e-17
884.4         	2.816306e-17
884.45        	2.816308e-17
884.5         	2.816310e-17
884.55        	2.816311e-17
884.6         	2.816313e-17
884.65        	2.816315e-17
884.7         	2.816316e-17
884.75        	2.816318e-17
884.8         	2.816320e-17
884.85        	2.816322e-17
884.9         	2.816323e-17
884.95        	2.816325e-17
885           	2.816327e-17
885.05        	2.816328e-17
885.1         	2.816330e-17
885.15        	2.816332e-17
885.2         	2.816334e-17
885.25        	2.816335e-17
885.3         	2.816337e-17
885.35        	2.816339e-17
885.4         	2.816340e-17
885.45        	2.816342e-17
885.5         	2.816344e-17
885.55        	2.816345e-17
885.6         	2.816347e-17
885.65        	2.816349e-17
885.7         	2.816351e-17
885.75        	2.816352e-17
885.8         	2.816354e-17
885.85        	2.816356e-17
885.9         	2.816357e-17
885.95        	2.816359e-17
886           	2.816361e-17
886.05        	2.816362e-17
886.1         	2.816364e-17
886.15        	2.816366e-17
886.2         	2.816367e-17
886.25        	2.816369e-17
886.3         	2.816371e-17
886.35        	2.816373e-17
886.4         	2.816374e-17
886.45        	2.816376e-17
886.5         	2.816378e-17
886.55        	2.816379e-17
886.6         	2.816381e-17
886.65        	2.816383e-17
886.7         	2.816384e-17
886.75        	2.816386e-17
886.8         	2.816388e-17
886.85        	2.816389e-17
886.9         	2.816391e-17
886.95        	2.816393e-17
887           	2.816395e-17
887.05        	2.816396e-17
887.1         	2.816398e-17
887.15        	2.816400e-17
887.2         	2.816401e-17
887.25        	2.816403e-17
887.3         	2.816405e-17
887.35        	2.816406e-17
887.4         	2.816408e-17
887.45        	2.816410e-17
887.5         	2.816411e-17
887.55        	2.816413e-17
887.6         	2.816415e-17
887.65        	2.816416e-17
887.7         	2.816418e-17
887.75        	2.816420e-17
887.8         	2.816422e-17
887.85        	2.816423e-17
887.9         	2.816425e-17
887.95        	2.816427e-17
888           	2.816428e-17
888.05        	2.816430e-17
888.1         	2.816432e-17
888.15        	2.816433e-17
888.2         	2.816435e-17
888.25        	2.816437e-17
888.3         	2.816438e-17
888.35        	2.816440e-17
888.4         	2.816442e-17
888.45        	2.816443e-17
888.5         	2.816445e-17
888.55        	2.816447e-17
888.6         	2.816448e-17
888.65        	2.816450e-17
888.7         	2.816452e-17
888.75        	2.816453e-17
888.8         	2.816455e-17
888.85        	2.816457e-17
888.9         	2.816458e-17
888.95        	2.816460e-17
889           	2.816462e-17
889.05        	2.816463e-17
889.1         	2.816465e-17
889.15        	2.816467e-17
889.2         	2.816468e-17
889.25        	2.816470e-17
889.3         	2.816472e-17
889.35        	2.816473e-17
889.4         	2.816475e-17
889.45        	2.816477e-17
889.5         	2.816478e-17
889.55        	2.816480e-17
889.6         	2.816482e-17
889.65        	2.816483e-17
889.7         	2.816485e-17
889.75        	2.816487e-17
889.8         	2.816488e-17
889.85        	2.816490e-17
889.9         	2.816492e-17
889.95        	2.816493e-17
890           	2.816495e-17
890.05        	2.816497e-17
890.1         	2.816498e-17
890.15        	2.816500e-17
890.2         	2.816502e-17
890.25        	2.816503e-17
890.3         	2.816505e-17
890.35        	2.816507e-17
890.4         	2.816508e-17
890.45        	2.816510e-17
890.5         	2.816512e-17
890.55        	2.816513e-17
890.6         	2.816515e-17
890.65        	2.816517e-17
890.7         	2.816518e-17
890.75        	2.816520e-17
890.8         	2.816522e-17
890.85        	2.816523e-17
890.9         	2.816525e-17
890.95        	2.816527e-17
891           	2.816528e-17
891.05        	2.816530e-17
891.1         	2.816532e-17
891.15        	2.816533e-17
891.2         	2.816535e-17
891.25        	2.816537e-17
891.3         	2.816538e-17
891.35        	2.816540e-17
891.4         	2.816542e-17
891.45        	2.816543e-17
891.5         	2.816545e-17
891.55        	2.816547e-17
891.6         	2.816548e-17
891.65        	2.816550e-17
891.7         	2.816551e-17
891.75        	2.816553e-17
891.8         	2.816555e-17
891.85        	2.816556e-17
891.9         	2.816558e-17
891.95        	2.816560e-17
892           	2.816561e-17
892.05        	2.816563e-17
892.1         	2.816565e-17
892.15        	2.816566e-17
892.2         	2.816568e-17
892.25        	2.816570e-17
892.3         	2.816571e-17
892.35        	2.816573e-17
892.4         	2.816575e-17
892.45        	2.816576e-17
892.5         	2.816578e-17
892.55        	2.816580e-17
892.6         	2.816581e-17
892.65        	2.816583e-17
892.7         	2.816584e-17
892.75        	2.816586e-17
892.8         	2.816588e-17
892.85        	2.816589e-17
892.9         	2.816591e-17
892.95        	2.816593e-17
893           	2.816594e-17
893.05        	2.816596e-17
893.1         	2.816598e-17
893.15        	2.816599e-17
893.2         	2.816601e-17
893.25        	2.816602e-17
893.3         	2.816604e-17
893.35        	2.816606e-17
893.4         	2.816607e-17
893.45        	2.816609e-17
893.5         	2.816611e-17
893.55        	2.816612e-17
893.6         	2.816614e-17
893.65        	2.816616e-17
893.7         	2.816617e-17
893.75        	2.816619e-17
893.8         	2.816621e-17
893.85        	2.816622e-17
893.9         	2.816624e-17
893.95        	2.816625e-17
894           	2.816627e-17
894.05        	2.816629e-17
894.1         	2.816630e-17
894.15        	2.816632e-17
894.2         	2.816634e-17
894.25        	2.816635e-17
894.3         	2.816637e-17
894.35        	2.816638e-17
894.4         	2.816640e-17
894.45        	2.816642e-17
894.5         	2.816643e-17
894.55        	2.816645e-17
894.6         	2.816647e-17
894.65        	2.816648e-17
894.7         	2.816650e-17
894.75        	2.816652e-17
894.8         	2.816653e-17
894.85        	2.816655e-17
894.9         	2.816656e-17
894.95        	2.816658e-17
895           	2.816660e-17
895.05        	2.816661e-17
895.1         	2.816663e-17
895.15        	2.816665e-17
895.2         	2.816666e-17
895.25        	2.816668e-17
895.3         	2.816669e-17
895.35        	2.816671e-17
895.4         	2.816673e-17
895.45        	2.816674e-17
895.5         	2.816676e-17
895.55        	2.816678e-17
895.6         	2.816679e-17
895.65        	2.816681e-17
895.7         	2.816682e-17
895.75        	2.816684e-17
895.8         	2.816686e-17
895.85        	2.816687e-17
895.9         	2.816689e-17
895.95        	2.816690e-17
896           	2.816692e-17
896.05        	2.816694e-17
896.1         	2.816695e-17
896.15        	2.816697e-17
896.2         	2.816699e-17
896.25        	2.816700e-17
896.3         	2.816702e-17
896.35        	2.816703e-17
896.4         	2.816705e-17
896.45        	2.816707e-17
896.5         	2.816708e-17
896.55        	2.816710e-17
896.6         	2.816712e-17
896.65        	2.816713e-17
896.7         	2.816715e-17
896.75        	2.816716e-17
896.8         	2.816718e-17
896.85        	2.816720e-17
896.9         	2.816721e-17
896.95        	2.816723e-17
897           	2.816724e-17
897.05        	2.816726e-17
897.1         	2.816728e-17
897.15        	2.816729e-17
897.2         	2.816731e-17
897.25        	2.816732e-17
897.3         	2.816734e-17
897.35        	2.816736e-17
897.4         	2.816737e-17
897.45        	2.816739e-17
897.5         	2.816741e-17
897.55        	2.816742e-17
897.6         	2.816744e-17
897.65        	2.816745e-17
897.7         	2.816747e-17
897.75        	2.816749e-17
897.8         	2.816750e-17
897.85        	2.816752e-17
897.9         	2.816753e-17
897.95        	2.816755e-17
898           	2.816757e-17
898.05        	2.816758e-17
898.1         	2.816760e-17
898.15        	2.816761e-17
898.2         	2.816763e-17
898.25        	2.816765e-17
898.3         	2.816766e-17
898.35        	2.816768e-17
898.4         	2.816769e-17
898.45        	2.816771e-17
898.5         	2.816773e-17
898.55        	2.816774e-17
898.6         	2.816776e-17
898.65        	2.816777e-17
898.7         	2.816779e-17
898.75        	2.816781e-17
898.8         	2.816782e-17
898.85        	2.816784e-17
898.9         	2.816785e-17
898.95        	2.816787e-17
899           	2.816789e-17
899.05        	2.816790e-17
899.1         	2.816792e-17
899.15        	2.816793e-17
899.2         	2.816795e-17
899.25        	2.816797e-17
899.3         	2.816798e-17
899.35        	2.816800e-17
899.4         	2.816801e-17
899.45        	2.816803e-17
899.5         	2.816805e-17
899.55        	2.816806e-17
899.6         	2.816808e-17
899.65        	2.816809e-17
899.7         	2.816811e-17
899.75        	2.816812e-17
899.8         	2.816814e-17
899.85        	2.816816e-17
899.9         	2.816817e-17
899.95        	2.816819e-17
900           	2.816820e-17
900.05        	2.816822e-17
900.1         	2.816824e-17
900.15        	2.816825e-17
900.2         	2.816827e-17
900.25        	2.816828e-17
900.3         	2.816830e-17
900.35        	2.816832e-17
900.4         	2.816833e-17
900.45        	2.816835e-17
900.5         	2.816836e-17
900.55        	2.816838e-17
900.6         	2.816839e-17
900.65        	2.816841e-17
900.7         	2.816843e-17
900.75        	2.816844e-17
900.8         	2.816846e-17
900.85        	2.816847e-17
900.9         	2.816849e-17
900.95        	2.816851e-17
901           	2.816852e-17
901.05        	2.816854e-17
901.1         	2.816855e-17
901.15        	2.816857e-17
901.2         	2.816858e-17
901.25        	2.816860e-17
901.3         	2.816862e-17
901.35        	2.816863e-17
901.4         	2.816865e-17
901.45        	2.816866e-17
901.5         	2.816868e-17
901.55        	2.816870e-17
901.6         	2.816871e-17
901.65        	2.816873e-17
901.7         	2.816874e-17
901.75        	2.816876e-17
901.8         	2.816877e-17
901.85        	2.816879e-17
901.9         	2.816881e-17
901.95        	2.816882e-17
902           	2.816884e-17
902.05        	2.816885e-17
902.1         	2.816887e-17
902.15        	2.816888e-17
902.2         	2.816890e-17
902.25        	2.816892e-17
902.3         	2.816893e-17
902.35        	2.816895e-17
902.4         	2.816896e-17
902.45        	2.816898e-17
902.5         	2.816899e-17
902.55        	2.816901e-17
902.6         	2.816903e-17
902.65        	2.816904e-17
902.7         	2.816906e-17
902.75        	2.816907e-17
902.8         	2.816909e-17
902.85        	2.816910e-17
902.9         	2.816912e-17
902.95        	2.816914e-17
903           	2.816915e-17
903.05        	2.816917e-17
903.1         	2.816918e-17
903.15        	2.816920e-17
903.2         	2.816921e-17
903.25        	2.816923e-17
903.3         	2.816925e-17
903.35        	2.816926e-17
903.4         	2.816928e-17
903.45        	2.816929e-17
903.5         	2.816931e-17
903.55        	2.816932e-17
903.6         	2.816934e-17
903.65        	2.816935e-17
903.7         	2.816937e-17
903.75        	2.816939e-17
903.8         	2.816940e-17
903.85        	2.816942e-17
903.9         	2.816943e-17
903.95        	2.816945e-17
904           	2.816946e-17
904.05        	2.816948e-17
904.1         	2.816950e-17
904.15        	2.816951e-17
904.2         	2.816953e-17
904.25        	2.816954e-17
904.3         	2.816956e-17
904.35        	2.816957e-17
904.4         	2.816959e-17
904.45        	2.816960e-17
904.5         	2.816962e-17
904.55        	2.816964e-17
904.6         	2.816965e-17
904.65        	2.816967e-17
904.7         	2.816968e-17
904.75        	2.816970e-17
904.8         	2.816971e-17
904.85        	2.816973e-17
904.9         	2.816974e-17
904.95        	2.816976e-17
905           	2.816978e-17
905.05        	2.816979e-17
905.1         	2.816981e-17
905.15        	2.816982e-17
905.2         	2.816984e-17
905.25        	2.816985e-17
905.3         	2.816987e-17
905.35        	2.816988e-17
905.4         	2.816990e-17
905.45        	2.816992e-17
905.5         	2.816993e-17
905.55        	2.816995e-17
905.6         	2.816996e-17
905.65        	2.816998e-17
905.7         	2.816999e-17
905.75        	2.817001e-17
905.8         	2.817002e-17
905.85        	2.817004e-17
905.9         	2.817005e-17
905.95        	2.817007e-17
906           	2.817009e-17
906.05        	2.817010e-17
906.1         	2.817012e-17
906.15        	2.817013e-17
906.2         	2.817015e-17
906.25        	2.817016e-17
906.3         	2.817018e-17
906.35        	2.817019e-17
906.4         	2.817021e-17
906.45        	2.817022e-17
906.5         	2.817024e-17
906.55        	2.817026e-17
906.6         	2.817027e-17
906.65        	2.817029e-17
906.7         	2.817030e-17
906.75        	2.817032e-17
906.8         	2.817033e-17
906.85        	2.817035e-17
906.9         	2.817036e-17
906.95        	2.817038e-17
907           	2.817039e-17
907.05        	2.817041e-17
907.1         	2.817042e-17
907.15        	2.817044e-17
907.2         	2.817046e-17
907.25        	2.817047e-17
907.3         	2.817049e-17
907.35        	2.817050e-17
907.4         	2.817052e-17
907.45        	2.817053e-17
907.5         	2.817055e-17
907.55        	2.817056e-17
907.6         	2.817058e-17
907.65        	2.817059e-17
907.7         	2.817061e-17
907.75        	2.817062e-17
907.8         	2.817064e-17
907.85        	2.817065e-17
907.9         	2.817067e-17
907.95        	2.817069e-17
908           	2.817070e-17
908.05        	2.817072e-17
908.1         	2.817073e-17
908.15        	2.817075e-17
908.2         	2.817076e-17
908.25        	2.817078e-17
908.3         	2.817079e-17
908.35        	2.817081e-17
908.4         	2.817082e-17
908.45        	2.817084e-17
908.5         	2.817085e-17
908.55        	2.817087e-17
908.6         	2.817088e-17
908.65        	2.817090e-17
908.7         	2.817091e-17
908.75        	2.817093e-17
908.8         	2.817095e-17
908.85        	2.817096e-17
908.9         	2.817098e-17
908.95        	2.817099e-17
909           	2.817101e-17
909.05        	2.817102e-17
909.1         	2.817104e-17
909.15        	2.817105e-17
909.2         	2.817107e-17
909.25        	2.817108e-17
909.3         	2.817110e-17
909.35        	2.817111e-17
909.4         	2.817113e-17
909.45        	2.817114e-17
909.5         	2.817116e-17
909.55        	2.817117e-17
909.6         	2.817119e-17
909.65        	2.817120e-17
909.7         	2.817122e-17
909.75        	2.817123e-17
909.8         	2.817125e-17
909.85        	2.817127e-17
909.9         	2.817128e-17
909.95        	2.817130e-17
910           	2.817131e-17
910.05        	2.817133e-17
910.1         	2.817134e-17
910.15        	2.817136e-17
910.2         	2.817137e-17
910.25        	2.817139e-17
910.3         	2.817140e-17
910.35        	2.817142e-17
910.4         	2.817143e-17
910.45        	2.817145e-17
910.5         	2.817146e-17
910.55        	2.817148e-17
910.6         	2.817149e-17
910.65        	2.817151e-17
910.7         	2.817152e-17
910.75        	2.817154e-17
910.8         	2.817155e-17
910.85        	2.817157e-17
910.9         	2.817158e-17
910.95        	2.817160e-17
911           	2.817161e-17
911.05        	2.817163e-17
911.1         	2.817164e-17
911.15        	2.817166e-17
911.2         	2.817167e-17
911.25        	2.817169e-17
911.3         	2.817170e-17
911.35        	2.817172e-17
911.4         	2.817173e-17
911.45        	2.817175e-17
911.5         	2.817176e-17
911.55        	2.817178e-17
911.6         	2.817179e-17
911.65        	2.817181e-17
911.7         	2.817182e-17
911.75        	2.817184e-17
911.8         	2.817185e-17
911.85        	2.817187e-17
911.9         	2.817188e-17
911.95        	2.817190e-17
912           	2.817191e-17
912.05        	2.817193e-17
912.1         	2.817194e-17
912.15        	2.817196e-17
912.2         	2.817197e-17
912.25        	2.817199e-17
912.3         	2.817201e-17
912.35        	2.817202e-17
912.4         	2.817204e-17
912.45        	2.817205e-17
912.5         	2.817207e-17
912.55        	2.817208e-17
912.6         	2.817210e-17
912.65        	2.817211e-17
912.7         	2.817213e-17
912.75        	2.817214e-17
912.8         	2.817215e-17
912.85        	2.817217e-17
912.9         	2.817218e-17
912.95        	2.817220e-17
913           	2.817221e-17
913.05        	2.817223e-17
913.1         	2.817224e-17
913.15        	2.817226e-17
913.2         	2.817227e-17
913.25        	2.817229e-17
913.3         	2.817230e-17
913.35        	2.817232e-17
913.4         	2.817233e-17
913.45        	2.817235e-17
913.5         	2.817236e-17
913.55        	2.817238e-17
913.6         	2.817239e-17
913.65        	2.817241e-17
913.7         	2.817242e-17
913.75        	2.817244e-17
913.8         	2.817245e-17
913.85        	2.817247e-17
913.9         	2.817248e-17
913.95        	2.817250e-17
914           	2.817251e-17
914.05        	2.817253e-17
914.1         	2.817254e-17
914.15        	2.817256e-17
914.2         	2.817257e-17
914.25        	2.817259e-17
914.3         	2.817260e-17
914.35        	2.817262e-17
914.4         	2.817263e-17
914.45        	2.817265e-17
914.5         	2.817266e-17
914.55        	2.817268e-17
914.6         	2.817269e-17
914.65        	2.817271e-17
914.7         	2.817272e-17
914.75        	2.817274e-17
914.8         	2.817275e-17
914.85        	2.817277e-17
914.9         	2.817278e-17
914.95        	2.817280e-17
915           	2.817281e-17
915.05        	2.817283e-17
915.1         	2.817284e-17
915.15        	2.817286e-17
915.2         	2.817287e-17
915.25        	2.817288e-17
915.3         	2.817290e-17
915.35        	2.817291e-17
915.4         	2.817293e-17
915.45        	2.817294e-17
915.5         	2.817296e-17
915.55        	2.817297e-17
915.6         	2.817299e-17
915.65        	2.817300e-17
915.7         	2.817302e-17
915.75        	2.817303e-17
915.8         	2.817305e-17
915.85        	2.817306e-17
915.9         	2.817308e-17
915.95        	2.817309e-17
916           	2.817311e-17
916.05        	2.817312e-17
916.1         	2.817314e-17
916.15        	2.817315e-17
916.2         	2.817317e-17
916.25        	2.817318e-17
916.3         	2.817320e-17
916.35        	2.817321e-17
916.4         	2.817322e-17
916.45        	2.817324e-17
916.5         	2.817325e-17
916.55        	2.817327e-17
916.6         	2.817328e-17
916.65        	2.817330e-17
916.7         	2.817331e-17
916.75        	2.817333e-17
916.8         	2.817334e-17
916.85        	2.817336e-17
916.9         	2.817337e-17
916.95        	2.817339e-17
917           	2.817340e-17
917.05        	2.817342e-17
917.1         	2.817343e-17
917.15        	2.817345e-17
917.2         	2.817346e-17
917.25        	2.817347e-17
917.3         	2.817349e-17
917.35        	2.817350e-17
917.4         	2.817352e-17
917.45        	2.817353e-17
917.5         	2.817355e-17
917.55        	2.817356e-17
917.6         	2.817358e-17
917.65        	2.817359e-17
917.7         	2.817361e-17
917.75        	2.817362e-17
917.8         	2.817364e-17
917.85        	2.817365e-17
917.9         	2.817367e-17
917.95        	2.817368e-17
918           	2.817369e-17
918.05        	2.817371e-17
918.1         	2.817372e-17
918.15        	2.817374e-17
918.2         	2.817375e-17
918.25        	2.817377e-17
918.3         	2.817378e-17
918.35        	2.817380e-17
918.4         	2.817381e-17
918.45        	2.817383e-17
918.5         	2.817384e-17
918.55        	2.817386e-17
918.6         	2.817387e-17
918.65        	2.817388e-17
918.7         	2.817390e-17
918.75        	2.817391e-17
918.8         	2.817393e-17
918.85        	2.817394e-17
918.9         	2.817396e-17
918.95        	2.817397e-17
919           	2.817399e-17
919.05        	2.817400e-17
919.1         	2.817402e-17
919.15        	2.817403e-17
919.2         	2.817404e-17
919.25        	2.817406e-17
919.3         	2.817407e-17
919.35        	2.817409e-17
919.4         	2.817410e-17
919.45        	2.817412e-17
919.5         	2.817413e-17
919.55        	2.817415e-17
919.6         	2.817416e-17
919.65        	2.817418e-17
919.7         	2.817419e-17
919.75        	2.817420e-17
919.8         	2.817422e-17
919.85        	2.817423e-17
919.9         	2.817425e-17
919.95        	2.817426e-17
920           	2.817428e-17
920.05        	2.817429e-17
920.1         	2.817431e-17
920.15        	2.817432e-17
920.2         	2.817433e-17
920.25        	2.817435e-17
920.3         	2.817436e-17
920.35        	2.817438e-17
920.4         	2.817439e-17
920.45        	2.817441e-17
920.5         	2.817442e-17
920.55        	2.817444e-17
920.6         	2.817445e-17
920.65        	2.817446e-17
920.7         	2.817448e-17
920.75        	2.817449e-17
920.8         	2.817451e-17
920.85        	2.817452e-17
920.9         	2.817454e-17
920.95        	2.817455e-17
921           	2.817457e-17
921.05        	2.817458e-17
921.1         	2.817459e-17
921.15        	2.817461e-17
921.2         	2.817462e-17
921.25        	2.817464e-17
921.3         	2.817465e-17
921.35        	2.817467e-17
921.4         	2.817468e-17
921.45        	2.817470e-17
921.5         	2.817471e-17
921.55        	2.817472e-17
921.6         	2.817474e-17
921.65        	2.817475e-17
921.7         	2.817477e-17
921.75        	2.817478e-17
921.8         	2.817480e-17
921.85        	2.817481e-17
921.9         	2.817482e-17
921.95        	2.817484e-17
922           	2.817485e-17
922.05        	2.817487e-17
922.1         	2.817488e-17
922.15        	2.817490e-17
922.2         	2.817491e-17
922.25        	2.817493e-17
922.3         	2.817494e-17
922.35        	2.817495e-17
922.4         	2.817497e-17
922.45        	2.817498e-17
922.5         	2.817500e-17
922.55        	2.817501e-17
922.6         	2.817503e-17
922.65        	2.817504e-17
922.7         	2.817505e-17
922.75        	2.817507e-17
922.8         	2.817508e-17
922.85        	2.817510e-17
922.9         	2.817511e-17
922.95        	2.817513e-17
923           	2.817514e-17
923.05        	2.817515e-17
923.1         	2.817517e-17
923.15        	2.817518e-17
923.2         	2.817520e-17
923.25        	2.817521e-17
923.3         	2.817523e-17
923.35        	2.817524e-17
923.4         	2.817525e-17
923.45        	2.817527e-17
923.5         	2.817528e-17
923.55        	2.817530e-17
923.6         	2.817531e-17
923.65        	2.817533e-17
923.7         	2.817534e-17
923.75        	2.817535e-17
923.8         	2.817537e-17
923.85        	2.817538e-17
923.9         	2.817540e-17
923.95        	2.817541e-17
924           	2.817543e-17
924.05        	2.817544e-17
924.1         	2.817545e-17
924.15        	2.817547e-17
924.2         	2.817548e-17
924.25        	2.817550e-17
924.3         	2.817551e-17
924.35        	2.817552e-17
924.4         	2.817554e-17
924.45        	2.817555e-17
924.5         	2.817557e-17
924.55        	2.817558e-17
924.6         	2.817560e-17
924.65        	2.817561e-17
924.7         	2.817562e-17
924.75        	2.817564e-17
924.8         	2.817565e-17
924.85        	2.817567e-17
924.9         	2.817568e-17
924.95        	2.817569e-17
925           	2.817571e-17
925.05        	2.817572e-17
925.1         	2.817574e-17
925.15        	2.817575e-17
925.2         	2.817577e-17
925.25        	2.817578e-17
925.3         	2.817579e-17
925.35        	2.817581e-17
925.4         	2.817582e-17
925.45        	2.817584e-17
925.5         	2.817585e-17
925.55        	2.817586e-17
925.6         	2.817588e-17
925.65        	2.817589e-17
925.7         	2.817591e-17
925.75        	2.817592e-17
925.8         	2.817594e-17
925.85        	2.817595e-17
925.9         	2.817596e-17
925.95        	2.817598e-17
926           	2.817599e-17
926.05        	2.817601e-17
926.1         	2.817602e-17
926.15        	2.817603e-17
926.2         	2.817605e-17
926.25        	2.817606e-17
926.3         	2.817608e-17
926.35        	2.817609e-17
926.4         	2.817610e-17
926.45        	2.817612e-17
926.5         	2.817613e-17
926.55        	2.817615e-17
926.6         	2.817616e-17
926.65        	2.817617e-17
926.7         	2.817619e-17
926.75        	2.817620e-17
926.8         	2.817622e-17
926.85        	2.817623e-17
926.9         	2.817624e-17
926.95        	2.817626e-17
927           	2.817627e-17
927.05        	2.817629e-17
927.1         	2.817630e-17
927.15        	2.817631e-17
927.2         	2.817633e-17
927.25        	2.817634e-17
927.3         	2.817636e-17
927.35        	2.817637e-17
927.4         	2.817639e-17
927.45        	2.817640e-17
927.5         	2.817641e-17
927.55        	2.817643e-17
927.6         	2.817644e-17
927.65        	2.817645e-17
927.7         	2.817647e-17
927.75        	2.817648e-17
927.8         	2.817650e-17
927.85        	2.817651e-17
927.9         	2.817652e-17
927.95        	2.817654e-17
928           	2.817655e-17
928.05        	2.817657e-17
928.1         	2.817658e-17
928.15        	2.817659e-17
928.2         	2.817661e-17
928.25        	2.817662e-17
928.3         	2.817664e-17
928.35        	2.817665e-17
928.4         	2.817666e-17
928.45        	2.817668e-17
928.5         	2.817669e-17
928.55        	2.817671e-17
928.6         	2.817672e-17
928.65        	2.817673e-17
928.7         	2.817675e-17
928.75        	2.817676e-17
928.8         	2.817678e-17
928.85        	2.817679e-17
928.9         	2.817680e-17
928.95        	2.817682e-17
929           	2.817683e-17
929.05        	2.817685e-17
929.1         	2.817686e-17
929.15        	2.817687e-17
929.2         	2.817689e-17
929.25        	2.817690e-17
929.3         	2.817691e-17
929.35        	2.817693e-17
929.4         	2.817694e-17
929.45        	2.817696e-17
929.5         	2.817697e-17
929.55        	2.817698e-17
929.6         	2.817700e-17
929.65        	2.817701e-17
929.7         	2.817703e-17
929.75        	2.817704e-17
929.8         	2.817705e-17
929.85        	2.817707e-17
929.9         	2.817708e-17
929.95        	2.817710e-17
930           	2.817711e-17
930.05        	2.817712e-17
930.1         	2.817714e-17
930.15        	2.817715e-17
930.2         	2.817716e-17
930.25        	2.817718e-17
930.3         	2.817719e-17
930.35        	2.817721e-17
930.4         	2.817722e-17
930.45        	2.817723e-17
930.5         	2.817725e-17
930.55        	2.817726e-17
930.6         	2.817727e-17
930.65        	2.817729e-17
930.7         	2.817730e-17
930.75        	2.817732e-17
930.8         	2.817733e-17
930.85        	2.817734e-17
930.9         	2.817736e-17
930.95        	2.817737e-17
931           	2.817738e-17
931.05        	2.817740e-17
931.1         	2.817741e-17
931.15        	2.817743e-17
931.2         	2.817744e-17
931.25        	2.817745e-17
931.3         	2.817747e-17
931.35        	2.817748e-17
931.4         	2.817750e-17
931.45        	2.817751e-17
931.5         	2.817752e-17
931.55        	2.817754e-17
931.6         	2.817755e-17
931.65        	2.817756e-17
931.7         	2.817758e-17
931.75        	2.817759e-17
931.8         	2.817760e-17
931.85        	2.817762e-17
931.9         	2.817763e-17
931.95        	2.817765e-17
932           	2.817766e-17
932.05        	2.817767e-17
932.1         	2.817769e-17
932.15        	2.817770e-17
932.2         	2.817771e-17
932.25        	2.817773e-17
932.3         	2.817774e-17
932.35        	2.817776e-17
932.4         	2.817777e-17
932.45        	2.817778e-17
932.5         	2.817780e-17
932.55        	2.817781e-17
932.6         	2.817782e-17
932.65        	2.817784e-17
932.7         	2.817785e-17
932.75        	2.817787e-17
932.8         	2.817788e-17
932.85        	2.817789e-17
932.9         	2.817791e-17
932.95        	2.817792e-17
933           	2.817793e-17
933.05        	2.817795e-17
933.1         	2.817796e-17
933.15        	2.817797e-17
933.2         	2.817799e-17
933.25        	2.817800e-17
933.3         	2.817802e-17
933.35        	2.817803e-17
933.4         	2.817804e-17
933.45        	2.817806e-17
933.5         	2.817807e-17
933.55        	2.817808e-17
933.6         	2.817810e-17
933.65        	2.817811e-17
933.7         	2.817812e-17
933.75        	2.817814e-17
933.8         	2.817815e-17
933.85        	2.817816e-17
933.9         	2.817818e-17
933.95        	2.817819e-17
934           	2.817821e-17
934.05        	2.817822e-17
934.1         	2.817823e-17
934.15        	2.817825e-17
934.2         	2.817826e-17
934.25        	2.817827e-17
934.3         	2.817829e-17
934.35        	2.817830e-17
934.4         	2.817831e-17
934.45        	2.817833e-17
934.5         	2.817834e-17
934.55        	2.817835e-17
934.6         	2.817837e-17
934.65        	2.817838e-17
934.7         	2.817840e-17
934.75        	2.817841e-17
934.8         	2.817842e-17
934.85        	2.817844e-17
934.9         	2.817845e-17
934.95        	2.817846e-17
935           	2.817848e-17
935.05        	2.817849e-17
935.1         	2.817850e-17
935.15        	2.817852e-17
935.2         	2.817853e-17
935.25        	2.817854e-17
935.3         	2.817856e-17
935.35        	2.817857e-17
935.4         	2.817858e-17
935.45        	2.817860e-17
935.5         	2.817861e-17
935.55        	2.817863e-17
935.6         	2.817864e-17
935.65        	2.817865e-17
935.7         	2.817867e-17
935.75        	2.817868e-17
935.8         	2.817869e-17
935.85        	2.817871e-17
935.9         	2.817872e-17
935.95        	2.817873e-17
936           	2.817875e-17
936.05        	2.817876e-17
936.1         	2.817877e-17
936.15        	2.817879e-17
936.2         	2.817880e-17
936.25        	2.817881e-17
936.3         	2.817883e-17
936.35        	2.817884e-17
936.4         	2.817885e-17
936.45        	2.817887e-17
936.5         	2.817888e-17
936.55        	2.817889e-17
936.6         	2.817891e-17
936.65        	2.817892e-17
936.7         	2.817893e-17
936.75        	2.817895e-17
936.8         	2.817896e-17
936.85        	2.817897e-17
936.9         	2.817899e-17
936.95        	2.817900e-17
937           	2.817902e-17
937.05        	2.817903e-17
937.1         	2.817904e-17
937.15        	2.817906e-17
937.2         	2.817907e-17
937.25        	2.817908e-17
937.3         	2.817910e-17
937.35        	2.817911e-17
937.4         	2.817912e-17
937.45        	2.817914e-17
937.5         	2.817915e-17
937.55        	2.817916e-17
937.6         	2.817918e-17
937.65        	2.817919e-17
937.7         	2.817920e-17
937.75        	2.817922e-17
937.8         	2.817923e-17
937.85        	2.817924e-17
937.9         	2.817926e-17
937.95        	2.817927e-17
938           	2.817928e-17
938.05        	2.817930e-17
938.1         	2.817931e-17
938.15        	2.817932e-17
938.2         	2.817934e-17
938.25        	2.817935e-17
938.3         	2.817936e-17
938.35        	2.817938e-17
938.4         	2.817939e-17
938.45        	2.817940e-17
938.5         	2.817942e-17
938.55        	2.817943e-17
938.6         	2.817944e-17
938.65        	2.817946e-17
938.7         	2.817947e-17
938.75        	2.817948e-17
938.8         	2.817950e-17
938.85        	2.817951e-17
938.9         	2.817952e-17
938.95        	2.817954e-17
939           	2.817955e-17
939.05        	2.817956e-17
939.1         	2.817957e-17
939.15        	2.817959e-17
939.2         	2.817960e-17
939.25        	2.817961e-17
939.3         	2.817963e-17
939.35        	2.817964e-17
939.4         	2.817965e-17
939.45        	2.817967e-17
939.5         	2.817968e-17
939.55        	2.817969e-17
939.6         	2.817971e-17
939.65        	2.817972e-17
939.7         	2.817973e-17
939.75        	2.817975e-17
939.8         	2.817976e-17
939.85        	2.817977e-17
939.9         	2.817979e-17
939.95        	2.817980e-17
940           	2.817981e-17
940.05        	2.817983e-17
940.1         	2.817984e-17
940.15        	2.817985e-17
940.2         	2.817987e-17
940.25        	2.817988e-17
940.3         	2.817989e-17
940.35        	2.817991e-17
940.4         	2.817992e-17
940.45        	2.817993e-17
940.5         	2.817995e-17
940.55        	2.817996e-17
940.6         	2.817997e-17
940.65        	2.817998e-17
940.7         	2.818000e-17
940.75        	2.818001e-17
940.8         	2.818002e-17
940.85        	2.818004e-17
940.9         	2.818005e-17
940.95        	2.818006e-17
941           	2.818007e-17
941.05        	2.818009e-17
941.1         	2.818010e-17
941.15        	2.818011e-17
941.2         	2.818013e-17
941.25        	2.818014e-17
941.3         	2.818015e-17
941.35        	2.818017e-17
941.4         	2.818018e-17
941.45        	2.818019e-17
941.5         	2.818020e-17
941.55        	2.818022e-17
941.6         	2.818023e-17
941.65        	2.818024e-17
941.7         	2.818026e-17
941.75        	2.818027e-17
941.8         	2.818028e-17
941.85        	2.818029e-17
941.9         	2.818031e-17
941.95        	2.818032e-17
942           	2.818033e-17
942.05        	2.818035e-17
942.1         	2.818036e-17
942.15        	2.818037e-17
942.2         	2.818038e-17
942.25        	2.818040e-17
942.3         	2.818041e-17
942.35        	2.818042e-17
942.4         	2.818043e-17
942.45        	2.818045e-17
942.5         	2.818046e-17
942.55        	2.818047e-17
942.6         	2.818049e-17
942.65        	2.818050e-17
942.7         	2.818051e-17
942.75        	2.818052e-17
942.8         	2.818054e-17
942.85        	2.818055e-17
942.9         	2.818056e-17
942.95        	2.818058e-17
943           	2.818059e-17
943.05        	2.818060e-17
943.1         	2.818061e-17
943.15        	2.818063e-17
943.2         	2.818064e-17
943.25        	2.818065e-17
943.3         	2.818067e-17
943.35        	2.818068e-17
943.4         	2.818069e-17
943.45        	2.818070e-17
943.5         	2.818072e-17
943.55        	2.818073e-17
943.6         	2.818074e-17
943.65        	2.818075e-17
943.7         	2.818077e-17
943.75        	2.818078e-17
943.8         	2.818079e-17
943.85        	2.818080e-17
943.9         	2.818082e-17
943.95        	2.818083e-17
944           	2.818084e-17
944.05        	2.818085e-17
944.1         	2.818087e-17
944.15        	2.818088e-17
944.2         	2.818089e-17
944.25        	2.818091e-17
944.3         	2.818092e-17
944.35        	2.818093e-17
944.4         	2.818094e-17
944.45        	2.818096e-17
944.5         	2.818097e-17
944.55        	2.818098e-17
944.6         	2.818099e-17
944.65        	2.818101e-17
944.7         	2.818102e-17
944.75        	2.818103e-17
944.8         	2.818104e-17
944.85        	2.818106e-17
944.9         	2.818107e-17
944.95        	2.818108e-17
945           	2.818109e-17
945.05        	2.818111e-17
945.1         	2.818112e-17
945.15        	2.818113e-17
945.2         	2.818114e-17
945.25        	2.818116e-17
945.3         	2.818117e-17
945.35        	2.818118e-17
945.4         	2.818119e-17
945.45        	2.818121e-17
945.5         	2.818122e-17
945.55        	2.818123e-17
945.6         	2.818124e-17
945.65        	2.818126e-17
945.7         	2.818127e-17
945.75        	2.818128e-17
945.8         	2.818129e-17
945.85        	2.818131e-17
945.9         	2.818132e-17
945.95        	2.818133e-17
946           	2.818134e-17
946.05        	2.818136e-17
946.1         	2.818137e-17
946.15        	2.818138e-17
946.2         	2.818139e-17
946.25        	2.818141e-17
946.3         	2.818142e-17
946.35        	2.818143e-17
946.4         	2.818144e-17
946.45        	2.818146e-17
946.5         	2.818147e-17
946.55        	2.818148e-17
946.6         	2.818149e-17
946.65        	2.818150e-17
946.7         	2.818152e-17
946.75        	2.818153e-17
946.8         	2.818154e-17
946.85        	2.818155e-17
946.9         	2.818157e-17
946.95        	2.818158e-17
947           	2.818159e-17
947.05        	2.818160e-17
947.1         	2.818161e-17
947.15        	2.818163e-17
947.2         	2.818164e-17
947.25        	2.818165e-17
947.3         	2.818166e-17
947.35        	2.818168e-17
947.4         	2.818169e-17
947.45        	2.818170e-17
947.5         	2.818171e-17
947.55        	2.818172e-17
947.6         	2.818174e-17
947.65        	2.818175e-17
947.7         	2.818176e-17
947.75        	2.818177e-17
947.8         	2.818178e-17
947.85        	2.818180e-17
947.9         	2.818181e-17
947.95        	2.818182e-17
948           	2.818183e-17
948.05        	2.818185e-17
948.1         	2.818186e-17
948.15        	2.818187e-17
948.2         	2.818188e-17
948.25        	2.818189e-17
948.3         	2.818191e-17
948.35        	2.818192e-17
948.4         	2.818193e-17
948.45        	2.818194e-17
948.5         	2.818195e-17
948.55        	2.818197e-17
948.6         	2.818198e-17
948.65        	2.818199e-17
948.7         	2.818200e-17
948.75        	2.818202e-17
948.8         	2.818203e-17
948.85        	2.818204e-17
948.9         	2.818205e-17
948.95        	2.818206e-17
949           	2.818208e-17
949.05        	2.818209e-17
949.1         	2.818210e-17
949.15        	2.818211e-17
949.2         	2.818212e-17
949.25        	2.818214e-17
949.3         	2.818215e-17
949.35        	2.818216e-17
949.4         	2.818217e-17
949.45        	2.818218e-17
949.5         	2.818219e-17
949.55        	2.818221e-17
949.6         	2.818222e-17
949.65        	2.818223e-17
949.7         	2.818224e-17
949.75        	2.818225e-17
949.8         	2.818227e-17
949.85        	2.818228e-17
949.9         	2.818229e-17
949.95        	2.818230e-17
950           	2.818231e-17
950.05        	2.818233e-17
950.1         	2.818234e-17
950.15        	2.818235e-17
950.2         	2.818236e-17
950.25        	2.818237e-17
950.3         	2.818239e-17
950.35        	2.818240e-17
950.4         	2.818241e-17
950.45        	2.818242e-17
950.5         	2.818243e-17
950.55        	2.818244e-17
950.6         	2.818246e-17
950.65        	2.818247e-17
950.7         	2.818248e-17
950.75        	2.818249e-17
950.8         	2.818250e-17
950.85        	2.818251e-17
950.9         	2.818253e-17
950.95        	2.818254e-17
951           	2.818255e-17
951.05        	2.818256e-17
951.1         	2.818257e-17
951.15        	2.818258e-17
951.2         	2.818260e-17
951.25        	2.818261e-17
951.3         	2.818262e-17
951.35        	2.818263e-17
951.4         	2.818264e-17
951.45        	2.818266e-17
951.5         	2.818267e-17
951.55        	2.818268e-17
951.6         	2.818269e-17
951.65        	2.818270e-17
951.7         	2.818272e-17
951.75        	2.818273e-17
951.8         	2.818274e-17
951.85        	2.818275e-17
951.9         	2.818276e-17
951.95        	2.818277e-17
952           	2.818279e-17
952.05        	2.818280e-17
952.1         	2.818281e-17
952.15        	2.818282e-17
952.2         	2.818283e-17
952.25        	2.818284e-17
952.3         	2.818286e-17
952.35        	2.818287e-17
952.4         	2.818288e-17
952.45        	2.818289e-17
952.5         	2.818290e-17
952.55        	2.818291e-17
952.6         	2.818292e-17
952.65        	2.818294e-17
952.7         	2.818295e-17
952.75        	2.818296e-17
952.8         	2.818297e-17
952.85        	2.818298e-17
952.9         	2.818299e-17
952.95        	2.818300e-17
953           	2.818302e-17
953.05        	2.818303e-17
953.1         	2.818304e-17
953.15        	2.818305e-17
953.2         	2.818306e-17
953.25        	2.818307e-17
953.3         	2.818309e-17
953.35        	2.818310e-17
953.4         	2.818311e-17
953.45        	2.818312e-17
953.5         	2.818313e-17
953.55        	2.818314e-17
953.6         	2.818315e-17
953.65        	2.818317e-17
953.7         	2.818318e-17
953.75        	2.818319e-17
953.8         	2.818320e-17
953.85        	2.818321e-17
953.9         	2.818322e-17
953.95        	2.818323e-17
954           	2.818325e-17
954.05        	2.818326e-17
954.1         	2.818327e-17
954.15        	2.818328e-17
954.2         	2.818329e-17
954.25        	2.818330e-17
954.3         	2.818331e-17
954.35        	2.818332e-17
954.4         	2.818334e-17
954.45        	2.818335e-17
954.5         	2.818336e-17
954.55        	2.818337e-17
954.6         	2.818338e-17
954.65        	2.818339e-17
954.7         	2.818340e-17
954.75        	2.818342e-17
954.8         	2.818343e-17
954.85        	2.818344e-17
954.9         	2.818345e-17
954.95        	2.818346e-17
955           	2.818347e-17
955.05        	2.818348e-17
955.1         	2.818350e-17
955.15        	2.818351e-17
955.2         	2.818352e-17
955.25        	2.818353e-17
955.3         	2.818354e-17
955.35        	2.818355e-17
955.4         	2.818356e-17
955.45        	2.818357e-17
955.5         	2.818358e-17
955.55        	2.818360e-17
955.6         	2.818361e-17
955.65        	2.818362e-17
955.7         	2.818363e-17
955.75        	2.818364e-17
955.8         	2.818365e-17
955.85        	2.818366e-17
955.9         	2.818367e-17
955.95        	2.818369e-17
956           	2.818370e-17
956.05        	2.818371e-17
956.1         	2.818372e-17
956.15        	2.818373e-17
956.2         	2.818374e-17
956.25        	2.818375e-17
956.3         	2.818376e-17
956.35        	2.818378e-17
956.4         	2.818379e-17
956.45        	2.818380e-17
956.5         	2.818381e-17
956.55        	2.818382e-17
956.6         	2.818383e-17
956.65        	2.818384e-17
956.7         	2.818385e-17
956.75        	2.818387e-17
956.8         	2.818388e-17
956.85        	2.818389e-17
956.9         	2.818390e-17
956.95        	2.818391e-17
957           	2.818392e-17
957.05        	2.818393e-17
957.1         	2.818394e-17
957.15        	2.818395e-17
957.2         	2.818396e-17
957.25        	2.818398e-17
957.3         	2.818399e-17
957.35        	2.818400e-17
957.4         	2.818401e-17
957.45        	2.818402e-17
957.5         	2.818403e-17
957.55        	2.818404e-17
957.6         	2.818405e-17
957.65        	2.818407e-17
957.7         	2.818408e-17
957.75        	2.818409e-17
957.8         	2.818410e-17
957.85        	2.818411e-17
957.9         	2.818412e-17
957.95        	2.818413e-17
958           	2.818414e-17
958.05        	2.818415e-17
958.1         	2.818416e-17
958.15        	2.818417e-17
958.2         	2.818419e-17
958.25        	2.818420e-17
958.3         	2.818421e-17
958.35        	2.818422e-17
958.4         	2.818423e-17
958.45        	2.818424e-17
958.5         	2.818425e-17
958.55        	2.818426e-17
958.6         	2.818427e-17
958.65        	2.818428e-17
958.7         	2.818430e-17
958.75        	2.818431e-17
958.8         	2.818432e-17
958.85        	2.818433e-17
958.9         	2.818434e-17
958.95        	2.818435e-17
959           	2.818436e-17
959.05        	2.818437e-17
959.1         	2.818438e-17
959.15        	2.818439e-17
959.2         	2.818441e-17
959.25        	2.818442e-17
959.3         	2.818443e-17
959.35        	2.818444e-17
959.4         	2.818445e-17
959.45        	2.818446e-17
959.5         	2.818447e-17
959.55        	2.818448e-17
959.6         	2.818449e-17
959.65        	2.818450e-17
959.7         	2.818452e-17
959.75        	2.818453e-17
959.8         	2.818454e-17
959.85        	2.818455e-17
959.9         	2.818456e-17
959.95        	2.818457e-17
960           	2.818458e-17
960.05        	2.818459e-17
960.1         	2.818460e-17
960.15        	2.818461e-17
960.2         	2.818462e-17
960.25        	2.818463e-17
960.3         	2.818464e-17
960.35        	2.818466e-17
960.4         	2.818467e-17
960.45        	2.818468e-17
960.5         	2.818469e-17
960.55        	2.818470e-17
960.6         	2.818471e-17
960.65        	2.818472e-17
960.7         	2.818473e-17
960.75        	2.818474e-17
960.8         	2.818475e-17
960.85        	2.818476e-17
960.9         	2.818477e-17
960.95        	2.818479e-17
961           	2.818480e-17
961.05        	2.818481e-17
961.1         	2.818482e-17
961.15        	2.818483e-17
961.2         	2.818484e-17
961.25        	2.818485e-17
961.3         	2.818486e-17
961.35        	2.818487e-17
961.4         	2.818488e-17
961.45        	2.818489e-17
961.5         	2.818490e-17
961.55        	2.818491e-17
961.6         	2.818492e-17
961.65        	2.818493e-17
961.7         	2.818495e-17
961.75        	2.818496e-17
961.8         	2.818497e-17
961.85        	2.818498e-17
961.9         	2.818499e-17
961.95        	2.818500e-17
962           	2.818501e-17
962.05        	2.818502e-17
962.1         	2.818503e-17
962.15        	2.818504e-17
962.2         	2.818505e-17
962.25        	2.818506e-17
962.3         	2.818507e-17
962.35        	2.818508e-17
962.4         	2.818509e-17
962.45        	2.818510e-17
962.5         	2.818511e-17
962.55        	2.818512e-17
962.6         	2.818514e-17
962.65        	2.818515e-17
962.7         	2.818516e-17
962.75        	2.818517e-17
962.8         	2.818518e-17
962.85        	2.818519e-17
962.9         	2.818520e-17
962.95        	2.818521e-17
963           	2.818522e-17
963.05        	2.818523e-17
963.1         	2.818524e-17
963.15        	2.818525e-17
963.2         	2.818526e-17
963.25        	2.818527e-17
963.3         	2.818528e-17
963.35        	2.818529e-17
963.4         	2.818530e-17
963.45        	2.818531e-17
963.5         	2.818533e-17
963.55        	2.818534e-17
963.6         	2.818535e-17
963.65        	2.818536e-17
963.7         	2.818537e-17
963.75        	2.818538e-17
963.8         	2.818539e-17
963.85        	2.818540e-17
963.9         	2.818541e-17
963.95        	2.818542e-17
964           	2.818543e-17
964.05        	2.818544e-17
964.1         	2.818545e-17
964.15        	2.818546e-17
964.2         	2.818547e-17
964.25        	2.818548e-17
964.3         	2.818549e-17
964.35        	2.818550e-17
964.4         	2.818551e-17
964.45        	2.818552e-17
964.5         	2.818553e-17
964.55        	2.818554e-17
964.6         	2.818556e-17
964.65        	2.818557e-17
964.7         	2.818558e-17
964.75        	2.818559e-17
964.8         	2.818560e-17
964.85        	2.818561e-17
964.9         	2.818562e-17
964.95        	2.818563e-17
965           	2.818564e-17
965.05        	2.818565e-17
965.1         	2.818566e-17
965.15        	2.818567e-17
965.2         	2.818568e-17
965.25        	2.818569e-17
965.3         	2.818570e-17
965.35        	2.818571e-17
965.4         	2.818572e-17
965.45        	2.818573e-17
965.5         	2.818574e-17
965.55        	2.818575e-17
965.6         	2.818576e-17
965.65        	2.818577e-17
965.7         	2.818578e-17
965.75        	2.818579e-17
965.8         	2.818580e-17
965.85        	2.818581e-17
965.9         	2.818582e-17
965.95        	2.818583e-17
966           	2.818584e-17
966.05        	2.818585e-17
966.1         	2.818586e-17
966.15        	2.818587e-17
966.2         	2.818588e-17
966.25        	2.818589e-17
966.3         	2.818590e-17
966.35        	2.818591e-17
966.4         	2.818592e-17
966.45        	2.818593e-17
966.5         	2.818594e-17
966.55        	2.818596e-17
966.6         	2.818597e-17
966.65        	2.818598e-17
966.7         	2.818599e-17
966.75        	2.818600e-17
966.8         	2.818601e-17
966.85        	2.818602e-17
966.9         	2.818603e-17
966.95        	2.818604e-17
967           	2.818605e-17
967.05        	2.818606e-17
967.1         	2.818607e-17
967.15        	2.818608e-17
967.2         	2.818609e-17
967.25        	2.818610e-17
967.3         	2.818611e-17
967.35        	2.818612e-17
967.4         	2.818613e-17
967.45        	2.818614e-17
967.5         	2.818615e-17
967.55        	2.818616e-17
967.6         	2.818617e-17
967.65        	2.818618e-17
967.7         	2.818619e-17
967.75        	2.818620e-17
967.8         	2.818621e-17
967.85        	2.818622e-17
967.9         	2.818623e-17
967.95        	2.818624e-17
968           	2.818625e-17
968.05        	2.818626e-17
968.1         	2.818627e-17
968.15        	2.818628e-17
968.2         	2.818629e-17
968.25        	2.818630e-17
968.3         	2.818631e-17
968.35        	2.818632e-17
968.4         	2.818633e-17
968.45        	2.818634e-17
968.5         	2.818635e-17
968.55        	2.818636e-17
968.6         	2.818637e-17
968.65        	2.818638e-17
968.7         	2.818639e-17
968.75        	2.818640e-17
968.8         	2.818641e-17
968.85        	2.818642e-17
968.9         	2.818643e-17
968.95        	2.818644e-17
969           	2.818645e-17
969.05        	2.818646e-17
969.1         	2.818647e-17
969.15        	2.818648e-17
969.2         	2.818650e-17
969.25        	2.818651e-17
969.3         	2.818652e-17
969.35        	2.818653e-17
969.4         	2.818654e-17
969.45        	2.818655e-17
969.5         	2.818656e-17
969.55        	2.818657e-17
969.6         	2.818658e-17
969.65        	2.818659e-17
969.7         	2.818660e-17
969.75        	2.818661e-17
969.8         	2.818662e-17
969.85        	2.818663e-17
969.9         	2.818664e-17
969.95        	2.818665e-17
970           	2.818666e-17
970.05        	2.818667e-17
970.1         	2.818668e-17
970.15        	2.818669e-17
970.2         	2.818670e-17
970.25        	2.818671e-17
970.3         	2.818672e-17
970.35        	2.818673e-17
970.4         	2.818674e-17
970.45        	2.818675e-17
970.5         	2.818676e-17
970.55        	2.818677e-17
970.6         	2.818678e-17
970.65        	2.818679e-17
970.7         	2.818680e-17
970.75        	2.818681e-17
970.8         	2.818682e-17
970.85        	2.818683e-17
970.9         	2.818684e-17
970.95        	2.818685e-17
971           	2.818686e-17
971.05        	2.818687e-17
971.1         	2.818688e-17
971.15        	2.818689e-17
971.2         	2.818690e-17
971.25        	2.818691e-17
971.3         	2.818692e-17
971.35        	2.818693e-17
971.4         	2.818694e-17
971.45        	2.818695e-17
971.5         	2.818696e-17
971.55        	2.818697e-17
971.6         	2.818698e-17
971.65        	2.818699e-17
971.7         	2.818700e-17
971.75        	2.818701e-17
971.8         	2.818702e-17
971.85        	2.818703e-17
971.9         	2.818704e-17
971.95        	2.818705e-17
972           	2.818706e-17
972.05        	2.818707e-17
972.1         	2.818708e-17
972.15        	2.818709e-17
972.2         	2.818710e-17
972.25        	2.818711e-17
972.3         	2.818712e-17
972.35        	2.818713e-17
972.4         	2.818714e-17
972.45        	2.818715e-17
972.5         	2.818716e-17
972.55        	2.818717e-17
972.6         	2.818718e-17
972.65        	2.818719e-17
972.7         	2.818720e-17
972.75        	2.818721e-17
972.8         	2.818722e-17
972.85        	2.818723e-17
972.9         	2.818724e-17
972.95        	2.818725e-17
973           	2.818726e-17
973.05        	2.818727e-17
973.1         	2.818728e-17
973.15        	2.818729e-17
973.2         	2.818730e-17
973.25        	2.818731e-17
973.3         	2.818732e-17
973.35        	2.818733e-17
973.4         	2.818734e-17
973.45        	2.818735e-17
973.5         	2.818736e-17
973.55        	2.818737e-17
973.6         	2.818738e-17
973.65        	2.818739e-17
973.7         	2.818740e-17
973.75        	2.818741e-17
973.8         	2.818742e-17
973.85        	2.818743e-17
973.9         	2.818744e-17
973.95        	2.818744e-17
974           	2.818745e-17
974.05        	2.818746e-17
974.1         	2.818747e-17
974.15        	2.818748e-17
974.2         	2.818749e-17
974.25        	2.818750e-17
974.3         	2.818751e-17
974.35        	2.818752e-17
974.4         	2.818753e-17
974.45        	2.818754e-17
974.5         	2.818755e-17
974.55        	2.818756e-17
974.6         	2.818757e-17
974.65        	2.818758e-17
974.7         	2.818759e-17
974.75        	2.818760e-17
974.8         	2.818761e-17
974.85        	2.818762e-17
974.9         	2.818763e-17
974.95        	2.818764e-17
975           	2.818765e-17
975.05        	2.818766e-17
975.1         	2.818767e-17
975.15        	2.818768e-17
975.2         	2.818769e-17
975.25        	2.818770e-17
975.3         	2.818771e-17
975.35        	2.818772e-17
975.4         	2.818773e-17
975.45        	2.818774e-17
975.5         	2.818775e-17
975.55        	2.818776e-17
975.6         	2.818777e-17
975.65        	2.818778e-17
975.7         	2.818779e-17
975.75        	2.818780e-17
975.8         	2.818781e-17
975.85        	2.818782e-17
975.9         	2.818783e-17
975.95        	2.818784e-17
976           	2.818785e-17
976.05        	2.818786e-17
976.1         	2.818787e-17
976.15        	2.818788e-17
976.2         	2.818789e-17
976.25        	2.818790e-17
976.3         	2.818791e-17
976.35        	2.818792e-17
976.4         	2.818793e-17
976.45        	2.818794e-17
976.5         	2.818795e-17
976.55        	2.818796e-17
976.6         	2.818797e-17
976.65        	2.818798e-17
976.7         	2.818799e-17
976.75        	2.818800e-17
976.8         	2.818801e-17
976.85        	2.818802e-17
976.9         	2.818803e-17
976.95        	2.818804e-17
977           	2.818804e-17
977.05        	2.818805e-17
977.1         	2.818806e-17
977.15        	2.818807e-17
977.2         	2.818808e-17
977.25        	2.818809e-17
977.3         	2.818810e-17
977.35        	2.818811e-17
977.4         	2.818812e-17
977.45        	2.818813e-17
977.5         	2.818814e-17
977.55        	2.818815e-17
977.6         	2.818816e-17
977.65        	2.818817e-17
977.7         	2.818818e-17
977.75        	2.818819e-17
977.8         	2.818820e-17
977.85        	2.818821e-17
977.9         	2.818822e-17
977.95        	2.818823e-17
978           	2.818824e-17
978.05        	2.818825e-17
978.1         	2.818826e-17
978.15        	2.818827e-17
978.2         	2.818828e-17
978.25        	2.818829e-17
978.3         	2.818830e-17
978.35        	2.818831e-17
978.4         	2.818832e-17
978.45        	2.818833e-17
978.5         	2.818834e-17
978.55        	2.818835e-17
978.6         	2.818836e-17
978.65        	2.818837e-17
978.7         	2.818838e-17
978.75        	2.818839e-17
978.8         	2.818840e-17
978.85        	2.818841e-17
978.9         	2.818842e-17
978.95        	2.818843e-17
979           	2.818844e-17
979.05        	2.818844e-17
979.1         	2.818845e-17
979.15        	2.818846e-17
979.2         	2.818847e-17
979.25        	2.818848e-17
979.3         	2.818849e-17
979.35        	2.818850e-17
979.4         	2.818851e-17
979.45        	2.818852e-17
979.5         	2.818853e-17
979.55        	2.818854e-17
979.6         	2.818855e-17
979.65        	2.818856e-17
979.7         	2.818857e-17
979.75        	2.818858e-17
979.8         	2.818859e-17
979.85        	2.818860e-17
979.9         	2.818861e-17
979.95        	2.818862e-17
980           	2.818863e-17
980.05        	2.818864e-17
980.1         	2.818865e-17
980.15        	2.818866e-17
980.2         	2.818867e-17
980.25        	2.818868e-17
980.3         	2.818869e-17
980.35        	2.818870e-17
980.4         	2.818871e-17
980.45        	2.818872e-17
980.5         	2.818873e-17
980.55        	2.818874e-17
980.6         	2.818875e-17
980.65        	2.818876e-17
980.7         	2.818877e-17
980.75        	2.818877e-17
980.8         	2.818878e-17
980.85        	2.818879e-17
980.9         	2.818880e-17
980.95        	2.818881e-17
981           	2.818882e-17
981.05        	2.818883e-17
981.1         	2.818884e-17
981.15        	2.818885e-17
981.2         	2.818886e-17
981.25        	2.818887e-17
981.3         	2.818888e-17
981.35        	2.818889e-17
981.4         	2.818890e-17
981.45        	2.818891e-17
981.5         	2.818892e-17
981.55        	2.818893e-17
981.6         	2.818894e-17
981.65        	2.818895e-17
981.7         	2.818896e-17
981.75        	2.818897e-17
981.8         	2.818898e-17
981.85        	2.818899e-17
981.9         	2.818900e-17
981.95        	2.818901e-17
982           	2.818902e-17
982.05        	2.818903e-17
982.1         	2.818904e-17
982.15        	2.818905e-17
982.2         	2.818906e-17
982.25        	2.818906e-17
982.3         	2.818907e-17
982.35        	2.818908e-17
982.4         	2.818909e-17
982.45        	2.818910e-17
982.5         	2.818911e-17
982.55        	2.818912e-17
982.6         	2.818913e-17
982.65        	2.818914e-17
982.7         	2.818915e-17
982.75        	2.818916e-17
982.8         	2.818917e-17
982.85        	2.818918e-17
982.9         	2.818919e-17
982.95        	2.818920e-17
983           	2.818921e-17
983.05        	2.818922e-17
983.1         	2.818923e-17
983.15        	2.818924e-17
983.2         	2.818925e-17
983.25        	2.818926e-17
983.3         	2.818927e-17
983.35        	2.818928e-17
983.4         	2.818929e-17
983.45        	2.818930e-17
983.5         	2.818931e-17
983.55        	2.818932e-17
983.6         	2.818932e-17
983.65        	2.818933e-17
983.7         	2.818934e-17
983.75        	2.818935e-17
983.8         	2.818936e-17
983.85        	2.818937e-17
983.9         	2.818938e-17
983.95        	2.818939e-17
984           	2.818940e-17
984.05        	2.818941e-17
984.1         	2.818942e-17
984.15        	2.818943e-17
984.2         	2.818944e-17
984.25        	2.818945e-17
984.3         	2.818946e-17
984.35        	2.818947e-17
984.4         	2.818948e-17
984.45        	2.818949e-17
984.5         	2.818950e-17
984.55        	2.818951e-17
984.6         	2.818952e-17
984.65        	2.818953e-17
984.7         	2.818954e-17
984.75        	2.818955e-17
984.8         	2.818955e-17
984.85        	2.818956e-17
984.9         	2.818957e-17
984.95        	2.818958e-17
985           	2.818959e-17
985.05        	2.818960e-17
985.1         	2.818961e-17
985.15        	2.818962e-17
985.2         	2.818963e-17
985.25        	2.818964e-17
985.3         	2.818965e-17
985.35        	2.818966e-17
985.4         	2.818967e-17
985.45        	2.818968e-17
985.5         	2.818969e-17
985.55        	2.818970e-17
985.6         	2.818971e-17
985.65        	2.818972e-17
985.7         	2.818973e-17
985.75        	2.818974e-17
985.8         	2.818975e-17
985.85        	2.818976e-17
985.9         	2.818976e-17
985.95        	2.818977e-17
986           	2.818978e-17
986.05        	2.818979e-17
986.1         	2.818980e-17
986.15        	2.818981e-17
986.2         	2.818982e-17
986.25        	2.818983e-17
986.3         	2.818984e-17
986.35        	2.818985e-17
986.4         	2.818986e-17
986.45        	2.818987e-17
986.5         	2.818988e-17
986.55        	2.818989e-17
986.6         	2.818990e-17
986.65        	2.818991e-17
986.7         	2.818992e-17
986.75        	2.818993e-17
986.8         	2.818994e-17
986.85        	2.818995e-17
986.9         	2.818995e-17
986.95        	2.818996e-17
987           	2.818997e-17
987.05        	2.818998e-17
987.1         	2.818999e-17
987.15        	2.819000e-17
987.2         	2.819001e-17
987.25        	2.819002e-17
987.3         	2.819003e-17
987.35        	2.819004e-17
987.4         	2.819005e-17
987.45        	2.819006e-17
987.5         	2.819007e-17
987.55        	2.819008e-17
987.6         	2.819009e-17
987.65        	2.819010e-17
987.7         	2.819011e-17
987.75        	2.819012e-17
987.8         	2.819012e-17
987.85        	2.819013e-17
987.9         	2.819014e-17
987.95        	2.819015e-17
988           	2.819016e-17
988.05        	2.819017e-17
988.1         	2.819018e-17
988.15        	2.819019e-17
988.2         	2.819020e-17
988.25        	2.819021e-17
988.3         	2.819022e-17
988.35        	2.819023e-17
988.4         	2.819024e-17
988.45        	2.819025e-17
988.5         	2.819026e-17
988.55        	2.819027e-17
988.6         	2.819028e-17
988.65        	2.819028e-17
988.7         	2.819029e-17
988.75        	2.819030e-17
988.8         	2.819031e-17
988.85        	2.819032e-17
988.9         	2.819033e-17
988.95        	2.819034e-17
989           	2.819035e-17
989.05        	2.819036e-17
989.1         	2.819037e-17
989.15        	2.819038e-17
989.2         	2.819039e-17
989.25        	2.819040e-17
989.3         	2.819041e-17
989.35        	2.819042e-17
989.4         	2.819043e-17
989.45        	2.819043e-17
989.5         	2.819044e-17
989.55        	2.819045e-17
989.6         	2.819046e-17
989.65        	2.819047e-17
989.7         	2.819048e-17
989.75        	2.819049e-17
989.8         	2.819050e-17
989.85        	2.819051e-17
989.9         	2.819052e-17
989.95        	2.819053e-17
990           	2.819054e-17
990.05        	2.819055e-17
990.1         	2.819056e-17
990.15        	2.819057e-17
990.2         	2.819057e-17
990.25        	2.819058e-17
990.3         	2.819059e-17
990.35        	2.819060e-17
990.4         	2.819061e-17
990.45        	2.819062e-17
990.5         	2.819063e-17
990.55        	2.819064e-17
990.6         	2.819065e-17
990.65        	2.819066e-17
990.7         	2.819067e-17
990.75        	2.819068e-17
990.8         	2.819069e-17
990.85        	2.819070e-17
990.9         	2.819071e-17
990.95        	2.819071e-17
991           	2.819072e-17
991.05        	2.819073e-17
991.1         	2.819074e-17
991.15        	2.819075e-17
991.2         	2.819076e-17
991.25        	2.819077e-17
991.3         	2.819078e-17
991.35        	2.819079e-17
991.4         	2.819080e-17
991.45        	2.819081e-17
991.5         	2.819082e-17
991.55        	2.819083e-17
991.6         	2.819084e-17
991.65        	2.819084e-17
991.7         	2.819085e-17
991.75        	2.819086e-17
991.8         	2.819087e-17
991.85        	2.819088e-17
991.9         	2.819089e-17
991.95        	2.819090e-17
992           	2.819091e-17
992.05        	2.819092e-17
992.1         	2.819093e-17
992.15        	2.819094e-17
992.2         	2.819095e-17
992.25        	2.819096e-17
992.3         	2.819096e-17
992.35        	2.819097e-17
992.4         	2.819098e-17
992.45        	2.819099e-17
992.5         	2.819100e-17
992.55        	2.819101e-17
992.6         	2.819102e-17
992.65        	2.819103e-17
992.7         	2.819104e-17
992.75        	2.819105e-17
992.8         	2.819106e-17
992.85        	2.819107e-17
992.9         	2.819108e-17
992.95        	2.819108e-17
993           	2.819109e-17
993.05        	2.819110e-17
993.1         	2.819111e-17
993.15        	2.819112e-17
993.2         	2.819113e-17
993.25        	2.819114e-17
993.3         	2.819115e-17
993.35        	2.819116e-17
993.4         	2.819117e-17
993.45        	2.819118e-17
993.5         	2.819119e-17
993.55        	2.819120e-17
993.6         	2.819120e-17
993.65        	2.819121e-17
993.7         	2.819122e-17
993.75        	2.819123e-17
993.8         	2.819124e-17
993.85        	2.819125e-17
993.9         	2.819126e-17
993.95        	2.819127e-17
994           	2.819128e-17
994.05        	2.819129e-17
994.1         	2.819130e-17
994.15        	2.819131e-17
994.2         	2.819132e-17
994.25        	2.819132e-17
994.3         	2.819133e-17
994.35        	2.819134e-17
994.4         	2.819135e-17
994.45        	2.819136e-17
994.5         	2.819137e-17
994.55        	2.819138e-17
994.6         	2.819139e-17
994.65        	2.819140e-17
994.7         	2.819141e-17
994.75        	2.819142e-17
994.8         	2.819143e-17
994.85        	2.819143e-17
994.9         	2.819144e-17
994.95        	2.819145e-17
995           	2.819146e-17
995.05        	2.819147e-17
995.1         	2.819148e-17
995.15        	2.819149e-17
995.2         	2.819150e-17
995.25        	2.819151e-17
995.3         	2.819152e-17
995.35        	2.819153e-17
995.4         	2.819154e-17
995.45        	2.819154e-17
995.5         	2.819155e-17
995.55        	2.819156e-17
995.6         	2.819157e-17
995.65        	2.819158e-17
995.7         	2.819159e-17
995.75        	2.819160e-17
995.8         	2.819161e-17
995.85        	2.819162e-17
995.9         	2.819163e-17
995.95        	2.819164e-17
996           	2.819164e-17
996.05        	2.819165e-17
996.1         	2.819166e-17
996.15        	2.819167e-17
996.2         	2.819168e-17
996.25        	2.819169e-17
996.3         	2.819170e-17
996.35        	2.819171e-17
996.4         	2.819172e-17
996.45        	2.819173e-17
996.5         	2.819174e-17
996.55        	2.819175e-17
996.6         	2.819175e-17
996.65        	2.819176e-17
996.7         	2.819177e-17
996.75        	2.819178e-17
996.8         	2.819179e-17
996.85        	2.819180e-17
996.9         	2.819181e-17
996.95        	2.819182e-17
997           	2.819183e-17
997.05        	2.819184e-17
997.1         	2.819185e-17
997.15        	2.819185e-17
997.2         	2.819186e-17
997.25        	2.819187e-17
997.3         	2.819188e-17
997.35        	2.819189e-17
997.4         	2.819190e-17
997.45        	2.819191e-17
997.5         	2.819192e-17
997.55        	2.819193e-17
997.6         	2.819194e-17
997.65        	2.819195e-17
997.7         	2.819195e-17
997.75        	2.819196e-17
997.8         	2.819197e-17
997.85        	2.819198e-17
997.9         	2.819199e-17
997.95        	2.819200e-17
998           	2.819201e-17
998.05        	2.819202e-17
998.1         	2.819203e-17
998.15        	2.819204e-17
998.2         	2.819205e-17
998.25        	2.819205e-17
998.3         	2.819206e-17
998.35        	2.819207e-17
998.4         	2.819208e-17
998.45        	2.819209e-17
998.5         	2.819210e-17
998.55        	2.819211e-17
998.6         	2.819212e-17
998.65        	2.819213e-17
998.7         	2.819214e-17
998.75        	2.819214e-17
998.8         	2.819215e-17
998.85        	2.819216e-17
998.9         	2.819217e-17
998.95        	2.819218e-17
999           	2.819219e-17
999.05        	2.819220e-17
999.1         	2.819221e-17
999.15        	2.819222e-17
999.2         	2.819223e-17
999.25        	2.819224e-17
999.3         	2.819224e-17
999.35        	2.819225e-17
999.4         	2.819226e-17
999.45        	2.819227e-17
999.5         	2.819228e-17
999.55        	2.819229e-17
999.6         	2.819230e-17
999.65        	2.819231e-17
999.7         	2.819232e-17
999.75        	2.819233e-17
999.8         	2.819233e-17
999.85        	2.819234e-17
999.9         	2.819235e-17
999.95        	2.819236e-17
1000          	2.819237e-17
