/*--------------------------------*- C++ -*----------------------------------*\
  =========                 |
  \\      /  F ield         | OpenFOAM: The Open Source CFD Toolbox
   \\    /   O peration     | Website:  https://openfoam.org
    \\  /    A nd           | Version:  9
     \\/     M anipulation  |
\*---------------------------------------------------------------------------*/
FoamFile
{
    format      ascii;
    class       labelList;
    note        "nPoints: 97971 nCells: 48000 nFaces: 192025 nInternalFaces: 94055";
    location    "constant/polyMesh";
    object      neighbour;
}
// * * * * * * * * * * * * * * * * * * * * * * * * * * * * * * * * * * * * * //


94055
(
1
1920
2
1921
3
1922
4
1923
5
1924
6
1925
7
1926
8
1927
9
1928
10
1929
11
1930
12
1931
13
1932
14
1933
15
1934
16
1935
17
1936
18
1937
19
1938
20
1939
21
1940
22
1941
23
1942
24
1943
25
1944
26
1945
27
1946
28
1947
29
1948
30
1949
31
1950
32
1951
33
1952
34
1953
35
1954
36
1955
37
1956
38
1957
39
1958
40
1959
41
1960
42
1961
43
1962
44
1963
45
1964
46
1965
47
1966
48
1967
49
1968
50
1969
51
1970
52
1971
53
1972
54
1973
55
1974
56
1975
57
1976
58
1977
59
1978
60
1979
61
1980
62
1981
63
1982
64
1983
65
1984
66
1985
67
1986
68
1987
69
1988
70
1989
71
1990
72
1991
73
1992
74
1993
75
1994
76
1995
77
1996
78
1997
79
1998
80
1999
81
2000
82
2001
83
2002
84
2003
85
2004
86
2005
87
2006
88
2007
89
2008
90
2009
91
2010
92
2011
93
2012
94
2013
95
2014
96
2015
97
2016
98
2017
99
2018
100
2019
101
2020
102
2021
103
2022
104
2023
105
2024
106
2025
107
2026
108
2027
109
2028
110
2029
111
2030
112
2031
113
2032
114
2033
115
2034
116
2035
117
2036
118
2037
119
2038
120
2039
121
2040
122
2041
123
2042
124
2043
125
2044
126
2045
127
2046
128
2047
129
2048
130
2049
131
2050
132
2051
133
2052
134
2053
135
2054
136
2055
137
2056
138
2057
139
2058
140
2059
141
2060
142
2061
143
2062
144
2063
145
2064
146
2065
147
2066
148
2067
149
2068
150
2069
151
2070
152
2071
153
2072
154
2073
155
2074
156
2075
157
2076
158
2077
159
2078
160
2079
161
2080
162
2081
163
2082
164
2083
165
2084
166
2085
167
2086
168
2087
169
2088
170
2089
171
2090
172
2091
173
2092
174
2093
175
2094
176
2095
177
2096
178
2097
179
2098
180
2099
181
2100
182
2101
183
2102
184
2103
185
2104
186
2105
187
2106
188
2107
189
2108
190
2109
191
2110
192
2111
193
2112
194
2113
195
2114
196
2115
197
2116
198
2117
199
2118
200
2119
201
2120
202
2121
203
2122
204
2123
205
2124
206
2125
207
2126
208
2127
209
2128
210
2129
211
2130
212
2131
213
2132
214
2133
215
2134
216
2135
217
2136
218
2137
219
2138
220
2139
221
2140
222
2141
223
2142
224
2143
225
2144
226
2145
227
2146
228
2147
229
2148
230
2149
231
2150
232
2151
233
2152
234
2153
235
2154
236
2155
237
2156
238
2157
239
2158
240
2159
241
2160
242
2161
243
2162
244
2163
245
2164
246
2165
247
2166
248
2167
249
2168
250
2169
251
2170
252
2171
253
2172
254
2173
255
2174
256
2175
257
2176
258
2177
259
2178
260
2179
261
2180
262
2181
263
2182
264
2183
265
2184
266
2185
267
2186
268
2187
269
2188
270
2189
271
2190
272
2191
273
2192
274
2193
275
2194
276
2195
277
2196
278
2197
279
2198
280
2199
281
2200
282
2201
283
2202
284
2203
285
2204
286
2205
287
2206
288
2207
289
2208
290
2209
291
2210
292
2211
293
2212
294
2213
295
2214
296
2215
297
2216
298
2217
299
2218
300
2219
301
2220
302
2221
303
2222
304
2223
305
2224
306
2225
307
2226
308
2227
309
2228
310
2229
311
2230
312
2231
313
2232
314
2233
315
2234
316
2235
317
2236
318
2237
319
2238
320
2239
321
2240
322
2241
323
2242
324
2243
325
2244
326
2245
327
2246
328
2247
329
2248
330
2249
331
2250
332
2251
333
2252
334
2253
335
2254
336
2255
337
2256
338
2257
339
2258
340
2259
341
2260
342
2261
343
2262
344
2263
345
2264
346
2265
347
2266
348
2267
349
2268
350
2269
351
2270
352
2271
353
2272
354
2273
355
2274
356
2275
357
2276
358
2277
359
2278
360
2279
361
2280
362
2281
363
2282
364
2283
365
2284
366
2285
367
2286
368
2287
369
2288
370
2289
371
2290
372
2291
373
2292
374
2293
375
2294
376
2295
377
2296
378
2297
379
2298
380
2299
381
2300
382
2301
383
2302
384
2303
385
2304
386
2305
387
2306
388
2307
389
2308
390
2309
391
2310
392
2311
393
2312
394
2313
395
2314
396
2315
397
2316
398
2317
399
2318
400
2319
401
2320
402
2321
403
2322
404
2323
405
2324
406
2325
407
2326
408
2327
409
2328
410
2329
411
2330
412
2331
413
2332
414
2333
415
2334
416
2335
417
2336
418
2337
419
2338
420
2339
421
2340
422
2341
423
2342
424
2343
425
2344
426
2345
427
2346
428
2347
429
2348
430
2349
431
2350
432
2351
433
2352
434
2353
435
2354
436
2355
437
2356
438
2357
439
2358
440
2359
441
2360
442
2361
443
2362
444
2363
445
2364
446
2365
447
2366
448
2367
449
2368
450
2369
451
2370
452
2371
453
2372
454
2373
455
2374
456
2375
457
2376
458
2377
459
2378
460
2379
461
2380
462
2381
463
2382
464
2383
465
2384
466
2385
467
2386
468
2387
469
2388
470
2389
471
2390
472
2391
473
2392
474
2393
475
2394
476
2395
477
2396
478
2397
479
2398
480
2399
481
2400
482
2401
483
2402
484
2403
485
2404
486
2405
487
2406
488
2407
489
2408
490
2409
491
2410
492
2411
493
2412
494
2413
495
2414
496
2415
497
2416
498
2417
499
2418
500
2419
501
2420
502
2421
503
2422
504
2423
505
2424
506
2425
507
2426
508
2427
509
2428
510
2429
511
2430
512
2431
513
2432
514
2433
515
2434
516
2435
517
2436
518
2437
519
2438
520
2439
521
2440
522
2441
523
2442
524
2443
525
2444
526
2445
527
2446
528
2447
529
2448
530
2449
531
2450
532
2451
533
2452
534
2453
535
2454
536
2455
537
2456
538
2457
539
2458
540
2459
541
2460
542
2461
543
2462
544
2463
545
2464
546
2465
547
2466
548
2467
549
2468
550
2469
551
2470
552
2471
553
2472
554
2473
555
2474
556
2475
557
2476
558
2477
559
2478
560
2479
561
2480
562
2481
563
2482
564
2483
565
2484
566
2485
567
2486
568
2487
569
2488
570
2489
571
2490
572
2491
573
2492
574
2493
575
2494
576
2495
577
2496
578
2497
579
2498
580
2499
581
2500
582
2501
583
2502
584
2503
585
2504
586
2505
587
2506
588
2507
589
2508
590
2509
591
2510
592
2511
593
2512
594
2513
595
2514
596
2515
597
2516
598
2517
599
2518
600
2519
601
2520
602
2521
603
2522
604
2523
605
2524
606
2525
607
2526
608
2527
609
2528
610
2529
611
2530
612
2531
613
2532
614
2533
615
2534
616
2535
617
2536
618
2537
619
2538
620
2539
621
2540
622
2541
623
2542
624
2543
625
2544
626
2545
627
2546
628
2547
629
2548
630
2549
631
2550
632
2551
633
2552
634
2553
635
2554
636
2555
637
2556
638
2557
639
2558
640
2559
641
2560
642
2561
643
2562
644
2563
645
2564
646
2565
647
2566
648
2567
649
2568
650
2569
651
2570
652
2571
653
2572
654
2573
655
2574
656
2575
657
2576
658
2577
659
2578
660
2579
661
2580
662
2581
663
2582
664
2583
665
2584
666
2585
667
2586
668
2587
669
2588
670
2589
671
2590
672
2591
673
2592
674
2593
675
2594
676
2595
677
2596
678
2597
679
2598
680
2599
681
2600
682
2601
683
2602
684
2603
685
2604
686
2605
687
2606
688
2607
689
2608
690
2609
691
2610
692
2611
693
2612
694
2613
695
2614
696
2615
697
2616
698
2617
699
2618
700
2619
701
2620
702
2621
703
2622
704
2623
705
2624
706
2625
707
2626
708
2627
709
2628
710
2629
711
2630
712
2631
713
2632
714
2633
715
2634
716
2635
717
2636
718
2637
719
2638
720
2639
721
2640
722
2641
723
2642
724
2643
725
2644
726
2645
727
2646
728
2647
729
2648
730
2649
731
2650
732
2651
733
2652
734
2653
735
2654
736
2655
737
2656
738
2657
739
2658
740
2659
741
2660
742
2661
743
2662
744
2663
745
2664
746
2665
747
2666
748
2667
749
2668
750
2669
751
2670
752
2671
753
2672
754
2673
755
2674
756
2675
757
2676
758
2677
759
2678
760
2679
761
2680
762
2681
763
2682
764
2683
765
2684
766
2685
767
2686
768
2687
769
2688
770
2689
771
2690
772
2691
773
2692
774
2693
775
2694
776
2695
777
2696
778
2697
779
2698
780
2699
781
2700
782
2701
783
2702
784
2703
785
2704
786
2705
787
2706
788
2707
789
2708
790
2709
791
2710
792
2711
793
2712
794
2713
795
2714
796
2715
797
2716
798
2717
799
2718
800
2719
801
2720
802
2721
803
2722
804
2723
805
2724
806
2725
807
2726
808
2727
809
2728
810
2729
811
2730
812
2731
813
2732
814
2733
815
2734
816
2735
817
2736
818
2737
819
2738
820
2739
821
2740
822
2741
823
2742
824
2743
825
2744
826
2745
827
2746
828
2747
829
2748
830
2749
831
2750
832
2751
833
2752
834
2753
835
2754
836
2755
837
2756
838
2757
839
2758
840
2759
841
2760
842
2761
843
2762
844
2763
845
2764
846
2765
847
2766
848
2767
849
2768
850
2769
851
2770
852
2771
853
2772
854
2773
855
2774
856
2775
857
2776
858
2777
859
2778
860
2779
861
2780
862
2781
863
2782
864
2783
865
2784
866
2785
867
2786
868
2787
869
2788
870
2789
871
2790
872
2791
873
2792
874
2793
875
2794
876
2795
877
2796
878
2797
879
2798
880
2799
881
2800
882
2801
883
2802
884
2803
885
2804
886
2805
887
2806
888
2807
889
2808
890
2809
891
2810
892
2811
893
2812
894
2813
895
2814
896
2815
897
2816
898
2817
899
2818
900
2819
901
2820
902
2821
903
2822
904
2823
905
2824
906
2825
907
2826
908
2827
909
2828
910
2829
911
2830
912
2831
913
2832
914
2833
915
2834
916
2835
917
2836
918
2837
919
2838
920
2839
921
2840
922
2841
923
2842
924
2843
925
2844
926
2845
927
2846
928
2847
929
2848
930
2849
931
2850
932
2851
933
2852
934
2853
935
2854
936
2855
937
2856
938
2857
939
2858
940
2859
941
2860
942
2861
943
2862
944
2863
945
2864
946
2865
947
2866
948
2867
949
2868
950
2869
951
2870
952
2871
953
2872
954
2873
955
2874
956
2875
957
2876
958
2877
959
2878
960
2879
961
2880
962
2881
963
2882
964
2883
965
2884
966
2885
967
2886
968
2887
969
2888
970
2889
971
2890
972
2891
973
2892
974
2893
975
2894
976
2895
977
2896
978
2897
979
2898
980
2899
981
2900
982
2901
983
2902
984
2903
985
2904
986
2905
987
2906
988
2907
989
2908
990
2909
991
2910
992
2911
993
2912
994
2913
995
2914
996
2915
997
2916
998
2917
999
2918
1000
2919
1001
2920
1002
2921
1003
2922
1004
2923
1005
2924
1006
2925
1007
2926
1008
2927
1009
2928
1010
2929
1011
2930
1012
2931
1013
2932
1014
2933
1015
2934
1016
2935
1017
2936
1018
2937
1019
2938
1020
2939
1021
2940
1022
2941
1023
2942
1024
2943
1025
2944
1026
2945
1027
2946
1028
2947
1029
2948
1030
2949
1031
2950
1032
2951
1033
2952
1034
2953
1035
2954
1036
2955
1037
2956
1038
2957
1039
2958
1040
2959
1041
2960
1042
2961
1043
2962
1044
2963
1045
2964
1046
2965
1047
2966
1048
2967
1049
2968
1050
2969
1051
2970
1052
2971
1053
2972
1054
2973
1055
2974
1056
2975
1057
2976
1058
2977
1059
2978
1060
2979
1061
2980
1062
2981
1063
2982
1064
2983
1065
2984
1066
2985
1067
2986
1068
2987
1069
2988
1070
2989
1071
2990
1072
2991
1073
2992
1074
2993
1075
2994
1076
2995
1077
2996
1078
2997
1079
2998
1080
2999
1081
3000
1082
3001
1083
3002
1084
3003
1085
3004
1086
3005
1087
3006
1088
3007
1089
3008
1090
3009
1091
3010
1092
3011
1093
3012
1094
3013
1095
3014
1096
3015
1097
3016
1098
3017
1099
3018
1100
3019
1101
3020
1102
3021
1103
3022
1104
3023
1105
3024
1106
3025
1107
3026
1108
3027
1109
3028
1110
3029
1111
3030
1112
3031
1113
3032
1114
3033
1115
3034
1116
3035
1117
3036
1118
3037
1119
3038
1120
3039
1121
3040
1122
3041
1123
3042
1124
3043
1125
3044
1126
3045
1127
3046
1128
3047
1129
3048
1130
3049
1131
3050
1132
3051
1133
3052
1134
3053
1135
3054
1136
3055
1137
3056
1138
3057
1139
3058
1140
3059
1141
3060
1142
3061
1143
3062
1144
3063
1145
3064
1146
3065
1147
3066
1148
3067
1149
3068
1150
3069
1151
3070
1152
3071
1153
3072
1154
3073
1155
3074
1156
3075
1157
3076
1158
3077
1159
3078
1160
3079
1161
3080
1162
3081
1163
3082
1164
3083
1165
3084
1166
3085
1167
3086
1168
3087
1169
3088
1170
3089
1171
3090
1172
3091
1173
3092
1174
3093
1175
3094
1176
3095
1177
3096
1178
3097
1179
3098
1180
3099
1181
3100
1182
3101
1183
3102
1184
3103
1185
3104
1186
3105
1187
3106
1188
3107
1189
3108
1190
3109
1191
3110
1192
3111
1193
3112
1194
3113
1195
3114
1196
3115
1197
3116
1198
3117
1199
3118
1200
3119
1201
3120
1202
3121
1203
3122
1204
3123
1205
3124
1206
3125
1207
3126
1208
3127
1209
3128
1210
3129
1211
3130
1212
3131
1213
3132
1214
3133
1215
3134
1216
3135
1217
3136
1218
3137
1219
3138
1220
3139
1221
3140
1222
3141
1223
3142
1224
3143
1225
3144
1226
3145
1227
3146
1228
3147
1229
3148
1230
3149
1231
3150
1232
3151
1233
3152
1234
3153
1235
3154
1236
3155
1237
3156
1238
3157
1239
3158
1240
3159
1241
3160
1242
3161
1243
3162
1244
3163
1245
3164
1246
3165
1247
3166
1248
3167
1249
3168
1250
3169
1251
3170
1252
3171
1253
3172
1254
3173
1255
3174
1256
3175
1257
3176
1258
3177
1259
3178
1260
3179
1261
3180
1262
3181
1263
3182
1264
3183
1265
3184
1266
3185
1267
3186
1268
3187
1269
3188
1270
3189
1271
3190
1272
3191
1273
3192
1274
3193
1275
3194
1276
3195
1277
3196
1278
3197
1279
3198
1280
3199
1281
3200
1282
3201
1283
3202
1284
3203
1285
3204
1286
3205
1287
3206
1288
3207
1289
3208
1290
3209
1291
3210
1292
3211
1293
3212
1294
3213
1295
3214
1296
3215
1297
3216
1298
3217
1299
3218
1300
3219
1301
3220
1302
3221
1303
3222
1304
3223
1305
3224
1306
3225
1307
3226
1308
3227
1309
3228
1310
3229
1311
3230
1312
3231
1313
3232
1314
3233
1315
3234
1316
3235
1317
3236
1318
3237
1319
3238
1320
3239
1321
3240
1322
3241
1323
3242
1324
3243
1325
3244
1326
3245
1327
3246
1328
3247
1329
3248
1330
3249
1331
3250
1332
3251
1333
3252
1334
3253
1335
3254
1336
3255
1337
3256
1338
3257
1339
3258
1340
3259
1341
3260
1342
3261
1343
3262
1344
3263
1345
3264
1346
3265
1347
3266
1348
3267
1349
3268
1350
3269
1351
3270
1352
3271
1353
3272
1354
3273
1355
3274
1356
3275
1357
3276
1358
3277
1359
3278
1360
3279
1361
3280
1362
3281
1363
3282
1364
3283
1365
3284
1366
3285
1367
3286
1368
3287
1369
3288
1370
3289
1371
3290
1372
3291
1373
3292
1374
3293
1375
3294
1376
3295
1377
3296
1378
3297
1379
3298
1380
3299
1381
3300
1382
3301
1383
3302
1384
3303
1385
3304
1386
3305
1387
3306
1388
3307
1389
3308
1390
3309
1391
3310
1392
3311
1393
3312
1394
3313
1395
3314
1396
3315
1397
3316
1398
3317
1399
3318
1400
3319
1401
3320
1402
3321
1403
3322
1404
3323
1405
3324
1406
3325
1407
3326
1408
3327
1409
3328
1410
3329
1411
3330
1412
3331
1413
3332
1414
3333
1415
3334
1416
3335
1417
3336
1418
3337
1419
3338
1420
3339
1421
3340
1422
3341
1423
3342
1424
3343
1425
3344
1426
3345
1427
3346
1428
3347
1429
3348
1430
3349
1431
3350
1432
3351
1433
3352
1434
3353
1435
3354
1436
3355
1437
3356
1438
3357
1439
3358
1440
3359
1441
3360
1442
3361
1443
3362
1444
3363
1445
3364
1446
3365
1447
3366
1448
3367
1449
3368
1450
3369
1451
3370
1452
3371
1453
3372
1454
3373
1455
3374
1456
3375
1457
3376
1458
3377
1459
3378
1460
3379
1461
3380
1462
3381
1463
3382
1464
3383
1465
3384
1466
3385
1467
3386
1468
3387
1469
3388
1470
3389
1471
3390
1472
3391
1473
3392
1474
3393
1475
3394
1476
3395
1477
3396
1478
3397
1479
3398
1480
3399
1481
3400
1482
3401
1483
3402
1484
3403
1485
3404
1486
3405
1487
3406
1488
3407
1489
3408
1490
3409
1491
3410
1492
3411
1493
3412
1494
3413
1495
3414
1496
3415
1497
3416
1498
3417
1499
3418
1500
3419
1501
3420
1502
3421
1503
3422
1504
3423
1505
3424
1506
3425
1507
3426
1508
3427
1509
3428
1510
3429
1511
3430
1512
3431
1513
3432
1514
3433
1515
3434
1516
3435
1517
3436
1518
3437
1519
3438
1520
3439
1521
3440
1522
3441
1523
3442
1524
3443
1525
3444
1526
3445
1527
3446
1528
3447
1529
3448
1530
3449
1531
3450
1532
3451
1533
3452
1534
3453
1535
3454
1536
3455
1537
3456
1538
3457
1539
3458
1540
3459
1541
3460
1542
3461
1543
3462
1544
3463
1545
3464
1546
3465
1547
3466
1548
3467
1549
3468
1550
3469
1551
3470
1552
3471
1553
3472
1554
3473
1555
3474
1556
3475
1557
3476
1558
3477
1559
3478
1560
3479
1561
3480
1562
3481
1563
3482
1564
3483
1565
3484
1566
3485
1567
3486
1568
3487
1569
3488
1570
3489
1571
3490
1572
3491
1573
3492
1574
3493
1575
3494
1576
3495
1577
3496
1578
3497
1579
3498
1580
3499
1581
3500
1582
3501
1583
3502
1584
3503
1585
3504
1586
3505
1587
3506
1588
3507
1589
3508
1590
3509
1591
3510
1592
3511
1593
3512
1594
3513
1595
3514
1596
3515
1597
3516
1598
3517
1599
3518
1600
3519
1601
3520
1602
3521
1603
3522
1604
3523
1605
3524
1606
3525
1607
3526
1608
3527
1609
3528
1610
3529
1611
3530
1612
3531
1613
3532
1614
3533
1615
3534
1616
3535
1617
3536
1618
3537
1619
3538
1620
3539
1621
3540
1622
3541
1623
3542
1624
3543
1625
3544
1626
3545
1627
3546
1628
3547
1629
3548
1630
3549
1631
3550
1632
3551
1633
3552
1634
3553
1635
3554
1636
3555
1637
3556
1638
3557
1639
3558
1640
3559
1641
3560
1642
3561
1643
3562
1644
3563
1645
3564
1646
3565
1647
3566
1648
3567
1649
3568
1650
3569
1651
3570
1652
3571
1653
3572
1654
3573
1655
3574
1656
3575
1657
3576
1658
3577
1659
3578
1660
3579
1661
3580
1662
3581
1663
3582
1664
3583
1665
3584
1666
3585
1667
3586
1668
3587
1669
3588
1670
3589
1671
3590
1672
3591
1673
3592
1674
3593
1675
3594
1676
3595
1677
3596
1678
3597
1679
3598
1680
3599
1681
3600
1682
3601
1683
3602
1684
3603
1685
3604
1686
3605
1687
3606
1688
3607
1689
3608
1690
3609
1691
3610
1692
3611
1693
3612
1694
3613
1695
3614
1696
3615
1697
3616
1698
3617
1699
3618
1700
3619
1701
3620
1702
3621
1703
3622
1704
3623
1705
3624
1706
3625
1707
3626
1708
3627
1709
3628
1710
3629
1711
3630
1712
3631
1713
3632
1714
3633
1715
3634
1716
3635
1717
3636
1718
3637
1719
3638
1720
3639
1721
3640
1722
3641
1723
3642
1724
3643
1725
3644
1726
3645
1727
3646
1728
3647
1729
3648
1730
3649
1731
3650
1732
3651
1733
3652
1734
3653
1735
3654
1736
3655
1737
3656
1738
3657
1739
3658
1740
3659
1741
3660
1742
3661
1743
3662
1744
3663
1745
3664
1746
3665
1747
3666
1748
3667
1749
3668
1750
3669
1751
3670
1752
3671
1753
3672
1754
3673
1755
3674
1756
3675
1757
3676
1758
3677
1759
3678
1760
3679
1761
3680
1762
3681
1763
3682
1764
3683
1765
3684
1766
3685
1767
3686
1768
3687
1769
3688
1770
3689
1771
3690
1772
3691
1773
3692
1774
3693
1775
3694
1776
3695
1777
3696
1778
3697
1779
3698
1780
3699
1781
3700
1782
3701
1783
3702
1784
3703
1785
3704
1786
3705
1787
3706
1788
3707
1789
3708
1790
3709
1791
3710
1792
3711
1793
3712
1794
3713
1795
3714
1796
3715
1797
3716
1798
3717
1799
3718
1800
3719
1801
3720
1802
3721
1803
3722
1804
3723
1805
3724
1806
3725
1807
3726
1808
3727
1809
3728
1810
3729
1811
3730
1812
3731
1813
3732
1814
3733
1815
3734
1816
3735
1817
3736
1818
3737
1819
3738
1820
3739
1821
3740
1822
3741
1823
3742
1824
3743
1825
3744
1826
3745
1827
3746
1828
3747
1829
3748
1830
3749
1831
3750
1832
3751
1833
3752
1834
3753
1835
3754
1836
3755
1837
3756
1838
3757
1839
3758
1840
3759
1841
3760
1842
3761
1843
3762
1844
3763
1845
3764
1846
3765
1847
3766
1848
3767
1849
3768
1850
3769
1851
3770
1852
3771
1853
3772
1854
3773
1855
3774
1856
3775
1857
3776
1858
3777
1859
3778
1860
3779
1861
3780
1862
3781
1863
3782
1864
3783
1865
3784
1866
3785
1867
3786
1868
3787
1869
3788
1870
3789
1871
3790
1872
3791
1873
3792
1874
3793
1875
3794
1876
3795
1877
3796
1878
3797
1879
3798
1880
3799
1881
3800
1882
3801
1883
3802
1884
3803
1885
3804
1886
3805
1887
3806
1888
3807
1889
3808
1890
3809
1891
3810
1892
3811
1893
3812
1894
3813
1895
3814
1896
3815
1897
3816
1898
3817
1899
3818
1900
3819
1901
3820
1902
3821
1903
3822
1904
3823
1905
3824
1906
3825
1907
3826
1908
3827
1909
3828
1910
3829
1911
3830
1912
3831
1913
3832
1914
3833
1915
3834
1916
3835
1917
3836
1918
3837
1919
3838
3839
1921
3840
1922
3841
1923
3842
1924
3843
1925
3844
1926
3845
1927
3846
1928
3847
1929
3848
1930
3849
1931
3850
1932
3851
1933
3852
1934
3853
1935
3854
1936
3855
1937
3856
1938
3857
1939
3858
1940
3859
1941
3860
1942
3861
1943
3862
1944
3863
1945
3864
1946
3865
1947
3866
1948
3867
1949
3868
1950
3869
1951
3870
1952
3871
1953
3872
1954
3873
1955
3874
1956
3875
1957
3876
1958
3877
1959
3878
1960
3879
1961
3880
1962
3881
1963
3882
1964
3883
1965
3884
1966
3885
1967
3886
1968
3887
1969
3888
1970
3889
1971
3890
1972
3891
1973
3892
1974
3893
1975
3894
1976
3895
1977
3896
1978
3897
1979
3898
1980
3899
1981
3900
1982
3901
1983
3902
1984
3903
1985
3904
1986
3905
1987
3906
1988
3907
1989
3908
1990
3909
1991
3910
1992
3911
1993
3912
1994
3913
1995
3914
1996
3915
1997
3916
1998
3917
1999
3918
2000
3919
2001
3920
2002
3921
2003
3922
2004
3923
2005
3924
2006
3925
2007
3926
2008
3927
2009
3928
2010
3929
2011
3930
2012
3931
2013
3932
2014
3933
2015
3934
2016
3935
2017
3936
2018
3937
2019
3938
2020
3939
2021
3940
2022
3941
2023
3942
2024
3943
2025
3944
2026
3945
2027
3946
2028
3947
2029
3948
2030
3949
2031
3950
2032
3951
2033
3952
2034
3953
2035
3954
2036
3955
2037
3956
2038
3957
2039
3958
2040
3959
2041
3960
2042
3961
2043
3962
2044
3963
2045
3964
2046
3965
2047
3966
2048
3967
2049
3968
2050
3969
2051
3970
2052
3971
2053
3972
2054
3973
2055
3974
2056
3975
2057
3976
2058
3977
2059
3978
2060
3979
2061
3980
2062
3981
2063
3982
2064
3983
2065
3984
2066
3985
2067
3986
2068
3987
2069
3988
2070
3989
2071
3990
2072
3991
2073
3992
2074
3993
2075
3994
2076
3995
2077
3996
2078
3997
2079
3998
2080
3999
2081
4000
2082
4001
2083
4002
2084
4003
2085
4004
2086
4005
2087
4006
2088
4007
2089
4008
2090
4009
2091
4010
2092
4011
2093
4012
2094
4013
2095
4014
2096
4015
2097
4016
2098
4017
2099
4018
2100
4019
2101
4020
2102
4021
2103
4022
2104
4023
2105
4024
2106
4025
2107
4026
2108
4027
2109
4028
2110
4029
2111
4030
2112
4031
2113
4032
2114
4033
2115
4034
2116
4035
2117
4036
2118
4037
2119
4038
2120
4039
2121
4040
2122
4041
2123
4042
2124
4043
2125
4044
2126
4045
2127
4046
2128
4047
2129
4048
2130
4049
2131
4050
2132
4051
2133
4052
2134
4053
2135
4054
2136
4055
2137
4056
2138
4057
2139
4058
2140
4059
2141
4060
2142
4061
2143
4062
2144
4063
2145
4064
2146
4065
2147
4066
2148
4067
2149
4068
2150
4069
2151
4070
2152
4071
2153
4072
2154
4073
2155
4074
2156
4075
2157
4076
2158
4077
2159
4078
2160
4079
2161
4080
2162
4081
2163
4082
2164
4083
2165
4084
2166
4085
2167
4086
2168
4087
2169
4088
2170
4089
2171
4090
2172
4091
2173
4092
2174
4093
2175
4094
2176
4095
2177
4096
2178
4097
2179
4098
2180
4099
2181
4100
2182
4101
2183
4102
2184
4103
2185
4104
2186
4105
2187
4106
2188
4107
2189
4108
2190
4109
2191
4110
2192
4111
2193
4112
2194
4113
2195
4114
2196
4115
2197
4116
2198
4117
2199
4118
2200
4119
2201
4120
2202
4121
2203
4122
2204
4123
2205
4124
2206
4125
2207
4126
2208
4127
2209
4128
2210
4129
2211
4130
2212
4131
2213
4132
2214
4133
2215
4134
2216
4135
2217
4136
2218
4137
2219
4138
2220
4139
2221
4140
2222
4141
2223
4142
2224
4143
2225
4144
2226
4145
2227
4146
2228
4147
2229
4148
2230
4149
2231
4150
2232
4151
2233
4152
2234
4153
2235
4154
2236
4155
2237
4156
2238
4157
2239
4158
2240
4159
2241
4160
2242
4161
2243
4162
2244
4163
2245
4164
2246
4165
2247
4166
2248
4167
2249
4168
2250
4169
2251
4170
2252
4171
2253
4172
2254
4173
2255
4174
2256
4175
2257
4176
2258
4177
2259
4178
2260
4179
2261
4180
2262
4181
2263
4182
2264
4183
2265
4184
2266
4185
2267
4186
2268
4187
2269
4188
2270
4189
2271
4190
2272
4191
2273
4192
2274
4193
2275
4194
2276
4195
2277
4196
2278
4197
2279
4198
2280
4199
2281
4200
2282
4201
2283
4202
2284
4203
2285
4204
2286
4205
2287
4206
2288
4207
2289
4208
2290
4209
2291
4210
2292
4211
2293
4212
2294
4213
2295
4214
2296
4215
2297
4216
2298
4217
2299
4218
2300
4219
2301
4220
2302
4221
2303
4222
2304
4223
2305
4224
2306
4225
2307
4226
2308
4227
2309
4228
2310
4229
2311
4230
2312
4231
2313
4232
2314
4233
2315
4234
2316
4235
2317
4236
2318
4237
2319
4238
2320
4239
2321
4240
2322
4241
2323
4242
2324
4243
2325
4244
2326
4245
2327
4246
2328
4247
2329
4248
2330
4249
2331
4250
2332
4251
2333
4252
2334
4253
2335
4254
2336
4255
2337
4256
2338
4257
2339
4258
2340
4259
2341
4260
2342
4261
2343
4262
2344
4263
2345
4264
2346
4265
2347
4266
2348
4267
2349
4268
2350
4269
2351
4270
2352
4271
2353
4272
2354
4273
2355
4274
2356
4275
2357
4276
2358
4277
2359
4278
2360
4279
2361
4280
2362
4281
2363
4282
2364
4283
2365
4284
2366
4285
2367
4286
2368
4287
2369
4288
2370
4289
2371
4290
2372
4291
2373
4292
2374
4293
2375
4294
2376
4295
2377
4296
2378
4297
2379
4298
2380
4299
2381
4300
2382
4301
2383
4302
2384
4303
2385
4304
2386
4305
2387
4306
2388
4307
2389
4308
2390
4309
2391
4310
2392
4311
2393
4312
2394
4313
2395
4314
2396
4315
2397
4316
2398
4317
2399
4318
2400
4319
2401
4320
2402
4321
2403
4322
2404
4323
2405
4324
2406
4325
2407
4326
2408
4327
2409
4328
2410
4329
2411
4330
2412
4331
2413
4332
2414
4333
2415
4334
2416
4335
2417
4336
2418
4337
2419
4338
2420
4339
2421
4340
2422
4341
2423
4342
2424
4343
2425
4344
2426
4345
2427
4346
2428
4347
2429
4348
2430
4349
2431
4350
2432
4351
2433
4352
2434
4353
2435
4354
2436
4355
2437
4356
2438
4357
2439
4358
2440
4359
2441
4360
2442
4361
2443
4362
2444
4363
2445
4364
2446
4365
2447
4366
2448
4367
2449
4368
2450
4369
2451
4370
2452
4371
2453
4372
2454
4373
2455
4374
2456
4375
2457
4376
2458
4377
2459
4378
2460
4379
2461
4380
2462
4381
2463
4382
2464
4383
2465
4384
2466
4385
2467
4386
2468
4387
2469
4388
2470
4389
2471
4390
2472
4391
2473
4392
2474
4393
2475
4394
2476
4395
2477
4396
2478
4397
2479
4398
2480
4399
2481
4400
2482
4401
2483
4402
2484
4403
2485
4404
2486
4405
2487
4406
2488
4407
2489
4408
2490
4409
2491
4410
2492
4411
2493
4412
2494
4413
2495
4414
2496
4415
2497
4416
2498
4417
2499
4418
2500
4419
2501
4420
2502
4421
2503
4422
2504
4423
2505
4424
2506
4425
2507
4426
2508
4427
2509
4428
2510
4429
2511
4430
2512
4431
2513
4432
2514
4433
2515
4434
2516
4435
2517
4436
2518
4437
2519
4438
2520
4439
2521
4440
2522
4441
2523
4442
2524
4443
2525
4444
2526
4445
2527
4446
2528
4447
2529
4448
2530
4449
2531
4450
2532
4451
2533
4452
2534
4453
2535
4454
2536
4455
2537
4456
2538
4457
2539
4458
2540
4459
2541
4460
2542
4461
2543
4462
2544
4463
2545
4464
2546
4465
2547
4466
2548
4467
2549
4468
2550
4469
2551
4470
2552
4471
2553
4472
2554
4473
2555
4474
2556
4475
2557
4476
2558
4477
2559
4478
2560
4479
2561
4480
2562
4481
2563
4482
2564
4483
2565
4484
2566
4485
2567
4486
2568
4487
2569
4488
2570
4489
2571
4490
2572
4491
2573
4492
2574
4493
2575
4494
2576
4495
2577
4496
2578
4497
2579
4498
2580
4499
2581
4500
2582
4501
2583
4502
2584
4503
2585
4504
2586
4505
2587
4506
2588
4507
2589
4508
2590
4509
2591
4510
2592
4511
2593
4512
2594
4513
2595
4514
2596
4515
2597
4516
2598
4517
2599
4518
2600
4519
2601
4520
2602
4521
2603
4522
2604
4523
2605
4524
2606
4525
2607
4526
2608
4527
2609
4528
2610
4529
2611
4530
2612
4531
2613
4532
2614
4533
2615
4534
2616
4535
2617
4536
2618
4537
2619
4538
2620
4539
2621
4540
2622
4541
2623
4542
2624
4543
2625
4544
2626
4545
2627
4546
2628
4547
2629
4548
2630
4549
2631
4550
2632
4551
2633
4552
2634
4553
2635
4554
2636
4555
2637
4556
2638
4557
2639
4558
2640
4559
2641
4560
2642
4561
2643
4562
2644
4563
2645
4564
2646
4565
2647
4566
2648
4567
2649
4568
2650
4569
2651
4570
2652
4571
2653
4572
2654
4573
2655
4574
2656
4575
2657
4576
2658
4577
2659
4578
2660
4579
2661
4580
2662
4581
2663
4582
2664
4583
2665
4584
2666
4585
2667
4586
2668
4587
2669
4588
2670
4589
2671
4590
2672
4591
2673
4592
2674
4593
2675
4594
2676
4595
2677
4596
2678
4597
2679
4598
2680
4599
2681
4600
2682
4601
2683
4602
2684
4603
2685
4604
2686
4605
2687
4606
2688
4607
2689
4608
2690
4609
2691
4610
2692
4611
2693
4612
2694
4613
2695
4614
2696
4615
2697
4616
2698
4617
2699
4618
2700
4619
2701
4620
2702
4621
2703
4622
2704
4623
2705
4624
2706
4625
2707
4626
2708
4627
2709
4628
2710
4629
2711
4630
2712
4631
2713
4632
2714
4633
2715
4634
2716
4635
2717
4636
2718
4637
2719
4638
2720
4639
2721
4640
2722
4641
2723
4642
2724
4643
2725
4644
2726
4645
2727
4646
2728
4647
2729
4648
2730
4649
2731
4650
2732
4651
2733
4652
2734
4653
2735
4654
2736
4655
2737
4656
2738
4657
2739
4658
2740
4659
2741
4660
2742
4661
2743
4662
2744
4663
2745
4664
2746
4665
2747
4666
2748
4667
2749
4668
2750
4669
2751
4670
2752
4671
2753
4672
2754
4673
2755
4674
2756
4675
2757
4676
2758
4677
2759
4678
2760
4679
2761
4680
2762
4681
2763
4682
2764
4683
2765
4684
2766
4685
2767
4686
2768
4687
2769
4688
2770
4689
2771
4690
2772
4691
2773
4692
2774
4693
2775
4694
2776
4695
2777
4696
2778
4697
2779
4698
2780
4699
2781
4700
2782
4701
2783
4702
2784
4703
2785
4704
2786
4705
2787
4706
2788
4707
2789
4708
2790
4709
2791
4710
2792
4711
2793
4712
2794
4713
2795
4714
2796
4715
2797
4716
2798
4717
2799
4718
2800
4719
2801
4720
2802
4721
2803
4722
2804
4723
2805
4724
2806
4725
2807
4726
2808
4727
2809
4728
2810
4729
2811
4730
2812
4731
2813
4732
2814
4733
2815
4734
2816
4735
2817
4736
2818
4737
2819
4738
2820
4739
2821
4740
2822
4741
2823
4742
2824
4743
2825
4744
2826
4745
2827
4746
2828
4747
2829
4748
2830
4749
2831
4750
2832
4751
2833
4752
2834
4753
2835
4754
2836
4755
2837
4756
2838
4757
2839
4758
2840
4759
2841
4760
2842
4761
2843
4762
2844
4763
2845
4764
2846
4765
2847
4766
2848
4767
2849
4768
2850
4769
2851
4770
2852
4771
2853
4772
2854
4773
2855
4774
2856
4775
2857
4776
2858
4777
2859
4778
2860
4779
2861
4780
2862
4781
2863
4782
2864
4783
2865
4784
2866
4785
2867
4786
2868
4787
2869
4788
2870
4789
2871
4790
2872
4791
2873
4792
2874
4793
2875
4794
2876
4795
2877
4796
2878
4797
2879
4798
2880
4799
2881
4800
2882
4801
2883
4802
2884
4803
2885
4804
2886
4805
2887
4806
2888
4807
2889
4808
2890
4809
2891
4810
2892
4811
2893
4812
2894
4813
2895
4814
2896
4815
2897
4816
2898
4817
2899
4818
2900
4819
2901
4820
2902
4821
2903
4822
2904
4823
2905
4824
2906
4825
2907
4826
2908
4827
2909
4828
2910
4829
2911
4830
2912
4831
2913
4832
2914
4833
2915
4834
2916
4835
2917
4836
2918
4837
2919
4838
2920
4839
2921
4840
2922
4841
2923
4842
2924
4843
2925
4844
2926
4845
2927
4846
2928
4847
2929
4848
2930
4849
2931
4850
2932
4851
2933
4852
2934
4853
2935
4854
2936
4855
2937
4856
2938
4857
2939
4858
2940
4859
2941
4860
2942
4861
2943
4862
2944
4863
2945
4864
2946
4865
2947
4866
2948
4867
2949
4868
2950
4869
2951
4870
2952
4871
2953
4872
2954
4873
2955
4874
2956
4875
2957
4876
2958
4877
2959
4878
2960
4879
2961
4880
2962
4881
2963
4882
2964
4883
2965
4884
2966
4885
2967
4886
2968
4887
2969
4888
2970
4889
2971
4890
2972
4891
2973
4892
2974
4893
2975
4894
2976
4895
2977
4896
2978
4897
2979
4898
2980
4899
2981
4900
2982
4901
2983
4902
2984
4903
2985
4904
2986
4905
2987
4906
2988
4907
2989
4908
2990
4909
2991
4910
2992
4911
2993
4912
2994
4913
2995
4914
2996
4915
2997
4916
2998
4917
2999
4918
3000
4919
3001
4920
3002
4921
3003
4922
3004
4923
3005
4924
3006
4925
3007
4926
3008
4927
3009
4928
3010
4929
3011
4930
3012
4931
3013
4932
3014
4933
3015
4934
3016
4935
3017
4936
3018
4937
3019
4938
3020
4939
3021
4940
3022
4941
3023
4942
3024
4943
3025
4944
3026
4945
3027
4946
3028
4947
3029
4948
3030
4949
3031
4950
3032
4951
3033
4952
3034
4953
3035
4954
3036
4955
3037
4956
3038
4957
3039
4958
3040
4959
3041
4960
3042
4961
3043
4962
3044
4963
3045
4964
3046
4965
3047
4966
3048
4967
3049
4968
3050
4969
3051
4970
3052
4971
3053
4972
3054
4973
3055
4974
3056
4975
3057
4976
3058
4977
3059
4978
3060
4979
3061
4980
3062
4981
3063
4982
3064
4983
3065
4984
3066
4985
3067
4986
3068
4987
3069
4988
3070
4989
3071
4990
3072
4991
3073
4992
3074
4993
3075
4994
3076
4995
3077
4996
3078
4997
3079
4998
3080
4999
3081
5000
3082
5001
3083
5002
3084
5003
3085
5004
3086
5005
3087
5006
3088
5007
3089
5008
3090
5009
3091
5010
3092
5011
3093
5012
3094
5013
3095
5014
3096
5015
3097
5016
3098
5017
3099
5018
3100
5019
3101
5020
3102
5021
3103
5022
3104
5023
3105
5024
3106
5025
3107
5026
3108
5027
3109
5028
3110
5029
3111
5030
3112
5031
3113
5032
3114
5033
3115
5034
3116
5035
3117
5036
3118
5037
3119
5038
3120
5039
3121
5040
3122
5041
3123
5042
3124
5043
3125
5044
3126
5045
3127
5046
3128
5047
3129
5048
3130
5049
3131
5050
3132
5051
3133
5052
3134
5053
3135
5054
3136
5055
3137
5056
3138
5057
3139
5058
3140
5059
3141
5060
3142
5061
3143
5062
3144
5063
3145
5064
3146
5065
3147
5066
3148
5067
3149
5068
3150
5069
3151
5070
3152
5071
3153
5072
3154
5073
3155
5074
3156
5075
3157
5076
3158
5077
3159
5078
3160
5079
3161
5080
3162
5081
3163
5082
3164
5083
3165
5084
3166
5085
3167
5086
3168
5087
3169
5088
3170
5089
3171
5090
3172
5091
3173
5092
3174
5093
3175
5094
3176
5095
3177
5096
3178
5097
3179
5098
3180
5099
3181
5100
3182
5101
3183
5102
3184
5103
3185
5104
3186
5105
3187
5106
3188
5107
3189
5108
3190
5109
3191
5110
3192
5111
3193
5112
3194
5113
3195
5114
3196
5115
3197
5116
3198
5117
3199
5118
3200
5119
3201
5120
3202
5121
3203
5122
3204
5123
3205
5124
3206
5125
3207
5126
3208
5127
3209
5128
3210
5129
3211
5130
3212
5131
3213
5132
3214
5133
3215
5134
3216
5135
3217
5136
3218
5137
3219
5138
3220
5139
3221
5140
3222
5141
3223
5142
3224
5143
3225
5144
3226
5145
3227
5146
3228
5147
3229
5148
3230
5149
3231
5150
3232
5151
3233
5152
3234
5153
3235
5154
3236
5155
3237
5156
3238
5157
3239
5158
3240
5159
3241
5160
3242
5161
3243
5162
3244
5163
3245
5164
3246
5165
3247
5166
3248
5167
3249
5168
3250
5169
3251
5170
3252
5171
3253
5172
3254
5173
3255
5174
3256
5175
3257
5176
3258
5177
3259
5178
3260
5179
3261
5180
3262
5181
3263
5182
3264
5183
3265
5184
3266
5185
3267
5186
3268
5187
3269
5188
3270
5189
3271
5190
3272
5191
3273
5192
3274
5193
3275
5194
3276
5195
3277
5196
3278
5197
3279
5198
3280
5199
3281
5200
3282
5201
3283
5202
3284
5203
3285
5204
3286
5205
3287
5206
3288
5207
3289
5208
3290
5209
3291
5210
3292
5211
3293
5212
3294
5213
3295
5214
3296
5215
3297
5216
3298
5217
3299
5218
3300
5219
3301
5220
3302
5221
3303
5222
3304
5223
3305
5224
3306
5225
3307
5226
3308
5227
3309
5228
3310
5229
3311
5230
3312
5231
3313
5232
3314
5233
3315
5234
3316
5235
3317
5236
3318
5237
3319
5238
3320
5239
3321
5240
3322
5241
3323
5242
3324
5243
3325
5244
3326
5245
3327
5246
3328
5247
3329
5248
3330
5249
3331
5250
3332
5251
3333
5252
3334
5253
3335
5254
3336
5255
3337
5256
3338
5257
3339
5258
3340
5259
3341
5260
3342
5261
3343
5262
3344
5263
3345
5264
3346
5265
3347
5266
3348
5267
3349
5268
3350
5269
3351
5270
3352
5271
3353
5272
3354
5273
3355
5274
3356
5275
3357
5276
3358
5277
3359
5278
3360
5279
3361
5280
3362
5281
3363
5282
3364
5283
3365
5284
3366
5285
3367
5286
3368
5287
3369
5288
3370
5289
3371
5290
3372
5291
3373
5292
3374
5293
3375
5294
3376
5295
3377
5296
3378
5297
3379
5298
3380
5299
3381
5300
3382
5301
3383
5302
3384
5303
3385
5304
3386
5305
3387
5306
3388
5307
3389
5308
3390
5309
3391
5310
3392
5311
3393
5312
3394
5313
3395
5314
3396
5315
3397
5316
3398
5317
3399
5318
3400
5319
3401
5320
3402
5321
3403
5322
3404
5323
3405
5324
3406
5325
3407
5326
3408
5327
3409
5328
3410
5329
3411
5330
3412
5331
3413
5332
3414
5333
3415
5334
3416
5335
3417
5336
3418
5337
3419
5338
3420
5339
3421
5340
3422
5341
3423
5342
3424
5343
3425
5344
3426
5345
3427
5346
3428
5347
3429
5348
3430
5349
3431
5350
3432
5351
3433
5352
3434
5353
3435
5354
3436
5355
3437
5356
3438
5357
3439
5358
3440
5359
3441
5360
3442
5361
3443
5362
3444
5363
3445
5364
3446
5365
3447
5366
3448
5367
3449
5368
3450
5369
3451
5370
3452
5371
3453
5372
3454
5373
3455
5374
3456
5375
3457
5376
3458
5377
3459
5378
3460
5379
3461
5380
3462
5381
3463
5382
3464
5383
3465
5384
3466
5385
3467
5386
3468
5387
3469
5388
3470
5389
3471
5390
3472
5391
3473
5392
3474
5393
3475
5394
3476
5395
3477
5396
3478
5397
3479
5398
3480
5399
3481
5400
3482
5401
3483
5402
3484
5403
3485
5404
3486
5405
3487
5406
3488
5407
3489
5408
3490
5409
3491
5410
3492
5411
3493
5412
3494
5413
3495
5414
3496
5415
3497
5416
3498
5417
3499
5418
3500
5419
3501
5420
3502
5421
3503
5422
3504
5423
3505
5424
3506
5425
3507
5426
3508
5427
3509
5428
3510
5429
3511
5430
3512
5431
3513
5432
3514
5433
3515
5434
3516
5435
3517
5436
3518
5437
3519
5438
3520
5439
3521
5440
3522
5441
3523
5442
3524
5443
3525
5444
3526
5445
3527
5446
3528
5447
3529
5448
3530
5449
3531
5450
3532
5451
3533
5452
3534
5453
3535
5454
3536
5455
3537
5456
3538
5457
3539
5458
3540
5459
3541
5460
3542
5461
3543
5462
3544
5463
3545
5464
3546
5465
3547
5466
3548
5467
3549
5468
3550
5469
3551
5470
3552
5471
3553
5472
3554
5473
3555
5474
3556
5475
3557
5476
3558
5477
3559
5478
3560
5479
3561
5480
3562
5481
3563
5482
3564
5483
3565
5484
3566
5485
3567
5486
3568
5487
3569
5488
3570
5489
3571
5490
3572
5491
3573
5492
3574
5493
3575
5494
3576
5495
3577
5496
3578
5497
3579
5498
3580
5499
3581
5500
3582
5501
3583
5502
3584
5503
3585
5504
3586
5505
3587
5506
3588
5507
3589
5508
3590
5509
3591
5510
3592
5511
3593
5512
3594
5513
3595
5514
3596
5515
3597
5516
3598
5517
3599
5518
3600
5519
3601
5520
3602
5521
3603
5522
3604
5523
3605
5524
3606
5525
3607
5526
3608
5527
3609
5528
3610
5529
3611
5530
3612
5531
3613
5532
3614
5533
3615
5534
3616
5535
3617
5536
3618
5537
3619
5538
3620
5539
3621
5540
3622
5541
3623
5542
3624
5543
3625
5544
3626
5545
3627
5546
3628
5547
3629
5548
3630
5549
3631
5550
3632
5551
3633
5552
3634
5553
3635
5554
3636
5555
3637
5556
3638
5557
3639
5558
3640
5559
3641
5560
3642
5561
3643
5562
3644
5563
3645
5564
3646
5565
3647
5566
3648
5567
3649
5568
3650
5569
3651
5570
3652
5571
3653
5572
3654
5573
3655
5574
3656
5575
3657
5576
3658
5577
3659
5578
3660
5579
3661
5580
3662
5581
3663
5582
3664
5583
3665
5584
3666
5585
3667
5586
3668
5587
3669
5588
3670
5589
3671
5590
3672
5591
3673
5592
3674
5593
3675
5594
3676
5595
3677
5596
3678
5597
3679
5598
3680
5599
3681
5600
3682
5601
3683
5602
3684
5603
3685
5604
3686
5605
3687
5606
3688
5607
3689
5608
3690
5609
3691
5610
3692
5611
3693
5612
3694
5613
3695
5614
3696
5615
3697
5616
3698
5617
3699
5618
3700
5619
3701
5620
3702
5621
3703
5622
3704
5623
3705
5624
3706
5625
3707
5626
3708
5627
3709
5628
3710
5629
3711
5630
3712
5631
3713
5632
3714
5633
3715
5634
3716
5635
3717
5636
3718
5637
3719
5638
3720
5639
3721
5640
3722
5641
3723
5642
3724
5643
3725
5644
3726
5645
3727
5646
3728
5647
3729
5648
3730
5649
3731
5650
3732
5651
3733
5652
3734
5653
3735
5654
3736
5655
3737
5656
3738
5657
3739
5658
3740
5659
3741
5660
3742
5661
3743
5662
3744
5663
3745
5664
3746
5665
3747
5666
3748
5667
3749
5668
3750
5669
3751
5670
3752
5671
3753
5672
3754
5673
3755
5674
3756
5675
3757
5676
3758
5677
3759
5678
3760
5679
3761
5680
3762
5681
3763
5682
3764
5683
3765
5684
3766
5685
3767
5686
3768
5687
3769
5688
3770
5689
3771
5690
3772
5691
3773
5692
3774
5693
3775
5694
3776
5695
3777
5696
3778
5697
3779
5698
3780
5699
3781
5700
3782
5701
3783
5702
3784
5703
3785
5704
3786
5705
3787
5706
3788
5707
3789
5708
3790
5709
3791
5710
3792
5711
3793
5712
3794
5713
3795
5714
3796
5715
3797
5716
3798
5717
3799
5718
3800
5719
3801
5720
3802
5721
3803
5722
3804
5723
3805
5724
3806
5725
3807
5726
3808
5727
3809
5728
3810
5729
3811
5730
3812
5731
3813
5732
3814
5733
3815
5734
3816
5735
3817
5736
3818
5737
3819
5738
3820
5739
3821
5740
3822
5741
3823
5742
3824
5743
3825
5744
3826
5745
3827
5746
3828
5747
3829
5748
3830
5749
3831
5750
3832
5751
3833
5752
3834
5753
3835
5754
3836
5755
3837
5756
3838
5757
3839
5758
5759
3841
5760
3842
5761
3843
5762
3844
5763
3845
5764
3846
5765
3847
5766
3848
5767
3849
5768
3850
5769
3851
5770
3852
5771
3853
5772
3854
5773
3855
5774
3856
5775
3857
5776
3858
5777
3859
5778
3860
5779
3861
5780
3862
5781
3863
5782
3864
5783
3865
5784
3866
5785
3867
5786
3868
5787
3869
5788
3870
5789
3871
5790
3872
5791
3873
5792
3874
5793
3875
5794
3876
5795
3877
5796
3878
5797
3879
5798
3880
5799
3881
5800
3882
5801
3883
5802
3884
5803
3885
5804
3886
5805
3887
5806
3888
5807
3889
5808
3890
5809
3891
5810
3892
5811
3893
5812
3894
5813
3895
5814
3896
5815
3897
5816
3898
5817
3899
5818
3900
5819
3901
5820
3902
5821
3903
5822
3904
5823
3905
5824
3906
5825
3907
5826
3908
5827
3909
5828
3910
5829
3911
5830
3912
5831
3913
5832
3914
5833
3915
5834
3916
5835
3917
5836
3918
5837
3919
5838
3920
5839
3921
5840
3922
5841
3923
5842
3924
5843
3925
5844
3926
5845
3927
5846
3928
5847
3929
5848
3930
5849
3931
5850
3932
5851
3933
5852
3934
5853
3935
5854
3936
5855
3937
5856
3938
5857
3939
5858
3940
5859
3941
5860
3942
5861
3943
5862
3944
5863
3945
5864
3946
5865
3947
5866
3948
5867
3949
5868
3950
5869
3951
5870
3952
5871
3953
5872
3954
5873
3955
5874
3956
5875
3957
5876
3958
5877
3959
5878
3960
5879
3961
5880
3962
5881
3963
5882
3964
5883
3965
5884
3966
5885
3967
5886
3968
5887
3969
5888
3970
5889
3971
5890
3972
5891
3973
5892
3974
5893
3975
5894
3976
5895
3977
5896
3978
5897
3979
5898
3980
5899
3981
5900
3982
5901
3983
5902
3984
5903
3985
5904
3986
5905
3987
5906
3988
5907
3989
5908
3990
5909
3991
5910
3992
5911
3993
5912
3994
5913
3995
5914
3996
5915
3997
5916
3998
5917
3999
5918
4000
5919
4001
5920
4002
5921
4003
5922
4004
5923
4005
5924
4006
5925
4007
5926
4008
5927
4009
5928
4010
5929
4011
5930
4012
5931
4013
5932
4014
5933
4015
5934
4016
5935
4017
5936
4018
5937
4019
5938
4020
5939
4021
5940
4022
5941
4023
5942
4024
5943
4025
5944
4026
5945
4027
5946
4028
5947
4029
5948
4030
5949
4031
5950
4032
5951
4033
5952
4034
5953
4035
5954
4036
5955
4037
5956
4038
5957
4039
5958
4040
5959
4041
5960
4042
5961
4043
5962
4044
5963
4045
5964
4046
5965
4047
5966
4048
5967
4049
5968
4050
5969
4051
5970
4052
5971
4053
5972
4054
5973
4055
5974
4056
5975
4057
5976
4058
5977
4059
5978
4060
5979
4061
5980
4062
5981
4063
5982
4064
5983
4065
5984
4066
5985
4067
5986
4068
5987
4069
5988
4070
5989
4071
5990
4072
5991
4073
5992
4074
5993
4075
5994
4076
5995
4077
5996
4078
5997
4079
5998
4080
5999
4081
6000
4082
6001
4083
6002
4084
6003
4085
6004
4086
6005
4087
6006
4088
6007
4089
6008
4090
6009
4091
6010
4092
6011
4093
6012
4094
6013
4095
6014
4096
6015
4097
6016
4098
6017
4099
6018
4100
6019
4101
6020
4102
6021
4103
6022
4104
6023
4105
6024
4106
6025
4107
6026
4108
6027
4109
6028
4110
6029
4111
6030
4112
6031
4113
6032
4114
6033
4115
6034
4116
6035
4117
6036
4118
6037
4119
6038
4120
6039
4121
6040
4122
6041
4123
6042
4124
6043
4125
6044
4126
6045
4127
6046
4128
6047
4129
6048
4130
6049
4131
6050
4132
6051
4133
6052
4134
6053
4135
6054
4136
6055
4137
6056
4138
6057
4139
6058
4140
6059
4141
6060
4142
6061
4143
6062
4144
6063
4145
6064
4146
6065
4147
6066
4148
6067
4149
6068
4150
6069
4151
6070
4152
6071
4153
6072
4154
6073
4155
6074
4156
6075
4157
6076
4158
6077
4159
6078
4160
6079
4161
6080
4162
6081
4163
6082
4164
6083
4165
6084
4166
6085
4167
6086
4168
6087
4169
6088
4170
6089
4171
6090
4172
6091
4173
6092
4174
6093
4175
6094
4176
6095
4177
6096
4178
6097
4179
6098
4180
6099
4181
6100
4182
6101
4183
6102
4184
6103
4185
6104
4186
6105
4187
6106
4188
6107
4189
6108
4190
6109
4191
6110
4192
6111
4193
6112
4194
6113
4195
6114
4196
6115
4197
6116
4198
6117
4199
6118
4200
6119
4201
6120
4202
6121
4203
6122
4204
6123
4205
6124
4206
6125
4207
6126
4208
6127
4209
6128
4210
6129
4211
6130
4212
6131
4213
6132
4214
6133
4215
6134
4216
6135
4217
6136
4218
6137
4219
6138
4220
6139
4221
6140
4222
6141
4223
6142
4224
6143
4225
6144
4226
6145
4227
6146
4228
6147
4229
6148
4230
6149
4231
6150
4232
6151
4233
6152
4234
6153
4235
6154
4236
6155
4237
6156
4238
6157
4239
6158
4240
6159
4241
6160
4242
6161
4243
6162
4244
6163
4245
6164
4246
6165
4247
6166
4248
6167
4249
6168
4250
6169
4251
6170
4252
6171
4253
6172
4254
6173
4255
6174
4256
6175
4257
6176
4258
6177
4259
6178
4260
6179
4261
6180
4262
6181
4263
6182
4264
6183
4265
6184
4266
6185
4267
6186
4268
6187
4269
6188
4270
6189
4271
6190
4272
6191
4273
6192
4274
6193
4275
6194
4276
6195
4277
6196
4278
6197
4279
6198
4280
6199
4281
6200
4282
6201
4283
6202
4284
6203
4285
6204
4286
6205
4287
6206
4288
6207
4289
6208
4290
6209
4291
6210
4292
6211
4293
6212
4294
6213
4295
6214
4296
6215
4297
6216
4298
6217
4299
6218
4300
6219
4301
6220
4302
6221
4303
6222
4304
6223
4305
6224
4306
6225
4307
6226
4308
6227
4309
6228
4310
6229
4311
6230
4312
6231
4313
6232
4314
6233
4315
6234
4316
6235
4317
6236
4318
6237
4319
6238
4320
6239
4321
6240
4322
6241
4323
6242
4324
6243
4325
6244
4326
6245
4327
6246
4328
6247
4329
6248
4330
6249
4331
6250
4332
6251
4333
6252
4334
6253
4335
6254
4336
6255
4337
6256
4338
6257
4339
6258
4340
6259
4341
6260
4342
6261
4343
6262
4344
6263
4345
6264
4346
6265
4347
6266
4348
6267
4349
6268
4350
6269
4351
6270
4352
6271
4353
6272
4354
6273
4355
6274
4356
6275
4357
6276
4358
6277
4359
6278
4360
6279
4361
6280
4362
6281
4363
6282
4364
6283
4365
6284
4366
6285
4367
6286
4368
6287
4369
6288
4370
6289
4371
6290
4372
6291
4373
6292
4374
6293
4375
6294
4376
6295
4377
6296
4378
6297
4379
6298
4380
6299
4381
6300
4382
6301
4383
6302
4384
6303
4385
6304
4386
6305
4387
6306
4388
6307
4389
6308
4390
6309
4391
6310
4392
6311
4393
6312
4394
6313
4395
6314
4396
6315
4397
6316
4398
6317
4399
6318
4400
6319
4401
6320
4402
6321
4403
6322
4404
6323
4405
6324
4406
6325
4407
6326
4408
6327
4409
6328
4410
6329
4411
6330
4412
6331
4413
6332
4414
6333
4415
6334
4416
6335
4417
6336
4418
6337
4419
6338
4420
6339
4421
6340
4422
6341
4423
6342
4424
6343
4425
6344
4426
6345
4427
6346
4428
6347
4429
6348
4430
6349
4431
6350
4432
6351
4433
6352
4434
6353
4435
6354
4436
6355
4437
6356
4438
6357
4439
6358
4440
6359
4441
6360
4442
6361
4443
6362
4444
6363
4445
6364
4446
6365
4447
6366
4448
6367
4449
6368
4450
6369
4451
6370
4452
6371
4453
6372
4454
6373
4455
6374
4456
6375
4457
6376
4458
6377
4459
6378
4460
6379
4461
6380
4462
6381
4463
6382
4464
6383
4465
6384
4466
6385
4467
6386
4468
6387
4469
6388
4470
6389
4471
6390
4472
6391
4473
6392
4474
6393
4475
6394
4476
6395
4477
6396
4478
6397
4479
6398
4480
6399
4481
6400
4482
6401
4483
6402
4484
6403
4485
6404
4486
6405
4487
6406
4488
6407
4489
6408
4490
6409
4491
6410
4492
6411
4493
6412
4494
6413
4495
6414
4496
6415
4497
6416
4498
6417
4499
6418
4500
6419
4501
6420
4502
6421
4503
6422
4504
6423
4505
6424
4506
6425
4507
6426
4508
6427
4509
6428
4510
6429
4511
6430
4512
6431
4513
6432
4514
6433
4515
6434
4516
6435
4517
6436
4518
6437
4519
6438
4520
6439
4521
6440
4522
6441
4523
6442
4524
6443
4525
6444
4526
6445
4527
6446
4528
6447
4529
6448
4530
6449
4531
6450
4532
6451
4533
6452
4534
6453
4535
6454
4536
6455
4537
6456
4538
6457
4539
6458
4540
6459
4541
6460
4542
6461
4543
6462
4544
6463
4545
6464
4546
6465
4547
6466
4548
6467
4549
6468
4550
6469
4551
6470
4552
6471
4553
6472
4554
6473
4555
6474
4556
6475
4557
6476
4558
6477
4559
6478
4560
6479
4561
6480
4562
6481
4563
6482
4564
6483
4565
6484
4566
6485
4567
6486
4568
6487
4569
6488
4570
6489
4571
6490
4572
6491
4573
6492
4574
6493
4575
6494
4576
6495
4577
6496
4578
6497
4579
6498
4580
6499
4581
6500
4582
6501
4583
6502
4584
6503
4585
6504
4586
6505
4587
6506
4588
6507
4589
6508
4590
6509
4591
6510
4592
6511
4593
6512
4594
6513
4595
6514
4596
6515
4597
6516
4598
6517
4599
6518
4600
6519
4601
6520
4602
6521
4603
6522
4604
6523
4605
6524
4606
6525
4607
6526
4608
6527
4609
6528
4610
6529
4611
6530
4612
6531
4613
6532
4614
6533
4615
6534
4616
6535
4617
6536
4618
6537
4619
6538
4620
6539
4621
6540
4622
6541
4623
6542
4624
6543
4625
6544
4626
6545
4627
6546
4628
6547
4629
6548
4630
6549
4631
6550
4632
6551
4633
6552
4634
6553
4635
6554
4636
6555
4637
6556
4638
6557
4639
6558
4640
6559
4641
6560
4642
6561
4643
6562
4644
6563
4645
6564
4646
6565
4647
6566
4648
6567
4649
6568
4650
6569
4651
6570
4652
6571
4653
6572
4654
6573
4655
6574
4656
6575
4657
6576
4658
6577
4659
6578
4660
6579
4661
6580
4662
6581
4663
6582
4664
6583
4665
6584
4666
6585
4667
6586
4668
6587
4669
6588
4670
6589
4671
6590
4672
6591
4673
6592
4674
6593
4675
6594
4676
6595
4677
6596
4678
6597
4679
6598
4680
6599
4681
6600
4682
6601
4683
6602
4684
6603
4685
6604
4686
6605
4687
6606
4688
6607
4689
6608
4690
6609
4691
6610
4692
6611
4693
6612
4694
6613
4695
6614
4696
6615
4697
6616
4698
6617
4699
6618
4700
6619
4701
6620
4702
6621
4703
6622
4704
6623
4705
6624
4706
6625
4707
6626
4708
6627
4709
6628
4710
6629
4711
6630
4712
6631
4713
6632
4714
6633
4715
6634
4716
6635
4717
6636
4718
6637
4719
6638
4720
6639
4721
6640
4722
6641
4723
6642
4724
6643
4725
6644
4726
6645
4727
6646
4728
6647
4729
6648
4730
6649
4731
6650
4732
6651
4733
6652
4734
6653
4735
6654
4736
6655
4737
6656
4738
6657
4739
6658
4740
6659
4741
6660
4742
6661
4743
6662
4744
6663
4745
6664
4746
6665
4747
6666
4748
6667
4749
6668
4750
6669
4751
6670
4752
6671
4753
6672
4754
6673
4755
6674
4756
6675
4757
6676
4758
6677
4759
6678
4760
6679
4761
6680
4762
6681
4763
6682
4764
6683
4765
6684
4766
6685
4767
6686
4768
6687
4769
6688
4770
6689
4771
6690
4772
6691
4773
6692
4774
6693
4775
6694
4776
6695
4777
6696
4778
6697
4779
6698
4780
6699
4781
6700
4782
6701
4783
6702
4784
6703
4785
6704
4786
6705
4787
6706
4788
6707
4789
6708
4790
6709
4791
6710
4792
6711
4793
6712
4794
6713
4795
6714
4796
6715
4797
6716
4798
6717
4799
6718
4800
6719
4801
6720
4802
6721
4803
6722
4804
6723
4805
6724
4806
6725
4807
6726
4808
6727
4809
6728
4810
6729
4811
6730
4812
6731
4813
6732
4814
6733
4815
6734
4816
6735
4817
6736
4818
6737
4819
6738
4820
6739
4821
6740
4822
6741
4823
6742
4824
6743
4825
6744
4826
6745
4827
6746
4828
6747
4829
6748
4830
6749
4831
6750
4832
6751
4833
6752
4834
6753
4835
6754
4836
6755
4837
6756
4838
6757
4839
6758
4840
6759
4841
6760
4842
6761
4843
6762
4844
6763
4845
6764
4846
6765
4847
6766
4848
6767
4849
6768
4850
6769
4851
6770
4852
6771
4853
6772
4854
6773
4855
6774
4856
6775
4857
6776
4858
6777
4859
6778
4860
6779
4861
6780
4862
6781
4863
6782
4864
6783
4865
6784
4866
6785
4867
6786
4868
6787
4869
6788
4870
6789
4871
6790
4872
6791
4873
6792
4874
6793
4875
6794
4876
6795
4877
6796
4878
6797
4879
6798
4880
6799
4881
6800
4882
6801
4883
6802
4884
6803
4885
6804
4886
6805
4887
6806
4888
6807
4889
6808
4890
6809
4891
6810
4892
6811
4893
6812
4894
6813
4895
6814
4896
6815
4897
6816
4898
6817
4899
6818
4900
6819
4901
6820
4902
6821
4903
6822
4904
6823
4905
6824
4906
6825
4907
6826
4908
6827
4909
6828
4910
6829
4911
6830
4912
6831
4913
6832
4914
6833
4915
6834
4916
6835
4917
6836
4918
6837
4919
6838
4920
6839
4921
6840
4922
6841
4923
6842
4924
6843
4925
6844
4926
6845
4927
6846
4928
6847
4929
6848
4930
6849
4931
6850
4932
6851
4933
6852
4934
6853
4935
6854
4936
6855
4937
6856
4938
6857
4939
6858
4940
6859
4941
6860
4942
6861
4943
6862
4944
6863
4945
6864
4946
6865
4947
6866
4948
6867
4949
6868
4950
6869
4951
6870
4952
6871
4953
6872
4954
6873
4955
6874
4956
6875
4957
6876
4958
6877
4959
6878
4960
6879
4961
6880
4962
6881
4963
6882
4964
6883
4965
6884
4966
6885
4967
6886
4968
6887
4969
6888
4970
6889
4971
6890
4972
6891
4973
6892
4974
6893
4975
6894
4976
6895
4977
6896
4978
6897
4979
6898
4980
6899
4981
6900
4982
6901
4983
6902
4984
6903
4985
6904
4986
6905
4987
6906
4988
6907
4989
6908
4990
6909
4991
6910
4992
6911
4993
6912
4994
6913
4995
6914
4996
6915
4997
6916
4998
6917
4999
6918
5000
6919
5001
6920
5002
6921
5003
6922
5004
6923
5005
6924
5006
6925
5007
6926
5008
6927
5009
6928
5010
6929
5011
6930
5012
6931
5013
6932
5014
6933
5015
6934
5016
6935
5017
6936
5018
6937
5019
6938
5020
6939
5021
6940
5022
6941
5023
6942
5024
6943
5025
6944
5026
6945
5027
6946
5028
6947
5029
6948
5030
6949
5031
6950
5032
6951
5033
6952
5034
6953
5035
6954
5036
6955
5037
6956
5038
6957
5039
6958
5040
6959
5041
6960
5042
6961
5043
6962
5044
6963
5045
6964
5046
6965
5047
6966
5048
6967
5049
6968
5050
6969
5051
6970
5052
6971
5053
6972
5054
6973
5055
6974
5056
6975
5057
6976
5058
6977
5059
6978
5060
6979
5061
6980
5062
6981
5063
6982
5064
6983
5065
6984
5066
6985
5067
6986
5068
6987
5069
6988
5070
6989
5071
6990
5072
6991
5073
6992
5074
6993
5075
6994
5076
6995
5077
6996
5078
6997
5079
6998
5080
6999
5081
7000
5082
7001
5083
7002
5084
7003
5085
7004
5086
7005
5087
7006
5088
7007
5089
7008
5090
7009
5091
7010
5092
7011
5093
7012
5094
7013
5095
7014
5096
7015
5097
7016
5098
7017
5099
7018
5100
7019
5101
7020
5102
7021
5103
7022
5104
7023
5105
7024
5106
7025
5107
7026
5108
7027
5109
7028
5110
7029
5111
7030
5112
7031
5113
7032
5114
7033
5115
7034
5116
7035
5117
7036
5118
7037
5119
7038
5120
7039
5121
7040
5122
7041
5123
7042
5124
7043
5125
7044
5126
7045
5127
7046
5128
7047
5129
7048
5130
7049
5131
7050
5132
7051
5133
7052
5134
7053
5135
7054
5136
7055
5137
7056
5138
7057
5139
7058
5140
7059
5141
7060
5142
7061
5143
7062
5144
7063
5145
7064
5146
7065
5147
7066
5148
7067
5149
7068
5150
7069
5151
7070
5152
7071
5153
7072
5154
7073
5155
7074
5156
7075
5157
7076
5158
7077
5159
7078
5160
7079
5161
7080
5162
7081
5163
7082
5164
7083
5165
7084
5166
7085
5167
7086
5168
7087
5169
7088
5170
7089
5171
7090
5172
7091
5173
7092
5174
7093
5175
7094
5176
7095
5177
7096
5178
7097
5179
7098
5180
7099
5181
7100
5182
7101
5183
7102
5184
7103
5185
7104
5186
7105
5187
7106
5188
7107
5189
7108
5190
7109
5191
7110
5192
7111
5193
7112
5194
7113
5195
7114
5196
7115
5197
7116
5198
7117
5199
7118
5200
7119
5201
7120
5202
7121
5203
7122
5204
7123
5205
7124
5206
7125
5207
7126
5208
7127
5209
7128
5210
7129
5211
7130
5212
7131
5213
7132
5214
7133
5215
7134
5216
7135
5217
7136
5218
7137
5219
7138
5220
7139
5221
7140
5222
7141
5223
7142
5224
7143
5225
7144
5226
7145
5227
7146
5228
7147
5229
7148
5230
7149
5231
7150
5232
7151
5233
7152
5234
7153
5235
7154
5236
7155
5237
7156
5238
7157
5239
7158
5240
7159
5241
7160
5242
7161
5243
7162
5244
7163
5245
7164
5246
7165
5247
7166
5248
7167
5249
7168
5250
7169
5251
7170
5252
7171
5253
7172
5254
7173
5255
7174
5256
7175
5257
7176
5258
7177
5259
7178
5260
7179
5261
7180
5262
7181
5263
7182
5264
7183
5265
7184
5266
7185
5267
7186
5268
7187
5269
7188
5270
7189
5271
7190
5272
7191
5273
7192
5274
7193
5275
7194
5276
7195
5277
7196
5278
7197
5279
7198
5280
7199
5281
7200
5282
7201
5283
7202
5284
7203
5285
7204
5286
7205
5287
7206
5288
7207
5289
7208
5290
7209
5291
7210
5292
7211
5293
7212
5294
7213
5295
7214
5296
7215
5297
7216
5298
7217
5299
7218
5300
7219
5301
7220
5302
7221
5303
7222
5304
7223
5305
7224
5306
7225
5307
7226
5308
7227
5309
7228
5310
7229
5311
7230
5312
7231
5313
7232
5314
7233
5315
7234
5316
7235
5317
7236
5318
7237
5319
7238
5320
7239
5321
7240
5322
7241
5323
7242
5324
7243
5325
7244
5326
7245
5327
7246
5328
7247
5329
7248
5330
7249
5331
7250
5332
7251
5333
7252
5334
7253
5335
7254
5336
7255
5337
7256
5338
7257
5339
7258
5340
7259
5341
7260
5342
7261
5343
7262
5344
7263
5345
7264
5346
7265
5347
7266
5348
7267
5349
7268
5350
7269
5351
7270
5352
7271
5353
7272
5354
7273
5355
7274
5356
7275
5357
7276
5358
7277
5359
7278
5360
7279
5361
7280
5362
7281
5363
7282
5364
7283
5365
7284
5366
7285
5367
7286
5368
7287
5369
7288
5370
7289
5371
7290
5372
7291
5373
7292
5374
7293
5375
7294
5376
7295
5377
7296
5378
7297
5379
7298
5380
7299
5381
7300
5382
7301
5383
7302
5384
7303
5385
7304
5386
7305
5387
7306
5388
7307
5389
7308
5390
7309
5391
7310
5392
7311
5393
7312
5394
7313
5395
7314
5396
7315
5397
7316
5398
7317
5399
7318
5400
7319
5401
7320
5402
7321
5403
7322
5404
7323
5405
7324
5406
7325
5407
7326
5408
7327
5409
7328
5410
7329
5411
7330
5412
7331
5413
7332
5414
7333
5415
7334
5416
7335
5417
7336
5418
7337
5419
7338
5420
7339
5421
7340
5422
7341
5423
7342
5424
7343
5425
7344
5426
7345
5427
7346
5428
7347
5429
7348
5430
7349
5431
7350
5432
7351
5433
7352
5434
7353
5435
7354
5436
7355
5437
7356
5438
7357
5439
7358
5440
7359
5441
7360
5442
7361
5443
7362
5444
7363
5445
7364
5446
7365
5447
7366
5448
7367
5449
7368
5450
7369
5451
7370
5452
7371
5453
7372
5454
7373
5455
7374
5456
7375
5457
7376
5458
7377
5459
7378
5460
7379
5461
7380
5462
7381
5463
7382
5464
7383
5465
7384
5466
7385
5467
7386
5468
7387
5469
7388
5470
7389
5471
7390
5472
7391
5473
7392
5474
7393
5475
7394
5476
7395
5477
7396
5478
7397
5479
7398
5480
7399
5481
7400
5482
7401
5483
7402
5484
7403
5485
7404
5486
7405
5487
7406
5488
7407
5489
7408
5490
7409
5491
7410
5492
7411
5493
7412
5494
7413
5495
7414
5496
7415
5497
7416
5498
7417
5499
7418
5500
7419
5501
7420
5502
7421
5503
7422
5504
7423
5505
7424
5506
7425
5507
7426
5508
7427
5509
7428
5510
7429
5511
7430
5512
7431
5513
7432
5514
7433
5515
7434
5516
7435
5517
7436
5518
7437
5519
7438
5520
7439
5521
7440
5522
7441
5523
7442
5524
7443
5525
7444
5526
7445
5527
7446
5528
7447
5529
7448
5530
7449
5531
7450
5532
7451
5533
7452
5534
7453
5535
7454
5536
7455
5537
7456
5538
7457
5539
7458
5540
7459
5541
7460
5542
7461
5543
7462
5544
7463
5545
7464
5546
7465
5547
7466
5548
7467
5549
7468
5550
7469
5551
7470
5552
7471
5553
7472
5554
7473
5555
7474
5556
7475
5557
7476
5558
7477
5559
7478
5560
7479
5561
7480
5562
7481
5563
7482
5564
7483
5565
7484
5566
7485
5567
7486
5568
7487
5569
7488
5570
7489
5571
7490
5572
7491
5573
7492
5574
7493
5575
7494
5576
7495
5577
7496
5578
7497
5579
7498
5580
7499
5581
7500
5582
7501
5583
7502
5584
7503
5585
7504
5586
7505
5587
7506
5588
7507
5589
7508
5590
7509
5591
7510
5592
7511
5593
7512
5594
7513
5595
7514
5596
7515
5597
7516
5598
7517
5599
7518
5600
7519
5601
7520
5602
7521
5603
7522
5604
7523
5605
7524
5606
7525
5607
7526
5608
7527
5609
7528
5610
7529
5611
7530
5612
7531
5613
7532
5614
7533
5615
7534
5616
7535
5617
7536
5618
7537
5619
7538
5620
7539
5621
7540
5622
7541
5623
7542
5624
7543
5625
7544
5626
7545
5627
7546
5628
7547
5629
7548
5630
7549
5631
7550
5632
7551
5633
7552
5634
7553
5635
7554
5636
7555
5637
7556
5638
7557
5639
7558
5640
7559
5641
7560
5642
7561
5643
7562
5644
7563
5645
7564
5646
7565
5647
7566
5648
7567
5649
7568
5650
7569
5651
7570
5652
7571
5653
7572
5654
7573
5655
7574
5656
7575
5657
7576
5658
7577
5659
7578
5660
7579
5661
7580
5662
7581
5663
7582
5664
7583
5665
7584
5666
7585
5667
7586
5668
7587
5669
7588
5670
7589
5671
7590
5672
7591
5673
7592
5674
7593
5675
7594
5676
7595
5677
7596
5678
7597
5679
7598
5680
7599
5681
7600
5682
7601
5683
7602
5684
7603
5685
7604
5686
7605
5687
7606
5688
7607
5689
7608
5690
7609
5691
7610
5692
7611
5693
7612
5694
7613
5695
7614
5696
7615
5697
7616
5698
7617
5699
7618
5700
7619
5701
7620
5702
7621
5703
7622
5704
7623
5705
7624
5706
7625
5707
7626
5708
7627
5709
7628
5710
7629
5711
7630
5712
7631
5713
7632
5714
7633
5715
7634
5716
7635
5717
7636
5718
7637
5719
7638
5720
7639
5721
7640
5722
7641
5723
7642
5724
7643
5725
7644
5726
7645
5727
7646
5728
7647
5729
7648
5730
7649
5731
7650
5732
7651
5733
7652
5734
7653
5735
7654
5736
7655
5737
7656
5738
7657
5739
7658
5740
7659
5741
7660
5742
7661
5743
7662
5744
7663
5745
7664
5746
7665
5747
7666
5748
7667
5749
7668
5750
7669
5751
7670
5752
7671
5753
7672
5754
7673
5755
7674
5756
7675
5757
7676
5758
7677
5759
7678
7679
5761
7680
5762
7681
5763
7682
5764
7683
5765
7684
5766
7685
5767
7686
5768
7687
5769
7688
5770
7689
5771
7690
5772
7691
5773
7692
5774
7693
5775
7694
5776
7695
5777
7696
5778
7697
5779
7698
5780
7699
5781
7700
5782
7701
5783
7702
5784
7703
5785
7704
5786
7705
5787
7706
5788
7707
5789
7708
5790
7709
5791
7710
5792
7711
5793
7712
5794
7713
5795
7714
5796
7715
5797
7716
5798
7717
5799
7718
5800
7719
5801
7720
5802
7721
5803
7722
5804
7723
5805
7724
5806
7725
5807
7726
5808
7727
5809
7728
5810
7729
5811
7730
5812
7731
5813
7732
5814
7733
5815
7734
5816
7735
5817
7736
5818
7737
5819
7738
5820
7739
5821
7740
5822
7741
5823
7742
5824
7743
5825
7744
5826
7745
5827
7746
5828
7747
5829
7748
5830
7749
5831
7750
5832
7751
5833
7752
5834
7753
5835
7754
5836
7755
5837
7756
5838
7757
5839
7758
5840
7759
5841
7760
5842
7761
5843
7762
5844
7763
5845
7764
5846
7765
5847
7766
5848
7767
5849
7768
5850
7769
5851
7770
5852
7771
5853
7772
5854
7773
5855
7774
5856
7775
5857
7776
5858
7777
5859
7778
5860
7779
5861
7780
5862
7781
5863
7782
5864
7783
5865
7784
5866
7785
5867
7786
5868
7787
5869
7788
5870
7789
5871
7790
5872
7791
5873
7792
5874
7793
5875
7794
5876
7795
5877
7796
5878
7797
5879
7798
5880
7799
5881
7800
5882
7801
5883
7802
5884
7803
5885
7804
5886
7805
5887
7806
5888
7807
5889
7808
5890
7809
5891
7810
5892
7811
5893
7812
5894
7813
5895
7814
5896
7815
5897
7816
5898
7817
5899
7818
5900
7819
5901
7820
5902
7821
5903
7822
5904
7823
5905
7824
5906
7825
5907
7826
5908
7827
5909
7828
5910
7829
5911
7830
5912
7831
5913
7832
5914
7833
5915
7834
5916
7835
5917
7836
5918
7837
5919
7838
5920
7839
5921
7840
5922
7841
5923
7842
5924
7843
5925
7844
5926
7845
5927
7846
5928
7847
5929
7848
5930
7849
5931
7850
5932
7851
5933
7852
5934
7853
5935
7854
5936
7855
5937
7856
5938
7857
5939
7858
5940
7859
5941
7860
5942
7861
5943
7862
5944
7863
5945
7864
5946
7865
5947
7866
5948
7867
5949
7868
5950
7869
5951
7870
5952
7871
5953
7872
5954
7873
5955
7874
5956
7875
5957
7876
5958
7877
5959
7878
5960
7879
5961
7880
5962
7881
5963
7882
5964
7883
5965
7884
5966
7885
5967
7886
5968
7887
5969
7888
5970
7889
5971
7890
5972
7891
5973
7892
5974
7893
5975
7894
5976
7895
5977
7896
5978
7897
5979
7898
5980
7899
5981
7900
5982
7901
5983
7902
5984
7903
5985
7904
5986
7905
5987
7906
5988
7907
5989
7908
5990
7909
5991
7910
5992
7911
5993
7912
5994
7913
5995
7914
5996
7915
5997
7916
5998
7917
5999
7918
6000
7919
6001
7920
6002
7921
6003
7922
6004
7923
6005
7924
6006
7925
6007
7926
6008
7927
6009
7928
6010
7929
6011
7930
6012
7931
6013
7932
6014
7933
6015
7934
6016
7935
6017
7936
6018
7937
6019
7938
6020
7939
6021
7940
6022
7941
6023
7942
6024
7943
6025
7944
6026
7945
6027
7946
6028
7947
6029
7948
6030
7949
6031
7950
6032
7951
6033
7952
6034
7953
6035
7954
6036
7955
6037
7956
6038
7957
6039
7958
6040
7959
6041
7960
6042
7961
6043
7962
6044
7963
6045
7964
6046
7965
6047
7966
6048
7967
6049
7968
6050
7969
6051
7970
6052
7971
6053
7972
6054
7973
6055
7974
6056
7975
6057
7976
6058
7977
6059
7978
6060
7979
6061
7980
6062
7981
6063
7982
6064
7983
6065
7984
6066
7985
6067
7986
6068
7987
6069
7988
6070
7989
6071
7990
6072
7991
6073
7992
6074
7993
6075
7994
6076
7995
6077
7996
6078
7997
6079
7998
6080
7999
6081
8000
6082
8001
6083
8002
6084
8003
6085
8004
6086
8005
6087
8006
6088
8007
6089
8008
6090
8009
6091
8010
6092
8011
6093
8012
6094
8013
6095
8014
6096
8015
6097
8016
6098
8017
6099
8018
6100
8019
6101
8020
6102
8021
6103
8022
6104
8023
6105
8024
6106
8025
6107
8026
6108
8027
6109
8028
6110
8029
6111
8030
6112
8031
6113
8032
6114
8033
6115
8034
6116
8035
6117
8036
6118
8037
6119
8038
6120
8039
6121
8040
6122
8041
6123
8042
6124
8043
6125
8044
6126
8045
6127
8046
6128
8047
6129
8048
6130
8049
6131
8050
6132
8051
6133
8052
6134
8053
6135
8054
6136
8055
6137
8056
6138
8057
6139
8058
6140
8059
6141
8060
6142
8061
6143
8062
6144
8063
6145
8064
6146
8065
6147
8066
6148
8067
6149
8068
6150
8069
6151
8070
6152
8071
6153
8072
6154
8073
6155
8074
6156
8075
6157
8076
6158
8077
6159
8078
6160
8079
6161
8080
6162
8081
6163
8082
6164
8083
6165
8084
6166
8085
6167
8086
6168
8087
6169
8088
6170
8089
6171
8090
6172
8091
6173
8092
6174
8093
6175
8094
6176
8095
6177
8096
6178
8097
6179
8098
6180
8099
6181
8100
6182
8101
6183
8102
6184
8103
6185
8104
6186
8105
6187
8106
6188
8107
6189
8108
6190
8109
6191
8110
6192
8111
6193
8112
6194
8113
6195
8114
6196
8115
6197
8116
6198
8117
6199
8118
6200
8119
6201
8120
6202
8121
6203
8122
6204
8123
6205
8124
6206
8125
6207
8126
6208
8127
6209
8128
6210
8129
6211
8130
6212
8131
6213
8132
6214
8133
6215
8134
6216
8135
6217
8136
6218
8137
6219
8138
6220
8139
6221
8140
6222
8141
6223
8142
6224
8143
6225
8144
6226
8145
6227
8146
6228
8147
6229
8148
6230
8149
6231
8150
6232
8151
6233
8152
6234
8153
6235
8154
6236
8155
6237
8156
6238
8157
6239
8158
6240
8159
6241
8160
6242
8161
6243
8162
6244
8163
6245
8164
6246
8165
6247
8166
6248
8167
6249
8168
6250
8169
6251
8170
6252
8171
6253
8172
6254
8173
6255
8174
6256
8175
6257
8176
6258
8177
6259
8178
6260
8179
6261
8180
6262
8181
6263
8182
6264
8183
6265
8184
6266
8185
6267
8186
6268
8187
6269
8188
6270
8189
6271
8190
6272
8191
6273
8192
6274
8193
6275
8194
6276
8195
6277
8196
6278
8197
6279
8198
6280
8199
6281
8200
6282
8201
6283
8202
6284
8203
6285
8204
6286
8205
6287
8206
6288
8207
6289
8208
6290
8209
6291
8210
6292
8211
6293
8212
6294
8213
6295
8214
6296
8215
6297
8216
6298
8217
6299
8218
6300
8219
6301
8220
6302
8221
6303
8222
6304
8223
6305
8224
6306
8225
6307
8226
6308
8227
6309
8228
6310
8229
6311
8230
6312
8231
6313
8232
6314
8233
6315
8234
6316
8235
6317
8236
6318
8237
6319
8238
6320
8239
6321
8240
6322
8241
6323
8242
6324
8243
6325
8244
6326
8245
6327
8246
6328
8247
6329
8248
6330
8249
6331
8250
6332
8251
6333
8252
6334
8253
6335
8254
6336
8255
6337
8256
6338
8257
6339
8258
6340
8259
6341
8260
6342
8261
6343
8262
6344
8263
6345
8264
6346
8265
6347
8266
6348
8267
6349
8268
6350
8269
6351
8270
6352
8271
6353
8272
6354
8273
6355
8274
6356
8275
6357
8276
6358
8277
6359
8278
6360
8279
6361
8280
6362
8281
6363
8282
6364
8283
6365
8284
6366
8285
6367
8286
6368
8287
6369
8288
6370
8289
6371
8290
6372
8291
6373
8292
6374
8293
6375
8294
6376
8295
6377
8296
6378
8297
6379
8298
6380
8299
6381
8300
6382
8301
6383
8302
6384
8303
6385
8304
6386
8305
6387
8306
6388
8307
6389
8308
6390
8309
6391
8310
6392
8311
6393
8312
6394
8313
6395
8314
6396
8315
6397
8316
6398
8317
6399
8318
6400
8319
6401
8320
6402
8321
6403
8322
6404
8323
6405
8324
6406
8325
6407
8326
6408
8327
6409
8328
6410
8329
6411
8330
6412
8331
6413
8332
6414
8333
6415
8334
6416
8335
6417
8336
6418
8337
6419
8338
6420
8339
6421
8340
6422
8341
6423
8342
6424
8343
6425
8344
6426
8345
6427
8346
6428
8347
6429
8348
6430
8349
6431
8350
6432
8351
6433
8352
6434
8353
6435
8354
6436
8355
6437
8356
6438
8357
6439
8358
6440
8359
6441
8360
6442
8361
6443
8362
6444
8363
6445
8364
6446
8365
6447
8366
6448
8367
6449
8368
6450
8369
6451
8370
6452
8371
6453
8372
6454
8373
6455
8374
6456
8375
6457
8376
6458
8377
6459
8378
6460
8379
6461
8380
6462
8381
6463
8382
6464
8383
6465
8384
6466
8385
6467
8386
6468
8387
6469
8388
6470
8389
6471
8390
6472
8391
6473
8392
6474
8393
6475
8394
6476
8395
6477
8396
6478
8397
6479
8398
6480
8399
6481
8400
6482
8401
6483
8402
6484
8403
6485
8404
6486
8405
6487
8406
6488
8407
6489
8408
6490
8409
6491
8410
6492
8411
6493
8412
6494
8413
6495
8414
6496
8415
6497
8416
6498
8417
6499
8418
6500
8419
6501
8420
6502
8421
6503
8422
6504
8423
6505
8424
6506
8425
6507
8426
6508
8427
6509
8428
6510
8429
6511
8430
6512
8431
6513
8432
6514
8433
6515
8434
6516
8435
6517
8436
6518
8437
6519
8438
6520
8439
6521
8440
6522
8441
6523
8442
6524
8443
6525
8444
6526
8445
6527
8446
6528
8447
6529
8448
6530
8449
6531
8450
6532
8451
6533
8452
6534
8453
6535
8454
6536
8455
6537
8456
6538
8457
6539
8458
6540
8459
6541
8460
6542
8461
6543
8462
6544
8463
6545
8464
6546
8465
6547
8466
6548
8467
6549
8468
6550
8469
6551
8470
6552
8471
6553
8472
6554
8473
6555
8474
6556
8475
6557
8476
6558
8477
6559
8478
6560
8479
6561
8480
6562
8481
6563
8482
6564
8483
6565
8484
6566
8485
6567
8486
6568
8487
6569
8488
6570
8489
6571
8490
6572
8491
6573
8492
6574
8493
6575
8494
6576
8495
6577
8496
6578
8497
6579
8498
6580
8499
6581
8500
6582
8501
6583
8502
6584
8503
6585
8504
6586
8505
6587
8506
6588
8507
6589
8508
6590
8509
6591
8510
6592
8511
6593
8512
6594
8513
6595
8514
6596
8515
6597
8516
6598
8517
6599
8518
6600
8519
6601
8520
6602
8521
6603
8522
6604
8523
6605
8524
6606
8525
6607
8526
6608
8527
6609
8528
6610
8529
6611
8530
6612
8531
6613
8532
6614
8533
6615
8534
6616
8535
6617
8536
6618
8537
6619
8538
6620
8539
6621
8540
6622
8541
6623
8542
6624
8543
6625
8544
6626
8545
6627
8546
6628
8547
6629
8548
6630
8549
6631
8550
6632
8551
6633
8552
6634
8553
6635
8554
6636
8555
6637
8556
6638
8557
6639
8558
6640
8559
6641
8560
6642
8561
6643
8562
6644
8563
6645
8564
6646
8565
6647
8566
6648
8567
6649
8568
6650
8569
6651
8570
6652
8571
6653
8572
6654
8573
6655
8574
6656
8575
6657
8576
6658
8577
6659
8578
6660
8579
6661
8580
6662
8581
6663
8582
6664
8583
6665
8584
6666
8585
6667
8586
6668
8587
6669
8588
6670
8589
6671
8590
6672
8591
6673
8592
6674
8593
6675
8594
6676
8595
6677
8596
6678
8597
6679
8598
6680
8599
6681
8600
6682
8601
6683
8602
6684
8603
6685
8604
6686
8605
6687
8606
6688
8607
6689
8608
6690
8609
6691
8610
6692
8611
6693
8612
6694
8613
6695
8614
6696
8615
6697
8616
6698
8617
6699
8618
6700
8619
6701
8620
6702
8621
6703
8622
6704
8623
6705
8624
6706
8625
6707
8626
6708
8627
6709
8628
6710
8629
6711
8630
6712
8631
6713
8632
6714
8633
6715
8634
6716
8635
6717
8636
6718
8637
6719
8638
6720
8639
6721
8640
6722
8641
6723
8642
6724
8643
6725
8644
6726
8645
6727
8646
6728
8647
6729
8648
6730
8649
6731
8650
6732
8651
6733
8652
6734
8653
6735
8654
6736
8655
6737
8656
6738
8657
6739
8658
6740
8659
6741
8660
6742
8661
6743
8662
6744
8663
6745
8664
6746
8665
6747
8666
6748
8667
6749
8668
6750
8669
6751
8670
6752
8671
6753
8672
6754
8673
6755
8674
6756
8675
6757
8676
6758
8677
6759
8678
6760
8679
6761
8680
6762
8681
6763
8682
6764
8683
6765
8684
6766
8685
6767
8686
6768
8687
6769
8688
6770
8689
6771
8690
6772
8691
6773
8692
6774
8693
6775
8694
6776
8695
6777
8696
6778
8697
6779
8698
6780
8699
6781
8700
6782
8701
6783
8702
6784
8703
6785
8704
6786
8705
6787
8706
6788
8707
6789
8708
6790
8709
6791
8710
6792
8711
6793
8712
6794
8713
6795
8714
6796
8715
6797
8716
6798
8717
6799
8718
6800
8719
6801
8720
6802
8721
6803
8722
6804
8723
6805
8724
6806
8725
6807
8726
6808
8727
6809
8728
6810
8729
6811
8730
6812
8731
6813
8732
6814
8733
6815
8734
6816
8735
6817
8736
6818
8737
6819
8738
6820
8739
6821
8740
6822
8741
6823
8742
6824
8743
6825
8744
6826
8745
6827
8746
6828
8747
6829
8748
6830
8749
6831
8750
6832
8751
6833
8752
6834
8753
6835
8754
6836
8755
6837
8756
6838
8757
6839
8758
6840
8759
6841
8760
6842
8761
6843
8762
6844
8763
6845
8764
6846
8765
6847
8766
6848
8767
6849
8768
6850
8769
6851
8770
6852
8771
6853
8772
6854
8773
6855
8774
6856
8775
6857
8776
6858
8777
6859
8778
6860
8779
6861
8780
6862
8781
6863
8782
6864
8783
6865
8784
6866
8785
6867
8786
6868
8787
6869
8788
6870
8789
6871
8790
6872
8791
6873
8792
6874
8793
6875
8794
6876
8795
6877
8796
6878
8797
6879
8798
6880
8799
6881
8800
6882
8801
6883
8802
6884
8803
6885
8804
6886
8805
6887
8806
6888
8807
6889
8808
6890
8809
6891
8810
6892
8811
6893
8812
6894
8813
6895
8814
6896
8815
6897
8816
6898
8817
6899
8818
6900
8819
6901
8820
6902
8821
6903
8822
6904
8823
6905
8824
6906
8825
6907
8826
6908
8827
6909
8828
6910
8829
6911
8830
6912
8831
6913
8832
6914
8833
6915
8834
6916
8835
6917
8836
6918
8837
6919
8838
6920
8839
6921
8840
6922
8841
6923
8842
6924
8843
6925
8844
6926
8845
6927
8846
6928
8847
6929
8848
6930
8849
6931
8850
6932
8851
6933
8852
6934
8853
6935
8854
6936
8855
6937
8856
6938
8857
6939
8858
6940
8859
6941
8860
6942
8861
6943
8862
6944
8863
6945
8864
6946
8865
6947
8866
6948
8867
6949
8868
6950
8869
6951
8870
6952
8871
6953
8872
6954
8873
6955
8874
6956
8875
6957
8876
6958
8877
6959
8878
6960
8879
6961
8880
6962
8881
6963
8882
6964
8883
6965
8884
6966
8885
6967
8886
6968
8887
6969
8888
6970
8889
6971
8890
6972
8891
6973
8892
6974
8893
6975
8894
6976
8895
6977
8896
6978
8897
6979
8898
6980
8899
6981
8900
6982
8901
6983
8902
6984
8903
6985
8904
6986
8905
6987
8906
6988
8907
6989
8908
6990
8909
6991
8910
6992
8911
6993
8912
6994
8913
6995
8914
6996
8915
6997
8916
6998
8917
6999
8918
7000
8919
7001
8920
7002
8921
7003
8922
7004
8923
7005
8924
7006
8925
7007
8926
7008
8927
7009
8928
7010
8929
7011
8930
7012
8931
7013
8932
7014
8933
7015
8934
7016
8935
7017
8936
7018
8937
7019
8938
7020
8939
7021
8940
7022
8941
7023
8942
7024
8943
7025
8944
7026
8945
7027
8946
7028
8947
7029
8948
7030
8949
7031
8950
7032
8951
7033
8952
7034
8953
7035
8954
7036
8955
7037
8956
7038
8957
7039
8958
7040
8959
7041
8960
7042
8961
7043
8962
7044
8963
7045
8964
7046
8965
7047
8966
7048
8967
7049
8968
7050
8969
7051
8970
7052
8971
7053
8972
7054
8973
7055
8974
7056
8975
7057
8976
7058
8977
7059
8978
7060
8979
7061
8980
7062
8981
7063
8982
7064
8983
7065
8984
7066
8985
7067
8986
7068
8987
7069
8988
7070
8989
7071
8990
7072
8991
7073
8992
7074
8993
7075
8994
7076
8995
7077
8996
7078
8997
7079
8998
7080
8999
7081
9000
7082
9001
7083
9002
7084
9003
7085
9004
7086
9005
7087
9006
7088
9007
7089
9008
7090
9009
7091
9010
7092
9011
7093
9012
7094
9013
7095
9014
7096
9015
7097
9016
7098
9017
7099
9018
7100
9019
7101
9020
7102
9021
7103
9022
7104
9023
7105
9024
7106
9025
7107
9026
7108
9027
7109
9028
7110
9029
7111
9030
7112
9031
7113
9032
7114
9033
7115
9034
7116
9035
7117
9036
7118
9037
7119
9038
7120
9039
7121
9040
7122
9041
7123
9042
7124
9043
7125
9044
7126
9045
7127
9046
7128
9047
7129
9048
7130
9049
7131
9050
7132
9051
7133
9052
7134
9053
7135
9054
7136
9055
7137
9056
7138
9057
7139
9058
7140
9059
7141
9060
7142
9061
7143
9062
7144
9063
7145
9064
7146
9065
7147
9066
7148
9067
7149
9068
7150
9069
7151
9070
7152
9071
7153
9072
7154
9073
7155
9074
7156
9075
7157
9076
7158
9077
7159
9078
7160
9079
7161
9080
7162
9081
7163
9082
7164
9083
7165
9084
7166
9085
7167
9086
7168
9087
7169
9088
7170
9089
7171
9090
7172
9091
7173
9092
7174
9093
7175
9094
7176
9095
7177
9096
7178
9097
7179
9098
7180
9099
7181
9100
7182
9101
7183
9102
7184
9103
7185
9104
7186
9105
7187
9106
7188
9107
7189
9108
7190
9109
7191
9110
7192
9111
7193
9112
7194
9113
7195
9114
7196
9115
7197
9116
7198
9117
7199
9118
7200
9119
7201
9120
7202
9121
7203
9122
7204
9123
7205
9124
7206
9125
7207
9126
7208
9127
7209
9128
7210
9129
7211
9130
7212
9131
7213
9132
7214
9133
7215
9134
7216
9135
7217
9136
7218
9137
7219
9138
7220
9139
7221
9140
7222
9141
7223
9142
7224
9143
7225
9144
7226
9145
7227
9146
7228
9147
7229
9148
7230
9149
7231
9150
7232
9151
7233
9152
7234
9153
7235
9154
7236
9155
7237
9156
7238
9157
7239
9158
7240
9159
7241
9160
7242
9161
7243
9162
7244
9163
7245
9164
7246
9165
7247
9166
7248
9167
7249
9168
7250
9169
7251
9170
7252
9171
7253
9172
7254
9173
7255
9174
7256
9175
7257
9176
7258
9177
7259
9178
7260
9179
7261
9180
7262
9181
7263
9182
7264
9183
7265
9184
7266
9185
7267
9186
7268
9187
7269
9188
7270
9189
7271
9190
7272
9191
7273
9192
7274
9193
7275
9194
7276
9195
7277
9196
7278
9197
7279
9198
7280
9199
7281
9200
7282
9201
7283
9202
7284
9203
7285
9204
7286
9205
7287
9206
7288
9207
7289
9208
7290
9209
7291
9210
7292
9211
7293
9212
7294
9213
7295
9214
7296
9215
7297
9216
7298
9217
7299
9218
7300
9219
7301
9220
7302
9221
7303
9222
7304
9223
7305
9224
7306
9225
7307
9226
7308
9227
7309
9228
7310
9229
7311
9230
7312
9231
7313
9232
7314
9233
7315
9234
7316
9235
7317
9236
7318
9237
7319
9238
7320
9239
7321
9240
7322
9241
7323
9242
7324
9243
7325
9244
7326
9245
7327
9246
7328
9247
7329
9248
7330
9249
7331
9250
7332
9251
7333
9252
7334
9253
7335
9254
7336
9255
7337
9256
7338
9257
7339
9258
7340
9259
7341
9260
7342
9261
7343
9262
7344
9263
7345
9264
7346
9265
7347
9266
7348
9267
7349
9268
7350
9269
7351
9270
7352
9271
7353
9272
7354
9273
7355
9274
7356
9275
7357
9276
7358
9277
7359
9278
7360
9279
7361
9280
7362
9281
7363
9282
7364
9283
7365
9284
7366
9285
7367
9286
7368
9287
7369
9288
7370
9289
7371
9290
7372
9291
7373
9292
7374
9293
7375
9294
7376
9295
7377
9296
7378
9297
7379
9298
7380
9299
7381
9300
7382
9301
7383
9302
7384
9303
7385
9304
7386
9305
7387
9306
7388
9307
7389
9308
7390
9309
7391
9310
7392
9311
7393
9312
7394
9313
7395
9314
7396
9315
7397
9316
7398
9317
7399
9318
7400
9319
7401
9320
7402
9321
7403
9322
7404
9323
7405
9324
7406
9325
7407
9326
7408
9327
7409
9328
7410
9329
7411
9330
7412
9331
7413
9332
7414
9333
7415
9334
7416
9335
7417
9336
7418
9337
7419
9338
7420
9339
7421
9340
7422
9341
7423
9342
7424
9343
7425
9344
7426
9345
7427
9346
7428
9347
7429
9348
7430
9349
7431
9350
7432
9351
7433
9352
7434
9353
7435
9354
7436
9355
7437
9356
7438
9357
7439
9358
7440
9359
7441
9360
7442
9361
7443
9362
7444
9363
7445
9364
7446
9365
7447
9366
7448
9367
7449
9368
7450
9369
7451
9370
7452
9371
7453
9372
7454
9373
7455
9374
7456
9375
7457
9376
7458
9377
7459
9378
7460
9379
7461
9380
7462
9381
7463
9382
7464
9383
7465
9384
7466
9385
7467
9386
7468
9387
7469
9388
7470
9389
7471
9390
7472
9391
7473
9392
7474
9393
7475
9394
7476
9395
7477
9396
7478
9397
7479
9398
7480
9399
7481
9400
7482
9401
7483
9402
7484
9403
7485
9404
7486
9405
7487
9406
7488
9407
7489
9408
7490
9409
7491
9410
7492
9411
7493
9412
7494
9413
7495
9414
7496
9415
7497
9416
7498
9417
7499
9418
7500
9419
7501
9420
7502
9421
7503
9422
7504
9423
7505
9424
7506
9425
7507
9426
7508
9427
7509
9428
7510
9429
7511
9430
7512
9431
7513
9432
7514
9433
7515
9434
7516
9435
7517
9436
7518
9437
7519
9438
7520
9439
7521
9440
7522
9441
7523
9442
7524
9443
7525
9444
7526
9445
7527
9446
7528
9447
7529
9448
7530
9449
7531
9450
7532
9451
7533
9452
7534
9453
7535
9454
7536
9455
7537
9456
7538
9457
7539
9458
7540
9459
7541
9460
7542
9461
7543
9462
7544
9463
7545
9464
7546
9465
7547
9466
7548
9467
7549
9468
7550
9469
7551
9470
7552
9471
7553
9472
7554
9473
7555
9474
7556
9475
7557
9476
7558
9477
7559
9478
7560
9479
7561
9480
7562
9481
7563
9482
7564
9483
7565
9484
7566
9485
7567
9486
7568
9487
7569
9488
7570
9489
7571
9490
7572
9491
7573
9492
7574
9493
7575
9494
7576
9495
7577
9496
7578
9497
7579
9498
7580
9499
7581
9500
7582
9501
7583
9502
7584
9503
7585
9504
7586
9505
7587
9506
7588
9507
7589
9508
7590
9509
7591
9510
7592
9511
7593
9512
7594
9513
7595
9514
7596
9515
7597
9516
7598
9517
7599
9518
7600
9519
7601
9520
7602
9521
7603
9522
7604
9523
7605
9524
7606
9525
7607
9526
7608
9527
7609
9528
7610
9529
7611
9530
7612
9531
7613
9532
7614
9533
7615
9534
7616
9535
7617
9536
7618
9537
7619
9538
7620
9539
7621
9540
7622
9541
7623
9542
7624
9543
7625
9544
7626
9545
7627
9546
7628
9547
7629
9548
7630
9549
7631
9550
7632
9551
7633
9552
7634
9553
7635
9554
7636
9555
7637
9556
7638
9557
7639
9558
7640
9559
7641
9560
7642
9561
7643
9562
7644
9563
7645
9564
7646
9565
7647
9566
7648
9567
7649
9568
7650
9569
7651
9570
7652
9571
7653
9572
7654
9573
7655
9574
7656
9575
7657
9576
7658
9577
7659
9578
7660
9579
7661
9580
7662
9581
7663
9582
7664
9583
7665
9584
7666
9585
7667
9586
7668
9587
7669
9588
7670
9589
7671
9590
7672
9591
7673
9592
7674
9593
7675
9594
7676
9595
7677
9596
7678
9597
7679
9598
9599
7681
9600
7682
9601
7683
9602
7684
9603
7685
9604
7686
9605
7687
9606
7688
9607
7689
9608
7690
9609
7691
9610
7692
9611
7693
9612
7694
9613
7695
9614
7696
9615
7697
9616
7698
9617
7699
9618
7700
9619
7701
9620
7702
9621
7703
9622
7704
9623
7705
9624
7706
9625
7707
9626
7708
9627
7709
9628
7710
9629
7711
9630
7712
9631
7713
9632
7714
9633
7715
9634
7716
9635
7717
9636
7718
9637
7719
9638
7720
9639
7721
9640
7722
9641
7723
9642
7724
9643
7725
9644
7726
9645
7727
9646
7728
9647
7729
9648
7730
9649
7731
9650
7732
9651
7733
9652
7734
9653
7735
9654
7736
9655
7737
9656
7738
9657
7739
9658
7740
9659
7741
9660
7742
9661
7743
9662
7744
9663
7745
9664
7746
9665
7747
9666
7748
9667
7749
9668
7750
9669
7751
9670
7752
9671
7753
9672
7754
9673
7755
9674
7756
9675
7757
9676
7758
9677
7759
9678
7760
9679
7761
9680
7762
9681
7763
9682
7764
9683
7765
9684
7766
9685
7767
9686
7768
9687
7769
9688
7770
9689
7771
9690
7772
9691
7773
9692
7774
9693
7775
9694
7776
9695
7777
9696
7778
9697
7779
9698
7780
9699
7781
9700
7782
9701
7783
9702
7784
9703
7785
9704
7786
9705
7787
9706
7788
9707
7789
9708
7790
9709
7791
9710
7792
9711
7793
9712
7794
9713
7795
9714
7796
9715
7797
9716
7798
9717
7799
9718
7800
9719
7801
9720
7802
9721
7803
9722
7804
9723
7805
9724
7806
9725
7807
9726
7808
9727
7809
9728
7810
9729
7811
9730
7812
9731
7813
9732
7814
9733
7815
9734
7816
9735
7817
9736
7818
9737
7819
9738
7820
9739
7821
9740
7822
9741
7823
9742
7824
9743
7825
9744
7826
9745
7827
9746
7828
9747
7829
9748
7830
9749
7831
9750
7832
9751
7833
9752
7834
9753
7835
9754
7836
9755
7837
9756
7838
9757
7839
9758
7840
9759
7841
9760
7842
9761
7843
9762
7844
9763
7845
9764
7846
9765
7847
9766
7848
9767
7849
9768
7850
9769
7851
9770
7852
9771
7853
9772
7854
9773
7855
9774
7856
9775
7857
9776
7858
9777
7859
9778
7860
9779
7861
9780
7862
9781
7863
9782
7864
9783
7865
9784
7866
9785
7867
9786
7868
9787
7869
9788
7870
9789
7871
9790
7872
9791
7873
9792
7874
9793
7875
9794
7876
9795
7877
9796
7878
9797
7879
9798
7880
9799
7881
9800
7882
9801
7883
9802
7884
9803
7885
9804
7886
9805
7887
9806
7888
9807
7889
9808
7890
9809
7891
9810
7892
9811
7893
9812
7894
9813
7895
9814
7896
9815
7897
9816
7898
9817
7899
9818
7900
9819
7901
9820
7902
9821
7903
9822
7904
9823
7905
9824
7906
9825
7907
9826
7908
9827
7909
9828
7910
9829
7911
9830
7912
9831
7913
9832
7914
9833
7915
9834
7916
9835
7917
9836
7918
9837
7919
9838
7920
9839
7921
9840
7922
9841
7923
9842
7924
9843
7925
9844
7926
9845
7927
9846
7928
9847
7929
9848
7930
9849
7931
9850
7932
9851
7933
9852
7934
9853
7935
9854
7936
9855
7937
9856
7938
9857
7939
9858
7940
9859
7941
9860
7942
9861
7943
9862
7944
9863
7945
9864
7946
9865
7947
9866
7948
9867
7949
9868
7950
9869
7951
9870
7952
9871
7953
9872
7954
9873
7955
9874
7956
9875
7957
9876
7958
9877
7959
9878
7960
9879
7961
9880
7962
9881
7963
9882
7964
9883
7965
9884
7966
9885
7967
9886
7968
9887
7969
9888
7970
9889
7971
9890
7972
9891
7973
9892
7974
9893
7975
9894
7976
9895
7977
9896
7978
9897
7979
9898
7980
9899
7981
9900
7982
9901
7983
9902
7984
9903
7985
9904
7986
9905
7987
9906
7988
9907
7989
9908
7990
9909
7991
9910
7992
9911
7993
9912
7994
9913
7995
9914
7996
9915
7997
9916
7998
9917
7999
9918
8000
9919
8001
9920
8002
9921
8003
9922
8004
9923
8005
9924
8006
9925
8007
9926
8008
9927
8009
9928
8010
9929
8011
9930
8012
9931
8013
9932
8014
9933
8015
9934
8016
9935
8017
9936
8018
9937
8019
9938
8020
9939
8021
9940
8022
9941
8023
9942
8024
9943
8025
9944
8026
9945
8027
9946
8028
9947
8029
9948
8030
9949
8031
9950
8032
9951
8033
9952
8034
9953
8035
9954
8036
9955
8037
9956
8038
9957
8039
9958
8040
9959
8041
9960
8042
9961
8043
9962
8044
9963
8045
9964
8046
9965
8047
9966
8048
9967
8049
9968
8050
9969
8051
9970
8052
9971
8053
9972
8054
9973
8055
9974
8056
9975
8057
9976
8058
9977
8059
9978
8060
9979
8061
9980
8062
9981
8063
9982
8064
9983
8065
9984
8066
9985
8067
9986
8068
9987
8069
9988
8070
9989
8071
9990
8072
9991
8073
9992
8074
9993
8075
9994
8076
9995
8077
9996
8078
9997
8079
9998
8080
9999
8081
10000
8082
10001
8083
10002
8084
10003
8085
10004
8086
10005
8087
10006
8088
10007
8089
10008
8090
10009
8091
10010
8092
10011
8093
10012
8094
10013
8095
10014
8096
10015
8097
10016
8098
10017
8099
10018
8100
10019
8101
10020
8102
10021
8103
10022
8104
10023
8105
10024
8106
10025
8107
10026
8108
10027
8109
10028
8110
10029
8111
10030
8112
10031
8113
10032
8114
10033
8115
10034
8116
10035
8117
10036
8118
10037
8119
10038
8120
10039
8121
10040
8122
10041
8123
10042
8124
10043
8125
10044
8126
10045
8127
10046
8128
10047
8129
10048
8130
10049
8131
10050
8132
10051
8133
10052
8134
10053
8135
10054
8136
10055
8137
10056
8138
10057
8139
10058
8140
10059
8141
10060
8142
10061
8143
10062
8144
10063
8145
10064
8146
10065
8147
10066
8148
10067
8149
10068
8150
10069
8151
10070
8152
10071
8153
10072
8154
10073
8155
10074
8156
10075
8157
10076
8158
10077
8159
10078
8160
10079
8161
10080
8162
10081
8163
10082
8164
10083
8165
10084
8166
10085
8167
10086
8168
10087
8169
10088
8170
10089
8171
10090
8172
10091
8173
10092
8174
10093
8175
10094
8176
10095
8177
10096
8178
10097
8179
10098
8180
10099
8181
10100
8182
10101
8183
10102
8184
10103
8185
10104
8186
10105
8187
10106
8188
10107
8189
10108
8190
10109
8191
10110
8192
10111
8193
10112
8194
10113
8195
10114
8196
10115
8197
10116
8198
10117
8199
10118
8200
10119
8201
10120
8202
10121
8203
10122
8204
10123
8205
10124
8206
10125
8207
10126
8208
10127
8209
10128
8210
10129
8211
10130
8212
10131
8213
10132
8214
10133
8215
10134
8216
10135
8217
10136
8218
10137
8219
10138
8220
10139
8221
10140
8222
10141
8223
10142
8224
10143
8225
10144
8226
10145
8227
10146
8228
10147
8229
10148
8230
10149
8231
10150
8232
10151
8233
10152
8234
10153
8235
10154
8236
10155
8237
10156
8238
10157
8239
10158
8240
10159
8241
10160
8242
10161
8243
10162
8244
10163
8245
10164
8246
10165
8247
10166
8248
10167
8249
10168
8250
10169
8251
10170
8252
10171
8253
10172
8254
10173
8255
10174
8256
10175
8257
10176
8258
10177
8259
10178
8260
10179
8261
10180
8262
10181
8263
10182
8264
10183
8265
10184
8266
10185
8267
10186
8268
10187
8269
10188
8270
10189
8271
10190
8272
10191
8273
10192
8274
10193
8275
10194
8276
10195
8277
10196
8278
10197
8279
10198
8280
10199
8281
10200
8282
10201
8283
10202
8284
10203
8285
10204
8286
10205
8287
10206
8288
10207
8289
10208
8290
10209
8291
10210
8292
10211
8293
10212
8294
10213
8295
10214
8296
10215
8297
10216
8298
10217
8299
10218
8300
10219
8301
10220
8302
10221
8303
10222
8304
10223
8305
10224
8306
10225
8307
10226
8308
10227
8309
10228
8310
10229
8311
10230
8312
10231
8313
10232
8314
10233
8315
10234
8316
10235
8317
10236
8318
10237
8319
10238
8320
10239
8321
10240
8322
10241
8323
10242
8324
10243
8325
10244
8326
10245
8327
10246
8328
10247
8329
10248
8330
10249
8331
10250
8332
10251
8333
10252
8334
10253
8335
10254
8336
10255
8337
10256
8338
10257
8339
10258
8340
10259
8341
10260
8342
10261
8343
10262
8344
10263
8345
10264
8346
10265
8347
10266
8348
10267
8349
10268
8350
10269
8351
10270
8352
10271
8353
10272
8354
10273
8355
10274
8356
10275
8357
10276
8358
10277
8359
10278
8360
10279
8361
10280
8362
10281
8363
10282
8364
10283
8365
10284
8366
10285
8367
10286
8368
10287
8369
10288
8370
10289
8371
10290
8372
10291
8373
10292
8374
10293
8375
10294
8376
10295
8377
10296
8378
10297
8379
10298
8380
10299
8381
10300
8382
10301
8383
10302
8384
10303
8385
10304
8386
10305
8387
10306
8388
10307
8389
10308
8390
10309
8391
10310
8392
10311
8393
10312
8394
10313
8395
10314
8396
10315
8397
10316
8398
10317
8399
10318
8400
10319
8401
10320
8402
10321
8403
10322
8404
10323
8405
10324
8406
10325
8407
10326
8408
10327
8409
10328
8410
10329
8411
10330
8412
10331
8413
10332
8414
10333
8415
10334
8416
10335
8417
10336
8418
10337
8419
10338
8420
10339
8421
10340
8422
10341
8423
10342
8424
10343
8425
10344
8426
10345
8427
10346
8428
10347
8429
10348
8430
10349
8431
10350
8432
10351
8433
10352
8434
10353
8435
10354
8436
10355
8437
10356
8438
10357
8439
10358
8440
10359
8441
10360
8442
10361
8443
10362
8444
10363
8445
10364
8446
10365
8447
10366
8448
10367
8449
10368
8450
10369
8451
10370
8452
10371
8453
10372
8454
10373
8455
10374
8456
10375
8457
10376
8458
10377
8459
10378
8460
10379
8461
10380
8462
10381
8463
10382
8464
10383
8465
10384
8466
10385
8467
10386
8468
10387
8469
10388
8470
10389
8471
10390
8472
10391
8473
10392
8474
10393
8475
10394
8476
10395
8477
10396
8478
10397
8479
10398
8480
10399
8481
10400
8482
10401
8483
10402
8484
10403
8485
10404
8486
10405
8487
10406
8488
10407
8489
10408
8490
10409
8491
10410
8492
10411
8493
10412
8494
10413
8495
10414
8496
10415
8497
10416
8498
10417
8499
10418
8500
10419
8501
10420
8502
10421
8503
10422
8504
10423
8505
10424
8506
10425
8507
10426
8508
10427
8509
10428
8510
10429
8511
10430
8512
10431
8513
10432
8514
10433
8515
10434
8516
10435
8517
10436
8518
10437
8519
10438
8520
10439
8521
10440
8522
10441
8523
10442
8524
10443
8525
10444
8526
10445
8527
10446
8528
10447
8529
10448
8530
10449
8531
10450
8532
10451
8533
10452
8534
10453
8535
10454
8536
10455
8537
10456
8538
10457
8539
10458
8540
10459
8541
10460
8542
10461
8543
10462
8544
10463
8545
10464
8546
10465
8547
10466
8548
10467
8549
10468
8550
10469
8551
10470
8552
10471
8553
10472
8554
10473
8555
10474
8556
10475
8557
10476
8558
10477
8559
10478
8560
10479
8561
10480
8562
10481
8563
10482
8564
10483
8565
10484
8566
10485
8567
10486
8568
10487
8569
10488
8570
10489
8571
10490
8572
10491
8573
10492
8574
10493
8575
10494
8576
10495
8577
10496
8578
10497
8579
10498
8580
10499
8581
10500
8582
10501
8583
10502
8584
10503
8585
10504
8586
10505
8587
10506
8588
10507
8589
10508
8590
10509
8591
10510
8592
10511
8593
10512
8594
10513
8595
10514
8596
10515
8597
10516
8598
10517
8599
10518
8600
10519
8601
10520
8602
10521
8603
10522
8604
10523
8605
10524
8606
10525
8607
10526
8608
10527
8609
10528
8610
10529
8611
10530
8612
10531
8613
10532
8614
10533
8615
10534
8616
10535
8617
10536
8618
10537
8619
10538
8620
10539
8621
10540
8622
10541
8623
10542
8624
10543
8625
10544
8626
10545
8627
10546
8628
10547
8629
10548
8630
10549
8631
10550
8632
10551
8633
10552
8634
10553
8635
10554
8636
10555
8637
10556
8638
10557
8639
10558
8640
10559
8641
10560
8642
10561
8643
10562
8644
10563
8645
10564
8646
10565
8647
10566
8648
10567
8649
10568
8650
10569
8651
10570
8652
10571
8653
10572
8654
10573
8655
10574
8656
10575
8657
10576
8658
10577
8659
10578
8660
10579
8661
10580
8662
10581
8663
10582
8664
10583
8665
10584
8666
10585
8667
10586
8668
10587
8669
10588
8670
10589
8671
10590
8672
10591
8673
10592
8674
10593
8675
10594
8676
10595
8677
10596
8678
10597
8679
10598
8680
10599
8681
10600
8682
10601
8683
10602
8684
10603
8685
10604
8686
10605
8687
10606
8688
10607
8689
10608
8690
10609
8691
10610
8692
10611
8693
10612
8694
10613
8695
10614
8696
10615
8697
10616
8698
10617
8699
10618
8700
10619
8701
10620
8702
10621
8703
10622
8704
10623
8705
10624
8706
10625
8707
10626
8708
10627
8709
10628
8710
10629
8711
10630
8712
10631
8713
10632
8714
10633
8715
10634
8716
10635
8717
10636
8718
10637
8719
10638
8720
10639
8721
10640
8722
10641
8723
10642
8724
10643
8725
10644
8726
10645
8727
10646
8728
10647
8729
10648
8730
10649
8731
10650
8732
10651
8733
10652
8734
10653
8735
10654
8736
10655
8737
10656
8738
10657
8739
10658
8740
10659
8741
10660
8742
10661
8743
10662
8744
10663
8745
10664
8746
10665
8747
10666
8748
10667
8749
10668
8750
10669
8751
10670
8752
10671
8753
10672
8754
10673
8755
10674
8756
10675
8757
10676
8758
10677
8759
10678
8760
10679
8761
10680
8762
10681
8763
10682
8764
10683
8765
10684
8766
10685
8767
10686
8768
10687
8769
10688
8770
10689
8771
10690
8772
10691
8773
10692
8774
10693
8775
10694
8776
10695
8777
10696
8778
10697
8779
10698
8780
10699
8781
10700
8782
10701
8783
10702
8784
10703
8785
10704
8786
10705
8787
10706
8788
10707
8789
10708
8790
10709
8791
10710
8792
10711
8793
10712
8794
10713
8795
10714
8796
10715
8797
10716
8798
10717
8799
10718
8800
10719
8801
10720
8802
10721
8803
10722
8804
10723
8805
10724
8806
10725
8807
10726
8808
10727
8809
10728
8810
10729
8811
10730
8812
10731
8813
10732
8814
10733
8815
10734
8816
10735
8817
10736
8818
10737
8819
10738
8820
10739
8821
10740
8822
10741
8823
10742
8824
10743
8825
10744
8826
10745
8827
10746
8828
10747
8829
10748
8830
10749
8831
10750
8832
10751
8833
10752
8834
10753
8835
10754
8836
10755
8837
10756
8838
10757
8839
10758
8840
10759
8841
10760
8842
10761
8843
10762
8844
10763
8845
10764
8846
10765
8847
10766
8848
10767
8849
10768
8850
10769
8851
10770
8852
10771
8853
10772
8854
10773
8855
10774
8856
10775
8857
10776
8858
10777
8859
10778
8860
10779
8861
10780
8862
10781
8863
10782
8864
10783
8865
10784
8866
10785
8867
10786
8868
10787
8869
10788
8870
10789
8871
10790
8872
10791
8873
10792
8874
10793
8875
10794
8876
10795
8877
10796
8878
10797
8879
10798
8880
10799
8881
10800
8882
10801
8883
10802
8884
10803
8885
10804
8886
10805
8887
10806
8888
10807
8889
10808
8890
10809
8891
10810
8892
10811
8893
10812
8894
10813
8895
10814
8896
10815
8897
10816
8898
10817
8899
10818
8900
10819
8901
10820
8902
10821
8903
10822
8904
10823
8905
10824
8906
10825
8907
10826
8908
10827
8909
10828
8910
10829
8911
10830
8912
10831
8913
10832
8914
10833
8915
10834
8916
10835
8917
10836
8918
10837
8919
10838
8920
10839
8921
10840
8922
10841
8923
10842
8924
10843
8925
10844
8926
10845
8927
10846
8928
10847
8929
10848
8930
10849
8931
10850
8932
10851
8933
10852
8934
10853
8935
10854
8936
10855
8937
10856
8938
10857
8939
10858
8940
10859
8941
10860
8942
10861
8943
10862
8944
10863
8945
10864
8946
10865
8947
10866
8948
10867
8949
10868
8950
10869
8951
10870
8952
10871
8953
10872
8954
10873
8955
10874
8956
10875
8957
10876
8958
10877
8959
10878
8960
10879
8961
10880
8962
10881
8963
10882
8964
10883
8965
10884
8966
10885
8967
10886
8968
10887
8969
10888
8970
10889
8971
10890
8972
10891
8973
10892
8974
10893
8975
10894
8976
10895
8977
10896
8978
10897
8979
10898
8980
10899
8981
10900
8982
10901
8983
10902
8984
10903
8985
10904
8986
10905
8987
10906
8988
10907
8989
10908
8990
10909
8991
10910
8992
10911
8993
10912
8994
10913
8995
10914
8996
10915
8997
10916
8998
10917
8999
10918
9000
10919
9001
10920
9002
10921
9003
10922
9004
10923
9005
10924
9006
10925
9007
10926
9008
10927
9009
10928
9010
10929
9011
10930
9012
10931
9013
10932
9014
10933
9015
10934
9016
10935
9017
10936
9018
10937
9019
10938
9020
10939
9021
10940
9022
10941
9023
10942
9024
10943
9025
10944
9026
10945
9027
10946
9028
10947
9029
10948
9030
10949
9031
10950
9032
10951
9033
10952
9034
10953
9035
10954
9036
10955
9037
10956
9038
10957
9039
10958
9040
10959
9041
10960
9042
10961
9043
10962
9044
10963
9045
10964
9046
10965
9047
10966
9048
10967
9049
10968
9050
10969
9051
10970
9052
10971
9053
10972
9054
10973
9055
10974
9056
10975
9057
10976
9058
10977
9059
10978
9060
10979
9061
10980
9062
10981
9063
10982
9064
10983
9065
10984
9066
10985
9067
10986
9068
10987
9069
10988
9070
10989
9071
10990
9072
10991
9073
10992
9074
10993
9075
10994
9076
10995
9077
10996
9078
10997
9079
10998
9080
10999
9081
11000
9082
11001
9083
11002
9084
11003
9085
11004
9086
11005
9087
11006
9088
11007
9089
11008
9090
11009
9091
11010
9092
11011
9093
11012
9094
11013
9095
11014
9096
11015
9097
11016
9098
11017
9099
11018
9100
11019
9101
11020
9102
11021
9103
11022
9104
11023
9105
11024
9106
11025
9107
11026
9108
11027
9109
11028
9110
11029
9111
11030
9112
11031
9113
11032
9114
11033
9115
11034
9116
11035
9117
11036
9118
11037
9119
11038
9120
11039
9121
11040
9122
11041
9123
11042
9124
11043
9125
11044
9126
11045
9127
11046
9128
11047
9129
11048
9130
11049
9131
11050
9132
11051
9133
11052
9134
11053
9135
11054
9136
11055
9137
11056
9138
11057
9139
11058
9140
11059
9141
11060
9142
11061
9143
11062
9144
11063
9145
11064
9146
11065
9147
11066
9148
11067
9149
11068
9150
11069
9151
11070
9152
11071
9153
11072
9154
11073
9155
11074
9156
11075
9157
11076
9158
11077
9159
11078
9160
11079
9161
11080
9162
11081
9163
11082
9164
11083
9165
11084
9166
11085
9167
11086
9168
11087
9169
11088
9170
11089
9171
11090
9172
11091
9173
11092
9174
11093
9175
11094
9176
11095
9177
11096
9178
11097
9179
11098
9180
11099
9181
11100
9182
11101
9183
11102
9184
11103
9185
11104
9186
11105
9187
11106
9188
11107
9189
11108
9190
11109
9191
11110
9192
11111
9193
11112
9194
11113
9195
11114
9196
11115
9197
11116
9198
11117
9199
11118
9200
11119
9201
11120
9202
11121
9203
11122
9204
11123
9205
11124
9206
11125
9207
11126
9208
11127
9209
11128
9210
11129
9211
11130
9212
11131
9213
11132
9214
11133
9215
11134
9216
11135
9217
11136
9218
11137
9219
11138
9220
11139
9221
11140
9222
11141
9223
11142
9224
11143
9225
11144
9226
11145
9227
11146
9228
11147
9229
11148
9230
11149
9231
11150
9232
11151
9233
11152
9234
11153
9235
11154
9236
11155
9237
11156
9238
11157
9239
11158
9240
11159
9241
11160
9242
11161
9243
11162
9244
11163
9245
11164
9246
11165
9247
11166
9248
11167
9249
11168
9250
11169
9251
11170
9252
11171
9253
11172
9254
11173
9255
11174
9256
11175
9257
11176
9258
11177
9259
11178
9260
11179
9261
11180
9262
11181
9263
11182
9264
11183
9265
11184
9266
11185
9267
11186
9268
11187
9269
11188
9270
11189
9271
11190
9272
11191
9273
11192
9274
11193
9275
11194
9276
11195
9277
11196
9278
11197
9279
11198
9280
11199
9281
11200
9282
11201
9283
11202
9284
11203
9285
11204
9286
11205
9287
11206
9288
11207
9289
11208
9290
11209
9291
11210
9292
11211
9293
11212
9294
11213
9295
11214
9296
11215
9297
11216
9298
11217
9299
11218
9300
11219
9301
11220
9302
11221
9303
11222
9304
11223
9305
11224
9306
11225
9307
11226
9308
11227
9309
11228
9310
11229
9311
11230
9312
11231
9313
11232
9314
11233
9315
11234
9316
11235
9317
11236
9318
11237
9319
11238
9320
11239
9321
11240
9322
11241
9323
11242
9324
11243
9325
11244
9326
11245
9327
11246
9328
11247
9329
11248
9330
11249
9331
11250
9332
11251
9333
11252
9334
11253
9335
11254
9336
11255
9337
11256
9338
11257
9339
11258
9340
11259
9341
11260
9342
11261
9343
11262
9344
11263
9345
11264
9346
11265
9347
11266
9348
11267
9349
11268
9350
11269
9351
11270
9352
11271
9353
11272
9354
11273
9355
11274
9356
11275
9357
11276
9358
11277
9359
11278
9360
11279
9361
11280
9362
11281
9363
11282
9364
11283
9365
11284
9366
11285
9367
11286
9368
11287
9369
11288
9370
11289
9371
11290
9372
11291
9373
11292
9374
11293
9375
11294
9376
11295
9377
11296
9378
11297
9379
11298
9380
11299
9381
11300
9382
11301
9383
11302
9384
11303
9385
11304
9386
11305
9387
11306
9388
11307
9389
11308
9390
11309
9391
11310
9392
11311
9393
11312
9394
11313
9395
11314
9396
11315
9397
11316
9398
11317
9399
11318
9400
11319
9401
11320
9402
11321
9403
11322
9404
11323
9405
11324
9406
11325
9407
11326
9408
11327
9409
11328
9410
11329
9411
11330
9412
11331
9413
11332
9414
11333
9415
11334
9416
11335
9417
11336
9418
11337
9419
11338
9420
11339
9421
11340
9422
11341
9423
11342
9424
11343
9425
11344
9426
11345
9427
11346
9428
11347
9429
11348
9430
11349
9431
11350
9432
11351
9433
11352
9434
11353
9435
11354
9436
11355
9437
11356
9438
11357
9439
11358
9440
11359
9441
11360
9442
11361
9443
11362
9444
11363
9445
11364
9446
11365
9447
11366
9448
11367
9449
11368
9450
11369
9451
11370
9452
11371
9453
11372
9454
11373
9455
11374
9456
11375
9457
11376
9458
11377
9459
11378
9460
11379
9461
11380
9462
11381
9463
11382
9464
11383
9465
11384
9466
11385
9467
11386
9468
11387
9469
11388
9470
11389
9471
11390
9472
11391
9473
11392
9474
11393
9475
11394
9476
11395
9477
11396
9478
11397
9479
11398
9480
11399
9481
11400
9482
11401
9483
11402
9484
11403
9485
11404
9486
11405
9487
11406
9488
11407
9489
11408
9490
11409
9491
11410
9492
11411
9493
11412
9494
11413
9495
11414
9496
11415
9497
11416
9498
11417
9499
11418
9500
11419
9501
11420
9502
11421
9503
11422
9504
11423
9505
11424
9506
11425
9507
11426
9508
11427
9509
11428
9510
11429
9511
11430
9512
11431
9513
11432
9514
11433
9515
11434
9516
11435
9517
11436
9518
11437
9519
11438
9520
11439
9521
11440
9522
11441
9523
11442
9524
11443
9525
11444
9526
11445
9527
11446
9528
11447
9529
11448
9530
11449
9531
11450
9532
11451
9533
11452
9534
11453
9535
11454
9536
11455
9537
11456
9538
11457
9539
11458
9540
11459
9541
11460
9542
11461
9543
11462
9544
11463
9545
11464
9546
11465
9547
11466
9548
11467
9549
11468
9550
11469
9551
11470
9552
11471
9553
11472
9554
11473
9555
11474
9556
11475
9557
11476
9558
11477
9559
11478
9560
11479
9561
11480
9562
11481
9563
11482
9564
11483
9565
11484
9566
11485
9567
11486
9568
11487
9569
11488
9570
11489
9571
11490
9572
11491
9573
11492
9574
11493
9575
11494
9576
11495
9577
11496
9578
11497
9579
11498
9580
11499
9581
11500
9582
11501
9583
11502
9584
11503
9585
11504
9586
11505
9587
11506
9588
11507
9589
11508
9590
11509
9591
11510
9592
11511
9593
11512
9594
11513
9595
11514
9596
11515
9597
11516
9598
11517
9599
11518
11519
9601
11520
9602
11521
9603
11522
9604
11523
9605
11524
9606
11525
9607
11526
9608
11527
9609
11528
9610
11529
9611
11530
9612
11531
9613
11532
9614
11533
9615
11534
9616
11535
9617
11536
9618
11537
9619
11538
9620
11539
9621
11540
9622
11541
9623
11542
9624
11543
9625
11544
9626
11545
9627
11546
9628
11547
9629
11548
9630
11549
9631
11550
9632
11551
9633
11552
9634
11553
9635
11554
9636
11555
9637
11556
9638
11557
9639
11558
9640
11559
9641
11560
9642
11561
9643
11562
9644
11563
9645
11564
9646
11565
9647
11566
9648
11567
9649
11568
9650
11569
9651
11570
9652
11571
9653
11572
9654
11573
9655
11574
9656
11575
9657
11576
9658
11577
9659
11578
9660
11579
9661
11580
9662
11581
9663
11582
9664
11583
9665
11584
9666
11585
9667
11586
9668
11587
9669
11588
9670
11589
9671
11590
9672
11591
9673
11592
9674
11593
9675
11594
9676
11595
9677
11596
9678
11597
9679
11598
9680
11599
9681
11600
9682
11601
9683
11602
9684
11603
9685
11604
9686
11605
9687
11606
9688
11607
9689
11608
9690
11609
9691
11610
9692
11611
9693
11612
9694
11613
9695
11614
9696
11615
9697
11616
9698
11617
9699
11618
9700
11619
9701
11620
9702
11621
9703
11622
9704
11623
9705
11624
9706
11625
9707
11626
9708
11627
9709
11628
9710
11629
9711
11630
9712
11631
9713
11632
9714
11633
9715
11634
9716
11635
9717
11636
9718
11637
9719
11638
9720
11639
9721
11640
9722
11641
9723
11642
9724
11643
9725
11644
9726
11645
9727
11646
9728
11647
9729
11648
9730
11649
9731
11650
9732
11651
9733
11652
9734
11653
9735
11654
9736
11655
9737
11656
9738
11657
9739
11658
9740
11659
9741
11660
9742
11661
9743
11662
9744
11663
9745
11664
9746
11665
9747
11666
9748
11667
9749
11668
9750
11669
9751
11670
9752
11671
9753
11672
9754
11673
9755
11674
9756
11675
9757
11676
9758
11677
9759
11678
9760
11679
9761
11680
9762
11681
9763
11682
9764
11683
9765
11684
9766
11685
9767
11686
9768
11687
9769
11688
9770
11689
9771
11690
9772
11691
9773
11692
9774
11693
9775
11694
9776
11695
9777
11696
9778
11697
9779
11698
9780
11699
9781
11700
9782
11701
9783
11702
9784
11703
9785
11704
9786
11705
9787
11706
9788
11707
9789
11708
9790
11709
9791
11710
9792
11711
9793
11712
9794
11713
9795
11714
9796
11715
9797
11716
9798
11717
9799
11718
9800
11719
9801
11720
9802
11721
9803
11722
9804
11723
9805
11724
9806
11725
9807
11726
9808
11727
9809
11728
9810
11729
9811
11730
9812
11731
9813
11732
9814
11733
9815
11734
9816
11735
9817
11736
9818
11737
9819
11738
9820
11739
9821
11740
9822
11741
9823
11742
9824
11743
9825
11744
9826
11745
9827
11746
9828
11747
9829
11748
9830
11749
9831
11750
9832
11751
9833
11752
9834
11753
9835
11754
9836
11755
9837
11756
9838
11757
9839
11758
9840
11759
9841
11760
9842
11761
9843
11762
9844
11763
9845
11764
9846
11765
9847
11766
9848
11767
9849
11768
9850
11769
9851
11770
9852
11771
9853
11772
9854
11773
9855
11774
9856
11775
9857
11776
9858
11777
9859
11778
9860
11779
9861
11780
9862
11781
9863
11782
9864
11783
9865
11784
9866
11785
9867
11786
9868
11787
9869
11788
9870
11789
9871
11790
9872
11791
9873
11792
9874
11793
9875
11794
9876
11795
9877
11796
9878
11797
9879
11798
9880
11799
9881
11800
9882
11801
9883
11802
9884
11803
9885
11804
9886
11805
9887
11806
9888
11807
9889
11808
9890
11809
9891
11810
9892
11811
9893
11812
9894
11813
9895
11814
9896
11815
9897
11816
9898
11817
9899
11818
9900
11819
9901
11820
9902
11821
9903
11822
9904
11823
9905
11824
9906
11825
9907
11826
9908
11827
9909
11828
9910
11829
9911
11830
9912
11831
9913
11832
9914
11833
9915
11834
9916
11835
9917
11836
9918
11837
9919
11838
9920
11839
9921
11840
9922
11841
9923
11842
9924
11843
9925
11844
9926
11845
9927
11846
9928
11847
9929
11848
9930
11849
9931
11850
9932
11851
9933
11852
9934
11853
9935
11854
9936
11855
9937
11856
9938
11857
9939
11858
9940
11859
9941
11860
9942
11861
9943
11862
9944
11863
9945
11864
9946
11865
9947
11866
9948
11867
9949
11868
9950
11869
9951
11870
9952
11871
9953
11872
9954
11873
9955
11874
9956
11875
9957
11876
9958
11877
9959
11878
9960
11879
9961
11880
9962
11881
9963
11882
9964
11883
9965
11884
9966
11885
9967
11886
9968
11887
9969
11888
9970
11889
9971
11890
9972
11891
9973
11892
9974
11893
9975
11894
9976
11895
9977
11896
9978
11897
9979
11898
9980
11899
9981
11900
9982
11901
9983
11902
9984
11903
9985
11904
9986
11905
9987
11906
9988
11907
9989
11908
9990
11909
9991
11910
9992
11911
9993
11912
9994
11913
9995
11914
9996
11915
9997
11916
9998
11917
9999
11918
10000
11919
10001
11920
10002
11921
10003
11922
10004
11923
10005
11924
10006
11925
10007
11926
10008
11927
10009
11928
10010
11929
10011
11930
10012
11931
10013
11932
10014
11933
10015
11934
10016
11935
10017
11936
10018
11937
10019
11938
10020
11939
10021
11940
10022
11941
10023
11942
10024
11943
10025
11944
10026
11945
10027
11946
10028
11947
10029
11948
10030
11949
10031
11950
10032
11951
10033
11952
10034
11953
10035
11954
10036
11955
10037
11956
10038
11957
10039
11958
10040
11959
10041
11960
10042
11961
10043
11962
10044
11963
10045
11964
10046
11965
10047
11966
10048
11967
10049
11968
10050
11969
10051
11970
10052
11971
10053
11972
10054
11973
10055
11974
10056
11975
10057
11976
10058
11977
10059
11978
10060
11979
10061
11980
10062
11981
10063
11982
10064
11983
10065
11984
10066
11985
10067
11986
10068
11987
10069
11988
10070
11989
10071
11990
10072
11991
10073
11992
10074
11993
10075
11994
10076
11995
10077
11996
10078
11997
10079
11998
10080
11999
10081
12000
10082
12001
10083
12002
10084
12003
10085
12004
10086
12005
10087
12006
10088
12007
10089
12008
10090
12009
10091
12010
10092
12011
10093
12012
10094
12013
10095
12014
10096
12015
10097
12016
10098
12017
10099
12018
10100
12019
10101
12020
10102
12021
10103
12022
10104
12023
10105
12024
10106
12025
10107
12026
10108
12027
10109
12028
10110
12029
10111
12030
10112
12031
10113
12032
10114
12033
10115
12034
10116
12035
10117
12036
10118
12037
10119
12038
10120
12039
10121
12040
10122
12041
10123
12042
10124
12043
10125
12044
10126
12045
10127
12046
10128
12047
10129
12048
10130
12049
10131
12050
10132
12051
10133
12052
10134
12053
10135
12054
10136
12055
10137
12056
10138
12057
10139
12058
10140
12059
10141
12060
10142
12061
10143
12062
10144
12063
10145
12064
10146
12065
10147
12066
10148
12067
10149
12068
10150
12069
10151
12070
10152
12071
10153
12072
10154
12073
10155
12074
10156
12075
10157
12076
10158
12077
10159
12078
10160
12079
10161
12080
10162
12081
10163
12082
10164
12083
10165
12084
10166
12085
10167
12086
10168
12087
10169
12088
10170
12089
10171
12090
10172
12091
10173
12092
10174
12093
10175
12094
10176
12095
10177
12096
10178
12097
10179
12098
10180
12099
10181
12100
10182
12101
10183
12102
10184
12103
10185
12104
10186
12105
10187
12106
10188
12107
10189
12108
10190
12109
10191
12110
10192
12111
10193
12112
10194
12113
10195
12114
10196
12115
10197
12116
10198
12117
10199
12118
10200
12119
10201
12120
10202
12121
10203
12122
10204
12123
10205
12124
10206
12125
10207
12126
10208
12127
10209
12128
10210
12129
10211
12130
10212
12131
10213
12132
10214
12133
10215
12134
10216
12135
10217
12136
10218
12137
10219
12138
10220
12139
10221
12140
10222
12141
10223
12142
10224
12143
10225
12144
10226
12145
10227
12146
10228
12147
10229
12148
10230
12149
10231
12150
10232
12151
10233
12152
10234
12153
10235
12154
10236
12155
10237
12156
10238
12157
10239
12158
10240
12159
10241
12160
10242
12161
10243
12162
10244
12163
10245
12164
10246
12165
10247
12166
10248
12167
10249
12168
10250
12169
10251
12170
10252
12171
10253
12172
10254
12173
10255
12174
10256
12175
10257
12176
10258
12177
10259
12178
10260
12179
10261
12180
10262
12181
10263
12182
10264
12183
10265
12184
10266
12185
10267
12186
10268
12187
10269
12188
10270
12189
10271
12190
10272
12191
10273
12192
10274
12193
10275
12194
10276
12195
10277
12196
10278
12197
10279
12198
10280
12199
10281
12200
10282
12201
10283
12202
10284
12203
10285
12204
10286
12205
10287
12206
10288
12207
10289
12208
10290
12209
10291
12210
10292
12211
10293
12212
10294
12213
10295
12214
10296
12215
10297
12216
10298
12217
10299
12218
10300
12219
10301
12220
10302
12221
10303
12222
10304
12223
10305
12224
10306
12225
10307
12226
10308
12227
10309
12228
10310
12229
10311
12230
10312
12231
10313
12232
10314
12233
10315
12234
10316
12235
10317
12236
10318
12237
10319
12238
10320
12239
10321
12240
10322
12241
10323
12242
10324
12243
10325
12244
10326
12245
10327
12246
10328
12247
10329
12248
10330
12249
10331
12250
10332
12251
10333
12252
10334
12253
10335
12254
10336
12255
10337
12256
10338
12257
10339
12258
10340
12259
10341
12260
10342
12261
10343
12262
10344
12263
10345
12264
10346
12265
10347
12266
10348
12267
10349
12268
10350
12269
10351
12270
10352
12271
10353
12272
10354
12273
10355
12274
10356
12275
10357
12276
10358
12277
10359
12278
10360
12279
10361
12280
10362
12281
10363
12282
10364
12283
10365
12284
10366
12285
10367
12286
10368
12287
10369
12288
10370
12289
10371
12290
10372
12291
10373
12292
10374
12293
10375
12294
10376
12295
10377
12296
10378
12297
10379
12298
10380
12299
10381
12300
10382
12301
10383
12302
10384
12303
10385
12304
10386
12305
10387
12306
10388
12307
10389
12308
10390
12309
10391
12310
10392
12311
10393
12312
10394
12313
10395
12314
10396
12315
10397
12316
10398
12317
10399
12318
10400
12319
10401
12320
10402
12321
10403
12322
10404
12323
10405
12324
10406
12325
10407
12326
10408
12327
10409
12328
10410
12329
10411
12330
10412
12331
10413
12332
10414
12333
10415
12334
10416
12335
10417
12336
10418
12337
10419
12338
10420
12339
10421
12340
10422
12341
10423
12342
10424
12343
10425
12344
10426
12345
10427
12346
10428
12347
10429
12348
10430
12349
10431
12350
10432
12351
10433
12352
10434
12353
10435
12354
10436
12355
10437
12356
10438
12357
10439
12358
10440
12359
10441
12360
10442
12361
10443
12362
10444
12363
10445
12364
10446
12365
10447
12366
10448
12367
10449
12368
10450
12369
10451
12370
10452
12371
10453
12372
10454
12373
10455
12374
10456
12375
10457
12376
10458
12377
10459
12378
10460
12379
10461
12380
10462
12381
10463
12382
10464
12383
10465
12384
10466
12385
10467
12386
10468
12387
10469
12388
10470
12389
10471
12390
10472
12391
10473
12392
10474
12393
10475
12394
10476
12395
10477
12396
10478
12397
10479
12398
10480
12399
10481
12400
10482
12401
10483
12402
10484
12403
10485
12404
10486
12405
10487
12406
10488
12407
10489
12408
10490
12409
10491
12410
10492
12411
10493
12412
10494
12413
10495
12414
10496
12415
10497
12416
10498
12417
10499
12418
10500
12419
10501
12420
10502
12421
10503
12422
10504
12423
10505
12424
10506
12425
10507
12426
10508
12427
10509
12428
10510
12429
10511
12430
10512
12431
10513
12432
10514
12433
10515
12434
10516
12435
10517
12436
10518
12437
10519
12438
10520
12439
10521
12440
10522
12441
10523
12442
10524
12443
10525
12444
10526
12445
10527
12446
10528
12447
10529
12448
10530
12449
10531
12450
10532
12451
10533
12452
10534
12453
10535
12454
10536
12455
10537
12456
10538
12457
10539
12458
10540
12459
10541
12460
10542
12461
10543
12462
10544
12463
10545
12464
10546
12465
10547
12466
10548
12467
10549
12468
10550
12469
10551
12470
10552
12471
10553
12472
10554
12473
10555
12474
10556
12475
10557
12476
10558
12477
10559
12478
10560
12479
10561
12480
10562
12481
10563
12482
10564
12483
10565
12484
10566
12485
10567
12486
10568
12487
10569
12488
10570
12489
10571
12490
10572
12491
10573
12492
10574
12493
10575
12494
10576
12495
10577
12496
10578
12497
10579
12498
10580
12499
10581
12500
10582
12501
10583
12502
10584
12503
10585
12504
10586
12505
10587
12506
10588
12507
10589
12508
10590
12509
10591
12510
10592
12511
10593
12512
10594
12513
10595
12514
10596
12515
10597
12516
10598
12517
10599
12518
10600
12519
10601
12520
10602
12521
10603
12522
10604
12523
10605
12524
10606
12525
10607
12526
10608
12527
10609
12528
10610
12529
10611
12530
10612
12531
10613
12532
10614
12533
10615
12534
10616
12535
10617
12536
10618
12537
10619
12538
10620
12539
10621
12540
10622
12541
10623
12542
10624
12543
10625
12544
10626
12545
10627
12546
10628
12547
10629
12548
10630
12549
10631
12550
10632
12551
10633
12552
10634
12553
10635
12554
10636
12555
10637
12556
10638
12557
10639
12558
10640
12559
10641
12560
10642
12561
10643
12562
10644
12563
10645
12564
10646
12565
10647
12566
10648
12567
10649
12568
10650
12569
10651
12570
10652
12571
10653
12572
10654
12573
10655
12574
10656
12575
10657
12576
10658
12577
10659
12578
10660
12579
10661
12580
10662
12581
10663
12582
10664
12583
10665
12584
10666
12585
10667
12586
10668
12587
10669
12588
10670
12589
10671
12590
10672
12591
10673
12592
10674
12593
10675
12594
10676
12595
10677
12596
10678
12597
10679
12598
10680
12599
10681
12600
10682
12601
10683
12602
10684
12603
10685
12604
10686
12605
10687
12606
10688
12607
10689
12608
10690
12609
10691
12610
10692
12611
10693
12612
10694
12613
10695
12614
10696
12615
10697
12616
10698
12617
10699
12618
10700
12619
10701
12620
10702
12621
10703
12622
10704
12623
10705
12624
10706
12625
10707
12626
10708
12627
10709
12628
10710
12629
10711
12630
10712
12631
10713
12632
10714
12633
10715
12634
10716
12635
10717
12636
10718
12637
10719
12638
10720
12639
10721
12640
10722
12641
10723
12642
10724
12643
10725
12644
10726
12645
10727
12646
10728
12647
10729
12648
10730
12649
10731
12650
10732
12651
10733
12652
10734
12653
10735
12654
10736
12655
10737
12656
10738
12657
10739
12658
10740
12659
10741
12660
10742
12661
10743
12662
10744
12663
10745
12664
10746
12665
10747
12666
10748
12667
10749
12668
10750
12669
10751
12670
10752
12671
10753
12672
10754
12673
10755
12674
10756
12675
10757
12676
10758
12677
10759
12678
10760
12679
10761
12680
10762
12681
10763
12682
10764
12683
10765
12684
10766
12685
10767
12686
10768
12687
10769
12688
10770
12689
10771
12690
10772
12691
10773
12692
10774
12693
10775
12694
10776
12695
10777
12696
10778
12697
10779
12698
10780
12699
10781
12700
10782
12701
10783
12702
10784
12703
10785
12704
10786
12705
10787
12706
10788
12707
10789
12708
10790
12709
10791
12710
10792
12711
10793
12712
10794
12713
10795
12714
10796
12715
10797
12716
10798
12717
10799
12718
10800
12719
10801
12720
10802
12721
10803
12722
10804
12723
10805
12724
10806
12725
10807
12726
10808
12727
10809
12728
10810
12729
10811
12730
10812
12731
10813
12732
10814
12733
10815
12734
10816
12735
10817
12736
10818
12737
10819
12738
10820
12739
10821
12740
10822
12741
10823
12742
10824
12743
10825
12744
10826
12745
10827
12746
10828
12747
10829
12748
10830
12749
10831
12750
10832
12751
10833
12752
10834
12753
10835
12754
10836
12755
10837
12756
10838
12757
10839
12758
10840
12759
10841
12760
10842
12761
10843
12762
10844
12763
10845
12764
10846
12765
10847
12766
10848
12767
10849
12768
10850
12769
10851
12770
10852
12771
10853
12772
10854
12773
10855
12774
10856
12775
10857
12776
10858
12777
10859
12778
10860
12779
10861
12780
10862
12781
10863
12782
10864
12783
10865
12784
10866
12785
10867
12786
10868
12787
10869
12788
10870
12789
10871
12790
10872
12791
10873
12792
10874
12793
10875
12794
10876
12795
10877
12796
10878
12797
10879
12798
10880
12799
10881
12800
10882
12801
10883
12802
10884
12803
10885
12804
10886
12805
10887
12806
10888
12807
10889
12808
10890
12809
10891
12810
10892
12811
10893
12812
10894
12813
10895
12814
10896
12815
10897
12816
10898
12817
10899
12818
10900
12819
10901
12820
10902
12821
10903
12822
10904
12823
10905
12824
10906
12825
10907
12826
10908
12827
10909
12828
10910
12829
10911
12830
10912
12831
10913
12832
10914
12833
10915
12834
10916
12835
10917
12836
10918
12837
10919
12838
10920
12839
10921
12840
10922
12841
10923
12842
10924
12843
10925
12844
10926
12845
10927
12846
10928
12847
10929
12848
10930
12849
10931
12850
10932
12851
10933
12852
10934
12853
10935
12854
10936
12855
10937
12856
10938
12857
10939
12858
10940
12859
10941
12860
10942
12861
10943
12862
10944
12863
10945
12864
10946
12865
10947
12866
10948
12867
10949
12868
10950
12869
10951
12870
10952
12871
10953
12872
10954
12873
10955
12874
10956
12875
10957
12876
10958
12877
10959
12878
10960
12879
10961
12880
10962
12881
10963
12882
10964
12883
10965
12884
10966
12885
10967
12886
10968
12887
10969
12888
10970
12889
10971
12890
10972
12891
10973
12892
10974
12893
10975
12894
10976
12895
10977
12896
10978
12897
10979
12898
10980
12899
10981
12900
10982
12901
10983
12902
10984
12903
10985
12904
10986
12905
10987
12906
10988
12907
10989
12908
10990
12909
10991
12910
10992
12911
10993
12912
10994
12913
10995
12914
10996
12915
10997
12916
10998
12917
10999
12918
11000
12919
11001
12920
11002
12921
11003
12922
11004
12923
11005
12924
11006
12925
11007
12926
11008
12927
11009
12928
11010
12929
11011
12930
11012
12931
11013
12932
11014
12933
11015
12934
11016
12935
11017
12936
11018
12937
11019
12938
11020
12939
11021
12940
11022
12941
11023
12942
11024
12943
11025
12944
11026
12945
11027
12946
11028
12947
11029
12948
11030
12949
11031
12950
11032
12951
11033
12952
11034
12953
11035
12954
11036
12955
11037
12956
11038
12957
11039
12958
11040
12959
11041
12960
11042
12961
11043
12962
11044
12963
11045
12964
11046
12965
11047
12966
11048
12967
11049
12968
11050
12969
11051
12970
11052
12971
11053
12972
11054
12973
11055
12974
11056
12975
11057
12976
11058
12977
11059
12978
11060
12979
11061
12980
11062
12981
11063
12982
11064
12983
11065
12984
11066
12985
11067
12986
11068
12987
11069
12988
11070
12989
11071
12990
11072
12991
11073
12992
11074
12993
11075
12994
11076
12995
11077
12996
11078
12997
11079
12998
11080
12999
11081
13000
11082
13001
11083
13002
11084
13003
11085
13004
11086
13005
11087
13006
11088
13007
11089
13008
11090
13009
11091
13010
11092
13011
11093
13012
11094
13013
11095
13014
11096
13015
11097
13016
11098
13017
11099
13018
11100
13019
11101
13020
11102
13021
11103
13022
11104
13023
11105
13024
11106
13025
11107
13026
11108
13027
11109
13028
11110
13029
11111
13030
11112
13031
11113
13032
11114
13033
11115
13034
11116
13035
11117
13036
11118
13037
11119
13038
11120
13039
11121
13040
11122
13041
11123
13042
11124
13043
11125
13044
11126
13045
11127
13046
11128
13047
11129
13048
11130
13049
11131
13050
11132
13051
11133
13052
11134
13053
11135
13054
11136
13055
11137
13056
11138
13057
11139
13058
11140
13059
11141
13060
11142
13061
11143
13062
11144
13063
11145
13064
11146
13065
11147
13066
11148
13067
11149
13068
11150
13069
11151
13070
11152
13071
11153
13072
11154
13073
11155
13074
11156
13075
11157
13076
11158
13077
11159
13078
11160
13079
11161
13080
11162
13081
11163
13082
11164
13083
11165
13084
11166
13085
11167
13086
11168
13087
11169
13088
11170
13089
11171
13090
11172
13091
11173
13092
11174
13093
11175
13094
11176
13095
11177
13096
11178
13097
11179
13098
11180
13099
11181
13100
11182
13101
11183
13102
11184
13103
11185
13104
11186
13105
11187
13106
11188
13107
11189
13108
11190
13109
11191
13110
11192
13111
11193
13112
11194
13113
11195
13114
11196
13115
11197
13116
11198
13117
11199
13118
11200
13119
11201
13120
11202
13121
11203
13122
11204
13123
11205
13124
11206
13125
11207
13126
11208
13127
11209
13128
11210
13129
11211
13130
11212
13131
11213
13132
11214
13133
11215
13134
11216
13135
11217
13136
11218
13137
11219
13138
11220
13139
11221
13140
11222
13141
11223
13142
11224
13143
11225
13144
11226
13145
11227
13146
11228
13147
11229
13148
11230
13149
11231
13150
11232
13151
11233
13152
11234
13153
11235
13154
11236
13155
11237
13156
11238
13157
11239
13158
11240
13159
11241
13160
11242
13161
11243
13162
11244
13163
11245
13164
11246
13165
11247
13166
11248
13167
11249
13168
11250
13169
11251
13170
11252
13171
11253
13172
11254
13173
11255
13174
11256
13175
11257
13176
11258
13177
11259
13178
11260
13179
11261
13180
11262
13181
11263
13182
11264
13183
11265
13184
11266
13185
11267
13186
11268
13187
11269
13188
11270
13189
11271
13190
11272
13191
11273
13192
11274
13193
11275
13194
11276
13195
11277
13196
11278
13197
11279
13198
11280
13199
11281
13200
11282
13201
11283
13202
11284
13203
11285
13204
11286
13205
11287
13206
11288
13207
11289
13208
11290
13209
11291
13210
11292
13211
11293
13212
11294
13213
11295
13214
11296
13215
11297
13216
11298
13217
11299
13218
11300
13219
11301
13220
11302
13221
11303
13222
11304
13223
11305
13224
11306
13225
11307
13226
11308
13227
11309
13228
11310
13229
11311
13230
11312
13231
11313
13232
11314
13233
11315
13234
11316
13235
11317
13236
11318
13237
11319
13238
11320
13239
11321
13240
11322
13241
11323
13242
11324
13243
11325
13244
11326
13245
11327
13246
11328
13247
11329
13248
11330
13249
11331
13250
11332
13251
11333
13252
11334
13253
11335
13254
11336
13255
11337
13256
11338
13257
11339
13258
11340
13259
11341
13260
11342
13261
11343
13262
11344
13263
11345
13264
11346
13265
11347
13266
11348
13267
11349
13268
11350
13269
11351
13270
11352
13271
11353
13272
11354
13273
11355
13274
11356
13275
11357
13276
11358
13277
11359
13278
11360
13279
11361
13280
11362
13281
11363
13282
11364
13283
11365
13284
11366
13285
11367
13286
11368
13287
11369
13288
11370
13289
11371
13290
11372
13291
11373
13292
11374
13293
11375
13294
11376
13295
11377
13296
11378
13297
11379
13298
11380
13299
11381
13300
11382
13301
11383
13302
11384
13303
11385
13304
11386
13305
11387
13306
11388
13307
11389
13308
11390
13309
11391
13310
11392
13311
11393
13312
11394
13313
11395
13314
11396
13315
11397
13316
11398
13317
11399
13318
11400
13319
11401
13320
11402
13321
11403
13322
11404
13323
11405
13324
11406
13325
11407
13326
11408
13327
11409
13328
11410
13329
11411
13330
11412
13331
11413
13332
11414
13333
11415
13334
11416
13335
11417
13336
11418
13337
11419
13338
11420
13339
11421
13340
11422
13341
11423
13342
11424
13343
11425
13344
11426
13345
11427
13346
11428
13347
11429
13348
11430
13349
11431
13350
11432
13351
11433
13352
11434
13353
11435
13354
11436
13355
11437
13356
11438
13357
11439
13358
11440
13359
11441
13360
11442
13361
11443
13362
11444
13363
11445
13364
11446
13365
11447
13366
11448
13367
11449
13368
11450
13369
11451
13370
11452
13371
11453
13372
11454
13373
11455
13374
11456
13375
11457
13376
11458
13377
11459
13378
11460
13379
11461
13380
11462
13381
11463
13382
11464
13383
11465
13384
11466
13385
11467
13386
11468
13387
11469
13388
11470
13389
11471
13390
11472
13391
11473
13392
11474
13393
11475
13394
11476
13395
11477
13396
11478
13397
11479
13398
11480
13399
11481
13400
11482
13401
11483
13402
11484
13403
11485
13404
11486
13405
11487
13406
11488
13407
11489
13408
11490
13409
11491
13410
11492
13411
11493
13412
11494
13413
11495
13414
11496
13415
11497
13416
11498
13417
11499
13418
11500
13419
11501
13420
11502
13421
11503
13422
11504
13423
11505
13424
11506
13425
11507
13426
11508
13427
11509
13428
11510
13429
11511
13430
11512
13431
11513
13432
11514
13433
11515
13434
11516
13435
11517
13436
11518
13437
11519
13438
13439
11521
13440
11522
13441
11523
13442
11524
13443
11525
13444
11526
13445
11527
13446
11528
13447
11529
13448
11530
13449
11531
13450
11532
13451
11533
13452
11534
13453
11535
13454
11536
13455
11537
13456
11538
13457
11539
13458
11540
13459
11541
13460
11542
13461
11543
13462
11544
13463
11545
13464
11546
13465
11547
13466
11548
13467
11549
13468
11550
13469
11551
13470
11552
13471
11553
13472
11554
13473
11555
13474
11556
13475
11557
13476
11558
13477
11559
13478
11560
13479
11561
13480
11562
13481
11563
13482
11564
13483
11565
13484
11566
13485
11567
13486
11568
13487
11569
13488
11570
13489
11571
13490
11572
13491
11573
13492
11574
13493
11575
13494
11576
13495
11577
13496
11578
13497
11579
13498
11580
13499
11581
13500
11582
13501
11583
13502
11584
13503
11585
13504
11586
13505
11587
13506
11588
13507
11589
13508
11590
13509
11591
13510
11592
13511
11593
13512
11594
13513
11595
13514
11596
13515
11597
13516
11598
13517
11599
13518
11600
13519
11601
13520
11602
13521
11603
13522
11604
13523
11605
13524
11606
13525
11607
13526
11608
13527
11609
13528
11610
13529
11611
13530
11612
13531
11613
13532
11614
13533
11615
13534
11616
13535
11617
13536
11618
13537
11619
13538
11620
13539
11621
13540
11622
13541
11623
13542
11624
13543
11625
13544
11626
13545
11627
13546
11628
13547
11629
13548
11630
13549
11631
13550
11632
13551
11633
13552
11634
13553
11635
13554
11636
13555
11637
13556
11638
13557
11639
13558
11640
13559
11641
13560
11642
13561
11643
13562
11644
13563
11645
13564
11646
13565
11647
13566
11648
13567
11649
13568
11650
13569
11651
13570
11652
13571
11653
13572
11654
13573
11655
13574
11656
13575
11657
13576
11658
13577
11659
13578
11660
13579
11661
13580
11662
13581
11663
13582
11664
13583
11665
13584
11666
13585
11667
13586
11668
13587
11669
13588
11670
13589
11671
13590
11672
13591
11673
13592
11674
13593
11675
13594
11676
13595
11677
13596
11678
13597
11679
13598
11680
13599
11681
13600
11682
13601
11683
13602
11684
13603
11685
13604
11686
13605
11687
13606
11688
13607
11689
13608
11690
13609
11691
13610
11692
13611
11693
13612
11694
13613
11695
13614
11696
13615
11697
13616
11698
13617
11699
13618
11700
13619
11701
13620
11702
13621
11703
13622
11704
13623
11705
13624
11706
13625
11707
13626
11708
13627
11709
13628
11710
13629
11711
13630
11712
13631
11713
13632
11714
13633
11715
13634
11716
13635
11717
13636
11718
13637
11719
13638
11720
13639
11721
13640
11722
13641
11723
13642
11724
13643
11725
13644
11726
13645
11727
13646
11728
13647
11729
13648
11730
13649
11731
13650
11732
13651
11733
13652
11734
13653
11735
13654
11736
13655
11737
13656
11738
13657
11739
13658
11740
13659
11741
13660
11742
13661
11743
13662
11744
13663
11745
13664
11746
13665
11747
13666
11748
13667
11749
13668
11750
13669
11751
13670
11752
13671
11753
13672
11754
13673
11755
13674
11756
13675
11757
13676
11758
13677
11759
13678
11760
13679
11761
13680
11762
13681
11763
13682
11764
13683
11765
13684
11766
13685
11767
13686
11768
13687
11769
13688
11770
13689
11771
13690
11772
13691
11773
13692
11774
13693
11775
13694
11776
13695
11777
13696
11778
13697
11779
13698
11780
13699
11781
13700
11782
13701
11783
13702
11784
13703
11785
13704
11786
13705
11787
13706
11788
13707
11789
13708
11790
13709
11791
13710
11792
13711
11793
13712
11794
13713
11795
13714
11796
13715
11797
13716
11798
13717
11799
13718
11800
13719
11801
13720
11802
13721
11803
13722
11804
13723
11805
13724
11806
13725
11807
13726
11808
13727
11809
13728
11810
13729
11811
13730
11812
13731
11813
13732
11814
13733
11815
13734
11816
13735
11817
13736
11818
13737
11819
13738
11820
13739
11821
13740
11822
13741
11823
13742
11824
13743
11825
13744
11826
13745
11827
13746
11828
13747
11829
13748
11830
13749
11831
13750
11832
13751
11833
13752
11834
13753
11835
13754
11836
13755
11837
13756
11838
13757
11839
13758
11840
13759
11841
13760
11842
13761
11843
13762
11844
13763
11845
13764
11846
13765
11847
13766
11848
13767
11849
13768
11850
13769
11851
13770
11852
13771
11853
13772
11854
13773
11855
13774
11856
13775
11857
13776
11858
13777
11859
13778
11860
13779
11861
13780
11862
13781
11863
13782
11864
13783
11865
13784
11866
13785
11867
13786
11868
13787
11869
13788
11870
13789
11871
13790
11872
13791
11873
13792
11874
13793
11875
13794
11876
13795
11877
13796
11878
13797
11879
13798
11880
13799
11881
13800
11882
13801
11883
13802
11884
13803
11885
13804
11886
13805
11887
13806
11888
13807
11889
13808
11890
13809
11891
13810
11892
13811
11893
13812
11894
13813
11895
13814
11896
13815
11897
13816
11898
13817
11899
13818
11900
13819
11901
13820
11902
13821
11903
13822
11904
13823
11905
13824
11906
13825
11907
13826
11908
13827
11909
13828
11910
13829
11911
13830
11912
13831
11913
13832
11914
13833
11915
13834
11916
13835
11917
13836
11918
13837
11919
13838
11920
13839
11921
13840
11922
13841
11923
13842
11924
13843
11925
13844
11926
13845
11927
13846
11928
13847
11929
13848
11930
13849
11931
13850
11932
13851
11933
13852
11934
13853
11935
13854
11936
13855
11937
13856
11938
13857
11939
13858
11940
13859
11941
13860
11942
13861
11943
13862
11944
13863
11945
13864
11946
13865
11947
13866
11948
13867
11949
13868
11950
13869
11951
13870
11952
13871
11953
13872
11954
13873
11955
13874
11956
13875
11957
13876
11958
13877
11959
13878
11960
13879
11961
13880
11962
13881
11963
13882
11964
13883
11965
13884
11966
13885
11967
13886
11968
13887
11969
13888
11970
13889
11971
13890
11972
13891
11973
13892
11974
13893
11975
13894
11976
13895
11977
13896
11978
13897
11979
13898
11980
13899
11981
13900
11982
13901
11983
13902
11984
13903
11985
13904
11986
13905
11987
13906
11988
13907
11989
13908
11990
13909
11991
13910
11992
13911
11993
13912
11994
13913
11995
13914
11996
13915
11997
13916
11998
13917
11999
13918
12000
13919
12001
13920
12002
13921
12003
13922
12004
13923
12005
13924
12006
13925
12007
13926
12008
13927
12009
13928
12010
13929
12011
13930
12012
13931
12013
13932
12014
13933
12015
13934
12016
13935
12017
13936
12018
13937
12019
13938
12020
13939
12021
13940
12022
13941
12023
13942
12024
13943
12025
13944
12026
13945
12027
13946
12028
13947
12029
13948
12030
13949
12031
13950
12032
13951
12033
13952
12034
13953
12035
13954
12036
13955
12037
13956
12038
13957
12039
13958
12040
13959
12041
13960
12042
13961
12043
13962
12044
13963
12045
13964
12046
13965
12047
13966
12048
13967
12049
13968
12050
13969
12051
13970
12052
13971
12053
13972
12054
13973
12055
13974
12056
13975
12057
13976
12058
13977
12059
13978
12060
13979
12061
13980
12062
13981
12063
13982
12064
13983
12065
13984
12066
13985
12067
13986
12068
13987
12069
13988
12070
13989
12071
13990
12072
13991
12073
13992
12074
13993
12075
13994
12076
13995
12077
13996
12078
13997
12079
13998
12080
13999
12081
14000
12082
14001
12083
14002
12084
14003
12085
14004
12086
14005
12087
14006
12088
14007
12089
14008
12090
14009
12091
14010
12092
14011
12093
14012
12094
14013
12095
14014
12096
14015
12097
14016
12098
14017
12099
14018
12100
14019
12101
14020
12102
14021
12103
14022
12104
14023
12105
14024
12106
14025
12107
14026
12108
14027
12109
14028
12110
14029
12111
14030
12112
14031
12113
14032
12114
14033
12115
14034
12116
14035
12117
14036
12118
14037
12119
14038
12120
14039
12121
14040
12122
14041
12123
14042
12124
14043
12125
14044
12126
14045
12127
14046
12128
14047
12129
14048
12130
14049
12131
14050
12132
14051
12133
14052
12134
14053
12135
14054
12136
14055
12137
14056
12138
14057
12139
14058
12140
14059
12141
14060
12142
14061
12143
14062
12144
14063
12145
14064
12146
14065
12147
14066
12148
14067
12149
14068
12150
14069
12151
14070
12152
14071
12153
14072
12154
14073
12155
14074
12156
14075
12157
14076
12158
14077
12159
14078
12160
14079
12161
14080
12162
14081
12163
14082
12164
14083
12165
14084
12166
14085
12167
14086
12168
14087
12169
14088
12170
14089
12171
14090
12172
14091
12173
14092
12174
14093
12175
14094
12176
14095
12177
14096
12178
14097
12179
14098
12180
14099
12181
14100
12182
14101
12183
14102
12184
14103
12185
14104
12186
14105
12187
14106
12188
14107
12189
14108
12190
14109
12191
14110
12192
14111
12193
14112
12194
14113
12195
14114
12196
14115
12197
14116
12198
14117
12199
14118
12200
14119
12201
14120
12202
14121
12203
14122
12204
14123
12205
14124
12206
14125
12207
14126
12208
14127
12209
14128
12210
14129
12211
14130
12212
14131
12213
14132
12214
14133
12215
14134
12216
14135
12217
14136
12218
14137
12219
14138
12220
14139
12221
14140
12222
14141
12223
14142
12224
14143
12225
14144
12226
14145
12227
14146
12228
14147
12229
14148
12230
14149
12231
14150
12232
14151
12233
14152
12234
14153
12235
14154
12236
14155
12237
14156
12238
14157
12239
14158
12240
14159
12241
14160
12242
14161
12243
14162
12244
14163
12245
14164
12246
14165
12247
14166
12248
14167
12249
14168
12250
14169
12251
14170
12252
14171
12253
14172
12254
14173
12255
14174
12256
14175
12257
14176
12258
14177
12259
14178
12260
14179
12261
14180
12262
14181
12263
14182
12264
14183
12265
14184
12266
14185
12267
14186
12268
14187
12269
14188
12270
14189
12271
14190
12272
14191
12273
14192
12274
14193
12275
14194
12276
14195
12277
14196
12278
14197
12279
14198
12280
14199
12281
14200
12282
14201
12283
14202
12284
14203
12285
14204
12286
14205
12287
14206
12288
14207
12289
14208
12290
14209
12291
14210
12292
14211
12293
14212
12294
14213
12295
14214
12296
14215
12297
14216
12298
14217
12299
14218
12300
14219
12301
14220
12302
14221
12303
14222
12304
14223
12305
14224
12306
14225
12307
14226
12308
14227
12309
14228
12310
14229
12311
14230
12312
14231
12313
14232
12314
14233
12315
14234
12316
14235
12317
14236
12318
14237
12319
14238
12320
14239
12321
14240
12322
14241
12323
14242
12324
14243
12325
14244
12326
14245
12327
14246
12328
14247
12329
14248
12330
14249
12331
14250
12332
14251
12333
14252
12334
14253
12335
14254
12336
14255
12337
14256
12338
14257
12339
14258
12340
14259
12341
14260
12342
14261
12343
14262
12344
14263
12345
14264
12346
14265
12347
14266
12348
14267
12349
14268
12350
14269
12351
14270
12352
14271
12353
14272
12354
14273
12355
14274
12356
14275
12357
14276
12358
14277
12359
14278
12360
14279
12361
14280
12362
14281
12363
14282
12364
14283
12365
14284
12366
14285
12367
14286
12368
14287
12369
14288
12370
14289
12371
14290
12372
14291
12373
14292
12374
14293
12375
14294
12376
14295
12377
14296
12378
14297
12379
14298
12380
14299
12381
14300
12382
14301
12383
14302
12384
14303
12385
14304
12386
14305
12387
14306
12388
14307
12389
14308
12390
14309
12391
14310
12392
14311
12393
14312
12394
14313
12395
14314
12396
14315
12397
14316
12398
14317
12399
14318
12400
14319
12401
14320
12402
14321
12403
14322
12404
14323
12405
14324
12406
14325
12407
14326
12408
14327
12409
14328
12410
14329
12411
14330
12412
14331
12413
14332
12414
14333
12415
14334
12416
14335
12417
14336
12418
14337
12419
14338
12420
14339
12421
14340
12422
14341
12423
14342
12424
14343
12425
14344
12426
14345
12427
14346
12428
14347
12429
14348
12430
14349
12431
14350
12432
14351
12433
14352
12434
14353
12435
14354
12436
14355
12437
14356
12438
14357
12439
14358
12440
14359
12441
14360
12442
14361
12443
14362
12444
14363
12445
14364
12446
14365
12447
14366
12448
14367
12449
14368
12450
14369
12451
14370
12452
14371
12453
14372
12454
14373
12455
14374
12456
14375
12457
14376
12458
14377
12459
14378
12460
14379
12461
14380
12462
14381
12463
14382
12464
14383
12465
14384
12466
14385
12467
14386
12468
14387
12469
14388
12470
14389
12471
14390
12472
14391
12473
14392
12474
14393
12475
14394
12476
14395
12477
14396
12478
14397
12479
14398
12480
14399
12481
14400
12482
14401
12483
14402
12484
14403
12485
14404
12486
14405
12487
14406
12488
14407
12489
14408
12490
14409
12491
14410
12492
14411
12493
14412
12494
14413
12495
14414
12496
14415
12497
14416
12498
14417
12499
14418
12500
14419
12501
14420
12502
14421
12503
14422
12504
14423
12505
14424
12506
14425
12507
14426
12508
14427
12509
14428
12510
14429
12511
14430
12512
14431
12513
14432
12514
14433
12515
14434
12516
14435
12517
14436
12518
14437
12519
14438
12520
14439
12521
14440
12522
14441
12523
14442
12524
14443
12525
14444
12526
14445
12527
14446
12528
14447
12529
14448
12530
14449
12531
14450
12532
14451
12533
14452
12534
14453
12535
14454
12536
14455
12537
14456
12538
14457
12539
14458
12540
14459
12541
14460
12542
14461
12543
14462
12544
14463
12545
14464
12546
14465
12547
14466
12548
14467
12549
14468
12550
14469
12551
14470
12552
14471
12553
14472
12554
14473
12555
14474
12556
14475
12557
14476
12558
14477
12559
14478
12560
14479
12561
14480
12562
14481
12563
14482
12564
14483
12565
14484
12566
14485
12567
14486
12568
14487
12569
14488
12570
14489
12571
14490
12572
14491
12573
14492
12574
14493
12575
14494
12576
14495
12577
14496
12578
14497
12579
14498
12580
14499
12581
14500
12582
14501
12583
14502
12584
14503
12585
14504
12586
14505
12587
14506
12588
14507
12589
14508
12590
14509
12591
14510
12592
14511
12593
14512
12594
14513
12595
14514
12596
14515
12597
14516
12598
14517
12599
14518
12600
14519
12601
14520
12602
14521
12603
14522
12604
14523
12605
14524
12606
14525
12607
14526
12608
14527
12609
14528
12610
14529
12611
14530
12612
14531
12613
14532
12614
14533
12615
14534
12616
14535
12617
14536
12618
14537
12619
14538
12620
14539
12621
14540
12622
14541
12623
14542
12624
14543
12625
14544
12626
14545
12627
14546
12628
14547
12629
14548
12630
14549
12631
14550
12632
14551
12633
14552
12634
14553
12635
14554
12636
14555
12637
14556
12638
14557
12639
14558
12640
14559
12641
14560
12642
14561
12643
14562
12644
14563
12645
14564
12646
14565
12647
14566
12648
14567
12649
14568
12650
14569
12651
14570
12652
14571
12653
14572
12654
14573
12655
14574
12656
14575
12657
14576
12658
14577
12659
14578
12660
14579
12661
14580
12662
14581
12663
14582
12664
14583
12665
14584
12666
14585
12667
14586
12668
14587
12669
14588
12670
14589
12671
14590
12672
14591
12673
14592
12674
14593
12675
14594
12676
14595
12677
14596
12678
14597
12679
14598
12680
14599
12681
14600
12682
14601
12683
14602
12684
14603
12685
14604
12686
14605
12687
14606
12688
14607
12689
14608
12690
14609
12691
14610
12692
14611
12693
14612
12694
14613
12695
14614
12696
14615
12697
14616
12698
14617
12699
14618
12700
14619
12701
14620
12702
14621
12703
14622
12704
14623
12705
14624
12706
14625
12707
14626
12708
14627
12709
14628
12710
14629
12711
14630
12712
14631
12713
14632
12714
14633
12715
14634
12716
14635
12717
14636
12718
14637
12719
14638
12720
14639
12721
14640
12722
14641
12723
14642
12724
14643
12725
14644
12726
14645
12727
14646
12728
14647
12729
14648
12730
14649
12731
14650
12732
14651
12733
14652
12734
14653
12735
14654
12736
14655
12737
14656
12738
14657
12739
14658
12740
14659
12741
14660
12742
14661
12743
14662
12744
14663
12745
14664
12746
14665
12747
14666
12748
14667
12749
14668
12750
14669
12751
14670
12752
14671
12753
14672
12754
14673
12755
14674
12756
14675
12757
14676
12758
14677
12759
14678
12760
14679
12761
14680
12762
14681
12763
14682
12764
14683
12765
14684
12766
14685
12767
14686
12768
14687
12769
14688
12770
14689
12771
14690
12772
14691
12773
14692
12774
14693
12775
14694
12776
14695
12777
14696
12778
14697
12779
14698
12780
14699
12781
14700
12782
14701
12783
14702
12784
14703
12785
14704
12786
14705
12787
14706
12788
14707
12789
14708
12790
14709
12791
14710
12792
14711
12793
14712
12794
14713
12795
14714
12796
14715
12797
14716
12798
14717
12799
14718
12800
14719
12801
14720
12802
14721
12803
14722
12804
14723
12805
14724
12806
14725
12807
14726
12808
14727
12809
14728
12810
14729
12811
14730
12812
14731
12813
14732
12814
14733
12815
14734
12816
14735
12817
14736
12818
14737
12819
14738
12820
14739
12821
14740
12822
14741
12823
14742
12824
14743
12825
14744
12826
14745
12827
14746
12828
14747
12829
14748
12830
14749
12831
14750
12832
14751
12833
14752
12834
14753
12835
14754
12836
14755
12837
14756
12838
14757
12839
14758
12840
14759
12841
14760
12842
14761
12843
14762
12844
14763
12845
14764
12846
14765
12847
14766
12848
14767
12849
14768
12850
14769
12851
14770
12852
14771
12853
14772
12854
14773
12855
14774
12856
14775
12857
14776
12858
14777
12859
14778
12860
14779
12861
14780
12862
14781
12863
14782
12864
14783
12865
14784
12866
14785
12867
14786
12868
14787
12869
14788
12870
14789
12871
14790
12872
14791
12873
14792
12874
14793
12875
14794
12876
14795
12877
14796
12878
14797
12879
14798
12880
14799
12881
14800
12882
14801
12883
14802
12884
14803
12885
14804
12886
14805
12887
14806
12888
14807
12889
14808
12890
14809
12891
14810
12892
14811
12893
14812
12894
14813
12895
14814
12896
14815
12897
14816
12898
14817
12899
14818
12900
14819
12901
14820
12902
14821
12903
14822
12904
14823
12905
14824
12906
14825
12907
14826
12908
14827
12909
14828
12910
14829
12911
14830
12912
14831
12913
14832
12914
14833
12915
14834
12916
14835
12917
14836
12918
14837
12919
14838
12920
14839
12921
14840
12922
14841
12923
14842
12924
14843
12925
14844
12926
14845
12927
14846
12928
14847
12929
14848
12930
14849
12931
14850
12932
14851
12933
14852
12934
14853
12935
14854
12936
14855
12937
14856
12938
14857
12939
14858
12940
14859
12941
14860
12942
14861
12943
14862
12944
14863
12945
14864
12946
14865
12947
14866
12948
14867
12949
14868
12950
14869
12951
14870
12952
14871
12953
14872
12954
14873
12955
14874
12956
14875
12957
14876
12958
14877
12959
14878
12960
14879
12961
14880
12962
14881
12963
14882
12964
14883
12965
14884
12966
14885
12967
14886
12968
14887
12969
14888
12970
14889
12971
14890
12972
14891
12973
14892
12974
14893
12975
14894
12976
14895
12977
14896
12978
14897
12979
14898
12980
14899
12981
14900
12982
14901
12983
14902
12984
14903
12985
14904
12986
14905
12987
14906
12988
14907
12989
14908
12990
14909
12991
14910
12992
14911
12993
14912
12994
14913
12995
14914
12996
14915
12997
14916
12998
14917
12999
14918
13000
14919
13001
14920
13002
14921
13003
14922
13004
14923
13005
14924
13006
14925
13007
14926
13008
14927
13009
14928
13010
14929
13011
14930
13012
14931
13013
14932
13014
14933
13015
14934
13016
14935
13017
14936
13018
14937
13019
14938
13020
14939
13021
14940
13022
14941
13023
14942
13024
14943
13025
14944
13026
14945
13027
14946
13028
14947
13029
14948
13030
14949
13031
14950
13032
14951
13033
14952
13034
14953
13035
14954
13036
14955
13037
14956
13038
14957
13039
14958
13040
14959
13041
14960
13042
14961
13043
14962
13044
14963
13045
14964
13046
14965
13047
14966
13048
14967
13049
14968
13050
14969
13051
14970
13052
14971
13053
14972
13054
14973
13055
14974
13056
14975
13057
14976
13058
14977
13059
14978
13060
14979
13061
14980
13062
14981
13063
14982
13064
14983
13065
14984
13066
14985
13067
14986
13068
14987
13069
14988
13070
14989
13071
14990
13072
14991
13073
14992
13074
14993
13075
14994
13076
14995
13077
14996
13078
14997
13079
14998
13080
14999
13081
15000
13082
15001
13083
15002
13084
15003
13085
15004
13086
15005
13087
15006
13088
15007
13089
15008
13090
15009
13091
15010
13092
15011
13093
15012
13094
15013
13095
15014
13096
15015
13097
15016
13098
15017
13099
15018
13100
15019
13101
15020
13102
15021
13103
15022
13104
15023
13105
15024
13106
15025
13107
15026
13108
15027
13109
15028
13110
15029
13111
15030
13112
15031
13113
15032
13114
15033
13115
15034
13116
15035
13117
15036
13118
15037
13119
15038
13120
15039
13121
15040
13122
15041
13123
15042
13124
15043
13125
15044
13126
15045
13127
15046
13128
15047
13129
15048
13130
15049
13131
15050
13132
15051
13133
15052
13134
15053
13135
15054
13136
15055
13137
15056
13138
15057
13139
15058
13140
15059
13141
15060
13142
15061
13143
15062
13144
15063
13145
15064
13146
15065
13147
15066
13148
15067
13149
15068
13150
15069
13151
15070
13152
15071
13153
15072
13154
15073
13155
15074
13156
15075
13157
15076
13158
15077
13159
15078
13160
15079
13161
15080
13162
15081
13163
15082
13164
15083
13165
15084
13166
15085
13167
15086
13168
15087
13169
15088
13170
15089
13171
15090
13172
15091
13173
15092
13174
15093
13175
15094
13176
15095
13177
15096
13178
15097
13179
15098
13180
15099
13181
15100
13182
15101
13183
15102
13184
15103
13185
15104
13186
15105
13187
15106
13188
15107
13189
15108
13190
15109
13191
15110
13192
15111
13193
15112
13194
15113
13195
15114
13196
15115
13197
15116
13198
15117
13199
15118
13200
15119
13201
15120
13202
15121
13203
15122
13204
15123
13205
15124
13206
15125
13207
15126
13208
15127
13209
15128
13210
15129
13211
15130
13212
15131
13213
15132
13214
15133
13215
15134
13216
15135
13217
15136
13218
15137
13219
15138
13220
15139
13221
15140
13222
15141
13223
15142
13224
15143
13225
15144
13226
15145
13227
15146
13228
15147
13229
15148
13230
15149
13231
15150
13232
15151
13233
15152
13234
15153
13235
15154
13236
15155
13237
15156
13238
15157
13239
15158
13240
15159
13241
15160
13242
15161
13243
15162
13244
15163
13245
15164
13246
15165
13247
15166
13248
15167
13249
15168
13250
15169
13251
15170
13252
15171
13253
15172
13254
15173
13255
15174
13256
15175
13257
15176
13258
15177
13259
15178
13260
15179
13261
15180
13262
15181
13263
15182
13264
15183
13265
15184
13266
15185
13267
15186
13268
15187
13269
15188
13270
15189
13271
15190
13272
15191
13273
15192
13274
15193
13275
15194
13276
15195
13277
15196
13278
15197
13279
15198
13280
15199
13281
15200
13282
15201
13283
15202
13284
15203
13285
15204
13286
15205
13287
15206
13288
15207
13289
15208
13290
15209
13291
15210
13292
15211
13293
15212
13294
15213
13295
15214
13296
15215
13297
15216
13298
15217
13299
15218
13300
15219
13301
15220
13302
15221
13303
15222
13304
15223
13305
15224
13306
15225
13307
15226
13308
15227
13309
15228
13310
15229
13311
15230
13312
15231
13313
15232
13314
15233
13315
15234
13316
15235
13317
15236
13318
15237
13319
15238
13320
15239
13321
15240
13322
15241
13323
15242
13324
15243
13325
15244
13326
15245
13327
15246
13328
15247
13329
15248
13330
15249
13331
15250
13332
15251
13333
15252
13334
15253
13335
15254
13336
15255
13337
15256
13338
15257
13339
15258
13340
15259
13341
15260
13342
15261
13343
15262
13344
15263
13345
15264
13346
15265
13347
15266
13348
15267
13349
15268
13350
15269
13351
15270
13352
15271
13353
15272
13354
15273
13355
15274
13356
15275
13357
15276
13358
15277
13359
15278
13360
15279
13361
15280
13362
15281
13363
15282
13364
15283
13365
15284
13366
15285
13367
15286
13368
15287
13369
15288
13370
15289
13371
15290
13372
15291
13373
15292
13374
15293
13375
15294
13376
15295
13377
15296
13378
15297
13379
15298
13380
15299
13381
15300
13382
15301
13383
15302
13384
15303
13385
15304
13386
15305
13387
15306
13388
15307
13389
15308
13390
15309
13391
15310
13392
15311
13393
15312
13394
15313
13395
15314
13396
15315
13397
15316
13398
15317
13399
15318
13400
15319
13401
15320
13402
15321
13403
15322
13404
15323
13405
15324
13406
15325
13407
15326
13408
15327
13409
15328
13410
15329
13411
15330
13412
15331
13413
15332
13414
15333
13415
15334
13416
15335
13417
15336
13418
15337
13419
15338
13420
15339
13421
15340
13422
15341
13423
15342
13424
15343
13425
15344
13426
15345
13427
15346
13428
15347
13429
15348
13430
15349
13431
15350
13432
15351
13433
15352
13434
15353
13435
15354
13436
15355
13437
15356
13438
15357
13439
15358
15359
13441
15360
13442
15361
13443
15362
13444
15363
13445
15364
13446
15365
13447
15366
13448
15367
13449
15368
13450
15369
13451
15370
13452
15371
13453
15372
13454
15373
13455
15374
13456
15375
13457
15376
13458
15377
13459
15378
13460
15379
13461
15380
13462
15381
13463
15382
13464
15383
13465
15384
13466
15385
13467
15386
13468
15387
13469
15388
13470
15389
13471
15390
13472
15391
13473
15392
13474
15393
13475
15394
13476
15395
13477
15396
13478
15397
13479
15398
13480
15399
13481
15400
13482
15401
13483
15402
13484
15403
13485
15404
13486
15405
13487
15406
13488
15407
13489
15408
13490
15409
13491
15410
13492
15411
13493
15412
13494
15413
13495
15414
13496
15415
13497
15416
13498
15417
13499
15418
13500
15419
13501
15420
13502
15421
13503
15422
13504
15423
13505
15424
13506
15425
13507
15426
13508
15427
13509
15428
13510
15429
13511
15430
13512
15431
13513
15432
13514
15433
13515
15434
13516
15435
13517
15436
13518
15437
13519
15438
13520
15439
13521
15440
13522
15441
13523
15442
13524
15443
13525
15444
13526
15445
13527
15446
13528
15447
13529
15448
13530
15449
13531
15450
13532
15451
13533
15452
13534
15453
13535
15454
13536
15455
13537
15456
13538
15457
13539
15458
13540
15459
13541
15460
13542
15461
13543
15462
13544
15463
13545
15464
13546
15465
13547
15466
13548
15467
13549
15468
13550
15469
13551
15470
13552
15471
13553
15472
13554
15473
13555
15474
13556
15475
13557
15476
13558
15477
13559
15478
13560
15479
13561
15480
13562
15481
13563
15482
13564
15483
13565
15484
13566
15485
13567
15486
13568
15487
13569
15488
13570
15489
13571
15490
13572
15491
13573
15492
13574
15493
13575
15494
13576
15495
13577
15496
13578
15497
13579
15498
13580
15499
13581
15500
13582
15501
13583
15502
13584
15503
13585
15504
13586
15505
13587
15506
13588
15507
13589
15508
13590
15509
13591
15510
13592
15511
13593
15512
13594
15513
13595
15514
13596
15515
13597
15516
13598
15517
13599
15518
13600
15519
13601
15520
13602
15521
13603
15522
13604
15523
13605
15524
13606
15525
13607
15526
13608
15527
13609
15528
13610
15529
13611
15530
13612
15531
13613
15532
13614
15533
13615
15534
13616
15535
13617
15536
13618
15537
13619
15538
13620
15539
13621
15540
13622
15541
13623
15542
13624
15543
13625
15544
13626
15545
13627
15546
13628
15547
13629
15548
13630
15549
13631
15550
13632
15551
13633
15552
13634
15553
13635
15554
13636
15555
13637
15556
13638
15557
13639
15558
13640
15559
13641
15560
13642
15561
13643
15562
13644
15563
13645
15564
13646
15565
13647
15566
13648
15567
13649
15568
13650
15569
13651
15570
13652
15571
13653
15572
13654
15573
13655
15574
13656
15575
13657
15576
13658
15577
13659
15578
13660
15579
13661
15580
13662
15581
13663
15582
13664
15583
13665
15584
13666
15585
13667
15586
13668
15587
13669
15588
13670
15589
13671
15590
13672
15591
13673
15592
13674
15593
13675
15594
13676
15595
13677
15596
13678
15597
13679
15598
13680
15599
13681
15600
13682
15601
13683
15602
13684
15603
13685
15604
13686
15605
13687
15606
13688
15607
13689
15608
13690
15609
13691
15610
13692
15611
13693
15612
13694
15613
13695
15614
13696
15615
13697
15616
13698
15617
13699
15618
13700
15619
13701
15620
13702
15621
13703
15622
13704
15623
13705
15624
13706
15625
13707
15626
13708
15627
13709
15628
13710
15629
13711
15630
13712
15631
13713
15632
13714
15633
13715
15634
13716
15635
13717
15636
13718
15637
13719
15638
13720
15639
13721
15640
13722
15641
13723
15642
13724
15643
13725
15644
13726
15645
13727
15646
13728
15647
13729
15648
13730
15649
13731
15650
13732
15651
13733
15652
13734
15653
13735
15654
13736
15655
13737
15656
13738
15657
13739
15658
13740
15659
13741
15660
13742
15661
13743
15662
13744
15663
13745
15664
13746
15665
13747
15666
13748
15667
13749
15668
13750
15669
13751
15670
13752
15671
13753
15672
13754
15673
13755
15674
13756
15675
13757
15676
13758
15677
13759
15678
13760
15679
13761
15680
13762
15681
13763
15682
13764
15683
13765
15684
13766
15685
13767
15686
13768
15687
13769
15688
13770
15689
13771
15690
13772
15691
13773
15692
13774
15693
13775
15694
13776
15695
13777
15696
13778
15697
13779
15698
13780
15699
13781
15700
13782
15701
13783
15702
13784
15703
13785
15704
13786
15705
13787
15706
13788
15707
13789
15708
13790
15709
13791
15710
13792
15711
13793
15712
13794
15713
13795
15714
13796
15715
13797
15716
13798
15717
13799
15718
13800
15719
13801
15720
13802
15721
13803
15722
13804
15723
13805
15724
13806
15725
13807
15726
13808
15727
13809
15728
13810
15729
13811
15730
13812
15731
13813
15732
13814
15733
13815
15734
13816
15735
13817
15736
13818
15737
13819
15738
13820
15739
13821
15740
13822
15741
13823
15742
13824
15743
13825
15744
13826
15745
13827
15746
13828
15747
13829
15748
13830
15749
13831
15750
13832
15751
13833
15752
13834
15753
13835
15754
13836
15755
13837
15756
13838
15757
13839
15758
13840
15759
13841
15760
13842
15761
13843
15762
13844
15763
13845
15764
13846
15765
13847
15766
13848
15767
13849
15768
13850
15769
13851
15770
13852
15771
13853
15772
13854
15773
13855
15774
13856
15775
13857
15776
13858
15777
13859
15778
13860
15779
13861
15780
13862
15781
13863
15782
13864
15783
13865
15784
13866
15785
13867
15786
13868
15787
13869
15788
13870
15789
13871
15790
13872
15791
13873
15792
13874
15793
13875
15794
13876
15795
13877
15796
13878
15797
13879
15798
13880
15799
13881
15800
13882
15801
13883
15802
13884
15803
13885
15804
13886
15805
13887
15806
13888
15807
13889
15808
13890
15809
13891
15810
13892
15811
13893
15812
13894
15813
13895
15814
13896
15815
13897
15816
13898
15817
13899
15818
13900
15819
13901
15820
13902
15821
13903
15822
13904
15823
13905
15824
13906
15825
13907
15826
13908
15827
13909
15828
13910
15829
13911
15830
13912
15831
13913
15832
13914
15833
13915
15834
13916
15835
13917
15836
13918
15837
13919
15838
13920
15839
13921
15840
13922
15841
13923
15842
13924
15843
13925
15844
13926
15845
13927
15846
13928
15847
13929
15848
13930
15849
13931
15850
13932
15851
13933
15852
13934
15853
13935
15854
13936
15855
13937
15856
13938
15857
13939
15858
13940
15859
13941
15860
13942
15861
13943
15862
13944
15863
13945
15864
13946
15865
13947
15866
13948
15867
13949
15868
13950
15869
13951
15870
13952
15871
13953
15872
13954
15873
13955
15874
13956
15875
13957
15876
13958
15877
13959
15878
13960
15879
13961
15880
13962
15881
13963
15882
13964
15883
13965
15884
13966
15885
13967
15886
13968
15887
13969
15888
13970
15889
13971
15890
13972
15891
13973
15892
13974
15893
13975
15894
13976
15895
13977
15896
13978
15897
13979
15898
13980
15899
13981
15900
13982
15901
13983
15902
13984
15903
13985
15904
13986
15905
13987
15906
13988
15907
13989
15908
13990
15909
13991
15910
13992
15911
13993
15912
13994
15913
13995
15914
13996
15915
13997
15916
13998
15917
13999
15918
14000
15919
14001
15920
14002
15921
14003
15922
14004
15923
14005
15924
14006
15925
14007
15926
14008
15927
14009
15928
14010
15929
14011
15930
14012
15931
14013
15932
14014
15933
14015
15934
14016
15935
14017
15936
14018
15937
14019
15938
14020
15939
14021
15940
14022
15941
14023
15942
14024
15943
14025
15944
14026
15945
14027
15946
14028
15947
14029
15948
14030
15949
14031
15950
14032
15951
14033
15952
14034
15953
14035
15954
14036
15955
14037
15956
14038
15957
14039
15958
14040
15959
14041
15960
14042
15961
14043
15962
14044
15963
14045
15964
14046
15965
14047
15966
14048
15967
14049
15968
14050
15969
14051
15970
14052
15971
14053
15972
14054
15973
14055
15974
14056
15975
14057
15976
14058
15977
14059
15978
14060
15979
14061
15980
14062
15981
14063
15982
14064
15983
14065
15984
14066
15985
14067
15986
14068
15987
14069
15988
14070
15989
14071
15990
14072
15991
14073
15992
14074
15993
14075
15994
14076
15995
14077
15996
14078
15997
14079
15998
14080
15999
14081
16000
14082
16001
14083
16002
14084
16003
14085
16004
14086
16005
14087
16006
14088
16007
14089
16008
14090
16009
14091
16010
14092
16011
14093
16012
14094
16013
14095
16014
14096
16015
14097
16016
14098
16017
14099
16018
14100
16019
14101
16020
14102
16021
14103
16022
14104
16023
14105
16024
14106
16025
14107
16026
14108
16027
14109
16028
14110
16029
14111
16030
14112
16031
14113
16032
14114
16033
14115
16034
14116
16035
14117
16036
14118
16037
14119
16038
14120
16039
14121
16040
14122
16041
14123
16042
14124
16043
14125
16044
14126
16045
14127
16046
14128
16047
14129
16048
14130
16049
14131
16050
14132
16051
14133
16052
14134
16053
14135
16054
14136
16055
14137
16056
14138
16057
14139
16058
14140
16059
14141
16060
14142
16061
14143
16062
14144
16063
14145
16064
14146
16065
14147
16066
14148
16067
14149
16068
14150
16069
14151
16070
14152
16071
14153
16072
14154
16073
14155
16074
14156
16075
14157
16076
14158
16077
14159
16078
14160
16079
14161
16080
14162
16081
14163
16082
14164
16083
14165
16084
14166
16085
14167
16086
14168
16087
14169
16088
14170
16089
14171
16090
14172
16091
14173
16092
14174
16093
14175
16094
14176
16095
14177
16096
14178
16097
14179
16098
14180
16099
14181
16100
14182
16101
14183
16102
14184
16103
14185
16104
14186
16105
14187
16106
14188
16107
14189
16108
14190
16109
14191
16110
14192
16111
14193
16112
14194
16113
14195
16114
14196
16115
14197
16116
14198
16117
14199
16118
14200
16119
14201
16120
14202
16121
14203
16122
14204
16123
14205
16124
14206
16125
14207
16126
14208
16127
14209
16128
14210
16129
14211
16130
14212
16131
14213
16132
14214
16133
14215
16134
14216
16135
14217
16136
14218
16137
14219
16138
14220
16139
14221
16140
14222
16141
14223
16142
14224
16143
14225
16144
14226
16145
14227
16146
14228
16147
14229
16148
14230
16149
14231
16150
14232
16151
14233
16152
14234
16153
14235
16154
14236
16155
14237
16156
14238
16157
14239
16158
14240
16159
14241
16160
14242
16161
14243
16162
14244
16163
14245
16164
14246
16165
14247
16166
14248
16167
14249
16168
14250
16169
14251
16170
14252
16171
14253
16172
14254
16173
14255
16174
14256
16175
14257
16176
14258
16177
14259
16178
14260
16179
14261
16180
14262
16181
14263
16182
14264
16183
14265
16184
14266
16185
14267
16186
14268
16187
14269
16188
14270
16189
14271
16190
14272
16191
14273
16192
14274
16193
14275
16194
14276
16195
14277
16196
14278
16197
14279
16198
14280
16199
14281
16200
14282
16201
14283
16202
14284
16203
14285
16204
14286
16205
14287
16206
14288
16207
14289
16208
14290
16209
14291
16210
14292
16211
14293
16212
14294
16213
14295
16214
14296
16215
14297
16216
14298
16217
14299
16218
14300
16219
14301
16220
14302
16221
14303
16222
14304
16223
14305
16224
14306
16225
14307
16226
14308
16227
14309
16228
14310
16229
14311
16230
14312
16231
14313
16232
14314
16233
14315
16234
14316
16235
14317
16236
14318
16237
14319
16238
14320
16239
14321
16240
14322
16241
14323
16242
14324
16243
14325
16244
14326
16245
14327
16246
14328
16247
14329
16248
14330
16249
14331
16250
14332
16251
14333
16252
14334
16253
14335
16254
14336
16255
14337
16256
14338
16257
14339
16258
14340
16259
14341
16260
14342
16261
14343
16262
14344
16263
14345
16264
14346
16265
14347
16266
14348
16267
14349
16268
14350
16269
14351
16270
14352
16271
14353
16272
14354
16273
14355
16274
14356
16275
14357
16276
14358
16277
14359
16278
14360
16279
14361
16280
14362
16281
14363
16282
14364
16283
14365
16284
14366
16285
14367
16286
14368
16287
14369
16288
14370
16289
14371
16290
14372
16291
14373
16292
14374
16293
14375
16294
14376
16295
14377
16296
14378
16297
14379
16298
14380
16299
14381
16300
14382
16301
14383
16302
14384
16303
14385
16304
14386
16305
14387
16306
14388
16307
14389
16308
14390
16309
14391
16310
14392
16311
14393
16312
14394
16313
14395
16314
14396
16315
14397
16316
14398
16317
14399
16318
14400
16319
14401
16320
14402
16321
14403
16322
14404
16323
14405
16324
14406
16325
14407
16326
14408
16327
14409
16328
14410
16329
14411
16330
14412
16331
14413
16332
14414
16333
14415
16334
14416
16335
14417
16336
14418
16337
14419
16338
14420
16339
14421
16340
14422
16341
14423
16342
14424
16343
14425
16344
14426
16345
14427
16346
14428
16347
14429
16348
14430
16349
14431
16350
14432
16351
14433
16352
14434
16353
14435
16354
14436
16355
14437
16356
14438
16357
14439
16358
14440
16359
14441
16360
14442
16361
14443
16362
14444
16363
14445
16364
14446
16365
14447
16366
14448
16367
14449
16368
14450
16369
14451
16370
14452
16371
14453
16372
14454
16373
14455
16374
14456
16375
14457
16376
14458
16377
14459
16378
14460
16379
14461
16380
14462
16381
14463
16382
14464
16383
14465
16384
14466
16385
14467
16386
14468
16387
14469
16388
14470
16389
14471
16390
14472
16391
14473
16392
14474
16393
14475
16394
14476
16395
14477
16396
14478
16397
14479
16398
14480
16399
14481
16400
14482
16401
14483
16402
14484
16403
14485
16404
14486
16405
14487
16406
14488
16407
14489
16408
14490
16409
14491
16410
14492
16411
14493
16412
14494
16413
14495
16414
14496
16415
14497
16416
14498
16417
14499
16418
14500
16419
14501
16420
14502
16421
14503
16422
14504
16423
14505
16424
14506
16425
14507
16426
14508
16427
14509
16428
14510
16429
14511
16430
14512
16431
14513
16432
14514
16433
14515
16434
14516
16435
14517
16436
14518
16437
14519
16438
14520
16439
14521
16440
14522
16441
14523
16442
14524
16443
14525
16444
14526
16445
14527
16446
14528
16447
14529
16448
14530
16449
14531
16450
14532
16451
14533
16452
14534
16453
14535
16454
14536
16455
14537
16456
14538
16457
14539
16458
14540
16459
14541
16460
14542
16461
14543
16462
14544
16463
14545
16464
14546
16465
14547
16466
14548
16467
14549
16468
14550
16469
14551
16470
14552
16471
14553
16472
14554
16473
14555
16474
14556
16475
14557
16476
14558
16477
14559
16478
14560
16479
14561
16480
14562
16481
14563
16482
14564
16483
14565
16484
14566
16485
14567
16486
14568
16487
14569
16488
14570
16489
14571
16490
14572
16491
14573
16492
14574
16493
14575
16494
14576
16495
14577
16496
14578
16497
14579
16498
14580
16499
14581
16500
14582
16501
14583
16502
14584
16503
14585
16504
14586
16505
14587
16506
14588
16507
14589
16508
14590
16509
14591
16510
14592
16511
14593
16512
14594
16513
14595
16514
14596
16515
14597
16516
14598
16517
14599
16518
14600
16519
14601
16520
14602
16521
14603
16522
14604
16523
14605
16524
14606
16525
14607
16526
14608
16527
14609
16528
14610
16529
14611
16530
14612
16531
14613
16532
14614
16533
14615
16534
14616
16535
14617
16536
14618
16537
14619
16538
14620
16539
14621
16540
14622
16541
14623
16542
14624
16543
14625
16544
14626
16545
14627
16546
14628
16547
14629
16548
14630
16549
14631
16550
14632
16551
14633
16552
14634
16553
14635
16554
14636
16555
14637
16556
14638
16557
14639
16558
14640
16559
14641
16560
14642
16561
14643
16562
14644
16563
14645
16564
14646
16565
14647
16566
14648
16567
14649
16568
14650
16569
14651
16570
14652
16571
14653
16572
14654
16573
14655
16574
14656
16575
14657
16576
14658
16577
14659
16578
14660
16579
14661
16580
14662
16581
14663
16582
14664
16583
14665
16584
14666
16585
14667
16586
14668
16587
14669
16588
14670
16589
14671
16590
14672
16591
14673
16592
14674
16593
14675
16594
14676
16595
14677
16596
14678
16597
14679
16598
14680
16599
14681
16600
14682
16601
14683
16602
14684
16603
14685
16604
14686
16605
14687
16606
14688
16607
14689
16608
14690
16609
14691
16610
14692
16611
14693
16612
14694
16613
14695
16614
14696
16615
14697
16616
14698
16617
14699
16618
14700
16619
14701
16620
14702
16621
14703
16622
14704
16623
14705
16624
14706
16625
14707
16626
14708
16627
14709
16628
14710
16629
14711
16630
14712
16631
14713
16632
14714
16633
14715
16634
14716
16635
14717
16636
14718
16637
14719
16638
14720
16639
14721
16640
14722
16641
14723
16642
14724
16643
14725
16644
14726
16645
14727
16646
14728
16647
14729
16648
14730
16649
14731
16650
14732
16651
14733
16652
14734
16653
14735
16654
14736
16655
14737
16656
14738
16657
14739
16658
14740
16659
14741
16660
14742
16661
14743
16662
14744
16663
14745
16664
14746
16665
14747
16666
14748
16667
14749
16668
14750
16669
14751
16670
14752
16671
14753
16672
14754
16673
14755
16674
14756
16675
14757
16676
14758
16677
14759
16678
14760
16679
14761
16680
14762
16681
14763
16682
14764
16683
14765
16684
14766
16685
14767
16686
14768
16687
14769
16688
14770
16689
14771
16690
14772
16691
14773
16692
14774
16693
14775
16694
14776
16695
14777
16696
14778
16697
14779
16698
14780
16699
14781
16700
14782
16701
14783
16702
14784
16703
14785
16704
14786
16705
14787
16706
14788
16707
14789
16708
14790
16709
14791
16710
14792
16711
14793
16712
14794
16713
14795
16714
14796
16715
14797
16716
14798
16717
14799
16718
14800
16719
14801
16720
14802
16721
14803
16722
14804
16723
14805
16724
14806
16725
14807
16726
14808
16727
14809
16728
14810
16729
14811
16730
14812
16731
14813
16732
14814
16733
14815
16734
14816
16735
14817
16736
14818
16737
14819
16738
14820
16739
14821
16740
14822
16741
14823
16742
14824
16743
14825
16744
14826
16745
14827
16746
14828
16747
14829
16748
14830
16749
14831
16750
14832
16751
14833
16752
14834
16753
14835
16754
14836
16755
14837
16756
14838
16757
14839
16758
14840
16759
14841
16760
14842
16761
14843
16762
14844
16763
14845
16764
14846
16765
14847
16766
14848
16767
14849
16768
14850
16769
14851
16770
14852
16771
14853
16772
14854
16773
14855
16774
14856
16775
14857
16776
14858
16777
14859
16778
14860
16779
14861
16780
14862
16781
14863
16782
14864
16783
14865
16784
14866
16785
14867
16786
14868
16787
14869
16788
14870
16789
14871
16790
14872
16791
14873
16792
14874
16793
14875
16794
14876
16795
14877
16796
14878
16797
14879
16798
14880
16799
14881
16800
14882
16801
14883
16802
14884
16803
14885
16804
14886
16805
14887
16806
14888
16807
14889
16808
14890
16809
14891
16810
14892
16811
14893
16812
14894
16813
14895
16814
14896
16815
14897
16816
14898
16817
14899
16818
14900
16819
14901
16820
14902
16821
14903
16822
14904
16823
14905
16824
14906
16825
14907
16826
14908
16827
14909
16828
14910
16829
14911
16830
14912
16831
14913
16832
14914
16833
14915
16834
14916
16835
14917
16836
14918
16837
14919
16838
14920
16839
14921
16840
14922
16841
14923
16842
14924
16843
14925
16844
14926
16845
14927
16846
14928
16847
14929
16848
14930
16849
14931
16850
14932
16851
14933
16852
14934
16853
14935
16854
14936
16855
14937
16856
14938
16857
14939
16858
14940
16859
14941
16860
14942
16861
14943
16862
14944
16863
14945
16864
14946
16865
14947
16866
14948
16867
14949
16868
14950
16869
14951
16870
14952
16871
14953
16872
14954
16873
14955
16874
14956
16875
14957
16876
14958
16877
14959
16878
14960
16879
14961
16880
14962
16881
14963
16882
14964
16883
14965
16884
14966
16885
14967
16886
14968
16887
14969
16888
14970
16889
14971
16890
14972
16891
14973
16892
14974
16893
14975
16894
14976
16895
14977
16896
14978
16897
14979
16898
14980
16899
14981
16900
14982
16901
14983
16902
14984
16903
14985
16904
14986
16905
14987
16906
14988
16907
14989
16908
14990
16909
14991
16910
14992
16911
14993
16912
14994
16913
14995
16914
14996
16915
14997
16916
14998
16917
14999
16918
15000
16919
15001
16920
15002
16921
15003
16922
15004
16923
15005
16924
15006
16925
15007
16926
15008
16927
15009
16928
15010
16929
15011
16930
15012
16931
15013
16932
15014
16933
15015
16934
15016
16935
15017
16936
15018
16937
15019
16938
15020
16939
15021
16940
15022
16941
15023
16942
15024
16943
15025
16944
15026
16945
15027
16946
15028
16947
15029
16948
15030
16949
15031
16950
15032
16951
15033
16952
15034
16953
15035
16954
15036
16955
15037
16956
15038
16957
15039
16958
15040
16959
15041
16960
15042
16961
15043
16962
15044
16963
15045
16964
15046
16965
15047
16966
15048
16967
15049
16968
15050
16969
15051
16970
15052
16971
15053
16972
15054
16973
15055
16974
15056
16975
15057
16976
15058
16977
15059
16978
15060
16979
15061
16980
15062
16981
15063
16982
15064
16983
15065
16984
15066
16985
15067
16986
15068
16987
15069
16988
15070
16989
15071
16990
15072
16991
15073
16992
15074
16993
15075
16994
15076
16995
15077
16996
15078
16997
15079
16998
15080
16999
15081
17000
15082
17001
15083
17002
15084
17003
15085
17004
15086
17005
15087
17006
15088
17007
15089
17008
15090
17009
15091
17010
15092
17011
15093
17012
15094
17013
15095
17014
15096
17015
15097
17016
15098
17017
15099
17018
15100
17019
15101
17020
15102
17021
15103
17022
15104
17023
15105
17024
15106
17025
15107
17026
15108
17027
15109
17028
15110
17029
15111
17030
15112
17031
15113
17032
15114
17033
15115
17034
15116
17035
15117
17036
15118
17037
15119
17038
15120
17039
15121
17040
15122
17041
15123
17042
15124
17043
15125
17044
15126
17045
15127
17046
15128
17047
15129
17048
15130
17049
15131
17050
15132
17051
15133
17052
15134
17053
15135
17054
15136
17055
15137
17056
15138
17057
15139
17058
15140
17059
15141
17060
15142
17061
15143
17062
15144
17063
15145
17064
15146
17065
15147
17066
15148
17067
15149
17068
15150
17069
15151
17070
15152
17071
15153
17072
15154
17073
15155
17074
15156
17075
15157
17076
15158
17077
15159
17078
15160
17079
15161
17080
15162
17081
15163
17082
15164
17083
15165
17084
15166
17085
15167
17086
15168
17087
15169
17088
15170
17089
15171
17090
15172
17091
15173
17092
15174
17093
15175
17094
15176
17095
15177
17096
15178
17097
15179
17098
15180
17099
15181
17100
15182
17101
15183
17102
15184
17103
15185
17104
15186
17105
15187
17106
15188
17107
15189
17108
15190
17109
15191
17110
15192
17111
15193
17112
15194
17113
15195
17114
15196
17115
15197
17116
15198
17117
15199
17118
15200
17119
15201
17120
15202
17121
15203
17122
15204
17123
15205
17124
15206
17125
15207
17126
15208
17127
15209
17128
15210
17129
15211
17130
15212
17131
15213
17132
15214
17133
15215
17134
15216
17135
15217
17136
15218
17137
15219
17138
15220
17139
15221
17140
15222
17141
15223
17142
15224
17143
15225
17144
15226
17145
15227
17146
15228
17147
15229
17148
15230
17149
15231
17150
15232
17151
15233
17152
15234
17153
15235
17154
15236
17155
15237
17156
15238
17157
15239
17158
15240
17159
15241
17160
15242
17161
15243
17162
15244
17163
15245
17164
15246
17165
15247
17166
15248
17167
15249
17168
15250
17169
15251
17170
15252
17171
15253
17172
15254
17173
15255
17174
15256
17175
15257
17176
15258
17177
15259
17178
15260
17179
15261
17180
15262
17181
15263
17182
15264
17183
15265
17184
15266
17185
15267
17186
15268
17187
15269
17188
15270
17189
15271
17190
15272
17191
15273
17192
15274
17193
15275
17194
15276
17195
15277
17196
15278
17197
15279
17198
15280
17199
15281
17200
15282
17201
15283
17202
15284
17203
15285
17204
15286
17205
15287
17206
15288
17207
15289
17208
15290
17209
15291
17210
15292
17211
15293
17212
15294
17213
15295
17214
15296
17215
15297
17216
15298
17217
15299
17218
15300
17219
15301
17220
15302
17221
15303
17222
15304
17223
15305
17224
15306
17225
15307
17226
15308
17227
15309
17228
15310
17229
15311
17230
15312
17231
15313
17232
15314
17233
15315
17234
15316
17235
15317
17236
15318
17237
15319
17238
15320
17239
15321
17240
15322
17241
15323
17242
15324
17243
15325
17244
15326
17245
15327
17246
15328
17247
15329
17248
15330
17249
15331
17250
15332
17251
15333
17252
15334
17253
15335
17254
15336
17255
15337
17256
15338
17257
15339
17258
15340
17259
15341
17260
15342
17261
15343
17262
15344
17263
15345
17264
15346
17265
15347
17266
15348
17267
15349
17268
15350
17269
15351
17270
15352
17271
15353
17272
15354
17273
15355
17274
15356
17275
15357
17276
15358
17277
15359
17278
17279
15361
17280
15362
17281
15363
17282
15364
17283
15365
17284
15366
17285
15367
17286
15368
17287
15369
17288
15370
17289
15371
17290
15372
17291
15373
17292
15374
17293
15375
17294
15376
17295
15377
17296
15378
17297
15379
17298
15380
17299
15381
17300
15382
17301
15383
17302
15384
17303
15385
17304
15386
17305
15387
17306
15388
17307
15389
17308
15390
17309
15391
17310
15392
17311
15393
17312
15394
17313
15395
17314
15396
17315
15397
17316
15398
17317
15399
17318
15400
17319
15401
17320
15402
17321
15403
17322
15404
17323
15405
17324
15406
17325
15407
17326
15408
17327
15409
17328
15410
17329
15411
17330
15412
17331
15413
17332
15414
17333
15415
17334
15416
17335
15417
17336
15418
17337
15419
17338
15420
17339
15421
17340
15422
17341
15423
17342
15424
17343
15425
17344
15426
17345
15427
17346
15428
17347
15429
17348
15430
17349
15431
17350
15432
17351
15433
17352
15434
17353
15435
17354
15436
17355
15437
17356
15438
17357
15439
17358
15440
17359
15441
17360
15442
17361
15443
17362
15444
17363
15445
17364
15446
17365
15447
17366
15448
17367
15449
17368
15450
17369
15451
17370
15452
17371
15453
17372
15454
17373
15455
17374
15456
17375
15457
17376
15458
17377
15459
17378
15460
17379
15461
17380
15462
17381
15463
17382
15464
17383
15465
17384
15466
17385
15467
17386
15468
17387
15469
17388
15470
17389
15471
17390
15472
17391
15473
17392
15474
17393
15475
17394
15476
17395
15477
17396
15478
17397
15479
17398
15480
17399
15481
17400
15482
17401
15483
17402
15484
17403
15485
17404
15486
17405
15487
17406
15488
17407
15489
17408
15490
17409
15491
17410
15492
17411
15493
17412
15494
17413
15495
17414
15496
17415
15497
17416
15498
17417
15499
17418
15500
17419
15501
17420
15502
17421
15503
17422
15504
17423
15505
17424
15506
17425
15507
17426
15508
17427
15509
17428
15510
17429
15511
17430
15512
17431
15513
17432
15514
17433
15515
17434
15516
17435
15517
17436
15518
17437
15519
17438
15520
17439
15521
17440
15522
17441
15523
17442
15524
17443
15525
17444
15526
17445
15527
17446
15528
17447
15529
17448
15530
17449
15531
17450
15532
17451
15533
17452
15534
17453
15535
17454
15536
17455
15537
17456
15538
17457
15539
17458
15540
17459
15541
17460
15542
17461
15543
17462
15544
17463
15545
17464
15546
17465
15547
17466
15548
17467
15549
17468
15550
17469
15551
17470
15552
17471
15553
17472
15554
17473
15555
17474
15556
17475
15557
17476
15558
17477
15559
17478
15560
17479
15561
17480
15562
17481
15563
17482
15564
17483
15565
17484
15566
17485
15567
17486
15568
17487
15569
17488
15570
17489
15571
17490
15572
17491
15573
17492
15574
17493
15575
17494
15576
17495
15577
17496
15578
17497
15579
17498
15580
17499
15581
17500
15582
17501
15583
17502
15584
17503
15585
17504
15586
17505
15587
17506
15588
17507
15589
17508
15590
17509
15591
17510
15592
17511
15593
17512
15594
17513
15595
17514
15596
17515
15597
17516
15598
17517
15599
17518
15600
17519
15601
17520
15602
17521
15603
17522
15604
17523
15605
17524
15606
17525
15607
17526
15608
17527
15609
17528
15610
17529
15611
17530
15612
17531
15613
17532
15614
17533
15615
17534
15616
17535
15617
17536
15618
17537
15619
17538
15620
17539
15621
17540
15622
17541
15623
17542
15624
17543
15625
17544
15626
17545
15627
17546
15628
17547
15629
17548
15630
17549
15631
17550
15632
17551
15633
17552
15634
17553
15635
17554
15636
17555
15637
17556
15638
17557
15639
17558
15640
17559
15641
17560
15642
17561
15643
17562
15644
17563
15645
17564
15646
17565
15647
17566
15648
17567
15649
17568
15650
17569
15651
17570
15652
17571
15653
17572
15654
17573
15655
17574
15656
17575
15657
17576
15658
17577
15659
17578
15660
17579
15661
17580
15662
17581
15663
17582
15664
17583
15665
17584
15666
17585
15667
17586
15668
17587
15669
17588
15670
17589
15671
17590
15672
17591
15673
17592
15674
17593
15675
17594
15676
17595
15677
17596
15678
17597
15679
17598
15680
17599
15681
17600
15682
17601
15683
17602
15684
17603
15685
17604
15686
17605
15687
17606
15688
17607
15689
17608
15690
17609
15691
17610
15692
17611
15693
17612
15694
17613
15695
17614
15696
17615
15697
17616
15698
17617
15699
17618
15700
17619
15701
17620
15702
17621
15703
17622
15704
17623
15705
17624
15706
17625
15707
17626
15708
17627
15709
17628
15710
17629
15711
17630
15712
17631
15713
17632
15714
17633
15715
17634
15716
17635
15717
17636
15718
17637
15719
17638
15720
17639
15721
17640
15722
17641
15723
17642
15724
17643
15725
17644
15726
17645
15727
17646
15728
17647
15729
17648
15730
17649
15731
17650
15732
17651
15733
17652
15734
17653
15735
17654
15736
17655
15737
17656
15738
17657
15739
17658
15740
17659
15741
17660
15742
17661
15743
17662
15744
17663
15745
17664
15746
17665
15747
17666
15748
17667
15749
17668
15750
17669
15751
17670
15752
17671
15753
17672
15754
17673
15755
17674
15756
17675
15757
17676
15758
17677
15759
17678
15760
17679
15761
17680
15762
17681
15763
17682
15764
17683
15765
17684
15766
17685
15767
17686
15768
17687
15769
17688
15770
17689
15771
17690
15772
17691
15773
17692
15774
17693
15775
17694
15776
17695
15777
17696
15778
17697
15779
17698
15780
17699
15781
17700
15782
17701
15783
17702
15784
17703
15785
17704
15786
17705
15787
17706
15788
17707
15789
17708
15790
17709
15791
17710
15792
17711
15793
17712
15794
17713
15795
17714
15796
17715
15797
17716
15798
17717
15799
17718
15800
17719
15801
17720
15802
17721
15803
17722
15804
17723
15805
17724
15806
17725
15807
17726
15808
17727
15809
17728
15810
17729
15811
17730
15812
17731
15813
17732
15814
17733
15815
17734
15816
17735
15817
17736
15818
17737
15819
17738
15820
17739
15821
17740
15822
17741
15823
17742
15824
17743
15825
17744
15826
17745
15827
17746
15828
17747
15829
17748
15830
17749
15831
17750
15832
17751
15833
17752
15834
17753
15835
17754
15836
17755
15837
17756
15838
17757
15839
17758
15840
17759
15841
17760
15842
17761
15843
17762
15844
17763
15845
17764
15846
17765
15847
17766
15848
17767
15849
17768
15850
17769
15851
17770
15852
17771
15853
17772
15854
17773
15855
17774
15856
17775
15857
17776
15858
17777
15859
17778
15860
17779
15861
17780
15862
17781
15863
17782
15864
17783
15865
17784
15866
17785
15867
17786
15868
17787
15869
17788
15870
17789
15871
17790
15872
17791
15873
17792
15874
17793
15875
17794
15876
17795
15877
17796
15878
17797
15879
17798
15880
17799
15881
17800
15882
17801
15883
17802
15884
17803
15885
17804
15886
17805
15887
17806
15888
17807
15889
17808
15890
17809
15891
17810
15892
17811
15893
17812
15894
17813
15895
17814
15896
17815
15897
17816
15898
17817
15899
17818
15900
17819
15901
17820
15902
17821
15903
17822
15904
17823
15905
17824
15906
17825
15907
17826
15908
17827
15909
17828
15910
17829
15911
17830
15912
17831
15913
17832
15914
17833
15915
17834
15916
17835
15917
17836
15918
17837
15919
17838
15920
17839
15921
17840
15922
17841
15923
17842
15924
17843
15925
17844
15926
17845
15927
17846
15928
17847
15929
17848
15930
17849
15931
17850
15932
17851
15933
17852
15934
17853
15935
17854
15936
17855
15937
17856
15938
17857
15939
17858
15940
17859
15941
17860
15942
17861
15943
17862
15944
17863
15945
17864
15946
17865
15947
17866
15948
17867
15949
17868
15950
17869
15951
17870
15952
17871
15953
17872
15954
17873
15955
17874
15956
17875
15957
17876
15958
17877
15959
17878
15960
17879
15961
17880
15962
17881
15963
17882
15964
17883
15965
17884
15966
17885
15967
17886
15968
17887
15969
17888
15970
17889
15971
17890
15972
17891
15973
17892
15974
17893
15975
17894
15976
17895
15977
17896
15978
17897
15979
17898
15980
17899
15981
17900
15982
17901
15983
17902
15984
17903
15985
17904
15986
17905
15987
17906
15988
17907
15989
17908
15990
17909
15991
17910
15992
17911
15993
17912
15994
17913
15995
17914
15996
17915
15997
17916
15998
17917
15999
17918
16000
17919
16001
17920
16002
17921
16003
17922
16004
17923
16005
17924
16006
17925
16007
17926
16008
17927
16009
17928
16010
17929
16011
17930
16012
17931
16013
17932
16014
17933
16015
17934
16016
17935
16017
17936
16018
17937
16019
17938
16020
17939
16021
17940
16022
17941
16023
17942
16024
17943
16025
17944
16026
17945
16027
17946
16028
17947
16029
17948
16030
17949
16031
17950
16032
17951
16033
17952
16034
17953
16035
17954
16036
17955
16037
17956
16038
17957
16039
17958
16040
17959
16041
17960
16042
17961
16043
17962
16044
17963
16045
17964
16046
17965
16047
17966
16048
17967
16049
17968
16050
17969
16051
17970
16052
17971
16053
17972
16054
17973
16055
17974
16056
17975
16057
17976
16058
17977
16059
17978
16060
17979
16061
17980
16062
17981
16063
17982
16064
17983
16065
17984
16066
17985
16067
17986
16068
17987
16069
17988
16070
17989
16071
17990
16072
17991
16073
17992
16074
17993
16075
17994
16076
17995
16077
17996
16078
17997
16079
17998
16080
17999
16081
18000
16082
18001
16083
18002
16084
18003
16085
18004
16086
18005
16087
18006
16088
18007
16089
18008
16090
18009
16091
18010
16092
18011
16093
18012
16094
18013
16095
18014
16096
18015
16097
18016
16098
18017
16099
18018
16100
18019
16101
18020
16102
18021
16103
18022
16104
18023
16105
18024
16106
18025
16107
18026
16108
18027
16109
18028
16110
18029
16111
18030
16112
18031
16113
18032
16114
18033
16115
18034
16116
18035
16117
18036
16118
18037
16119
18038
16120
18039
16121
18040
16122
18041
16123
18042
16124
18043
16125
18044
16126
18045
16127
18046
16128
18047
16129
18048
16130
18049
16131
18050
16132
18051
16133
18052
16134
18053
16135
18054
16136
18055
16137
18056
16138
18057
16139
18058
16140
18059
16141
18060
16142
18061
16143
18062
16144
18063
16145
18064
16146
18065
16147
18066
16148
18067
16149
18068
16150
18069
16151
18070
16152
18071
16153
18072
16154
18073
16155
18074
16156
18075
16157
18076
16158
18077
16159
18078
16160
18079
16161
18080
16162
18081
16163
18082
16164
18083
16165
18084
16166
18085
16167
18086
16168
18087
16169
18088
16170
18089
16171
18090
16172
18091
16173
18092
16174
18093
16175
18094
16176
18095
16177
18096
16178
18097
16179
18098
16180
18099
16181
18100
16182
18101
16183
18102
16184
18103
16185
18104
16186
18105
16187
18106
16188
18107
16189
18108
16190
18109
16191
18110
16192
18111
16193
18112
16194
18113
16195
18114
16196
18115
16197
18116
16198
18117
16199
18118
16200
18119
16201
18120
16202
18121
16203
18122
16204
18123
16205
18124
16206
18125
16207
18126
16208
18127
16209
18128
16210
18129
16211
18130
16212
18131
16213
18132
16214
18133
16215
18134
16216
18135
16217
18136
16218
18137
16219
18138
16220
18139
16221
18140
16222
18141
16223
18142
16224
18143
16225
18144
16226
18145
16227
18146
16228
18147
16229
18148
16230
18149
16231
18150
16232
18151
16233
18152
16234
18153
16235
18154
16236
18155
16237
18156
16238
18157
16239
18158
16240
18159
16241
18160
16242
18161
16243
18162
16244
18163
16245
18164
16246
18165
16247
18166
16248
18167
16249
18168
16250
18169
16251
18170
16252
18171
16253
18172
16254
18173
16255
18174
16256
18175
16257
18176
16258
18177
16259
18178
16260
18179
16261
18180
16262
18181
16263
18182
16264
18183
16265
18184
16266
18185
16267
18186
16268
18187
16269
18188
16270
18189
16271
18190
16272
18191
16273
18192
16274
18193
16275
18194
16276
18195
16277
18196
16278
18197
16279
18198
16280
18199
16281
18200
16282
18201
16283
18202
16284
18203
16285
18204
16286
18205
16287
18206
16288
18207
16289
18208
16290
18209
16291
18210
16292
18211
16293
18212
16294
18213
16295
18214
16296
18215
16297
18216
16298
18217
16299
18218
16300
18219
16301
18220
16302
18221
16303
18222
16304
18223
16305
18224
16306
18225
16307
18226
16308
18227
16309
18228
16310
18229
16311
18230
16312
18231
16313
18232
16314
18233
16315
18234
16316
18235
16317
18236
16318
18237
16319
18238
16320
18239
16321
18240
16322
18241
16323
18242
16324
18243
16325
18244
16326
18245
16327
18246
16328
18247
16329
18248
16330
18249
16331
18250
16332
18251
16333
18252
16334
18253
16335
18254
16336
18255
16337
18256
16338
18257
16339
18258
16340
18259
16341
18260
16342
18261
16343
18262
16344
18263
16345
18264
16346
18265
16347
18266
16348
18267
16349
18268
16350
18269
16351
18270
16352
18271
16353
18272
16354
18273
16355
18274
16356
18275
16357
18276
16358
18277
16359
18278
16360
18279
16361
18280
16362
18281
16363
18282
16364
18283
16365
18284
16366
18285
16367
18286
16368
18287
16369
18288
16370
18289
16371
18290
16372
18291
16373
18292
16374
18293
16375
18294
16376
18295
16377
18296
16378
18297
16379
18298
16380
18299
16381
18300
16382
18301
16383
18302
16384
18303
16385
18304
16386
18305
16387
18306
16388
18307
16389
18308
16390
18309
16391
18310
16392
18311
16393
18312
16394
18313
16395
18314
16396
18315
16397
18316
16398
18317
16399
18318
16400
18319
16401
18320
16402
18321
16403
18322
16404
18323
16405
18324
16406
18325
16407
18326
16408
18327
16409
18328
16410
18329
16411
18330
16412
18331
16413
18332
16414
18333
16415
18334
16416
18335
16417
18336
16418
18337
16419
18338
16420
18339
16421
18340
16422
18341
16423
18342
16424
18343
16425
18344
16426
18345
16427
18346
16428
18347
16429
18348
16430
18349
16431
18350
16432
18351
16433
18352
16434
18353
16435
18354
16436
18355
16437
18356
16438
18357
16439
18358
16440
18359
16441
18360
16442
18361
16443
18362
16444
18363
16445
18364
16446
18365
16447
18366
16448
18367
16449
18368
16450
18369
16451
18370
16452
18371
16453
18372
16454
18373
16455
18374
16456
18375
16457
18376
16458
18377
16459
18378
16460
18379
16461
18380
16462
18381
16463
18382
16464
18383
16465
18384
16466
18385
16467
18386
16468
18387
16469
18388
16470
18389
16471
18390
16472
18391
16473
18392
16474
18393
16475
18394
16476
18395
16477
18396
16478
18397
16479
18398
16480
18399
16481
18400
16482
18401
16483
18402
16484
18403
16485
18404
16486
18405
16487
18406
16488
18407
16489
18408
16490
18409
16491
18410
16492
18411
16493
18412
16494
18413
16495
18414
16496
18415
16497
18416
16498
18417
16499
18418
16500
18419
16501
18420
16502
18421
16503
18422
16504
18423
16505
18424
16506
18425
16507
18426
16508
18427
16509
18428
16510
18429
16511
18430
16512
18431
16513
18432
16514
18433
16515
18434
16516
18435
16517
18436
16518
18437
16519
18438
16520
18439
16521
18440
16522
18441
16523
18442
16524
18443
16525
18444
16526
18445
16527
18446
16528
18447
16529
18448
16530
18449
16531
18450
16532
18451
16533
18452
16534
18453
16535
18454
16536
18455
16537
18456
16538
18457
16539
18458
16540
18459
16541
18460
16542
18461
16543
18462
16544
18463
16545
18464
16546
18465
16547
18466
16548
18467
16549
18468
16550
18469
16551
18470
16552
18471
16553
18472
16554
18473
16555
18474
16556
18475
16557
18476
16558
18477
16559
18478
16560
18479
16561
18480
16562
18481
16563
18482
16564
18483
16565
18484
16566
18485
16567
18486
16568
18487
16569
18488
16570
18489
16571
18490
16572
18491
16573
18492
16574
18493
16575
18494
16576
18495
16577
18496
16578
18497
16579
18498
16580
18499
16581
18500
16582
18501
16583
18502
16584
18503
16585
18504
16586
18505
16587
18506
16588
18507
16589
18508
16590
18509
16591
18510
16592
18511
16593
18512
16594
18513
16595
18514
16596
18515
16597
18516
16598
18517
16599
18518
16600
18519
16601
18520
16602
18521
16603
18522
16604
18523
16605
18524
16606
18525
16607
18526
16608
18527
16609
18528
16610
18529
16611
18530
16612
18531
16613
18532
16614
18533
16615
18534
16616
18535
16617
18536
16618
18537
16619
18538
16620
18539
16621
18540
16622
18541
16623
18542
16624
18543
16625
18544
16626
18545
16627
18546
16628
18547
16629
18548
16630
18549
16631
18550
16632
18551
16633
18552
16634
18553
16635
18554
16636
18555
16637
18556
16638
18557
16639
18558
16640
18559
16641
18560
16642
18561
16643
18562
16644
18563
16645
18564
16646
18565
16647
18566
16648
18567
16649
18568
16650
18569
16651
18570
16652
18571
16653
18572
16654
18573
16655
18574
16656
18575
16657
18576
16658
18577
16659
18578
16660
18579
16661
18580
16662
18581
16663
18582
16664
18583
16665
18584
16666
18585
16667
18586
16668
18587
16669
18588
16670
18589
16671
18590
16672
18591
16673
18592
16674
18593
16675
18594
16676
18595
16677
18596
16678
18597
16679
18598
16680
18599
16681
18600
16682
18601
16683
18602
16684
18603
16685
18604
16686
18605
16687
18606
16688
18607
16689
18608
16690
18609
16691
18610
16692
18611
16693
18612
16694
18613
16695
18614
16696
18615
16697
18616
16698
18617
16699
18618
16700
18619
16701
18620
16702
18621
16703
18622
16704
18623
16705
18624
16706
18625
16707
18626
16708
18627
16709
18628
16710
18629
16711
18630
16712
18631
16713
18632
16714
18633
16715
18634
16716
18635
16717
18636
16718
18637
16719
18638
16720
18639
16721
18640
16722
18641
16723
18642
16724
18643
16725
18644
16726
18645
16727
18646
16728
18647
16729
18648
16730
18649
16731
18650
16732
18651
16733
18652
16734
18653
16735
18654
16736
18655
16737
18656
16738
18657
16739
18658
16740
18659
16741
18660
16742
18661
16743
18662
16744
18663
16745
18664
16746
18665
16747
18666
16748
18667
16749
18668
16750
18669
16751
18670
16752
18671
16753
18672
16754
18673
16755
18674
16756
18675
16757
18676
16758
18677
16759
18678
16760
18679
16761
18680
16762
18681
16763
18682
16764
18683
16765
18684
16766
18685
16767
18686
16768
18687
16769
18688
16770
18689
16771
18690
16772
18691
16773
18692
16774
18693
16775
18694
16776
18695
16777
18696
16778
18697
16779
18698
16780
18699
16781
18700
16782
18701
16783
18702
16784
18703
16785
18704
16786
18705
16787
18706
16788
18707
16789
18708
16790
18709
16791
18710
16792
18711
16793
18712
16794
18713
16795
18714
16796
18715
16797
18716
16798
18717
16799
18718
16800
18719
16801
18720
16802
18721
16803
18722
16804
18723
16805
18724
16806
18725
16807
18726
16808
18727
16809
18728
16810
18729
16811
18730
16812
18731
16813
18732
16814
18733
16815
18734
16816
18735
16817
18736
16818
18737
16819
18738
16820
18739
16821
18740
16822
18741
16823
18742
16824
18743
16825
18744
16826
18745
16827
18746
16828
18747
16829
18748
16830
18749
16831
18750
16832
18751
16833
18752
16834
18753
16835
18754
16836
18755
16837
18756
16838
18757
16839
18758
16840
18759
16841
18760
16842
18761
16843
18762
16844
18763
16845
18764
16846
18765
16847
18766
16848
18767
16849
18768
16850
18769
16851
18770
16852
18771
16853
18772
16854
18773
16855
18774
16856
18775
16857
18776
16858
18777
16859
18778
16860
18779
16861
18780
16862
18781
16863
18782
16864
18783
16865
18784
16866
18785
16867
18786
16868
18787
16869
18788
16870
18789
16871
18790
16872
18791
16873
18792
16874
18793
16875
18794
16876
18795
16877
18796
16878
18797
16879
18798
16880
18799
16881
18800
16882
18801
16883
18802
16884
18803
16885
18804
16886
18805
16887
18806
16888
18807
16889
18808
16890
18809
16891
18810
16892
18811
16893
18812
16894
18813
16895
18814
16896
18815
16897
18816
16898
18817
16899
18818
16900
18819
16901
18820
16902
18821
16903
18822
16904
18823
16905
18824
16906
18825
16907
18826
16908
18827
16909
18828
16910
18829
16911
18830
16912
18831
16913
18832
16914
18833
16915
18834
16916
18835
16917
18836
16918
18837
16919
18838
16920
18839
16921
18840
16922
18841
16923
18842
16924
18843
16925
18844
16926
18845
16927
18846
16928
18847
16929
18848
16930
18849
16931
18850
16932
18851
16933
18852
16934
18853
16935
18854
16936
18855
16937
18856
16938
18857
16939
18858
16940
18859
16941
18860
16942
18861
16943
18862
16944
18863
16945
18864
16946
18865
16947
18866
16948
18867
16949
18868
16950
18869
16951
18870
16952
18871
16953
18872
16954
18873
16955
18874
16956
18875
16957
18876
16958
18877
16959
18878
16960
18879
16961
18880
16962
18881
16963
18882
16964
18883
16965
18884
16966
18885
16967
18886
16968
18887
16969
18888
16970
18889
16971
18890
16972
18891
16973
18892
16974
18893
16975
18894
16976
18895
16977
18896
16978
18897
16979
18898
16980
18899
16981
18900
16982
18901
16983
18902
16984
18903
16985
18904
16986
18905
16987
18906
16988
18907
16989
18908
16990
18909
16991
18910
16992
18911
16993
18912
16994
18913
16995
18914
16996
18915
16997
18916
16998
18917
16999
18918
17000
18919
17001
18920
17002
18921
17003
18922
17004
18923
17005
18924
17006
18925
17007
18926
17008
18927
17009
18928
17010
18929
17011
18930
17012
18931
17013
18932
17014
18933
17015
18934
17016
18935
17017
18936
17018
18937
17019
18938
17020
18939
17021
18940
17022
18941
17023
18942
17024
18943
17025
18944
17026
18945
17027
18946
17028
18947
17029
18948
17030
18949
17031
18950
17032
18951
17033
18952
17034
18953
17035
18954
17036
18955
17037
18956
17038
18957
17039
18958
17040
18959
17041
18960
17042
18961
17043
18962
17044
18963
17045
18964
17046
18965
17047
18966
17048
18967
17049
18968
17050
18969
17051
18970
17052
18971
17053
18972
17054
18973
17055
18974
17056
18975
17057
18976
17058
18977
17059
18978
17060
18979
17061
18980
17062
18981
17063
18982
17064
18983
17065
18984
17066
18985
17067
18986
17068
18987
17069
18988
17070
18989
17071
18990
17072
18991
17073
18992
17074
18993
17075
18994
17076
18995
17077
18996
17078
18997
17079
18998
17080
18999
17081
19000
17082
19001
17083
19002
17084
19003
17085
19004
17086
19005
17087
19006
17088
19007
17089
19008
17090
19009
17091
19010
17092
19011
17093
19012
17094
19013
17095
19014
17096
19015
17097
19016
17098
19017
17099
19018
17100
19019
17101
19020
17102
19021
17103
19022
17104
19023
17105
19024
17106
19025
17107
19026
17108
19027
17109
19028
17110
19029
17111
19030
17112
19031
17113
19032
17114
19033
17115
19034
17116
19035
17117
19036
17118
19037
17119
19038
17120
19039
17121
19040
17122
19041
17123
19042
17124
19043
17125
19044
17126
19045
17127
19046
17128
19047
17129
19048
17130
19049
17131
19050
17132
19051
17133
19052
17134
19053
17135
19054
17136
19055
17137
19056
17138
19057
17139
19058
17140
19059
17141
19060
17142
19061
17143
19062
17144
19063
17145
19064
17146
19065
17147
19066
17148
19067
17149
19068
17150
19069
17151
19070
17152
19071
17153
19072
17154
19073
17155
19074
17156
19075
17157
19076
17158
19077
17159
19078
17160
19079
17161
19080
17162
19081
17163
19082
17164
19083
17165
19084
17166
19085
17167
19086
17168
19087
17169
19088
17170
19089
17171
19090
17172
19091
17173
19092
17174
19093
17175
19094
17176
19095
17177
19096
17178
19097
17179
19098
17180
19099
17181
19100
17182
19101
17183
19102
17184
19103
17185
19104
17186
19105
17187
19106
17188
19107
17189
19108
17190
19109
17191
19110
17192
19111
17193
19112
17194
19113
17195
19114
17196
19115
17197
19116
17198
19117
17199
19118
17200
19119
17201
19120
17202
19121
17203
19122
17204
19123
17205
19124
17206
19125
17207
19126
17208
19127
17209
19128
17210
19129
17211
19130
17212
19131
17213
19132
17214
19133
17215
19134
17216
19135
17217
19136
17218
19137
17219
19138
17220
19139
17221
19140
17222
19141
17223
19142
17224
19143
17225
19144
17226
19145
17227
19146
17228
19147
17229
19148
17230
19149
17231
19150
17232
19151
17233
19152
17234
19153
17235
19154
17236
19155
17237
19156
17238
19157
17239
19158
17240
19159
17241
19160
17242
19161
17243
19162
17244
19163
17245
19164
17246
19165
17247
19166
17248
19167
17249
19168
17250
19169
17251
19170
17252
19171
17253
19172
17254
19173
17255
19174
17256
19175
17257
19176
17258
19177
17259
19178
17260
19179
17261
19180
17262
19181
17263
19182
17264
19183
17265
19184
17266
19185
17267
19186
17268
19187
17269
19188
17270
19189
17271
19190
17272
19191
17273
19192
17274
19193
17275
19194
17276
19195
17277
19196
17278
19197
17279
19198
19199
17281
19200
17282
19201
17283
19202
17284
19203
17285
19204
17286
19205
17287
19206
17288
19207
17289
19208
17290
19209
17291
19210
17292
19211
17293
19212
17294
19213
17295
19214
17296
19215
17297
19216
17298
19217
17299
19218
17300
19219
17301
19220
17302
19221
17303
19222
17304
19223
17305
19224
17306
19225
17307
19226
17308
19227
17309
19228
17310
19229
17311
19230
17312
19231
17313
19232
17314
19233
17315
19234
17316
19235
17317
19236
17318
19237
17319
19238
17320
19239
17321
19240
17322
19241
17323
19242
17324
19243
17325
19244
17326
19245
17327
19246
17328
19247
17329
19248
17330
19249
17331
19250
17332
19251
17333
19252
17334
19253
17335
19254
17336
19255
17337
19256
17338
19257
17339
19258
17340
19259
17341
19260
17342
19261
17343
19262
17344
19263
17345
19264
17346
19265
17347
19266
17348
19267
17349
19268
17350
19269
17351
19270
17352
19271
17353
19272
17354
19273
17355
19274
17356
19275
17357
19276
17358
19277
17359
19278
17360
19279
17361
19280
17362
19281
17363
19282
17364
19283
17365
19284
17366
19285
17367
19286
17368
19287
17369
19288
17370
19289
17371
19290
17372
19291
17373
19292
17374
19293
17375
19294
17376
19295
17377
19296
17378
19297
17379
19298
17380
19299
17381
19300
17382
19301
17383
19302
17384
19303
17385
19304
17386
19305
17387
19306
17388
19307
17389
19308
17390
19309
17391
19310
17392
19311
17393
19312
17394
19313
17395
19314
17396
19315
17397
19316
17398
19317
17399
19318
17400
19319
17401
19320
17402
19321
17403
19322
17404
19323
17405
19324
17406
19325
17407
19326
17408
19327
17409
19328
17410
19329
17411
19330
17412
19331
17413
19332
17414
19333
17415
19334
17416
19335
17417
19336
17418
19337
17419
19338
17420
19339
17421
19340
17422
19341
17423
19342
17424
19343
17425
19344
17426
19345
17427
19346
17428
19347
17429
19348
17430
19349
17431
19350
17432
19351
17433
19352
17434
19353
17435
19354
17436
19355
17437
19356
17438
19357
17439
19358
17440
19359
17441
19360
17442
19361
17443
19362
17444
19363
17445
19364
17446
19365
17447
19366
17448
19367
17449
19368
17450
19369
17451
19370
17452
19371
17453
19372
17454
19373
17455
19374
17456
19375
17457
19376
17458
19377
17459
19378
17460
19379
17461
19380
17462
19381
17463
19382
17464
19383
17465
19384
17466
19385
17467
19386
17468
19387
17469
19388
17470
19389
17471
19390
17472
19391
17473
19392
17474
19393
17475
19394
17476
19395
17477
19396
17478
19397
17479
19398
17480
19399
17481
19400
17482
19401
17483
19402
17484
19403
17485
19404
17486
19405
17487
19406
17488
19407
17489
19408
17490
19409
17491
19410
17492
19411
17493
19412
17494
19413
17495
19414
17496
19415
17497
19416
17498
19417
17499
19418
17500
19419
17501
19420
17502
19421
17503
19422
17504
19423
17505
19424
17506
19425
17507
19426
17508
19427
17509
19428
17510
19429
17511
19430
17512
19431
17513
19432
17514
19433
17515
19434
17516
19435
17517
19436
17518
19437
17519
19438
17520
19439
17521
19440
17522
19441
17523
19442
17524
19443
17525
19444
17526
19445
17527
19446
17528
19447
17529
19448
17530
19449
17531
19450
17532
19451
17533
19452
17534
19453
17535
19454
17536
19455
17537
19456
17538
19457
17539
19458
17540
19459
17541
19460
17542
19461
17543
19462
17544
19463
17545
19464
17546
19465
17547
19466
17548
19467
17549
19468
17550
19469
17551
19470
17552
19471
17553
19472
17554
19473
17555
19474
17556
19475
17557
19476
17558
19477
17559
19478
17560
19479
17561
19480
17562
19481
17563
19482
17564
19483
17565
19484
17566
19485
17567
19486
17568
19487
17569
19488
17570
19489
17571
19490
17572
19491
17573
19492
17574
19493
17575
19494
17576
19495
17577
19496
17578
19497
17579
19498
17580
19499
17581
19500
17582
19501
17583
19502
17584
19503
17585
19504
17586
19505
17587
19506
17588
19507
17589
19508
17590
19509
17591
19510
17592
19511
17593
19512
17594
19513
17595
19514
17596
19515
17597
19516
17598
19517
17599
19518
17600
19519
17601
19520
17602
19521
17603
19522
17604
19523
17605
19524
17606
19525
17607
19526
17608
19527
17609
19528
17610
19529
17611
19530
17612
19531
17613
19532
17614
19533
17615
19534
17616
19535
17617
19536
17618
19537
17619
19538
17620
19539
17621
19540
17622
19541
17623
19542
17624
19543
17625
19544
17626
19545
17627
19546
17628
19547
17629
19548
17630
19549
17631
19550
17632
19551
17633
19552
17634
19553
17635
19554
17636
19555
17637
19556
17638
19557
17639
19558
17640
19559
17641
19560
17642
19561
17643
19562
17644
19563
17645
19564
17646
19565
17647
19566
17648
19567
17649
19568
17650
19569
17651
19570
17652
19571
17653
19572
17654
19573
17655
19574
17656
19575
17657
19576
17658
19577
17659
19578
17660
19579
17661
19580
17662
19581
17663
19582
17664
19583
17665
19584
17666
19585
17667
19586
17668
19587
17669
19588
17670
19589
17671
19590
17672
19591
17673
19592
17674
19593
17675
19594
17676
19595
17677
19596
17678
19597
17679
19598
17680
19599
17681
19600
17682
19601
17683
19602
17684
19603
17685
19604
17686
19605
17687
19606
17688
19607
17689
19608
17690
19609
17691
19610
17692
19611
17693
19612
17694
19613
17695
19614
17696
19615
17697
19616
17698
19617
17699
19618
17700
19619
17701
19620
17702
19621
17703
19622
17704
19623
17705
19624
17706
19625
17707
19626
17708
19627
17709
19628
17710
19629
17711
19630
17712
19631
17713
19632
17714
19633
17715
19634
17716
19635
17717
19636
17718
19637
17719
19638
17720
19639
17721
19640
17722
19641
17723
19642
17724
19643
17725
19644
17726
19645
17727
19646
17728
19647
17729
19648
17730
19649
17731
19650
17732
19651
17733
19652
17734
19653
17735
19654
17736
19655
17737
19656
17738
19657
17739
19658
17740
19659
17741
19660
17742
19661
17743
19662
17744
19663
17745
19664
17746
19665
17747
19666
17748
19667
17749
19668
17750
19669
17751
19670
17752
19671
17753
19672
17754
19673
17755
19674
17756
19675
17757
19676
17758
19677
17759
19678
17760
19679
17761
19680
17762
19681
17763
19682
17764
19683
17765
19684
17766
19685
17767
19686
17768
19687
17769
19688
17770
19689
17771
19690
17772
19691
17773
19692
17774
19693
17775
19694
17776
19695
17777
19696
17778
19697
17779
19698
17780
19699
17781
19700
17782
19701
17783
19702
17784
19703
17785
19704
17786
19705
17787
19706
17788
19707
17789
19708
17790
19709
17791
19710
17792
19711
17793
19712
17794
19713
17795
19714
17796
19715
17797
19716
17798
19717
17799
19718
17800
19719
17801
19720
17802
19721
17803
19722
17804
19723
17805
19724
17806
19725
17807
19726
17808
19727
17809
19728
17810
19729
17811
19730
17812
19731
17813
19732
17814
19733
17815
19734
17816
19735
17817
19736
17818
19737
17819
19738
17820
19739
17821
19740
17822
19741
17823
19742
17824
19743
17825
19744
17826
19745
17827
19746
17828
19747
17829
19748
17830
19749
17831
19750
17832
19751
17833
19752
17834
19753
17835
19754
17836
19755
17837
19756
17838
19757
17839
19758
17840
19759
17841
19760
17842
19761
17843
19762
17844
19763
17845
19764
17846
19765
17847
19766
17848
19767
17849
19768
17850
19769
17851
19770
17852
19771
17853
19772
17854
19773
17855
19774
17856
19775
17857
19776
17858
19777
17859
19778
17860
19779
17861
19780
17862
19781
17863
19782
17864
19783
17865
19784
17866
19785
17867
19786
17868
19787
17869
19788
17870
19789
17871
19790
17872
19791
17873
19792
17874
19793
17875
19794
17876
19795
17877
19796
17878
19797
17879
19798
17880
19799
17881
19800
17882
19801
17883
19802
17884
19803
17885
19804
17886
19805
17887
19806
17888
19807
17889
19808
17890
19809
17891
19810
17892
19811
17893
19812
17894
19813
17895
19814
17896
19815
17897
19816
17898
19817
17899
19818
17900
19819
17901
19820
17902
19821
17903
19822
17904
19823
17905
19824
17906
19825
17907
19826
17908
19827
17909
19828
17910
19829
17911
19830
17912
19831
17913
19832
17914
19833
17915
19834
17916
19835
17917
19836
17918
19837
17919
19838
17920
19839
17921
19840
17922
19841
17923
19842
17924
19843
17925
19844
17926
19845
17927
19846
17928
19847
17929
19848
17930
19849
17931
19850
17932
19851
17933
19852
17934
19853
17935
19854
17936
19855
17937
19856
17938
19857
17939
19858
17940
19859
17941
19860
17942
19861
17943
19862
17944
19863
17945
19864
17946
19865
17947
19866
17948
19867
17949
19868
17950
19869
17951
19870
17952
19871
17953
19872
17954
19873
17955
19874
17956
19875
17957
19876
17958
19877
17959
19878
17960
19879
17961
19880
17962
19881
17963
19882
17964
19883
17965
19884
17966
19885
17967
19886
17968
19887
17969
19888
17970
19889
17971
19890
17972
19891
17973
19892
17974
19893
17975
19894
17976
19895
17977
19896
17978
19897
17979
19898
17980
19899
17981
19900
17982
19901
17983
19902
17984
19903
17985
19904
17986
19905
17987
19906
17988
19907
17989
19908
17990
19909
17991
19910
17992
19911
17993
19912
17994
19913
17995
19914
17996
19915
17997
19916
17998
19917
17999
19918
18000
19919
18001
19920
18002
19921
18003
19922
18004
19923
18005
19924
18006
19925
18007
19926
18008
19927
18009
19928
18010
19929
18011
19930
18012
19931
18013
19932
18014
19933
18015
19934
18016
19935
18017
19936
18018
19937
18019
19938
18020
19939
18021
19940
18022
19941
18023
19942
18024
19943
18025
19944
18026
19945
18027
19946
18028
19947
18029
19948
18030
19949
18031
19950
18032
19951
18033
19952
18034
19953
18035
19954
18036
19955
18037
19956
18038
19957
18039
19958
18040
19959
18041
19960
18042
19961
18043
19962
18044
19963
18045
19964
18046
19965
18047
19966
18048
19967
18049
19968
18050
19969
18051
19970
18052
19971
18053
19972
18054
19973
18055
19974
18056
19975
18057
19976
18058
19977
18059
19978
18060
19979
18061
19980
18062
19981
18063
19982
18064
19983
18065
19984
18066
19985
18067
19986
18068
19987
18069
19988
18070
19989
18071
19990
18072
19991
18073
19992
18074
19993
18075
19994
18076
19995
18077
19996
18078
19997
18079
19998
18080
19999
18081
20000
18082
20001
18083
20002
18084
20003
18085
20004
18086
20005
18087
20006
18088
20007
18089
20008
18090
20009
18091
20010
18092
20011
18093
20012
18094
20013
18095
20014
18096
20015
18097
20016
18098
20017
18099
20018
18100
20019
18101
20020
18102
20021
18103
20022
18104
20023
18105
20024
18106
20025
18107
20026
18108
20027
18109
20028
18110
20029
18111
20030
18112
20031
18113
20032
18114
20033
18115
20034
18116
20035
18117
20036
18118
20037
18119
20038
18120
20039
18121
20040
18122
20041
18123
20042
18124
20043
18125
20044
18126
20045
18127
20046
18128
20047
18129
20048
18130
20049
18131
20050
18132
20051
18133
20052
18134
20053
18135
20054
18136
20055
18137
20056
18138
20057
18139
20058
18140
20059
18141
20060
18142
20061
18143
20062
18144
20063
18145
20064
18146
20065
18147
20066
18148
20067
18149
20068
18150
20069
18151
20070
18152
20071
18153
20072
18154
20073
18155
20074
18156
20075
18157
20076
18158
20077
18159
20078
18160
20079
18161
20080
18162
20081
18163
20082
18164
20083
18165
20084
18166
20085
18167
20086
18168
20087
18169
20088
18170
20089
18171
20090
18172
20091
18173
20092
18174
20093
18175
20094
18176
20095
18177
20096
18178
20097
18179
20098
18180
20099
18181
20100
18182
20101
18183
20102
18184
20103
18185
20104
18186
20105
18187
20106
18188
20107
18189
20108
18190
20109
18191
20110
18192
20111
18193
20112
18194
20113
18195
20114
18196
20115
18197
20116
18198
20117
18199
20118
18200
20119
18201
20120
18202
20121
18203
20122
18204
20123
18205
20124
18206
20125
18207
20126
18208
20127
18209
20128
18210
20129
18211
20130
18212
20131
18213
20132
18214
20133
18215
20134
18216
20135
18217
20136
18218
20137
18219
20138
18220
20139
18221
20140
18222
20141
18223
20142
18224
20143
18225
20144
18226
20145
18227
20146
18228
20147
18229
20148
18230
20149
18231
20150
18232
20151
18233
20152
18234
20153
18235
20154
18236
20155
18237
20156
18238
20157
18239
20158
18240
20159
18241
20160
18242
20161
18243
20162
18244
20163
18245
20164
18246
20165
18247
20166
18248
20167
18249
20168
18250
20169
18251
20170
18252
20171
18253
20172
18254
20173
18255
20174
18256
20175
18257
20176
18258
20177
18259
20178
18260
20179
18261
20180
18262
20181
18263
20182
18264
20183
18265
20184
18266
20185
18267
20186
18268
20187
18269
20188
18270
20189
18271
20190
18272
20191
18273
20192
18274
20193
18275
20194
18276
20195
18277
20196
18278
20197
18279
20198
18280
20199
18281
20200
18282
20201
18283
20202
18284
20203
18285
20204
18286
20205
18287
20206
18288
20207
18289
20208
18290
20209
18291
20210
18292
20211
18293
20212
18294
20213
18295
20214
18296
20215
18297
20216
18298
20217
18299
20218
18300
20219
18301
20220
18302
20221
18303
20222
18304
20223
18305
20224
18306
20225
18307
20226
18308
20227
18309
20228
18310
20229
18311
20230
18312
20231
18313
20232
18314
20233
18315
20234
18316
20235
18317
20236
18318
20237
18319
20238
18320
20239
18321
20240
18322
20241
18323
20242
18324
20243
18325
20244
18326
20245
18327
20246
18328
20247
18329
20248
18330
20249
18331
20250
18332
20251
18333
20252
18334
20253
18335
20254
18336
20255
18337
20256
18338
20257
18339
20258
18340
20259
18341
20260
18342
20261
18343
20262
18344
20263
18345
20264
18346
20265
18347
20266
18348
20267
18349
20268
18350
20269
18351
20270
18352
20271
18353
20272
18354
20273
18355
20274
18356
20275
18357
20276
18358
20277
18359
20278
18360
20279
18361
20280
18362
20281
18363
20282
18364
20283
18365
20284
18366
20285
18367
20286
18368
20287
18369
20288
18370
20289
18371
20290
18372
20291
18373
20292
18374
20293
18375
20294
18376
20295
18377
20296
18378
20297
18379
20298
18380
20299
18381
20300
18382
20301
18383
20302
18384
20303
18385
20304
18386
20305
18387
20306
18388
20307
18389
20308
18390
20309
18391
20310
18392
20311
18393
20312
18394
20313
18395
20314
18396
20315
18397
20316
18398
20317
18399
20318
18400
20319
18401
20320
18402
20321
18403
20322
18404
20323
18405
20324
18406
20325
18407
20326
18408
20327
18409
20328
18410
20329
18411
20330
18412
20331
18413
20332
18414
20333
18415
20334
18416
20335
18417
20336
18418
20337
18419
20338
18420
20339
18421
20340
18422
20341
18423
20342
18424
20343
18425
20344
18426
20345
18427
20346
18428
20347
18429
20348
18430
20349
18431
20350
18432
20351
18433
20352
18434
20353
18435
20354
18436
20355
18437
20356
18438
20357
18439
20358
18440
20359
18441
20360
18442
20361
18443
20362
18444
20363
18445
20364
18446
20365
18447
20366
18448
20367
18449
20368
18450
20369
18451
20370
18452
20371
18453
20372
18454
20373
18455
20374
18456
20375
18457
20376
18458
20377
18459
20378
18460
20379
18461
20380
18462
20381
18463
20382
18464
20383
18465
20384
18466
20385
18467
20386
18468
20387
18469
20388
18470
20389
18471
20390
18472
20391
18473
20392
18474
20393
18475
20394
18476
20395
18477
20396
18478
20397
18479
20398
18480
20399
18481
20400
18482
20401
18483
20402
18484
20403
18485
20404
18486
20405
18487
20406
18488
20407
18489
20408
18490
20409
18491
20410
18492
20411
18493
20412
18494
20413
18495
20414
18496
20415
18497
20416
18498
20417
18499
20418
18500
20419
18501
20420
18502
20421
18503
20422
18504
20423
18505
20424
18506
20425
18507
20426
18508
20427
18509
20428
18510
20429
18511
20430
18512
20431
18513
20432
18514
20433
18515
20434
18516
20435
18517
20436
18518
20437
18519
20438
18520
20439
18521
20440
18522
20441
18523
20442
18524
20443
18525
20444
18526
20445
18527
20446
18528
20447
18529
20448
18530
20449
18531
20450
18532
20451
18533
20452
18534
20453
18535
20454
18536
20455
18537
20456
18538
20457
18539
20458
18540
20459
18541
20460
18542
20461
18543
20462
18544
20463
18545
20464
18546
20465
18547
20466
18548
20467
18549
20468
18550
20469
18551
20470
18552
20471
18553
20472
18554
20473
18555
20474
18556
20475
18557
20476
18558
20477
18559
20478
18560
20479
18561
20480
18562
20481
18563
20482
18564
20483
18565
20484
18566
20485
18567
20486
18568
20487
18569
20488
18570
20489
18571
20490
18572
20491
18573
20492
18574
20493
18575
20494
18576
20495
18577
20496
18578
20497
18579
20498
18580
20499
18581
20500
18582
20501
18583
20502
18584
20503
18585
20504
18586
20505
18587
20506
18588
20507
18589
20508
18590
20509
18591
20510
18592
20511
18593
20512
18594
20513
18595
20514
18596
20515
18597
20516
18598
20517
18599
20518
18600
20519
18601
20520
18602
20521
18603
20522
18604
20523
18605
20524
18606
20525
18607
20526
18608
20527
18609
20528
18610
20529
18611
20530
18612
20531
18613
20532
18614
20533
18615
20534
18616
20535
18617
20536
18618
20537
18619
20538
18620
20539
18621
20540
18622
20541
18623
20542
18624
20543
18625
20544
18626
20545
18627
20546
18628
20547
18629
20548
18630
20549
18631
20550
18632
20551
18633
20552
18634
20553
18635
20554
18636
20555
18637
20556
18638
20557
18639
20558
18640
20559
18641
20560
18642
20561
18643
20562
18644
20563
18645
20564
18646
20565
18647
20566
18648
20567
18649
20568
18650
20569
18651
20570
18652
20571
18653
20572
18654
20573
18655
20574
18656
20575
18657
20576
18658
20577
18659
20578
18660
20579
18661
20580
18662
20581
18663
20582
18664
20583
18665
20584
18666
20585
18667
20586
18668
20587
18669
20588
18670
20589
18671
20590
18672
20591
18673
20592
18674
20593
18675
20594
18676
20595
18677
20596
18678
20597
18679
20598
18680
20599
18681
20600
18682
20601
18683
20602
18684
20603
18685
20604
18686
20605
18687
20606
18688
20607
18689
20608
18690
20609
18691
20610
18692
20611
18693
20612
18694
20613
18695
20614
18696
20615
18697
20616
18698
20617
18699
20618
18700
20619
18701
20620
18702
20621
18703
20622
18704
20623
18705
20624
18706
20625
18707
20626
18708
20627
18709
20628
18710
20629
18711
20630
18712
20631
18713
20632
18714
20633
18715
20634
18716
20635
18717
20636
18718
20637
18719
20638
18720
20639
18721
20640
18722
20641
18723
20642
18724
20643
18725
20644
18726
20645
18727
20646
18728
20647
18729
20648
18730
20649
18731
20650
18732
20651
18733
20652
18734
20653
18735
20654
18736
20655
18737
20656
18738
20657
18739
20658
18740
20659
18741
20660
18742
20661
18743
20662
18744
20663
18745
20664
18746
20665
18747
20666
18748
20667
18749
20668
18750
20669
18751
20670
18752
20671
18753
20672
18754
20673
18755
20674
18756
20675
18757
20676
18758
20677
18759
20678
18760
20679
18761
20680
18762
20681
18763
20682
18764
20683
18765
20684
18766
20685
18767
20686
18768
20687
18769
20688
18770
20689
18771
20690
18772
20691
18773
20692
18774
20693
18775
20694
18776
20695
18777
20696
18778
20697
18779
20698
18780
20699
18781
20700
18782
20701
18783
20702
18784
20703
18785
20704
18786
20705
18787
20706
18788
20707
18789
20708
18790
20709
18791
20710
18792
20711
18793
20712
18794
20713
18795
20714
18796
20715
18797
20716
18798
20717
18799
20718
18800
20719
18801
20720
18802
20721
18803
20722
18804
20723
18805
20724
18806
20725
18807
20726
18808
20727
18809
20728
18810
20729
18811
20730
18812
20731
18813
20732
18814
20733
18815
20734
18816
20735
18817
20736
18818
20737
18819
20738
18820
20739
18821
20740
18822
20741
18823
20742
18824
20743
18825
20744
18826
20745
18827
20746
18828
20747
18829
20748
18830
20749
18831
20750
18832
20751
18833
20752
18834
20753
18835
20754
18836
20755
18837
20756
18838
20757
18839
20758
18840
20759
18841
20760
18842
20761
18843
20762
18844
20763
18845
20764
18846
20765
18847
20766
18848
20767
18849
20768
18850
20769
18851
20770
18852
20771
18853
20772
18854
20773
18855
20774
18856
20775
18857
20776
18858
20777
18859
20778
18860
20779
18861
20780
18862
20781
18863
20782
18864
20783
18865
20784
18866
20785
18867
20786
18868
20787
18869
20788
18870
20789
18871
20790
18872
20791
18873
20792
18874
20793
18875
20794
18876
20795
18877
20796
18878
20797
18879
20798
18880
20799
18881
20800
18882
20801
18883
20802
18884
20803
18885
20804
18886
20805
18887
20806
18888
20807
18889
20808
18890
20809
18891
20810
18892
20811
18893
20812
18894
20813
18895
20814
18896
20815
18897
20816
18898
20817
18899
20818
18900
20819
18901
20820
18902
20821
18903
20822
18904
20823
18905
20824
18906
20825
18907
20826
18908
20827
18909
20828
18910
20829
18911
20830
18912
20831
18913
20832
18914
20833
18915
20834
18916
20835
18917
20836
18918
20837
18919
20838
18920
20839
18921
20840
18922
20841
18923
20842
18924
20843
18925
20844
18926
20845
18927
20846
18928
20847
18929
20848
18930
20849
18931
20850
18932
20851
18933
20852
18934
20853
18935
20854
18936
20855
18937
20856
18938
20857
18939
20858
18940
20859
18941
20860
18942
20861
18943
20862
18944
20863
18945
20864
18946
20865
18947
20866
18948
20867
18949
20868
18950
20869
18951
20870
18952
20871
18953
20872
18954
20873
18955
20874
18956
20875
18957
20876
18958
20877
18959
20878
18960
20879
18961
20880
18962
20881
18963
20882
18964
20883
18965
20884
18966
20885
18967
20886
18968
20887
18969
20888
18970
20889
18971
20890
18972
20891
18973
20892
18974
20893
18975
20894
18976
20895
18977
20896
18978
20897
18979
20898
18980
20899
18981
20900
18982
20901
18983
20902
18984
20903
18985
20904
18986
20905
18987
20906
18988
20907
18989
20908
18990
20909
18991
20910
18992
20911
18993
20912
18994
20913
18995
20914
18996
20915
18997
20916
18998
20917
18999
20918
19000
20919
19001
20920
19002
20921
19003
20922
19004
20923
19005
20924
19006
20925
19007
20926
19008
20927
19009
20928
19010
20929
19011
20930
19012
20931
19013
20932
19014
20933
19015
20934
19016
20935
19017
20936
19018
20937
19019
20938
19020
20939
19021
20940
19022
20941
19023
20942
19024
20943
19025
20944
19026
20945
19027
20946
19028
20947
19029
20948
19030
20949
19031
20950
19032
20951
19033
20952
19034
20953
19035
20954
19036
20955
19037
20956
19038
20957
19039
20958
19040
20959
19041
20960
19042
20961
19043
20962
19044
20963
19045
20964
19046
20965
19047
20966
19048
20967
19049
20968
19050
20969
19051
20970
19052
20971
19053
20972
19054
20973
19055
20974
19056
20975
19057
20976
19058
20977
19059
20978
19060
20979
19061
20980
19062
20981
19063
20982
19064
20983
19065
20984
19066
20985
19067
20986
19068
20987
19069
20988
19070
20989
19071
20990
19072
20991
19073
20992
19074
20993
19075
20994
19076
20995
19077
20996
19078
20997
19079
20998
19080
20999
19081
21000
19082
21001
19083
21002
19084
21003
19085
21004
19086
21005
19087
21006
19088
21007
19089
21008
19090
21009
19091
21010
19092
21011
19093
21012
19094
21013
19095
21014
19096
21015
19097
21016
19098
21017
19099
21018
19100
21019
19101
21020
19102
21021
19103
21022
19104
21023
19105
21024
19106
21025
19107
21026
19108
21027
19109
21028
19110
21029
19111
21030
19112
21031
19113
21032
19114
21033
19115
21034
19116
21035
19117
21036
19118
21037
19119
21038
19120
21039
19121
21040
19122
21041
19123
21042
19124
21043
19125
21044
19126
21045
19127
21046
19128
21047
19129
21048
19130
21049
19131
21050
19132
21051
19133
21052
19134
21053
19135
21054
19136
21055
19137
21056
19138
21057
19139
21058
19140
21059
19141
21060
19142
21061
19143
21062
19144
21063
19145
21064
19146
21065
19147
21066
19148
21067
19149
21068
19150
21069
19151
21070
19152
21071
19153
21072
19154
21073
19155
21074
19156
21075
19157
21076
19158
21077
19159
21078
19160
21079
19161
21080
19162
21081
19163
21082
19164
21083
19165
21084
19166
21085
19167
21086
19168
21087
19169
21088
19170
21089
19171
21090
19172
21091
19173
21092
19174
21093
19175
21094
19176
21095
19177
21096
19178
21097
19179
21098
19180
21099
19181
21100
19182
21101
19183
21102
19184
21103
19185
21104
19186
21105
19187
21106
19188
21107
19189
21108
19190
21109
19191
21110
19192
21111
19193
21112
19194
21113
19195
21114
19196
21115
19197
21116
19198
21117
19199
21118
21119
19201
21120
19202
21121
19203
21122
19204
21123
19205
21124
19206
21125
19207
21126
19208
21127
19209
21128
19210
21129
19211
21130
19212
21131
19213
21132
19214
21133
19215
21134
19216
21135
19217
21136
19218
21137
19219
21138
19220
21139
19221
21140
19222
21141
19223
21142
19224
21143
19225
21144
19226
21145
19227
21146
19228
21147
19229
21148
19230
21149
19231
21150
19232
21151
19233
21152
19234
21153
19235
21154
19236
21155
19237
21156
19238
21157
19239
21158
19240
21159
19241
21160
19242
21161
19243
21162
19244
21163
19245
21164
19246
21165
19247
21166
19248
21167
19249
21168
19250
21169
19251
21170
19252
21171
19253
21172
19254
21173
19255
21174
19256
21175
19257
21176
19258
21177
19259
21178
19260
21179
19261
21180
19262
21181
19263
21182
19264
21183
19265
21184
19266
21185
19267
21186
19268
21187
19269
21188
19270
21189
19271
21190
19272
21191
19273
21192
19274
21193
19275
21194
19276
21195
19277
21196
19278
21197
19279
21198
19280
21199
19281
21200
19282
21201
19283
21202
19284
21203
19285
21204
19286
21205
19287
21206
19288
21207
19289
21208
19290
21209
19291
21210
19292
21211
19293
21212
19294
21213
19295
21214
19296
21215
19297
21216
19298
21217
19299
21218
19300
21219
19301
21220
19302
21221
19303
21222
19304
21223
19305
21224
19306
21225
19307
21226
19308
21227
19309
21228
19310
21229
19311
21230
19312
21231
19313
21232
19314
21233
19315
21234
19316
21235
19317
21236
19318
21237
19319
21238
19320
21239
19321
21240
19322
21241
19323
21242
19324
21243
19325
21244
19326
21245
19327
21246
19328
21247
19329
21248
19330
21249
19331
21250
19332
21251
19333
21252
19334
21253
19335
21254
19336
21255
19337
21256
19338
21257
19339
21258
19340
21259
19341
21260
19342
21261
19343
21262
19344
21263
19345
21264
19346
21265
19347
21266
19348
21267
19349
21268
19350
21269
19351
21270
19352
21271
19353
21272
19354
21273
19355
21274
19356
21275
19357
21276
19358
21277
19359
21278
19360
21279
19361
21280
19362
21281
19363
21282
19364
21283
19365
21284
19366
21285
19367
21286
19368
21287
19369
21288
19370
21289
19371
21290
19372
21291
19373
21292
19374
21293
19375
21294
19376
21295
19377
21296
19378
21297
19379
21298
19380
21299
19381
21300
19382
21301
19383
21302
19384
21303
19385
21304
19386
21305
19387
21306
19388
21307
19389
21308
19390
21309
19391
21310
19392
21311
19393
21312
19394
21313
19395
21314
19396
21315
19397
21316
19398
21317
19399
21318
19400
21319
19401
21320
19402
21321
19403
21322
19404
21323
19405
21324
19406
21325
19407
21326
19408
21327
19409
21328
19410
21329
19411
21330
19412
21331
19413
21332
19414
21333
19415
21334
19416
21335
19417
21336
19418
21337
19419
21338
19420
21339
19421
21340
19422
21341
19423
21342
19424
21343
19425
21344
19426
21345
19427
21346
19428
21347
19429
21348
19430
21349
19431
21350
19432
21351
19433
21352
19434
21353
19435
21354
19436
21355
19437
21356
19438
21357
19439
21358
19440
21359
19441
21360
19442
21361
19443
21362
19444
21363
19445
21364
19446
21365
19447
21366
19448
21367
19449
21368
19450
21369
19451
21370
19452
21371
19453
21372
19454
21373
19455
21374
19456
21375
19457
21376
19458
21377
19459
21378
19460
21379
19461
21380
19462
21381
19463
21382
19464
21383
19465
21384
19466
21385
19467
21386
19468
21387
19469
21388
19470
21389
19471
21390
19472
21391
19473
21392
19474
21393
19475
21394
19476
21395
19477
21396
19478
21397
19479
21398
19480
21399
19481
21400
19482
21401
19483
21402
19484
21403
19485
21404
19486
21405
19487
21406
19488
21407
19489
21408
19490
21409
19491
21410
19492
21411
19493
21412
19494
21413
19495
21414
19496
21415
19497
21416
19498
21417
19499
21418
19500
21419
19501
21420
19502
21421
19503
21422
19504
21423
19505
21424
19506
21425
19507
21426
19508
21427
19509
21428
19510
21429
19511
21430
19512
21431
19513
21432
19514
21433
19515
21434
19516
21435
19517
21436
19518
21437
19519
21438
19520
21439
19521
21440
19522
21441
19523
21442
19524
21443
19525
21444
19526
21445
19527
21446
19528
21447
19529
21448
19530
21449
19531
21450
19532
21451
19533
21452
19534
21453
19535
21454
19536
21455
19537
21456
19538
21457
19539
21458
19540
21459
19541
21460
19542
21461
19543
21462
19544
21463
19545
21464
19546
21465
19547
21466
19548
21467
19549
21468
19550
21469
19551
21470
19552
21471
19553
21472
19554
21473
19555
21474
19556
21475
19557
21476
19558
21477
19559
21478
19560
21479
19561
21480
19562
21481
19563
21482
19564
21483
19565
21484
19566
21485
19567
21486
19568
21487
19569
21488
19570
21489
19571
21490
19572
21491
19573
21492
19574
21493
19575
21494
19576
21495
19577
21496
19578
21497
19579
21498
19580
21499
19581
21500
19582
21501
19583
21502
19584
21503
19585
21504
19586
21505
19587
21506
19588
21507
19589
21508
19590
21509
19591
21510
19592
21511
19593
21512
19594
21513
19595
21514
19596
21515
19597
21516
19598
21517
19599
21518
19600
21519
19601
21520
19602
21521
19603
21522
19604
21523
19605
21524
19606
21525
19607
21526
19608
21527
19609
21528
19610
21529
19611
21530
19612
21531
19613
21532
19614
21533
19615
21534
19616
21535
19617
21536
19618
21537
19619
21538
19620
21539
19621
21540
19622
21541
19623
21542
19624
21543
19625
21544
19626
21545
19627
21546
19628
21547
19629
21548
19630
21549
19631
21550
19632
21551
19633
21552
19634
21553
19635
21554
19636
21555
19637
21556
19638
21557
19639
21558
19640
21559
19641
21560
19642
21561
19643
21562
19644
21563
19645
21564
19646
21565
19647
21566
19648
21567
19649
21568
19650
21569
19651
21570
19652
21571
19653
21572
19654
21573
19655
21574
19656
21575
19657
21576
19658
21577
19659
21578
19660
21579
19661
21580
19662
21581
19663
21582
19664
21583
19665
21584
19666
21585
19667
21586
19668
21587
19669
21588
19670
21589
19671
21590
19672
21591
19673
21592
19674
21593
19675
21594
19676
21595
19677
21596
19678
21597
19679
21598
19680
21599
19681
21600
19682
21601
19683
21602
19684
21603
19685
21604
19686
21605
19687
21606
19688
21607
19689
21608
19690
21609
19691
21610
19692
21611
19693
21612
19694
21613
19695
21614
19696
21615
19697
21616
19698
21617
19699
21618
19700
21619
19701
21620
19702
21621
19703
21622
19704
21623
19705
21624
19706
21625
19707
21626
19708
21627
19709
21628
19710
21629
19711
21630
19712
21631
19713
21632
19714
21633
19715
21634
19716
21635
19717
21636
19718
21637
19719
21638
19720
21639
19721
21640
19722
21641
19723
21642
19724
21643
19725
21644
19726
21645
19727
21646
19728
21647
19729
21648
19730
21649
19731
21650
19732
21651
19733
21652
19734
21653
19735
21654
19736
21655
19737
21656
19738
21657
19739
21658
19740
21659
19741
21660
19742
21661
19743
21662
19744
21663
19745
21664
19746
21665
19747
21666
19748
21667
19749
21668
19750
21669
19751
21670
19752
21671
19753
21672
19754
21673
19755
21674
19756
21675
19757
21676
19758
21677
19759
21678
19760
21679
19761
21680
19762
21681
19763
21682
19764
21683
19765
21684
19766
21685
19767
21686
19768
21687
19769
21688
19770
21689
19771
21690
19772
21691
19773
21692
19774
21693
19775
21694
19776
21695
19777
21696
19778
21697
19779
21698
19780
21699
19781
21700
19782
21701
19783
21702
19784
21703
19785
21704
19786
21705
19787
21706
19788
21707
19789
21708
19790
21709
19791
21710
19792
21711
19793
21712
19794
21713
19795
21714
19796
21715
19797
21716
19798
21717
19799
21718
19800
21719
19801
21720
19802
21721
19803
21722
19804
21723
19805
21724
19806
21725
19807
21726
19808
21727
19809
21728
19810
21729
19811
21730
19812
21731
19813
21732
19814
21733
19815
21734
19816
21735
19817
21736
19818
21737
19819
21738
19820
21739
19821
21740
19822
21741
19823
21742
19824
21743
19825
21744
19826
21745
19827
21746
19828
21747
19829
21748
19830
21749
19831
21750
19832
21751
19833
21752
19834
21753
19835
21754
19836
21755
19837
21756
19838
21757
19839
21758
19840
21759
19841
21760
19842
21761
19843
21762
19844
21763
19845
21764
19846
21765
19847
21766
19848
21767
19849
21768
19850
21769
19851
21770
19852
21771
19853
21772
19854
21773
19855
21774
19856
21775
19857
21776
19858
21777
19859
21778
19860
21779
19861
21780
19862
21781
19863
21782
19864
21783
19865
21784
19866
21785
19867
21786
19868
21787
19869
21788
19870
21789
19871
21790
19872
21791
19873
21792
19874
21793
19875
21794
19876
21795
19877
21796
19878
21797
19879
21798
19880
21799
19881
21800
19882
21801
19883
21802
19884
21803
19885
21804
19886
21805
19887
21806
19888
21807
19889
21808
19890
21809
19891
21810
19892
21811
19893
21812
19894
21813
19895
21814
19896
21815
19897
21816
19898
21817
19899
21818
19900
21819
19901
21820
19902
21821
19903
21822
19904
21823
19905
21824
19906
21825
19907
21826
19908
21827
19909
21828
19910
21829
19911
21830
19912
21831
19913
21832
19914
21833
19915
21834
19916
21835
19917
21836
19918
21837
19919
21838
19920
21839
19921
21840
19922
21841
19923
21842
19924
21843
19925
21844
19926
21845
19927
21846
19928
21847
19929
21848
19930
21849
19931
21850
19932
21851
19933
21852
19934
21853
19935
21854
19936
21855
19937
21856
19938
21857
19939
21858
19940
21859
19941
21860
19942
21861
19943
21862
19944
21863
19945
21864
19946
21865
19947
21866
19948
21867
19949
21868
19950
21869
19951
21870
19952
21871
19953
21872
19954
21873
19955
21874
19956
21875
19957
21876
19958
21877
19959
21878
19960
21879
19961
21880
19962
21881
19963
21882
19964
21883
19965
21884
19966
21885
19967
21886
19968
21887
19969
21888
19970
21889
19971
21890
19972
21891
19973
21892
19974
21893
19975
21894
19976
21895
19977
21896
19978
21897
19979
21898
19980
21899
19981
21900
19982
21901
19983
21902
19984
21903
19985
21904
19986
21905
19987
21906
19988
21907
19989
21908
19990
21909
19991
21910
19992
21911
19993
21912
19994
21913
19995
21914
19996
21915
19997
21916
19998
21917
19999
21918
20000
21919
20001
21920
20002
21921
20003
21922
20004
21923
20005
21924
20006
21925
20007
21926
20008
21927
20009
21928
20010
21929
20011
21930
20012
21931
20013
21932
20014
21933
20015
21934
20016
21935
20017
21936
20018
21937
20019
21938
20020
21939
20021
21940
20022
21941
20023
21942
20024
21943
20025
21944
20026
21945
20027
21946
20028
21947
20029
21948
20030
21949
20031
21950
20032
21951
20033
21952
20034
21953
20035
21954
20036
21955
20037
21956
20038
21957
20039
21958
20040
21959
20041
21960
20042
21961
20043
21962
20044
21963
20045
21964
20046
21965
20047
21966
20048
21967
20049
21968
20050
21969
20051
21970
20052
21971
20053
21972
20054
21973
20055
21974
20056
21975
20057
21976
20058
21977
20059
21978
20060
21979
20061
21980
20062
21981
20063
21982
20064
21983
20065
21984
20066
21985
20067
21986
20068
21987
20069
21988
20070
21989
20071
21990
20072
21991
20073
21992
20074
21993
20075
21994
20076
21995
20077
21996
20078
21997
20079
21998
20080
21999
20081
22000
20082
22001
20083
22002
20084
22003
20085
22004
20086
22005
20087
22006
20088
22007
20089
22008
20090
22009
20091
22010
20092
22011
20093
22012
20094
22013
20095
22014
20096
22015
20097
22016
20098
22017
20099
22018
20100
22019
20101
22020
20102
22021
20103
22022
20104
22023
20105
22024
20106
22025
20107
22026
20108
22027
20109
22028
20110
22029
20111
22030
20112
22031
20113
22032
20114
22033
20115
22034
20116
22035
20117
22036
20118
22037
20119
22038
20120
22039
20121
22040
20122
22041
20123
22042
20124
22043
20125
22044
20126
22045
20127
22046
20128
22047
20129
22048
20130
22049
20131
22050
20132
22051
20133
22052
20134
22053
20135
22054
20136
22055
20137
22056
20138
22057
20139
22058
20140
22059
20141
22060
20142
22061
20143
22062
20144
22063
20145
22064
20146
22065
20147
22066
20148
22067
20149
22068
20150
22069
20151
22070
20152
22071
20153
22072
20154
22073
20155
22074
20156
22075
20157
22076
20158
22077
20159
22078
20160
22079
20161
22080
20162
22081
20163
22082
20164
22083
20165
22084
20166
22085
20167
22086
20168
22087
20169
22088
20170
22089
20171
22090
20172
22091
20173
22092
20174
22093
20175
22094
20176
22095
20177
22096
20178
22097
20179
22098
20180
22099
20181
22100
20182
22101
20183
22102
20184
22103
20185
22104
20186
22105
20187
22106
20188
22107
20189
22108
20190
22109
20191
22110
20192
22111
20193
22112
20194
22113
20195
22114
20196
22115
20197
22116
20198
22117
20199
22118
20200
22119
20201
22120
20202
22121
20203
22122
20204
22123
20205
22124
20206
22125
20207
22126
20208
22127
20209
22128
20210
22129
20211
22130
20212
22131
20213
22132
20214
22133
20215
22134
20216
22135
20217
22136
20218
22137
20219
22138
20220
22139
20221
22140
20222
22141
20223
22142
20224
22143
20225
22144
20226
22145
20227
22146
20228
22147
20229
22148
20230
22149
20231
22150
20232
22151
20233
22152
20234
22153
20235
22154
20236
22155
20237
22156
20238
22157
20239
22158
20240
22159
20241
22160
20242
22161
20243
22162
20244
22163
20245
22164
20246
22165
20247
22166
20248
22167
20249
22168
20250
22169
20251
22170
20252
22171
20253
22172
20254
22173
20255
22174
20256
22175
20257
22176
20258
22177
20259
22178
20260
22179
20261
22180
20262
22181
20263
22182
20264
22183
20265
22184
20266
22185
20267
22186
20268
22187
20269
22188
20270
22189
20271
22190
20272
22191
20273
22192
20274
22193
20275
22194
20276
22195
20277
22196
20278
22197
20279
22198
20280
22199
20281
22200
20282
22201
20283
22202
20284
22203
20285
22204
20286
22205
20287
22206
20288
22207
20289
22208
20290
22209
20291
22210
20292
22211
20293
22212
20294
22213
20295
22214
20296
22215
20297
22216
20298
22217
20299
22218
20300
22219
20301
22220
20302
22221
20303
22222
20304
22223
20305
22224
20306
22225
20307
22226
20308
22227
20309
22228
20310
22229
20311
22230
20312
22231
20313
22232
20314
22233
20315
22234
20316
22235
20317
22236
20318
22237
20319
22238
20320
22239
20321
22240
20322
22241
20323
22242
20324
22243
20325
22244
20326
22245
20327
22246
20328
22247
20329
22248
20330
22249
20331
22250
20332
22251
20333
22252
20334
22253
20335
22254
20336
22255
20337
22256
20338
22257
20339
22258
20340
22259
20341
22260
20342
22261
20343
22262
20344
22263
20345
22264
20346
22265
20347
22266
20348
22267
20349
22268
20350
22269
20351
22270
20352
22271
20353
22272
20354
22273
20355
22274
20356
22275
20357
22276
20358
22277
20359
22278
20360
22279
20361
22280
20362
22281
20363
22282
20364
22283
20365
22284
20366
22285
20367
22286
20368
22287
20369
22288
20370
22289
20371
22290
20372
22291
20373
22292
20374
22293
20375
22294
20376
22295
20377
22296
20378
22297
20379
22298
20380
22299
20381
22300
20382
22301
20383
22302
20384
22303
20385
22304
20386
22305
20387
22306
20388
22307
20389
22308
20390
22309
20391
22310
20392
22311
20393
22312
20394
22313
20395
22314
20396
22315
20397
22316
20398
22317
20399
22318
20400
22319
20401
22320
20402
22321
20403
22322
20404
22323
20405
22324
20406
22325
20407
22326
20408
22327
20409
22328
20410
22329
20411
22330
20412
22331
20413
22332
20414
22333
20415
22334
20416
22335
20417
22336
20418
22337
20419
22338
20420
22339
20421
22340
20422
22341
20423
22342
20424
22343
20425
22344
20426
22345
20427
22346
20428
22347
20429
22348
20430
22349
20431
22350
20432
22351
20433
22352
20434
22353
20435
22354
20436
22355
20437
22356
20438
22357
20439
22358
20440
22359
20441
22360
20442
22361
20443
22362
20444
22363
20445
22364
20446
22365
20447
22366
20448
22367
20449
22368
20450
22369
20451
22370
20452
22371
20453
22372
20454
22373
20455
22374
20456
22375
20457
22376
20458
22377
20459
22378
20460
22379
20461
22380
20462
22381
20463
22382
20464
22383
20465
22384
20466
22385
20467
22386
20468
22387
20469
22388
20470
22389
20471
22390
20472
22391
20473
22392
20474
22393
20475
22394
20476
22395
20477
22396
20478
22397
20479
22398
20480
22399
20481
22400
20482
22401
20483
22402
20484
22403
20485
22404
20486
22405
20487
22406
20488
22407
20489
22408
20490
22409
20491
22410
20492
22411
20493
22412
20494
22413
20495
22414
20496
22415
20497
22416
20498
22417
20499
22418
20500
22419
20501
22420
20502
22421
20503
22422
20504
22423
20505
22424
20506
22425
20507
22426
20508
22427
20509
22428
20510
22429
20511
22430
20512
22431
20513
22432
20514
22433
20515
22434
20516
22435
20517
22436
20518
22437
20519
22438
20520
22439
20521
22440
20522
22441
20523
22442
20524
22443
20525
22444
20526
22445
20527
22446
20528
22447
20529
22448
20530
22449
20531
22450
20532
22451
20533
22452
20534
22453
20535
22454
20536
22455
20537
22456
20538
22457
20539
22458
20540
22459
20541
22460
20542
22461
20543
22462
20544
22463
20545
22464
20546
22465
20547
22466
20548
22467
20549
22468
20550
22469
20551
22470
20552
22471
20553
22472
20554
22473
20555
22474
20556
22475
20557
22476
20558
22477
20559
22478
20560
22479
20561
22480
20562
22481
20563
22482
20564
22483
20565
22484
20566
22485
20567
22486
20568
22487
20569
22488
20570
22489
20571
22490
20572
22491
20573
22492
20574
22493
20575
22494
20576
22495
20577
22496
20578
22497
20579
22498
20580
22499
20581
22500
20582
22501
20583
22502
20584
22503
20585
22504
20586
22505
20587
22506
20588
22507
20589
22508
20590
22509
20591
22510
20592
22511
20593
22512
20594
22513
20595
22514
20596
22515
20597
22516
20598
22517
20599
22518
20600
22519
20601
22520
20602
22521
20603
22522
20604
22523
20605
22524
20606
22525
20607
22526
20608
22527
20609
22528
20610
22529
20611
22530
20612
22531
20613
22532
20614
22533
20615
22534
20616
22535
20617
22536
20618
22537
20619
22538
20620
22539
20621
22540
20622
22541
20623
22542
20624
22543
20625
22544
20626
22545
20627
22546
20628
22547
20629
22548
20630
22549
20631
22550
20632
22551
20633
22552
20634
22553
20635
22554
20636
22555
20637
22556
20638
22557
20639
22558
20640
22559
20641
22560
20642
22561
20643
22562
20644
22563
20645
22564
20646
22565
20647
22566
20648
22567
20649
22568
20650
22569
20651
22570
20652
22571
20653
22572
20654
22573
20655
22574
20656
22575
20657
22576
20658
22577
20659
22578
20660
22579
20661
22580
20662
22581
20663
22582
20664
22583
20665
22584
20666
22585
20667
22586
20668
22587
20669
22588
20670
22589
20671
22590
20672
22591
20673
22592
20674
22593
20675
22594
20676
22595
20677
22596
20678
22597
20679
22598
20680
22599
20681
22600
20682
22601
20683
22602
20684
22603
20685
22604
20686
22605
20687
22606
20688
22607
20689
22608
20690
22609
20691
22610
20692
22611
20693
22612
20694
22613
20695
22614
20696
22615
20697
22616
20698
22617
20699
22618
20700
22619
20701
22620
20702
22621
20703
22622
20704
22623
20705
22624
20706
22625
20707
22626
20708
22627
20709
22628
20710
22629
20711
22630
20712
22631
20713
22632
20714
22633
20715
22634
20716
22635
20717
22636
20718
22637
20719
22638
20720
22639
20721
22640
20722
22641
20723
22642
20724
22643
20725
22644
20726
22645
20727
22646
20728
22647
20729
22648
20730
22649
20731
22650
20732
22651
20733
22652
20734
22653
20735
22654
20736
22655
20737
22656
20738
22657
20739
22658
20740
22659
20741
22660
20742
22661
20743
22662
20744
22663
20745
22664
20746
22665
20747
22666
20748
22667
20749
22668
20750
22669
20751
22670
20752
22671
20753
22672
20754
22673
20755
22674
20756
22675
20757
22676
20758
22677
20759
22678
20760
22679
20761
22680
20762
22681
20763
22682
20764
22683
20765
22684
20766
22685
20767
22686
20768
22687
20769
22688
20770
22689
20771
22690
20772
22691
20773
22692
20774
22693
20775
22694
20776
22695
20777
22696
20778
22697
20779
22698
20780
22699
20781
22700
20782
22701
20783
22702
20784
22703
20785
22704
20786
22705
20787
22706
20788
22707
20789
22708
20790
22709
20791
22710
20792
22711
20793
22712
20794
22713
20795
22714
20796
22715
20797
22716
20798
22717
20799
22718
20800
22719
20801
22720
20802
22721
20803
22722
20804
22723
20805
22724
20806
22725
20807
22726
20808
22727
20809
22728
20810
22729
20811
22730
20812
22731
20813
22732
20814
22733
20815
22734
20816
22735
20817
22736
20818
22737
20819
22738
20820
22739
20821
22740
20822
22741
20823
22742
20824
22743
20825
22744
20826
22745
20827
22746
20828
22747
20829
22748
20830
22749
20831
22750
20832
22751
20833
22752
20834
22753
20835
22754
20836
22755
20837
22756
20838
22757
20839
22758
20840
22759
20841
22760
20842
22761
20843
22762
20844
22763
20845
22764
20846
22765
20847
22766
20848
22767
20849
22768
20850
22769
20851
22770
20852
22771
20853
22772
20854
22773
20855
22774
20856
22775
20857
22776
20858
22777
20859
22778
20860
22779
20861
22780
20862
22781
20863
22782
20864
22783
20865
22784
20866
22785
20867
22786
20868
22787
20869
22788
20870
22789
20871
22790
20872
22791
20873
22792
20874
22793
20875
22794
20876
22795
20877
22796
20878
22797
20879
22798
20880
22799
20881
22800
20882
22801
20883
22802
20884
22803
20885
22804
20886
22805
20887
22806
20888
22807
20889
22808
20890
22809
20891
22810
20892
22811
20893
22812
20894
22813
20895
22814
20896
22815
20897
22816
20898
22817
20899
22818
20900
22819
20901
22820
20902
22821
20903
22822
20904
22823
20905
22824
20906
22825
20907
22826
20908
22827
20909
22828
20910
22829
20911
22830
20912
22831
20913
22832
20914
22833
20915
22834
20916
22835
20917
22836
20918
22837
20919
22838
20920
22839
20921
22840
20922
22841
20923
22842
20924
22843
20925
22844
20926
22845
20927
22846
20928
22847
20929
22848
20930
22849
20931
22850
20932
22851
20933
22852
20934
22853
20935
22854
20936
22855
20937
22856
20938
22857
20939
22858
20940
22859
20941
22860
20942
22861
20943
22862
20944
22863
20945
22864
20946
22865
20947
22866
20948
22867
20949
22868
20950
22869
20951
22870
20952
22871
20953
22872
20954
22873
20955
22874
20956
22875
20957
22876
20958
22877
20959
22878
20960
22879
20961
22880
20962
22881
20963
22882
20964
22883
20965
22884
20966
22885
20967
22886
20968
22887
20969
22888
20970
22889
20971
22890
20972
22891
20973
22892
20974
22893
20975
22894
20976
22895
20977
22896
20978
22897
20979
22898
20980
22899
20981
22900
20982
22901
20983
22902
20984
22903
20985
22904
20986
22905
20987
22906
20988
22907
20989
22908
20990
22909
20991
22910
20992
22911
20993
22912
20994
22913
20995
22914
20996
22915
20997
22916
20998
22917
20999
22918
21000
22919
21001
22920
21002
22921
21003
22922
21004
22923
21005
22924
21006
22925
21007
22926
21008
22927
21009
22928
21010
22929
21011
22930
21012
22931
21013
22932
21014
22933
21015
22934
21016
22935
21017
22936
21018
22937
21019
22938
21020
22939
21021
22940
21022
22941
21023
22942
21024
22943
21025
22944
21026
22945
21027
22946
21028
22947
21029
22948
21030
22949
21031
22950
21032
22951
21033
22952
21034
22953
21035
22954
21036
22955
21037
22956
21038
22957
21039
22958
21040
22959
21041
22960
21042
22961
21043
22962
21044
22963
21045
22964
21046
22965
21047
22966
21048
22967
21049
22968
21050
22969
21051
22970
21052
22971
21053
22972
21054
22973
21055
22974
21056
22975
21057
22976
21058
22977
21059
22978
21060
22979
21061
22980
21062
22981
21063
22982
21064
22983
21065
22984
21066
22985
21067
22986
21068
22987
21069
22988
21070
22989
21071
22990
21072
22991
21073
22992
21074
22993
21075
22994
21076
22995
21077
22996
21078
22997
21079
22998
21080
22999
21081
23000
21082
23001
21083
23002
21084
23003
21085
23004
21086
23005
21087
23006
21088
23007
21089
23008
21090
23009
21091
23010
21092
23011
21093
23012
21094
23013
21095
23014
21096
23015
21097
23016
21098
23017
21099
23018
21100
23019
21101
23020
21102
23021
21103
23022
21104
23023
21105
23024
21106
23025
21107
23026
21108
23027
21109
23028
21110
23029
21111
23030
21112
23031
21113
23032
21114
23033
21115
23034
21116
23035
21117
23036
21118
23037
21119
23038
23039
21121
23040
21122
23041
21123
23042
21124
23043
21125
23044
21126
23045
21127
23046
21128
23047
21129
23048
21130
23049
21131
23050
21132
23051
21133
23052
21134
23053
21135
23054
21136
23055
21137
23056
21138
23057
21139
23058
21140
23059
21141
23060
21142
23061
21143
23062
21144
23063
21145
23064
21146
23065
21147
23066
21148
23067
21149
23068
21150
23069
21151
23070
21152
23071
21153
23072
21154
23073
21155
23074
21156
23075
21157
23076
21158
23077
21159
23078
21160
23079
21161
23080
21162
23081
21163
23082
21164
23083
21165
23084
21166
23085
21167
23086
21168
23087
21169
23088
21170
23089
21171
23090
21172
23091
21173
23092
21174
23093
21175
23094
21176
23095
21177
23096
21178
23097
21179
23098
21180
23099
21181
23100
21182
23101
21183
23102
21184
23103
21185
23104
21186
23105
21187
23106
21188
23107
21189
23108
21190
23109
21191
23110
21192
23111
21193
23112
21194
23113
21195
23114
21196
23115
21197
23116
21198
23117
21199
23118
21200
23119
21201
23120
21202
23121
21203
23122
21204
23123
21205
23124
21206
23125
21207
23126
21208
23127
21209
23128
21210
23129
21211
23130
21212
23131
21213
23132
21214
23133
21215
23134
21216
23135
21217
23136
21218
23137
21219
23138
21220
23139
21221
23140
21222
23141
21223
23142
21224
23143
21225
23144
21226
23145
21227
23146
21228
23147
21229
23148
21230
23149
21231
23150
21232
23151
21233
23152
21234
23153
21235
23154
21236
23155
21237
23156
21238
23157
21239
23158
21240
23159
21241
23160
21242
23161
21243
23162
21244
23163
21245
23164
21246
23165
21247
23166
21248
23167
21249
23168
21250
23169
21251
23170
21252
23171
21253
23172
21254
23173
21255
23174
21256
23175
21257
23176
21258
23177
21259
23178
21260
23179
21261
23180
21262
23181
21263
23182
21264
23183
21265
23184
21266
23185
21267
23186
21268
23187
21269
23188
21270
23189
21271
23190
21272
23191
21273
23192
21274
23193
21275
23194
21276
23195
21277
23196
21278
23197
21279
23198
21280
23199
21281
23200
21282
23201
21283
23202
21284
23203
21285
23204
21286
23205
21287
23206
21288
23207
21289
23208
21290
23209
21291
23210
21292
23211
21293
23212
21294
23213
21295
23214
21296
23215
21297
23216
21298
23217
21299
23218
21300
23219
21301
23220
21302
23221
21303
23222
21304
23223
21305
23224
21306
23225
21307
23226
21308
23227
21309
23228
21310
23229
21311
23230
21312
23231
21313
23232
21314
23233
21315
23234
21316
23235
21317
23236
21318
23237
21319
23238
21320
23239
21321
23240
21322
23241
21323
23242
21324
23243
21325
23244
21326
23245
21327
23246
21328
23247
21329
23248
21330
23249
21331
23250
21332
23251
21333
23252
21334
23253
21335
23254
21336
23255
21337
23256
21338
23257
21339
23258
21340
23259
21341
23260
21342
23261
21343
23262
21344
23263
21345
23264
21346
23265
21347
23266
21348
23267
21349
23268
21350
23269
21351
23270
21352
23271
21353
23272
21354
23273
21355
23274
21356
23275
21357
23276
21358
23277
21359
23278
21360
23279
21361
23280
21362
23281
21363
23282
21364
23283
21365
23284
21366
23285
21367
23286
21368
23287
21369
23288
21370
23289
21371
23290
21372
23291
21373
23292
21374
23293
21375
23294
21376
23295
21377
23296
21378
23297
21379
23298
21380
23299
21381
23300
21382
23301
21383
23302
21384
23303
21385
23304
21386
23305
21387
23306
21388
23307
21389
23308
21390
23309
21391
23310
21392
23311
21393
23312
21394
23313
21395
23314
21396
23315
21397
23316
21398
23317
21399
23318
21400
23319
21401
23320
21402
23321
21403
23322
21404
23323
21405
23324
21406
23325
21407
23326
21408
23327
21409
23328
21410
23329
21411
23330
21412
23331
21413
23332
21414
23333
21415
23334
21416
23335
21417
23336
21418
23337
21419
23338
21420
23339
21421
23340
21422
23341
21423
23342
21424
23343
21425
23344
21426
23345
21427
23346
21428
23347
21429
23348
21430
23349
21431
23350
21432
23351
21433
23352
21434
23353
21435
23354
21436
23355
21437
23356
21438
23357
21439
23358
21440
23359
21441
23360
21442
23361
21443
23362
21444
23363
21445
23364
21446
23365
21447
23366
21448
23367
21449
23368
21450
23369
21451
23370
21452
23371
21453
23372
21454
23373
21455
23374
21456
23375
21457
23376
21458
23377
21459
23378
21460
23379
21461
23380
21462
23381
21463
23382
21464
23383
21465
23384
21466
23385
21467
23386
21468
23387
21469
23388
21470
23389
21471
23390
21472
23391
21473
23392
21474
23393
21475
23394
21476
23395
21477
23396
21478
23397
21479
23398
21480
23399
21481
23400
21482
23401
21483
23402
21484
23403
21485
23404
21486
23405
21487
23406
21488
23407
21489
23408
21490
23409
21491
23410
21492
23411
21493
23412
21494
23413
21495
23414
21496
23415
21497
23416
21498
23417
21499
23418
21500
23419
21501
23420
21502
23421
21503
23422
21504
23423
21505
23424
21506
23425
21507
23426
21508
23427
21509
23428
21510
23429
21511
23430
21512
23431
21513
23432
21514
23433
21515
23434
21516
23435
21517
23436
21518
23437
21519
23438
21520
23439
21521
23440
21522
23441
21523
23442
21524
23443
21525
23444
21526
23445
21527
23446
21528
23447
21529
23448
21530
23449
21531
23450
21532
23451
21533
23452
21534
23453
21535
23454
21536
23455
21537
23456
21538
23457
21539
23458
21540
23459
21541
23460
21542
23461
21543
23462
21544
23463
21545
23464
21546
23465
21547
23466
21548
23467
21549
23468
21550
23469
21551
23470
21552
23471
21553
23472
21554
23473
21555
23474
21556
23475
21557
23476
21558
23477
21559
23478
21560
23479
21561
23480
21562
23481
21563
23482
21564
23483
21565
23484
21566
23485
21567
23486
21568
23487
21569
23488
21570
23489
21571
23490
21572
23491
21573
23492
21574
23493
21575
23494
21576
23495
21577
23496
21578
23497
21579
23498
21580
23499
21581
23500
21582
23501
21583
23502
21584
23503
21585
23504
21586
23505
21587
23506
21588
23507
21589
23508
21590
23509
21591
23510
21592
23511
21593
23512
21594
23513
21595
23514
21596
23515
21597
23516
21598
23517
21599
23518
21600
23519
21601
23520
21602
23521
21603
23522
21604
23523
21605
23524
21606
23525
21607
23526
21608
23527
21609
23528
21610
23529
21611
23530
21612
23531
21613
23532
21614
23533
21615
23534
21616
23535
21617
23536
21618
23537
21619
23538
21620
23539
21621
23540
21622
23541
21623
23542
21624
23543
21625
23544
21626
23545
21627
23546
21628
23547
21629
23548
21630
23549
21631
23550
21632
23551
21633
23552
21634
23553
21635
23554
21636
23555
21637
23556
21638
23557
21639
23558
21640
23559
21641
23560
21642
23561
21643
23562
21644
23563
21645
23564
21646
23565
21647
23566
21648
23567
21649
23568
21650
23569
21651
23570
21652
23571
21653
23572
21654
23573
21655
23574
21656
23575
21657
23576
21658
23577
21659
23578
21660
23579
21661
23580
21662
23581
21663
23582
21664
23583
21665
23584
21666
23585
21667
23586
21668
23587
21669
23588
21670
23589
21671
23590
21672
23591
21673
23592
21674
23593
21675
23594
21676
23595
21677
23596
21678
23597
21679
23598
21680
23599
21681
23600
21682
23601
21683
23602
21684
23603
21685
23604
21686
23605
21687
23606
21688
23607
21689
23608
21690
23609
21691
23610
21692
23611
21693
23612
21694
23613
21695
23614
21696
23615
21697
23616
21698
23617
21699
23618
21700
23619
21701
23620
21702
23621
21703
23622
21704
23623
21705
23624
21706
23625
21707
23626
21708
23627
21709
23628
21710
23629
21711
23630
21712
23631
21713
23632
21714
23633
21715
23634
21716
23635
21717
23636
21718
23637
21719
23638
21720
23639
21721
23640
21722
23641
21723
23642
21724
23643
21725
23644
21726
23645
21727
23646
21728
23647
21729
23648
21730
23649
21731
23650
21732
23651
21733
23652
21734
23653
21735
23654
21736
23655
21737
23656
21738
23657
21739
23658
21740
23659
21741
23660
21742
23661
21743
23662
21744
23663
21745
23664
21746
23665
21747
23666
21748
23667
21749
23668
21750
23669
21751
23670
21752
23671
21753
23672
21754
23673
21755
23674
21756
23675
21757
23676
21758
23677
21759
23678
21760
23679
21761
23680
21762
23681
21763
23682
21764
23683
21765
23684
21766
23685
21767
23686
21768
23687
21769
23688
21770
23689
21771
23690
21772
23691
21773
23692
21774
23693
21775
23694
21776
23695
21777
23696
21778
23697
21779
23698
21780
23699
21781
23700
21782
23701
21783
23702
21784
23703
21785
23704
21786
23705
21787
23706
21788
23707
21789
23708
21790
23709
21791
23710
21792
23711
21793
23712
21794
23713
21795
23714
21796
23715
21797
23716
21798
23717
21799
23718
21800
23719
21801
23720
21802
23721
21803
23722
21804
23723
21805
23724
21806
23725
21807
23726
21808
23727
21809
23728
21810
23729
21811
23730
21812
23731
21813
23732
21814
23733
21815
23734
21816
23735
21817
23736
21818
23737
21819
23738
21820
23739
21821
23740
21822
23741
21823
23742
21824
23743
21825
23744
21826
23745
21827
23746
21828
23747
21829
23748
21830
23749
21831
23750
21832
23751
21833
23752
21834
23753
21835
23754
21836
23755
21837
23756
21838
23757
21839
23758
21840
23759
21841
23760
21842
23761
21843
23762
21844
23763
21845
23764
21846
23765
21847
23766
21848
23767
21849
23768
21850
23769
21851
23770
21852
23771
21853
23772
21854
23773
21855
23774
21856
23775
21857
23776
21858
23777
21859
23778
21860
23779
21861
23780
21862
23781
21863
23782
21864
23783
21865
23784
21866
23785
21867
23786
21868
23787
21869
23788
21870
23789
21871
23790
21872
23791
21873
23792
21874
23793
21875
23794
21876
23795
21877
23796
21878
23797
21879
23798
21880
23799
21881
23800
21882
23801
21883
23802
21884
23803
21885
23804
21886
23805
21887
23806
21888
23807
21889
23808
21890
23809
21891
23810
21892
23811
21893
23812
21894
23813
21895
23814
21896
23815
21897
23816
21898
23817
21899
23818
21900
23819
21901
23820
21902
23821
21903
23822
21904
23823
21905
23824
21906
23825
21907
23826
21908
23827
21909
23828
21910
23829
21911
23830
21912
23831
21913
23832
21914
23833
21915
23834
21916
23835
21917
23836
21918
23837
21919
23838
21920
23839
21921
23840
21922
23841
21923
23842
21924
23843
21925
23844
21926
23845
21927
23846
21928
23847
21929
23848
21930
23849
21931
23850
21932
23851
21933
23852
21934
23853
21935
23854
21936
23855
21937
23856
21938
23857
21939
23858
21940
23859
21941
23860
21942
23861
21943
23862
21944
23863
21945
23864
21946
23865
21947
23866
21948
23867
21949
23868
21950
23869
21951
23870
21952
23871
21953
23872
21954
23873
21955
23874
21956
23875
21957
23876
21958
23877
21959
23878
21960
23879
21961
23880
21962
23881
21963
23882
21964
23883
21965
23884
21966
23885
21967
23886
21968
23887
21969
23888
21970
23889
21971
23890
21972
23891
21973
23892
21974
23893
21975
23894
21976
23895
21977
23896
21978
23897
21979
23898
21980
23899
21981
23900
21982
23901
21983
23902
21984
23903
21985
23904
21986
23905
21987
23906
21988
23907
21989
23908
21990
23909
21991
23910
21992
23911
21993
23912
21994
23913
21995
23914
21996
23915
21997
23916
21998
23917
21999
23918
22000
23919
22001
23920
22002
23921
22003
23922
22004
23923
22005
23924
22006
23925
22007
23926
22008
23927
22009
23928
22010
23929
22011
23930
22012
23931
22013
23932
22014
23933
22015
23934
22016
23935
22017
23936
22018
23937
22019
23938
22020
23939
22021
23940
22022
23941
22023
23942
22024
23943
22025
23944
22026
23945
22027
23946
22028
23947
22029
23948
22030
23949
22031
23950
22032
23951
22033
23952
22034
23953
22035
23954
22036
23955
22037
23956
22038
23957
22039
23958
22040
23959
22041
23960
22042
23961
22043
23962
22044
23963
22045
23964
22046
23965
22047
23966
22048
23967
22049
23968
22050
23969
22051
23970
22052
23971
22053
23972
22054
23973
22055
23974
22056
23975
22057
23976
22058
23977
22059
23978
22060
23979
22061
23980
22062
23981
22063
23982
22064
23983
22065
23984
22066
23985
22067
23986
22068
23987
22069
23988
22070
23989
22071
23990
22072
23991
22073
23992
22074
23993
22075
23994
22076
23995
22077
23996
22078
23997
22079
23998
22080
23999
22081
24000
22082
24001
22083
24002
22084
24003
22085
24004
22086
24005
22087
24006
22088
24007
22089
24008
22090
24009
22091
24010
22092
24011
22093
24012
22094
24013
22095
24014
22096
24015
22097
24016
22098
24017
22099
24018
22100
24019
22101
24020
22102
24021
22103
24022
22104
24023
22105
24024
22106
24025
22107
24026
22108
24027
22109
24028
22110
24029
22111
24030
22112
24031
22113
24032
22114
24033
22115
24034
22116
24035
22117
24036
22118
24037
22119
24038
22120
24039
22121
24040
22122
24041
22123
24042
22124
24043
22125
24044
22126
24045
22127
24046
22128
24047
22129
24048
22130
24049
22131
24050
22132
24051
22133
24052
22134
24053
22135
24054
22136
24055
22137
24056
22138
24057
22139
24058
22140
24059
22141
24060
22142
24061
22143
24062
22144
24063
22145
24064
22146
24065
22147
24066
22148
24067
22149
24068
22150
24069
22151
24070
22152
24071
22153
24072
22154
24073
22155
24074
22156
24075
22157
24076
22158
24077
22159
24078
22160
24079
22161
24080
22162
24081
22163
24082
22164
24083
22165
24084
22166
24085
22167
24086
22168
24087
22169
24088
22170
24089
22171
24090
22172
24091
22173
24092
22174
24093
22175
24094
22176
24095
22177
24096
22178
24097
22179
24098
22180
24099
22181
24100
22182
24101
22183
24102
22184
24103
22185
24104
22186
24105
22187
24106
22188
24107
22189
24108
22190
24109
22191
24110
22192
24111
22193
24112
22194
24113
22195
24114
22196
24115
22197
24116
22198
24117
22199
24118
22200
24119
22201
24120
22202
24121
22203
24122
22204
24123
22205
24124
22206
24125
22207
24126
22208
24127
22209
24128
22210
24129
22211
24130
22212
24131
22213
24132
22214
24133
22215
24134
22216
24135
22217
24136
22218
24137
22219
24138
22220
24139
22221
24140
22222
24141
22223
24142
22224
24143
22225
24144
22226
24145
22227
24146
22228
24147
22229
24148
22230
24149
22231
24150
22232
24151
22233
24152
22234
24153
22235
24154
22236
24155
22237
24156
22238
24157
22239
24158
22240
24159
22241
24160
22242
24161
22243
24162
22244
24163
22245
24164
22246
24165
22247
24166
22248
24167
22249
24168
22250
24169
22251
24170
22252
24171
22253
24172
22254
24173
22255
24174
22256
24175
22257
24176
22258
24177
22259
24178
22260
24179
22261
24180
22262
24181
22263
24182
22264
24183
22265
24184
22266
24185
22267
24186
22268
24187
22269
24188
22270
24189
22271
24190
22272
24191
22273
24192
22274
24193
22275
24194
22276
24195
22277
24196
22278
24197
22279
24198
22280
24199
22281
24200
22282
24201
22283
24202
22284
24203
22285
24204
22286
24205
22287
24206
22288
24207
22289
24208
22290
24209
22291
24210
22292
24211
22293
24212
22294
24213
22295
24214
22296
24215
22297
24216
22298
24217
22299
24218
22300
24219
22301
24220
22302
24221
22303
24222
22304
24223
22305
24224
22306
24225
22307
24226
22308
24227
22309
24228
22310
24229
22311
24230
22312
24231
22313
24232
22314
24233
22315
24234
22316
24235
22317
24236
22318
24237
22319
24238
22320
24239
22321
24240
22322
24241
22323
24242
22324
24243
22325
24244
22326
24245
22327
24246
22328
24247
22329
24248
22330
24249
22331
24250
22332
24251
22333
24252
22334
24253
22335
24254
22336
24255
22337
24256
22338
24257
22339
24258
22340
24259
22341
24260
22342
24261
22343
24262
22344
24263
22345
24264
22346
24265
22347
24266
22348
24267
22349
24268
22350
24269
22351
24270
22352
24271
22353
24272
22354
24273
22355
24274
22356
24275
22357
24276
22358
24277
22359
24278
22360
24279
22361
24280
22362
24281
22363
24282
22364
24283
22365
24284
22366
24285
22367
24286
22368
24287
22369
24288
22370
24289
22371
24290
22372
24291
22373
24292
22374
24293
22375
24294
22376
24295
22377
24296
22378
24297
22379
24298
22380
24299
22381
24300
22382
24301
22383
24302
22384
24303
22385
24304
22386
24305
22387
24306
22388
24307
22389
24308
22390
24309
22391
24310
22392
24311
22393
24312
22394
24313
22395
24314
22396
24315
22397
24316
22398
24317
22399
24318
22400
24319
22401
24320
22402
24321
22403
24322
22404
24323
22405
24324
22406
24325
22407
24326
22408
24327
22409
24328
22410
24329
22411
24330
22412
24331
22413
24332
22414
24333
22415
24334
22416
24335
22417
24336
22418
24337
22419
24338
22420
24339
22421
24340
22422
24341
22423
24342
22424
24343
22425
24344
22426
24345
22427
24346
22428
24347
22429
24348
22430
24349
22431
24350
22432
24351
22433
24352
22434
24353
22435
24354
22436
24355
22437
24356
22438
24357
22439
24358
22440
24359
22441
24360
22442
24361
22443
24362
22444
24363
22445
24364
22446
24365
22447
24366
22448
24367
22449
24368
22450
24369
22451
24370
22452
24371
22453
24372
22454
24373
22455
24374
22456
24375
22457
24376
22458
24377
22459
24378
22460
24379
22461
24380
22462
24381
22463
24382
22464
24383
22465
24384
22466
24385
22467
24386
22468
24387
22469
24388
22470
24389
22471
24390
22472
24391
22473
24392
22474
24393
22475
24394
22476
24395
22477
24396
22478
24397
22479
24398
22480
24399
22481
24400
22482
24401
22483
24402
22484
24403
22485
24404
22486
24405
22487
24406
22488
24407
22489
24408
22490
24409
22491
24410
22492
24411
22493
24412
22494
24413
22495
24414
22496
24415
22497
24416
22498
24417
22499
24418
22500
24419
22501
24420
22502
24421
22503
24422
22504
24423
22505
24424
22506
24425
22507
24426
22508
24427
22509
24428
22510
24429
22511
24430
22512
24431
22513
24432
22514
24433
22515
24434
22516
24435
22517
24436
22518
24437
22519
24438
22520
24439
22521
24440
22522
24441
22523
24442
22524
24443
22525
24444
22526
24445
22527
24446
22528
24447
22529
24448
22530
24449
22531
24450
22532
24451
22533
24452
22534
24453
22535
24454
22536
24455
22537
24456
22538
24457
22539
24458
22540
24459
22541
24460
22542
24461
22543
24462
22544
24463
22545
24464
22546
24465
22547
24466
22548
24467
22549
24468
22550
24469
22551
24470
22552
24471
22553
24472
22554
24473
22555
24474
22556
24475
22557
24476
22558
24477
22559
24478
22560
24479
22561
24480
22562
24481
22563
24482
22564
24483
22565
24484
22566
24485
22567
24486
22568
24487
22569
24488
22570
24489
22571
24490
22572
24491
22573
24492
22574
24493
22575
24494
22576
24495
22577
24496
22578
24497
22579
24498
22580
24499
22581
24500
22582
24501
22583
24502
22584
24503
22585
24504
22586
24505
22587
24506
22588
24507
22589
24508
22590
24509
22591
24510
22592
24511
22593
24512
22594
24513
22595
24514
22596
24515
22597
24516
22598
24517
22599
24518
22600
24519
22601
24520
22602
24521
22603
24522
22604
24523
22605
24524
22606
24525
22607
24526
22608
24527
22609
24528
22610
24529
22611
24530
22612
24531
22613
24532
22614
24533
22615
24534
22616
24535
22617
24536
22618
24537
22619
24538
22620
24539
22621
24540
22622
24541
22623
24542
22624
24543
22625
24544
22626
24545
22627
24546
22628
24547
22629
24548
22630
24549
22631
24550
22632
24551
22633
24552
22634
24553
22635
24554
22636
24555
22637
24556
22638
24557
22639
24558
22640
24559
22641
24560
22642
24561
22643
24562
22644
24563
22645
24564
22646
24565
22647
24566
22648
24567
22649
24568
22650
24569
22651
24570
22652
24571
22653
24572
22654
24573
22655
24574
22656
24575
22657
24576
22658
24577
22659
24578
22660
24579
22661
24580
22662
24581
22663
24582
22664
24583
22665
24584
22666
24585
22667
24586
22668
24587
22669
24588
22670
24589
22671
24590
22672
24591
22673
24592
22674
24593
22675
24594
22676
24595
22677
24596
22678
24597
22679
24598
22680
24599
22681
24600
22682
24601
22683
24602
22684
24603
22685
24604
22686
24605
22687
24606
22688
24607
22689
24608
22690
24609
22691
24610
22692
24611
22693
24612
22694
24613
22695
24614
22696
24615
22697
24616
22698
24617
22699
24618
22700
24619
22701
24620
22702
24621
22703
24622
22704
24623
22705
24624
22706
24625
22707
24626
22708
24627
22709
24628
22710
24629
22711
24630
22712
24631
22713
24632
22714
24633
22715
24634
22716
24635
22717
24636
22718
24637
22719
24638
22720
24639
22721
24640
22722
24641
22723
24642
22724
24643
22725
24644
22726
24645
22727
24646
22728
24647
22729
24648
22730
24649
22731
24650
22732
24651
22733
24652
22734
24653
22735
24654
22736
24655
22737
24656
22738
24657
22739
24658
22740
24659
22741
24660
22742
24661
22743
24662
22744
24663
22745
24664
22746
24665
22747
24666
22748
24667
22749
24668
22750
24669
22751
24670
22752
24671
22753
24672
22754
24673
22755
24674
22756
24675
22757
24676
22758
24677
22759
24678
22760
24679
22761
24680
22762
24681
22763
24682
22764
24683
22765
24684
22766
24685
22767
24686
22768
24687
22769
24688
22770
24689
22771
24690
22772
24691
22773
24692
22774
24693
22775
24694
22776
24695
22777
24696
22778
24697
22779
24698
22780
24699
22781
24700
22782
24701
22783
24702
22784
24703
22785
24704
22786
24705
22787
24706
22788
24707
22789
24708
22790
24709
22791
24710
22792
24711
22793
24712
22794
24713
22795
24714
22796
24715
22797
24716
22798
24717
22799
24718
22800
24719
22801
24720
22802
24721
22803
24722
22804
24723
22805
24724
22806
24725
22807
24726
22808
24727
22809
24728
22810
24729
22811
24730
22812
24731
22813
24732
22814
24733
22815
24734
22816
24735
22817
24736
22818
24737
22819
24738
22820
24739
22821
24740
22822
24741
22823
24742
22824
24743
22825
24744
22826
24745
22827
24746
22828
24747
22829
24748
22830
24749
22831
24750
22832
24751
22833
24752
22834
24753
22835
24754
22836
24755
22837
24756
22838
24757
22839
24758
22840
24759
22841
24760
22842
24761
22843
24762
22844
24763
22845
24764
22846
24765
22847
24766
22848
24767
22849
24768
22850
24769
22851
24770
22852
24771
22853
24772
22854
24773
22855
24774
22856
24775
22857
24776
22858
24777
22859
24778
22860
24779
22861
24780
22862
24781
22863
24782
22864
24783
22865
24784
22866
24785
22867
24786
22868
24787
22869
24788
22870
24789
22871
24790
22872
24791
22873
24792
22874
24793
22875
24794
22876
24795
22877
24796
22878
24797
22879
24798
22880
24799
22881
24800
22882
24801
22883
24802
22884
24803
22885
24804
22886
24805
22887
24806
22888
24807
22889
24808
22890
24809
22891
24810
22892
24811
22893
24812
22894
24813
22895
24814
22896
24815
22897
24816
22898
24817
22899
24818
22900
24819
22901
24820
22902
24821
22903
24822
22904
24823
22905
24824
22906
24825
22907
24826
22908
24827
22909
24828
22910
24829
22911
24830
22912
24831
22913
24832
22914
24833
22915
24834
22916
24835
22917
24836
22918
24837
22919
24838
22920
24839
22921
24840
22922
24841
22923
24842
22924
24843
22925
24844
22926
24845
22927
24846
22928
24847
22929
24848
22930
24849
22931
24850
22932
24851
22933
24852
22934
24853
22935
24854
22936
24855
22937
24856
22938
24857
22939
24858
22940
24859
22941
24860
22942
24861
22943
24862
22944
24863
22945
24864
22946
24865
22947
24866
22948
24867
22949
24868
22950
24869
22951
24870
22952
24871
22953
24872
22954
24873
22955
24874
22956
24875
22957
24876
22958
24877
22959
24878
22960
24879
22961
24880
22962
24881
22963
24882
22964
24883
22965
24884
22966
24885
22967
24886
22968
24887
22969
24888
22970
24889
22971
24890
22972
24891
22973
24892
22974
24893
22975
24894
22976
24895
22977
24896
22978
24897
22979
24898
22980
24899
22981
24900
22982
24901
22983
24902
22984
24903
22985
24904
22986
24905
22987
24906
22988
24907
22989
24908
22990
24909
22991
24910
22992
24911
22993
24912
22994
24913
22995
24914
22996
24915
22997
24916
22998
24917
22999
24918
23000
24919
23001
24920
23002
24921
23003
24922
23004
24923
23005
24924
23006
24925
23007
24926
23008
24927
23009
24928
23010
24929
23011
24930
23012
24931
23013
24932
23014
24933
23015
24934
23016
24935
23017
24936
23018
24937
23019
24938
23020
24939
23021
24940
23022
24941
23023
24942
23024
24943
23025
24944
23026
24945
23027
24946
23028
24947
23029
24948
23030
24949
23031
24950
23032
24951
23033
24952
23034
24953
23035
24954
23036
24955
23037
24956
23038
24957
23039
24958
24959
23041
24960
23042
24961
23043
24962
23044
24963
23045
24964
23046
24965
23047
24966
23048
24967
23049
24968
23050
24969
23051
24970
23052
24971
23053
24972
23054
24973
23055
24974
23056
24975
23057
24976
23058
24977
23059
24978
23060
24979
23061
24980
23062
24981
23063
24982
23064
24983
23065
24984
23066
24985
23067
24986
23068
24987
23069
24988
23070
24989
23071
24990
23072
24991
23073
24992
23074
24993
23075
24994
23076
24995
23077
24996
23078
24997
23079
24998
23080
24999
23081
25000
23082
25001
23083
25002
23084
25003
23085
25004
23086
25005
23087
25006
23088
25007
23089
25008
23090
25009
23091
25010
23092
25011
23093
25012
23094
25013
23095
25014
23096
25015
23097
25016
23098
25017
23099
25018
23100
25019
23101
25020
23102
25021
23103
25022
23104
25023
23105
25024
23106
25025
23107
25026
23108
25027
23109
25028
23110
25029
23111
25030
23112
25031
23113
25032
23114
25033
23115
25034
23116
25035
23117
25036
23118
25037
23119
25038
23120
25039
23121
25040
23122
25041
23123
25042
23124
25043
23125
25044
23126
25045
23127
25046
23128
25047
23129
25048
23130
25049
23131
25050
23132
25051
23133
25052
23134
25053
23135
25054
23136
25055
23137
25056
23138
25057
23139
25058
23140
25059
23141
25060
23142
25061
23143
25062
23144
25063
23145
25064
23146
25065
23147
25066
23148
25067
23149
25068
23150
25069
23151
25070
23152
25071
23153
25072
23154
25073
23155
25074
23156
25075
23157
25076
23158
25077
23159
25078
23160
25079
23161
25080
23162
25081
23163
25082
23164
25083
23165
25084
23166
25085
23167
25086
23168
25087
23169
25088
23170
25089
23171
25090
23172
25091
23173
25092
23174
25093
23175
25094
23176
25095
23177
25096
23178
25097
23179
25098
23180
25099
23181
25100
23182
25101
23183
25102
23184
25103
23185
25104
23186
25105
23187
25106
23188
25107
23189
25108
23190
25109
23191
25110
23192
25111
23193
25112
23194
25113
23195
25114
23196
25115
23197
25116
23198
25117
23199
25118
23200
25119
23201
25120
23202
25121
23203
25122
23204
25123
23205
25124
23206
25125
23207
25126
23208
25127
23209
25128
23210
25129
23211
25130
23212
25131
23213
25132
23214
25133
23215
25134
23216
25135
23217
25136
23218
25137
23219
25138
23220
25139
23221
25140
23222
25141
23223
25142
23224
25143
23225
25144
23226
25145
23227
25146
23228
25147
23229
25148
23230
25149
23231
25150
23232
25151
23233
25152
23234
25153
23235
25154
23236
25155
23237
25156
23238
25157
23239
25158
23240
25159
23241
25160
23242
25161
23243
25162
23244
25163
23245
25164
23246
25165
23247
25166
23248
25167
23249
25168
23250
25169
23251
25170
23252
25171
23253
25172
23254
25173
23255
25174
23256
25175
23257
25176
23258
25177
23259
25178
23260
25179
23261
25180
23262
25181
23263
25182
23264
25183
23265
25184
23266
25185
23267
25186
23268
25187
23269
25188
23270
25189
23271
25190
23272
25191
23273
25192
23274
25193
23275
25194
23276
25195
23277
25196
23278
25197
23279
25198
23280
25199
23281
25200
23282
25201
23283
25202
23284
25203
23285
25204
23286
25205
23287
25206
23288
25207
23289
25208
23290
25209
23291
25210
23292
25211
23293
25212
23294
25213
23295
25214
23296
25215
23297
25216
23298
25217
23299
25218
23300
25219
23301
25220
23302
25221
23303
25222
23304
25223
23305
25224
23306
25225
23307
25226
23308
25227
23309
25228
23310
25229
23311
25230
23312
25231
23313
25232
23314
25233
23315
25234
23316
25235
23317
25236
23318
25237
23319
25238
23320
25239
23321
25240
23322
25241
23323
25242
23324
25243
23325
25244
23326
25245
23327
25246
23328
25247
23329
25248
23330
25249
23331
25250
23332
25251
23333
25252
23334
25253
23335
25254
23336
25255
23337
25256
23338
25257
23339
25258
23340
25259
23341
25260
23342
25261
23343
25262
23344
25263
23345
25264
23346
25265
23347
25266
23348
25267
23349
25268
23350
25269
23351
25270
23352
25271
23353
25272
23354
25273
23355
25274
23356
25275
23357
25276
23358
25277
23359
25278
23360
25279
23361
25280
23362
25281
23363
25282
23364
25283
23365
25284
23366
25285
23367
25286
23368
25287
23369
25288
23370
25289
23371
25290
23372
25291
23373
25292
23374
25293
23375
25294
23376
25295
23377
25296
23378
25297
23379
25298
23380
25299
23381
25300
23382
25301
23383
25302
23384
25303
23385
25304
23386
25305
23387
25306
23388
25307
23389
25308
23390
25309
23391
25310
23392
25311
23393
25312
23394
25313
23395
25314
23396
25315
23397
25316
23398
25317
23399
25318
23400
25319
23401
25320
23402
25321
23403
25322
23404
25323
23405
25324
23406
25325
23407
25326
23408
25327
23409
25328
23410
25329
23411
25330
23412
25331
23413
25332
23414
25333
23415
25334
23416
25335
23417
25336
23418
25337
23419
25338
23420
25339
23421
25340
23422
25341
23423
25342
23424
25343
23425
25344
23426
25345
23427
25346
23428
25347
23429
25348
23430
25349
23431
25350
23432
25351
23433
25352
23434
25353
23435
25354
23436
25355
23437
25356
23438
25357
23439
25358
23440
25359
23441
25360
23442
25361
23443
25362
23444
25363
23445
25364
23446
25365
23447
25366
23448
25367
23449
25368
23450
25369
23451
25370
23452
25371
23453
25372
23454
25373
23455
25374
23456
25375
23457
25376
23458
25377
23459
25378
23460
25379
23461
25380
23462
25381
23463
25382
23464
25383
23465
25384
23466
25385
23467
25386
23468
25387
23469
25388
23470
25389
23471
25390
23472
25391
23473
25392
23474
25393
23475
25394
23476
25395
23477
25396
23478
25397
23479
25398
23480
25399
23481
25400
23482
25401
23483
25402
23484
25403
23485
25404
23486
25405
23487
25406
23488
25407
23489
25408
23490
25409
23491
25410
23492
25411
23493
25412
23494
25413
23495
25414
23496
25415
23497
25416
23498
25417
23499
25418
23500
25419
23501
25420
23502
25421
23503
25422
23504
25423
23505
25424
23506
25425
23507
25426
23508
25427
23509
25428
23510
25429
23511
25430
23512
25431
23513
25432
23514
25433
23515
25434
23516
25435
23517
25436
23518
25437
23519
25438
23520
25439
23521
25440
23522
25441
23523
25442
23524
25443
23525
25444
23526
25445
23527
25446
23528
25447
23529
25448
23530
25449
23531
25450
23532
25451
23533
25452
23534
25453
23535
25454
23536
25455
23537
25456
23538
25457
23539
25458
23540
25459
23541
25460
23542
25461
23543
25462
23544
25463
23545
25464
23546
25465
23547
25466
23548
25467
23549
25468
23550
25469
23551
25470
23552
25471
23553
25472
23554
25473
23555
25474
23556
25475
23557
25476
23558
25477
23559
25478
23560
25479
23561
25480
23562
25481
23563
25482
23564
25483
23565
25484
23566
25485
23567
25486
23568
25487
23569
25488
23570
25489
23571
25490
23572
25491
23573
25492
23574
25493
23575
25494
23576
25495
23577
25496
23578
25497
23579
25498
23580
25499
23581
25500
23582
25501
23583
25502
23584
25503
23585
25504
23586
25505
23587
25506
23588
25507
23589
25508
23590
25509
23591
25510
23592
25511
23593
25512
23594
25513
23595
25514
23596
25515
23597
25516
23598
25517
23599
25518
23600
25519
23601
25520
23602
25521
23603
25522
23604
25523
23605
25524
23606
25525
23607
25526
23608
25527
23609
25528
23610
25529
23611
25530
23612
25531
23613
25532
23614
25533
23615
25534
23616
25535
23617
25536
23618
25537
23619
25538
23620
25539
23621
25540
23622
25541
23623
25542
23624
25543
23625
25544
23626
25545
23627
25546
23628
25547
23629
25548
23630
25549
23631
25550
23632
25551
23633
25552
23634
25553
23635
25554
23636
25555
23637
25556
23638
25557
23639
25558
23640
25559
23641
25560
23642
25561
23643
25562
23644
25563
23645
25564
23646
25565
23647
25566
23648
25567
23649
25568
23650
25569
23651
25570
23652
25571
23653
25572
23654
25573
23655
25574
23656
25575
23657
25576
23658
25577
23659
25578
23660
25579
23661
25580
23662
25581
23663
25582
23664
25583
23665
25584
23666
25585
23667
25586
23668
25587
23669
25588
23670
25589
23671
25590
23672
25591
23673
25592
23674
25593
23675
25594
23676
25595
23677
25596
23678
25597
23679
25598
23680
25599
23681
25600
23682
25601
23683
25602
23684
25603
23685
25604
23686
25605
23687
25606
23688
25607
23689
25608
23690
25609
23691
25610
23692
25611
23693
25612
23694
25613
23695
25614
23696
25615
23697
25616
23698
25617
23699
25618
23700
25619
23701
25620
23702
25621
23703
25622
23704
25623
23705
25624
23706
25625
23707
25626
23708
25627
23709
25628
23710
25629
23711
25630
23712
25631
23713
25632
23714
25633
23715
25634
23716
25635
23717
25636
23718
25637
23719
25638
23720
25639
23721
25640
23722
25641
23723
25642
23724
25643
23725
25644
23726
25645
23727
25646
23728
25647
23729
25648
23730
25649
23731
25650
23732
25651
23733
25652
23734
25653
23735
25654
23736
25655
23737
25656
23738
25657
23739
25658
23740
25659
23741
25660
23742
25661
23743
25662
23744
25663
23745
25664
23746
25665
23747
25666
23748
25667
23749
25668
23750
25669
23751
25670
23752
25671
23753
25672
23754
25673
23755
25674
23756
25675
23757
25676
23758
25677
23759
25678
23760
25679
23761
25680
23762
25681
23763
25682
23764
25683
23765
25684
23766
25685
23767
25686
23768
25687
23769
25688
23770
25689
23771
25690
23772
25691
23773
25692
23774
25693
23775
25694
23776
25695
23777
25696
23778
25697
23779
25698
23780
25699
23781
25700
23782
25701
23783
25702
23784
25703
23785
25704
23786
25705
23787
25706
23788
25707
23789
25708
23790
25709
23791
25710
23792
25711
23793
25712
23794
25713
23795
25714
23796
25715
23797
25716
23798
25717
23799
25718
23800
25719
23801
25720
23802
25721
23803
25722
23804
25723
23805
25724
23806
25725
23807
25726
23808
25727
23809
25728
23810
25729
23811
25730
23812
25731
23813
25732
23814
25733
23815
25734
23816
25735
23817
25736
23818
25737
23819
25738
23820
25739
23821
25740
23822
25741
23823
25742
23824
25743
23825
25744
23826
25745
23827
25746
23828
25747
23829
25748
23830
25749
23831
25750
23832
25751
23833
25752
23834
25753
23835
25754
23836
25755
23837
25756
23838
25757
23839
25758
23840
25759
23841
25760
23842
25761
23843
25762
23844
25763
23845
25764
23846
25765
23847
25766
23848
25767
23849
25768
23850
25769
23851
25770
23852
25771
23853
25772
23854
25773
23855
25774
23856
25775
23857
25776
23858
25777
23859
25778
23860
25779
23861
25780
23862
25781
23863
25782
23864
25783
23865
25784
23866
25785
23867
25786
23868
25787
23869
25788
23870
25789
23871
25790
23872
25791
23873
25792
23874
25793
23875
25794
23876
25795
23877
25796
23878
25797
23879
25798
23880
25799
23881
25800
23882
25801
23883
25802
23884
25803
23885
25804
23886
25805
23887
25806
23888
25807
23889
25808
23890
25809
23891
25810
23892
25811
23893
25812
23894
25813
23895
25814
23896
25815
23897
25816
23898
25817
23899
25818
23900
25819
23901
25820
23902
25821
23903
25822
23904
25823
23905
25824
23906
25825
23907
25826
23908
25827
23909
25828
23910
25829
23911
25830
23912
25831
23913
25832
23914
25833
23915
25834
23916
25835
23917
25836
23918
25837
23919
25838
23920
25839
23921
25840
23922
25841
23923
25842
23924
25843
23925
25844
23926
25845
23927
25846
23928
25847
23929
25848
23930
25849
23931
25850
23932
25851
23933
25852
23934
25853
23935
25854
23936
25855
23937
25856
23938
25857
23939
25858
23940
25859
23941
25860
23942
25861
23943
25862
23944
25863
23945
25864
23946
25865
23947
25866
23948
25867
23949
25868
23950
25869
23951
25870
23952
25871
23953
25872
23954
25873
23955
25874
23956
25875
23957
25876
23958
25877
23959
25878
23960
25879
23961
25880
23962
25881
23963
25882
23964
25883
23965
25884
23966
25885
23967
25886
23968
25887
23969
25888
23970
25889
23971
25890
23972
25891
23973
25892
23974
25893
23975
25894
23976
25895
23977
25896
23978
25897
23979
25898
23980
25899
23981
25900
23982
25901
23983
25902
23984
25903
23985
25904
23986
25905
23987
25906
23988
25907
23989
25908
23990
25909
23991
25910
23992
25911
23993
25912
23994
25913
23995
25914
23996
25915
23997
25916
23998
25917
23999
25918
24000
25919
24001
25920
24002
25921
24003
25922
24004
25923
24005
25924
24006
25925
24007
25926
24008
25927
24009
25928
24010
25929
24011
25930
24012
25931
24013
25932
24014
25933
24015
25934
24016
25935
24017
25936
24018
25937
24019
25938
24020
25939
24021
25940
24022
25941
24023
25942
24024
25943
24025
25944
24026
25945
24027
25946
24028
25947
24029
25948
24030
25949
24031
25950
24032
25951
24033
25952
24034
25953
24035
25954
24036
25955
24037
25956
24038
25957
24039
25958
24040
25959
24041
25960
24042
25961
24043
25962
24044
25963
24045
25964
24046
25965
24047
25966
24048
25967
24049
25968
24050
25969
24051
25970
24052
25971
24053
25972
24054
25973
24055
25974
24056
25975
24057
25976
24058
25977
24059
25978
24060
25979
24061
25980
24062
25981
24063
25982
24064
25983
24065
25984
24066
25985
24067
25986
24068
25987
24069
25988
24070
25989
24071
25990
24072
25991
24073
25992
24074
25993
24075
25994
24076
25995
24077
25996
24078
25997
24079
25998
24080
25999
24081
26000
24082
26001
24083
26002
24084
26003
24085
26004
24086
26005
24087
26006
24088
26007
24089
26008
24090
26009
24091
26010
24092
26011
24093
26012
24094
26013
24095
26014
24096
26015
24097
26016
24098
26017
24099
26018
24100
26019
24101
26020
24102
26021
24103
26022
24104
26023
24105
26024
24106
26025
24107
26026
24108
26027
24109
26028
24110
26029
24111
26030
24112
26031
24113
26032
24114
26033
24115
26034
24116
26035
24117
26036
24118
26037
24119
26038
24120
26039
24121
26040
24122
26041
24123
26042
24124
26043
24125
26044
24126
26045
24127
26046
24128
26047
24129
26048
24130
26049
24131
26050
24132
26051
24133
26052
24134
26053
24135
26054
24136
26055
24137
26056
24138
26057
24139
26058
24140
26059
24141
26060
24142
26061
24143
26062
24144
26063
24145
26064
24146
26065
24147
26066
24148
26067
24149
26068
24150
26069
24151
26070
24152
26071
24153
26072
24154
26073
24155
26074
24156
26075
24157
26076
24158
26077
24159
26078
24160
26079
24161
26080
24162
26081
24163
26082
24164
26083
24165
26084
24166
26085
24167
26086
24168
26087
24169
26088
24170
26089
24171
26090
24172
26091
24173
26092
24174
26093
24175
26094
24176
26095
24177
26096
24178
26097
24179
26098
24180
26099
24181
26100
24182
26101
24183
26102
24184
26103
24185
26104
24186
26105
24187
26106
24188
26107
24189
26108
24190
26109
24191
26110
24192
26111
24193
26112
24194
26113
24195
26114
24196
26115
24197
26116
24198
26117
24199
26118
24200
26119
24201
26120
24202
26121
24203
26122
24204
26123
24205
26124
24206
26125
24207
26126
24208
26127
24209
26128
24210
26129
24211
26130
24212
26131
24213
26132
24214
26133
24215
26134
24216
26135
24217
26136
24218
26137
24219
26138
24220
26139
24221
26140
24222
26141
24223
26142
24224
26143
24225
26144
24226
26145
24227
26146
24228
26147
24229
26148
24230
26149
24231
26150
24232
26151
24233
26152
24234
26153
24235
26154
24236
26155
24237
26156
24238
26157
24239
26158
24240
26159
24241
26160
24242
26161
24243
26162
24244
26163
24245
26164
24246
26165
24247
26166
24248
26167
24249
26168
24250
26169
24251
26170
24252
26171
24253
26172
24254
26173
24255
26174
24256
26175
24257
26176
24258
26177
24259
26178
24260
26179
24261
26180
24262
26181
24263
26182
24264
26183
24265
26184
24266
26185
24267
26186
24268
26187
24269
26188
24270
26189
24271
26190
24272
26191
24273
26192
24274
26193
24275
26194
24276
26195
24277
26196
24278
26197
24279
26198
24280
26199
24281
26200
24282
26201
24283
26202
24284
26203
24285
26204
24286
26205
24287
26206
24288
26207
24289
26208
24290
26209
24291
26210
24292
26211
24293
26212
24294
26213
24295
26214
24296
26215
24297
26216
24298
26217
24299
26218
24300
26219
24301
26220
24302
26221
24303
26222
24304
26223
24305
26224
24306
26225
24307
26226
24308
26227
24309
26228
24310
26229
24311
26230
24312
26231
24313
26232
24314
26233
24315
26234
24316
26235
24317
26236
24318
26237
24319
26238
24320
26239
24321
26240
24322
26241
24323
26242
24324
26243
24325
26244
24326
26245
24327
26246
24328
26247
24329
26248
24330
26249
24331
26250
24332
26251
24333
26252
24334
26253
24335
26254
24336
26255
24337
26256
24338
26257
24339
26258
24340
26259
24341
26260
24342
26261
24343
26262
24344
26263
24345
26264
24346
26265
24347
26266
24348
26267
24349
26268
24350
26269
24351
26270
24352
26271
24353
26272
24354
26273
24355
26274
24356
26275
24357
26276
24358
26277
24359
26278
24360
26279
24361
26280
24362
26281
24363
26282
24364
26283
24365
26284
24366
26285
24367
26286
24368
26287
24369
26288
24370
26289
24371
26290
24372
26291
24373
26292
24374
26293
24375
26294
24376
26295
24377
26296
24378
26297
24379
26298
24380
26299
24381
26300
24382
26301
24383
26302
24384
26303
24385
26304
24386
26305
24387
26306
24388
26307
24389
26308
24390
26309
24391
26310
24392
26311
24393
26312
24394
26313
24395
26314
24396
26315
24397
26316
24398
26317
24399
26318
24400
26319
24401
26320
24402
26321
24403
26322
24404
26323
24405
26324
24406
26325
24407
26326
24408
26327
24409
26328
24410
26329
24411
26330
24412
26331
24413
26332
24414
26333
24415
26334
24416
26335
24417
26336
24418
26337
24419
26338
24420
26339
24421
26340
24422
26341
24423
26342
24424
26343
24425
26344
24426
26345
24427
26346
24428
26347
24429
26348
24430
26349
24431
26350
24432
26351
24433
26352
24434
26353
24435
26354
24436
26355
24437
26356
24438
26357
24439
26358
24440
26359
24441
26360
24442
26361
24443
26362
24444
26363
24445
26364
24446
26365
24447
26366
24448
26367
24449
26368
24450
26369
24451
26370
24452
26371
24453
26372
24454
26373
24455
26374
24456
26375
24457
26376
24458
26377
24459
26378
24460
26379
24461
26380
24462
26381
24463
26382
24464
26383
24465
26384
24466
26385
24467
26386
24468
26387
24469
26388
24470
26389
24471
26390
24472
26391
24473
26392
24474
26393
24475
26394
24476
26395
24477
26396
24478
26397
24479
26398
24480
26399
24481
26400
24482
26401
24483
26402
24484
26403
24485
26404
24486
26405
24487
26406
24488
26407
24489
26408
24490
26409
24491
26410
24492
26411
24493
26412
24494
26413
24495
26414
24496
26415
24497
26416
24498
26417
24499
26418
24500
26419
24501
26420
24502
26421
24503
26422
24504
26423
24505
26424
24506
26425
24507
26426
24508
26427
24509
26428
24510
26429
24511
26430
24512
26431
24513
26432
24514
26433
24515
26434
24516
26435
24517
26436
24518
26437
24519
26438
24520
26439
24521
26440
24522
26441
24523
26442
24524
26443
24525
26444
24526
26445
24527
26446
24528
26447
24529
26448
24530
26449
24531
26450
24532
26451
24533
26452
24534
26453
24535
26454
24536
26455
24537
26456
24538
26457
24539
26458
24540
26459
24541
26460
24542
26461
24543
26462
24544
26463
24545
26464
24546
26465
24547
26466
24548
26467
24549
26468
24550
26469
24551
26470
24552
26471
24553
26472
24554
26473
24555
26474
24556
26475
24557
26476
24558
26477
24559
26478
24560
26479
24561
26480
24562
26481
24563
26482
24564
26483
24565
26484
24566
26485
24567
26486
24568
26487
24569
26488
24570
26489
24571
26490
24572
26491
24573
26492
24574
26493
24575
26494
24576
26495
24577
26496
24578
26497
24579
26498
24580
26499
24581
26500
24582
26501
24583
26502
24584
26503
24585
26504
24586
26505
24587
26506
24588
26507
24589
26508
24590
26509
24591
26510
24592
26511
24593
26512
24594
26513
24595
26514
24596
26515
24597
26516
24598
26517
24599
26518
24600
26519
24601
26520
24602
26521
24603
26522
24604
26523
24605
26524
24606
26525
24607
26526
24608
26527
24609
26528
24610
26529
24611
26530
24612
26531
24613
26532
24614
26533
24615
26534
24616
26535
24617
26536
24618
26537
24619
26538
24620
26539
24621
26540
24622
26541
24623
26542
24624
26543
24625
26544
24626
26545
24627
26546
24628
26547
24629
26548
24630
26549
24631
26550
24632
26551
24633
26552
24634
26553
24635
26554
24636
26555
24637
26556
24638
26557
24639
26558
24640
26559
24641
26560
24642
26561
24643
26562
24644
26563
24645
26564
24646
26565
24647
26566
24648
26567
24649
26568
24650
26569
24651
26570
24652
26571
24653
26572
24654
26573
24655
26574
24656
26575
24657
26576
24658
26577
24659
26578
24660
26579
24661
26580
24662
26581
24663
26582
24664
26583
24665
26584
24666
26585
24667
26586
24668
26587
24669
26588
24670
26589
24671
26590
24672
26591
24673
26592
24674
26593
24675
26594
24676
26595
24677
26596
24678
26597
24679
26598
24680
26599
24681
26600
24682
26601
24683
26602
24684
26603
24685
26604
24686
26605
24687
26606
24688
26607
24689
26608
24690
26609
24691
26610
24692
26611
24693
26612
24694
26613
24695
26614
24696
26615
24697
26616
24698
26617
24699
26618
24700
26619
24701
26620
24702
26621
24703
26622
24704
26623
24705
26624
24706
26625
24707
26626
24708
26627
24709
26628
24710
26629
24711
26630
24712
26631
24713
26632
24714
26633
24715
26634
24716
26635
24717
26636
24718
26637
24719
26638
24720
26639
24721
26640
24722
26641
24723
26642
24724
26643
24725
26644
24726
26645
24727
26646
24728
26647
24729
26648
24730
26649
24731
26650
24732
26651
24733
26652
24734
26653
24735
26654
24736
26655
24737
26656
24738
26657
24739
26658
24740
26659
24741
26660
24742
26661
24743
26662
24744
26663
24745
26664
24746
26665
24747
26666
24748
26667
24749
26668
24750
26669
24751
26670
24752
26671
24753
26672
24754
26673
24755
26674
24756
26675
24757
26676
24758
26677
24759
26678
24760
26679
24761
26680
24762
26681
24763
26682
24764
26683
24765
26684
24766
26685
24767
26686
24768
26687
24769
26688
24770
26689
24771
26690
24772
26691
24773
26692
24774
26693
24775
26694
24776
26695
24777
26696
24778
26697
24779
26698
24780
26699
24781
26700
24782
26701
24783
26702
24784
26703
24785
26704
24786
26705
24787
26706
24788
26707
24789
26708
24790
26709
24791
26710
24792
26711
24793
26712
24794
26713
24795
26714
24796
26715
24797
26716
24798
26717
24799
26718
24800
26719
24801
26720
24802
26721
24803
26722
24804
26723
24805
26724
24806
26725
24807
26726
24808
26727
24809
26728
24810
26729
24811
26730
24812
26731
24813
26732
24814
26733
24815
26734
24816
26735
24817
26736
24818
26737
24819
26738
24820
26739
24821
26740
24822
26741
24823
26742
24824
26743
24825
26744
24826
26745
24827
26746
24828
26747
24829
26748
24830
26749
24831
26750
24832
26751
24833
26752
24834
26753
24835
26754
24836
26755
24837
26756
24838
26757
24839
26758
24840
26759
24841
26760
24842
26761
24843
26762
24844
26763
24845
26764
24846
26765
24847
26766
24848
26767
24849
26768
24850
26769
24851
26770
24852
26771
24853
26772
24854
26773
24855
26774
24856
26775
24857
26776
24858
26777
24859
26778
24860
26779
24861
26780
24862
26781
24863
26782
24864
26783
24865
26784
24866
26785
24867
26786
24868
26787
24869
26788
24870
26789
24871
26790
24872
26791
24873
26792
24874
26793
24875
26794
24876
26795
24877
26796
24878
26797
24879
26798
24880
26799
24881
26800
24882
26801
24883
26802
24884
26803
24885
26804
24886
26805
24887
26806
24888
26807
24889
26808
24890
26809
24891
26810
24892
26811
24893
26812
24894
26813
24895
26814
24896
26815
24897
26816
24898
26817
24899
26818
24900
26819
24901
26820
24902
26821
24903
26822
24904
26823
24905
26824
24906
26825
24907
26826
24908
26827
24909
26828
24910
26829
24911
26830
24912
26831
24913
26832
24914
26833
24915
26834
24916
26835
24917
26836
24918
26837
24919
26838
24920
26839
24921
26840
24922
26841
24923
26842
24924
26843
24925
26844
24926
26845
24927
26846
24928
26847
24929
26848
24930
26849
24931
26850
24932
26851
24933
26852
24934
26853
24935
26854
24936
26855
24937
26856
24938
26857
24939
26858
24940
26859
24941
26860
24942
26861
24943
26862
24944
26863
24945
26864
24946
26865
24947
26866
24948
26867
24949
26868
24950
26869
24951
26870
24952
26871
24953
26872
24954
26873
24955
26874
24956
26875
24957
26876
24958
26877
24959
26878
26879
24961
26880
24962
26881
24963
26882
24964
26883
24965
26884
24966
26885
24967
26886
24968
26887
24969
26888
24970
26889
24971
26890
24972
26891
24973
26892
24974
26893
24975
26894
24976
26895
24977
26896
24978
26897
24979
26898
24980
26899
24981
26900
24982
26901
24983
26902
24984
26903
24985
26904
24986
26905
24987
26906
24988
26907
24989
26908
24990
26909
24991
26910
24992
26911
24993
26912
24994
26913
24995
26914
24996
26915
24997
26916
24998
26917
24999
26918
25000
26919
25001
26920
25002
26921
25003
26922
25004
26923
25005
26924
25006
26925
25007
26926
25008
26927
25009
26928
25010
26929
25011
26930
25012
26931
25013
26932
25014
26933
25015
26934
25016
26935
25017
26936
25018
26937
25019
26938
25020
26939
25021
26940
25022
26941
25023
26942
25024
26943
25025
26944
25026
26945
25027
26946
25028
26947
25029
26948
25030
26949
25031
26950
25032
26951
25033
26952
25034
26953
25035
26954
25036
26955
25037
26956
25038
26957
25039
26958
25040
26959
25041
26960
25042
26961
25043
26962
25044
26963
25045
26964
25046
26965
25047
26966
25048
26967
25049
26968
25050
26969
25051
26970
25052
26971
25053
26972
25054
26973
25055
26974
25056
26975
25057
26976
25058
26977
25059
26978
25060
26979
25061
26980
25062
26981
25063
26982
25064
26983
25065
26984
25066
26985
25067
26986
25068
26987
25069
26988
25070
26989
25071
26990
25072
26991
25073
26992
25074
26993
25075
26994
25076
26995
25077
26996
25078
26997
25079
26998
25080
26999
25081
27000
25082
27001
25083
27002
25084
27003
25085
27004
25086
27005
25087
27006
25088
27007
25089
27008
25090
27009
25091
27010
25092
27011
25093
27012
25094
27013
25095
27014
25096
27015
25097
27016
25098
27017
25099
27018
25100
27019
25101
27020
25102
27021
25103
27022
25104
27023
25105
27024
25106
27025
25107
27026
25108
27027
25109
27028
25110
27029
25111
27030
25112
27031
25113
27032
25114
27033
25115
27034
25116
27035
25117
27036
25118
27037
25119
27038
25120
27039
25121
27040
25122
27041
25123
27042
25124
27043
25125
27044
25126
27045
25127
27046
25128
27047
25129
27048
25130
27049
25131
27050
25132
27051
25133
27052
25134
27053
25135
27054
25136
27055
25137
27056
25138
27057
25139
27058
25140
27059
25141
27060
25142
27061
25143
27062
25144
27063
25145
27064
25146
27065
25147
27066
25148
27067
25149
27068
25150
27069
25151
27070
25152
27071
25153
27072
25154
27073
25155
27074
25156
27075
25157
27076
25158
27077
25159
27078
25160
27079
25161
27080
25162
27081
25163
27082
25164
27083
25165
27084
25166
27085
25167
27086
25168
27087
25169
27088
25170
27089
25171
27090
25172
27091
25173
27092
25174
27093
25175
27094
25176
27095
25177
27096
25178
27097
25179
27098
25180
27099
25181
27100
25182
27101
25183
27102
25184
27103
25185
27104
25186
27105
25187
27106
25188
27107
25189
27108
25190
27109
25191
27110
25192
27111
25193
27112
25194
27113
25195
27114
25196
27115
25197
27116
25198
27117
25199
27118
25200
27119
25201
27120
25202
27121
25203
27122
25204
27123
25205
27124
25206
27125
25207
27126
25208
27127
25209
27128
25210
27129
25211
27130
25212
27131
25213
27132
25214
27133
25215
27134
25216
27135
25217
27136
25218
27137
25219
27138
25220
27139
25221
27140
25222
27141
25223
27142
25224
27143
25225
27144
25226
27145
25227
27146
25228
27147
25229
27148
25230
27149
25231
27150
25232
27151
25233
27152
25234
27153
25235
27154
25236
27155
25237
27156
25238
27157
25239
27158
25240
27159
25241
27160
25242
27161
25243
27162
25244
27163
25245
27164
25246
27165
25247
27166
25248
27167
25249
27168
25250
27169
25251
27170
25252
27171
25253
27172
25254
27173
25255
27174
25256
27175
25257
27176
25258
27177
25259
27178
25260
27179
25261
27180
25262
27181
25263
27182
25264
27183
25265
27184
25266
27185
25267
27186
25268
27187
25269
27188
25270
27189
25271
27190
25272
27191
25273
27192
25274
27193
25275
27194
25276
27195
25277
27196
25278
27197
25279
27198
25280
27199
25281
27200
25282
27201
25283
27202
25284
27203
25285
27204
25286
27205
25287
27206
25288
27207
25289
27208
25290
27209
25291
27210
25292
27211
25293
27212
25294
27213
25295
27214
25296
27215
25297
27216
25298
27217
25299
27218
25300
27219
25301
27220
25302
27221
25303
27222
25304
27223
25305
27224
25306
27225
25307
27226
25308
27227
25309
27228
25310
27229
25311
27230
25312
27231
25313
27232
25314
27233
25315
27234
25316
27235
25317
27236
25318
27237
25319
27238
25320
27239
25321
27240
25322
27241
25323
27242
25324
27243
25325
27244
25326
27245
25327
27246
25328
27247
25329
27248
25330
27249
25331
27250
25332
27251
25333
27252
25334
27253
25335
27254
25336
27255
25337
27256
25338
27257
25339
27258
25340
27259
25341
27260
25342
27261
25343
27262
25344
27263
25345
27264
25346
27265
25347
27266
25348
27267
25349
27268
25350
27269
25351
27270
25352
27271
25353
27272
25354
27273
25355
27274
25356
27275
25357
27276
25358
27277
25359
27278
25360
27279
25361
27280
25362
27281
25363
27282
25364
27283
25365
27284
25366
27285
25367
27286
25368
27287
25369
27288
25370
27289
25371
27290
25372
27291
25373
27292
25374
27293
25375
27294
25376
27295
25377
27296
25378
27297
25379
27298
25380
27299
25381
27300
25382
27301
25383
27302
25384
27303
25385
27304
25386
27305
25387
27306
25388
27307
25389
27308
25390
27309
25391
27310
25392
27311
25393
27312
25394
27313
25395
27314
25396
27315
25397
27316
25398
27317
25399
27318
25400
27319
25401
27320
25402
27321
25403
27322
25404
27323
25405
27324
25406
27325
25407
27326
25408
27327
25409
27328
25410
27329
25411
27330
25412
27331
25413
27332
25414
27333
25415
27334
25416
27335
25417
27336
25418
27337
25419
27338
25420
27339
25421
27340
25422
27341
25423
27342
25424
27343
25425
27344
25426
27345
25427
27346
25428
27347
25429
27348
25430
27349
25431
27350
25432
27351
25433
27352
25434
27353
25435
27354
25436
27355
25437
27356
25438
27357
25439
27358
25440
27359
25441
27360
25442
27361
25443
27362
25444
27363
25445
27364
25446
27365
25447
27366
25448
27367
25449
27368
25450
27369
25451
27370
25452
27371
25453
27372
25454
27373
25455
27374
25456
27375
25457
27376
25458
27377
25459
27378
25460
27379
25461
27380
25462
27381
25463
27382
25464
27383
25465
27384
25466
27385
25467
27386
25468
27387
25469
27388
25470
27389
25471
27390
25472
27391
25473
27392
25474
27393
25475
27394
25476
27395
25477
27396
25478
27397
25479
27398
25480
27399
25481
27400
25482
27401
25483
27402
25484
27403
25485
27404
25486
27405
25487
27406
25488
27407
25489
27408
25490
27409
25491
27410
25492
27411
25493
27412
25494
27413
25495
27414
25496
27415
25497
27416
25498
27417
25499
27418
25500
27419
25501
27420
25502
27421
25503
27422
25504
27423
25505
27424
25506
27425
25507
27426
25508
27427
25509
27428
25510
27429
25511
27430
25512
27431
25513
27432
25514
27433
25515
27434
25516
27435
25517
27436
25518
27437
25519
27438
25520
27439
25521
27440
25522
27441
25523
27442
25524
27443
25525
27444
25526
27445
25527
27446
25528
27447
25529
27448
25530
27449
25531
27450
25532
27451
25533
27452
25534
27453
25535
27454
25536
27455
25537
27456
25538
27457
25539
27458
25540
27459
25541
27460
25542
27461
25543
27462
25544
27463
25545
27464
25546
27465
25547
27466
25548
27467
25549
27468
25550
27469
25551
27470
25552
27471
25553
27472
25554
27473
25555
27474
25556
27475
25557
27476
25558
27477
25559
27478
25560
27479
25561
27480
25562
27481
25563
27482
25564
27483
25565
27484
25566
27485
25567
27486
25568
27487
25569
27488
25570
27489
25571
27490
25572
27491
25573
27492
25574
27493
25575
27494
25576
27495
25577
27496
25578
27497
25579
27498
25580
27499
25581
27500
25582
27501
25583
27502
25584
27503
25585
27504
25586
27505
25587
27506
25588
27507
25589
27508
25590
27509
25591
27510
25592
27511
25593
27512
25594
27513
25595
27514
25596
27515
25597
27516
25598
27517
25599
27518
25600
27519
25601
27520
25602
27521
25603
27522
25604
27523
25605
27524
25606
27525
25607
27526
25608
27527
25609
27528
25610
27529
25611
27530
25612
27531
25613
27532
25614
27533
25615
27534
25616
27535
25617
27536
25618
27537
25619
27538
25620
27539
25621
27540
25622
27541
25623
27542
25624
27543
25625
27544
25626
27545
25627
27546
25628
27547
25629
27548
25630
27549
25631
27550
25632
27551
25633
27552
25634
27553
25635
27554
25636
27555
25637
27556
25638
27557
25639
27558
25640
27559
25641
27560
25642
27561
25643
27562
25644
27563
25645
27564
25646
27565
25647
27566
25648
27567
25649
27568
25650
27569
25651
27570
25652
27571
25653
27572
25654
27573
25655
27574
25656
27575
25657
27576
25658
27577
25659
27578
25660
27579
25661
27580
25662
27581
25663
27582
25664
27583
25665
27584
25666
27585
25667
27586
25668
27587
25669
27588
25670
27589
25671
27590
25672
27591
25673
27592
25674
27593
25675
27594
25676
27595
25677
27596
25678
27597
25679
27598
25680
27599
25681
27600
25682
27601
25683
27602
25684
27603
25685
27604
25686
27605
25687
27606
25688
27607
25689
27608
25690
27609
25691
27610
25692
27611
25693
27612
25694
27613
25695
27614
25696
27615
25697
27616
25698
27617
25699
27618
25700
27619
25701
27620
25702
27621
25703
27622
25704
27623
25705
27624
25706
27625
25707
27626
25708
27627
25709
27628
25710
27629
25711
27630
25712
27631
25713
27632
25714
27633
25715
27634
25716
27635
25717
27636
25718
27637
25719
27638
25720
27639
25721
27640
25722
27641
25723
27642
25724
27643
25725
27644
25726
27645
25727
27646
25728
27647
25729
27648
25730
27649
25731
27650
25732
27651
25733
27652
25734
27653
25735
27654
25736
27655
25737
27656
25738
27657
25739
27658
25740
27659
25741
27660
25742
27661
25743
27662
25744
27663
25745
27664
25746
27665
25747
27666
25748
27667
25749
27668
25750
27669
25751
27670
25752
27671
25753
27672
25754
27673
25755
27674
25756
27675
25757
27676
25758
27677
25759
27678
25760
27679
25761
27680
25762
27681
25763
27682
25764
27683
25765
27684
25766
27685
25767
27686
25768
27687
25769
27688
25770
27689
25771
27690
25772
27691
25773
27692
25774
27693
25775
27694
25776
27695
25777
27696
25778
27697
25779
27698
25780
27699
25781
27700
25782
27701
25783
27702
25784
27703
25785
27704
25786
27705
25787
27706
25788
27707
25789
27708
25790
27709
25791
27710
25792
27711
25793
27712
25794
27713
25795
27714
25796
27715
25797
27716
25798
27717
25799
27718
25800
27719
25801
27720
25802
27721
25803
27722
25804
27723
25805
27724
25806
27725
25807
27726
25808
27727
25809
27728
25810
27729
25811
27730
25812
27731
25813
27732
25814
27733
25815
27734
25816
27735
25817
27736
25818
27737
25819
27738
25820
27739
25821
27740
25822
27741
25823
27742
25824
27743
25825
27744
25826
27745
25827
27746
25828
27747
25829
27748
25830
27749
25831
27750
25832
27751
25833
27752
25834
27753
25835
27754
25836
27755
25837
27756
25838
27757
25839
27758
25840
27759
25841
27760
25842
27761
25843
27762
25844
27763
25845
27764
25846
27765
25847
27766
25848
27767
25849
27768
25850
27769
25851
27770
25852
27771
25853
27772
25854
27773
25855
27774
25856
27775
25857
27776
25858
27777
25859
27778
25860
27779
25861
27780
25862
27781
25863
27782
25864
27783
25865
27784
25866
27785
25867
27786
25868
27787
25869
27788
25870
27789
25871
27790
25872
27791
25873
27792
25874
27793
25875
27794
25876
27795
25877
27796
25878
27797
25879
27798
25880
27799
25881
27800
25882
27801
25883
27802
25884
27803
25885
27804
25886
27805
25887
27806
25888
27807
25889
27808
25890
27809
25891
27810
25892
27811
25893
27812
25894
27813
25895
27814
25896
27815
25897
27816
25898
27817
25899
27818
25900
27819
25901
27820
25902
27821
25903
27822
25904
27823
25905
27824
25906
27825
25907
27826
25908
27827
25909
27828
25910
27829
25911
27830
25912
27831
25913
27832
25914
27833
25915
27834
25916
27835
25917
27836
25918
27837
25919
27838
25920
27839
25921
27840
25922
27841
25923
27842
25924
27843
25925
27844
25926
27845
25927
27846
25928
27847
25929
27848
25930
27849
25931
27850
25932
27851
25933
27852
25934
27853
25935
27854
25936
27855
25937
27856
25938
27857
25939
27858
25940
27859
25941
27860
25942
27861
25943
27862
25944
27863
25945
27864
25946
27865
25947
27866
25948
27867
25949
27868
25950
27869
25951
27870
25952
27871
25953
27872
25954
27873
25955
27874
25956
27875
25957
27876
25958
27877
25959
27878
25960
27879
25961
27880
25962
27881
25963
27882
25964
27883
25965
27884
25966
27885
25967
27886
25968
27887
25969
27888
25970
27889
25971
27890
25972
27891
25973
27892
25974
27893
25975
27894
25976
27895
25977
27896
25978
27897
25979
27898
25980
27899
25981
27900
25982
27901
25983
27902
25984
27903
25985
27904
25986
27905
25987
27906
25988
27907
25989
27908
25990
27909
25991
27910
25992
27911
25993
27912
25994
27913
25995
27914
25996
27915
25997
27916
25998
27917
25999
27918
26000
27919
26001
27920
26002
27921
26003
27922
26004
27923
26005
27924
26006
27925
26007
27926
26008
27927
26009
27928
26010
27929
26011
27930
26012
27931
26013
27932
26014
27933
26015
27934
26016
27935
26017
27936
26018
27937
26019
27938
26020
27939
26021
27940
26022
27941
26023
27942
26024
27943
26025
27944
26026
27945
26027
27946
26028
27947
26029
27948
26030
27949
26031
27950
26032
27951
26033
27952
26034
27953
26035
27954
26036
27955
26037
27956
26038
27957
26039
27958
26040
27959
26041
27960
26042
27961
26043
27962
26044
27963
26045
27964
26046
27965
26047
27966
26048
27967
26049
27968
26050
27969
26051
27970
26052
27971
26053
27972
26054
27973
26055
27974
26056
27975
26057
27976
26058
27977
26059
27978
26060
27979
26061
27980
26062
27981
26063
27982
26064
27983
26065
27984
26066
27985
26067
27986
26068
27987
26069
27988
26070
27989
26071
27990
26072
27991
26073
27992
26074
27993
26075
27994
26076
27995
26077
27996
26078
27997
26079
27998
26080
27999
26081
28000
26082
28001
26083
28002
26084
28003
26085
28004
26086
28005
26087
28006
26088
28007
26089
28008
26090
28009
26091
28010
26092
28011
26093
28012
26094
28013
26095
28014
26096
28015
26097
28016
26098
28017
26099
28018
26100
28019
26101
28020
26102
28021
26103
28022
26104
28023
26105
28024
26106
28025
26107
28026
26108
28027
26109
28028
26110
28029
26111
28030
26112
28031
26113
28032
26114
28033
26115
28034
26116
28035
26117
28036
26118
28037
26119
28038
26120
28039
26121
28040
26122
28041
26123
28042
26124
28043
26125
28044
26126
28045
26127
28046
26128
28047
26129
28048
26130
28049
26131
28050
26132
28051
26133
28052
26134
28053
26135
28054
26136
28055
26137
28056
26138
28057
26139
28058
26140
28059
26141
28060
26142
28061
26143
28062
26144
28063
26145
28064
26146
28065
26147
28066
26148
28067
26149
28068
26150
28069
26151
28070
26152
28071
26153
28072
26154
28073
26155
28074
26156
28075
26157
28076
26158
28077
26159
28078
26160
28079
26161
28080
26162
28081
26163
28082
26164
28083
26165
28084
26166
28085
26167
28086
26168
28087
26169
28088
26170
28089
26171
28090
26172
28091
26173
28092
26174
28093
26175
28094
26176
28095
26177
28096
26178
28097
26179
28098
26180
28099
26181
28100
26182
28101
26183
28102
26184
28103
26185
28104
26186
28105
26187
28106
26188
28107
26189
28108
26190
28109
26191
28110
26192
28111
26193
28112
26194
28113
26195
28114
26196
28115
26197
28116
26198
28117
26199
28118
26200
28119
26201
28120
26202
28121
26203
28122
26204
28123
26205
28124
26206
28125
26207
28126
26208
28127
26209
28128
26210
28129
26211
28130
26212
28131
26213
28132
26214
28133
26215
28134
26216
28135
26217
28136
26218
28137
26219
28138
26220
28139
26221
28140
26222
28141
26223
28142
26224
28143
26225
28144
26226
28145
26227
28146
26228
28147
26229
28148
26230
28149
26231
28150
26232
28151
26233
28152
26234
28153
26235
28154
26236
28155
26237
28156
26238
28157
26239
28158
26240
28159
26241
28160
26242
28161
26243
28162
26244
28163
26245
28164
26246
28165
26247
28166
26248
28167
26249
28168
26250
28169
26251
28170
26252
28171
26253
28172
26254
28173
26255
28174
26256
28175
26257
28176
26258
28177
26259
28178
26260
28179
26261
28180
26262
28181
26263
28182
26264
28183
26265
28184
26266
28185
26267
28186
26268
28187
26269
28188
26270
28189
26271
28190
26272
28191
26273
28192
26274
28193
26275
28194
26276
28195
26277
28196
26278
28197
26279
28198
26280
28199
26281
28200
26282
28201
26283
28202
26284
28203
26285
28204
26286
28205
26287
28206
26288
28207
26289
28208
26290
28209
26291
28210
26292
28211
26293
28212
26294
28213
26295
28214
26296
28215
26297
28216
26298
28217
26299
28218
26300
28219
26301
28220
26302
28221
26303
28222
26304
28223
26305
28224
26306
28225
26307
28226
26308
28227
26309
28228
26310
28229
26311
28230
26312
28231
26313
28232
26314
28233
26315
28234
26316
28235
26317
28236
26318
28237
26319
28238
26320
28239
26321
28240
26322
28241
26323
28242
26324
28243
26325
28244
26326
28245
26327
28246
26328
28247
26329
28248
26330
28249
26331
28250
26332
28251
26333
28252
26334
28253
26335
28254
26336
28255
26337
28256
26338
28257
26339
28258
26340
28259
26341
28260
26342
28261
26343
28262
26344
28263
26345
28264
26346
28265
26347
28266
26348
28267
26349
28268
26350
28269
26351
28270
26352
28271
26353
28272
26354
28273
26355
28274
26356
28275
26357
28276
26358
28277
26359
28278
26360
28279
26361
28280
26362
28281
26363
28282
26364
28283
26365
28284
26366
28285
26367
28286
26368
28287
26369
28288
26370
28289
26371
28290
26372
28291
26373
28292
26374
28293
26375
28294
26376
28295
26377
28296
26378
28297
26379
28298
26380
28299
26381
28300
26382
28301
26383
28302
26384
28303
26385
28304
26386
28305
26387
28306
26388
28307
26389
28308
26390
28309
26391
28310
26392
28311
26393
28312
26394
28313
26395
28314
26396
28315
26397
28316
26398
28317
26399
28318
26400
28319
26401
28320
26402
28321
26403
28322
26404
28323
26405
28324
26406
28325
26407
28326
26408
28327
26409
28328
26410
28329
26411
28330
26412
28331
26413
28332
26414
28333
26415
28334
26416
28335
26417
28336
26418
28337
26419
28338
26420
28339
26421
28340
26422
28341
26423
28342
26424
28343
26425
28344
26426
28345
26427
28346
26428
28347
26429
28348
26430
28349
26431
28350
26432
28351
26433
28352
26434
28353
26435
28354
26436
28355
26437
28356
26438
28357
26439
28358
26440
28359
26441
28360
26442
28361
26443
28362
26444
28363
26445
28364
26446
28365
26447
28366
26448
28367
26449
28368
26450
28369
26451
28370
26452
28371
26453
28372
26454
28373
26455
28374
26456
28375
26457
28376
26458
28377
26459
28378
26460
28379
26461
28380
26462
28381
26463
28382
26464
28383
26465
28384
26466
28385
26467
28386
26468
28387
26469
28388
26470
28389
26471
28390
26472
28391
26473
28392
26474
28393
26475
28394
26476
28395
26477
28396
26478
28397
26479
28398
26480
28399
26481
28400
26482
28401
26483
28402
26484
28403
26485
28404
26486
28405
26487
28406
26488
28407
26489
28408
26490
28409
26491
28410
26492
28411
26493
28412
26494
28413
26495
28414
26496
28415
26497
28416
26498
28417
26499
28418
26500
28419
26501
28420
26502
28421
26503
28422
26504
28423
26505
28424
26506
28425
26507
28426
26508
28427
26509
28428
26510
28429
26511
28430
26512
28431
26513
28432
26514
28433
26515
28434
26516
28435
26517
28436
26518
28437
26519
28438
26520
28439
26521
28440
26522
28441
26523
28442
26524
28443
26525
28444
26526
28445
26527
28446
26528
28447
26529
28448
26530
28449
26531
28450
26532
28451
26533
28452
26534
28453
26535
28454
26536
28455
26537
28456
26538
28457
26539
28458
26540
28459
26541
28460
26542
28461
26543
28462
26544
28463
26545
28464
26546
28465
26547
28466
26548
28467
26549
28468
26550
28469
26551
28470
26552
28471
26553
28472
26554
28473
26555
28474
26556
28475
26557
28476
26558
28477
26559
28478
26560
28479
26561
28480
26562
28481
26563
28482
26564
28483
26565
28484
26566
28485
26567
28486
26568
28487
26569
28488
26570
28489
26571
28490
26572
28491
26573
28492
26574
28493
26575
28494
26576
28495
26577
28496
26578
28497
26579
28498
26580
28499
26581
28500
26582
28501
26583
28502
26584
28503
26585
28504
26586
28505
26587
28506
26588
28507
26589
28508
26590
28509
26591
28510
26592
28511
26593
28512
26594
28513
26595
28514
26596
28515
26597
28516
26598
28517
26599
28518
26600
28519
26601
28520
26602
28521
26603
28522
26604
28523
26605
28524
26606
28525
26607
28526
26608
28527
26609
28528
26610
28529
26611
28530
26612
28531
26613
28532
26614
28533
26615
28534
26616
28535
26617
28536
26618
28537
26619
28538
26620
28539
26621
28540
26622
28541
26623
28542
26624
28543
26625
28544
26626
28545
26627
28546
26628
28547
26629
28548
26630
28549
26631
28550
26632
28551
26633
28552
26634
28553
26635
28554
26636
28555
26637
28556
26638
28557
26639
28558
26640
28559
26641
28560
26642
28561
26643
28562
26644
28563
26645
28564
26646
28565
26647
28566
26648
28567
26649
28568
26650
28569
26651
28570
26652
28571
26653
28572
26654
28573
26655
28574
26656
28575
26657
28576
26658
28577
26659
28578
26660
28579
26661
28580
26662
28581
26663
28582
26664
28583
26665
28584
26666
28585
26667
28586
26668
28587
26669
28588
26670
28589
26671
28590
26672
28591
26673
28592
26674
28593
26675
28594
26676
28595
26677
28596
26678
28597
26679
28598
26680
28599
26681
28600
26682
28601
26683
28602
26684
28603
26685
28604
26686
28605
26687
28606
26688
28607
26689
28608
26690
28609
26691
28610
26692
28611
26693
28612
26694
28613
26695
28614
26696
28615
26697
28616
26698
28617
26699
28618
26700
28619
26701
28620
26702
28621
26703
28622
26704
28623
26705
28624
26706
28625
26707
28626
26708
28627
26709
28628
26710
28629
26711
28630
26712
28631
26713
28632
26714
28633
26715
28634
26716
28635
26717
28636
26718
28637
26719
28638
26720
28639
26721
28640
26722
28641
26723
28642
26724
28643
26725
28644
26726
28645
26727
28646
26728
28647
26729
28648
26730
28649
26731
28650
26732
28651
26733
28652
26734
28653
26735
28654
26736
28655
26737
28656
26738
28657
26739
28658
26740
28659
26741
28660
26742
28661
26743
28662
26744
28663
26745
28664
26746
28665
26747
28666
26748
28667
26749
28668
26750
28669
26751
28670
26752
28671
26753
28672
26754
28673
26755
28674
26756
28675
26757
28676
26758
28677
26759
28678
26760
28679
26761
28680
26762
28681
26763
28682
26764
28683
26765
28684
26766
28685
26767
28686
26768
28687
26769
28688
26770
28689
26771
28690
26772
28691
26773
28692
26774
28693
26775
28694
26776
28695
26777
28696
26778
28697
26779
28698
26780
28699
26781
28700
26782
28701
26783
28702
26784
28703
26785
28704
26786
28705
26787
28706
26788
28707
26789
28708
26790
28709
26791
28710
26792
28711
26793
28712
26794
28713
26795
28714
26796
28715
26797
28716
26798
28717
26799
28718
26800
28719
26801
28720
26802
28721
26803
28722
26804
28723
26805
28724
26806
28725
26807
28726
26808
28727
26809
28728
26810
28729
26811
28730
26812
28731
26813
28732
26814
28733
26815
28734
26816
28735
26817
28736
26818
28737
26819
28738
26820
28739
26821
28740
26822
28741
26823
28742
26824
28743
26825
28744
26826
28745
26827
28746
26828
28747
26829
28748
26830
28749
26831
28750
26832
28751
26833
28752
26834
28753
26835
28754
26836
28755
26837
28756
26838
28757
26839
28758
26840
28759
26841
28760
26842
28761
26843
28762
26844
28763
26845
28764
26846
28765
26847
28766
26848
28767
26849
28768
26850
28769
26851
28770
26852
28771
26853
28772
26854
28773
26855
28774
26856
28775
26857
28776
26858
28777
26859
28778
26860
28779
26861
28780
26862
28781
26863
28782
26864
28783
26865
28784
26866
28785
26867
28786
26868
28787
26869
28788
26870
28789
26871
28790
26872
28791
26873
28792
26874
28793
26875
28794
26876
28795
26877
28796
26878
28797
26879
28798
28799
26881
28800
26882
28801
26883
28802
26884
28803
26885
28804
26886
28805
26887
28806
26888
28807
26889
28808
26890
28809
26891
28810
26892
28811
26893
28812
26894
28813
26895
28814
26896
28815
26897
28816
26898
28817
26899
28818
26900
28819
26901
28820
26902
28821
26903
28822
26904
28823
26905
28824
26906
28825
26907
28826
26908
28827
26909
28828
26910
28829
26911
28830
26912
28831
26913
28832
26914
28833
26915
28834
26916
28835
26917
28836
26918
28837
26919
28838
26920
28839
26921
28840
26922
28841
26923
28842
26924
28843
26925
28844
26926
28845
26927
28846
26928
28847
26929
28848
26930
28849
26931
28850
26932
28851
26933
28852
26934
28853
26935
28854
26936
28855
26937
28856
26938
28857
26939
28858
26940
28859
26941
28860
26942
28861
26943
28862
26944
28863
26945
28864
26946
28865
26947
28866
26948
28867
26949
28868
26950
28869
26951
28870
26952
28871
26953
28872
26954
28873
26955
28874
26956
28875
26957
28876
26958
28877
26959
28878
26960
28879
26961
28880
26962
28881
26963
28882
26964
28883
26965
28884
26966
28885
26967
28886
26968
28887
26969
28888
26970
28889
26971
28890
26972
28891
26973
28892
26974
28893
26975
28894
26976
28895
26977
28896
26978
28897
26979
28898
26980
28899
26981
28900
26982
28901
26983
28902
26984
28903
26985
28904
26986
28905
26987
28906
26988
28907
26989
28908
26990
28909
26991
28910
26992
28911
26993
28912
26994
28913
26995
28914
26996
28915
26997
28916
26998
28917
26999
28918
27000
28919
27001
28920
27002
28921
27003
28922
27004
28923
27005
28924
27006
28925
27007
28926
27008
28927
27009
28928
27010
28929
27011
28930
27012
28931
27013
28932
27014
28933
27015
28934
27016
28935
27017
28936
27018
28937
27019
28938
27020
28939
27021
28940
27022
28941
27023
28942
27024
28943
27025
28944
27026
28945
27027
28946
27028
28947
27029
28948
27030
28949
27031
28950
27032
28951
27033
28952
27034
28953
27035
28954
27036
28955
27037
28956
27038
28957
27039
28958
27040
28959
27041
28960
27042
28961
27043
28962
27044
28963
27045
28964
27046
28965
27047
28966
27048
28967
27049
28968
27050
28969
27051
28970
27052
28971
27053
28972
27054
28973
27055
28974
27056
28975
27057
28976
27058
28977
27059
28978
27060
28979
27061
28980
27062
28981
27063
28982
27064
28983
27065
28984
27066
28985
27067
28986
27068
28987
27069
28988
27070
28989
27071
28990
27072
28991
27073
28992
27074
28993
27075
28994
27076
28995
27077
28996
27078
28997
27079
28998
27080
28999
27081
29000
27082
29001
27083
29002
27084
29003
27085
29004
27086
29005
27087
29006
27088
29007
27089
29008
27090
29009
27091
29010
27092
29011
27093
29012
27094
29013
27095
29014
27096
29015
27097
29016
27098
29017
27099
29018
27100
29019
27101
29020
27102
29021
27103
29022
27104
29023
27105
29024
27106
29025
27107
29026
27108
29027
27109
29028
27110
29029
27111
29030
27112
29031
27113
29032
27114
29033
27115
29034
27116
29035
27117
29036
27118
29037
27119
29038
27120
29039
27121
29040
27122
29041
27123
29042
27124
29043
27125
29044
27126
29045
27127
29046
27128
29047
27129
29048
27130
29049
27131
29050
27132
29051
27133
29052
27134
29053
27135
29054
27136
29055
27137
29056
27138
29057
27139
29058
27140
29059
27141
29060
27142
29061
27143
29062
27144
29063
27145
29064
27146
29065
27147
29066
27148
29067
27149
29068
27150
29069
27151
29070
27152
29071
27153
29072
27154
29073
27155
29074
27156
29075
27157
29076
27158
29077
27159
29078
27160
29079
27161
29080
27162
29081
27163
29082
27164
29083
27165
29084
27166
29085
27167
29086
27168
29087
27169
29088
27170
29089
27171
29090
27172
29091
27173
29092
27174
29093
27175
29094
27176
29095
27177
29096
27178
29097
27179
29098
27180
29099
27181
29100
27182
29101
27183
29102
27184
29103
27185
29104
27186
29105
27187
29106
27188
29107
27189
29108
27190
29109
27191
29110
27192
29111
27193
29112
27194
29113
27195
29114
27196
29115
27197
29116
27198
29117
27199
29118
27200
29119
27201
29120
27202
29121
27203
29122
27204
29123
27205
29124
27206
29125
27207
29126
27208
29127
27209
29128
27210
29129
27211
29130
27212
29131
27213
29132
27214
29133
27215
29134
27216
29135
27217
29136
27218
29137
27219
29138
27220
29139
27221
29140
27222
29141
27223
29142
27224
29143
27225
29144
27226
29145
27227
29146
27228
29147
27229
29148
27230
29149
27231
29150
27232
29151
27233
29152
27234
29153
27235
29154
27236
29155
27237
29156
27238
29157
27239
29158
27240
29159
27241
29160
27242
29161
27243
29162
27244
29163
27245
29164
27246
29165
27247
29166
27248
29167
27249
29168
27250
29169
27251
29170
27252
29171
27253
29172
27254
29173
27255
29174
27256
29175
27257
29176
27258
29177
27259
29178
27260
29179
27261
29180
27262
29181
27263
29182
27264
29183
27265
29184
27266
29185
27267
29186
27268
29187
27269
29188
27270
29189
27271
29190
27272
29191
27273
29192
27274
29193
27275
29194
27276
29195
27277
29196
27278
29197
27279
29198
27280
29199
27281
29200
27282
29201
27283
29202
27284
29203
27285
29204
27286
29205
27287
29206
27288
29207
27289
29208
27290
29209
27291
29210
27292
29211
27293
29212
27294
29213
27295
29214
27296
29215
27297
29216
27298
29217
27299
29218
27300
29219
27301
29220
27302
29221
27303
29222
27304
29223
27305
29224
27306
29225
27307
29226
27308
29227
27309
29228
27310
29229
27311
29230
27312
29231
27313
29232
27314
29233
27315
29234
27316
29235
27317
29236
27318
29237
27319
29238
27320
29239
27321
29240
27322
29241
27323
29242
27324
29243
27325
29244
27326
29245
27327
29246
27328
29247
27329
29248
27330
29249
27331
29250
27332
29251
27333
29252
27334
29253
27335
29254
27336
29255
27337
29256
27338
29257
27339
29258
27340
29259
27341
29260
27342
29261
27343
29262
27344
29263
27345
29264
27346
29265
27347
29266
27348
29267
27349
29268
27350
29269
27351
29270
27352
29271
27353
29272
27354
29273
27355
29274
27356
29275
27357
29276
27358
29277
27359
29278
27360
29279
27361
29280
27362
29281
27363
29282
27364
29283
27365
29284
27366
29285
27367
29286
27368
29287
27369
29288
27370
29289
27371
29290
27372
29291
27373
29292
27374
29293
27375
29294
27376
29295
27377
29296
27378
29297
27379
29298
27380
29299
27381
29300
27382
29301
27383
29302
27384
29303
27385
29304
27386
29305
27387
29306
27388
29307
27389
29308
27390
29309
27391
29310
27392
29311
27393
29312
27394
29313
27395
29314
27396
29315
27397
29316
27398
29317
27399
29318
27400
29319
27401
29320
27402
29321
27403
29322
27404
29323
27405
29324
27406
29325
27407
29326
27408
29327
27409
29328
27410
29329
27411
29330
27412
29331
27413
29332
27414
29333
27415
29334
27416
29335
27417
29336
27418
29337
27419
29338
27420
29339
27421
29340
27422
29341
27423
29342
27424
29343
27425
29344
27426
29345
27427
29346
27428
29347
27429
29348
27430
29349
27431
29350
27432
29351
27433
29352
27434
29353
27435
29354
27436
29355
27437
29356
27438
29357
27439
29358
27440
29359
27441
29360
27442
29361
27443
29362
27444
29363
27445
29364
27446
29365
27447
29366
27448
29367
27449
29368
27450
29369
27451
29370
27452
29371
27453
29372
27454
29373
27455
29374
27456
29375
27457
29376
27458
29377
27459
29378
27460
29379
27461
29380
27462
29381
27463
29382
27464
29383
27465
29384
27466
29385
27467
29386
27468
29387
27469
29388
27470
29389
27471
29390
27472
29391
27473
29392
27474
29393
27475
29394
27476
29395
27477
29396
27478
29397
27479
29398
27480
29399
27481
29400
27482
29401
27483
29402
27484
29403
27485
29404
27486
29405
27487
29406
27488
29407
27489
29408
27490
29409
27491
29410
27492
29411
27493
29412
27494
29413
27495
29414
27496
29415
27497
29416
27498
29417
27499
29418
27500
29419
27501
29420
27502
29421
27503
29422
27504
29423
27505
29424
27506
29425
27507
29426
27508
29427
27509
29428
27510
29429
27511
29430
27512
29431
27513
29432
27514
29433
27515
29434
27516
29435
27517
29436
27518
29437
27519
29438
27520
29439
27521
29440
27522
29441
27523
29442
27524
29443
27525
29444
27526
29445
27527
29446
27528
29447
27529
29448
27530
29449
27531
29450
27532
29451
27533
29452
27534
29453
27535
29454
27536
29455
27537
29456
27538
29457
27539
29458
27540
29459
27541
29460
27542
29461
27543
29462
27544
29463
27545
29464
27546
29465
27547
29466
27548
29467
27549
29468
27550
29469
27551
29470
27552
29471
27553
29472
27554
29473
27555
29474
27556
29475
27557
29476
27558
29477
27559
29478
27560
29479
27561
29480
27562
29481
27563
29482
27564
29483
27565
29484
27566
29485
27567
29486
27568
29487
27569
29488
27570
29489
27571
29490
27572
29491
27573
29492
27574
29493
27575
29494
27576
29495
27577
29496
27578
29497
27579
29498
27580
29499
27581
29500
27582
29501
27583
29502
27584
29503
27585
29504
27586
29505
27587
29506
27588
29507
27589
29508
27590
29509
27591
29510
27592
29511
27593
29512
27594
29513
27595
29514
27596
29515
27597
29516
27598
29517
27599
29518
27600
29519
27601
29520
27602
29521
27603
29522
27604
29523
27605
29524
27606
29525
27607
29526
27608
29527
27609
29528
27610
29529
27611
29530
27612
29531
27613
29532
27614
29533
27615
29534
27616
29535
27617
29536
27618
29537
27619
29538
27620
29539
27621
29540
27622
29541
27623
29542
27624
29543
27625
29544
27626
29545
27627
29546
27628
29547
27629
29548
27630
29549
27631
29550
27632
29551
27633
29552
27634
29553
27635
29554
27636
29555
27637
29556
27638
29557
27639
29558
27640
29559
27641
29560
27642
29561
27643
29562
27644
29563
27645
29564
27646
29565
27647
29566
27648
29567
27649
29568
27650
29569
27651
29570
27652
29571
27653
29572
27654
29573
27655
29574
27656
29575
27657
29576
27658
29577
27659
29578
27660
29579
27661
29580
27662
29581
27663
29582
27664
29583
27665
29584
27666
29585
27667
29586
27668
29587
27669
29588
27670
29589
27671
29590
27672
29591
27673
29592
27674
29593
27675
29594
27676
29595
27677
29596
27678
29597
27679
29598
27680
29599
27681
29600
27682
29601
27683
29602
27684
29603
27685
29604
27686
29605
27687
29606
27688
29607
27689
29608
27690
29609
27691
29610
27692
29611
27693
29612
27694
29613
27695
29614
27696
29615
27697
29616
27698
29617
27699
29618
27700
29619
27701
29620
27702
29621
27703
29622
27704
29623
27705
29624
27706
29625
27707
29626
27708
29627
27709
29628
27710
29629
27711
29630
27712
29631
27713
29632
27714
29633
27715
29634
27716
29635
27717
29636
27718
29637
27719
29638
27720
29639
27721
29640
27722
29641
27723
29642
27724
29643
27725
29644
27726
29645
27727
29646
27728
29647
27729
29648
27730
29649
27731
29650
27732
29651
27733
29652
27734
29653
27735
29654
27736
29655
27737
29656
27738
29657
27739
29658
27740
29659
27741
29660
27742
29661
27743
29662
27744
29663
27745
29664
27746
29665
27747
29666
27748
29667
27749
29668
27750
29669
27751
29670
27752
29671
27753
29672
27754
29673
27755
29674
27756
29675
27757
29676
27758
29677
27759
29678
27760
29679
27761
29680
27762
29681
27763
29682
27764
29683
27765
29684
27766
29685
27767
29686
27768
29687
27769
29688
27770
29689
27771
29690
27772
29691
27773
29692
27774
29693
27775
29694
27776
29695
27777
29696
27778
29697
27779
29698
27780
29699
27781
29700
27782
29701
27783
29702
27784
29703
27785
29704
27786
29705
27787
29706
27788
29707
27789
29708
27790
29709
27791
29710
27792
29711
27793
29712
27794
29713
27795
29714
27796
29715
27797
29716
27798
29717
27799
29718
27800
29719
27801
29720
27802
29721
27803
29722
27804
29723
27805
29724
27806
29725
27807
29726
27808
29727
27809
29728
27810
29729
27811
29730
27812
29731
27813
29732
27814
29733
27815
29734
27816
29735
27817
29736
27818
29737
27819
29738
27820
29739
27821
29740
27822
29741
27823
29742
27824
29743
27825
29744
27826
29745
27827
29746
27828
29747
27829
29748
27830
29749
27831
29750
27832
29751
27833
29752
27834
29753
27835
29754
27836
29755
27837
29756
27838
29757
27839
29758
27840
29759
27841
29760
27842
29761
27843
29762
27844
29763
27845
29764
27846
29765
27847
29766
27848
29767
27849
29768
27850
29769
27851
29770
27852
29771
27853
29772
27854
29773
27855
29774
27856
29775
27857
29776
27858
29777
27859
29778
27860
29779
27861
29780
27862
29781
27863
29782
27864
29783
27865
29784
27866
29785
27867
29786
27868
29787
27869
29788
27870
29789
27871
29790
27872
29791
27873
29792
27874
29793
27875
29794
27876
29795
27877
29796
27878
29797
27879
29798
27880
29799
27881
29800
27882
29801
27883
29802
27884
29803
27885
29804
27886
29805
27887
29806
27888
29807
27889
29808
27890
29809
27891
29810
27892
29811
27893
29812
27894
29813
27895
29814
27896
29815
27897
29816
27898
29817
27899
29818
27900
29819
27901
29820
27902
29821
27903
29822
27904
29823
27905
29824
27906
29825
27907
29826
27908
29827
27909
29828
27910
29829
27911
29830
27912
29831
27913
29832
27914
29833
27915
29834
27916
29835
27917
29836
27918
29837
27919
29838
27920
29839
27921
29840
27922
29841
27923
29842
27924
29843
27925
29844
27926
29845
27927
29846
27928
29847
27929
29848
27930
29849
27931
29850
27932
29851
27933
29852
27934
29853
27935
29854
27936
29855
27937
29856
27938
29857
27939
29858
27940
29859
27941
29860
27942
29861
27943
29862
27944
29863
27945
29864
27946
29865
27947
29866
27948
29867
27949
29868
27950
29869
27951
29870
27952
29871
27953
29872
27954
29873
27955
29874
27956
29875
27957
29876
27958
29877
27959
29878
27960
29879
27961
29880
27962
29881
27963
29882
27964
29883
27965
29884
27966
29885
27967
29886
27968
29887
27969
29888
27970
29889
27971
29890
27972
29891
27973
29892
27974
29893
27975
29894
27976
29895
27977
29896
27978
29897
27979
29898
27980
29899
27981
29900
27982
29901
27983
29902
27984
29903
27985
29904
27986
29905
27987
29906
27988
29907
27989
29908
27990
29909
27991
29910
27992
29911
27993
29912
27994
29913
27995
29914
27996
29915
27997
29916
27998
29917
27999
29918
28000
29919
28001
29920
28002
29921
28003
29922
28004
29923
28005
29924
28006
29925
28007
29926
28008
29927
28009
29928
28010
29929
28011
29930
28012
29931
28013
29932
28014
29933
28015
29934
28016
29935
28017
29936
28018
29937
28019
29938
28020
29939
28021
29940
28022
29941
28023
29942
28024
29943
28025
29944
28026
29945
28027
29946
28028
29947
28029
29948
28030
29949
28031
29950
28032
29951
28033
29952
28034
29953
28035
29954
28036
29955
28037
29956
28038
29957
28039
29958
28040
29959
28041
29960
28042
29961
28043
29962
28044
29963
28045
29964
28046
29965
28047
29966
28048
29967
28049
29968
28050
29969
28051
29970
28052
29971
28053
29972
28054
29973
28055
29974
28056
29975
28057
29976
28058
29977
28059
29978
28060
29979
28061
29980
28062
29981
28063
29982
28064
29983
28065
29984
28066
29985
28067
29986
28068
29987
28069
29988
28070
29989
28071
29990
28072
29991
28073
29992
28074
29993
28075
29994
28076
29995
28077
29996
28078
29997
28079
29998
28080
29999
28081
30000
28082
30001
28083
30002
28084
30003
28085
30004
28086
30005
28087
30006
28088
30007
28089
30008
28090
30009
28091
30010
28092
30011
28093
30012
28094
30013
28095
30014
28096
30015
28097
30016
28098
30017
28099
30018
28100
30019
28101
30020
28102
30021
28103
30022
28104
30023
28105
30024
28106
30025
28107
30026
28108
30027
28109
30028
28110
30029
28111
30030
28112
30031
28113
30032
28114
30033
28115
30034
28116
30035
28117
30036
28118
30037
28119
30038
28120
30039
28121
30040
28122
30041
28123
30042
28124
30043
28125
30044
28126
30045
28127
30046
28128
30047
28129
30048
28130
30049
28131
30050
28132
30051
28133
30052
28134
30053
28135
30054
28136
30055
28137
30056
28138
30057
28139
30058
28140
30059
28141
30060
28142
30061
28143
30062
28144
30063
28145
30064
28146
30065
28147
30066
28148
30067
28149
30068
28150
30069
28151
30070
28152
30071
28153
30072
28154
30073
28155
30074
28156
30075
28157
30076
28158
30077
28159
30078
28160
30079
28161
30080
28162
30081
28163
30082
28164
30083
28165
30084
28166
30085
28167
30086
28168
30087
28169
30088
28170
30089
28171
30090
28172
30091
28173
30092
28174
30093
28175
30094
28176
30095
28177
30096
28178
30097
28179
30098
28180
30099
28181
30100
28182
30101
28183
30102
28184
30103
28185
30104
28186
30105
28187
30106
28188
30107
28189
30108
28190
30109
28191
30110
28192
30111
28193
30112
28194
30113
28195
30114
28196
30115
28197
30116
28198
30117
28199
30118
28200
30119
28201
30120
28202
30121
28203
30122
28204
30123
28205
30124
28206
30125
28207
30126
28208
30127
28209
30128
28210
30129
28211
30130
28212
30131
28213
30132
28214
30133
28215
30134
28216
30135
28217
30136
28218
30137
28219
30138
28220
30139
28221
30140
28222
30141
28223
30142
28224
30143
28225
30144
28226
30145
28227
30146
28228
30147
28229
30148
28230
30149
28231
30150
28232
30151
28233
30152
28234
30153
28235
30154
28236
30155
28237
30156
28238
30157
28239
30158
28240
30159
28241
30160
28242
30161
28243
30162
28244
30163
28245
30164
28246
30165
28247
30166
28248
30167
28249
30168
28250
30169
28251
30170
28252
30171
28253
30172
28254
30173
28255
30174
28256
30175
28257
30176
28258
30177
28259
30178
28260
30179
28261
30180
28262
30181
28263
30182
28264
30183
28265
30184
28266
30185
28267
30186
28268
30187
28269
30188
28270
30189
28271
30190
28272
30191
28273
30192
28274
30193
28275
30194
28276
30195
28277
30196
28278
30197
28279
30198
28280
30199
28281
30200
28282
30201
28283
30202
28284
30203
28285
30204
28286
30205
28287
30206
28288
30207
28289
30208
28290
30209
28291
30210
28292
30211
28293
30212
28294
30213
28295
30214
28296
30215
28297
30216
28298
30217
28299
30218
28300
30219
28301
30220
28302
30221
28303
30222
28304
30223
28305
30224
28306
30225
28307
30226
28308
30227
28309
30228
28310
30229
28311
30230
28312
30231
28313
30232
28314
30233
28315
30234
28316
30235
28317
30236
28318
30237
28319
30238
28320
30239
28321
30240
28322
30241
28323
30242
28324
30243
28325
30244
28326
30245
28327
30246
28328
30247
28329
30248
28330
30249
28331
30250
28332
30251
28333
30252
28334
30253
28335
30254
28336
30255
28337
30256
28338
30257
28339
30258
28340
30259
28341
30260
28342
30261
28343
30262
28344
30263
28345
30264
28346
30265
28347
30266
28348
30267
28349
30268
28350
30269
28351
30270
28352
30271
28353
30272
28354
30273
28355
30274
28356
30275
28357
30276
28358
30277
28359
30278
28360
30279
28361
30280
28362
30281
28363
30282
28364
30283
28365
30284
28366
30285
28367
30286
28368
30287
28369
30288
28370
30289
28371
30290
28372
30291
28373
30292
28374
30293
28375
30294
28376
30295
28377
30296
28378
30297
28379
30298
28380
30299
28381
30300
28382
30301
28383
30302
28384
30303
28385
30304
28386
30305
28387
30306
28388
30307
28389
30308
28390
30309
28391
30310
28392
30311
28393
30312
28394
30313
28395
30314
28396
30315
28397
30316
28398
30317
28399
30318
28400
30319
28401
30320
28402
30321
28403
30322
28404
30323
28405
30324
28406
30325
28407
30326
28408
30327
28409
30328
28410
30329
28411
30330
28412
30331
28413
30332
28414
30333
28415
30334
28416
30335
28417
30336
28418
30337
28419
30338
28420
30339
28421
30340
28422
30341
28423
30342
28424
30343
28425
30344
28426
30345
28427
30346
28428
30347
28429
30348
28430
30349
28431
30350
28432
30351
28433
30352
28434
30353
28435
30354
28436
30355
28437
30356
28438
30357
28439
30358
28440
30359
28441
30360
28442
30361
28443
30362
28444
30363
28445
30364
28446
30365
28447
30366
28448
30367
28449
30368
28450
30369
28451
30370
28452
30371
28453
30372
28454
30373
28455
30374
28456
30375
28457
30376
28458
30377
28459
30378
28460
30379
28461
30380
28462
30381
28463
30382
28464
30383
28465
30384
28466
30385
28467
30386
28468
30387
28469
30388
28470
30389
28471
30390
28472
30391
28473
30392
28474
30393
28475
30394
28476
30395
28477
30396
28478
30397
28479
30398
28480
30399
28481
30400
28482
30401
28483
30402
28484
30403
28485
30404
28486
30405
28487
30406
28488
30407
28489
30408
28490
30409
28491
30410
28492
30411
28493
30412
28494
30413
28495
30414
28496
30415
28497
30416
28498
30417
28499
30418
28500
30419
28501
30420
28502
30421
28503
30422
28504
30423
28505
30424
28506
30425
28507
30426
28508
30427
28509
30428
28510
30429
28511
30430
28512
30431
28513
30432
28514
30433
28515
30434
28516
30435
28517
30436
28518
30437
28519
30438
28520
30439
28521
30440
28522
30441
28523
30442
28524
30443
28525
30444
28526
30445
28527
30446
28528
30447
28529
30448
28530
30449
28531
30450
28532
30451
28533
30452
28534
30453
28535
30454
28536
30455
28537
30456
28538
30457
28539
30458
28540
30459
28541
30460
28542
30461
28543
30462
28544
30463
28545
30464
28546
30465
28547
30466
28548
30467
28549
30468
28550
30469
28551
30470
28552
30471
28553
30472
28554
30473
28555
30474
28556
30475
28557
30476
28558
30477
28559
30478
28560
30479
28561
30480
28562
30481
28563
30482
28564
30483
28565
30484
28566
30485
28567
30486
28568
30487
28569
30488
28570
30489
28571
30490
28572
30491
28573
30492
28574
30493
28575
30494
28576
30495
28577
30496
28578
30497
28579
30498
28580
30499
28581
30500
28582
30501
28583
30502
28584
30503
28585
30504
28586
30505
28587
30506
28588
30507
28589
30508
28590
30509
28591
30510
28592
30511
28593
30512
28594
30513
28595
30514
28596
30515
28597
30516
28598
30517
28599
30518
28600
30519
28601
30520
28602
30521
28603
30522
28604
30523
28605
30524
28606
30525
28607
30526
28608
30527
28609
30528
28610
30529
28611
30530
28612
30531
28613
30532
28614
30533
28615
30534
28616
30535
28617
30536
28618
30537
28619
30538
28620
30539
28621
30540
28622
30541
28623
30542
28624
30543
28625
30544
28626
30545
28627
30546
28628
30547
28629
30548
28630
30549
28631
30550
28632
30551
28633
30552
28634
30553
28635
30554
28636
30555
28637
30556
28638
30557
28639
30558
28640
30559
28641
30560
28642
30561
28643
30562
28644
30563
28645
30564
28646
30565
28647
30566
28648
30567
28649
30568
28650
30569
28651
30570
28652
30571
28653
30572
28654
30573
28655
30574
28656
30575
28657
30576
28658
30577
28659
30578
28660
30579
28661
30580
28662
30581
28663
30582
28664
30583
28665
30584
28666
30585
28667
30586
28668
30587
28669
30588
28670
30589
28671
30590
28672
30591
28673
30592
28674
30593
28675
30594
28676
30595
28677
30596
28678
30597
28679
30598
28680
30599
28681
30600
28682
30601
28683
30602
28684
30603
28685
30604
28686
30605
28687
30606
28688
30607
28689
30608
28690
30609
28691
30610
28692
30611
28693
30612
28694
30613
28695
30614
28696
30615
28697
30616
28698
30617
28699
30618
28700
30619
28701
30620
28702
30621
28703
30622
28704
30623
28705
30624
28706
30625
28707
30626
28708
30627
28709
30628
28710
30629
28711
30630
28712
30631
28713
30632
28714
30633
28715
30634
28716
30635
28717
30636
28718
30637
28719
30638
28720
30639
28721
30640
28722
30641
28723
30642
28724
30643
28725
30644
28726
30645
28727
30646
28728
30647
28729
30648
28730
30649
28731
30650
28732
30651
28733
30652
28734
30653
28735
30654
28736
30655
28737
30656
28738
30657
28739
30658
28740
30659
28741
30660
28742
30661
28743
30662
28744
30663
28745
30664
28746
30665
28747
30666
28748
30667
28749
30668
28750
30669
28751
30670
28752
30671
28753
30672
28754
30673
28755
30674
28756
30675
28757
30676
28758
30677
28759
30678
28760
30679
28761
30680
28762
30681
28763
30682
28764
30683
28765
30684
28766
30685
28767
30686
28768
30687
28769
30688
28770
30689
28771
30690
28772
30691
28773
30692
28774
30693
28775
30694
28776
30695
28777
30696
28778
30697
28779
30698
28780
30699
28781
30700
28782
30701
28783
30702
28784
30703
28785
30704
28786
30705
28787
30706
28788
30707
28789
30708
28790
30709
28791
30710
28792
30711
28793
30712
28794
30713
28795
30714
28796
30715
28797
30716
28798
30717
28799
30718
30719
28801
30720
28802
30721
28803
30722
28804
30723
28805
30724
28806
30725
28807
30726
28808
30727
28809
30728
28810
30729
28811
30730
28812
30731
28813
30732
28814
30733
28815
30734
28816
30735
28817
30736
28818
30737
28819
30738
28820
30739
28821
30740
28822
30741
28823
30742
28824
30743
28825
30744
28826
30745
28827
30746
28828
30747
28829
30748
28830
30749
28831
30750
28832
30751
28833
30752
28834
30753
28835
30754
28836
30755
28837
30756
28838
30757
28839
30758
28840
30759
28841
30760
28842
30761
28843
30762
28844
30763
28845
30764
28846
30765
28847
30766
28848
30767
28849
30768
28850
30769
28851
30770
28852
30771
28853
30772
28854
30773
28855
30774
28856
30775
28857
30776
28858
30777
28859
30778
28860
30779
28861
30780
28862
30781
28863
30782
28864
30783
28865
30784
28866
30785
28867
30786
28868
30787
28869
30788
28870
30789
28871
30790
28872
30791
28873
30792
28874
30793
28875
30794
28876
30795
28877
30796
28878
30797
28879
30798
28880
30799
28881
30800
28882
30801
28883
30802
28884
30803
28885
30804
28886
30805
28887
30806
28888
30807
28889
30808
28890
30809
28891
30810
28892
30811
28893
30812
28894
30813
28895
30814
28896
30815
28897
30816
28898
30817
28899
30818
28900
30819
28901
30820
28902
30821
28903
30822
28904
30823
28905
30824
28906
30825
28907
30826
28908
30827
28909
30828
28910
30829
28911
30830
28912
30831
28913
30832
28914
30833
28915
30834
28916
30835
28917
30836
28918
30837
28919
30838
28920
30839
28921
30840
28922
30841
28923
30842
28924
30843
28925
30844
28926
30845
28927
30846
28928
30847
28929
30848
28930
30849
28931
30850
28932
30851
28933
30852
28934
30853
28935
30854
28936
30855
28937
30856
28938
30857
28939
30858
28940
30859
28941
30860
28942
30861
28943
30862
28944
30863
28945
30864
28946
30865
28947
30866
28948
30867
28949
30868
28950
30869
28951
30870
28952
30871
28953
30872
28954
30873
28955
30874
28956
30875
28957
30876
28958
30877
28959
30878
28960
30879
28961
30880
28962
30881
28963
30882
28964
30883
28965
30884
28966
30885
28967
30886
28968
30887
28969
30888
28970
30889
28971
30890
28972
30891
28973
30892
28974
30893
28975
30894
28976
30895
28977
30896
28978
30897
28979
30898
28980
30899
28981
30900
28982
30901
28983
30902
28984
30903
28985
30904
28986
30905
28987
30906
28988
30907
28989
30908
28990
30909
28991
30910
28992
30911
28993
30912
28994
30913
28995
30914
28996
30915
28997
30916
28998
30917
28999
30918
29000
30919
29001
30920
29002
30921
29003
30922
29004
30923
29005
30924
29006
30925
29007
30926
29008
30927
29009
30928
29010
30929
29011
30930
29012
30931
29013
30932
29014
30933
29015
30934
29016
30935
29017
30936
29018
30937
29019
30938
29020
30939
29021
30940
29022
30941
29023
30942
29024
30943
29025
30944
29026
30945
29027
30946
29028
30947
29029
30948
29030
30949
29031
30950
29032
30951
29033
30952
29034
30953
29035
30954
29036
30955
29037
30956
29038
30957
29039
30958
29040
30959
29041
30960
29042
30961
29043
30962
29044
30963
29045
30964
29046
30965
29047
30966
29048
30967
29049
30968
29050
30969
29051
30970
29052
30971
29053
30972
29054
30973
29055
30974
29056
30975
29057
30976
29058
30977
29059
30978
29060
30979
29061
30980
29062
30981
29063
30982
29064
30983
29065
30984
29066
30985
29067
30986
29068
30987
29069
30988
29070
30989
29071
30990
29072
30991
29073
30992
29074
30993
29075
30994
29076
30995
29077
30996
29078
30997
29079
30998
29080
30999
29081
31000
29082
31001
29083
31002
29084
31003
29085
31004
29086
31005
29087
31006
29088
31007
29089
31008
29090
31009
29091
31010
29092
31011
29093
31012
29094
31013
29095
31014
29096
31015
29097
31016
29098
31017
29099
31018
29100
31019
29101
31020
29102
31021
29103
31022
29104
31023
29105
31024
29106
31025
29107
31026
29108
31027
29109
31028
29110
31029
29111
31030
29112
31031
29113
31032
29114
31033
29115
31034
29116
31035
29117
31036
29118
31037
29119
31038
29120
31039
29121
31040
29122
31041
29123
31042
29124
31043
29125
31044
29126
31045
29127
31046
29128
31047
29129
31048
29130
31049
29131
31050
29132
31051
29133
31052
29134
31053
29135
31054
29136
31055
29137
31056
29138
31057
29139
31058
29140
31059
29141
31060
29142
31061
29143
31062
29144
31063
29145
31064
29146
31065
29147
31066
29148
31067
29149
31068
29150
31069
29151
31070
29152
31071
29153
31072
29154
31073
29155
31074
29156
31075
29157
31076
29158
31077
29159
31078
29160
31079
29161
31080
29162
31081
29163
31082
29164
31083
29165
31084
29166
31085
29167
31086
29168
31087
29169
31088
29170
31089
29171
31090
29172
31091
29173
31092
29174
31093
29175
31094
29176
31095
29177
31096
29178
31097
29179
31098
29180
31099
29181
31100
29182
31101
29183
31102
29184
31103
29185
31104
29186
31105
29187
31106
29188
31107
29189
31108
29190
31109
29191
31110
29192
31111
29193
31112
29194
31113
29195
31114
29196
31115
29197
31116
29198
31117
29199
31118
29200
31119
29201
31120
29202
31121
29203
31122
29204
31123
29205
31124
29206
31125
29207
31126
29208
31127
29209
31128
29210
31129
29211
31130
29212
31131
29213
31132
29214
31133
29215
31134
29216
31135
29217
31136
29218
31137
29219
31138
29220
31139
29221
31140
29222
31141
29223
31142
29224
31143
29225
31144
29226
31145
29227
31146
29228
31147
29229
31148
29230
31149
29231
31150
29232
31151
29233
31152
29234
31153
29235
31154
29236
31155
29237
31156
29238
31157
29239
31158
29240
31159
29241
31160
29242
31161
29243
31162
29244
31163
29245
31164
29246
31165
29247
31166
29248
31167
29249
31168
29250
31169
29251
31170
29252
31171
29253
31172
29254
31173
29255
31174
29256
31175
29257
31176
29258
31177
29259
31178
29260
31179
29261
31180
29262
31181
29263
31182
29264
31183
29265
31184
29266
31185
29267
31186
29268
31187
29269
31188
29270
31189
29271
31190
29272
31191
29273
31192
29274
31193
29275
31194
29276
31195
29277
31196
29278
31197
29279
31198
29280
31199
29281
31200
29282
31201
29283
31202
29284
31203
29285
31204
29286
31205
29287
31206
29288
31207
29289
31208
29290
31209
29291
31210
29292
31211
29293
31212
29294
31213
29295
31214
29296
31215
29297
31216
29298
31217
29299
31218
29300
31219
29301
31220
29302
31221
29303
31222
29304
31223
29305
31224
29306
31225
29307
31226
29308
31227
29309
31228
29310
31229
29311
31230
29312
31231
29313
31232
29314
31233
29315
31234
29316
31235
29317
31236
29318
31237
29319
31238
29320
31239
29321
31240
29322
31241
29323
31242
29324
31243
29325
31244
29326
31245
29327
31246
29328
31247
29329
31248
29330
31249
29331
31250
29332
31251
29333
31252
29334
31253
29335
31254
29336
31255
29337
31256
29338
31257
29339
31258
29340
31259
29341
31260
29342
31261
29343
31262
29344
31263
29345
31264
29346
31265
29347
31266
29348
31267
29349
31268
29350
31269
29351
31270
29352
31271
29353
31272
29354
31273
29355
31274
29356
31275
29357
31276
29358
31277
29359
31278
29360
31279
29361
31280
29362
31281
29363
31282
29364
31283
29365
31284
29366
31285
29367
31286
29368
31287
29369
31288
29370
31289
29371
31290
29372
31291
29373
31292
29374
31293
29375
31294
29376
31295
29377
31296
29378
31297
29379
31298
29380
31299
29381
31300
29382
31301
29383
31302
29384
31303
29385
31304
29386
31305
29387
31306
29388
31307
29389
31308
29390
31309
29391
31310
29392
31311
29393
31312
29394
31313
29395
31314
29396
31315
29397
31316
29398
31317
29399
31318
29400
31319
29401
31320
29402
31321
29403
31322
29404
31323
29405
31324
29406
31325
29407
31326
29408
31327
29409
31328
29410
31329
29411
31330
29412
31331
29413
31332
29414
31333
29415
31334
29416
31335
29417
31336
29418
31337
29419
31338
29420
31339
29421
31340
29422
31341
29423
31342
29424
31343
29425
31344
29426
31345
29427
31346
29428
31347
29429
31348
29430
31349
29431
31350
29432
31351
29433
31352
29434
31353
29435
31354
29436
31355
29437
31356
29438
31357
29439
31358
29440
31359
29441
31360
29442
31361
29443
31362
29444
31363
29445
31364
29446
31365
29447
31366
29448
31367
29449
31368
29450
31369
29451
31370
29452
31371
29453
31372
29454
31373
29455
31374
29456
31375
29457
31376
29458
31377
29459
31378
29460
31379
29461
31380
29462
31381
29463
31382
29464
31383
29465
31384
29466
31385
29467
31386
29468
31387
29469
31388
29470
31389
29471
31390
29472
31391
29473
31392
29474
31393
29475
31394
29476
31395
29477
31396
29478
31397
29479
31398
29480
31399
29481
31400
29482
31401
29483
31402
29484
31403
29485
31404
29486
31405
29487
31406
29488
31407
29489
31408
29490
31409
29491
31410
29492
31411
29493
31412
29494
31413
29495
31414
29496
31415
29497
31416
29498
31417
29499
31418
29500
31419
29501
31420
29502
31421
29503
31422
29504
31423
29505
31424
29506
31425
29507
31426
29508
31427
29509
31428
29510
31429
29511
31430
29512
31431
29513
31432
29514
31433
29515
31434
29516
31435
29517
31436
29518
31437
29519
31438
29520
31439
29521
31440
29522
31441
29523
31442
29524
31443
29525
31444
29526
31445
29527
31446
29528
31447
29529
31448
29530
31449
29531
31450
29532
31451
29533
31452
29534
31453
29535
31454
29536
31455
29537
31456
29538
31457
29539
31458
29540
31459
29541
31460
29542
31461
29543
31462
29544
31463
29545
31464
29546
31465
29547
31466
29548
31467
29549
31468
29550
31469
29551
31470
29552
31471
29553
31472
29554
31473
29555
31474
29556
31475
29557
31476
29558
31477
29559
31478
29560
31479
29561
31480
29562
31481
29563
31482
29564
31483
29565
31484
29566
31485
29567
31486
29568
31487
29569
31488
29570
31489
29571
31490
29572
31491
29573
31492
29574
31493
29575
31494
29576
31495
29577
31496
29578
31497
29579
31498
29580
31499
29581
31500
29582
31501
29583
31502
29584
31503
29585
31504
29586
31505
29587
31506
29588
31507
29589
31508
29590
31509
29591
31510
29592
31511
29593
31512
29594
31513
29595
31514
29596
31515
29597
31516
29598
31517
29599
31518
29600
31519
29601
31520
29602
31521
29603
31522
29604
31523
29605
31524
29606
31525
29607
31526
29608
31527
29609
31528
29610
31529
29611
31530
29612
31531
29613
31532
29614
31533
29615
31534
29616
31535
29617
31536
29618
31537
29619
31538
29620
31539
29621
31540
29622
31541
29623
31542
29624
31543
29625
31544
29626
31545
29627
31546
29628
31547
29629
31548
29630
31549
29631
31550
29632
31551
29633
31552
29634
31553
29635
31554
29636
31555
29637
31556
29638
31557
29639
31558
29640
31559
29641
31560
29642
31561
29643
31562
29644
31563
29645
31564
29646
31565
29647
31566
29648
31567
29649
31568
29650
31569
29651
31570
29652
31571
29653
31572
29654
31573
29655
31574
29656
31575
29657
31576
29658
31577
29659
31578
29660
31579
29661
31580
29662
31581
29663
31582
29664
31583
29665
31584
29666
31585
29667
31586
29668
31587
29669
31588
29670
31589
29671
31590
29672
31591
29673
31592
29674
31593
29675
31594
29676
31595
29677
31596
29678
31597
29679
31598
29680
31599
29681
31600
29682
31601
29683
31602
29684
31603
29685
31604
29686
31605
29687
31606
29688
31607
29689
31608
29690
31609
29691
31610
29692
31611
29693
31612
29694
31613
29695
31614
29696
31615
29697
31616
29698
31617
29699
31618
29700
31619
29701
31620
29702
31621
29703
31622
29704
31623
29705
31624
29706
31625
29707
31626
29708
31627
29709
31628
29710
31629
29711
31630
29712
31631
29713
31632
29714
31633
29715
31634
29716
31635
29717
31636
29718
31637
29719
31638
29720
31639
29721
31640
29722
31641
29723
31642
29724
31643
29725
31644
29726
31645
29727
31646
29728
31647
29729
31648
29730
31649
29731
31650
29732
31651
29733
31652
29734
31653
29735
31654
29736
31655
29737
31656
29738
31657
29739
31658
29740
31659
29741
31660
29742
31661
29743
31662
29744
31663
29745
31664
29746
31665
29747
31666
29748
31667
29749
31668
29750
31669
29751
31670
29752
31671
29753
31672
29754
31673
29755
31674
29756
31675
29757
31676
29758
31677
29759
31678
29760
31679
29761
31680
29762
31681
29763
31682
29764
31683
29765
31684
29766
31685
29767
31686
29768
31687
29769
31688
29770
31689
29771
31690
29772
31691
29773
31692
29774
31693
29775
31694
29776
31695
29777
31696
29778
31697
29779
31698
29780
31699
29781
31700
29782
31701
29783
31702
29784
31703
29785
31704
29786
31705
29787
31706
29788
31707
29789
31708
29790
31709
29791
31710
29792
31711
29793
31712
29794
31713
29795
31714
29796
31715
29797
31716
29798
31717
29799
31718
29800
31719
29801
31720
29802
31721
29803
31722
29804
31723
29805
31724
29806
31725
29807
31726
29808
31727
29809
31728
29810
31729
29811
31730
29812
31731
29813
31732
29814
31733
29815
31734
29816
31735
29817
31736
29818
31737
29819
31738
29820
31739
29821
31740
29822
31741
29823
31742
29824
31743
29825
31744
29826
31745
29827
31746
29828
31747
29829
31748
29830
31749
29831
31750
29832
31751
29833
31752
29834
31753
29835
31754
29836
31755
29837
31756
29838
31757
29839
31758
29840
31759
29841
31760
29842
31761
29843
31762
29844
31763
29845
31764
29846
31765
29847
31766
29848
31767
29849
31768
29850
31769
29851
31770
29852
31771
29853
31772
29854
31773
29855
31774
29856
31775
29857
31776
29858
31777
29859
31778
29860
31779
29861
31780
29862
31781
29863
31782
29864
31783
29865
31784
29866
31785
29867
31786
29868
31787
29869
31788
29870
31789
29871
31790
29872
31791
29873
31792
29874
31793
29875
31794
29876
31795
29877
31796
29878
31797
29879
31798
29880
31799
29881
31800
29882
31801
29883
31802
29884
31803
29885
31804
29886
31805
29887
31806
29888
31807
29889
31808
29890
31809
29891
31810
29892
31811
29893
31812
29894
31813
29895
31814
29896
31815
29897
31816
29898
31817
29899
31818
29900
31819
29901
31820
29902
31821
29903
31822
29904
31823
29905
31824
29906
31825
29907
31826
29908
31827
29909
31828
29910
31829
29911
31830
29912
31831
29913
31832
29914
31833
29915
31834
29916
31835
29917
31836
29918
31837
29919
31838
29920
31839
29921
31840
29922
31841
29923
31842
29924
31843
29925
31844
29926
31845
29927
31846
29928
31847
29929
31848
29930
31849
29931
31850
29932
31851
29933
31852
29934
31853
29935
31854
29936
31855
29937
31856
29938
31857
29939
31858
29940
31859
29941
31860
29942
31861
29943
31862
29944
31863
29945
31864
29946
31865
29947
31866
29948
31867
29949
31868
29950
31869
29951
31870
29952
31871
29953
31872
29954
31873
29955
31874
29956
31875
29957
31876
29958
31877
29959
31878
29960
31879
29961
31880
29962
31881
29963
31882
29964
31883
29965
31884
29966
31885
29967
31886
29968
31887
29969
31888
29970
31889
29971
31890
29972
31891
29973
31892
29974
31893
29975
31894
29976
31895
29977
31896
29978
31897
29979
31898
29980
31899
29981
31900
29982
31901
29983
31902
29984
31903
29985
31904
29986
31905
29987
31906
29988
31907
29989
31908
29990
31909
29991
31910
29992
31911
29993
31912
29994
31913
29995
31914
29996
31915
29997
31916
29998
31917
29999
31918
30000
31919
30001
31920
30002
31921
30003
31922
30004
31923
30005
31924
30006
31925
30007
31926
30008
31927
30009
31928
30010
31929
30011
31930
30012
31931
30013
31932
30014
31933
30015
31934
30016
31935
30017
31936
30018
31937
30019
31938
30020
31939
30021
31940
30022
31941
30023
31942
30024
31943
30025
31944
30026
31945
30027
31946
30028
31947
30029
31948
30030
31949
30031
31950
30032
31951
30033
31952
30034
31953
30035
31954
30036
31955
30037
31956
30038
31957
30039
31958
30040
31959
30041
31960
30042
31961
30043
31962
30044
31963
30045
31964
30046
31965
30047
31966
30048
31967
30049
31968
30050
31969
30051
31970
30052
31971
30053
31972
30054
31973
30055
31974
30056
31975
30057
31976
30058
31977
30059
31978
30060
31979
30061
31980
30062
31981
30063
31982
30064
31983
30065
31984
30066
31985
30067
31986
30068
31987
30069
31988
30070
31989
30071
31990
30072
31991
30073
31992
30074
31993
30075
31994
30076
31995
30077
31996
30078
31997
30079
31998
30080
31999
30081
32000
30082
32001
30083
32002
30084
32003
30085
32004
30086
32005
30087
32006
30088
32007
30089
32008
30090
32009
30091
32010
30092
32011
30093
32012
30094
32013
30095
32014
30096
32015
30097
32016
30098
32017
30099
32018
30100
32019
30101
32020
30102
32021
30103
32022
30104
32023
30105
32024
30106
32025
30107
32026
30108
32027
30109
32028
30110
32029
30111
32030
30112
32031
30113
32032
30114
32033
30115
32034
30116
32035
30117
32036
30118
32037
30119
32038
30120
32039
30121
32040
30122
32041
30123
32042
30124
32043
30125
32044
30126
32045
30127
32046
30128
32047
30129
32048
30130
32049
30131
32050
30132
32051
30133
32052
30134
32053
30135
32054
30136
32055
30137
32056
30138
32057
30139
32058
30140
32059
30141
32060
30142
32061
30143
32062
30144
32063
30145
32064
30146
32065
30147
32066
30148
32067
30149
32068
30150
32069
30151
32070
30152
32071
30153
32072
30154
32073
30155
32074
30156
32075
30157
32076
30158
32077
30159
32078
30160
32079
30161
32080
30162
32081
30163
32082
30164
32083
30165
32084
30166
32085
30167
32086
30168
32087
30169
32088
30170
32089
30171
32090
30172
32091
30173
32092
30174
32093
30175
32094
30176
32095
30177
32096
30178
32097
30179
32098
30180
32099
30181
32100
30182
32101
30183
32102
30184
32103
30185
32104
30186
32105
30187
32106
30188
32107
30189
32108
30190
32109
30191
32110
30192
32111
30193
32112
30194
32113
30195
32114
30196
32115
30197
32116
30198
32117
30199
32118
30200
32119
30201
32120
30202
32121
30203
32122
30204
32123
30205
32124
30206
32125
30207
32126
30208
32127
30209
32128
30210
32129
30211
32130
30212
32131
30213
32132
30214
32133
30215
32134
30216
32135
30217
32136
30218
32137
30219
32138
30220
32139
30221
32140
30222
32141
30223
32142
30224
32143
30225
32144
30226
32145
30227
32146
30228
32147
30229
32148
30230
32149
30231
32150
30232
32151
30233
32152
30234
32153
30235
32154
30236
32155
30237
32156
30238
32157
30239
32158
30240
32159
30241
32160
30242
32161
30243
32162
30244
32163
30245
32164
30246
32165
30247
32166
30248
32167
30249
32168
30250
32169
30251
32170
30252
32171
30253
32172
30254
32173
30255
32174
30256
32175
30257
32176
30258
32177
30259
32178
30260
32179
30261
32180
30262
32181
30263
32182
30264
32183
30265
32184
30266
32185
30267
32186
30268
32187
30269
32188
30270
32189
30271
32190
30272
32191
30273
32192
30274
32193
30275
32194
30276
32195
30277
32196
30278
32197
30279
32198
30280
32199
30281
32200
30282
32201
30283
32202
30284
32203
30285
32204
30286
32205
30287
32206
30288
32207
30289
32208
30290
32209
30291
32210
30292
32211
30293
32212
30294
32213
30295
32214
30296
32215
30297
32216
30298
32217
30299
32218
30300
32219
30301
32220
30302
32221
30303
32222
30304
32223
30305
32224
30306
32225
30307
32226
30308
32227
30309
32228
30310
32229
30311
32230
30312
32231
30313
32232
30314
32233
30315
32234
30316
32235
30317
32236
30318
32237
30319
32238
30320
32239
30321
32240
30322
32241
30323
32242
30324
32243
30325
32244
30326
32245
30327
32246
30328
32247
30329
32248
30330
32249
30331
32250
30332
32251
30333
32252
30334
32253
30335
32254
30336
32255
30337
32256
30338
32257
30339
32258
30340
32259
30341
32260
30342
32261
30343
32262
30344
32263
30345
32264
30346
32265
30347
32266
30348
32267
30349
32268
30350
32269
30351
32270
30352
32271
30353
32272
30354
32273
30355
32274
30356
32275
30357
32276
30358
32277
30359
32278
30360
32279
30361
32280
30362
32281
30363
32282
30364
32283
30365
32284
30366
32285
30367
32286
30368
32287
30369
32288
30370
32289
30371
32290
30372
32291
30373
32292
30374
32293
30375
32294
30376
32295
30377
32296
30378
32297
30379
32298
30380
32299
30381
32300
30382
32301
30383
32302
30384
32303
30385
32304
30386
32305
30387
32306
30388
32307
30389
32308
30390
32309
30391
32310
30392
32311
30393
32312
30394
32313
30395
32314
30396
32315
30397
32316
30398
32317
30399
32318
30400
32319
30401
32320
30402
32321
30403
32322
30404
32323
30405
32324
30406
32325
30407
32326
30408
32327
30409
32328
30410
32329
30411
32330
30412
32331
30413
32332
30414
32333
30415
32334
30416
32335
30417
32336
30418
32337
30419
32338
30420
32339
30421
32340
30422
32341
30423
32342
30424
32343
30425
32344
30426
32345
30427
32346
30428
32347
30429
32348
30430
32349
30431
32350
30432
32351
30433
32352
30434
32353
30435
32354
30436
32355
30437
32356
30438
32357
30439
32358
30440
32359
30441
32360
30442
32361
30443
32362
30444
32363
30445
32364
30446
32365
30447
32366
30448
32367
30449
32368
30450
32369
30451
32370
30452
32371
30453
32372
30454
32373
30455
32374
30456
32375
30457
32376
30458
32377
30459
32378
30460
32379
30461
32380
30462
32381
30463
32382
30464
32383
30465
32384
30466
32385
30467
32386
30468
32387
30469
32388
30470
32389
30471
32390
30472
32391
30473
32392
30474
32393
30475
32394
30476
32395
30477
32396
30478
32397
30479
32398
30480
32399
30481
32400
30482
32401
30483
32402
30484
32403
30485
32404
30486
32405
30487
32406
30488
32407
30489
32408
30490
32409
30491
32410
30492
32411
30493
32412
30494
32413
30495
32414
30496
32415
30497
32416
30498
32417
30499
32418
30500
32419
30501
32420
30502
32421
30503
32422
30504
32423
30505
32424
30506
32425
30507
32426
30508
32427
30509
32428
30510
32429
30511
32430
30512
32431
30513
32432
30514
32433
30515
32434
30516
32435
30517
32436
30518
32437
30519
32438
30520
32439
30521
32440
30522
32441
30523
32442
30524
32443
30525
32444
30526
32445
30527
32446
30528
32447
30529
32448
30530
32449
30531
32450
30532
32451
30533
32452
30534
32453
30535
32454
30536
32455
30537
32456
30538
32457
30539
32458
30540
32459
30541
32460
30542
32461
30543
32462
30544
32463
30545
32464
30546
32465
30547
32466
30548
32467
30549
32468
30550
32469
30551
32470
30552
32471
30553
32472
30554
32473
30555
32474
30556
32475
30557
32476
30558
32477
30559
32478
30560
32479
30561
32480
30562
32481
30563
32482
30564
32483
30565
32484
30566
32485
30567
32486
30568
32487
30569
32488
30570
32489
30571
32490
30572
32491
30573
32492
30574
32493
30575
32494
30576
32495
30577
32496
30578
32497
30579
32498
30580
32499
30581
32500
30582
32501
30583
32502
30584
32503
30585
32504
30586
32505
30587
32506
30588
32507
30589
32508
30590
32509
30591
32510
30592
32511
30593
32512
30594
32513
30595
32514
30596
32515
30597
32516
30598
32517
30599
32518
30600
32519
30601
32520
30602
32521
30603
32522
30604
32523
30605
32524
30606
32525
30607
32526
30608
32527
30609
32528
30610
32529
30611
32530
30612
32531
30613
32532
30614
32533
30615
32534
30616
32535
30617
32536
30618
32537
30619
32538
30620
32539
30621
32540
30622
32541
30623
32542
30624
32543
30625
32544
30626
32545
30627
32546
30628
32547
30629
32548
30630
32549
30631
32550
30632
32551
30633
32552
30634
32553
30635
32554
30636
32555
30637
32556
30638
32557
30639
32558
30640
32559
30641
32560
30642
32561
30643
32562
30644
32563
30645
32564
30646
32565
30647
32566
30648
32567
30649
32568
30650
32569
30651
32570
30652
32571
30653
32572
30654
32573
30655
32574
30656
32575
30657
32576
30658
32577
30659
32578
30660
32579
30661
32580
30662
32581
30663
32582
30664
32583
30665
32584
30666
32585
30667
32586
30668
32587
30669
32588
30670
32589
30671
32590
30672
32591
30673
32592
30674
32593
30675
32594
30676
32595
30677
32596
30678
32597
30679
32598
30680
32599
30681
32600
30682
32601
30683
32602
30684
32603
30685
32604
30686
32605
30687
32606
30688
32607
30689
32608
30690
32609
30691
32610
30692
32611
30693
32612
30694
32613
30695
32614
30696
32615
30697
32616
30698
32617
30699
32618
30700
32619
30701
32620
30702
32621
30703
32622
30704
32623
30705
32624
30706
32625
30707
32626
30708
32627
30709
32628
30710
32629
30711
32630
30712
32631
30713
32632
30714
32633
30715
32634
30716
32635
30717
32636
30718
32637
30719
32638
32639
30721
32640
30722
32641
30723
32642
30724
32643
30725
32644
30726
32645
30727
32646
30728
32647
30729
32648
30730
32649
30731
32650
30732
32651
30733
32652
30734
32653
30735
32654
30736
32655
30737
32656
30738
32657
30739
32658
30740
32659
30741
32660
30742
32661
30743
32662
30744
32663
30745
32664
30746
32665
30747
32666
30748
32667
30749
32668
30750
32669
30751
32670
30752
32671
30753
32672
30754
32673
30755
32674
30756
32675
30757
32676
30758
32677
30759
32678
30760
32679
30761
32680
30762
32681
30763
32682
30764
32683
30765
32684
30766
32685
30767
32686
30768
32687
30769
32688
30770
32689
30771
32690
30772
32691
30773
32692
30774
32693
30775
32694
30776
32695
30777
32696
30778
32697
30779
32698
30780
32699
30781
32700
30782
32701
30783
32702
30784
32703
30785
32704
30786
32705
30787
32706
30788
32707
30789
32708
30790
32709
30791
32710
30792
32711
30793
32712
30794
32713
30795
32714
30796
32715
30797
32716
30798
32717
30799
32718
30800
32719
30801
32720
30802
32721
30803
32722
30804
32723
30805
32724
30806
32725
30807
32726
30808
32727
30809
32728
30810
32729
30811
32730
30812
32731
30813
32732
30814
32733
30815
32734
30816
32735
30817
32736
30818
32737
30819
32738
30820
32739
30821
32740
30822
32741
30823
32742
30824
32743
30825
32744
30826
32745
30827
32746
30828
32747
30829
32748
30830
32749
30831
32750
30832
32751
30833
32752
30834
32753
30835
32754
30836
32755
30837
32756
30838
32757
30839
32758
30840
32759
30841
32760
30842
32761
30843
32762
30844
32763
30845
32764
30846
32765
30847
32766
30848
32767
30849
32768
30850
32769
30851
32770
30852
32771
30853
32772
30854
32773
30855
32774
30856
32775
30857
32776
30858
32777
30859
32778
30860
32779
30861
32780
30862
32781
30863
32782
30864
32783
30865
32784
30866
32785
30867
32786
30868
32787
30869
32788
30870
32789
30871
32790
30872
32791
30873
32792
30874
32793
30875
32794
30876
32795
30877
32796
30878
32797
30879
32798
30880
32799
30881
32800
30882
32801
30883
32802
30884
32803
30885
32804
30886
32805
30887
32806
30888
32807
30889
32808
30890
32809
30891
32810
30892
32811
30893
32812
30894
32813
30895
32814
30896
32815
30897
32816
30898
32817
30899
32818
30900
32819
30901
32820
30902
32821
30903
32822
30904
32823
30905
32824
30906
32825
30907
32826
30908
32827
30909
32828
30910
32829
30911
32830
30912
32831
30913
32832
30914
32833
30915
32834
30916
32835
30917
32836
30918
32837
30919
32838
30920
32839
30921
32840
30922
32841
30923
32842
30924
32843
30925
32844
30926
32845
30927
32846
30928
32847
30929
32848
30930
32849
30931
32850
30932
32851
30933
32852
30934
32853
30935
32854
30936
32855
30937
32856
30938
32857
30939
32858
30940
32859
30941
32860
30942
32861
30943
32862
30944
32863
30945
32864
30946
32865
30947
32866
30948
32867
30949
32868
30950
32869
30951
32870
30952
32871
30953
32872
30954
32873
30955
32874
30956
32875
30957
32876
30958
32877
30959
32878
30960
32879
30961
32880
30962
32881
30963
32882
30964
32883
30965
32884
30966
32885
30967
32886
30968
32887
30969
32888
30970
32889
30971
32890
30972
32891
30973
32892
30974
32893
30975
32894
30976
32895
30977
32896
30978
32897
30979
32898
30980
32899
30981
32900
30982
32901
30983
32902
30984
32903
30985
32904
30986
32905
30987
32906
30988
32907
30989
32908
30990
32909
30991
32910
30992
32911
30993
32912
30994
32913
30995
32914
30996
32915
30997
32916
30998
32917
30999
32918
31000
32919
31001
32920
31002
32921
31003
32922
31004
32923
31005
32924
31006
32925
31007
32926
31008
32927
31009
32928
31010
32929
31011
32930
31012
32931
31013
32932
31014
32933
31015
32934
31016
32935
31017
32936
31018
32937
31019
32938
31020
32939
31021
32940
31022
32941
31023
32942
31024
32943
31025
32944
31026
32945
31027
32946
31028
32947
31029
32948
31030
32949
31031
32950
31032
32951
31033
32952
31034
32953
31035
32954
31036
32955
31037
32956
31038
32957
31039
32958
31040
32959
31041
32960
31042
32961
31043
32962
31044
32963
31045
32964
31046
32965
31047
32966
31048
32967
31049
32968
31050
32969
31051
32970
31052
32971
31053
32972
31054
32973
31055
32974
31056
32975
31057
32976
31058
32977
31059
32978
31060
32979
31061
32980
31062
32981
31063
32982
31064
32983
31065
32984
31066
32985
31067
32986
31068
32987
31069
32988
31070
32989
31071
32990
31072
32991
31073
32992
31074
32993
31075
32994
31076
32995
31077
32996
31078
32997
31079
32998
31080
32999
31081
33000
31082
33001
31083
33002
31084
33003
31085
33004
31086
33005
31087
33006
31088
33007
31089
33008
31090
33009
31091
33010
31092
33011
31093
33012
31094
33013
31095
33014
31096
33015
31097
33016
31098
33017
31099
33018
31100
33019
31101
33020
31102
33021
31103
33022
31104
33023
31105
33024
31106
33025
31107
33026
31108
33027
31109
33028
31110
33029
31111
33030
31112
33031
31113
33032
31114
33033
31115
33034
31116
33035
31117
33036
31118
33037
31119
33038
31120
33039
31121
33040
31122
33041
31123
33042
31124
33043
31125
33044
31126
33045
31127
33046
31128
33047
31129
33048
31130
33049
31131
33050
31132
33051
31133
33052
31134
33053
31135
33054
31136
33055
31137
33056
31138
33057
31139
33058
31140
33059
31141
33060
31142
33061
31143
33062
31144
33063
31145
33064
31146
33065
31147
33066
31148
33067
31149
33068
31150
33069
31151
33070
31152
33071
31153
33072
31154
33073
31155
33074
31156
33075
31157
33076
31158
33077
31159
33078
31160
33079
31161
33080
31162
33081
31163
33082
31164
33083
31165
33084
31166
33085
31167
33086
31168
33087
31169
33088
31170
33089
31171
33090
31172
33091
31173
33092
31174
33093
31175
33094
31176
33095
31177
33096
31178
33097
31179
33098
31180
33099
31181
33100
31182
33101
31183
33102
31184
33103
31185
33104
31186
33105
31187
33106
31188
33107
31189
33108
31190
33109
31191
33110
31192
33111
31193
33112
31194
33113
31195
33114
31196
33115
31197
33116
31198
33117
31199
33118
31200
33119
31201
33120
31202
33121
31203
33122
31204
33123
31205
33124
31206
33125
31207
33126
31208
33127
31209
33128
31210
33129
31211
33130
31212
33131
31213
33132
31214
33133
31215
33134
31216
33135
31217
33136
31218
33137
31219
33138
31220
33139
31221
33140
31222
33141
31223
33142
31224
33143
31225
33144
31226
33145
31227
33146
31228
33147
31229
33148
31230
33149
31231
33150
31232
33151
31233
33152
31234
33153
31235
33154
31236
33155
31237
33156
31238
33157
31239
33158
31240
33159
31241
33160
31242
33161
31243
33162
31244
33163
31245
33164
31246
33165
31247
33166
31248
33167
31249
33168
31250
33169
31251
33170
31252
33171
31253
33172
31254
33173
31255
33174
31256
33175
31257
33176
31258
33177
31259
33178
31260
33179
31261
33180
31262
33181
31263
33182
31264
33183
31265
33184
31266
33185
31267
33186
31268
33187
31269
33188
31270
33189
31271
33190
31272
33191
31273
33192
31274
33193
31275
33194
31276
33195
31277
33196
31278
33197
31279
33198
31280
33199
31281
33200
31282
33201
31283
33202
31284
33203
31285
33204
31286
33205
31287
33206
31288
33207
31289
33208
31290
33209
31291
33210
31292
33211
31293
33212
31294
33213
31295
33214
31296
33215
31297
33216
31298
33217
31299
33218
31300
33219
31301
33220
31302
33221
31303
33222
31304
33223
31305
33224
31306
33225
31307
33226
31308
33227
31309
33228
31310
33229
31311
33230
31312
33231
31313
33232
31314
33233
31315
33234
31316
33235
31317
33236
31318
33237
31319
33238
31320
33239
31321
33240
31322
33241
31323
33242
31324
33243
31325
33244
31326
33245
31327
33246
31328
33247
31329
33248
31330
33249
31331
33250
31332
33251
31333
33252
31334
33253
31335
33254
31336
33255
31337
33256
31338
33257
31339
33258
31340
33259
31341
33260
31342
33261
31343
33262
31344
33263
31345
33264
31346
33265
31347
33266
31348
33267
31349
33268
31350
33269
31351
33270
31352
33271
31353
33272
31354
33273
31355
33274
31356
33275
31357
33276
31358
33277
31359
33278
31360
33279
31361
33280
31362
33281
31363
33282
31364
33283
31365
33284
31366
33285
31367
33286
31368
33287
31369
33288
31370
33289
31371
33290
31372
33291
31373
33292
31374
33293
31375
33294
31376
33295
31377
33296
31378
33297
31379
33298
31380
33299
31381
33300
31382
33301
31383
33302
31384
33303
31385
33304
31386
33305
31387
33306
31388
33307
31389
33308
31390
33309
31391
33310
31392
33311
31393
33312
31394
33313
31395
33314
31396
33315
31397
33316
31398
33317
31399
33318
31400
33319
31401
33320
31402
33321
31403
33322
31404
33323
31405
33324
31406
33325
31407
33326
31408
33327
31409
33328
31410
33329
31411
33330
31412
33331
31413
33332
31414
33333
31415
33334
31416
33335
31417
33336
31418
33337
31419
33338
31420
33339
31421
33340
31422
33341
31423
33342
31424
33343
31425
33344
31426
33345
31427
33346
31428
33347
31429
33348
31430
33349
31431
33350
31432
33351
31433
33352
31434
33353
31435
33354
31436
33355
31437
33356
31438
33357
31439
33358
31440
33359
31441
33360
31442
33361
31443
33362
31444
33363
31445
33364
31446
33365
31447
33366
31448
33367
31449
33368
31450
33369
31451
33370
31452
33371
31453
33372
31454
33373
31455
33374
31456
33375
31457
33376
31458
33377
31459
33378
31460
33379
31461
33380
31462
33381
31463
33382
31464
33383
31465
33384
31466
33385
31467
33386
31468
33387
31469
33388
31470
33389
31471
33390
31472
33391
31473
33392
31474
33393
31475
33394
31476
33395
31477
33396
31478
33397
31479
33398
31480
33399
31481
33400
31482
33401
31483
33402
31484
33403
31485
33404
31486
33405
31487
33406
31488
33407
31489
33408
31490
33409
31491
33410
31492
33411
31493
33412
31494
33413
31495
33414
31496
33415
31497
33416
31498
33417
31499
33418
31500
33419
31501
33420
31502
33421
31503
33422
31504
33423
31505
33424
31506
33425
31507
33426
31508
33427
31509
33428
31510
33429
31511
33430
31512
33431
31513
33432
31514
33433
31515
33434
31516
33435
31517
33436
31518
33437
31519
33438
31520
33439
31521
33440
31522
33441
31523
33442
31524
33443
31525
33444
31526
33445
31527
33446
31528
33447
31529
33448
31530
33449
31531
33450
31532
33451
31533
33452
31534
33453
31535
33454
31536
33455
31537
33456
31538
33457
31539
33458
31540
33459
31541
33460
31542
33461
31543
33462
31544
33463
31545
33464
31546
33465
31547
33466
31548
33467
31549
33468
31550
33469
31551
33470
31552
33471
31553
33472
31554
33473
31555
33474
31556
33475
31557
33476
31558
33477
31559
33478
31560
33479
31561
33480
31562
33481
31563
33482
31564
33483
31565
33484
31566
33485
31567
33486
31568
33487
31569
33488
31570
33489
31571
33490
31572
33491
31573
33492
31574
33493
31575
33494
31576
33495
31577
33496
31578
33497
31579
33498
31580
33499
31581
33500
31582
33501
31583
33502
31584
33503
31585
33504
31586
33505
31587
33506
31588
33507
31589
33508
31590
33509
31591
33510
31592
33511
31593
33512
31594
33513
31595
33514
31596
33515
31597
33516
31598
33517
31599
33518
31600
33519
31601
33520
31602
33521
31603
33522
31604
33523
31605
33524
31606
33525
31607
33526
31608
33527
31609
33528
31610
33529
31611
33530
31612
33531
31613
33532
31614
33533
31615
33534
31616
33535
31617
33536
31618
33537
31619
33538
31620
33539
31621
33540
31622
33541
31623
33542
31624
33543
31625
33544
31626
33545
31627
33546
31628
33547
31629
33548
31630
33549
31631
33550
31632
33551
31633
33552
31634
33553
31635
33554
31636
33555
31637
33556
31638
33557
31639
33558
31640
33559
31641
33560
31642
33561
31643
33562
31644
33563
31645
33564
31646
33565
31647
33566
31648
33567
31649
33568
31650
33569
31651
33570
31652
33571
31653
33572
31654
33573
31655
33574
31656
33575
31657
33576
31658
33577
31659
33578
31660
33579
31661
33580
31662
33581
31663
33582
31664
33583
31665
33584
31666
33585
31667
33586
31668
33587
31669
33588
31670
33589
31671
33590
31672
33591
31673
33592
31674
33593
31675
33594
31676
33595
31677
33596
31678
33597
31679
33598
31680
33599
31681
33600
31682
33601
31683
33602
31684
33603
31685
33604
31686
33605
31687
33606
31688
33607
31689
33608
31690
33609
31691
33610
31692
33611
31693
33612
31694
33613
31695
33614
31696
33615
31697
33616
31698
33617
31699
33618
31700
33619
31701
33620
31702
33621
31703
33622
31704
33623
31705
33624
31706
33625
31707
33626
31708
33627
31709
33628
31710
33629
31711
33630
31712
33631
31713
33632
31714
33633
31715
33634
31716
33635
31717
33636
31718
33637
31719
33638
31720
33639
31721
33640
31722
33641
31723
33642
31724
33643
31725
33644
31726
33645
31727
33646
31728
33647
31729
33648
31730
33649
31731
33650
31732
33651
31733
33652
31734
33653
31735
33654
31736
33655
31737
33656
31738
33657
31739
33658
31740
33659
31741
33660
31742
33661
31743
33662
31744
33663
31745
33664
31746
33665
31747
33666
31748
33667
31749
33668
31750
33669
31751
33670
31752
33671
31753
33672
31754
33673
31755
33674
31756
33675
31757
33676
31758
33677
31759
33678
31760
33679
31761
33680
31762
33681
31763
33682
31764
33683
31765
33684
31766
33685
31767
33686
31768
33687
31769
33688
31770
33689
31771
33690
31772
33691
31773
33692
31774
33693
31775
33694
31776
33695
31777
33696
31778
33697
31779
33698
31780
33699
31781
33700
31782
33701
31783
33702
31784
33703
31785
33704
31786
33705
31787
33706
31788
33707
31789
33708
31790
33709
31791
33710
31792
33711
31793
33712
31794
33713
31795
33714
31796
33715
31797
33716
31798
33717
31799
33718
31800
33719
31801
33720
31802
33721
31803
33722
31804
33723
31805
33724
31806
33725
31807
33726
31808
33727
31809
33728
31810
33729
31811
33730
31812
33731
31813
33732
31814
33733
31815
33734
31816
33735
31817
33736
31818
33737
31819
33738
31820
33739
31821
33740
31822
33741
31823
33742
31824
33743
31825
33744
31826
33745
31827
33746
31828
33747
31829
33748
31830
33749
31831
33750
31832
33751
31833
33752
31834
33753
31835
33754
31836
33755
31837
33756
31838
33757
31839
33758
31840
33759
31841
33760
31842
33761
31843
33762
31844
33763
31845
33764
31846
33765
31847
33766
31848
33767
31849
33768
31850
33769
31851
33770
31852
33771
31853
33772
31854
33773
31855
33774
31856
33775
31857
33776
31858
33777
31859
33778
31860
33779
31861
33780
31862
33781
31863
33782
31864
33783
31865
33784
31866
33785
31867
33786
31868
33787
31869
33788
31870
33789
31871
33790
31872
33791
31873
33792
31874
33793
31875
33794
31876
33795
31877
33796
31878
33797
31879
33798
31880
33799
31881
33800
31882
33801
31883
33802
31884
33803
31885
33804
31886
33805
31887
33806
31888
33807
31889
33808
31890
33809
31891
33810
31892
33811
31893
33812
31894
33813
31895
33814
31896
33815
31897
33816
31898
33817
31899
33818
31900
33819
31901
33820
31902
33821
31903
33822
31904
33823
31905
33824
31906
33825
31907
33826
31908
33827
31909
33828
31910
33829
31911
33830
31912
33831
31913
33832
31914
33833
31915
33834
31916
33835
31917
33836
31918
33837
31919
33838
31920
33839
31921
33840
31922
33841
31923
33842
31924
33843
31925
33844
31926
33845
31927
33846
31928
33847
31929
33848
31930
33849
31931
33850
31932
33851
31933
33852
31934
33853
31935
33854
31936
33855
31937
33856
31938
33857
31939
33858
31940
33859
31941
33860
31942
33861
31943
33862
31944
33863
31945
33864
31946
33865
31947
33866
31948
33867
31949
33868
31950
33869
31951
33870
31952
33871
31953
33872
31954
33873
31955
33874
31956
33875
31957
33876
31958
33877
31959
33878
31960
33879
31961
33880
31962
33881
31963
33882
31964
33883
31965
33884
31966
33885
31967
33886
31968
33887
31969
33888
31970
33889
31971
33890
31972
33891
31973
33892
31974
33893
31975
33894
31976
33895
31977
33896
31978
33897
31979
33898
31980
33899
31981
33900
31982
33901
31983
33902
31984
33903
31985
33904
31986
33905
31987
33906
31988
33907
31989
33908
31990
33909
31991
33910
31992
33911
31993
33912
31994
33913
31995
33914
31996
33915
31997
33916
31998
33917
31999
33918
32000
33919
32001
33920
32002
33921
32003
33922
32004
33923
32005
33924
32006
33925
32007
33926
32008
33927
32009
33928
32010
33929
32011
33930
32012
33931
32013
33932
32014
33933
32015
33934
32016
33935
32017
33936
32018
33937
32019
33938
32020
33939
32021
33940
32022
33941
32023
33942
32024
33943
32025
33944
32026
33945
32027
33946
32028
33947
32029
33948
32030
33949
32031
33950
32032
33951
32033
33952
32034
33953
32035
33954
32036
33955
32037
33956
32038
33957
32039
33958
32040
33959
32041
33960
32042
33961
32043
33962
32044
33963
32045
33964
32046
33965
32047
33966
32048
33967
32049
33968
32050
33969
32051
33970
32052
33971
32053
33972
32054
33973
32055
33974
32056
33975
32057
33976
32058
33977
32059
33978
32060
33979
32061
33980
32062
33981
32063
33982
32064
33983
32065
33984
32066
33985
32067
33986
32068
33987
32069
33988
32070
33989
32071
33990
32072
33991
32073
33992
32074
33993
32075
33994
32076
33995
32077
33996
32078
33997
32079
33998
32080
33999
32081
34000
32082
34001
32083
34002
32084
34003
32085
34004
32086
34005
32087
34006
32088
34007
32089
34008
32090
34009
32091
34010
32092
34011
32093
34012
32094
34013
32095
34014
32096
34015
32097
34016
32098
34017
32099
34018
32100
34019
32101
34020
32102
34021
32103
34022
32104
34023
32105
34024
32106
34025
32107
34026
32108
34027
32109
34028
32110
34029
32111
34030
32112
34031
32113
34032
32114
34033
32115
34034
32116
34035
32117
34036
32118
34037
32119
34038
32120
34039
32121
34040
32122
34041
32123
34042
32124
34043
32125
34044
32126
34045
32127
34046
32128
34047
32129
34048
32130
34049
32131
34050
32132
34051
32133
34052
32134
34053
32135
34054
32136
34055
32137
34056
32138
34057
32139
34058
32140
34059
32141
34060
32142
34061
32143
34062
32144
34063
32145
34064
32146
34065
32147
34066
32148
34067
32149
34068
32150
34069
32151
34070
32152
34071
32153
34072
32154
34073
32155
34074
32156
34075
32157
34076
32158
34077
32159
34078
32160
34079
32161
34080
32162
34081
32163
34082
32164
34083
32165
34084
32166
34085
32167
34086
32168
34087
32169
34088
32170
34089
32171
34090
32172
34091
32173
34092
32174
34093
32175
34094
32176
34095
32177
34096
32178
34097
32179
34098
32180
34099
32181
34100
32182
34101
32183
34102
32184
34103
32185
34104
32186
34105
32187
34106
32188
34107
32189
34108
32190
34109
32191
34110
32192
34111
32193
34112
32194
34113
32195
34114
32196
34115
32197
34116
32198
34117
32199
34118
32200
34119
32201
34120
32202
34121
32203
34122
32204
34123
32205
34124
32206
34125
32207
34126
32208
34127
32209
34128
32210
34129
32211
34130
32212
34131
32213
34132
32214
34133
32215
34134
32216
34135
32217
34136
32218
34137
32219
34138
32220
34139
32221
34140
32222
34141
32223
34142
32224
34143
32225
34144
32226
34145
32227
34146
32228
34147
32229
34148
32230
34149
32231
34150
32232
34151
32233
34152
32234
34153
32235
34154
32236
34155
32237
34156
32238
34157
32239
34158
32240
34159
32241
34160
32242
34161
32243
34162
32244
34163
32245
34164
32246
34165
32247
34166
32248
34167
32249
34168
32250
34169
32251
34170
32252
34171
32253
34172
32254
34173
32255
34174
32256
34175
32257
34176
32258
34177
32259
34178
32260
34179
32261
34180
32262
34181
32263
34182
32264
34183
32265
34184
32266
34185
32267
34186
32268
34187
32269
34188
32270
34189
32271
34190
32272
34191
32273
34192
32274
34193
32275
34194
32276
34195
32277
34196
32278
34197
32279
34198
32280
34199
32281
34200
32282
34201
32283
34202
32284
34203
32285
34204
32286
34205
32287
34206
32288
34207
32289
34208
32290
34209
32291
34210
32292
34211
32293
34212
32294
34213
32295
34214
32296
34215
32297
34216
32298
34217
32299
34218
32300
34219
32301
34220
32302
34221
32303
34222
32304
34223
32305
34224
32306
34225
32307
34226
32308
34227
32309
34228
32310
34229
32311
34230
32312
34231
32313
34232
32314
34233
32315
34234
32316
34235
32317
34236
32318
34237
32319
34238
32320
34239
32321
34240
32322
34241
32323
34242
32324
34243
32325
34244
32326
34245
32327
34246
32328
34247
32329
34248
32330
34249
32331
34250
32332
34251
32333
34252
32334
34253
32335
34254
32336
34255
32337
34256
32338
34257
32339
34258
32340
34259
32341
34260
32342
34261
32343
34262
32344
34263
32345
34264
32346
34265
32347
34266
32348
34267
32349
34268
32350
34269
32351
34270
32352
34271
32353
34272
32354
34273
32355
34274
32356
34275
32357
34276
32358
34277
32359
34278
32360
34279
32361
34280
32362
34281
32363
34282
32364
34283
32365
34284
32366
34285
32367
34286
32368
34287
32369
34288
32370
34289
32371
34290
32372
34291
32373
34292
32374
34293
32375
34294
32376
34295
32377
34296
32378
34297
32379
34298
32380
34299
32381
34300
32382
34301
32383
34302
32384
34303
32385
34304
32386
34305
32387
34306
32388
34307
32389
34308
32390
34309
32391
34310
32392
34311
32393
34312
32394
34313
32395
34314
32396
34315
32397
34316
32398
34317
32399
34318
32400
34319
32401
34320
32402
34321
32403
34322
32404
34323
32405
34324
32406
34325
32407
34326
32408
34327
32409
34328
32410
34329
32411
34330
32412
34331
32413
34332
32414
34333
32415
34334
32416
34335
32417
34336
32418
34337
32419
34338
32420
34339
32421
34340
32422
34341
32423
34342
32424
34343
32425
34344
32426
34345
32427
34346
32428
34347
32429
34348
32430
34349
32431
34350
32432
34351
32433
34352
32434
34353
32435
34354
32436
34355
32437
34356
32438
34357
32439
34358
32440
34359
32441
34360
32442
34361
32443
34362
32444
34363
32445
34364
32446
34365
32447
34366
32448
34367
32449
34368
32450
34369
32451
34370
32452
34371
32453
34372
32454
34373
32455
34374
32456
34375
32457
34376
32458
34377
32459
34378
32460
34379
32461
34380
32462
34381
32463
34382
32464
34383
32465
34384
32466
34385
32467
34386
32468
34387
32469
34388
32470
34389
32471
34390
32472
34391
32473
34392
32474
34393
32475
34394
32476
34395
32477
34396
32478
34397
32479
34398
32480
34399
32481
34400
32482
34401
32483
34402
32484
34403
32485
34404
32486
34405
32487
34406
32488
34407
32489
34408
32490
34409
32491
34410
32492
34411
32493
34412
32494
34413
32495
34414
32496
34415
32497
34416
32498
34417
32499
34418
32500
34419
32501
34420
32502
34421
32503
34422
32504
34423
32505
34424
32506
34425
32507
34426
32508
34427
32509
34428
32510
34429
32511
34430
32512
34431
32513
34432
32514
34433
32515
34434
32516
34435
32517
34436
32518
34437
32519
34438
32520
34439
32521
34440
32522
34441
32523
34442
32524
34443
32525
34444
32526
34445
32527
34446
32528
34447
32529
34448
32530
34449
32531
34450
32532
34451
32533
34452
32534
34453
32535
34454
32536
34455
32537
34456
32538
34457
32539
34458
32540
34459
32541
34460
32542
34461
32543
34462
32544
34463
32545
34464
32546
34465
32547
34466
32548
34467
32549
34468
32550
34469
32551
34470
32552
34471
32553
34472
32554
34473
32555
34474
32556
34475
32557
34476
32558
34477
32559
34478
32560
34479
32561
34480
32562
34481
32563
34482
32564
34483
32565
34484
32566
34485
32567
34486
32568
34487
32569
34488
32570
34489
32571
34490
32572
34491
32573
34492
32574
34493
32575
34494
32576
34495
32577
34496
32578
34497
32579
34498
32580
34499
32581
34500
32582
34501
32583
34502
32584
34503
32585
34504
32586
34505
32587
34506
32588
34507
32589
34508
32590
34509
32591
34510
32592
34511
32593
34512
32594
34513
32595
34514
32596
34515
32597
34516
32598
34517
32599
34518
32600
34519
32601
34520
32602
34521
32603
34522
32604
34523
32605
34524
32606
34525
32607
34526
32608
34527
32609
34528
32610
34529
32611
34530
32612
34531
32613
34532
32614
34533
32615
34534
32616
34535
32617
34536
32618
34537
32619
34538
32620
34539
32621
34540
32622
34541
32623
34542
32624
34543
32625
34544
32626
34545
32627
34546
32628
34547
32629
34548
32630
34549
32631
34550
32632
34551
32633
34552
32634
34553
32635
34554
32636
34555
32637
34556
32638
34557
32639
34558
34559
32641
34560
32642
34561
32643
34562
32644
34563
32645
34564
32646
34565
32647
34566
32648
34567
32649
34568
32650
34569
32651
34570
32652
34571
32653
34572
32654
34573
32655
34574
32656
34575
32657
34576
32658
34577
32659
34578
32660
34579
32661
34580
32662
34581
32663
34582
32664
34583
32665
34584
32666
34585
32667
34586
32668
34587
32669
34588
32670
34589
32671
34590
32672
34591
32673
34592
32674
34593
32675
34594
32676
34595
32677
34596
32678
34597
32679
34598
32680
34599
32681
34600
32682
34601
32683
34602
32684
34603
32685
34604
32686
34605
32687
34606
32688
34607
32689
34608
32690
34609
32691
34610
32692
34611
32693
34612
32694
34613
32695
34614
32696
34615
32697
34616
32698
34617
32699
34618
32700
34619
32701
34620
32702
34621
32703
34622
32704
34623
32705
34624
32706
34625
32707
34626
32708
34627
32709
34628
32710
34629
32711
34630
32712
34631
32713
34632
32714
34633
32715
34634
32716
34635
32717
34636
32718
34637
32719
34638
32720
34639
32721
34640
32722
34641
32723
34642
32724
34643
32725
34644
32726
34645
32727
34646
32728
34647
32729
34648
32730
34649
32731
34650
32732
34651
32733
34652
32734
34653
32735
34654
32736
34655
32737
34656
32738
34657
32739
34658
32740
34659
32741
34660
32742
34661
32743
34662
32744
34663
32745
34664
32746
34665
32747
34666
32748
34667
32749
34668
32750
34669
32751
34670
32752
34671
32753
34672
32754
34673
32755
34674
32756
34675
32757
34676
32758
34677
32759
34678
32760
34679
32761
34680
32762
34681
32763
34682
32764
34683
32765
34684
32766
34685
32767
34686
32768
34687
32769
34688
32770
34689
32771
34690
32772
34691
32773
34692
32774
34693
32775
34694
32776
34695
32777
34696
32778
34697
32779
34698
32780
34699
32781
34700
32782
34701
32783
34702
32784
34703
32785
34704
32786
34705
32787
34706
32788
34707
32789
34708
32790
34709
32791
34710
32792
34711
32793
34712
32794
34713
32795
34714
32796
34715
32797
34716
32798
34717
32799
34718
32800
34719
32801
34720
32802
34721
32803
34722
32804
34723
32805
34724
32806
34725
32807
34726
32808
34727
32809
34728
32810
34729
32811
34730
32812
34731
32813
34732
32814
34733
32815
34734
32816
34735
32817
34736
32818
34737
32819
34738
32820
34739
32821
34740
32822
34741
32823
34742
32824
34743
32825
34744
32826
34745
32827
34746
32828
34747
32829
34748
32830
34749
32831
34750
32832
34751
32833
34752
32834
34753
32835
34754
32836
34755
32837
34756
32838
34757
32839
34758
32840
34759
32841
34760
32842
34761
32843
34762
32844
34763
32845
34764
32846
34765
32847
34766
32848
34767
32849
34768
32850
34769
32851
34770
32852
34771
32853
34772
32854
34773
32855
34774
32856
34775
32857
34776
32858
34777
32859
34778
32860
34779
32861
34780
32862
34781
32863
34782
32864
34783
32865
34784
32866
34785
32867
34786
32868
34787
32869
34788
32870
34789
32871
34790
32872
34791
32873
34792
32874
34793
32875
34794
32876
34795
32877
34796
32878
34797
32879
34798
32880
34799
32881
34800
32882
34801
32883
34802
32884
34803
32885
34804
32886
34805
32887
34806
32888
34807
32889
34808
32890
34809
32891
34810
32892
34811
32893
34812
32894
34813
32895
34814
32896
34815
32897
34816
32898
34817
32899
34818
32900
34819
32901
34820
32902
34821
32903
34822
32904
34823
32905
34824
32906
34825
32907
34826
32908
34827
32909
34828
32910
34829
32911
34830
32912
34831
32913
34832
32914
34833
32915
34834
32916
34835
32917
34836
32918
34837
32919
34838
32920
34839
32921
34840
32922
34841
32923
34842
32924
34843
32925
34844
32926
34845
32927
34846
32928
34847
32929
34848
32930
34849
32931
34850
32932
34851
32933
34852
32934
34853
32935
34854
32936
34855
32937
34856
32938
34857
32939
34858
32940
34859
32941
34860
32942
34861
32943
34862
32944
34863
32945
34864
32946
34865
32947
34866
32948
34867
32949
34868
32950
34869
32951
34870
32952
34871
32953
34872
32954
34873
32955
34874
32956
34875
32957
34876
32958
34877
32959
34878
32960
34879
32961
34880
32962
34881
32963
34882
32964
34883
32965
34884
32966
34885
32967
34886
32968
34887
32969
34888
32970
34889
32971
34890
32972
34891
32973
34892
32974
34893
32975
34894
32976
34895
32977
34896
32978
34897
32979
34898
32980
34899
32981
34900
32982
34901
32983
34902
32984
34903
32985
34904
32986
34905
32987
34906
32988
34907
32989
34908
32990
34909
32991
34910
32992
34911
32993
34912
32994
34913
32995
34914
32996
34915
32997
34916
32998
34917
32999
34918
33000
34919
33001
34920
33002
34921
33003
34922
33004
34923
33005
34924
33006
34925
33007
34926
33008
34927
33009
34928
33010
34929
33011
34930
33012
34931
33013
34932
33014
34933
33015
34934
33016
34935
33017
34936
33018
34937
33019
34938
33020
34939
33021
34940
33022
34941
33023
34942
33024
34943
33025
34944
33026
34945
33027
34946
33028
34947
33029
34948
33030
34949
33031
34950
33032
34951
33033
34952
33034
34953
33035
34954
33036
34955
33037
34956
33038
34957
33039
34958
33040
34959
33041
34960
33042
34961
33043
34962
33044
34963
33045
34964
33046
34965
33047
34966
33048
34967
33049
34968
33050
34969
33051
34970
33052
34971
33053
34972
33054
34973
33055
34974
33056
34975
33057
34976
33058
34977
33059
34978
33060
34979
33061
34980
33062
34981
33063
34982
33064
34983
33065
34984
33066
34985
33067
34986
33068
34987
33069
34988
33070
34989
33071
34990
33072
34991
33073
34992
33074
34993
33075
34994
33076
34995
33077
34996
33078
34997
33079
34998
33080
34999
33081
35000
33082
35001
33083
35002
33084
35003
33085
35004
33086
35005
33087
35006
33088
35007
33089
35008
33090
35009
33091
35010
33092
35011
33093
35012
33094
35013
33095
35014
33096
35015
33097
35016
33098
35017
33099
35018
33100
35019
33101
35020
33102
35021
33103
35022
33104
35023
33105
35024
33106
35025
33107
35026
33108
35027
33109
35028
33110
35029
33111
35030
33112
35031
33113
35032
33114
35033
33115
35034
33116
35035
33117
35036
33118
35037
33119
35038
33120
35039
33121
35040
33122
35041
33123
35042
33124
35043
33125
35044
33126
35045
33127
35046
33128
35047
33129
35048
33130
35049
33131
35050
33132
35051
33133
35052
33134
35053
33135
35054
33136
35055
33137
35056
33138
35057
33139
35058
33140
35059
33141
35060
33142
35061
33143
35062
33144
35063
33145
35064
33146
35065
33147
35066
33148
35067
33149
35068
33150
35069
33151
35070
33152
35071
33153
35072
33154
35073
33155
35074
33156
35075
33157
35076
33158
35077
33159
35078
33160
35079
33161
35080
33162
35081
33163
35082
33164
35083
33165
35084
33166
35085
33167
35086
33168
35087
33169
35088
33170
35089
33171
35090
33172
35091
33173
35092
33174
35093
33175
35094
33176
35095
33177
35096
33178
35097
33179
35098
33180
35099
33181
35100
33182
35101
33183
35102
33184
35103
33185
35104
33186
35105
33187
35106
33188
35107
33189
35108
33190
35109
33191
35110
33192
35111
33193
35112
33194
35113
33195
35114
33196
35115
33197
35116
33198
35117
33199
35118
33200
35119
33201
35120
33202
35121
33203
35122
33204
35123
33205
35124
33206
35125
33207
35126
33208
35127
33209
35128
33210
35129
33211
35130
33212
35131
33213
35132
33214
35133
33215
35134
33216
35135
33217
35136
33218
35137
33219
35138
33220
35139
33221
35140
33222
35141
33223
35142
33224
35143
33225
35144
33226
35145
33227
35146
33228
35147
33229
35148
33230
35149
33231
35150
33232
35151
33233
35152
33234
35153
33235
35154
33236
35155
33237
35156
33238
35157
33239
35158
33240
35159
33241
35160
33242
35161
33243
35162
33244
35163
33245
35164
33246
35165
33247
35166
33248
35167
33249
35168
33250
35169
33251
35170
33252
35171
33253
35172
33254
35173
33255
35174
33256
35175
33257
35176
33258
35177
33259
35178
33260
35179
33261
35180
33262
35181
33263
35182
33264
35183
33265
35184
33266
35185
33267
35186
33268
35187
33269
35188
33270
35189
33271
35190
33272
35191
33273
35192
33274
35193
33275
35194
33276
35195
33277
35196
33278
35197
33279
35198
33280
35199
33281
35200
33282
35201
33283
35202
33284
35203
33285
35204
33286
35205
33287
35206
33288
35207
33289
35208
33290
35209
33291
35210
33292
35211
33293
35212
33294
35213
33295
35214
33296
35215
33297
35216
33298
35217
33299
35218
33300
35219
33301
35220
33302
35221
33303
35222
33304
35223
33305
35224
33306
35225
33307
35226
33308
35227
33309
35228
33310
35229
33311
35230
33312
35231
33313
35232
33314
35233
33315
35234
33316
35235
33317
35236
33318
35237
33319
35238
33320
35239
33321
35240
33322
35241
33323
35242
33324
35243
33325
35244
33326
35245
33327
35246
33328
35247
33329
35248
33330
35249
33331
35250
33332
35251
33333
35252
33334
35253
33335
35254
33336
35255
33337
35256
33338
35257
33339
35258
33340
35259
33341
35260
33342
35261
33343
35262
33344
35263
33345
35264
33346
35265
33347
35266
33348
35267
33349
35268
33350
35269
33351
35270
33352
35271
33353
35272
33354
35273
33355
35274
33356
35275
33357
35276
33358
35277
33359
35278
33360
35279
33361
35280
33362
35281
33363
35282
33364
35283
33365
35284
33366
35285
33367
35286
33368
35287
33369
35288
33370
35289
33371
35290
33372
35291
33373
35292
33374
35293
33375
35294
33376
35295
33377
35296
33378
35297
33379
35298
33380
35299
33381
35300
33382
35301
33383
35302
33384
35303
33385
35304
33386
35305
33387
35306
33388
35307
33389
35308
33390
35309
33391
35310
33392
35311
33393
35312
33394
35313
33395
35314
33396
35315
33397
35316
33398
35317
33399
35318
33400
35319
33401
35320
33402
35321
33403
35322
33404
35323
33405
35324
33406
35325
33407
35326
33408
35327
33409
35328
33410
35329
33411
35330
33412
35331
33413
35332
33414
35333
33415
35334
33416
35335
33417
35336
33418
35337
33419
35338
33420
35339
33421
35340
33422
35341
33423
35342
33424
35343
33425
35344
33426
35345
33427
35346
33428
35347
33429
35348
33430
35349
33431
35350
33432
35351
33433
35352
33434
35353
33435
35354
33436
35355
33437
35356
33438
35357
33439
35358
33440
35359
33441
35360
33442
35361
33443
35362
33444
35363
33445
35364
33446
35365
33447
35366
33448
35367
33449
35368
33450
35369
33451
35370
33452
35371
33453
35372
33454
35373
33455
35374
33456
35375
33457
35376
33458
35377
33459
35378
33460
35379
33461
35380
33462
35381
33463
35382
33464
35383
33465
35384
33466
35385
33467
35386
33468
35387
33469
35388
33470
35389
33471
35390
33472
35391
33473
35392
33474
35393
33475
35394
33476
35395
33477
35396
33478
35397
33479
35398
33480
35399
33481
35400
33482
35401
33483
35402
33484
35403
33485
35404
33486
35405
33487
35406
33488
35407
33489
35408
33490
35409
33491
35410
33492
35411
33493
35412
33494
35413
33495
35414
33496
35415
33497
35416
33498
35417
33499
35418
33500
35419
33501
35420
33502
35421
33503
35422
33504
35423
33505
35424
33506
35425
33507
35426
33508
35427
33509
35428
33510
35429
33511
35430
33512
35431
33513
35432
33514
35433
33515
35434
33516
35435
33517
35436
33518
35437
33519
35438
33520
35439
33521
35440
33522
35441
33523
35442
33524
35443
33525
35444
33526
35445
33527
35446
33528
35447
33529
35448
33530
35449
33531
35450
33532
35451
33533
35452
33534
35453
33535
35454
33536
35455
33537
35456
33538
35457
33539
35458
33540
35459
33541
35460
33542
35461
33543
35462
33544
35463
33545
35464
33546
35465
33547
35466
33548
35467
33549
35468
33550
35469
33551
35470
33552
35471
33553
35472
33554
35473
33555
35474
33556
35475
33557
35476
33558
35477
33559
35478
33560
35479
33561
35480
33562
35481
33563
35482
33564
35483
33565
35484
33566
35485
33567
35486
33568
35487
33569
35488
33570
35489
33571
35490
33572
35491
33573
35492
33574
35493
33575
35494
33576
35495
33577
35496
33578
35497
33579
35498
33580
35499
33581
35500
33582
35501
33583
35502
33584
35503
33585
35504
33586
35505
33587
35506
33588
35507
33589
35508
33590
35509
33591
35510
33592
35511
33593
35512
33594
35513
33595
35514
33596
35515
33597
35516
33598
35517
33599
35518
33600
35519
33601
35520
33602
35521
33603
35522
33604
35523
33605
35524
33606
35525
33607
35526
33608
35527
33609
35528
33610
35529
33611
35530
33612
35531
33613
35532
33614
35533
33615
35534
33616
35535
33617
35536
33618
35537
33619
35538
33620
35539
33621
35540
33622
35541
33623
35542
33624
35543
33625
35544
33626
35545
33627
35546
33628
35547
33629
35548
33630
35549
33631
35550
33632
35551
33633
35552
33634
35553
33635
35554
33636
35555
33637
35556
33638
35557
33639
35558
33640
35559
33641
35560
33642
35561
33643
35562
33644
35563
33645
35564
33646
35565
33647
35566
33648
35567
33649
35568
33650
35569
33651
35570
33652
35571
33653
35572
33654
35573
33655
35574
33656
35575
33657
35576
33658
35577
33659
35578
33660
35579
33661
35580
33662
35581
33663
35582
33664
35583
33665
35584
33666
35585
33667
35586
33668
35587
33669
35588
33670
35589
33671
35590
33672
35591
33673
35592
33674
35593
33675
35594
33676
35595
33677
35596
33678
35597
33679
35598
33680
35599
33681
35600
33682
35601
33683
35602
33684
35603
33685
35604
33686
35605
33687
35606
33688
35607
33689
35608
33690
35609
33691
35610
33692
35611
33693
35612
33694
35613
33695
35614
33696
35615
33697
35616
33698
35617
33699
35618
33700
35619
33701
35620
33702
35621
33703
35622
33704
35623
33705
35624
33706
35625
33707
35626
33708
35627
33709
35628
33710
35629
33711
35630
33712
35631
33713
35632
33714
35633
33715
35634
33716
35635
33717
35636
33718
35637
33719
35638
33720
35639
33721
35640
33722
35641
33723
35642
33724
35643
33725
35644
33726
35645
33727
35646
33728
35647
33729
35648
33730
35649
33731
35650
33732
35651
33733
35652
33734
35653
33735
35654
33736
35655
33737
35656
33738
35657
33739
35658
33740
35659
33741
35660
33742
35661
33743
35662
33744
35663
33745
35664
33746
35665
33747
35666
33748
35667
33749
35668
33750
35669
33751
35670
33752
35671
33753
35672
33754
35673
33755
35674
33756
35675
33757
35676
33758
35677
33759
35678
33760
35679
33761
35680
33762
35681
33763
35682
33764
35683
33765
35684
33766
35685
33767
35686
33768
35687
33769
35688
33770
35689
33771
35690
33772
35691
33773
35692
33774
35693
33775
35694
33776
35695
33777
35696
33778
35697
33779
35698
33780
35699
33781
35700
33782
35701
33783
35702
33784
35703
33785
35704
33786
35705
33787
35706
33788
35707
33789
35708
33790
35709
33791
35710
33792
35711
33793
35712
33794
35713
33795
35714
33796
35715
33797
35716
33798
35717
33799
35718
33800
35719
33801
35720
33802
35721
33803
35722
33804
35723
33805
35724
33806
35725
33807
35726
33808
35727
33809
35728
33810
35729
33811
35730
33812
35731
33813
35732
33814
35733
33815
35734
33816
35735
33817
35736
33818
35737
33819
35738
33820
35739
33821
35740
33822
35741
33823
35742
33824
35743
33825
35744
33826
35745
33827
35746
33828
35747
33829
35748
33830
35749
33831
35750
33832
35751
33833
35752
33834
35753
33835
35754
33836
35755
33837
35756
33838
35757
33839
35758
33840
35759
33841
35760
33842
35761
33843
35762
33844
35763
33845
35764
33846
35765
33847
35766
33848
35767
33849
35768
33850
35769
33851
35770
33852
35771
33853
35772
33854
35773
33855
35774
33856
35775
33857
35776
33858
35777
33859
35778
33860
35779
33861
35780
33862
35781
33863
35782
33864
35783
33865
35784
33866
35785
33867
35786
33868
35787
33869
35788
33870
35789
33871
35790
33872
35791
33873
35792
33874
35793
33875
35794
33876
35795
33877
35796
33878
35797
33879
35798
33880
35799
33881
35800
33882
35801
33883
35802
33884
35803
33885
35804
33886
35805
33887
35806
33888
35807
33889
35808
33890
35809
33891
35810
33892
35811
33893
35812
33894
35813
33895
35814
33896
35815
33897
35816
33898
35817
33899
35818
33900
35819
33901
35820
33902
35821
33903
35822
33904
35823
33905
35824
33906
35825
33907
35826
33908
35827
33909
35828
33910
35829
33911
35830
33912
35831
33913
35832
33914
35833
33915
35834
33916
35835
33917
35836
33918
35837
33919
35838
33920
35839
33921
35840
33922
35841
33923
35842
33924
35843
33925
35844
33926
35845
33927
35846
33928
35847
33929
35848
33930
35849
33931
35850
33932
35851
33933
35852
33934
35853
33935
35854
33936
35855
33937
35856
33938
35857
33939
35858
33940
35859
33941
35860
33942
35861
33943
35862
33944
35863
33945
35864
33946
35865
33947
35866
33948
35867
33949
35868
33950
35869
33951
35870
33952
35871
33953
35872
33954
35873
33955
35874
33956
35875
33957
35876
33958
35877
33959
35878
33960
35879
33961
35880
33962
35881
33963
35882
33964
35883
33965
35884
33966
35885
33967
35886
33968
35887
33969
35888
33970
35889
33971
35890
33972
35891
33973
35892
33974
35893
33975
35894
33976
35895
33977
35896
33978
35897
33979
35898
33980
35899
33981
35900
33982
35901
33983
35902
33984
35903
33985
35904
33986
35905
33987
35906
33988
35907
33989
35908
33990
35909
33991
35910
33992
35911
33993
35912
33994
35913
33995
35914
33996
35915
33997
35916
33998
35917
33999
35918
34000
35919
34001
35920
34002
35921
34003
35922
34004
35923
34005
35924
34006
35925
34007
35926
34008
35927
34009
35928
34010
35929
34011
35930
34012
35931
34013
35932
34014
35933
34015
35934
34016
35935
34017
35936
34018
35937
34019
35938
34020
35939
34021
35940
34022
35941
34023
35942
34024
35943
34025
35944
34026
35945
34027
35946
34028
35947
34029
35948
34030
35949
34031
35950
34032
35951
34033
35952
34034
35953
34035
35954
34036
35955
34037
35956
34038
35957
34039
35958
34040
35959
34041
35960
34042
35961
34043
35962
34044
35963
34045
35964
34046
35965
34047
35966
34048
35967
34049
35968
34050
35969
34051
35970
34052
35971
34053
35972
34054
35973
34055
35974
34056
35975
34057
35976
34058
35977
34059
35978
34060
35979
34061
35980
34062
35981
34063
35982
34064
35983
34065
35984
34066
35985
34067
35986
34068
35987
34069
35988
34070
35989
34071
35990
34072
35991
34073
35992
34074
35993
34075
35994
34076
35995
34077
35996
34078
35997
34079
35998
34080
35999
34081
36000
34082
36001
34083
36002
34084
36003
34085
36004
34086
36005
34087
36006
34088
36007
34089
36008
34090
36009
34091
36010
34092
36011
34093
36012
34094
36013
34095
36014
34096
36015
34097
36016
34098
36017
34099
36018
34100
36019
34101
36020
34102
36021
34103
36022
34104
36023
34105
36024
34106
36025
34107
36026
34108
36027
34109
36028
34110
36029
34111
36030
34112
36031
34113
36032
34114
36033
34115
36034
34116
36035
34117
36036
34118
36037
34119
36038
34120
36039
34121
36040
34122
36041
34123
36042
34124
36043
34125
36044
34126
36045
34127
36046
34128
36047
34129
36048
34130
36049
34131
36050
34132
36051
34133
36052
34134
36053
34135
36054
34136
36055
34137
36056
34138
36057
34139
36058
34140
36059
34141
36060
34142
36061
34143
36062
34144
36063
34145
36064
34146
36065
34147
36066
34148
36067
34149
36068
34150
36069
34151
36070
34152
36071
34153
36072
34154
36073
34155
36074
34156
36075
34157
36076
34158
36077
34159
36078
34160
36079
34161
36080
34162
36081
34163
36082
34164
36083
34165
36084
34166
36085
34167
36086
34168
36087
34169
36088
34170
36089
34171
36090
34172
36091
34173
36092
34174
36093
34175
36094
34176
36095
34177
36096
34178
36097
34179
36098
34180
36099
34181
36100
34182
36101
34183
36102
34184
36103
34185
36104
34186
36105
34187
36106
34188
36107
34189
36108
34190
36109
34191
36110
34192
36111
34193
36112
34194
36113
34195
36114
34196
36115
34197
36116
34198
36117
34199
36118
34200
36119
34201
36120
34202
36121
34203
36122
34204
36123
34205
36124
34206
36125
34207
36126
34208
36127
34209
36128
34210
36129
34211
36130
34212
36131
34213
36132
34214
36133
34215
36134
34216
36135
34217
36136
34218
36137
34219
36138
34220
36139
34221
36140
34222
36141
34223
36142
34224
36143
34225
36144
34226
36145
34227
36146
34228
36147
34229
36148
34230
36149
34231
36150
34232
36151
34233
36152
34234
36153
34235
36154
34236
36155
34237
36156
34238
36157
34239
36158
34240
36159
34241
36160
34242
36161
34243
36162
34244
36163
34245
36164
34246
36165
34247
36166
34248
36167
34249
36168
34250
36169
34251
36170
34252
36171
34253
36172
34254
36173
34255
36174
34256
36175
34257
36176
34258
36177
34259
36178
34260
36179
34261
36180
34262
36181
34263
36182
34264
36183
34265
36184
34266
36185
34267
36186
34268
36187
34269
36188
34270
36189
34271
36190
34272
36191
34273
36192
34274
36193
34275
36194
34276
36195
34277
36196
34278
36197
34279
36198
34280
36199
34281
36200
34282
36201
34283
36202
34284
36203
34285
36204
34286
36205
34287
36206
34288
36207
34289
36208
34290
36209
34291
36210
34292
36211
34293
36212
34294
36213
34295
36214
34296
36215
34297
36216
34298
36217
34299
36218
34300
36219
34301
36220
34302
36221
34303
36222
34304
36223
34305
36224
34306
36225
34307
36226
34308
36227
34309
36228
34310
36229
34311
36230
34312
36231
34313
36232
34314
36233
34315
36234
34316
36235
34317
36236
34318
36237
34319
36238
34320
36239
34321
36240
34322
36241
34323
36242
34324
36243
34325
36244
34326
36245
34327
36246
34328
36247
34329
36248
34330
36249
34331
36250
34332
36251
34333
36252
34334
36253
34335
36254
34336
36255
34337
36256
34338
36257
34339
36258
34340
36259
34341
36260
34342
36261
34343
36262
34344
36263
34345
36264
34346
36265
34347
36266
34348
36267
34349
36268
34350
36269
34351
36270
34352
36271
34353
36272
34354
36273
34355
36274
34356
36275
34357
36276
34358
36277
34359
36278
34360
36279
34361
36280
34362
36281
34363
36282
34364
36283
34365
36284
34366
36285
34367
36286
34368
36287
34369
36288
34370
36289
34371
36290
34372
36291
34373
36292
34374
36293
34375
36294
34376
36295
34377
36296
34378
36297
34379
36298
34380
36299
34381
36300
34382
36301
34383
36302
34384
36303
34385
36304
34386
36305
34387
36306
34388
36307
34389
36308
34390
36309
34391
36310
34392
36311
34393
36312
34394
36313
34395
36314
34396
36315
34397
36316
34398
36317
34399
36318
34400
36319
34401
36320
34402
36321
34403
36322
34404
36323
34405
36324
34406
36325
34407
36326
34408
36327
34409
36328
34410
36329
34411
36330
34412
36331
34413
36332
34414
36333
34415
36334
34416
36335
34417
36336
34418
36337
34419
36338
34420
36339
34421
36340
34422
36341
34423
36342
34424
36343
34425
36344
34426
36345
34427
36346
34428
36347
34429
36348
34430
36349
34431
36350
34432
36351
34433
36352
34434
36353
34435
36354
34436
36355
34437
36356
34438
36357
34439
36358
34440
36359
34441
36360
34442
36361
34443
36362
34444
36363
34445
36364
34446
36365
34447
36366
34448
36367
34449
36368
34450
36369
34451
36370
34452
36371
34453
36372
34454
36373
34455
36374
34456
36375
34457
36376
34458
36377
34459
36378
34460
36379
34461
36380
34462
36381
34463
36382
34464
36383
34465
36384
34466
36385
34467
36386
34468
36387
34469
36388
34470
36389
34471
36390
34472
36391
34473
36392
34474
36393
34475
36394
34476
36395
34477
36396
34478
36397
34479
36398
34480
36399
34481
36400
34482
36401
34483
36402
34484
36403
34485
36404
34486
36405
34487
36406
34488
36407
34489
36408
34490
36409
34491
36410
34492
36411
34493
36412
34494
36413
34495
36414
34496
36415
34497
36416
34498
36417
34499
36418
34500
36419
34501
36420
34502
36421
34503
36422
34504
36423
34505
36424
34506
36425
34507
36426
34508
36427
34509
36428
34510
36429
34511
36430
34512
36431
34513
36432
34514
36433
34515
36434
34516
36435
34517
36436
34518
36437
34519
36438
34520
36439
34521
36440
34522
36441
34523
36442
34524
36443
34525
36444
34526
36445
34527
36446
34528
36447
34529
36448
34530
36449
34531
36450
34532
36451
34533
36452
34534
36453
34535
36454
34536
36455
34537
36456
34538
36457
34539
36458
34540
36459
34541
36460
34542
36461
34543
36462
34544
36463
34545
36464
34546
36465
34547
36466
34548
36467
34549
36468
34550
36469
34551
36470
34552
36471
34553
36472
34554
36473
34555
36474
34556
36475
34557
36476
34558
36477
34559
36478
36479
34561
36480
34562
36481
34563
36482
34564
36483
34565
36484
34566
36485
34567
36486
34568
36487
34569
36488
34570
36489
34571
36490
34572
36491
34573
36492
34574
36493
34575
36494
34576
36495
34577
36496
34578
36497
34579
36498
34580
36499
34581
36500
34582
36501
34583
36502
34584
36503
34585
36504
34586
36505
34587
36506
34588
36507
34589
36508
34590
36509
34591
36510
34592
36511
34593
36512
34594
36513
34595
36514
34596
36515
34597
36516
34598
36517
34599
36518
34600
36519
34601
36520
34602
36521
34603
36522
34604
36523
34605
36524
34606
36525
34607
36526
34608
36527
34609
36528
34610
36529
34611
36530
34612
36531
34613
36532
34614
36533
34615
36534
34616
36535
34617
36536
34618
36537
34619
36538
34620
36539
34621
36540
34622
36541
34623
36542
34624
36543
34625
36544
34626
36545
34627
36546
34628
36547
34629
36548
34630
36549
34631
36550
34632
36551
34633
36552
34634
36553
34635
36554
34636
36555
34637
36556
34638
36557
34639
36558
34640
36559
34641
36560
34642
36561
34643
36562
34644
36563
34645
36564
34646
36565
34647
36566
34648
36567
34649
36568
34650
36569
34651
36570
34652
36571
34653
36572
34654
36573
34655
36574
34656
36575
34657
36576
34658
36577
34659
36578
34660
36579
34661
36580
34662
36581
34663
36582
34664
36583
34665
36584
34666
36585
34667
36586
34668
36587
34669
36588
34670
36589
34671
36590
34672
36591
34673
36592
34674
36593
34675
36594
34676
36595
34677
36596
34678
36597
34679
36598
34680
36599
34681
36600
34682
36601
34683
36602
34684
36603
34685
36604
34686
36605
34687
36606
34688
36607
34689
36608
34690
36609
34691
36610
34692
36611
34693
36612
34694
36613
34695
36614
34696
36615
34697
36616
34698
36617
34699
36618
34700
36619
34701
36620
34702
36621
34703
36622
34704
36623
34705
36624
34706
36625
34707
36626
34708
36627
34709
36628
34710
36629
34711
36630
34712
36631
34713
36632
34714
36633
34715
36634
34716
36635
34717
36636
34718
36637
34719
36638
34720
36639
34721
36640
34722
36641
34723
36642
34724
36643
34725
36644
34726
36645
34727
36646
34728
36647
34729
36648
34730
36649
34731
36650
34732
36651
34733
36652
34734
36653
34735
36654
34736
36655
34737
36656
34738
36657
34739
36658
34740
36659
34741
36660
34742
36661
34743
36662
34744
36663
34745
36664
34746
36665
34747
36666
34748
36667
34749
36668
34750
36669
34751
36670
34752
36671
34753
36672
34754
36673
34755
36674
34756
36675
34757
36676
34758
36677
34759
36678
34760
36679
34761
36680
34762
36681
34763
36682
34764
36683
34765
36684
34766
36685
34767
36686
34768
36687
34769
36688
34770
36689
34771
36690
34772
36691
34773
36692
34774
36693
34775
36694
34776
36695
34777
36696
34778
36697
34779
36698
34780
36699
34781
36700
34782
36701
34783
36702
34784
36703
34785
36704
34786
36705
34787
36706
34788
36707
34789
36708
34790
36709
34791
36710
34792
36711
34793
36712
34794
36713
34795
36714
34796
36715
34797
36716
34798
36717
34799
36718
34800
36719
34801
36720
34802
36721
34803
36722
34804
36723
34805
36724
34806
36725
34807
36726
34808
36727
34809
36728
34810
36729
34811
36730
34812
36731
34813
36732
34814
36733
34815
36734
34816
36735
34817
36736
34818
36737
34819
36738
34820
36739
34821
36740
34822
36741
34823
36742
34824
36743
34825
36744
34826
36745
34827
36746
34828
36747
34829
36748
34830
36749
34831
36750
34832
36751
34833
36752
34834
36753
34835
36754
34836
36755
34837
36756
34838
36757
34839
36758
34840
36759
34841
36760
34842
36761
34843
36762
34844
36763
34845
36764
34846
36765
34847
36766
34848
36767
34849
36768
34850
36769
34851
36770
34852
36771
34853
36772
34854
36773
34855
36774
34856
36775
34857
36776
34858
36777
34859
36778
34860
36779
34861
36780
34862
36781
34863
36782
34864
36783
34865
36784
34866
36785
34867
36786
34868
36787
34869
36788
34870
36789
34871
36790
34872
36791
34873
36792
34874
36793
34875
36794
34876
36795
34877
36796
34878
36797
34879
36798
34880
36799
34881
36800
34882
36801
34883
36802
34884
36803
34885
36804
34886
36805
34887
36806
34888
36807
34889
36808
34890
36809
34891
36810
34892
36811
34893
36812
34894
36813
34895
36814
34896
36815
34897
36816
34898
36817
34899
36818
34900
36819
34901
36820
34902
36821
34903
36822
34904
36823
34905
36824
34906
36825
34907
36826
34908
36827
34909
36828
34910
36829
34911
36830
34912
36831
34913
36832
34914
36833
34915
36834
34916
36835
34917
36836
34918
36837
34919
36838
34920
36839
34921
36840
34922
36841
34923
36842
34924
36843
34925
36844
34926
36845
34927
36846
34928
36847
34929
36848
34930
36849
34931
36850
34932
36851
34933
36852
34934
36853
34935
36854
34936
36855
34937
36856
34938
36857
34939
36858
34940
36859
34941
36860
34942
36861
34943
36862
34944
36863
34945
36864
34946
36865
34947
36866
34948
36867
34949
36868
34950
36869
34951
36870
34952
36871
34953
36872
34954
36873
34955
36874
34956
36875
34957
36876
34958
36877
34959
36878
34960
36879
34961
36880
34962
36881
34963
36882
34964
36883
34965
36884
34966
36885
34967
36886
34968
36887
34969
36888
34970
36889
34971
36890
34972
36891
34973
36892
34974
36893
34975
36894
34976
36895
34977
36896
34978
36897
34979
36898
34980
36899
34981
36900
34982
36901
34983
36902
34984
36903
34985
36904
34986
36905
34987
36906
34988
36907
34989
36908
34990
36909
34991
36910
34992
36911
34993
36912
34994
36913
34995
36914
34996
36915
34997
36916
34998
36917
34999
36918
35000
36919
35001
36920
35002
36921
35003
36922
35004
36923
35005
36924
35006
36925
35007
36926
35008
36927
35009
36928
35010
36929
35011
36930
35012
36931
35013
36932
35014
36933
35015
36934
35016
36935
35017
36936
35018
36937
35019
36938
35020
36939
35021
36940
35022
36941
35023
36942
35024
36943
35025
36944
35026
36945
35027
36946
35028
36947
35029
36948
35030
36949
35031
36950
35032
36951
35033
36952
35034
36953
35035
36954
35036
36955
35037
36956
35038
36957
35039
36958
35040
36959
35041
36960
35042
36961
35043
36962
35044
36963
35045
36964
35046
36965
35047
36966
35048
36967
35049
36968
35050
36969
35051
36970
35052
36971
35053
36972
35054
36973
35055
36974
35056
36975
35057
36976
35058
36977
35059
36978
35060
36979
35061
36980
35062
36981
35063
36982
35064
36983
35065
36984
35066
36985
35067
36986
35068
36987
35069
36988
35070
36989
35071
36990
35072
36991
35073
36992
35074
36993
35075
36994
35076
36995
35077
36996
35078
36997
35079
36998
35080
36999
35081
37000
35082
37001
35083
37002
35084
37003
35085
37004
35086
37005
35087
37006
35088
37007
35089
37008
35090
37009
35091
37010
35092
37011
35093
37012
35094
37013
35095
37014
35096
37015
35097
37016
35098
37017
35099
37018
35100
37019
35101
37020
35102
37021
35103
37022
35104
37023
35105
37024
35106
37025
35107
37026
35108
37027
35109
37028
35110
37029
35111
37030
35112
37031
35113
37032
35114
37033
35115
37034
35116
37035
35117
37036
35118
37037
35119
37038
35120
37039
35121
37040
35122
37041
35123
37042
35124
37043
35125
37044
35126
37045
35127
37046
35128
37047
35129
37048
35130
37049
35131
37050
35132
37051
35133
37052
35134
37053
35135
37054
35136
37055
35137
37056
35138
37057
35139
37058
35140
37059
35141
37060
35142
37061
35143
37062
35144
37063
35145
37064
35146
37065
35147
37066
35148
37067
35149
37068
35150
37069
35151
37070
35152
37071
35153
37072
35154
37073
35155
37074
35156
37075
35157
37076
35158
37077
35159
37078
35160
37079
35161
37080
35162
37081
35163
37082
35164
37083
35165
37084
35166
37085
35167
37086
35168
37087
35169
37088
35170
37089
35171
37090
35172
37091
35173
37092
35174
37093
35175
37094
35176
37095
35177
37096
35178
37097
35179
37098
35180
37099
35181
37100
35182
37101
35183
37102
35184
37103
35185
37104
35186
37105
35187
37106
35188
37107
35189
37108
35190
37109
35191
37110
35192
37111
35193
37112
35194
37113
35195
37114
35196
37115
35197
37116
35198
37117
35199
37118
35200
37119
35201
37120
35202
37121
35203
37122
35204
37123
35205
37124
35206
37125
35207
37126
35208
37127
35209
37128
35210
37129
35211
37130
35212
37131
35213
37132
35214
37133
35215
37134
35216
37135
35217
37136
35218
37137
35219
37138
35220
37139
35221
37140
35222
37141
35223
37142
35224
37143
35225
37144
35226
37145
35227
37146
35228
37147
35229
37148
35230
37149
35231
37150
35232
37151
35233
37152
35234
37153
35235
37154
35236
37155
35237
37156
35238
37157
35239
37158
35240
37159
35241
37160
35242
37161
35243
37162
35244
37163
35245
37164
35246
37165
35247
37166
35248
37167
35249
37168
35250
37169
35251
37170
35252
37171
35253
37172
35254
37173
35255
37174
35256
37175
35257
37176
35258
37177
35259
37178
35260
37179
35261
37180
35262
37181
35263
37182
35264
37183
35265
37184
35266
37185
35267
37186
35268
37187
35269
37188
35270
37189
35271
37190
35272
37191
35273
37192
35274
37193
35275
37194
35276
37195
35277
37196
35278
37197
35279
37198
35280
37199
35281
37200
35282
37201
35283
37202
35284
37203
35285
37204
35286
37205
35287
37206
35288
37207
35289
37208
35290
37209
35291
37210
35292
37211
35293
37212
35294
37213
35295
37214
35296
37215
35297
37216
35298
37217
35299
37218
35300
37219
35301
37220
35302
37221
35303
37222
35304
37223
35305
37224
35306
37225
35307
37226
35308
37227
35309
37228
35310
37229
35311
37230
35312
37231
35313
37232
35314
37233
35315
37234
35316
37235
35317
37236
35318
37237
35319
37238
35320
37239
35321
37240
35322
37241
35323
37242
35324
37243
35325
37244
35326
37245
35327
37246
35328
37247
35329
37248
35330
37249
35331
37250
35332
37251
35333
37252
35334
37253
35335
37254
35336
37255
35337
37256
35338
37257
35339
37258
35340
37259
35341
37260
35342
37261
35343
37262
35344
37263
35345
37264
35346
37265
35347
37266
35348
37267
35349
37268
35350
37269
35351
37270
35352
37271
35353
37272
35354
37273
35355
37274
35356
37275
35357
37276
35358
37277
35359
37278
35360
37279
35361
37280
35362
37281
35363
37282
35364
37283
35365
37284
35366
37285
35367
37286
35368
37287
35369
37288
35370
37289
35371
37290
35372
37291
35373
37292
35374
37293
35375
37294
35376
37295
35377
37296
35378
37297
35379
37298
35380
37299
35381
37300
35382
37301
35383
37302
35384
37303
35385
37304
35386
37305
35387
37306
35388
37307
35389
37308
35390
37309
35391
37310
35392
37311
35393
37312
35394
37313
35395
37314
35396
37315
35397
37316
35398
37317
35399
37318
35400
37319
35401
37320
35402
37321
35403
37322
35404
37323
35405
37324
35406
37325
35407
37326
35408
37327
35409
37328
35410
37329
35411
37330
35412
37331
35413
37332
35414
37333
35415
37334
35416
37335
35417
37336
35418
37337
35419
37338
35420
37339
35421
37340
35422
37341
35423
37342
35424
37343
35425
37344
35426
37345
35427
37346
35428
37347
35429
37348
35430
37349
35431
37350
35432
37351
35433
37352
35434
37353
35435
37354
35436
37355
35437
37356
35438
37357
35439
37358
35440
37359
35441
37360
35442
37361
35443
37362
35444
37363
35445
37364
35446
37365
35447
37366
35448
37367
35449
37368
35450
37369
35451
37370
35452
37371
35453
37372
35454
37373
35455
37374
35456
37375
35457
37376
35458
37377
35459
37378
35460
37379
35461
37380
35462
37381
35463
37382
35464
37383
35465
37384
35466
37385
35467
37386
35468
37387
35469
37388
35470
37389
35471
37390
35472
37391
35473
37392
35474
37393
35475
37394
35476
37395
35477
37396
35478
37397
35479
37398
35480
37399
35481
37400
35482
37401
35483
37402
35484
37403
35485
37404
35486
37405
35487
37406
35488
37407
35489
37408
35490
37409
35491
37410
35492
37411
35493
37412
35494
37413
35495
37414
35496
37415
35497
37416
35498
37417
35499
37418
35500
37419
35501
37420
35502
37421
35503
37422
35504
37423
35505
37424
35506
37425
35507
37426
35508
37427
35509
37428
35510
37429
35511
37430
35512
37431
35513
37432
35514
37433
35515
37434
35516
37435
35517
37436
35518
37437
35519
37438
35520
37439
35521
37440
35522
37441
35523
37442
35524
37443
35525
37444
35526
37445
35527
37446
35528
37447
35529
37448
35530
37449
35531
37450
35532
37451
35533
37452
35534
37453
35535
37454
35536
37455
35537
37456
35538
37457
35539
37458
35540
37459
35541
37460
35542
37461
35543
37462
35544
37463
35545
37464
35546
37465
35547
37466
35548
37467
35549
37468
35550
37469
35551
37470
35552
37471
35553
37472
35554
37473
35555
37474
35556
37475
35557
37476
35558
37477
35559
37478
35560
37479
35561
37480
35562
37481
35563
37482
35564
37483
35565
37484
35566
37485
35567
37486
35568
37487
35569
37488
35570
37489
35571
37490
35572
37491
35573
37492
35574
37493
35575
37494
35576
37495
35577
37496
35578
37497
35579
37498
35580
37499
35581
37500
35582
37501
35583
37502
35584
37503
35585
37504
35586
37505
35587
37506
35588
37507
35589
37508
35590
37509
35591
37510
35592
37511
35593
37512
35594
37513
35595
37514
35596
37515
35597
37516
35598
37517
35599
37518
35600
37519
35601
37520
35602
37521
35603
37522
35604
37523
35605
37524
35606
37525
35607
37526
35608
37527
35609
37528
35610
37529
35611
37530
35612
37531
35613
37532
35614
37533
35615
37534
35616
37535
35617
37536
35618
37537
35619
37538
35620
37539
35621
37540
35622
37541
35623
37542
35624
37543
35625
37544
35626
37545
35627
37546
35628
37547
35629
37548
35630
37549
35631
37550
35632
37551
35633
37552
35634
37553
35635
37554
35636
37555
35637
37556
35638
37557
35639
37558
35640
37559
35641
37560
35642
37561
35643
37562
35644
37563
35645
37564
35646
37565
35647
37566
35648
37567
35649
37568
35650
37569
35651
37570
35652
37571
35653
37572
35654
37573
35655
37574
35656
37575
35657
37576
35658
37577
35659
37578
35660
37579
35661
37580
35662
37581
35663
37582
35664
37583
35665
37584
35666
37585
35667
37586
35668
37587
35669
37588
35670
37589
35671
37590
35672
37591
35673
37592
35674
37593
35675
37594
35676
37595
35677
37596
35678
37597
35679
37598
35680
37599
35681
37600
35682
37601
35683
37602
35684
37603
35685
37604
35686
37605
35687
37606
35688
37607
35689
37608
35690
37609
35691
37610
35692
37611
35693
37612
35694
37613
35695
37614
35696
37615
35697
37616
35698
37617
35699
37618
35700
37619
35701
37620
35702
37621
35703
37622
35704
37623
35705
37624
35706
37625
35707
37626
35708
37627
35709
37628
35710
37629
35711
37630
35712
37631
35713
37632
35714
37633
35715
37634
35716
37635
35717
37636
35718
37637
35719
37638
35720
37639
35721
37640
35722
37641
35723
37642
35724
37643
35725
37644
35726
37645
35727
37646
35728
37647
35729
37648
35730
37649
35731
37650
35732
37651
35733
37652
35734
37653
35735
37654
35736
37655
35737
37656
35738
37657
35739
37658
35740
37659
35741
37660
35742
37661
35743
37662
35744
37663
35745
37664
35746
37665
35747
37666
35748
37667
35749
37668
35750
37669
35751
37670
35752
37671
35753
37672
35754
37673
35755
37674
35756
37675
35757
37676
35758
37677
35759
37678
35760
37679
35761
37680
35762
37681
35763
37682
35764
37683
35765
37684
35766
37685
35767
37686
35768
37687
35769
37688
35770
37689
35771
37690
35772
37691
35773
37692
35774
37693
35775
37694
35776
37695
35777
37696
35778
37697
35779
37698
35780
37699
35781
37700
35782
37701
35783
37702
35784
37703
35785
37704
35786
37705
35787
37706
35788
37707
35789
37708
35790
37709
35791
37710
35792
37711
35793
37712
35794
37713
35795
37714
35796
37715
35797
37716
35798
37717
35799
37718
35800
37719
35801
37720
35802
37721
35803
37722
35804
37723
35805
37724
35806
37725
35807
37726
35808
37727
35809
37728
35810
37729
35811
37730
35812
37731
35813
37732
35814
37733
35815
37734
35816
37735
35817
37736
35818
37737
35819
37738
35820
37739
35821
37740
35822
37741
35823
37742
35824
37743
35825
37744
35826
37745
35827
37746
35828
37747
35829
37748
35830
37749
35831
37750
35832
37751
35833
37752
35834
37753
35835
37754
35836
37755
35837
37756
35838
37757
35839
37758
35840
37759
35841
37760
35842
37761
35843
37762
35844
37763
35845
37764
35846
37765
35847
37766
35848
37767
35849
37768
35850
37769
35851
37770
35852
37771
35853
37772
35854
37773
35855
37774
35856
37775
35857
37776
35858
37777
35859
37778
35860
37779
35861
37780
35862
37781
35863
37782
35864
37783
35865
37784
35866
37785
35867
37786
35868
37787
35869
37788
35870
37789
35871
37790
35872
37791
35873
37792
35874
37793
35875
37794
35876
37795
35877
37796
35878
37797
35879
37798
35880
37799
35881
37800
35882
37801
35883
37802
35884
37803
35885
37804
35886
37805
35887
37806
35888
37807
35889
37808
35890
37809
35891
37810
35892
37811
35893
37812
35894
37813
35895
37814
35896
37815
35897
37816
35898
37817
35899
37818
35900
37819
35901
37820
35902
37821
35903
37822
35904
37823
35905
37824
35906
37825
35907
37826
35908
37827
35909
37828
35910
37829
35911
37830
35912
37831
35913
37832
35914
37833
35915
37834
35916
37835
35917
37836
35918
37837
35919
37838
35920
37839
35921
37840
35922
37841
35923
37842
35924
37843
35925
37844
35926
37845
35927
37846
35928
37847
35929
37848
35930
37849
35931
37850
35932
37851
35933
37852
35934
37853
35935
37854
35936
37855
35937
37856
35938
37857
35939
37858
35940
37859
35941
37860
35942
37861
35943
37862
35944
37863
35945
37864
35946
37865
35947
37866
35948
37867
35949
37868
35950
37869
35951
37870
35952
37871
35953
37872
35954
37873
35955
37874
35956
37875
35957
37876
35958
37877
35959
37878
35960
37879
35961
37880
35962
37881
35963
37882
35964
37883
35965
37884
35966
37885
35967
37886
35968
37887
35969
37888
35970
37889
35971
37890
35972
37891
35973
37892
35974
37893
35975
37894
35976
37895
35977
37896
35978
37897
35979
37898
35980
37899
35981
37900
35982
37901
35983
37902
35984
37903
35985
37904
35986
37905
35987
37906
35988
37907
35989
37908
35990
37909
35991
37910
35992
37911
35993
37912
35994
37913
35995
37914
35996
37915
35997
37916
35998
37917
35999
37918
36000
37919
36001
37920
36002
37921
36003
37922
36004
37923
36005
37924
36006
37925
36007
37926
36008
37927
36009
37928
36010
37929
36011
37930
36012
37931
36013
37932
36014
37933
36015
37934
36016
37935
36017
37936
36018
37937
36019
37938
36020
37939
36021
37940
36022
37941
36023
37942
36024
37943
36025
37944
36026
37945
36027
37946
36028
37947
36029
37948
36030
37949
36031
37950
36032
37951
36033
37952
36034
37953
36035
37954
36036
37955
36037
37956
36038
37957
36039
37958
36040
37959
36041
37960
36042
37961
36043
37962
36044
37963
36045
37964
36046
37965
36047
37966
36048
37967
36049
37968
36050
37969
36051
37970
36052
37971
36053
37972
36054
37973
36055
37974
36056
37975
36057
37976
36058
37977
36059
37978
36060
37979
36061
37980
36062
37981
36063
37982
36064
37983
36065
37984
36066
37985
36067
37986
36068
37987
36069
37988
36070
37989
36071
37990
36072
37991
36073
37992
36074
37993
36075
37994
36076
37995
36077
37996
36078
37997
36079
37998
36080
37999
36081
38000
36082
38001
36083
38002
36084
38003
36085
38004
36086
38005
36087
38006
36088
38007
36089
38008
36090
38009
36091
38010
36092
38011
36093
38012
36094
38013
36095
38014
36096
38015
36097
38016
36098
38017
36099
38018
36100
38019
36101
38020
36102
38021
36103
38022
36104
38023
36105
38024
36106
38025
36107
38026
36108
38027
36109
38028
36110
38029
36111
38030
36112
38031
36113
38032
36114
38033
36115
38034
36116
38035
36117
38036
36118
38037
36119
38038
36120
38039
36121
38040
36122
38041
36123
38042
36124
38043
36125
38044
36126
38045
36127
38046
36128
38047
36129
38048
36130
38049
36131
38050
36132
38051
36133
38052
36134
38053
36135
38054
36136
38055
36137
38056
36138
38057
36139
38058
36140
38059
36141
38060
36142
38061
36143
38062
36144
38063
36145
38064
36146
38065
36147
38066
36148
38067
36149
38068
36150
38069
36151
38070
36152
38071
36153
38072
36154
38073
36155
38074
36156
38075
36157
38076
36158
38077
36159
38078
36160
38079
36161
38080
36162
38081
36163
38082
36164
38083
36165
38084
36166
38085
36167
38086
36168
38087
36169
38088
36170
38089
36171
38090
36172
38091
36173
38092
36174
38093
36175
38094
36176
38095
36177
38096
36178
38097
36179
38098
36180
38099
36181
38100
36182
38101
36183
38102
36184
38103
36185
38104
36186
38105
36187
38106
36188
38107
36189
38108
36190
38109
36191
38110
36192
38111
36193
38112
36194
38113
36195
38114
36196
38115
36197
38116
36198
38117
36199
38118
36200
38119
36201
38120
36202
38121
36203
38122
36204
38123
36205
38124
36206
38125
36207
38126
36208
38127
36209
38128
36210
38129
36211
38130
36212
38131
36213
38132
36214
38133
36215
38134
36216
38135
36217
38136
36218
38137
36219
38138
36220
38139
36221
38140
36222
38141
36223
38142
36224
38143
36225
38144
36226
38145
36227
38146
36228
38147
36229
38148
36230
38149
36231
38150
36232
38151
36233
38152
36234
38153
36235
38154
36236
38155
36237
38156
36238
38157
36239
38158
36240
38159
36241
38160
36242
38161
36243
38162
36244
38163
36245
38164
36246
38165
36247
38166
36248
38167
36249
38168
36250
38169
36251
38170
36252
38171
36253
38172
36254
38173
36255
38174
36256
38175
36257
38176
36258
38177
36259
38178
36260
38179
36261
38180
36262
38181
36263
38182
36264
38183
36265
38184
36266
38185
36267
38186
36268
38187
36269
38188
36270
38189
36271
38190
36272
38191
36273
38192
36274
38193
36275
38194
36276
38195
36277
38196
36278
38197
36279
38198
36280
38199
36281
38200
36282
38201
36283
38202
36284
38203
36285
38204
36286
38205
36287
38206
36288
38207
36289
38208
36290
38209
36291
38210
36292
38211
36293
38212
36294
38213
36295
38214
36296
38215
36297
38216
36298
38217
36299
38218
36300
38219
36301
38220
36302
38221
36303
38222
36304
38223
36305
38224
36306
38225
36307
38226
36308
38227
36309
38228
36310
38229
36311
38230
36312
38231
36313
38232
36314
38233
36315
38234
36316
38235
36317
38236
36318
38237
36319
38238
36320
38239
36321
38240
36322
38241
36323
38242
36324
38243
36325
38244
36326
38245
36327
38246
36328
38247
36329
38248
36330
38249
36331
38250
36332
38251
36333
38252
36334
38253
36335
38254
36336
38255
36337
38256
36338
38257
36339
38258
36340
38259
36341
38260
36342
38261
36343
38262
36344
38263
36345
38264
36346
38265
36347
38266
36348
38267
36349
38268
36350
38269
36351
38270
36352
38271
36353
38272
36354
38273
36355
38274
36356
38275
36357
38276
36358
38277
36359
38278
36360
38279
36361
38280
36362
38281
36363
38282
36364
38283
36365
38284
36366
38285
36367
38286
36368
38287
36369
38288
36370
38289
36371
38290
36372
38291
36373
38292
36374
38293
36375
38294
36376
38295
36377
38296
36378
38297
36379
38298
36380
38299
36381
38300
36382
38301
36383
38302
36384
38303
36385
38304
36386
38305
36387
38306
36388
38307
36389
38308
36390
38309
36391
38310
36392
38311
36393
38312
36394
38313
36395
38314
36396
38315
36397
38316
36398
38317
36399
38318
36400
38319
36401
38320
36402
38321
36403
38322
36404
38323
36405
38324
36406
38325
36407
38326
36408
38327
36409
38328
36410
38329
36411
38330
36412
38331
36413
38332
36414
38333
36415
38334
36416
38335
36417
38336
36418
38337
36419
38338
36420
38339
36421
38340
36422
38341
36423
38342
36424
38343
36425
38344
36426
38345
36427
38346
36428
38347
36429
38348
36430
38349
36431
38350
36432
38351
36433
38352
36434
38353
36435
38354
36436
38355
36437
38356
36438
38357
36439
38358
36440
38359
36441
38360
36442
38361
36443
38362
36444
38363
36445
38364
36446
38365
36447
38366
36448
38367
36449
38368
36450
38369
36451
38370
36452
38371
36453
38372
36454
38373
36455
38374
36456
38375
36457
38376
36458
38377
36459
38378
36460
38379
36461
38380
36462
38381
36463
38382
36464
38383
36465
38384
36466
38385
36467
38386
36468
38387
36469
38388
36470
38389
36471
38390
36472
38391
36473
38392
36474
38393
36475
38394
36476
38395
36477
38396
36478
38397
36479
38398
38399
36481
38400
36482
38401
36483
38402
36484
38403
36485
38404
36486
38405
36487
38406
36488
38407
36489
38408
36490
38409
36491
38410
36492
38411
36493
38412
36494
38413
36495
38414
36496
38415
36497
38416
36498
38417
36499
38418
36500
38419
36501
38420
36502
38421
36503
38422
36504
38423
36505
38424
36506
38425
36507
38426
36508
38427
36509
38428
36510
38429
36511
38430
36512
38431
36513
38432
36514
38433
36515
38434
36516
38435
36517
38436
36518
38437
36519
38438
36520
38439
36521
38440
36522
38441
36523
38442
36524
38443
36525
38444
36526
38445
36527
38446
36528
38447
36529
38448
36530
38449
36531
38450
36532
38451
36533
38452
36534
38453
36535
38454
36536
38455
36537
38456
36538
38457
36539
38458
36540
38459
36541
38460
36542
38461
36543
38462
36544
38463
36545
38464
36546
38465
36547
38466
36548
38467
36549
38468
36550
38469
36551
38470
36552
38471
36553
38472
36554
38473
36555
38474
36556
38475
36557
38476
36558
38477
36559
38478
36560
38479
36561
38480
36562
38481
36563
38482
36564
38483
36565
38484
36566
38485
36567
38486
36568
38487
36569
38488
36570
38489
36571
38490
36572
38491
36573
38492
36574
38493
36575
38494
36576
38495
36577
38496
36578
38497
36579
38498
36580
38499
36581
38500
36582
38501
36583
38502
36584
38503
36585
38504
36586
38505
36587
38506
36588
38507
36589
38508
36590
38509
36591
38510
36592
38511
36593
38512
36594
38513
36595
38514
36596
38515
36597
38516
36598
38517
36599
38518
36600
38519
36601
38520
36602
38521
36603
38522
36604
38523
36605
38524
36606
38525
36607
38526
36608
38527
36609
38528
36610
38529
36611
38530
36612
38531
36613
38532
36614
38533
36615
38534
36616
38535
36617
38536
36618
38537
36619
38538
36620
38539
36621
38540
36622
38541
36623
38542
36624
38543
36625
38544
36626
38545
36627
38546
36628
38547
36629
38548
36630
38549
36631
38550
36632
38551
36633
38552
36634
38553
36635
38554
36636
38555
36637
38556
36638
38557
36639
38558
36640
38559
36641
38560
36642
38561
36643
38562
36644
38563
36645
38564
36646
38565
36647
38566
36648
38567
36649
38568
36650
38569
36651
38570
36652
38571
36653
38572
36654
38573
36655
38574
36656
38575
36657
38576
36658
38577
36659
38578
36660
38579
36661
38580
36662
38581
36663
38582
36664
38583
36665
38584
36666
38585
36667
38586
36668
38587
36669
38588
36670
38589
36671
38590
36672
38591
36673
38592
36674
38593
36675
38594
36676
38595
36677
38596
36678
38597
36679
38598
36680
38599
36681
38600
36682
38601
36683
38602
36684
38603
36685
38604
36686
38605
36687
38606
36688
38607
36689
38608
36690
38609
36691
38610
36692
38611
36693
38612
36694
38613
36695
38614
36696
38615
36697
38616
36698
38617
36699
38618
36700
38619
36701
38620
36702
38621
36703
38622
36704
38623
36705
38624
36706
38625
36707
38626
36708
38627
36709
38628
36710
38629
36711
38630
36712
38631
36713
38632
36714
38633
36715
38634
36716
38635
36717
38636
36718
38637
36719
38638
36720
38639
36721
38640
36722
38641
36723
38642
36724
38643
36725
38644
36726
38645
36727
38646
36728
38647
36729
38648
36730
38649
36731
38650
36732
38651
36733
38652
36734
38653
36735
38654
36736
38655
36737
38656
36738
38657
36739
38658
36740
38659
36741
38660
36742
38661
36743
38662
36744
38663
36745
38664
36746
38665
36747
38666
36748
38667
36749
38668
36750
38669
36751
38670
36752
38671
36753
38672
36754
38673
36755
38674
36756
38675
36757
38676
36758
38677
36759
38678
36760
38679
36761
38680
36762
38681
36763
38682
36764
38683
36765
38684
36766
38685
36767
38686
36768
38687
36769
38688
36770
38689
36771
38690
36772
38691
36773
38692
36774
38693
36775
38694
36776
38695
36777
38696
36778
38697
36779
38698
36780
38699
36781
38700
36782
38701
36783
38702
36784
38703
36785
38704
36786
38705
36787
38706
36788
38707
36789
38708
36790
38709
36791
38710
36792
38711
36793
38712
36794
38713
36795
38714
36796
38715
36797
38716
36798
38717
36799
38718
36800
38719
36801
38720
36802
38721
36803
38722
36804
38723
36805
38724
36806
38725
36807
38726
36808
38727
36809
38728
36810
38729
36811
38730
36812
38731
36813
38732
36814
38733
36815
38734
36816
38735
36817
38736
36818
38737
36819
38738
36820
38739
36821
38740
36822
38741
36823
38742
36824
38743
36825
38744
36826
38745
36827
38746
36828
38747
36829
38748
36830
38749
36831
38750
36832
38751
36833
38752
36834
38753
36835
38754
36836
38755
36837
38756
36838
38757
36839
38758
36840
38759
36841
38760
36842
38761
36843
38762
36844
38763
36845
38764
36846
38765
36847
38766
36848
38767
36849
38768
36850
38769
36851
38770
36852
38771
36853
38772
36854
38773
36855
38774
36856
38775
36857
38776
36858
38777
36859
38778
36860
38779
36861
38780
36862
38781
36863
38782
36864
38783
36865
38784
36866
38785
36867
38786
36868
38787
36869
38788
36870
38789
36871
38790
36872
38791
36873
38792
36874
38793
36875
38794
36876
38795
36877
38796
36878
38797
36879
38798
36880
38799
36881
38800
36882
38801
36883
38802
36884
38803
36885
38804
36886
38805
36887
38806
36888
38807
36889
38808
36890
38809
36891
38810
36892
38811
36893
38812
36894
38813
36895
38814
36896
38815
36897
38816
36898
38817
36899
38818
36900
38819
36901
38820
36902
38821
36903
38822
36904
38823
36905
38824
36906
38825
36907
38826
36908
38827
36909
38828
36910
38829
36911
38830
36912
38831
36913
38832
36914
38833
36915
38834
36916
38835
36917
38836
36918
38837
36919
38838
36920
38839
36921
38840
36922
38841
36923
38842
36924
38843
36925
38844
36926
38845
36927
38846
36928
38847
36929
38848
36930
38849
36931
38850
36932
38851
36933
38852
36934
38853
36935
38854
36936
38855
36937
38856
36938
38857
36939
38858
36940
38859
36941
38860
36942
38861
36943
38862
36944
38863
36945
38864
36946
38865
36947
38866
36948
38867
36949
38868
36950
38869
36951
38870
36952
38871
36953
38872
36954
38873
36955
38874
36956
38875
36957
38876
36958
38877
36959
38878
36960
38879
36961
38880
36962
38881
36963
38882
36964
38883
36965
38884
36966
38885
36967
38886
36968
38887
36969
38888
36970
38889
36971
38890
36972
38891
36973
38892
36974
38893
36975
38894
36976
38895
36977
38896
36978
38897
36979
38898
36980
38899
36981
38900
36982
38901
36983
38902
36984
38903
36985
38904
36986
38905
36987
38906
36988
38907
36989
38908
36990
38909
36991
38910
36992
38911
36993
38912
36994
38913
36995
38914
36996
38915
36997
38916
36998
38917
36999
38918
37000
38919
37001
38920
37002
38921
37003
38922
37004
38923
37005
38924
37006
38925
37007
38926
37008
38927
37009
38928
37010
38929
37011
38930
37012
38931
37013
38932
37014
38933
37015
38934
37016
38935
37017
38936
37018
38937
37019
38938
37020
38939
37021
38940
37022
38941
37023
38942
37024
38943
37025
38944
37026
38945
37027
38946
37028
38947
37029
38948
37030
38949
37031
38950
37032
38951
37033
38952
37034
38953
37035
38954
37036
38955
37037
38956
37038
38957
37039
38958
37040
38959
37041
38960
37042
38961
37043
38962
37044
38963
37045
38964
37046
38965
37047
38966
37048
38967
37049
38968
37050
38969
37051
38970
37052
38971
37053
38972
37054
38973
37055
38974
37056
38975
37057
38976
37058
38977
37059
38978
37060
38979
37061
38980
37062
38981
37063
38982
37064
38983
37065
38984
37066
38985
37067
38986
37068
38987
37069
38988
37070
38989
37071
38990
37072
38991
37073
38992
37074
38993
37075
38994
37076
38995
37077
38996
37078
38997
37079
38998
37080
38999
37081
39000
37082
39001
37083
39002
37084
39003
37085
39004
37086
39005
37087
39006
37088
39007
37089
39008
37090
39009
37091
39010
37092
39011
37093
39012
37094
39013
37095
39014
37096
39015
37097
39016
37098
39017
37099
39018
37100
39019
37101
39020
37102
39021
37103
39022
37104
39023
37105
39024
37106
39025
37107
39026
37108
39027
37109
39028
37110
39029
37111
39030
37112
39031
37113
39032
37114
39033
37115
39034
37116
39035
37117
39036
37118
39037
37119
39038
37120
39039
37121
39040
37122
39041
37123
39042
37124
39043
37125
39044
37126
39045
37127
39046
37128
39047
37129
39048
37130
39049
37131
39050
37132
39051
37133
39052
37134
39053
37135
39054
37136
39055
37137
39056
37138
39057
37139
39058
37140
39059
37141
39060
37142
39061
37143
39062
37144
39063
37145
39064
37146
39065
37147
39066
37148
39067
37149
39068
37150
39069
37151
39070
37152
39071
37153
39072
37154
39073
37155
39074
37156
39075
37157
39076
37158
39077
37159
39078
37160
39079
37161
39080
37162
39081
37163
39082
37164
39083
37165
39084
37166
39085
37167
39086
37168
39087
37169
39088
37170
39089
37171
39090
37172
39091
37173
39092
37174
39093
37175
39094
37176
39095
37177
39096
37178
39097
37179
39098
37180
39099
37181
39100
37182
39101
37183
39102
37184
39103
37185
39104
37186
39105
37187
39106
37188
39107
37189
39108
37190
39109
37191
39110
37192
39111
37193
39112
37194
39113
37195
39114
37196
39115
37197
39116
37198
39117
37199
39118
37200
39119
37201
39120
37202
39121
37203
39122
37204
39123
37205
39124
37206
39125
37207
39126
37208
39127
37209
39128
37210
39129
37211
39130
37212
39131
37213
39132
37214
39133
37215
39134
37216
39135
37217
39136
37218
39137
37219
39138
37220
39139
37221
39140
37222
39141
37223
39142
37224
39143
37225
39144
37226
39145
37227
39146
37228
39147
37229
39148
37230
39149
37231
39150
37232
39151
37233
39152
37234
39153
37235
39154
37236
39155
37237
39156
37238
39157
37239
39158
37240
39159
37241
39160
37242
39161
37243
39162
37244
39163
37245
39164
37246
39165
37247
39166
37248
39167
37249
39168
37250
39169
37251
39170
37252
39171
37253
39172
37254
39173
37255
39174
37256
39175
37257
39176
37258
39177
37259
39178
37260
39179
37261
39180
37262
39181
37263
39182
37264
39183
37265
39184
37266
39185
37267
39186
37268
39187
37269
39188
37270
39189
37271
39190
37272
39191
37273
39192
37274
39193
37275
39194
37276
39195
37277
39196
37278
39197
37279
39198
37280
39199
37281
39200
37282
39201
37283
39202
37284
39203
37285
39204
37286
39205
37287
39206
37288
39207
37289
39208
37290
39209
37291
39210
37292
39211
37293
39212
37294
39213
37295
39214
37296
39215
37297
39216
37298
39217
37299
39218
37300
39219
37301
39220
37302
39221
37303
39222
37304
39223
37305
39224
37306
39225
37307
39226
37308
39227
37309
39228
37310
39229
37311
39230
37312
39231
37313
39232
37314
39233
37315
39234
37316
39235
37317
39236
37318
39237
37319
39238
37320
39239
37321
39240
37322
39241
37323
39242
37324
39243
37325
39244
37326
39245
37327
39246
37328
39247
37329
39248
37330
39249
37331
39250
37332
39251
37333
39252
37334
39253
37335
39254
37336
39255
37337
39256
37338
39257
37339
39258
37340
39259
37341
39260
37342
39261
37343
39262
37344
39263
37345
39264
37346
39265
37347
39266
37348
39267
37349
39268
37350
39269
37351
39270
37352
39271
37353
39272
37354
39273
37355
39274
37356
39275
37357
39276
37358
39277
37359
39278
37360
39279
37361
39280
37362
39281
37363
39282
37364
39283
37365
39284
37366
39285
37367
39286
37368
39287
37369
39288
37370
39289
37371
39290
37372
39291
37373
39292
37374
39293
37375
39294
37376
39295
37377
39296
37378
39297
37379
39298
37380
39299
37381
39300
37382
39301
37383
39302
37384
39303
37385
39304
37386
39305
37387
39306
37388
39307
37389
39308
37390
39309
37391
39310
37392
39311
37393
39312
37394
39313
37395
39314
37396
39315
37397
39316
37398
39317
37399
39318
37400
39319
37401
39320
37402
39321
37403
39322
37404
39323
37405
39324
37406
39325
37407
39326
37408
39327
37409
39328
37410
39329
37411
39330
37412
39331
37413
39332
37414
39333
37415
39334
37416
39335
37417
39336
37418
39337
37419
39338
37420
39339
37421
39340
37422
39341
37423
39342
37424
39343
37425
39344
37426
39345
37427
39346
37428
39347
37429
39348
37430
39349
37431
39350
37432
39351
37433
39352
37434
39353
37435
39354
37436
39355
37437
39356
37438
39357
37439
39358
37440
39359
37441
39360
37442
39361
37443
39362
37444
39363
37445
39364
37446
39365
37447
39366
37448
39367
37449
39368
37450
39369
37451
39370
37452
39371
37453
39372
37454
39373
37455
39374
37456
39375
37457
39376
37458
39377
37459
39378
37460
39379
37461
39380
37462
39381
37463
39382
37464
39383
37465
39384
37466
39385
37467
39386
37468
39387
37469
39388
37470
39389
37471
39390
37472
39391
37473
39392
37474
39393
37475
39394
37476
39395
37477
39396
37478
39397
37479
39398
37480
39399
37481
39400
37482
39401
37483
39402
37484
39403
37485
39404
37486
39405
37487
39406
37488
39407
37489
39408
37490
39409
37491
39410
37492
39411
37493
39412
37494
39413
37495
39414
37496
39415
37497
39416
37498
39417
37499
39418
37500
39419
37501
39420
37502
39421
37503
39422
37504
39423
37505
39424
37506
39425
37507
39426
37508
39427
37509
39428
37510
39429
37511
39430
37512
39431
37513
39432
37514
39433
37515
39434
37516
39435
37517
39436
37518
39437
37519
39438
37520
39439
37521
39440
37522
39441
37523
39442
37524
39443
37525
39444
37526
39445
37527
39446
37528
39447
37529
39448
37530
39449
37531
39450
37532
39451
37533
39452
37534
39453
37535
39454
37536
39455
37537
39456
37538
39457
37539
39458
37540
39459
37541
39460
37542
39461
37543
39462
37544
39463
37545
39464
37546
39465
37547
39466
37548
39467
37549
39468
37550
39469
37551
39470
37552
39471
37553
39472
37554
39473
37555
39474
37556
39475
37557
39476
37558
39477
37559
39478
37560
39479
37561
39480
37562
39481
37563
39482
37564
39483
37565
39484
37566
39485
37567
39486
37568
39487
37569
39488
37570
39489
37571
39490
37572
39491
37573
39492
37574
39493
37575
39494
37576
39495
37577
39496
37578
39497
37579
39498
37580
39499
37581
39500
37582
39501
37583
39502
37584
39503
37585
39504
37586
39505
37587
39506
37588
39507
37589
39508
37590
39509
37591
39510
37592
39511
37593
39512
37594
39513
37595
39514
37596
39515
37597
39516
37598
39517
37599
39518
37600
39519
37601
39520
37602
39521
37603
39522
37604
39523
37605
39524
37606
39525
37607
39526
37608
39527
37609
39528
37610
39529
37611
39530
37612
39531
37613
39532
37614
39533
37615
39534
37616
39535
37617
39536
37618
39537
37619
39538
37620
39539
37621
39540
37622
39541
37623
39542
37624
39543
37625
39544
37626
39545
37627
39546
37628
39547
37629
39548
37630
39549
37631
39550
37632
39551
37633
39552
37634
39553
37635
39554
37636
39555
37637
39556
37638
39557
37639
39558
37640
39559
37641
39560
37642
39561
37643
39562
37644
39563
37645
39564
37646
39565
37647
39566
37648
39567
37649
39568
37650
39569
37651
39570
37652
39571
37653
39572
37654
39573
37655
39574
37656
39575
37657
39576
37658
39577
37659
39578
37660
39579
37661
39580
37662
39581
37663
39582
37664
39583
37665
39584
37666
39585
37667
39586
37668
39587
37669
39588
37670
39589
37671
39590
37672
39591
37673
39592
37674
39593
37675
39594
37676
39595
37677
39596
37678
39597
37679
39598
37680
39599
37681
39600
37682
39601
37683
39602
37684
39603
37685
39604
37686
39605
37687
39606
37688
39607
37689
39608
37690
39609
37691
39610
37692
39611
37693
39612
37694
39613
37695
39614
37696
39615
37697
39616
37698
39617
37699
39618
37700
39619
37701
39620
37702
39621
37703
39622
37704
39623
37705
39624
37706
39625
37707
39626
37708
39627
37709
39628
37710
39629
37711
39630
37712
39631
37713
39632
37714
39633
37715
39634
37716
39635
37717
39636
37718
39637
37719
39638
37720
39639
37721
39640
37722
39641
37723
39642
37724
39643
37725
39644
37726
39645
37727
39646
37728
39647
37729
39648
37730
39649
37731
39650
37732
39651
37733
39652
37734
39653
37735
39654
37736
39655
37737
39656
37738
39657
37739
39658
37740
39659
37741
39660
37742
39661
37743
39662
37744
39663
37745
39664
37746
39665
37747
39666
37748
39667
37749
39668
37750
39669
37751
39670
37752
39671
37753
39672
37754
39673
37755
39674
37756
39675
37757
39676
37758
39677
37759
39678
37760
39679
37761
39680
37762
39681
37763
39682
37764
39683
37765
39684
37766
39685
37767
39686
37768
39687
37769
39688
37770
39689
37771
39690
37772
39691
37773
39692
37774
39693
37775
39694
37776
39695
37777
39696
37778
39697
37779
39698
37780
39699
37781
39700
37782
39701
37783
39702
37784
39703
37785
39704
37786
39705
37787
39706
37788
39707
37789
39708
37790
39709
37791
39710
37792
39711
37793
39712
37794
39713
37795
39714
37796
39715
37797
39716
37798
39717
37799
39718
37800
39719
37801
39720
37802
39721
37803
39722
37804
39723
37805
39724
37806
39725
37807
39726
37808
39727
37809
39728
37810
39729
37811
39730
37812
39731
37813
39732
37814
39733
37815
39734
37816
39735
37817
39736
37818
39737
37819
39738
37820
39739
37821
39740
37822
39741
37823
39742
37824
39743
37825
39744
37826
39745
37827
39746
37828
39747
37829
39748
37830
39749
37831
39750
37832
39751
37833
39752
37834
39753
37835
39754
37836
39755
37837
39756
37838
39757
37839
39758
37840
39759
37841
39760
37842
39761
37843
39762
37844
39763
37845
39764
37846
39765
37847
39766
37848
39767
37849
39768
37850
39769
37851
39770
37852
39771
37853
39772
37854
39773
37855
39774
37856
39775
37857
39776
37858
39777
37859
39778
37860
39779
37861
39780
37862
39781
37863
39782
37864
39783
37865
39784
37866
39785
37867
39786
37868
39787
37869
39788
37870
39789
37871
39790
37872
39791
37873
39792
37874
39793
37875
39794
37876
39795
37877
39796
37878
39797
37879
39798
37880
39799
37881
39800
37882
39801
37883
39802
37884
39803
37885
39804
37886
39805
37887
39806
37888
39807
37889
39808
37890
39809
37891
39810
37892
39811
37893
39812
37894
39813
37895
39814
37896
39815
37897
39816
37898
39817
37899
39818
37900
39819
37901
39820
37902
39821
37903
39822
37904
39823
37905
39824
37906
39825
37907
39826
37908
39827
37909
39828
37910
39829
37911
39830
37912
39831
37913
39832
37914
39833
37915
39834
37916
39835
37917
39836
37918
39837
37919
39838
37920
39839
37921
39840
37922
39841
37923
39842
37924
39843
37925
39844
37926
39845
37927
39846
37928
39847
37929
39848
37930
39849
37931
39850
37932
39851
37933
39852
37934
39853
37935
39854
37936
39855
37937
39856
37938
39857
37939
39858
37940
39859
37941
39860
37942
39861
37943
39862
37944
39863
37945
39864
37946
39865
37947
39866
37948
39867
37949
39868
37950
39869
37951
39870
37952
39871
37953
39872
37954
39873
37955
39874
37956
39875
37957
39876
37958
39877
37959
39878
37960
39879
37961
39880
37962
39881
37963
39882
37964
39883
37965
39884
37966
39885
37967
39886
37968
39887
37969
39888
37970
39889
37971
39890
37972
39891
37973
39892
37974
39893
37975
39894
37976
39895
37977
39896
37978
39897
37979
39898
37980
39899
37981
39900
37982
39901
37983
39902
37984
39903
37985
39904
37986
39905
37987
39906
37988
39907
37989
39908
37990
39909
37991
39910
37992
39911
37993
39912
37994
39913
37995
39914
37996
39915
37997
39916
37998
39917
37999
39918
38000
39919
38001
39920
38002
39921
38003
39922
38004
39923
38005
39924
38006
39925
38007
39926
38008
39927
38009
39928
38010
39929
38011
39930
38012
39931
38013
39932
38014
39933
38015
39934
38016
39935
38017
39936
38018
39937
38019
39938
38020
39939
38021
39940
38022
39941
38023
39942
38024
39943
38025
39944
38026
39945
38027
39946
38028
39947
38029
39948
38030
39949
38031
39950
38032
39951
38033
39952
38034
39953
38035
39954
38036
39955
38037
39956
38038
39957
38039
39958
38040
39959
38041
39960
38042
39961
38043
39962
38044
39963
38045
39964
38046
39965
38047
39966
38048
39967
38049
39968
38050
39969
38051
39970
38052
39971
38053
39972
38054
39973
38055
39974
38056
39975
38057
39976
38058
39977
38059
39978
38060
39979
38061
39980
38062
39981
38063
39982
38064
39983
38065
39984
38066
39985
38067
39986
38068
39987
38069
39988
38070
39989
38071
39990
38072
39991
38073
39992
38074
39993
38075
39994
38076
39995
38077
39996
38078
39997
38079
39998
38080
39999
38081
40000
38082
40001
38083
40002
38084
40003
38085
40004
38086
40005
38087
40006
38088
40007
38089
40008
38090
40009
38091
40010
38092
40011
38093
40012
38094
40013
38095
40014
38096
40015
38097
40016
38098
40017
38099
40018
38100
40019
38101
40020
38102
40021
38103
40022
38104
40023
38105
40024
38106
40025
38107
40026
38108
40027
38109
40028
38110
40029
38111
40030
38112
40031
38113
40032
38114
40033
38115
40034
38116
40035
38117
40036
38118
40037
38119
40038
38120
40039
38121
40040
38122
40041
38123
40042
38124
40043
38125
40044
38126
40045
38127
40046
38128
40047
38129
40048
38130
40049
38131
40050
38132
40051
38133
40052
38134
40053
38135
40054
38136
40055
38137
40056
38138
40057
38139
40058
38140
40059
38141
40060
38142
40061
38143
40062
38144
40063
38145
40064
38146
40065
38147
40066
38148
40067
38149
40068
38150
40069
38151
40070
38152
40071
38153
40072
38154
40073
38155
40074
38156
40075
38157
40076
38158
40077
38159
40078
38160
40079
38161
40080
38162
40081
38163
40082
38164
40083
38165
40084
38166
40085
38167
40086
38168
40087
38169
40088
38170
40089
38171
40090
38172
40091
38173
40092
38174
40093
38175
40094
38176
40095
38177
40096
38178
40097
38179
40098
38180
40099
38181
40100
38182
40101
38183
40102
38184
40103
38185
40104
38186
40105
38187
40106
38188
40107
38189
40108
38190
40109
38191
40110
38192
40111
38193
40112
38194
40113
38195
40114
38196
40115
38197
40116
38198
40117
38199
40118
38200
40119
38201
40120
38202
40121
38203
40122
38204
40123
38205
40124
38206
40125
38207
40126
38208
40127
38209
40128
38210
40129
38211
40130
38212
40131
38213
40132
38214
40133
38215
40134
38216
40135
38217
40136
38218
40137
38219
40138
38220
40139
38221
40140
38222
40141
38223
40142
38224
40143
38225
40144
38226
40145
38227
40146
38228
40147
38229
40148
38230
40149
38231
40150
38232
40151
38233
40152
38234
40153
38235
40154
38236
40155
38237
40156
38238
40157
38239
40158
38240
40159
38241
40160
38242
40161
38243
40162
38244
40163
38245
40164
38246
40165
38247
40166
38248
40167
38249
40168
38250
40169
38251
40170
38252
40171
38253
40172
38254
40173
38255
40174
38256
40175
38257
40176
38258
40177
38259
40178
38260
40179
38261
40180
38262
40181
38263
40182
38264
40183
38265
40184
38266
40185
38267
40186
38268
40187
38269
40188
38270
40189
38271
40190
38272
40191
38273
40192
38274
40193
38275
40194
38276
40195
38277
40196
38278
40197
38279
40198
38280
40199
38281
40200
38282
40201
38283
40202
38284
40203
38285
40204
38286
40205
38287
40206
38288
40207
38289
40208
38290
40209
38291
40210
38292
40211
38293
40212
38294
40213
38295
40214
38296
40215
38297
40216
38298
40217
38299
40218
38300
40219
38301
40220
38302
40221
38303
40222
38304
40223
38305
40224
38306
40225
38307
40226
38308
40227
38309
40228
38310
40229
38311
40230
38312
40231
38313
40232
38314
40233
38315
40234
38316
40235
38317
40236
38318
40237
38319
40238
38320
40239
38321
40240
38322
40241
38323
40242
38324
40243
38325
40244
38326
40245
38327
40246
38328
40247
38329
40248
38330
40249
38331
40250
38332
40251
38333
40252
38334
40253
38335
40254
38336
40255
38337
40256
38338
40257
38339
40258
38340
40259
38341
40260
38342
40261
38343
40262
38344
40263
38345
40264
38346
40265
38347
40266
38348
40267
38349
40268
38350
40269
38351
40270
38352
40271
38353
40272
38354
40273
38355
40274
38356
40275
38357
40276
38358
40277
38359
40278
38360
40279
38361
40280
38362
40281
38363
40282
38364
40283
38365
40284
38366
40285
38367
40286
38368
40287
38369
40288
38370
40289
38371
40290
38372
40291
38373
40292
38374
40293
38375
40294
38376
40295
38377
40296
38378
40297
38379
40298
38380
40299
38381
40300
38382
40301
38383
40302
38384
40303
38385
40304
38386
40305
38387
40306
38388
40307
38389
40308
38390
40309
38391
40310
38392
40311
38393
40312
38394
40313
38395
40314
38396
40315
38397
40316
38398
40317
38399
40318
40319
38401
40320
38402
40321
38403
40322
38404
40323
38405
40324
38406
40325
38407
40326
38408
40327
38409
40328
38410
40329
38411
40330
38412
40331
38413
40332
38414
40333
38415
40334
38416
40335
38417
40336
38418
40337
38419
40338
38420
40339
38421
40340
38422
40341
38423
40342
38424
40343
38425
40344
38426
40345
38427
40346
38428
40347
38429
40348
38430
40349
38431
40350
38432
40351
38433
40352
38434
40353
38435
40354
38436
40355
38437
40356
38438
40357
38439
40358
38440
40359
38441
40360
38442
40361
38443
40362
38444
40363
38445
40364
38446
40365
38447
40366
38448
40367
38449
40368
38450
40369
38451
40370
38452
40371
38453
40372
38454
40373
38455
40374
38456
40375
38457
40376
38458
40377
38459
40378
38460
40379
38461
40380
38462
40381
38463
40382
38464
40383
38465
40384
38466
40385
38467
40386
38468
40387
38469
40388
38470
40389
38471
40390
38472
40391
38473
40392
38474
40393
38475
40394
38476
40395
38477
40396
38478
40397
38479
40398
38480
40399
38481
40400
38482
40401
38483
40402
38484
40403
38485
40404
38486
40405
38487
40406
38488
40407
38489
40408
38490
40409
38491
40410
38492
40411
38493
40412
38494
40413
38495
40414
38496
40415
38497
40416
38498
40417
38499
40418
38500
40419
38501
40420
38502
40421
38503
40422
38504
40423
38505
40424
38506
40425
38507
40426
38508
40427
38509
40428
38510
40429
38511
40430
38512
40431
38513
40432
38514
40433
38515
40434
38516
40435
38517
40436
38518
40437
38519
40438
38520
40439
38521
40440
38522
40441
38523
40442
38524
40443
38525
40444
38526
40445
38527
40446
38528
40447
38529
40448
38530
40449
38531
40450
38532
40451
38533
40452
38534
40453
38535
40454
38536
40455
38537
40456
38538
40457
38539
40458
38540
40459
38541
40460
38542
40461
38543
40462
38544
40463
38545
40464
38546
40465
38547
40466
38548
40467
38549
40468
38550
40469
38551
40470
38552
40471
38553
40472
38554
40473
38555
40474
38556
40475
38557
40476
38558
40477
38559
40478
38560
40479
38561
40480
38562
40481
38563
40482
38564
40483
38565
40484
38566
40485
38567
40486
38568
40487
38569
40488
38570
40489
38571
40490
38572
40491
38573
40492
38574
40493
38575
40494
38576
40495
38577
40496
38578
40497
38579
40498
38580
40499
38581
40500
38582
40501
38583
40502
38584
40503
38585
40504
38586
40505
38587
40506
38588
40507
38589
40508
38590
40509
38591
40510
38592
40511
38593
40512
38594
40513
38595
40514
38596
40515
38597
40516
38598
40517
38599
40518
38600
40519
38601
40520
38602
40521
38603
40522
38604
40523
38605
40524
38606
40525
38607
40526
38608
40527
38609
40528
38610
40529
38611
40530
38612
40531
38613
40532
38614
40533
38615
40534
38616
40535
38617
40536
38618
40537
38619
40538
38620
40539
38621
40540
38622
40541
38623
40542
38624
40543
38625
40544
38626
40545
38627
40546
38628
40547
38629
40548
38630
40549
38631
40550
38632
40551
38633
40552
38634
40553
38635
40554
38636
40555
38637
40556
38638
40557
38639
40558
38640
40559
38641
40560
38642
40561
38643
40562
38644
40563
38645
40564
38646
40565
38647
40566
38648
40567
38649
40568
38650
40569
38651
40570
38652
40571
38653
40572
38654
40573
38655
40574
38656
40575
38657
40576
38658
40577
38659
40578
38660
40579
38661
40580
38662
40581
38663
40582
38664
40583
38665
40584
38666
40585
38667
40586
38668
40587
38669
40588
38670
40589
38671
40590
38672
40591
38673
40592
38674
40593
38675
40594
38676
40595
38677
40596
38678
40597
38679
40598
38680
40599
38681
40600
38682
40601
38683
40602
38684
40603
38685
40604
38686
40605
38687
40606
38688
40607
38689
40608
38690
40609
38691
40610
38692
40611
38693
40612
38694
40613
38695
40614
38696
40615
38697
40616
38698
40617
38699
40618
38700
40619
38701
40620
38702
40621
38703
40622
38704
40623
38705
40624
38706
40625
38707
40626
38708
40627
38709
40628
38710
40629
38711
40630
38712
40631
38713
40632
38714
40633
38715
40634
38716
40635
38717
40636
38718
40637
38719
40638
38720
40639
38721
40640
38722
40641
38723
40642
38724
40643
38725
40644
38726
40645
38727
40646
38728
40647
38729
40648
38730
40649
38731
40650
38732
40651
38733
40652
38734
40653
38735
40654
38736
40655
38737
40656
38738
40657
38739
40658
38740
40659
38741
40660
38742
40661
38743
40662
38744
40663
38745
40664
38746
40665
38747
40666
38748
40667
38749
40668
38750
40669
38751
40670
38752
40671
38753
40672
38754
40673
38755
40674
38756
40675
38757
40676
38758
40677
38759
40678
38760
40679
38761
40680
38762
40681
38763
40682
38764
40683
38765
40684
38766
40685
38767
40686
38768
40687
38769
40688
38770
40689
38771
40690
38772
40691
38773
40692
38774
40693
38775
40694
38776
40695
38777
40696
38778
40697
38779
40698
38780
40699
38781
40700
38782
40701
38783
40702
38784
40703
38785
40704
38786
40705
38787
40706
38788
40707
38789
40708
38790
40709
38791
40710
38792
40711
38793
40712
38794
40713
38795
40714
38796
40715
38797
40716
38798
40717
38799
40718
38800
40719
38801
40720
38802
40721
38803
40722
38804
40723
38805
40724
38806
40725
38807
40726
38808
40727
38809
40728
38810
40729
38811
40730
38812
40731
38813
40732
38814
40733
38815
40734
38816
40735
38817
40736
38818
40737
38819
40738
38820
40739
38821
40740
38822
40741
38823
40742
38824
40743
38825
40744
38826
40745
38827
40746
38828
40747
38829
40748
38830
40749
38831
40750
38832
40751
38833
40752
38834
40753
38835
40754
38836
40755
38837
40756
38838
40757
38839
40758
38840
40759
38841
40760
38842
40761
38843
40762
38844
40763
38845
40764
38846
40765
38847
40766
38848
40767
38849
40768
38850
40769
38851
40770
38852
40771
38853
40772
38854
40773
38855
40774
38856
40775
38857
40776
38858
40777
38859
40778
38860
40779
38861
40780
38862
40781
38863
40782
38864
40783
38865
40784
38866
40785
38867
40786
38868
40787
38869
40788
38870
40789
38871
40790
38872
40791
38873
40792
38874
40793
38875
40794
38876
40795
38877
40796
38878
40797
38879
40798
38880
40799
38881
40800
38882
40801
38883
40802
38884
40803
38885
40804
38886
40805
38887
40806
38888
40807
38889
40808
38890
40809
38891
40810
38892
40811
38893
40812
38894
40813
38895
40814
38896
40815
38897
40816
38898
40817
38899
40818
38900
40819
38901
40820
38902
40821
38903
40822
38904
40823
38905
40824
38906
40825
38907
40826
38908
40827
38909
40828
38910
40829
38911
40830
38912
40831
38913
40832
38914
40833
38915
40834
38916
40835
38917
40836
38918
40837
38919
40838
38920
40839
38921
40840
38922
40841
38923
40842
38924
40843
38925
40844
38926
40845
38927
40846
38928
40847
38929
40848
38930
40849
38931
40850
38932
40851
38933
40852
38934
40853
38935
40854
38936
40855
38937
40856
38938
40857
38939
40858
38940
40859
38941
40860
38942
40861
38943
40862
38944
40863
38945
40864
38946
40865
38947
40866
38948
40867
38949
40868
38950
40869
38951
40870
38952
40871
38953
40872
38954
40873
38955
40874
38956
40875
38957
40876
38958
40877
38959
40878
38960
40879
38961
40880
38962
40881
38963
40882
38964
40883
38965
40884
38966
40885
38967
40886
38968
40887
38969
40888
38970
40889
38971
40890
38972
40891
38973
40892
38974
40893
38975
40894
38976
40895
38977
40896
38978
40897
38979
40898
38980
40899
38981
40900
38982
40901
38983
40902
38984
40903
38985
40904
38986
40905
38987
40906
38988
40907
38989
40908
38990
40909
38991
40910
38992
40911
38993
40912
38994
40913
38995
40914
38996
40915
38997
40916
38998
40917
38999
40918
39000
40919
39001
40920
39002
40921
39003
40922
39004
40923
39005
40924
39006
40925
39007
40926
39008
40927
39009
40928
39010
40929
39011
40930
39012
40931
39013
40932
39014
40933
39015
40934
39016
40935
39017
40936
39018
40937
39019
40938
39020
40939
39021
40940
39022
40941
39023
40942
39024
40943
39025
40944
39026
40945
39027
40946
39028
40947
39029
40948
39030
40949
39031
40950
39032
40951
39033
40952
39034
40953
39035
40954
39036
40955
39037
40956
39038
40957
39039
40958
39040
40959
39041
40960
39042
40961
39043
40962
39044
40963
39045
40964
39046
40965
39047
40966
39048
40967
39049
40968
39050
40969
39051
40970
39052
40971
39053
40972
39054
40973
39055
40974
39056
40975
39057
40976
39058
40977
39059
40978
39060
40979
39061
40980
39062
40981
39063
40982
39064
40983
39065
40984
39066
40985
39067
40986
39068
40987
39069
40988
39070
40989
39071
40990
39072
40991
39073
40992
39074
40993
39075
40994
39076
40995
39077
40996
39078
40997
39079
40998
39080
40999
39081
41000
39082
41001
39083
41002
39084
41003
39085
41004
39086
41005
39087
41006
39088
41007
39089
41008
39090
41009
39091
41010
39092
41011
39093
41012
39094
41013
39095
41014
39096
41015
39097
41016
39098
41017
39099
41018
39100
41019
39101
41020
39102
41021
39103
41022
39104
41023
39105
41024
39106
41025
39107
41026
39108
41027
39109
41028
39110
41029
39111
41030
39112
41031
39113
41032
39114
41033
39115
41034
39116
41035
39117
41036
39118
41037
39119
41038
39120
41039
39121
41040
39122
41041
39123
41042
39124
41043
39125
41044
39126
41045
39127
41046
39128
41047
39129
41048
39130
41049
39131
41050
39132
41051
39133
41052
39134
41053
39135
41054
39136
41055
39137
41056
39138
41057
39139
41058
39140
41059
39141
41060
39142
41061
39143
41062
39144
41063
39145
41064
39146
41065
39147
41066
39148
41067
39149
41068
39150
41069
39151
41070
39152
41071
39153
41072
39154
41073
39155
41074
39156
41075
39157
41076
39158
41077
39159
41078
39160
41079
39161
41080
39162
41081
39163
41082
39164
41083
39165
41084
39166
41085
39167
41086
39168
41087
39169
41088
39170
41089
39171
41090
39172
41091
39173
41092
39174
41093
39175
41094
39176
41095
39177
41096
39178
41097
39179
41098
39180
41099
39181
41100
39182
41101
39183
41102
39184
41103
39185
41104
39186
41105
39187
41106
39188
41107
39189
41108
39190
41109
39191
41110
39192
41111
39193
41112
39194
41113
39195
41114
39196
41115
39197
41116
39198
41117
39199
41118
39200
41119
39201
41120
39202
41121
39203
41122
39204
41123
39205
41124
39206
41125
39207
41126
39208
41127
39209
41128
39210
41129
39211
41130
39212
41131
39213
41132
39214
41133
39215
41134
39216
41135
39217
41136
39218
41137
39219
41138
39220
41139
39221
41140
39222
41141
39223
41142
39224
41143
39225
41144
39226
41145
39227
41146
39228
41147
39229
41148
39230
41149
39231
41150
39232
41151
39233
41152
39234
41153
39235
41154
39236
41155
39237
41156
39238
41157
39239
41158
39240
41159
39241
41160
39242
41161
39243
41162
39244
41163
39245
41164
39246
41165
39247
41166
39248
41167
39249
41168
39250
41169
39251
41170
39252
41171
39253
41172
39254
41173
39255
41174
39256
41175
39257
41176
39258
41177
39259
41178
39260
41179
39261
41180
39262
41181
39263
41182
39264
41183
39265
41184
39266
41185
39267
41186
39268
41187
39269
41188
39270
41189
39271
41190
39272
41191
39273
41192
39274
41193
39275
41194
39276
41195
39277
41196
39278
41197
39279
41198
39280
41199
39281
41200
39282
41201
39283
41202
39284
41203
39285
41204
39286
41205
39287
41206
39288
41207
39289
41208
39290
41209
39291
41210
39292
41211
39293
41212
39294
41213
39295
41214
39296
41215
39297
41216
39298
41217
39299
41218
39300
41219
39301
41220
39302
41221
39303
41222
39304
41223
39305
41224
39306
41225
39307
41226
39308
41227
39309
41228
39310
41229
39311
41230
39312
41231
39313
41232
39314
41233
39315
41234
39316
41235
39317
41236
39318
41237
39319
41238
39320
41239
39321
41240
39322
41241
39323
41242
39324
41243
39325
41244
39326
41245
39327
41246
39328
41247
39329
41248
39330
41249
39331
41250
39332
41251
39333
41252
39334
41253
39335
41254
39336
41255
39337
41256
39338
41257
39339
41258
39340
41259
39341
41260
39342
41261
39343
41262
39344
41263
39345
41264
39346
41265
39347
41266
39348
41267
39349
41268
39350
41269
39351
41270
39352
41271
39353
41272
39354
41273
39355
41274
39356
41275
39357
41276
39358
41277
39359
41278
39360
41279
39361
41280
39362
41281
39363
41282
39364
41283
39365
41284
39366
41285
39367
41286
39368
41287
39369
41288
39370
41289
39371
41290
39372
41291
39373
41292
39374
41293
39375
41294
39376
41295
39377
41296
39378
41297
39379
41298
39380
41299
39381
41300
39382
41301
39383
41302
39384
41303
39385
41304
39386
41305
39387
41306
39388
41307
39389
41308
39390
41309
39391
41310
39392
41311
39393
41312
39394
41313
39395
41314
39396
41315
39397
41316
39398
41317
39399
41318
39400
41319
39401
41320
39402
41321
39403
41322
39404
41323
39405
41324
39406
41325
39407
41326
39408
41327
39409
41328
39410
41329
39411
41330
39412
41331
39413
41332
39414
41333
39415
41334
39416
41335
39417
41336
39418
41337
39419
41338
39420
41339
39421
41340
39422
41341
39423
41342
39424
41343
39425
41344
39426
41345
39427
41346
39428
41347
39429
41348
39430
41349
39431
41350
39432
41351
39433
41352
39434
41353
39435
41354
39436
41355
39437
41356
39438
41357
39439
41358
39440
41359
39441
41360
39442
41361
39443
41362
39444
41363
39445
41364
39446
41365
39447
41366
39448
41367
39449
41368
39450
41369
39451
41370
39452
41371
39453
41372
39454
41373
39455
41374
39456
41375
39457
41376
39458
41377
39459
41378
39460
41379
39461
41380
39462
41381
39463
41382
39464
41383
39465
41384
39466
41385
39467
41386
39468
41387
39469
41388
39470
41389
39471
41390
39472
41391
39473
41392
39474
41393
39475
41394
39476
41395
39477
41396
39478
41397
39479
41398
39480
41399
39481
41400
39482
41401
39483
41402
39484
41403
39485
41404
39486
41405
39487
41406
39488
41407
39489
41408
39490
41409
39491
41410
39492
41411
39493
41412
39494
41413
39495
41414
39496
41415
39497
41416
39498
41417
39499
41418
39500
41419
39501
41420
39502
41421
39503
41422
39504
41423
39505
41424
39506
41425
39507
41426
39508
41427
39509
41428
39510
41429
39511
41430
39512
41431
39513
41432
39514
41433
39515
41434
39516
41435
39517
41436
39518
41437
39519
41438
39520
41439
39521
41440
39522
41441
39523
41442
39524
41443
39525
41444
39526
41445
39527
41446
39528
41447
39529
41448
39530
41449
39531
41450
39532
41451
39533
41452
39534
41453
39535
41454
39536
41455
39537
41456
39538
41457
39539
41458
39540
41459
39541
41460
39542
41461
39543
41462
39544
41463
39545
41464
39546
41465
39547
41466
39548
41467
39549
41468
39550
41469
39551
41470
39552
41471
39553
41472
39554
41473
39555
41474
39556
41475
39557
41476
39558
41477
39559
41478
39560
41479
39561
41480
39562
41481
39563
41482
39564
41483
39565
41484
39566
41485
39567
41486
39568
41487
39569
41488
39570
41489
39571
41490
39572
41491
39573
41492
39574
41493
39575
41494
39576
41495
39577
41496
39578
41497
39579
41498
39580
41499
39581
41500
39582
41501
39583
41502
39584
41503
39585
41504
39586
41505
39587
41506
39588
41507
39589
41508
39590
41509
39591
41510
39592
41511
39593
41512
39594
41513
39595
41514
39596
41515
39597
41516
39598
41517
39599
41518
39600
41519
39601
41520
39602
41521
39603
41522
39604
41523
39605
41524
39606
41525
39607
41526
39608
41527
39609
41528
39610
41529
39611
41530
39612
41531
39613
41532
39614
41533
39615
41534
39616
41535
39617
41536
39618
41537
39619
41538
39620
41539
39621
41540
39622
41541
39623
41542
39624
41543
39625
41544
39626
41545
39627
41546
39628
41547
39629
41548
39630
41549
39631
41550
39632
41551
39633
41552
39634
41553
39635
41554
39636
41555
39637
41556
39638
41557
39639
41558
39640
41559
39641
41560
39642
41561
39643
41562
39644
41563
39645
41564
39646
41565
39647
41566
39648
41567
39649
41568
39650
41569
39651
41570
39652
41571
39653
41572
39654
41573
39655
41574
39656
41575
39657
41576
39658
41577
39659
41578
39660
41579
39661
41580
39662
41581
39663
41582
39664
41583
39665
41584
39666
41585
39667
41586
39668
41587
39669
41588
39670
41589
39671
41590
39672
41591
39673
41592
39674
41593
39675
41594
39676
41595
39677
41596
39678
41597
39679
41598
39680
41599
39681
41600
39682
41601
39683
41602
39684
41603
39685
41604
39686
41605
39687
41606
39688
41607
39689
41608
39690
41609
39691
41610
39692
41611
39693
41612
39694
41613
39695
41614
39696
41615
39697
41616
39698
41617
39699
41618
39700
41619
39701
41620
39702
41621
39703
41622
39704
41623
39705
41624
39706
41625
39707
41626
39708
41627
39709
41628
39710
41629
39711
41630
39712
41631
39713
41632
39714
41633
39715
41634
39716
41635
39717
41636
39718
41637
39719
41638
39720
41639
39721
41640
39722
41641
39723
41642
39724
41643
39725
41644
39726
41645
39727
41646
39728
41647
39729
41648
39730
41649
39731
41650
39732
41651
39733
41652
39734
41653
39735
41654
39736
41655
39737
41656
39738
41657
39739
41658
39740
41659
39741
41660
39742
41661
39743
41662
39744
41663
39745
41664
39746
41665
39747
41666
39748
41667
39749
41668
39750
41669
39751
41670
39752
41671
39753
41672
39754
41673
39755
41674
39756
41675
39757
41676
39758
41677
39759
41678
39760
41679
39761
41680
39762
41681
39763
41682
39764
41683
39765
41684
39766
41685
39767
41686
39768
41687
39769
41688
39770
41689
39771
41690
39772
41691
39773
41692
39774
41693
39775
41694
39776
41695
39777
41696
39778
41697
39779
41698
39780
41699
39781
41700
39782
41701
39783
41702
39784
41703
39785
41704
39786
41705
39787
41706
39788
41707
39789
41708
39790
41709
39791
41710
39792
41711
39793
41712
39794
41713
39795
41714
39796
41715
39797
41716
39798
41717
39799
41718
39800
41719
39801
41720
39802
41721
39803
41722
39804
41723
39805
41724
39806
41725
39807
41726
39808
41727
39809
41728
39810
41729
39811
41730
39812
41731
39813
41732
39814
41733
39815
41734
39816
41735
39817
41736
39818
41737
39819
41738
39820
41739
39821
41740
39822
41741
39823
41742
39824
41743
39825
41744
39826
41745
39827
41746
39828
41747
39829
41748
39830
41749
39831
41750
39832
41751
39833
41752
39834
41753
39835
41754
39836
41755
39837
41756
39838
41757
39839
41758
39840
41759
39841
41760
39842
41761
39843
41762
39844
41763
39845
41764
39846
41765
39847
41766
39848
41767
39849
41768
39850
41769
39851
41770
39852
41771
39853
41772
39854
41773
39855
41774
39856
41775
39857
41776
39858
41777
39859
41778
39860
41779
39861
41780
39862
41781
39863
41782
39864
41783
39865
41784
39866
41785
39867
41786
39868
41787
39869
41788
39870
41789
39871
41790
39872
41791
39873
41792
39874
41793
39875
41794
39876
41795
39877
41796
39878
41797
39879
41798
39880
41799
39881
41800
39882
41801
39883
41802
39884
41803
39885
41804
39886
41805
39887
41806
39888
41807
39889
41808
39890
41809
39891
41810
39892
41811
39893
41812
39894
41813
39895
41814
39896
41815
39897
41816
39898
41817
39899
41818
39900
41819
39901
41820
39902
41821
39903
41822
39904
41823
39905
41824
39906
41825
39907
41826
39908
41827
39909
41828
39910
41829
39911
41830
39912
41831
39913
41832
39914
41833
39915
41834
39916
41835
39917
41836
39918
41837
39919
41838
39920
41839
39921
41840
39922
41841
39923
41842
39924
41843
39925
41844
39926
41845
39927
41846
39928
41847
39929
41848
39930
41849
39931
41850
39932
41851
39933
41852
39934
41853
39935
41854
39936
41855
39937
41856
39938
41857
39939
41858
39940
41859
39941
41860
39942
41861
39943
41862
39944
41863
39945
41864
39946
41865
39947
41866
39948
41867
39949
41868
39950
41869
39951
41870
39952
41871
39953
41872
39954
41873
39955
41874
39956
41875
39957
41876
39958
41877
39959
41878
39960
41879
39961
41880
39962
41881
39963
41882
39964
41883
39965
41884
39966
41885
39967
41886
39968
41887
39969
41888
39970
41889
39971
41890
39972
41891
39973
41892
39974
41893
39975
41894
39976
41895
39977
41896
39978
41897
39979
41898
39980
41899
39981
41900
39982
41901
39983
41902
39984
41903
39985
41904
39986
41905
39987
41906
39988
41907
39989
41908
39990
41909
39991
41910
39992
41911
39993
41912
39994
41913
39995
41914
39996
41915
39997
41916
39998
41917
39999
41918
40000
41919
40001
41920
40002
41921
40003
41922
40004
41923
40005
41924
40006
41925
40007
41926
40008
41927
40009
41928
40010
41929
40011
41930
40012
41931
40013
41932
40014
41933
40015
41934
40016
41935
40017
41936
40018
41937
40019
41938
40020
41939
40021
41940
40022
41941
40023
41942
40024
41943
40025
41944
40026
41945
40027
41946
40028
41947
40029
41948
40030
41949
40031
41950
40032
41951
40033
41952
40034
41953
40035
41954
40036
41955
40037
41956
40038
41957
40039
41958
40040
41959
40041
41960
40042
41961
40043
41962
40044
41963
40045
41964
40046
41965
40047
41966
40048
41967
40049
41968
40050
41969
40051
41970
40052
41971
40053
41972
40054
41973
40055
41974
40056
41975
40057
41976
40058
41977
40059
41978
40060
41979
40061
41980
40062
41981
40063
41982
40064
41983
40065
41984
40066
41985
40067
41986
40068
41987
40069
41988
40070
41989
40071
41990
40072
41991
40073
41992
40074
41993
40075
41994
40076
41995
40077
41996
40078
41997
40079
41998
40080
41999
40081
42000
40082
42001
40083
42002
40084
42003
40085
42004
40086
42005
40087
42006
40088
42007
40089
42008
40090
42009
40091
42010
40092
42011
40093
42012
40094
42013
40095
42014
40096
42015
40097
42016
40098
42017
40099
42018
40100
42019
40101
42020
40102
42021
40103
42022
40104
42023
40105
42024
40106
42025
40107
42026
40108
42027
40109
42028
40110
42029
40111
42030
40112
42031
40113
42032
40114
42033
40115
42034
40116
42035
40117
42036
40118
42037
40119
42038
40120
42039
40121
42040
40122
42041
40123
42042
40124
42043
40125
42044
40126
42045
40127
42046
40128
42047
40129
42048
40130
42049
40131
42050
40132
42051
40133
42052
40134
42053
40135
42054
40136
42055
40137
42056
40138
42057
40139
42058
40140
42059
40141
42060
40142
42061
40143
42062
40144
42063
40145
42064
40146
42065
40147
42066
40148
42067
40149
42068
40150
42069
40151
42070
40152
42071
40153
42072
40154
42073
40155
42074
40156
42075
40157
42076
40158
42077
40159
42078
40160
42079
40161
42080
40162
42081
40163
42082
40164
42083
40165
42084
40166
42085
40167
42086
40168
42087
40169
42088
40170
42089
40171
42090
40172
42091
40173
42092
40174
42093
40175
42094
40176
42095
40177
42096
40178
42097
40179
42098
40180
42099
40181
42100
40182
42101
40183
42102
40184
42103
40185
42104
40186
42105
40187
42106
40188
42107
40189
42108
40190
42109
40191
42110
40192
42111
40193
42112
40194
42113
40195
42114
40196
42115
40197
42116
40198
42117
40199
42118
40200
42119
40201
42120
40202
42121
40203
42122
40204
42123
40205
42124
40206
42125
40207
42126
40208
42127
40209
42128
40210
42129
40211
42130
40212
42131
40213
42132
40214
42133
40215
42134
40216
42135
40217
42136
40218
42137
40219
42138
40220
42139
40221
42140
40222
42141
40223
42142
40224
42143
40225
42144
40226
42145
40227
42146
40228
42147
40229
42148
40230
42149
40231
42150
40232
42151
40233
42152
40234
42153
40235
42154
40236
42155
40237
42156
40238
42157
40239
42158
40240
42159
40241
42160
40242
42161
40243
42162
40244
42163
40245
42164
40246
42165
40247
42166
40248
42167
40249
42168
40250
42169
40251
42170
40252
42171
40253
42172
40254
42173
40255
42174
40256
42175
40257
42176
40258
42177
40259
42178
40260
42179
40261
42180
40262
42181
40263
42182
40264
42183
40265
42184
40266
42185
40267
42186
40268
42187
40269
42188
40270
42189
40271
42190
40272
42191
40273
42192
40274
42193
40275
42194
40276
42195
40277
42196
40278
42197
40279
42198
40280
42199
40281
42200
40282
42201
40283
42202
40284
42203
40285
42204
40286
42205
40287
42206
40288
42207
40289
42208
40290
42209
40291
42210
40292
42211
40293
42212
40294
42213
40295
42214
40296
42215
40297
42216
40298
42217
40299
42218
40300
42219
40301
42220
40302
42221
40303
42222
40304
42223
40305
42224
40306
42225
40307
42226
40308
42227
40309
42228
40310
42229
40311
42230
40312
42231
40313
42232
40314
42233
40315
42234
40316
42235
40317
42236
40318
42237
40319
42238
42239
40321
42240
40322
42241
40323
42242
40324
42243
40325
42244
40326
42245
40327
42246
40328
42247
40329
42248
40330
42249
40331
42250
40332
42251
40333
42252
40334
42253
40335
42254
40336
42255
40337
42256
40338
42257
40339
42258
40340
42259
40341
42260
40342
42261
40343
42262
40344
42263
40345
42264
40346
42265
40347
42266
40348
42267
40349
42268
40350
42269
40351
42270
40352
42271
40353
42272
40354
42273
40355
42274
40356
42275
40357
42276
40358
42277
40359
42278
40360
42279
40361
42280
40362
42281
40363
42282
40364
42283
40365
42284
40366
42285
40367
42286
40368
42287
40369
42288
40370
42289
40371
42290
40372
42291
40373
42292
40374
42293
40375
42294
40376
42295
40377
42296
40378
42297
40379
42298
40380
42299
40381
42300
40382
42301
40383
42302
40384
42303
40385
42304
40386
42305
40387
42306
40388
42307
40389
42308
40390
42309
40391
42310
40392
42311
40393
42312
40394
42313
40395
42314
40396
42315
40397
42316
40398
42317
40399
42318
40400
42319
40401
42320
40402
42321
40403
42322
40404
42323
40405
42324
40406
42325
40407
42326
40408
42327
40409
42328
40410
42329
40411
42330
40412
42331
40413
42332
40414
42333
40415
42334
40416
42335
40417
42336
40418
42337
40419
42338
40420
42339
40421
42340
40422
42341
40423
42342
40424
42343
40425
42344
40426
42345
40427
42346
40428
42347
40429
42348
40430
42349
40431
42350
40432
42351
40433
42352
40434
42353
40435
42354
40436
42355
40437
42356
40438
42357
40439
42358
40440
42359
40441
42360
40442
42361
40443
42362
40444
42363
40445
42364
40446
42365
40447
42366
40448
42367
40449
42368
40450
42369
40451
42370
40452
42371
40453
42372
40454
42373
40455
42374
40456
42375
40457
42376
40458
42377
40459
42378
40460
42379
40461
42380
40462
42381
40463
42382
40464
42383
40465
42384
40466
42385
40467
42386
40468
42387
40469
42388
40470
42389
40471
42390
40472
42391
40473
42392
40474
42393
40475
42394
40476
42395
40477
42396
40478
42397
40479
42398
40480
42399
40481
42400
40482
42401
40483
42402
40484
42403
40485
42404
40486
42405
40487
42406
40488
42407
40489
42408
40490
42409
40491
42410
40492
42411
40493
42412
40494
42413
40495
42414
40496
42415
40497
42416
40498
42417
40499
42418
40500
42419
40501
42420
40502
42421
40503
42422
40504
42423
40505
42424
40506
42425
40507
42426
40508
42427
40509
42428
40510
42429
40511
42430
40512
42431
40513
42432
40514
42433
40515
42434
40516
42435
40517
42436
40518
42437
40519
42438
40520
42439
40521
42440
40522
42441
40523
42442
40524
42443
40525
42444
40526
42445
40527
42446
40528
42447
40529
42448
40530
42449
40531
42450
40532
42451
40533
42452
40534
42453
40535
42454
40536
42455
40537
42456
40538
42457
40539
42458
40540
42459
40541
42460
40542
42461
40543
42462
40544
42463
40545
42464
40546
42465
40547
42466
40548
42467
40549
42468
40550
42469
40551
42470
40552
42471
40553
42472
40554
42473
40555
42474
40556
42475
40557
42476
40558
42477
40559
42478
40560
42479
40561
42480
40562
42481
40563
42482
40564
42483
40565
42484
40566
42485
40567
42486
40568
42487
40569
42488
40570
42489
40571
42490
40572
42491
40573
42492
40574
42493
40575
42494
40576
42495
40577
42496
40578
42497
40579
42498
40580
42499
40581
42500
40582
42501
40583
42502
40584
42503
40585
42504
40586
42505
40587
42506
40588
42507
40589
42508
40590
42509
40591
42510
40592
42511
40593
42512
40594
42513
40595
42514
40596
42515
40597
42516
40598
42517
40599
42518
40600
42519
40601
42520
40602
42521
40603
42522
40604
42523
40605
42524
40606
42525
40607
42526
40608
42527
40609
42528
40610
42529
40611
42530
40612
42531
40613
42532
40614
42533
40615
42534
40616
42535
40617
42536
40618
42537
40619
42538
40620
42539
40621
42540
40622
42541
40623
42542
40624
42543
40625
42544
40626
42545
40627
42546
40628
42547
40629
42548
40630
42549
40631
42550
40632
42551
40633
42552
40634
42553
40635
42554
40636
42555
40637
42556
40638
42557
40639
42558
40640
42559
40641
42560
40642
42561
40643
42562
40644
42563
40645
42564
40646
42565
40647
42566
40648
42567
40649
42568
40650
42569
40651
42570
40652
42571
40653
42572
40654
42573
40655
42574
40656
42575
40657
42576
40658
42577
40659
42578
40660
42579
40661
42580
40662
42581
40663
42582
40664
42583
40665
42584
40666
42585
40667
42586
40668
42587
40669
42588
40670
42589
40671
42590
40672
42591
40673
42592
40674
42593
40675
42594
40676
42595
40677
42596
40678
42597
40679
42598
40680
42599
40681
42600
40682
42601
40683
42602
40684
42603
40685
42604
40686
42605
40687
42606
40688
42607
40689
42608
40690
42609
40691
42610
40692
42611
40693
42612
40694
42613
40695
42614
40696
42615
40697
42616
40698
42617
40699
42618
40700
42619
40701
42620
40702
42621
40703
42622
40704
42623
40705
42624
40706
42625
40707
42626
40708
42627
40709
42628
40710
42629
40711
42630
40712
42631
40713
42632
40714
42633
40715
42634
40716
42635
40717
42636
40718
42637
40719
42638
40720
42639
40721
42640
40722
42641
40723
42642
40724
42643
40725
42644
40726
42645
40727
42646
40728
42647
40729
42648
40730
42649
40731
42650
40732
42651
40733
42652
40734
42653
40735
42654
40736
42655
40737
42656
40738
42657
40739
42658
40740
42659
40741
42660
40742
42661
40743
42662
40744
42663
40745
42664
40746
42665
40747
42666
40748
42667
40749
42668
40750
42669
40751
42670
40752
42671
40753
42672
40754
42673
40755
42674
40756
42675
40757
42676
40758
42677
40759
42678
40760
42679
40761
42680
40762
42681
40763
42682
40764
42683
40765
42684
40766
42685
40767
42686
40768
42687
40769
42688
40770
42689
40771
42690
40772
42691
40773
42692
40774
42693
40775
42694
40776
42695
40777
42696
40778
42697
40779
42698
40780
42699
40781
42700
40782
42701
40783
42702
40784
42703
40785
42704
40786
42705
40787
42706
40788
42707
40789
42708
40790
42709
40791
42710
40792
42711
40793
42712
40794
42713
40795
42714
40796
42715
40797
42716
40798
42717
40799
42718
40800
42719
40801
42720
40802
42721
40803
42722
40804
42723
40805
42724
40806
42725
40807
42726
40808
42727
40809
42728
40810
42729
40811
42730
40812
42731
40813
42732
40814
42733
40815
42734
40816
42735
40817
42736
40818
42737
40819
42738
40820
42739
40821
42740
40822
42741
40823
42742
40824
42743
40825
42744
40826
42745
40827
42746
40828
42747
40829
42748
40830
42749
40831
42750
40832
42751
40833
42752
40834
42753
40835
42754
40836
42755
40837
42756
40838
42757
40839
42758
40840
42759
40841
42760
40842
42761
40843
42762
40844
42763
40845
42764
40846
42765
40847
42766
40848
42767
40849
42768
40850
42769
40851
42770
40852
42771
40853
42772
40854
42773
40855
42774
40856
42775
40857
42776
40858
42777
40859
42778
40860
42779
40861
42780
40862
42781
40863
42782
40864
42783
40865
42784
40866
42785
40867
42786
40868
42787
40869
42788
40870
42789
40871
42790
40872
42791
40873
42792
40874
42793
40875
42794
40876
42795
40877
42796
40878
42797
40879
42798
40880
42799
40881
42800
40882
42801
40883
42802
40884
42803
40885
42804
40886
42805
40887
42806
40888
42807
40889
42808
40890
42809
40891
42810
40892
42811
40893
42812
40894
42813
40895
42814
40896
42815
40897
42816
40898
42817
40899
42818
40900
42819
40901
42820
40902
42821
40903
42822
40904
42823
40905
42824
40906
42825
40907
42826
40908
42827
40909
42828
40910
42829
40911
42830
40912
42831
40913
42832
40914
42833
40915
42834
40916
42835
40917
42836
40918
42837
40919
42838
40920
42839
40921
42840
40922
42841
40923
42842
40924
42843
40925
42844
40926
42845
40927
42846
40928
42847
40929
42848
40930
42849
40931
42850
40932
42851
40933
42852
40934
42853
40935
42854
40936
42855
40937
42856
40938
42857
40939
42858
40940
42859
40941
42860
40942
42861
40943
42862
40944
42863
40945
42864
40946
42865
40947
42866
40948
42867
40949
42868
40950
42869
40951
42870
40952
42871
40953
42872
40954
42873
40955
42874
40956
42875
40957
42876
40958
42877
40959
42878
40960
42879
40961
42880
40962
42881
40963
42882
40964
42883
40965
42884
40966
42885
40967
42886
40968
42887
40969
42888
40970
42889
40971
42890
40972
42891
40973
42892
40974
42893
40975
42894
40976
42895
40977
42896
40978
42897
40979
42898
40980
42899
40981
42900
40982
42901
40983
42902
40984
42903
40985
42904
40986
42905
40987
42906
40988
42907
40989
42908
40990
42909
40991
42910
40992
42911
40993
42912
40994
42913
40995
42914
40996
42915
40997
42916
40998
42917
40999
42918
41000
42919
41001
42920
41002
42921
41003
42922
41004
42923
41005
42924
41006
42925
41007
42926
41008
42927
41009
42928
41010
42929
41011
42930
41012
42931
41013
42932
41014
42933
41015
42934
41016
42935
41017
42936
41018
42937
41019
42938
41020
42939
41021
42940
41022
42941
41023
42942
41024
42943
41025
42944
41026
42945
41027
42946
41028
42947
41029
42948
41030
42949
41031
42950
41032
42951
41033
42952
41034
42953
41035
42954
41036
42955
41037
42956
41038
42957
41039
42958
41040
42959
41041
42960
41042
42961
41043
42962
41044
42963
41045
42964
41046
42965
41047
42966
41048
42967
41049
42968
41050
42969
41051
42970
41052
42971
41053
42972
41054
42973
41055
42974
41056
42975
41057
42976
41058
42977
41059
42978
41060
42979
41061
42980
41062
42981
41063
42982
41064
42983
41065
42984
41066
42985
41067
42986
41068
42987
41069
42988
41070
42989
41071
42990
41072
42991
41073
42992
41074
42993
41075
42994
41076
42995
41077
42996
41078
42997
41079
42998
41080
42999
41081
43000
41082
43001
41083
43002
41084
43003
41085
43004
41086
43005
41087
43006
41088
43007
41089
43008
41090
43009
41091
43010
41092
43011
41093
43012
41094
43013
41095
43014
41096
43015
41097
43016
41098
43017
41099
43018
41100
43019
41101
43020
41102
43021
41103
43022
41104
43023
41105
43024
41106
43025
41107
43026
41108
43027
41109
43028
41110
43029
41111
43030
41112
43031
41113
43032
41114
43033
41115
43034
41116
43035
41117
43036
41118
43037
41119
43038
41120
43039
41121
43040
41122
43041
41123
43042
41124
43043
41125
43044
41126
43045
41127
43046
41128
43047
41129
43048
41130
43049
41131
43050
41132
43051
41133
43052
41134
43053
41135
43054
41136
43055
41137
43056
41138
43057
41139
43058
41140
43059
41141
43060
41142
43061
41143
43062
41144
43063
41145
43064
41146
43065
41147
43066
41148
43067
41149
43068
41150
43069
41151
43070
41152
43071
41153
43072
41154
43073
41155
43074
41156
43075
41157
43076
41158
43077
41159
43078
41160
43079
41161
43080
41162
43081
41163
43082
41164
43083
41165
43084
41166
43085
41167
43086
41168
43087
41169
43088
41170
43089
41171
43090
41172
43091
41173
43092
41174
43093
41175
43094
41176
43095
41177
43096
41178
43097
41179
43098
41180
43099
41181
43100
41182
43101
41183
43102
41184
43103
41185
43104
41186
43105
41187
43106
41188
43107
41189
43108
41190
43109
41191
43110
41192
43111
41193
43112
41194
43113
41195
43114
41196
43115
41197
43116
41198
43117
41199
43118
41200
43119
41201
43120
41202
43121
41203
43122
41204
43123
41205
43124
41206
43125
41207
43126
41208
43127
41209
43128
41210
43129
41211
43130
41212
43131
41213
43132
41214
43133
41215
43134
41216
43135
41217
43136
41218
43137
41219
43138
41220
43139
41221
43140
41222
43141
41223
43142
41224
43143
41225
43144
41226
43145
41227
43146
41228
43147
41229
43148
41230
43149
41231
43150
41232
43151
41233
43152
41234
43153
41235
43154
41236
43155
41237
43156
41238
43157
41239
43158
41240
43159
41241
43160
41242
43161
41243
43162
41244
43163
41245
43164
41246
43165
41247
43166
41248
43167
41249
43168
41250
43169
41251
43170
41252
43171
41253
43172
41254
43173
41255
43174
41256
43175
41257
43176
41258
43177
41259
43178
41260
43179
41261
43180
41262
43181
41263
43182
41264
43183
41265
43184
41266
43185
41267
43186
41268
43187
41269
43188
41270
43189
41271
43190
41272
43191
41273
43192
41274
43193
41275
43194
41276
43195
41277
43196
41278
43197
41279
43198
41280
43199
41281
43200
41282
43201
41283
43202
41284
43203
41285
43204
41286
43205
41287
43206
41288
43207
41289
43208
41290
43209
41291
43210
41292
43211
41293
43212
41294
43213
41295
43214
41296
43215
41297
43216
41298
43217
41299
43218
41300
43219
41301
43220
41302
43221
41303
43222
41304
43223
41305
43224
41306
43225
41307
43226
41308
43227
41309
43228
41310
43229
41311
43230
41312
43231
41313
43232
41314
43233
41315
43234
41316
43235
41317
43236
41318
43237
41319
43238
41320
43239
41321
43240
41322
43241
41323
43242
41324
43243
41325
43244
41326
43245
41327
43246
41328
43247
41329
43248
41330
43249
41331
43250
41332
43251
41333
43252
41334
43253
41335
43254
41336
43255
41337
43256
41338
43257
41339
43258
41340
43259
41341
43260
41342
43261
41343
43262
41344
43263
41345
43264
41346
43265
41347
43266
41348
43267
41349
43268
41350
43269
41351
43270
41352
43271
41353
43272
41354
43273
41355
43274
41356
43275
41357
43276
41358
43277
41359
43278
41360
43279
41361
43280
41362
43281
41363
43282
41364
43283
41365
43284
41366
43285
41367
43286
41368
43287
41369
43288
41370
43289
41371
43290
41372
43291
41373
43292
41374
43293
41375
43294
41376
43295
41377
43296
41378
43297
41379
43298
41380
43299
41381
43300
41382
43301
41383
43302
41384
43303
41385
43304
41386
43305
41387
43306
41388
43307
41389
43308
41390
43309
41391
43310
41392
43311
41393
43312
41394
43313
41395
43314
41396
43315
41397
43316
41398
43317
41399
43318
41400
43319
41401
43320
41402
43321
41403
43322
41404
43323
41405
43324
41406
43325
41407
43326
41408
43327
41409
43328
41410
43329
41411
43330
41412
43331
41413
43332
41414
43333
41415
43334
41416
43335
41417
43336
41418
43337
41419
43338
41420
43339
41421
43340
41422
43341
41423
43342
41424
43343
41425
43344
41426
43345
41427
43346
41428
43347
41429
43348
41430
43349
41431
43350
41432
43351
41433
43352
41434
43353
41435
43354
41436
43355
41437
43356
41438
43357
41439
43358
41440
43359
41441
43360
41442
43361
41443
43362
41444
43363
41445
43364
41446
43365
41447
43366
41448
43367
41449
43368
41450
43369
41451
43370
41452
43371
41453
43372
41454
43373
41455
43374
41456
43375
41457
43376
41458
43377
41459
43378
41460
43379
41461
43380
41462
43381
41463
43382
41464
43383
41465
43384
41466
43385
41467
43386
41468
43387
41469
43388
41470
43389
41471
43390
41472
43391
41473
43392
41474
43393
41475
43394
41476
43395
41477
43396
41478
43397
41479
43398
41480
43399
41481
43400
41482
43401
41483
43402
41484
43403
41485
43404
41486
43405
41487
43406
41488
43407
41489
43408
41490
43409
41491
43410
41492
43411
41493
43412
41494
43413
41495
43414
41496
43415
41497
43416
41498
43417
41499
43418
41500
43419
41501
43420
41502
43421
41503
43422
41504
43423
41505
43424
41506
43425
41507
43426
41508
43427
41509
43428
41510
43429
41511
43430
41512
43431
41513
43432
41514
43433
41515
43434
41516
43435
41517
43436
41518
43437
41519
43438
41520
43439
41521
43440
41522
43441
41523
43442
41524
43443
41525
43444
41526
43445
41527
43446
41528
43447
41529
43448
41530
43449
41531
43450
41532
43451
41533
43452
41534
43453
41535
43454
41536
43455
41537
43456
41538
43457
41539
43458
41540
43459
41541
43460
41542
43461
41543
43462
41544
43463
41545
43464
41546
43465
41547
43466
41548
43467
41549
43468
41550
43469
41551
43470
41552
43471
41553
43472
41554
43473
41555
43474
41556
43475
41557
43476
41558
43477
41559
43478
41560
43479
41561
43480
41562
43481
41563
43482
41564
43483
41565
43484
41566
43485
41567
43486
41568
43487
41569
43488
41570
43489
41571
43490
41572
43491
41573
43492
41574
43493
41575
43494
41576
43495
41577
43496
41578
43497
41579
43498
41580
43499
41581
43500
41582
43501
41583
43502
41584
43503
41585
43504
41586
43505
41587
43506
41588
43507
41589
43508
41590
43509
41591
43510
41592
43511
41593
43512
41594
43513
41595
43514
41596
43515
41597
43516
41598
43517
41599
43518
41600
43519
41601
43520
41602
43521
41603
43522
41604
43523
41605
43524
41606
43525
41607
43526
41608
43527
41609
43528
41610
43529
41611
43530
41612
43531
41613
43532
41614
43533
41615
43534
41616
43535
41617
43536
41618
43537
41619
43538
41620
43539
41621
43540
41622
43541
41623
43542
41624
43543
41625
43544
41626
43545
41627
43546
41628
43547
41629
43548
41630
43549
41631
43550
41632
43551
41633
43552
41634
43553
41635
43554
41636
43555
41637
43556
41638
43557
41639
43558
41640
43559
41641
43560
41642
43561
41643
43562
41644
43563
41645
43564
41646
43565
41647
43566
41648
43567
41649
43568
41650
43569
41651
43570
41652
43571
41653
43572
41654
43573
41655
43574
41656
43575
41657
43576
41658
43577
41659
43578
41660
43579
41661
43580
41662
43581
41663
43582
41664
43583
41665
43584
41666
43585
41667
43586
41668
43587
41669
43588
41670
43589
41671
43590
41672
43591
41673
43592
41674
43593
41675
43594
41676
43595
41677
43596
41678
43597
41679
43598
41680
43599
41681
43600
41682
43601
41683
43602
41684
43603
41685
43604
41686
43605
41687
43606
41688
43607
41689
43608
41690
43609
41691
43610
41692
43611
41693
43612
41694
43613
41695
43614
41696
43615
41697
43616
41698
43617
41699
43618
41700
43619
41701
43620
41702
43621
41703
43622
41704
43623
41705
43624
41706
43625
41707
43626
41708
43627
41709
43628
41710
43629
41711
43630
41712
43631
41713
43632
41714
43633
41715
43634
41716
43635
41717
43636
41718
43637
41719
43638
41720
43639
41721
43640
41722
43641
41723
43642
41724
43643
41725
43644
41726
43645
41727
43646
41728
43647
41729
43648
41730
43649
41731
43650
41732
43651
41733
43652
41734
43653
41735
43654
41736
43655
41737
43656
41738
43657
41739
43658
41740
43659
41741
43660
41742
43661
41743
43662
41744
43663
41745
43664
41746
43665
41747
43666
41748
43667
41749
43668
41750
43669
41751
43670
41752
43671
41753
43672
41754
43673
41755
43674
41756
43675
41757
43676
41758
43677
41759
43678
41760
43679
41761
43680
41762
43681
41763
43682
41764
43683
41765
43684
41766
43685
41767
43686
41768
43687
41769
43688
41770
43689
41771
43690
41772
43691
41773
43692
41774
43693
41775
43694
41776
43695
41777
43696
41778
43697
41779
43698
41780
43699
41781
43700
41782
43701
41783
43702
41784
43703
41785
43704
41786
43705
41787
43706
41788
43707
41789
43708
41790
43709
41791
43710
41792
43711
41793
43712
41794
43713
41795
43714
41796
43715
41797
43716
41798
43717
41799
43718
41800
43719
41801
43720
41802
43721
41803
43722
41804
43723
41805
43724
41806
43725
41807
43726
41808
43727
41809
43728
41810
43729
41811
43730
41812
43731
41813
43732
41814
43733
41815
43734
41816
43735
41817
43736
41818
43737
41819
43738
41820
43739
41821
43740
41822
43741
41823
43742
41824
43743
41825
43744
41826
43745
41827
43746
41828
43747
41829
43748
41830
43749
41831
43750
41832
43751
41833
43752
41834
43753
41835
43754
41836
43755
41837
43756
41838
43757
41839
43758
41840
43759
41841
43760
41842
43761
41843
43762
41844
43763
41845
43764
41846
43765
41847
43766
41848
43767
41849
43768
41850
43769
41851
43770
41852
43771
41853
43772
41854
43773
41855
43774
41856
43775
41857
43776
41858
43777
41859
43778
41860
43779
41861
43780
41862
43781
41863
43782
41864
43783
41865
43784
41866
43785
41867
43786
41868
43787
41869
43788
41870
43789
41871
43790
41872
43791
41873
43792
41874
43793
41875
43794
41876
43795
41877
43796
41878
43797
41879
43798
41880
43799
41881
43800
41882
43801
41883
43802
41884
43803
41885
43804
41886
43805
41887
43806
41888
43807
41889
43808
41890
43809
41891
43810
41892
43811
41893
43812
41894
43813
41895
43814
41896
43815
41897
43816
41898
43817
41899
43818
41900
43819
41901
43820
41902
43821
41903
43822
41904
43823
41905
43824
41906
43825
41907
43826
41908
43827
41909
43828
41910
43829
41911
43830
41912
43831
41913
43832
41914
43833
41915
43834
41916
43835
41917
43836
41918
43837
41919
43838
41920
43839
41921
43840
41922
43841
41923
43842
41924
43843
41925
43844
41926
43845
41927
43846
41928
43847
41929
43848
41930
43849
41931
43850
41932
43851
41933
43852
41934
43853
41935
43854
41936
43855
41937
43856
41938
43857
41939
43858
41940
43859
41941
43860
41942
43861
41943
43862
41944
43863
41945
43864
41946
43865
41947
43866
41948
43867
41949
43868
41950
43869
41951
43870
41952
43871
41953
43872
41954
43873
41955
43874
41956
43875
41957
43876
41958
43877
41959
43878
41960
43879
41961
43880
41962
43881
41963
43882
41964
43883
41965
43884
41966
43885
41967
43886
41968
43887
41969
43888
41970
43889
41971
43890
41972
43891
41973
43892
41974
43893
41975
43894
41976
43895
41977
43896
41978
43897
41979
43898
41980
43899
41981
43900
41982
43901
41983
43902
41984
43903
41985
43904
41986
43905
41987
43906
41988
43907
41989
43908
41990
43909
41991
43910
41992
43911
41993
43912
41994
43913
41995
43914
41996
43915
41997
43916
41998
43917
41999
43918
42000
43919
42001
43920
42002
43921
42003
43922
42004
43923
42005
43924
42006
43925
42007
43926
42008
43927
42009
43928
42010
43929
42011
43930
42012
43931
42013
43932
42014
43933
42015
43934
42016
43935
42017
43936
42018
43937
42019
43938
42020
43939
42021
43940
42022
43941
42023
43942
42024
43943
42025
43944
42026
43945
42027
43946
42028
43947
42029
43948
42030
43949
42031
43950
42032
43951
42033
43952
42034
43953
42035
43954
42036
43955
42037
43956
42038
43957
42039
43958
42040
43959
42041
43960
42042
43961
42043
43962
42044
43963
42045
43964
42046
43965
42047
43966
42048
43967
42049
43968
42050
43969
42051
43970
42052
43971
42053
43972
42054
43973
42055
43974
42056
43975
42057
43976
42058
43977
42059
43978
42060
43979
42061
43980
42062
43981
42063
43982
42064
43983
42065
43984
42066
43985
42067
43986
42068
43987
42069
43988
42070
43989
42071
43990
42072
43991
42073
43992
42074
43993
42075
43994
42076
43995
42077
43996
42078
43997
42079
43998
42080
43999
42081
44000
42082
44001
42083
44002
42084
44003
42085
44004
42086
44005
42087
44006
42088
44007
42089
44008
42090
44009
42091
44010
42092
44011
42093
44012
42094
44013
42095
44014
42096
44015
42097
44016
42098
44017
42099
44018
42100
44019
42101
44020
42102
44021
42103
44022
42104
44023
42105
44024
42106
44025
42107
44026
42108
44027
42109
44028
42110
44029
42111
44030
42112
44031
42113
44032
42114
44033
42115
44034
42116
44035
42117
44036
42118
44037
42119
44038
42120
44039
42121
44040
42122
44041
42123
44042
42124
44043
42125
44044
42126
44045
42127
44046
42128
44047
42129
44048
42130
44049
42131
44050
42132
44051
42133
44052
42134
44053
42135
44054
42136
44055
42137
44056
42138
44057
42139
44058
42140
44059
42141
44060
42142
44061
42143
44062
42144
44063
42145
44064
42146
44065
42147
44066
42148
44067
42149
44068
42150
44069
42151
44070
42152
44071
42153
44072
42154
44073
42155
44074
42156
44075
42157
44076
42158
44077
42159
44078
42160
44079
42161
44080
42162
44081
42163
44082
42164
44083
42165
44084
42166
44085
42167
44086
42168
44087
42169
44088
42170
44089
42171
44090
42172
44091
42173
44092
42174
44093
42175
44094
42176
44095
42177
44096
42178
44097
42179
44098
42180
44099
42181
44100
42182
44101
42183
44102
42184
44103
42185
44104
42186
44105
42187
44106
42188
44107
42189
44108
42190
44109
42191
44110
42192
44111
42193
44112
42194
44113
42195
44114
42196
44115
42197
44116
42198
44117
42199
44118
42200
44119
42201
44120
42202
44121
42203
44122
42204
44123
42205
44124
42206
44125
42207
44126
42208
44127
42209
44128
42210
44129
42211
44130
42212
44131
42213
44132
42214
44133
42215
44134
42216
44135
42217
44136
42218
44137
42219
44138
42220
44139
42221
44140
42222
44141
42223
44142
42224
44143
42225
44144
42226
44145
42227
44146
42228
44147
42229
44148
42230
44149
42231
44150
42232
44151
42233
44152
42234
44153
42235
44154
42236
44155
42237
44156
42238
44157
42239
44158
44159
42241
44160
42242
44161
42243
44162
42244
44163
42245
44164
42246
44165
42247
44166
42248
44167
42249
44168
42250
44169
42251
44170
42252
44171
42253
44172
42254
44173
42255
44174
42256
44175
42257
44176
42258
44177
42259
44178
42260
44179
42261
44180
42262
44181
42263
44182
42264
44183
42265
44184
42266
44185
42267
44186
42268
44187
42269
44188
42270
44189
42271
44190
42272
44191
42273
44192
42274
44193
42275
44194
42276
44195
42277
44196
42278
44197
42279
44198
42280
44199
42281
44200
42282
44201
42283
44202
42284
44203
42285
44204
42286
44205
42287
44206
42288
44207
42289
44208
42290
44209
42291
44210
42292
44211
42293
44212
42294
44213
42295
44214
42296
44215
42297
44216
42298
44217
42299
44218
42300
44219
42301
44220
42302
44221
42303
44222
42304
44223
42305
44224
42306
44225
42307
44226
42308
44227
42309
44228
42310
44229
42311
44230
42312
44231
42313
44232
42314
44233
42315
44234
42316
44235
42317
44236
42318
44237
42319
44238
42320
44239
42321
44240
42322
44241
42323
44242
42324
44243
42325
44244
42326
44245
42327
44246
42328
44247
42329
44248
42330
44249
42331
44250
42332
44251
42333
44252
42334
44253
42335
44254
42336
44255
42337
44256
42338
44257
42339
44258
42340
44259
42341
44260
42342
44261
42343
44262
42344
44263
42345
44264
42346
44265
42347
44266
42348
44267
42349
44268
42350
44269
42351
44270
42352
44271
42353
44272
42354
44273
42355
44274
42356
44275
42357
44276
42358
44277
42359
44278
42360
44279
42361
44280
42362
44281
42363
44282
42364
44283
42365
44284
42366
44285
42367
44286
42368
44287
42369
44288
42370
44289
42371
44290
42372
44291
42373
44292
42374
44293
42375
44294
42376
44295
42377
44296
42378
44297
42379
44298
42380
44299
42381
44300
42382
44301
42383
44302
42384
44303
42385
44304
42386
44305
42387
44306
42388
44307
42389
44308
42390
44309
42391
44310
42392
44311
42393
44312
42394
44313
42395
44314
42396
44315
42397
44316
42398
44317
42399
44318
42400
44319
42401
44320
42402
44321
42403
44322
42404
44323
42405
44324
42406
44325
42407
44326
42408
44327
42409
44328
42410
44329
42411
44330
42412
44331
42413
44332
42414
44333
42415
44334
42416
44335
42417
44336
42418
44337
42419
44338
42420
44339
42421
44340
42422
44341
42423
44342
42424
44343
42425
44344
42426
44345
42427
44346
42428
44347
42429
44348
42430
44349
42431
44350
42432
44351
42433
44352
42434
44353
42435
44354
42436
44355
42437
44356
42438
44357
42439
44358
42440
44359
42441
44360
42442
44361
42443
44362
42444
44363
42445
44364
42446
44365
42447
44366
42448
44367
42449
44368
42450
44369
42451
44370
42452
44371
42453
44372
42454
44373
42455
44374
42456
44375
42457
44376
42458
44377
42459
44378
42460
44379
42461
44380
42462
44381
42463
44382
42464
44383
42465
44384
42466
44385
42467
44386
42468
44387
42469
44388
42470
44389
42471
44390
42472
44391
42473
44392
42474
44393
42475
44394
42476
44395
42477
44396
42478
44397
42479
44398
42480
44399
42481
44400
42482
44401
42483
44402
42484
44403
42485
44404
42486
44405
42487
44406
42488
44407
42489
44408
42490
44409
42491
44410
42492
44411
42493
44412
42494
44413
42495
44414
42496
44415
42497
44416
42498
44417
42499
44418
42500
44419
42501
44420
42502
44421
42503
44422
42504
44423
42505
44424
42506
44425
42507
44426
42508
44427
42509
44428
42510
44429
42511
44430
42512
44431
42513
44432
42514
44433
42515
44434
42516
44435
42517
44436
42518
44437
42519
44438
42520
44439
42521
44440
42522
44441
42523
44442
42524
44443
42525
44444
42526
44445
42527
44446
42528
44447
42529
44448
42530
44449
42531
44450
42532
44451
42533
44452
42534
44453
42535
44454
42536
44455
42537
44456
42538
44457
42539
44458
42540
44459
42541
44460
42542
44461
42543
44462
42544
44463
42545
44464
42546
44465
42547
44466
42548
44467
42549
44468
42550
44469
42551
44470
42552
44471
42553
44472
42554
44473
42555
44474
42556
44475
42557
44476
42558
44477
42559
44478
42560
44479
42561
44480
42562
44481
42563
44482
42564
44483
42565
44484
42566
44485
42567
44486
42568
44487
42569
44488
42570
44489
42571
44490
42572
44491
42573
44492
42574
44493
42575
44494
42576
44495
42577
44496
42578
44497
42579
44498
42580
44499
42581
44500
42582
44501
42583
44502
42584
44503
42585
44504
42586
44505
42587
44506
42588
44507
42589
44508
42590
44509
42591
44510
42592
44511
42593
44512
42594
44513
42595
44514
42596
44515
42597
44516
42598
44517
42599
44518
42600
44519
42601
44520
42602
44521
42603
44522
42604
44523
42605
44524
42606
44525
42607
44526
42608
44527
42609
44528
42610
44529
42611
44530
42612
44531
42613
44532
42614
44533
42615
44534
42616
44535
42617
44536
42618
44537
42619
44538
42620
44539
42621
44540
42622
44541
42623
44542
42624
44543
42625
44544
42626
44545
42627
44546
42628
44547
42629
44548
42630
44549
42631
44550
42632
44551
42633
44552
42634
44553
42635
44554
42636
44555
42637
44556
42638
44557
42639
44558
42640
44559
42641
44560
42642
44561
42643
44562
42644
44563
42645
44564
42646
44565
42647
44566
42648
44567
42649
44568
42650
44569
42651
44570
42652
44571
42653
44572
42654
44573
42655
44574
42656
44575
42657
44576
42658
44577
42659
44578
42660
44579
42661
44580
42662
44581
42663
44582
42664
44583
42665
44584
42666
44585
42667
44586
42668
44587
42669
44588
42670
44589
42671
44590
42672
44591
42673
44592
42674
44593
42675
44594
42676
44595
42677
44596
42678
44597
42679
44598
42680
44599
42681
44600
42682
44601
42683
44602
42684
44603
42685
44604
42686
44605
42687
44606
42688
44607
42689
44608
42690
44609
42691
44610
42692
44611
42693
44612
42694
44613
42695
44614
42696
44615
42697
44616
42698
44617
42699
44618
42700
44619
42701
44620
42702
44621
42703
44622
42704
44623
42705
44624
42706
44625
42707
44626
42708
44627
42709
44628
42710
44629
42711
44630
42712
44631
42713
44632
42714
44633
42715
44634
42716
44635
42717
44636
42718
44637
42719
44638
42720
44639
42721
44640
42722
44641
42723
44642
42724
44643
42725
44644
42726
44645
42727
44646
42728
44647
42729
44648
42730
44649
42731
44650
42732
44651
42733
44652
42734
44653
42735
44654
42736
44655
42737
44656
42738
44657
42739
44658
42740
44659
42741
44660
42742
44661
42743
44662
42744
44663
42745
44664
42746
44665
42747
44666
42748
44667
42749
44668
42750
44669
42751
44670
42752
44671
42753
44672
42754
44673
42755
44674
42756
44675
42757
44676
42758
44677
42759
44678
42760
44679
42761
44680
42762
44681
42763
44682
42764
44683
42765
44684
42766
44685
42767
44686
42768
44687
42769
44688
42770
44689
42771
44690
42772
44691
42773
44692
42774
44693
42775
44694
42776
44695
42777
44696
42778
44697
42779
44698
42780
44699
42781
44700
42782
44701
42783
44702
42784
44703
42785
44704
42786
44705
42787
44706
42788
44707
42789
44708
42790
44709
42791
44710
42792
44711
42793
44712
42794
44713
42795
44714
42796
44715
42797
44716
42798
44717
42799
44718
42800
44719
42801
44720
42802
44721
42803
44722
42804
44723
42805
44724
42806
44725
42807
44726
42808
44727
42809
44728
42810
44729
42811
44730
42812
44731
42813
44732
42814
44733
42815
44734
42816
44735
42817
44736
42818
44737
42819
44738
42820
44739
42821
44740
42822
44741
42823
44742
42824
44743
42825
44744
42826
44745
42827
44746
42828
44747
42829
44748
42830
44749
42831
44750
42832
44751
42833
44752
42834
44753
42835
44754
42836
44755
42837
44756
42838
44757
42839
44758
42840
44759
42841
44760
42842
44761
42843
44762
42844
44763
42845
44764
42846
44765
42847
44766
42848
44767
42849
44768
42850
44769
42851
44770
42852
44771
42853
44772
42854
44773
42855
44774
42856
44775
42857
44776
42858
44777
42859
44778
42860
44779
42861
44780
42862
44781
42863
44782
42864
44783
42865
44784
42866
44785
42867
44786
42868
44787
42869
44788
42870
44789
42871
44790
42872
44791
42873
44792
42874
44793
42875
44794
42876
44795
42877
44796
42878
44797
42879
44798
42880
44799
42881
44800
42882
44801
42883
44802
42884
44803
42885
44804
42886
44805
42887
44806
42888
44807
42889
44808
42890
44809
42891
44810
42892
44811
42893
44812
42894
44813
42895
44814
42896
44815
42897
44816
42898
44817
42899
44818
42900
44819
42901
44820
42902
44821
42903
44822
42904
44823
42905
44824
42906
44825
42907
44826
42908
44827
42909
44828
42910
44829
42911
44830
42912
44831
42913
44832
42914
44833
42915
44834
42916
44835
42917
44836
42918
44837
42919
44838
42920
44839
42921
44840
42922
44841
42923
44842
42924
44843
42925
44844
42926
44845
42927
44846
42928
44847
42929
44848
42930
44849
42931
44850
42932
44851
42933
44852
42934
44853
42935
44854
42936
44855
42937
44856
42938
44857
42939
44858
42940
44859
42941
44860
42942
44861
42943
44862
42944
44863
42945
44864
42946
44865
42947
44866
42948
44867
42949
44868
42950
44869
42951
44870
42952
44871
42953
44872
42954
44873
42955
44874
42956
44875
42957
44876
42958
44877
42959
44878
42960
44879
42961
44880
42962
44881
42963
44882
42964
44883
42965
44884
42966
44885
42967
44886
42968
44887
42969
44888
42970
44889
42971
44890
42972
44891
42973
44892
42974
44893
42975
44894
42976
44895
42977
44896
42978
44897
42979
44898
42980
44899
42981
44900
42982
44901
42983
44902
42984
44903
42985
44904
42986
44905
42987
44906
42988
44907
42989
44908
42990
44909
42991
44910
42992
44911
42993
44912
42994
44913
42995
44914
42996
44915
42997
44916
42998
44917
42999
44918
43000
44919
43001
44920
43002
44921
43003
44922
43004
44923
43005
44924
43006
44925
43007
44926
43008
44927
43009
44928
43010
44929
43011
44930
43012
44931
43013
44932
43014
44933
43015
44934
43016
44935
43017
44936
43018
44937
43019
44938
43020
44939
43021
44940
43022
44941
43023
44942
43024
44943
43025
44944
43026
44945
43027
44946
43028
44947
43029
44948
43030
44949
43031
44950
43032
44951
43033
44952
43034
44953
43035
44954
43036
44955
43037
44956
43038
44957
43039
44958
43040
44959
43041
44960
43042
44961
43043
44962
43044
44963
43045
44964
43046
44965
43047
44966
43048
44967
43049
44968
43050
44969
43051
44970
43052
44971
43053
44972
43054
44973
43055
44974
43056
44975
43057
44976
43058
44977
43059
44978
43060
44979
43061
44980
43062
44981
43063
44982
43064
44983
43065
44984
43066
44985
43067
44986
43068
44987
43069
44988
43070
44989
43071
44990
43072
44991
43073
44992
43074
44993
43075
44994
43076
44995
43077
44996
43078
44997
43079
44998
43080
44999
43081
45000
43082
45001
43083
45002
43084
45003
43085
45004
43086
45005
43087
45006
43088
45007
43089
45008
43090
45009
43091
45010
43092
45011
43093
45012
43094
45013
43095
45014
43096
45015
43097
45016
43098
45017
43099
45018
43100
45019
43101
45020
43102
45021
43103
45022
43104
45023
43105
45024
43106
45025
43107
45026
43108
45027
43109
45028
43110
45029
43111
45030
43112
45031
43113
45032
43114
45033
43115
45034
43116
45035
43117
45036
43118
45037
43119
45038
43120
45039
43121
45040
43122
45041
43123
45042
43124
45043
43125
45044
43126
45045
43127
45046
43128
45047
43129
45048
43130
45049
43131
45050
43132
45051
43133
45052
43134
45053
43135
45054
43136
45055
43137
45056
43138
45057
43139
45058
43140
45059
43141
45060
43142
45061
43143
45062
43144
45063
43145
45064
43146
45065
43147
45066
43148
45067
43149
45068
43150
45069
43151
45070
43152
45071
43153
45072
43154
45073
43155
45074
43156
45075
43157
45076
43158
45077
43159
45078
43160
45079
43161
45080
43162
45081
43163
45082
43164
45083
43165
45084
43166
45085
43167
45086
43168
45087
43169
45088
43170
45089
43171
45090
43172
45091
43173
45092
43174
45093
43175
45094
43176
45095
43177
45096
43178
45097
43179
45098
43180
45099
43181
45100
43182
45101
43183
45102
43184
45103
43185
45104
43186
45105
43187
45106
43188
45107
43189
45108
43190
45109
43191
45110
43192
45111
43193
45112
43194
45113
43195
45114
43196
45115
43197
45116
43198
45117
43199
45118
43200
45119
43201
45120
43202
45121
43203
45122
43204
45123
43205
45124
43206
45125
43207
45126
43208
45127
43209
45128
43210
45129
43211
45130
43212
45131
43213
45132
43214
45133
43215
45134
43216
45135
43217
45136
43218
45137
43219
45138
43220
45139
43221
45140
43222
45141
43223
45142
43224
45143
43225
45144
43226
45145
43227
45146
43228
45147
43229
45148
43230
45149
43231
45150
43232
45151
43233
45152
43234
45153
43235
45154
43236
45155
43237
45156
43238
45157
43239
45158
43240
45159
43241
45160
43242
45161
43243
45162
43244
45163
43245
45164
43246
45165
43247
45166
43248
45167
43249
45168
43250
45169
43251
45170
43252
45171
43253
45172
43254
45173
43255
45174
43256
45175
43257
45176
43258
45177
43259
45178
43260
45179
43261
45180
43262
45181
43263
45182
43264
45183
43265
45184
43266
45185
43267
45186
43268
45187
43269
45188
43270
45189
43271
45190
43272
45191
43273
45192
43274
45193
43275
45194
43276
45195
43277
45196
43278
45197
43279
45198
43280
45199
43281
45200
43282
45201
43283
45202
43284
45203
43285
45204
43286
45205
43287
45206
43288
45207
43289
45208
43290
45209
43291
45210
43292
45211
43293
45212
43294
45213
43295
45214
43296
45215
43297
45216
43298
45217
43299
45218
43300
45219
43301
45220
43302
45221
43303
45222
43304
45223
43305
45224
43306
45225
43307
45226
43308
45227
43309
45228
43310
45229
43311
45230
43312
45231
43313
45232
43314
45233
43315
45234
43316
45235
43317
45236
43318
45237
43319
45238
43320
45239
43321
45240
43322
45241
43323
45242
43324
45243
43325
45244
43326
45245
43327
45246
43328
45247
43329
45248
43330
45249
43331
45250
43332
45251
43333
45252
43334
45253
43335
45254
43336
45255
43337
45256
43338
45257
43339
45258
43340
45259
43341
45260
43342
45261
43343
45262
43344
45263
43345
45264
43346
45265
43347
45266
43348
45267
43349
45268
43350
45269
43351
45270
43352
45271
43353
45272
43354
45273
43355
45274
43356
45275
43357
45276
43358
45277
43359
45278
43360
45279
43361
45280
43362
45281
43363
45282
43364
45283
43365
45284
43366
45285
43367
45286
43368
45287
43369
45288
43370
45289
43371
45290
43372
45291
43373
45292
43374
45293
43375
45294
43376
45295
43377
45296
43378
45297
43379
45298
43380
45299
43381
45300
43382
45301
43383
45302
43384
45303
43385
45304
43386
45305
43387
45306
43388
45307
43389
45308
43390
45309
43391
45310
43392
45311
43393
45312
43394
45313
43395
45314
43396
45315
43397
45316
43398
45317
43399
45318
43400
45319
43401
45320
43402
45321
43403
45322
43404
45323
43405
45324
43406
45325
43407
45326
43408
45327
43409
45328
43410
45329
43411
45330
43412
45331
43413
45332
43414
45333
43415
45334
43416
45335
43417
45336
43418
45337
43419
45338
43420
45339
43421
45340
43422
45341
43423
45342
43424
45343
43425
45344
43426
45345
43427
45346
43428
45347
43429
45348
43430
45349
43431
45350
43432
45351
43433
45352
43434
45353
43435
45354
43436
45355
43437
45356
43438
45357
43439
45358
43440
45359
43441
45360
43442
45361
43443
45362
43444
45363
43445
45364
43446
45365
43447
45366
43448
45367
43449
45368
43450
45369
43451
45370
43452
45371
43453
45372
43454
45373
43455
45374
43456
45375
43457
45376
43458
45377
43459
45378
43460
45379
43461
45380
43462
45381
43463
45382
43464
45383
43465
45384
43466
45385
43467
45386
43468
45387
43469
45388
43470
45389
43471
45390
43472
45391
43473
45392
43474
45393
43475
45394
43476
45395
43477
45396
43478
45397
43479
45398
43480
45399
43481
45400
43482
45401
43483
45402
43484
45403
43485
45404
43486
45405
43487
45406
43488
45407
43489
45408
43490
45409
43491
45410
43492
45411
43493
45412
43494
45413
43495
45414
43496
45415
43497
45416
43498
45417
43499
45418
43500
45419
43501
45420
43502
45421
43503
45422
43504
45423
43505
45424
43506
45425
43507
45426
43508
45427
43509
45428
43510
45429
43511
45430
43512
45431
43513
45432
43514
45433
43515
45434
43516
45435
43517
45436
43518
45437
43519
45438
43520
45439
43521
45440
43522
45441
43523
45442
43524
45443
43525
45444
43526
45445
43527
45446
43528
45447
43529
45448
43530
45449
43531
45450
43532
45451
43533
45452
43534
45453
43535
45454
43536
45455
43537
45456
43538
45457
43539
45458
43540
45459
43541
45460
43542
45461
43543
45462
43544
45463
43545
45464
43546
45465
43547
45466
43548
45467
43549
45468
43550
45469
43551
45470
43552
45471
43553
45472
43554
45473
43555
45474
43556
45475
43557
45476
43558
45477
43559
45478
43560
45479
43561
45480
43562
45481
43563
45482
43564
45483
43565
45484
43566
45485
43567
45486
43568
45487
43569
45488
43570
45489
43571
45490
43572
45491
43573
45492
43574
45493
43575
45494
43576
45495
43577
45496
43578
45497
43579
45498
43580
45499
43581
45500
43582
45501
43583
45502
43584
45503
43585
45504
43586
45505
43587
45506
43588
45507
43589
45508
43590
45509
43591
45510
43592
45511
43593
45512
43594
45513
43595
45514
43596
45515
43597
45516
43598
45517
43599
45518
43600
45519
43601
45520
43602
45521
43603
45522
43604
45523
43605
45524
43606
45525
43607
45526
43608
45527
43609
45528
43610
45529
43611
45530
43612
45531
43613
45532
43614
45533
43615
45534
43616
45535
43617
45536
43618
45537
43619
45538
43620
45539
43621
45540
43622
45541
43623
45542
43624
45543
43625
45544
43626
45545
43627
45546
43628
45547
43629
45548
43630
45549
43631
45550
43632
45551
43633
45552
43634
45553
43635
45554
43636
45555
43637
45556
43638
45557
43639
45558
43640
45559
43641
45560
43642
45561
43643
45562
43644
45563
43645
45564
43646
45565
43647
45566
43648
45567
43649
45568
43650
45569
43651
45570
43652
45571
43653
45572
43654
45573
43655
45574
43656
45575
43657
45576
43658
45577
43659
45578
43660
45579
43661
45580
43662
45581
43663
45582
43664
45583
43665
45584
43666
45585
43667
45586
43668
45587
43669
45588
43670
45589
43671
45590
43672
45591
43673
45592
43674
45593
43675
45594
43676
45595
43677
45596
43678
45597
43679
45598
43680
45599
43681
45600
43682
45601
43683
45602
43684
45603
43685
45604
43686
45605
43687
45606
43688
45607
43689
45608
43690
45609
43691
45610
43692
45611
43693
45612
43694
45613
43695
45614
43696
45615
43697
45616
43698
45617
43699
45618
43700
45619
43701
45620
43702
45621
43703
45622
43704
45623
43705
45624
43706
45625
43707
45626
43708
45627
43709
45628
43710
45629
43711
45630
43712
45631
43713
45632
43714
45633
43715
45634
43716
45635
43717
45636
43718
45637
43719
45638
43720
45639
43721
45640
43722
45641
43723
45642
43724
45643
43725
45644
43726
45645
43727
45646
43728
45647
43729
45648
43730
45649
43731
45650
43732
45651
43733
45652
43734
45653
43735
45654
43736
45655
43737
45656
43738
45657
43739
45658
43740
45659
43741
45660
43742
45661
43743
45662
43744
45663
43745
45664
43746
45665
43747
45666
43748
45667
43749
45668
43750
45669
43751
45670
43752
45671
43753
45672
43754
45673
43755
45674
43756
45675
43757
45676
43758
45677
43759
45678
43760
45679
43761
45680
43762
45681
43763
45682
43764
45683
43765
45684
43766
45685
43767
45686
43768
45687
43769
45688
43770
45689
43771
45690
43772
45691
43773
45692
43774
45693
43775
45694
43776
45695
43777
45696
43778
45697
43779
45698
43780
45699
43781
45700
43782
45701
43783
45702
43784
45703
43785
45704
43786
45705
43787
45706
43788
45707
43789
45708
43790
45709
43791
45710
43792
45711
43793
45712
43794
45713
43795
45714
43796
45715
43797
45716
43798
45717
43799
45718
43800
45719
43801
45720
43802
45721
43803
45722
43804
45723
43805
45724
43806
45725
43807
45726
43808
45727
43809
45728
43810
45729
43811
45730
43812
45731
43813
45732
43814
45733
43815
45734
43816
45735
43817
45736
43818
45737
43819
45738
43820
45739
43821
45740
43822
45741
43823
45742
43824
45743
43825
45744
43826
45745
43827
45746
43828
45747
43829
45748
43830
45749
43831
45750
43832
45751
43833
45752
43834
45753
43835
45754
43836
45755
43837
45756
43838
45757
43839
45758
43840
45759
43841
45760
43842
45761
43843
45762
43844
45763
43845
45764
43846
45765
43847
45766
43848
45767
43849
45768
43850
45769
43851
45770
43852
45771
43853
45772
43854
45773
43855
45774
43856
45775
43857
45776
43858
45777
43859
45778
43860
45779
43861
45780
43862
45781
43863
45782
43864
45783
43865
45784
43866
45785
43867
45786
43868
45787
43869
45788
43870
45789
43871
45790
43872
45791
43873
45792
43874
45793
43875
45794
43876
45795
43877
45796
43878
45797
43879
45798
43880
45799
43881
45800
43882
45801
43883
45802
43884
45803
43885
45804
43886
45805
43887
45806
43888
45807
43889
45808
43890
45809
43891
45810
43892
45811
43893
45812
43894
45813
43895
45814
43896
45815
43897
45816
43898
45817
43899
45818
43900
45819
43901
45820
43902
45821
43903
45822
43904
45823
43905
45824
43906
45825
43907
45826
43908
45827
43909
45828
43910
45829
43911
45830
43912
45831
43913
45832
43914
45833
43915
45834
43916
45835
43917
45836
43918
45837
43919
45838
43920
45839
43921
45840
43922
45841
43923
45842
43924
45843
43925
45844
43926
45845
43927
45846
43928
45847
43929
45848
43930
45849
43931
45850
43932
45851
43933
45852
43934
45853
43935
45854
43936
45855
43937
45856
43938
45857
43939
45858
43940
45859
43941
45860
43942
45861
43943
45862
43944
45863
43945
45864
43946
45865
43947
45866
43948
45867
43949
45868
43950
45869
43951
45870
43952
45871
43953
45872
43954
45873
43955
45874
43956
45875
43957
45876
43958
45877
43959
45878
43960
45879
43961
45880
43962
45881
43963
45882
43964
45883
43965
45884
43966
45885
43967
45886
43968
45887
43969
45888
43970
45889
43971
45890
43972
45891
43973
45892
43974
45893
43975
45894
43976
45895
43977
45896
43978
45897
43979
45898
43980
45899
43981
45900
43982
45901
43983
45902
43984
45903
43985
45904
43986
45905
43987
45906
43988
45907
43989
45908
43990
45909
43991
45910
43992
45911
43993
45912
43994
45913
43995
45914
43996
45915
43997
45916
43998
45917
43999
45918
44000
45919
44001
45920
44002
45921
44003
45922
44004
45923
44005
45924
44006
45925
44007
45926
44008
45927
44009
45928
44010
45929
44011
45930
44012
45931
44013
45932
44014
45933
44015
45934
44016
45935
44017
45936
44018
45937
44019
45938
44020
45939
44021
45940
44022
45941
44023
45942
44024
45943
44025
45944
44026
45945
44027
45946
44028
45947
44029
45948
44030
45949
44031
45950
44032
45951
44033
45952
44034
45953
44035
45954
44036
45955
44037
45956
44038
45957
44039
45958
44040
45959
44041
45960
44042
45961
44043
45962
44044
45963
44045
45964
44046
45965
44047
45966
44048
45967
44049
45968
44050
45969
44051
45970
44052
45971
44053
45972
44054
45973
44055
45974
44056
45975
44057
45976
44058
45977
44059
45978
44060
45979
44061
45980
44062
45981
44063
45982
44064
45983
44065
45984
44066
45985
44067
45986
44068
45987
44069
45988
44070
45989
44071
45990
44072
45991
44073
45992
44074
45993
44075
45994
44076
45995
44077
45996
44078
45997
44079
45998
44080
45999
44081
46000
44082
46001
44083
46002
44084
46003
44085
46004
44086
46005
44087
46006
44088
46007
44089
46008
44090
46009
44091
46010
44092
46011
44093
46012
44094
46013
44095
46014
44096
46015
44097
46016
44098
46017
44099
46018
44100
46019
44101
46020
44102
46021
44103
46022
44104
46023
44105
46024
44106
46025
44107
46026
44108
46027
44109
46028
44110
46029
44111
46030
44112
46031
44113
46032
44114
46033
44115
46034
44116
46035
44117
46036
44118
46037
44119
46038
44120
46039
44121
46040
44122
46041
44123
46042
44124
46043
44125
46044
44126
46045
44127
46046
44128
46047
44129
46048
44130
46049
44131
46050
44132
46051
44133
46052
44134
46053
44135
46054
44136
46055
44137
46056
44138
46057
44139
46058
44140
46059
44141
46060
44142
46061
44143
46062
44144
46063
44145
46064
44146
46065
44147
46066
44148
46067
44149
46068
44150
46069
44151
46070
44152
46071
44153
46072
44154
46073
44155
46074
44156
46075
44157
46076
44158
46077
44159
46078
46079
44161
46080
44162
46081
44163
46082
44164
46083
44165
46084
44166
46085
44167
46086
44168
46087
44169
46088
44170
46089
44171
46090
44172
46091
44173
46092
44174
46093
44175
46094
44176
46095
44177
46096
44178
46097
44179
46098
44180
46099
44181
46100
44182
46101
44183
46102
44184
46103
44185
46104
44186
46105
44187
46106
44188
46107
44189
46108
44190
46109
44191
46110
44192
46111
44193
46112
44194
46113
44195
46114
44196
46115
44197
46116
44198
46117
44199
46118
44200
46119
44201
46120
44202
46121
44203
46122
44204
46123
44205
46124
44206
46125
44207
46126
44208
46127
44209
46128
44210
46129
44211
46130
44212
46131
44213
46132
44214
46133
44215
46134
44216
46135
44217
46136
44218
46137
44219
46138
44220
46139
44221
46140
44222
46141
44223
46142
44224
46143
44225
46144
44226
46145
44227
46146
44228
46147
44229
46148
44230
46149
44231
46150
44232
46151
44233
46152
44234
46153
44235
46154
44236
46155
44237
46156
44238
46157
44239
46158
44240
46159
44241
46160
44242
46161
44243
46162
44244
46163
44245
46164
44246
46165
44247
46166
44248
46167
44249
46168
44250
46169
44251
46170
44252
46171
44253
46172
44254
46173
44255
46174
44256
46175
44257
46176
44258
46177
44259
46178
44260
46179
44261
46180
44262
46181
44263
46182
44264
46183
44265
46184
44266
46185
44267
46186
44268
46187
44269
46188
44270
46189
44271
46190
44272
46191
44273
46192
44274
46193
44275
46194
44276
46195
44277
46196
44278
46197
44279
46198
44280
46199
44281
46200
44282
46201
44283
46202
44284
46203
44285
46204
44286
46205
44287
46206
44288
46207
44289
46208
44290
46209
44291
46210
44292
46211
44293
46212
44294
46213
44295
46214
44296
46215
44297
46216
44298
46217
44299
46218
44300
46219
44301
46220
44302
46221
44303
46222
44304
46223
44305
46224
44306
46225
44307
46226
44308
46227
44309
46228
44310
46229
44311
46230
44312
46231
44313
46232
44314
46233
44315
46234
44316
46235
44317
46236
44318
46237
44319
46238
44320
46239
44321
46240
44322
46241
44323
46242
44324
46243
44325
46244
44326
46245
44327
46246
44328
46247
44329
46248
44330
46249
44331
46250
44332
46251
44333
46252
44334
46253
44335
46254
44336
46255
44337
46256
44338
46257
44339
46258
44340
46259
44341
46260
44342
46261
44343
46262
44344
46263
44345
46264
44346
46265
44347
46266
44348
46267
44349
46268
44350
46269
44351
46270
44352
46271
44353
46272
44354
46273
44355
46274
44356
46275
44357
46276
44358
46277
44359
46278
44360
46279
44361
46280
44362
46281
44363
46282
44364
46283
44365
46284
44366
46285
44367
46286
44368
46287
44369
46288
44370
46289
44371
46290
44372
46291
44373
46292
44374
46293
44375
46294
44376
46295
44377
46296
44378
46297
44379
46298
44380
46299
44381
46300
44382
46301
44383
46302
44384
46303
44385
46304
44386
46305
44387
46306
44388
46307
44389
46308
44390
46309
44391
46310
44392
46311
44393
46312
44394
46313
44395
46314
44396
46315
44397
46316
44398
46317
44399
46318
44400
46319
44401
46320
44402
46321
44403
46322
44404
46323
44405
46324
44406
46325
44407
46326
44408
46327
44409
46328
44410
46329
44411
46330
44412
46331
44413
46332
44414
46333
44415
46334
44416
46335
44417
46336
44418
46337
44419
46338
44420
46339
44421
46340
44422
46341
44423
46342
44424
46343
44425
46344
44426
46345
44427
46346
44428
46347
44429
46348
44430
46349
44431
46350
44432
46351
44433
46352
44434
46353
44435
46354
44436
46355
44437
46356
44438
46357
44439
46358
44440
46359
44441
46360
44442
46361
44443
46362
44444
46363
44445
46364
44446
46365
44447
46366
44448
46367
44449
46368
44450
46369
44451
46370
44452
46371
44453
46372
44454
46373
44455
46374
44456
46375
44457
46376
44458
46377
44459
46378
44460
46379
44461
46380
44462
46381
44463
46382
44464
46383
44465
46384
44466
46385
44467
46386
44468
46387
44469
46388
44470
46389
44471
46390
44472
46391
44473
46392
44474
46393
44475
46394
44476
46395
44477
46396
44478
46397
44479
46398
44480
46399
44481
46400
44482
46401
44483
46402
44484
46403
44485
46404
44486
46405
44487
46406
44488
46407
44489
46408
44490
46409
44491
46410
44492
46411
44493
46412
44494
46413
44495
46414
44496
46415
44497
46416
44498
46417
44499
46418
44500
46419
44501
46420
44502
46421
44503
46422
44504
46423
44505
46424
44506
46425
44507
46426
44508
46427
44509
46428
44510
46429
44511
46430
44512
46431
44513
46432
44514
46433
44515
46434
44516
46435
44517
46436
44518
46437
44519
46438
44520
46439
44521
46440
44522
46441
44523
46442
44524
46443
44525
46444
44526
46445
44527
46446
44528
46447
44529
46448
44530
46449
44531
46450
44532
46451
44533
46452
44534
46453
44535
46454
44536
46455
44537
46456
44538
46457
44539
46458
44540
46459
44541
46460
44542
46461
44543
46462
44544
46463
44545
46464
44546
46465
44547
46466
44548
46467
44549
46468
44550
46469
44551
46470
44552
46471
44553
46472
44554
46473
44555
46474
44556
46475
44557
46476
44558
46477
44559
46478
44560
46479
44561
46480
44562
46481
44563
46482
44564
46483
44565
46484
44566
46485
44567
46486
44568
46487
44569
46488
44570
46489
44571
46490
44572
46491
44573
46492
44574
46493
44575
46494
44576
46495
44577
46496
44578
46497
44579
46498
44580
46499
44581
46500
44582
46501
44583
46502
44584
46503
44585
46504
44586
46505
44587
46506
44588
46507
44589
46508
44590
46509
44591
46510
44592
46511
44593
46512
44594
46513
44595
46514
44596
46515
44597
46516
44598
46517
44599
46518
44600
46519
44601
46520
44602
46521
44603
46522
44604
46523
44605
46524
44606
46525
44607
46526
44608
46527
44609
46528
44610
46529
44611
46530
44612
46531
44613
46532
44614
46533
44615
46534
44616
46535
44617
46536
44618
46537
44619
46538
44620
46539
44621
46540
44622
46541
44623
46542
44624
46543
44625
46544
44626
46545
44627
46546
44628
46547
44629
46548
44630
46549
44631
46550
44632
46551
44633
46552
44634
46553
44635
46554
44636
46555
44637
46556
44638
46557
44639
46558
44640
46559
44641
46560
44642
46561
44643
46562
44644
46563
44645
46564
44646
46565
44647
46566
44648
46567
44649
46568
44650
46569
44651
46570
44652
46571
44653
46572
44654
46573
44655
46574
44656
46575
44657
46576
44658
46577
44659
46578
44660
46579
44661
46580
44662
46581
44663
46582
44664
46583
44665
46584
44666
46585
44667
46586
44668
46587
44669
46588
44670
46589
44671
46590
44672
46591
44673
46592
44674
46593
44675
46594
44676
46595
44677
46596
44678
46597
44679
46598
44680
46599
44681
46600
44682
46601
44683
46602
44684
46603
44685
46604
44686
46605
44687
46606
44688
46607
44689
46608
44690
46609
44691
46610
44692
46611
44693
46612
44694
46613
44695
46614
44696
46615
44697
46616
44698
46617
44699
46618
44700
46619
44701
46620
44702
46621
44703
46622
44704
46623
44705
46624
44706
46625
44707
46626
44708
46627
44709
46628
44710
46629
44711
46630
44712
46631
44713
46632
44714
46633
44715
46634
44716
46635
44717
46636
44718
46637
44719
46638
44720
46639
44721
46640
44722
46641
44723
46642
44724
46643
44725
46644
44726
46645
44727
46646
44728
46647
44729
46648
44730
46649
44731
46650
44732
46651
44733
46652
44734
46653
44735
46654
44736
46655
44737
46656
44738
46657
44739
46658
44740
46659
44741
46660
44742
46661
44743
46662
44744
46663
44745
46664
44746
46665
44747
46666
44748
46667
44749
46668
44750
46669
44751
46670
44752
46671
44753
46672
44754
46673
44755
46674
44756
46675
44757
46676
44758
46677
44759
46678
44760
46679
44761
46680
44762
46681
44763
46682
44764
46683
44765
46684
44766
46685
44767
46686
44768
46687
44769
46688
44770
46689
44771
46690
44772
46691
44773
46692
44774
46693
44775
46694
44776
46695
44777
46696
44778
46697
44779
46698
44780
46699
44781
46700
44782
46701
44783
46702
44784
46703
44785
46704
44786
46705
44787
46706
44788
46707
44789
46708
44790
46709
44791
46710
44792
46711
44793
46712
44794
46713
44795
46714
44796
46715
44797
46716
44798
46717
44799
46718
44800
46719
44801
46720
44802
46721
44803
46722
44804
46723
44805
46724
44806
46725
44807
46726
44808
46727
44809
46728
44810
46729
44811
46730
44812
46731
44813
46732
44814
46733
44815
46734
44816
46735
44817
46736
44818
46737
44819
46738
44820
46739
44821
46740
44822
46741
44823
46742
44824
46743
44825
46744
44826
46745
44827
46746
44828
46747
44829
46748
44830
46749
44831
46750
44832
46751
44833
46752
44834
46753
44835
46754
44836
46755
44837
46756
44838
46757
44839
46758
44840
46759
44841
46760
44842
46761
44843
46762
44844
46763
44845
46764
44846
46765
44847
46766
44848
46767
44849
46768
44850
46769
44851
46770
44852
46771
44853
46772
44854
46773
44855
46774
44856
46775
44857
46776
44858
46777
44859
46778
44860
46779
44861
46780
44862
46781
44863
46782
44864
46783
44865
46784
44866
46785
44867
46786
44868
46787
44869
46788
44870
46789
44871
46790
44872
46791
44873
46792
44874
46793
44875
46794
44876
46795
44877
46796
44878
46797
44879
46798
44880
46799
44881
46800
44882
46801
44883
46802
44884
46803
44885
46804
44886
46805
44887
46806
44888
46807
44889
46808
44890
46809
44891
46810
44892
46811
44893
46812
44894
46813
44895
46814
44896
46815
44897
46816
44898
46817
44899
46818
44900
46819
44901
46820
44902
46821
44903
46822
44904
46823
44905
46824
44906
46825
44907
46826
44908
46827
44909
46828
44910
46829
44911
46830
44912
46831
44913
46832
44914
46833
44915
46834
44916
46835
44917
46836
44918
46837
44919
46838
44920
46839
44921
46840
44922
46841
44923
46842
44924
46843
44925
46844
44926
46845
44927
46846
44928
46847
44929
46848
44930
46849
44931
46850
44932
46851
44933
46852
44934
46853
44935
46854
44936
46855
44937
46856
44938
46857
44939
46858
44940
46859
44941
46860
44942
46861
44943
46862
44944
46863
44945
46864
44946
46865
44947
46866
44948
46867
44949
46868
44950
46869
44951
46870
44952
46871
44953
46872
44954
46873
44955
46874
44956
46875
44957
46876
44958
46877
44959
46878
44960
46879
44961
46880
44962
46881
44963
46882
44964
46883
44965
46884
44966
46885
44967
46886
44968
46887
44969
46888
44970
46889
44971
46890
44972
46891
44973
46892
44974
46893
44975
46894
44976
46895
44977
46896
44978
46897
44979
46898
44980
46899
44981
46900
44982
46901
44983
46902
44984
46903
44985
46904
44986
46905
44987
46906
44988
46907
44989
46908
44990
46909
44991
46910
44992
46911
44993
46912
44994
46913
44995
46914
44996
46915
44997
46916
44998
46917
44999
46918
45000
46919
45001
46920
45002
46921
45003
46922
45004
46923
45005
46924
45006
46925
45007
46926
45008
46927
45009
46928
45010
46929
45011
46930
45012
46931
45013
46932
45014
46933
45015
46934
45016
46935
45017
46936
45018
46937
45019
46938
45020
46939
45021
46940
45022
46941
45023
46942
45024
46943
45025
46944
45026
46945
45027
46946
45028
46947
45029
46948
45030
46949
45031
46950
45032
46951
45033
46952
45034
46953
45035
46954
45036
46955
45037
46956
45038
46957
45039
46958
45040
46959
45041
46960
45042
46961
45043
46962
45044
46963
45045
46964
45046
46965
45047
46966
45048
46967
45049
46968
45050
46969
45051
46970
45052
46971
45053
46972
45054
46973
45055
46974
45056
46975
45057
46976
45058
46977
45059
46978
45060
46979
45061
46980
45062
46981
45063
46982
45064
46983
45065
46984
45066
46985
45067
46986
45068
46987
45069
46988
45070
46989
45071
46990
45072
46991
45073
46992
45074
46993
45075
46994
45076
46995
45077
46996
45078
46997
45079
46998
45080
46999
45081
47000
45082
47001
45083
47002
45084
47003
45085
47004
45086
47005
45087
47006
45088
47007
45089
47008
45090
47009
45091
47010
45092
47011
45093
47012
45094
47013
45095
47014
45096
47015
45097
47016
45098
47017
45099
47018
45100
47019
45101
47020
45102
47021
45103
47022
45104
47023
45105
47024
45106
47025
45107
47026
45108
47027
45109
47028
45110
47029
45111
47030
45112
47031
45113
47032
45114
47033
45115
47034
45116
47035
45117
47036
45118
47037
45119
47038
45120
47039
45121
47040
45122
47041
45123
47042
45124
47043
45125
47044
45126
47045
45127
47046
45128
47047
45129
47048
45130
47049
45131
47050
45132
47051
45133
47052
45134
47053
45135
47054
45136
47055
45137
47056
45138
47057
45139
47058
45140
47059
45141
47060
45142
47061
45143
47062
45144
47063
45145
47064
45146
47065
45147
47066
45148
47067
45149
47068
45150
47069
45151
47070
45152
47071
45153
47072
45154
47073
45155
47074
45156
47075
45157
47076
45158
47077
45159
47078
45160
47079
45161
47080
45162
47081
45163
47082
45164
47083
45165
47084
45166
47085
45167
47086
45168
47087
45169
47088
45170
47089
45171
47090
45172
47091
45173
47092
45174
47093
45175
47094
45176
47095
45177
47096
45178
47097
45179
47098
45180
47099
45181
47100
45182
47101
45183
47102
45184
47103
45185
47104
45186
47105
45187
47106
45188
47107
45189
47108
45190
47109
45191
47110
45192
47111
45193
47112
45194
47113
45195
47114
45196
47115
45197
47116
45198
47117
45199
47118
45200
47119
45201
47120
45202
47121
45203
47122
45204
47123
45205
47124
45206
47125
45207
47126
45208
47127
45209
47128
45210
47129
45211
47130
45212
47131
45213
47132
45214
47133
45215
47134
45216
47135
45217
47136
45218
47137
45219
47138
45220
47139
45221
47140
45222
47141
45223
47142
45224
47143
45225
47144
45226
47145
45227
47146
45228
47147
45229
47148
45230
47149
45231
47150
45232
47151
45233
47152
45234
47153
45235
47154
45236
47155
45237
47156
45238
47157
45239
47158
45240
47159
45241
47160
45242
47161
45243
47162
45244
47163
45245
47164
45246
47165
45247
47166
45248
47167
45249
47168
45250
47169
45251
47170
45252
47171
45253
47172
45254
47173
45255
47174
45256
47175
45257
47176
45258
47177
45259
47178
45260
47179
45261
47180
45262
47181
45263
47182
45264
47183
45265
47184
45266
47185
45267
47186
45268
47187
45269
47188
45270
47189
45271
47190
45272
47191
45273
47192
45274
47193
45275
47194
45276
47195
45277
47196
45278
47197
45279
47198
45280
47199
45281
47200
45282
47201
45283
47202
45284
47203
45285
47204
45286
47205
45287
47206
45288
47207
45289
47208
45290
47209
45291
47210
45292
47211
45293
47212
45294
47213
45295
47214
45296
47215
45297
47216
45298
47217
45299
47218
45300
47219
45301
47220
45302
47221
45303
47222
45304
47223
45305
47224
45306
47225
45307
47226
45308
47227
45309
47228
45310
47229
45311
47230
45312
47231
45313
47232
45314
47233
45315
47234
45316
47235
45317
47236
45318
47237
45319
47238
45320
47239
45321
47240
45322
47241
45323
47242
45324
47243
45325
47244
45326
47245
45327
47246
45328
47247
45329
47248
45330
47249
45331
47250
45332
47251
45333
47252
45334
47253
45335
47254
45336
47255
45337
47256
45338
47257
45339
47258
45340
47259
45341
47260
45342
47261
45343
47262
45344
47263
45345
47264
45346
47265
45347
47266
45348
47267
45349
47268
45350
47269
45351
47270
45352
47271
45353
47272
45354
47273
45355
47274
45356
47275
45357
47276
45358
47277
45359
47278
45360
47279
45361
47280
45362
47281
45363
47282
45364
47283
45365
47284
45366
47285
45367
47286
45368
47287
45369
47288
45370
47289
45371
47290
45372
47291
45373
47292
45374
47293
45375
47294
45376
47295
45377
47296
45378
47297
45379
47298
45380
47299
45381
47300
45382
47301
45383
47302
45384
47303
45385
47304
45386
47305
45387
47306
45388
47307
45389
47308
45390
47309
45391
47310
45392
47311
45393
47312
45394
47313
45395
47314
45396
47315
45397
47316
45398
47317
45399
47318
45400
47319
45401
47320
45402
47321
45403
47322
45404
47323
45405
47324
45406
47325
45407
47326
45408
47327
45409
47328
45410
47329
45411
47330
45412
47331
45413
47332
45414
47333
45415
47334
45416
47335
45417
47336
45418
47337
45419
47338
45420
47339
45421
47340
45422
47341
45423
47342
45424
47343
45425
47344
45426
47345
45427
47346
45428
47347
45429
47348
45430
47349
45431
47350
45432
47351
45433
47352
45434
47353
45435
47354
45436
47355
45437
47356
45438
47357
45439
47358
45440
47359
45441
47360
45442
47361
45443
47362
45444
47363
45445
47364
45446
47365
45447
47366
45448
47367
45449
47368
45450
47369
45451
47370
45452
47371
45453
47372
45454
47373
45455
47374
45456
47375
45457
47376
45458
47377
45459
47378
45460
47379
45461
47380
45462
47381
45463
47382
45464
47383
45465
47384
45466
47385
45467
47386
45468
47387
45469
47388
45470
47389
45471
47390
45472
47391
45473
47392
45474
47393
45475
47394
45476
47395
45477
47396
45478
47397
45479
47398
45480
47399
45481
47400
45482
47401
45483
47402
45484
47403
45485
47404
45486
47405
45487
47406
45488
47407
45489
47408
45490
47409
45491
47410
45492
47411
45493
47412
45494
47413
45495
47414
45496
47415
45497
47416
45498
47417
45499
47418
45500
47419
45501
47420
45502
47421
45503
47422
45504
47423
45505
47424
45506
47425
45507
47426
45508
47427
45509
47428
45510
47429
45511
47430
45512
47431
45513
47432
45514
47433
45515
47434
45516
47435
45517
47436
45518
47437
45519
47438
45520
47439
45521
47440
45522
47441
45523
47442
45524
47443
45525
47444
45526
47445
45527
47446
45528
47447
45529
47448
45530
47449
45531
47450
45532
47451
45533
47452
45534
47453
45535
47454
45536
47455
45537
47456
45538
47457
45539
47458
45540
47459
45541
47460
45542
47461
45543
47462
45544
47463
45545
47464
45546
47465
45547
47466
45548
47467
45549
47468
45550
47469
45551
47470
45552
47471
45553
47472
45554
47473
45555
47474
45556
47475
45557
47476
45558
47477
45559
47478
45560
47479
45561
47480
45562
47481
45563
47482
45564
47483
45565
47484
45566
47485
45567
47486
45568
47487
45569
47488
45570
47489
45571
47490
45572
47491
45573
47492
45574
47493
45575
47494
45576
47495
45577
47496
45578
47497
45579
47498
45580
47499
45581
47500
45582
47501
45583
47502
45584
47503
45585
47504
45586
47505
45587
47506
45588
47507
45589
47508
45590
47509
45591
47510
45592
47511
45593
47512
45594
47513
45595
47514
45596
47515
45597
47516
45598
47517
45599
47518
45600
47519
45601
47520
45602
47521
45603
47522
45604
47523
45605
47524
45606
47525
45607
47526
45608
47527
45609
47528
45610
47529
45611
47530
45612
47531
45613
47532
45614
47533
45615
47534
45616
47535
45617
47536
45618
47537
45619
47538
45620
47539
45621
47540
45622
47541
45623
47542
45624
47543
45625
47544
45626
47545
45627
47546
45628
47547
45629
47548
45630
47549
45631
47550
45632
47551
45633
47552
45634
47553
45635
47554
45636
47555
45637
47556
45638
47557
45639
47558
45640
47559
45641
47560
45642
47561
45643
47562
45644
47563
45645
47564
45646
47565
45647
47566
45648
47567
45649
47568
45650
47569
45651
47570
45652
47571
45653
47572
45654
47573
45655
47574
45656
47575
45657
47576
45658
47577
45659
47578
45660
47579
45661
47580
45662
47581
45663
47582
45664
47583
45665
47584
45666
47585
45667
47586
45668
47587
45669
47588
45670
47589
45671
47590
45672
47591
45673
47592
45674
47593
45675
47594
45676
47595
45677
47596
45678
47597
45679
47598
45680
47599
45681
47600
45682
47601
45683
47602
45684
47603
45685
47604
45686
47605
45687
47606
45688
47607
45689
47608
45690
47609
45691
47610
45692
47611
45693
47612
45694
47613
45695
47614
45696
47615
45697
47616
45698
47617
45699
47618
45700
47619
45701
47620
45702
47621
45703
47622
45704
47623
45705
47624
45706
47625
45707
47626
45708
47627
45709
47628
45710
47629
45711
47630
45712
47631
45713
47632
45714
47633
45715
47634
45716
47635
45717
47636
45718
47637
45719
47638
45720
47639
45721
47640
45722
47641
45723
47642
45724
47643
45725
47644
45726
47645
45727
47646
45728
47647
45729
47648
45730
47649
45731
47650
45732
47651
45733
47652
45734
47653
45735
47654
45736
47655
45737
47656
45738
47657
45739
47658
45740
47659
45741
47660
45742
47661
45743
47662
45744
47663
45745
47664
45746
47665
45747
47666
45748
47667
45749
47668
45750
47669
45751
47670
45752
47671
45753
47672
45754
47673
45755
47674
45756
47675
45757
47676
45758
47677
45759
47678
45760
47679
45761
47680
45762
47681
45763
47682
45764
47683
45765
47684
45766
47685
45767
47686
45768
47687
45769
47688
45770
47689
45771
47690
45772
47691
45773
47692
45774
47693
45775
47694
45776
47695
45777
47696
45778
47697
45779
47698
45780
47699
45781
47700
45782
47701
45783
47702
45784
47703
45785
47704
45786
47705
45787
47706
45788
47707
45789
47708
45790
47709
45791
47710
45792
47711
45793
47712
45794
47713
45795
47714
45796
47715
45797
47716
45798
47717
45799
47718
45800
47719
45801
47720
45802
47721
45803
47722
45804
47723
45805
47724
45806
47725
45807
47726
45808
47727
45809
47728
45810
47729
45811
47730
45812
47731
45813
47732
45814
47733
45815
47734
45816
47735
45817
47736
45818
47737
45819
47738
45820
47739
45821
47740
45822
47741
45823
47742
45824
47743
45825
47744
45826
47745
45827
47746
45828
47747
45829
47748
45830
47749
45831
47750
45832
47751
45833
47752
45834
47753
45835
47754
45836
47755
45837
47756
45838
47757
45839
47758
45840
47759
45841
47760
45842
47761
45843
47762
45844
47763
45845
47764
45846
47765
45847
47766
45848
47767
45849
47768
45850
47769
45851
47770
45852
47771
45853
47772
45854
47773
45855
47774
45856
47775
45857
47776
45858
47777
45859
47778
45860
47779
45861
47780
45862
47781
45863
47782
45864
47783
45865
47784
45866
47785
45867
47786
45868
47787
45869
47788
45870
47789
45871
47790
45872
47791
45873
47792
45874
47793
45875
47794
45876
47795
45877
47796
45878
47797
45879
47798
45880
47799
45881
47800
45882
47801
45883
47802
45884
47803
45885
47804
45886
47805
45887
47806
45888
47807
45889
47808
45890
47809
45891
47810
45892
47811
45893
47812
45894
47813
45895
47814
45896
47815
45897
47816
45898
47817
45899
47818
45900
47819
45901
47820
45902
47821
45903
47822
45904
47823
45905
47824
45906
47825
45907
47826
45908
47827
45909
47828
45910
47829
45911
47830
45912
47831
45913
47832
45914
47833
45915
47834
45916
47835
45917
47836
45918
47837
45919
47838
45920
47839
45921
47840
45922
47841
45923
47842
45924
47843
45925
47844
45926
47845
45927
47846
45928
47847
45929
47848
45930
47849
45931
47850
45932
47851
45933
47852
45934
47853
45935
47854
45936
47855
45937
47856
45938
47857
45939
47858
45940
47859
45941
47860
45942
47861
45943
47862
45944
47863
45945
47864
45946
47865
45947
47866
45948
47867
45949
47868
45950
47869
45951
47870
45952
47871
45953
47872
45954
47873
45955
47874
45956
47875
45957
47876
45958
47877
45959
47878
45960
47879
45961
47880
45962
47881
45963
47882
45964
47883
45965
47884
45966
47885
45967
47886
45968
47887
45969
47888
45970
47889
45971
47890
45972
47891
45973
47892
45974
47893
45975
47894
45976
47895
45977
47896
45978
47897
45979
47898
45980
47899
45981
47900
45982
47901
45983
47902
45984
47903
45985
47904
45986
47905
45987
47906
45988
47907
45989
47908
45990
47909
45991
47910
45992
47911
45993
47912
45994
47913
45995
47914
45996
47915
45997
47916
45998
47917
45999
47918
46000
47919
46001
47920
46002
47921
46003
47922
46004
47923
46005
47924
46006
47925
46007
47926
46008
47927
46009
47928
46010
47929
46011
47930
46012
47931
46013
47932
46014
47933
46015
47934
46016
47935
46017
47936
46018
47937
46019
47938
46020
47939
46021
47940
46022
47941
46023
47942
46024
47943
46025
47944
46026
47945
46027
47946
46028
47947
46029
47948
46030
47949
46031
47950
46032
47951
46033
47952
46034
47953
46035
47954
46036
47955
46037
47956
46038
47957
46039
47958
46040
47959
46041
47960
46042
47961
46043
47962
46044
47963
46045
47964
46046
47965
46047
47966
46048
47967
46049
47968
46050
47969
46051
47970
46052
47971
46053
47972
46054
47973
46055
47974
46056
47975
46057
47976
46058
47977
46059
47978
46060
47979
46061
47980
46062
47981
46063
47982
46064
47983
46065
47984
46066
47985
46067
47986
46068
47987
46069
47988
46070
47989
46071
47990
46072
47991
46073
47992
46074
47993
46075
47994
46076
47995
46077
47996
46078
47997
46079
47998
47999
46081
46082
46083
46084
46085
46086
46087
46088
46089
46090
46091
46092
46093
46094
46095
46096
46097
46098
46099
46100
46101
46102
46103
46104
46105
46106
46107
46108
46109
46110
46111
46112
46113
46114
46115
46116
46117
46118
46119
46120
46121
46122
46123
46124
46125
46126
46127
46128
46129
46130
46131
46132
46133
46134
46135
46136
46137
46138
46139
46140
46141
46142
46143
46144
46145
46146
46147
46148
46149
46150
46151
46152
46153
46154
46155
46156
46157
46158
46159
46160
46161
46162
46163
46164
46165
46166
46167
46168
46169
46170
46171
46172
46173
46174
46175
46176
46177
46178
46179
46180
46181
46182
46183
46184
46185
46186
46187
46188
46189
46190
46191
46192
46193
46194
46195
46196
46197
46198
46199
46200
46201
46202
46203
46204
46205
46206
46207
46208
46209
46210
46211
46212
46213
46214
46215
46216
46217
46218
46219
46220
46221
46222
46223
46224
46225
46226
46227
46228
46229
46230
46231
46232
46233
46234
46235
46236
46237
46238
46239
46240
46241
46242
46243
46244
46245
46246
46247
46248
46249
46250
46251
46252
46253
46254
46255
46256
46257
46258
46259
46260
46261
46262
46263
46264
46265
46266
46267
46268
46269
46270
46271
46272
46273
46274
46275
46276
46277
46278
46279
46280
46281
46282
46283
46284
46285
46286
46287
46288
46289
46290
46291
46292
46293
46294
46295
46296
46297
46298
46299
46300
46301
46302
46303
46304
46305
46306
46307
46308
46309
46310
46311
46312
46313
46314
46315
46316
46317
46318
46319
46320
46321
46322
46323
46324
46325
46326
46327
46328
46329
46330
46331
46332
46333
46334
46335
46336
46337
46338
46339
46340
46341
46342
46343
46344
46345
46346
46347
46348
46349
46350
46351
46352
46353
46354
46355
46356
46357
46358
46359
46360
46361
46362
46363
46364
46365
46366
46367
46368
46369
46370
46371
46372
46373
46374
46375
46376
46377
46378
46379
46380
46381
46382
46383
46384
46385
46386
46387
46388
46389
46390
46391
46392
46393
46394
46395
46396
46397
46398
46399
46400
46401
46402
46403
46404
46405
46406
46407
46408
46409
46410
46411
46412
46413
46414
46415
46416
46417
46418
46419
46420
46421
46422
46423
46424
46425
46426
46427
46428
46429
46430
46431
46432
46433
46434
46435
46436
46437
46438
46439
46440
46441
46442
46443
46444
46445
46446
46447
46448
46449
46450
46451
46452
46453
46454
46455
46456
46457
46458
46459
46460
46461
46462
46463
46464
46465
46466
46467
46468
46469
46470
46471
46472
46473
46474
46475
46476
46477
46478
46479
46480
46481
46482
46483
46484
46485
46486
46487
46488
46489
46490
46491
46492
46493
46494
46495
46496
46497
46498
46499
46500
46501
46502
46503
46504
46505
46506
46507
46508
46509
46510
46511
46512
46513
46514
46515
46516
46517
46518
46519
46520
46521
46522
46523
46524
46525
46526
46527
46528
46529
46530
46531
46532
46533
46534
46535
46536
46537
46538
46539
46540
46541
46542
46543
46544
46545
46546
46547
46548
46549
46550
46551
46552
46553
46554
46555
46556
46557
46558
46559
46560
46561
46562
46563
46564
46565
46566
46567
46568
46569
46570
46571
46572
46573
46574
46575
46576
46577
46578
46579
46580
46581
46582
46583
46584
46585
46586
46587
46588
46589
46590
46591
46592
46593
46594
46595
46596
46597
46598
46599
46600
46601
46602
46603
46604
46605
46606
46607
46608
46609
46610
46611
46612
46613
46614
46615
46616
46617
46618
46619
46620
46621
46622
46623
46624
46625
46626
46627
46628
46629
46630
46631
46632
46633
46634
46635
46636
46637
46638
46639
46640
46641
46642
46643
46644
46645
46646
46647
46648
46649
46650
46651
46652
46653
46654
46655
46656
46657
46658
46659
46660
46661
46662
46663
46664
46665
46666
46667
46668
46669
46670
46671
46672
46673
46674
46675
46676
46677
46678
46679
46680
46681
46682
46683
46684
46685
46686
46687
46688
46689
46690
46691
46692
46693
46694
46695
46696
46697
46698
46699
46700
46701
46702
46703
46704
46705
46706
46707
46708
46709
46710
46711
46712
46713
46714
46715
46716
46717
46718
46719
46720
46721
46722
46723
46724
46725
46726
46727
46728
46729
46730
46731
46732
46733
46734
46735
46736
46737
46738
46739
46740
46741
46742
46743
46744
46745
46746
46747
46748
46749
46750
46751
46752
46753
46754
46755
46756
46757
46758
46759
46760
46761
46762
46763
46764
46765
46766
46767
46768
46769
46770
46771
46772
46773
46774
46775
46776
46777
46778
46779
46780
46781
46782
46783
46784
46785
46786
46787
46788
46789
46790
46791
46792
46793
46794
46795
46796
46797
46798
46799
46800
46801
46802
46803
46804
46805
46806
46807
46808
46809
46810
46811
46812
46813
46814
46815
46816
46817
46818
46819
46820
46821
46822
46823
46824
46825
46826
46827
46828
46829
46830
46831
46832
46833
46834
46835
46836
46837
46838
46839
46840
46841
46842
46843
46844
46845
46846
46847
46848
46849
46850
46851
46852
46853
46854
46855
46856
46857
46858
46859
46860
46861
46862
46863
46864
46865
46866
46867
46868
46869
46870
46871
46872
46873
46874
46875
46876
46877
46878
46879
46880
46881
46882
46883
46884
46885
46886
46887
46888
46889
46890
46891
46892
46893
46894
46895
46896
46897
46898
46899
46900
46901
46902
46903
46904
46905
46906
46907
46908
46909
46910
46911
46912
46913
46914
46915
46916
46917
46918
46919
46920
46921
46922
46923
46924
46925
46926
46927
46928
46929
46930
46931
46932
46933
46934
46935
46936
46937
46938
46939
46940
46941
46942
46943
46944
46945
46946
46947
46948
46949
46950
46951
46952
46953
46954
46955
46956
46957
46958
46959
46960
46961
46962
46963
46964
46965
46966
46967
46968
46969
46970
46971
46972
46973
46974
46975
46976
46977
46978
46979
46980
46981
46982
46983
46984
46985
46986
46987
46988
46989
46990
46991
46992
46993
46994
46995
46996
46997
46998
46999
47000
47001
47002
47003
47004
47005
47006
47007
47008
47009
47010
47011
47012
47013
47014
47015
47016
47017
47018
47019
47020
47021
47022
47023
47024
47025
47026
47027
47028
47029
47030
47031
47032
47033
47034
47035
47036
47037
47038
47039
47040
47041
47042
47043
47044
47045
47046
47047
47048
47049
47050
47051
47052
47053
47054
47055
47056
47057
47058
47059
47060
47061
47062
47063
47064
47065
47066
47067
47068
47069
47070
47071
47072
47073
47074
47075
47076
47077
47078
47079
47080
47081
47082
47083
47084
47085
47086
47087
47088
47089
47090
47091
47092
47093
47094
47095
47096
47097
47098
47099
47100
47101
47102
47103
47104
47105
47106
47107
47108
47109
47110
47111
47112
47113
47114
47115
47116
47117
47118
47119
47120
47121
47122
47123
47124
47125
47126
47127
47128
47129
47130
47131
47132
47133
47134
47135
47136
47137
47138
47139
47140
47141
47142
47143
47144
47145
47146
47147
47148
47149
47150
47151
47152
47153
47154
47155
47156
47157
47158
47159
47160
47161
47162
47163
47164
47165
47166
47167
47168
47169
47170
47171
47172
47173
47174
47175
47176
47177
47178
47179
47180
47181
47182
47183
47184
47185
47186
47187
47188
47189
47190
47191
47192
47193
47194
47195
47196
47197
47198
47199
47200
47201
47202
47203
47204
47205
47206
47207
47208
47209
47210
47211
47212
47213
47214
47215
47216
47217
47218
47219
47220
47221
47222
47223
47224
47225
47226
47227
47228
47229
47230
47231
47232
47233
47234
47235
47236
47237
47238
47239
47240
47241
47242
47243
47244
47245
47246
47247
47248
47249
47250
47251
47252
47253
47254
47255
47256
47257
47258
47259
47260
47261
47262
47263
47264
47265
47266
47267
47268
47269
47270
47271
47272
47273
47274
47275
47276
47277
47278
47279
47280
47281
47282
47283
47284
47285
47286
47287
47288
47289
47290
47291
47292
47293
47294
47295
47296
47297
47298
47299
47300
47301
47302
47303
47304
47305
47306
47307
47308
47309
47310
47311
47312
47313
47314
47315
47316
47317
47318
47319
47320
47321
47322
47323
47324
47325
47326
47327
47328
47329
47330
47331
47332
47333
47334
47335
47336
47337
47338
47339
47340
47341
47342
47343
47344
47345
47346
47347
47348
47349
47350
47351
47352
47353
47354
47355
47356
47357
47358
47359
47360
47361
47362
47363
47364
47365
47366
47367
47368
47369
47370
47371
47372
47373
47374
47375
47376
47377
47378
47379
47380
47381
47382
47383
47384
47385
47386
47387
47388
47389
47390
47391
47392
47393
47394
47395
47396
47397
47398
47399
47400
47401
47402
47403
47404
47405
47406
47407
47408
47409
47410
47411
47412
47413
47414
47415
47416
47417
47418
47419
47420
47421
47422
47423
47424
47425
47426
47427
47428
47429
47430
47431
47432
47433
47434
47435
47436
47437
47438
47439
47440
47441
47442
47443
47444
47445
47446
47447
47448
47449
47450
47451
47452
47453
47454
47455
47456
47457
47458
47459
47460
47461
47462
47463
47464
47465
47466
47467
47468
47469
47470
47471
47472
47473
47474
47475
47476
47477
47478
47479
47480
47481
47482
47483
47484
47485
47486
47487
47488
47489
47490
47491
47492
47493
47494
47495
47496
47497
47498
47499
47500
47501
47502
47503
47504
47505
47506
47507
47508
47509
47510
47511
47512
47513
47514
47515
47516
47517
47518
47519
47520
47521
47522
47523
47524
47525
47526
47527
47528
47529
47530
47531
47532
47533
47534
47535
47536
47537
47538
47539
47540
47541
47542
47543
47544
47545
47546
47547
47548
47549
47550
47551
47552
47553
47554
47555
47556
47557
47558
47559
47560
47561
47562
47563
47564
47565
47566
47567
47568
47569
47570
47571
47572
47573
47574
47575
47576
47577
47578
47579
47580
47581
47582
47583
47584
47585
47586
47587
47588
47589
47590
47591
47592
47593
47594
47595
47596
47597
47598
47599
47600
47601
47602
47603
47604
47605
47606
47607
47608
47609
47610
47611
47612
47613
47614
47615
47616
47617
47618
47619
47620
47621
47622
47623
47624
47625
47626
47627
47628
47629
47630
47631
47632
47633
47634
47635
47636
47637
47638
47639
47640
47641
47642
47643
47644
47645
47646
47647
47648
47649
47650
47651
47652
47653
47654
47655
47656
47657
47658
47659
47660
47661
47662
47663
47664
47665
47666
47667
47668
47669
47670
47671
47672
47673
47674
47675
47676
47677
47678
47679
47680
47681
47682
47683
47684
47685
47686
47687
47688
47689
47690
47691
47692
47693
47694
47695
47696
47697
47698
47699
47700
47701
47702
47703
47704
47705
47706
47707
47708
47709
47710
47711
47712
47713
47714
47715
47716
47717
47718
47719
47720
47721
47722
47723
47724
47725
47726
47727
47728
47729
47730
47731
47732
47733
47734
47735
47736
47737
47738
47739
47740
47741
47742
47743
47744
47745
47746
47747
47748
47749
47750
47751
47752
47753
47754
47755
47756
47757
47758
47759
47760
47761
47762
47763
47764
47765
47766
47767
47768
47769
47770
47771
47772
47773
47774
47775
47776
47777
47778
47779
47780
47781
47782
47783
47784
47785
47786
47787
47788
47789
47790
47791
47792
47793
47794
47795
47796
47797
47798
47799
47800
47801
47802
47803
47804
47805
47806
47807
47808
47809
47810
47811
47812
47813
47814
47815
47816
47817
47818
47819
47820
47821
47822
47823
47824
47825
47826
47827
47828
47829
47830
47831
47832
47833
47834
47835
47836
47837
47838
47839
47840
47841
47842
47843
47844
47845
47846
47847
47848
47849
47850
47851
47852
47853
47854
47855
47856
47857
47858
47859
47860
47861
47862
47863
47864
47865
47866
47867
47868
47869
47870
47871
47872
47873
47874
47875
47876
47877
47878
47879
47880
47881
47882
47883
47884
47885
47886
47887
47888
47889
47890
47891
47892
47893
47894
47895
47896
47897
47898
47899
47900
47901
47902
47903
47904
47905
47906
47907
47908
47909
47910
47911
47912
47913
47914
47915
47916
47917
47918
47919
47920
47921
47922
47923
47924
47925
47926
47927
47928
47929
47930
47931
47932
47933
47934
47935
47936
47937
47938
47939
47940
47941
47942
47943
47944
47945
47946
47947
47948
47949
47950
47951
47952
47953
47954
47955
47956
47957
47958
47959
47960
47961
47962
47963
47964
47965
47966
47967
47968
47969
47970
47971
47972
47973
47974
47975
47976
47977
47978
47979
47980
47981
47982
47983
47984
47985
47986
47987
47988
47989
47990
47991
47992
47993
47994
47995
47996
47997
47998
47999
)


// ************************************************************************* //
