# Region type : patch outlet
# Faces  :    25
# Area   :    1.047421e-07
# Time        	areaIntegrate(phi)
0             	0.000000e+00
0.05          	1.293030e-33
0.1           	4.814544e-32
0.15          	8.989509e-31
0.2           	1.122265e-29
0.25          	1.053890e-28
0.3           	7.941015e-28
0.35          	5.001260e-27
0.4           	2.708057e-26
0.45          	1.287009e-25
0.5           	5.453931e-25
0.55          	2.086728e-24
0.6           	7.281913e-24
0.65          	2.337128e-23
0.7           	6.947625e-23
0.75          	1.924519e-22
0.8           	4.993490e-22
0.85          	1.219169e-21
0.9           	2.812245e-21
0.95          	6.150853e-21
1             	1.279723e-20
1.05          	2.540209e-20
1.1           	4.823461e-20
1.15          	8.783200e-20
1.2           	1.537234e-19
1.25          	2.591437e-19
1.3           	4.216144e-19
1.35          	6.632466e-19
1.4           	1.010616e-18
1.45          	1.494097e-18
1.5           	2.146594e-18
1.55          	3.001708e-18
1.6           	4.091469e-18
1.65          	5.443848e-18
1.7           	7.080415e-18
1.75          	9.014029e-18
1.8           	1.124755e-17
1.85          	1.377315e-17
1.9           	1.657245e-17
1.95          	1.961760e-17
2             	2.287303e-17
2.05          	2.629758e-17
2.1           	2.984701e-17
2.15          	3.347638e-17
2.2           	3.714223e-17
2.25          	4.080436e-17
2.3           	4.442713e-17
2.35          	4.798023e-17
2.4           	5.143903e-17
2.45          	5.478454e-17
2.5           	5.800297e-17
2.55          	6.108523e-17
2.6           	6.402620e-17
2.65          	6.682407e-17
2.7           	6.947961e-17
2.75          	7.199555e-17
2.8           	7.437605e-17
2.85          	7.662625e-17
2.9           	7.875188e-17
2.95          	8.075903e-17
3             	8.265387e-17
3.05          	8.444254e-17
3.1           	8.613105e-17
3.15          	8.772517e-17
3.2           	8.923041e-17
3.25          	9.065200e-17
3.3           	9.199486e-17
3.35          	9.326363e-17
3.4           	9.446263e-17
3.45          	9.559591e-17
3.5           	9.666724e-17
3.55          	9.768015e-17
3.6           	9.863793e-17
3.65          	9.954362e-17
3.7           	1.004001e-16
3.75          	1.012098e-16
3.8           	1.019755e-16
3.85          	1.026994e-16
3.9           	1.033838e-16
3.95          	1.040306e-16
4             	1.046417e-16
4.05          	1.052190e-16
4.1           	1.057641e-16
4.15          	1.062786e-16
4.2           	1.067639e-16
4.25          	1.072216e-16
4.3           	1.076530e-16
4.35          	1.080593e-16
4.4           	1.084418e-16
4.45          	1.088016e-16
4.5           	1.091398e-16
4.55          	1.094575e-16
4.6           	1.097557e-16
4.65          	1.100354e-16
4.7           	1.102975e-16
4.75          	1.105430e-16
4.8           	1.107726e-16
4.85          	1.109872e-16
4.9           	1.111876e-16
4.95          	1.113748e-16
5             	1.115493e-16
5.05          	1.117117e-16
5.1           	1.118627e-16
5.15          	1.120030e-16
5.2           	1.121332e-16
5.25          	1.122540e-16
5.3           	1.123658e-16
5.35          	1.124693e-16
5.4           	1.125650e-16
5.45          	1.126533e-16
5.5           	1.127348e-16
5.55          	1.128098e-16
5.6           	1.128789e-16
5.65          	1.129424e-16
5.7           	1.130008e-16
5.75          	1.130543e-16
5.8           	1.131033e-16
5.85          	1.131481e-16
5.9           	1.131891e-16
5.95          	1.132266e-16
6             	1.132607e-16
6.05          	1.132913e-16
6.1           	1.133192e-16
6.15          	1.133446e-16
6.2           	1.133677e-16
6.25          	1.133887e-16
6.3           	1.134078e-16
6.35          	1.134251e-16
6.4           	1.134407e-16
6.45          	1.134549e-16
6.5           	1.134677e-16
6.55          	1.134792e-16
6.6           	1.134896e-16
6.65          	1.134989e-16
6.7           	1.135073e-16
6.75          	1.135148e-16
6.8           	1.135222e-16
6.85          	1.135286e-16
6.9           	1.135343e-16
6.95          	1.135393e-16
7             	1.135437e-16
7.05          	1.135475e-16
7.1           	1.135509e-16
7.15          	1.135539e-16
7.2           	1.135565e-16
7.25          	1.135588e-16
7.3           	1.135609e-16
7.35          	1.135626e-16
7.4           	1.135642e-16
7.45          	1.135656e-16
7.5           	1.135668e-16
7.55          	1.135678e-16
7.6           	1.135687e-16
7.65          	1.135695e-16
7.7           	1.135695e-16
7.75          	1.135695e-16
7.8           	1.135695e-16
7.85          	1.135695e-16
7.9           	1.135695e-16
7.95          	1.135695e-16
8             	1.135695e-16
8.05          	1.135695e-16
8.1           	1.135695e-16
8.15          	1.135695e-16
8.2           	1.135695e-16
8.25          	1.135695e-16
8.3           	1.135695e-16
8.35          	1.135695e-16
8.4           	1.135695e-16
8.45          	1.135695e-16
8.5           	1.135695e-16
8.55          	1.135695e-16
8.6           	1.135695e-16
8.65          	1.135695e-16
8.7           	1.135695e-16
8.75          	1.135695e-16
8.8           	1.135695e-16
8.85          	1.135695e-16
8.9           	1.135695e-16
8.95          	1.135695e-16
9             	1.135695e-16
9.05          	1.135695e-16
9.1           	1.135695e-16
9.15          	1.135695e-16
9.2           	1.135695e-16
9.25          	1.135695e-16
9.3           	1.135695e-16
9.35          	1.135695e-16
9.4           	1.135695e-16
9.45          	1.135695e-16
9.5           	1.135695e-16
9.55          	1.135695e-16
9.6           	1.135695e-16
9.65          	1.135695e-16
9.7           	1.135695e-16
9.75          	1.135695e-16
9.8           	1.135695e-16
9.85          	1.135695e-16
9.9           	1.135695e-16
9.95          	1.135695e-16
10            	1.135695e-16
10.05         	1.135695e-16
10.1          	1.135695e-16
10.15         	1.135695e-16
10.2          	1.135695e-16
10.25         	1.135695e-16
10.3          	1.135695e-16
10.35         	1.135695e-16
10.4          	1.135695e-16
10.45         	1.135695e-16
10.5          	1.135695e-16
10.55         	1.135695e-16
10.6          	1.135695e-16
10.65         	1.135695e-16
10.7          	1.135695e-16
10.75         	1.135695e-16
10.8          	1.135695e-16
10.85         	1.135695e-16
10.9          	1.135695e-16
10.95         	1.135695e-16
11            	1.135695e-16
11.05         	1.135695e-16
11.1          	1.135695e-16
11.15         	1.135695e-16
11.2          	1.135695e-16
11.25         	1.135695e-16
11.3          	1.135695e-16
11.35         	1.135695e-16
11.4          	1.135695e-16
11.45         	1.135695e-16
11.5          	1.135695e-16
11.55         	1.135695e-16
11.6          	1.135695e-16
11.65         	1.135695e-16
11.7          	1.135695e-16
11.75         	1.135695e-16
11.8          	1.135695e-16
11.85         	1.135695e-16
11.9          	1.135695e-16
11.95         	1.135695e-16
12            	1.135695e-16
12.05         	1.135695e-16
12.1          	1.135695e-16
12.15         	1.135695e-16
12.2          	1.135695e-16
12.25         	1.135695e-16
12.3          	1.135695e-16
12.35         	1.135695e-16
12.4          	1.135695e-16
12.45         	1.135695e-16
12.5          	1.135695e-16
12.55         	1.135695e-16
12.6          	1.135695e-16
12.65         	1.135695e-16
12.7          	1.135695e-16
12.75         	1.135695e-16
12.8          	1.135695e-16
12.85         	1.135695e-16
12.9          	1.135695e-16
12.95         	1.135695e-16
13            	1.135695e-16
13.05         	1.135695e-16
13.1          	1.135695e-16
13.15         	1.135695e-16
13.2          	1.135695e-16
13.25         	1.135695e-16
13.3          	1.135695e-16
13.35         	1.135695e-16
13.4          	1.135695e-16
13.45         	1.135695e-16
13.5          	1.135695e-16
13.55         	1.135695e-16
13.6          	1.135695e-16
13.65         	1.135695e-16
13.7          	1.135695e-16
13.75         	1.135695e-16
13.8          	1.135695e-16
13.85         	1.135695e-16
13.9          	1.135695e-16
13.95         	1.135695e-16
14            	1.135695e-16
14.05         	1.135695e-16
14.1          	1.135695e-16
14.15         	1.135695e-16
14.2          	1.135695e-16
14.25         	1.135695e-16
14.3          	1.135695e-16
14.35         	1.135695e-16
14.4          	1.135695e-16
14.45         	1.135695e-16
14.5          	1.135695e-16
14.55         	1.135695e-16
14.6          	1.135695e-16
14.65         	1.135695e-16
14.7          	1.135695e-16
14.75         	1.135695e-16
14.8          	1.135695e-16
14.85         	1.135695e-16
14.9          	1.135695e-16
14.95         	1.135695e-16
15            	1.135695e-16
15.05         	1.135695e-16
15.1          	1.135695e-16
15.15         	1.135695e-16
15.2          	1.135695e-16
15.25         	1.135695e-16
15.3          	1.135695e-16
15.35         	1.135695e-16
15.4          	1.135695e-16
15.45         	1.135695e-16
15.5          	1.135695e-16
15.55         	1.135695e-16
15.6          	1.135695e-16
15.65         	1.135695e-16
15.7          	1.135695e-16
15.75         	1.135695e-16
15.8          	1.135695e-16
15.85         	1.135695e-16
15.9          	1.135695e-16
15.95         	1.135695e-16
16            	1.135695e-16
16.05         	1.135695e-16
16.1          	1.135695e-16
16.15         	1.135695e-16
16.2          	1.135695e-16
16.25         	1.135695e-16
16.3          	1.135695e-16
16.35         	1.135695e-16
16.4          	1.135695e-16
16.45         	1.135695e-16
16.5          	1.135695e-16
16.55         	1.135695e-16
16.6          	1.135695e-16
16.65         	1.135695e-16
16.7          	1.135695e-16
16.75         	1.135695e-16
16.8          	1.135695e-16
16.85         	1.135695e-16
16.9          	1.135695e-16
16.95         	1.135695e-16
17            	1.135695e-16
17.05         	1.135695e-16
17.1          	1.135695e-16
17.15         	1.135695e-16
17.2          	1.135695e-16
17.25         	1.135695e-16
17.3          	1.135695e-16
17.35         	1.135695e-16
17.4          	1.135695e-16
17.45         	1.135695e-16
17.5          	1.135695e-16
17.55         	1.135695e-16
17.6          	1.135695e-16
17.65         	1.135695e-16
17.7          	1.135695e-16
17.75         	1.135695e-16
17.8          	1.135695e-16
17.85         	1.135695e-16
17.9          	1.135695e-16
17.95         	1.135695e-16
18            	1.135695e-16
18.05         	1.135695e-16
18.1          	1.135695e-16
18.15         	1.135695e-16
18.2          	1.135695e-16
18.25         	1.135695e-16
18.3          	1.135695e-16
18.35         	1.135695e-16
18.4          	1.135695e-16
18.45         	1.135695e-16
18.5          	1.135695e-16
18.55         	1.135695e-16
18.6          	1.135695e-16
18.65         	1.135695e-16
18.7          	1.135695e-16
18.75         	1.135695e-16
18.8          	1.135695e-16
18.85         	1.135695e-16
18.9          	1.135695e-16
18.95         	1.135695e-16
19            	1.135695e-16
19.05         	1.135695e-16
19.1          	1.135695e-16
19.15         	1.135695e-16
19.2          	1.135695e-16
19.25         	1.135695e-16
19.3          	1.135695e-16
19.35         	1.135695e-16
19.4          	1.135695e-16
19.45         	1.135695e-16
19.5          	1.135695e-16
19.55         	1.135695e-16
19.6          	1.135695e-16
19.65         	1.135695e-16
19.7          	1.135695e-16
19.75         	1.135695e-16
19.8          	1.135695e-16
19.85         	1.135695e-16
19.9          	1.135695e-16
19.95         	1.135695e-16
20            	1.135695e-16
20.05         	1.135695e-16
20.1          	1.135695e-16
20.15         	1.135695e-16
20.2          	1.135695e-16
20.25         	1.135695e-16
20.3          	1.135695e-16
20.35         	1.135695e-16
20.4          	1.135695e-16
20.45         	1.135695e-16
20.5          	1.135695e-16
20.55         	1.135695e-16
20.6          	1.135695e-16
20.65         	1.135695e-16
20.7          	1.135695e-16
20.75         	1.135695e-16
20.8          	1.135695e-16
20.85         	1.135695e-16
20.9          	1.135695e-16
20.95         	1.135695e-16
21            	1.135695e-16
21.05         	1.135695e-16
21.1          	1.135695e-16
21.15         	1.135695e-16
21.2          	1.135695e-16
21.25         	1.135695e-16
21.3          	1.135695e-16
21.35         	1.135695e-16
21.4          	1.135695e-16
21.45         	1.135695e-16
21.5          	1.135695e-16
21.55         	1.135695e-16
21.6          	1.135695e-16
21.65         	1.135695e-16
21.7          	1.135695e-16
21.75         	1.135695e-16
21.8          	1.135695e-16
21.85         	1.135695e-16
21.9          	1.135695e-16
21.95         	1.135695e-16
22            	1.135695e-16
22.05         	1.135695e-16
22.1          	1.135695e-16
22.15         	1.135695e-16
22.2          	1.135695e-16
22.25         	1.135695e-16
22.3          	1.135695e-16
22.35         	1.135695e-16
22.4          	1.135695e-16
22.45         	1.135695e-16
22.5          	1.135695e-16
22.55         	1.135695e-16
22.6          	1.135695e-16
22.65         	1.135695e-16
22.7          	1.135695e-16
22.75         	1.135695e-16
22.8          	1.135695e-16
22.85         	1.135695e-16
22.9          	1.135695e-16
22.95         	1.135695e-16
23            	1.135695e-16
23.05         	1.135695e-16
23.1          	1.135695e-16
23.15         	1.135695e-16
23.2          	1.135695e-16
23.25         	1.135695e-16
23.3          	1.135695e-16
23.35         	1.135695e-16
23.4          	1.135695e-16
23.45         	1.135695e-16
23.5          	1.135695e-16
23.55         	1.135695e-16
23.6          	1.135695e-16
23.65         	1.135695e-16
23.7          	1.135695e-16
23.75         	1.135695e-16
23.8          	1.135695e-16
23.85         	1.135695e-16
23.9          	1.135695e-16
23.95         	1.135695e-16
24            	1.135695e-16
24.05         	1.135695e-16
24.1          	1.135695e-16
24.15         	1.135695e-16
24.2          	1.135695e-16
24.25         	1.135695e-16
24.3          	1.135695e-16
24.35         	1.135695e-16
24.4          	1.135695e-16
24.45         	1.135695e-16
24.5          	1.135695e-16
24.55         	1.135695e-16
24.6          	1.135695e-16
24.65         	1.135695e-16
24.7          	1.135695e-16
24.75         	1.135695e-16
24.8          	1.135695e-16
24.85         	1.135695e-16
24.9          	1.135695e-16
24.95         	1.135695e-16
25            	1.135695e-16
25.05         	1.135695e-16
25.1          	1.135695e-16
25.15         	1.135695e-16
25.2          	1.135695e-16
25.25         	1.135695e-16
25.3          	1.135695e-16
25.35         	1.135695e-16
25.4          	1.135695e-16
25.45         	1.135695e-16
25.5          	1.135695e-16
25.55         	1.135695e-16
25.6          	1.135695e-16
25.65         	1.135695e-16
25.7          	1.135695e-16
25.75         	1.135695e-16
25.8          	1.135695e-16
25.85         	1.135695e-16
25.9          	1.135695e-16
25.95         	1.135695e-16
26            	1.135695e-16
26.05         	1.135695e-16
26.1          	1.135695e-16
26.15         	1.135695e-16
26.2          	1.135695e-16
26.25         	1.135695e-16
26.3          	1.135695e-16
26.35         	1.135695e-16
26.4          	1.135695e-16
26.45         	1.135695e-16
26.5          	1.135695e-16
26.55         	1.135695e-16
26.6          	1.135695e-16
26.65         	1.135695e-16
26.7          	1.135695e-16
26.75         	1.135695e-16
26.8          	1.135695e-16
26.85         	1.135695e-16
26.9          	1.135695e-16
26.95         	1.135695e-16
27            	1.135695e-16
27.05         	1.135695e-16
27.1          	1.135695e-16
27.15         	1.135695e-16
27.2          	1.135695e-16
27.25         	1.135695e-16
27.3          	1.135695e-16
27.35         	1.135695e-16
27.4          	1.135695e-16
27.45         	1.135695e-16
27.5          	1.135695e-16
27.55         	1.135695e-16
27.6          	1.135695e-16
27.65         	1.135695e-16
27.7          	1.135695e-16
27.75         	1.135695e-16
27.8          	1.135695e-16
27.85         	1.135695e-16
27.9          	1.135695e-16
27.95         	1.135695e-16
28            	1.135695e-16
28.05         	1.135695e-16
28.1          	1.135695e-16
28.15         	1.135695e-16
28.2          	1.135695e-16
28.25         	1.135695e-16
28.3          	1.135695e-16
28.35         	1.135695e-16
28.4          	1.135695e-16
28.45         	1.135695e-16
28.5          	1.135695e-16
28.55         	1.135695e-16
28.6          	1.135695e-16
28.65         	1.135695e-16
28.7          	1.135695e-16
28.75         	1.135695e-16
28.8          	1.135695e-16
28.85         	1.135695e-16
28.9          	1.135695e-16
28.95         	1.135695e-16
29            	1.135695e-16
29.05         	1.135695e-16
29.1          	1.135695e-16
29.15         	1.135695e-16
29.2          	1.135695e-16
29.25         	1.135695e-16
29.3          	1.135695e-16
29.35         	1.135695e-16
29.4          	1.135695e-16
29.45         	1.135695e-16
29.5          	1.135695e-16
29.55         	1.135695e-16
29.6          	1.135695e-16
29.65         	1.135695e-16
29.7          	1.135695e-16
29.75         	1.135695e-16
29.8          	1.135695e-16
29.85         	1.135695e-16
29.9          	1.135695e-16
29.95         	1.135695e-16
30            	1.135695e-16
30.05         	1.135695e-16
30.1          	1.135695e-16
30.15         	1.135695e-16
30.2          	1.135695e-16
30.25         	1.135695e-16
30.3          	1.135695e-16
30.35         	1.135695e-16
30.4          	1.135695e-16
30.45         	1.135695e-16
30.5          	1.135695e-16
30.55         	1.135695e-16
30.6          	1.135695e-16
30.65         	1.135695e-16
30.7          	1.135695e-16
30.75         	1.135695e-16
30.8          	1.135695e-16
30.85         	1.135695e-16
30.9          	1.135695e-16
30.95         	1.135695e-16
31            	1.135695e-16
31.05         	1.135695e-16
31.1          	1.135695e-16
31.15         	1.135695e-16
31.2          	1.135695e-16
31.25         	1.135695e-16
31.3          	1.135695e-16
31.35         	1.135695e-16
31.4          	1.135695e-16
31.45         	1.135695e-16
31.5          	1.135695e-16
31.55         	1.135695e-16
31.6          	1.135695e-16
31.65         	1.135695e-16
31.7          	1.135695e-16
31.75         	1.135695e-16
31.8          	1.135695e-16
31.85         	1.135695e-16
31.9          	1.135695e-16
31.95         	1.135695e-16
32            	1.135695e-16
32.05         	1.135695e-16
32.1          	1.135695e-16
32.15         	1.135695e-16
32.2          	1.135695e-16
32.25         	1.135695e-16
32.3          	1.135695e-16
32.35         	1.135695e-16
32.4          	1.135695e-16
32.45         	1.135695e-16
32.5          	1.135695e-16
32.55         	1.135695e-16
32.6          	1.135695e-16
32.65         	1.135695e-16
32.7          	1.135695e-16
32.75         	1.135695e-16
32.8          	1.135695e-16
32.85         	1.135695e-16
32.9          	1.135695e-16
32.95         	1.135695e-16
33            	1.135695e-16
33.05         	1.135695e-16
33.1          	1.135695e-16
33.15         	1.135695e-16
33.2          	1.135695e-16
33.25         	1.135695e-16
33.3          	1.135695e-16
33.35         	1.135695e-16
33.4          	1.135695e-16
33.45         	1.135695e-16
33.5          	1.135695e-16
33.55         	1.135695e-16
33.6          	1.135695e-16
33.65         	1.135695e-16
33.7          	1.135695e-16
33.75         	1.135695e-16
33.8          	1.135695e-16
33.85         	1.135695e-16
33.9          	1.135695e-16
33.95         	1.135695e-16
34            	1.135695e-16
34.05         	1.135695e-16
34.1          	1.135695e-16
34.15         	1.135695e-16
34.2          	1.135695e-16
34.25         	1.135695e-16
34.3          	1.135695e-16
34.35         	1.135695e-16
34.4          	1.135695e-16
34.45         	1.135695e-16
34.5          	1.135695e-16
34.55         	1.135695e-16
34.6          	1.135695e-16
34.65         	1.135695e-16
34.7          	1.135695e-16
34.75         	1.135695e-16
34.8          	1.135695e-16
34.85         	1.135695e-16
34.9          	1.135695e-16
34.95         	1.135695e-16
35            	1.135695e-16
35.05         	1.135695e-16
35.1          	1.135695e-16
35.15         	1.135695e-16
35.2          	1.135695e-16
35.25         	1.135695e-16
35.3          	1.135695e-16
35.35         	1.135695e-16
35.4          	1.135695e-16
35.45         	1.135695e-16
35.5          	1.135695e-16
35.55         	1.135695e-16
35.6          	1.135695e-16
35.65         	1.135695e-16
35.7          	1.135695e-16
35.75         	1.135695e-16
35.8          	1.135695e-16
35.85         	1.135695e-16
35.9          	1.135695e-16
35.95         	1.135695e-16
36            	1.135695e-16
36.05         	1.135695e-16
36.1          	1.135695e-16
36.15         	1.135695e-16
36.2          	1.135695e-16
36.25         	1.135695e-16
36.3          	1.135695e-16
36.35         	1.135695e-16
36.4          	1.135695e-16
36.45         	1.135695e-16
36.5          	1.135695e-16
36.55         	1.135695e-16
36.6          	1.135695e-16
36.65         	1.135695e-16
36.7          	1.135695e-16
36.75         	1.135695e-16
36.8          	1.135695e-16
36.85         	1.135695e-16
36.9          	1.135695e-16
36.95         	1.135695e-16
37            	1.135695e-16
37.05         	1.135695e-16
37.1          	1.135695e-16
37.15         	1.135695e-16
37.2          	1.135695e-16
37.25         	1.135695e-16
37.3          	1.135695e-16
37.35         	1.135695e-16
37.4          	1.135695e-16
37.45         	1.135695e-16
37.5          	1.135695e-16
37.55         	1.135695e-16
37.6          	1.135695e-16
37.65         	1.135695e-16
37.7          	1.135695e-16
37.75         	1.135695e-16
37.8          	1.135695e-16
37.85         	1.135695e-16
37.9          	1.135695e-16
37.95         	1.135695e-16
38            	1.135695e-16
38.05         	1.135695e-16
38.1          	1.135695e-16
38.15         	1.135695e-16
38.2          	1.135695e-16
38.25         	1.135695e-16
38.3          	1.135695e-16
38.35         	1.135695e-16
38.4          	1.135695e-16
38.45         	1.135695e-16
38.5          	1.135695e-16
38.55         	1.135695e-16
38.6          	1.135695e-16
38.65         	1.135695e-16
38.7          	1.135695e-16
38.75         	1.135695e-16
38.8          	1.135695e-16
38.85         	1.135695e-16
38.9          	1.135695e-16
38.95         	1.135695e-16
39            	1.135695e-16
39.05         	1.135695e-16
39.1          	1.135695e-16
39.15         	1.135695e-16
39.2          	1.135695e-16
39.25         	1.135695e-16
39.3          	1.135695e-16
39.35         	1.135695e-16
39.4          	1.135695e-16
39.45         	1.135695e-16
39.5          	1.135695e-16
39.55         	1.135695e-16
39.6          	1.135695e-16
39.65         	1.135695e-16
39.7          	1.135695e-16
39.75         	1.135695e-16
39.8          	1.135695e-16
39.85         	1.135695e-16
39.9          	1.135695e-16
39.95         	1.135695e-16
40            	1.135695e-16
40.05         	1.135695e-16
40.1          	1.135695e-16
40.15         	1.135695e-16
40.2          	1.135695e-16
40.25         	1.135695e-16
40.3          	1.135695e-16
40.35         	1.135695e-16
40.4          	1.135695e-16
40.45         	1.135695e-16
40.5          	1.135695e-16
40.55         	1.135695e-16
40.6          	1.135695e-16
40.65         	1.135695e-16
40.7          	1.135695e-16
40.75         	1.135695e-16
40.8          	1.135695e-16
40.85         	1.135695e-16
40.9          	1.135695e-16
40.95         	1.135695e-16
41            	1.135695e-16
41.05         	1.135695e-16
41.1          	1.135695e-16
41.15         	1.135695e-16
41.2          	1.135695e-16
41.25         	1.135695e-16
41.3          	1.135695e-16
41.35         	1.135695e-16
41.4          	1.135695e-16
41.45         	1.135695e-16
41.5          	1.135695e-16
41.55         	1.135695e-16
41.6          	1.135695e-16
41.65         	1.135695e-16
41.7          	1.135695e-16
41.75         	1.135695e-16
41.8          	1.135695e-16
41.85         	1.135695e-16
41.9          	1.135695e-16
41.95         	1.135695e-16
42            	1.135695e-16
42.05         	1.135695e-16
42.1          	1.135695e-16
42.15         	1.135695e-16
42.2          	1.135695e-16
42.25         	1.135695e-16
42.3          	1.135695e-16
42.35         	1.135695e-16
42.4          	1.135695e-16
42.45         	1.135695e-16
42.5          	1.135695e-16
42.55         	1.135695e-16
42.6          	1.135695e-16
42.65         	1.135695e-16
42.7          	1.135695e-16
42.75         	1.135695e-16
42.8          	1.135695e-16
42.85         	1.135695e-16
42.9          	1.135695e-16
42.95         	1.135695e-16
43            	1.135695e-16
43.05         	1.135695e-16
43.1          	1.135695e-16
43.15         	1.135695e-16
43.2          	1.135695e-16
43.25         	1.135695e-16
43.3          	1.135695e-16
43.35         	1.135695e-16
43.4          	1.135695e-16
43.45         	1.135695e-16
43.5          	1.135695e-16
43.55         	1.135695e-16
43.6          	1.135695e-16
43.65         	1.135695e-16
43.7          	1.135695e-16
43.75         	1.135695e-16
43.8          	1.135695e-16
43.85         	1.135695e-16
43.9          	1.135695e-16
43.95         	1.135695e-16
44            	1.135695e-16
44.05         	1.135695e-16
44.1          	1.135695e-16
44.15         	1.135695e-16
44.2          	1.135695e-16
44.25         	1.135695e-16
44.3          	1.135695e-16
44.35         	1.135695e-16
44.4          	1.135695e-16
44.45         	1.135695e-16
44.5          	1.135695e-16
44.55         	1.135695e-16
44.6          	1.135695e-16
44.65         	1.135695e-16
44.7          	1.135695e-16
44.75         	1.135695e-16
44.8          	1.135695e-16
44.85         	1.135695e-16
44.9          	1.135695e-16
44.95         	1.135695e-16
45            	1.135695e-16
45.05         	1.135695e-16
45.1          	1.135695e-16
45.15         	1.135695e-16
45.2          	1.135695e-16
45.25         	1.135695e-16
45.3          	1.135695e-16
45.35         	1.135695e-16
45.4          	1.135695e-16
45.45         	1.135695e-16
45.5          	1.135695e-16
45.55         	1.135695e-16
45.6          	1.135695e-16
45.65         	1.135695e-16
45.7          	1.135695e-16
45.75         	1.135695e-16
45.8          	1.135695e-16
45.85         	1.135695e-16
45.9          	1.135695e-16
45.95         	1.135695e-16
46            	1.135695e-16
46.05         	1.135695e-16
46.1          	1.135695e-16
46.15         	1.135695e-16
46.2          	1.135695e-16
46.25         	1.135695e-16
46.3          	1.135695e-16
46.35         	1.135695e-16
46.4          	1.135695e-16
46.45         	1.135695e-16
46.5          	1.135695e-16
46.55         	1.135695e-16
46.6          	1.135695e-16
46.65         	1.135695e-16
46.7          	1.135695e-16
46.75         	1.135695e-16
46.8          	1.135695e-16
46.85         	1.135695e-16
46.9          	1.135695e-16
46.95         	1.135695e-16
47            	1.135695e-16
47.05         	1.135695e-16
47.1          	1.135695e-16
47.15         	1.135695e-16
47.2          	1.135695e-16
47.25         	1.135695e-16
47.3          	1.135695e-16
47.35         	1.135695e-16
47.4          	1.135695e-16
47.45         	1.135695e-16
47.5          	1.135695e-16
47.55         	1.135695e-16
47.6          	1.135695e-16
47.65         	1.135695e-16
47.7          	1.135695e-16
47.75         	1.135695e-16
47.8          	1.135695e-16
47.85         	1.135695e-16
47.9          	1.135695e-16
47.95         	1.135695e-16
48            	1.135695e-16
48.05         	1.135695e-16
48.1          	1.135695e-16
48.15         	1.135695e-16
48.2          	1.135695e-16
48.25         	1.135695e-16
48.3          	1.135695e-16
48.35         	1.135695e-16
48.4          	1.135695e-16
48.45         	1.135695e-16
48.5          	1.135695e-16
48.55         	1.135695e-16
48.6          	1.135695e-16
48.65         	1.135695e-16
48.7          	1.135695e-16
48.75         	1.135695e-16
48.8          	1.135695e-16
48.85         	1.135695e-16
48.9          	1.135695e-16
48.95         	1.135695e-16
49            	1.135695e-16
49.05         	1.135695e-16
49.1          	1.135695e-16
49.15         	1.135695e-16
49.2          	1.135695e-16
49.25         	1.135695e-16
49.3          	1.135695e-16
49.35         	1.135695e-16
49.4          	1.135695e-16
49.45         	1.135695e-16
49.5          	1.135695e-16
49.55         	1.135695e-16
49.6          	1.135695e-16
49.65         	1.135695e-16
49.7          	1.135695e-16
49.75         	1.135695e-16
49.8          	1.135695e-16
49.85         	1.135695e-16
49.9          	1.135695e-16
49.95         	1.135695e-16
50            	1.135695e-16
50.05         	1.135695e-16
50.1          	1.135695e-16
50.15         	1.135695e-16
50.2          	1.135695e-16
50.25         	1.135695e-16
50.3          	1.135695e-16
50.35         	1.135695e-16
50.4          	1.135695e-16
50.45         	1.135695e-16
50.5          	1.135695e-16
50.55         	1.135695e-16
50.6          	1.135695e-16
50.65         	1.135695e-16
50.7          	1.135695e-16
50.75         	1.135695e-16
50.8          	1.135695e-16
50.85         	1.135695e-16
50.9          	1.135695e-16
50.95         	1.135695e-16
51            	1.135695e-16
51.05         	1.135695e-16
51.1          	1.135695e-16
51.15         	1.135695e-16
51.2          	1.135695e-16
51.25         	1.135695e-16
51.3          	1.135695e-16
51.35         	1.135695e-16
51.4          	1.135695e-16
51.45         	1.135695e-16
51.5          	1.135695e-16
51.55         	1.135695e-16
51.6          	1.135695e-16
51.65         	1.135695e-16
51.7          	1.135695e-16
51.75         	1.135695e-16
51.8          	1.135695e-16
51.85         	1.135695e-16
51.9          	1.135695e-16
51.95         	1.135695e-16
52            	1.135695e-16
52.05         	1.135695e-16
52.1          	1.135695e-16
52.15         	1.135695e-16
52.2          	1.135695e-16
52.25         	1.135695e-16
52.3          	1.135695e-16
52.35         	1.135695e-16
52.4          	1.135695e-16
52.45         	1.135695e-16
52.5          	1.135695e-16
52.55         	1.135695e-16
52.6          	1.135695e-16
52.65         	1.135695e-16
52.7          	1.135695e-16
52.75         	1.135695e-16
52.8          	1.135695e-16
52.85         	1.135695e-16
52.9          	1.135695e-16
52.95         	1.135695e-16
53            	1.135695e-16
53.05         	1.135695e-16
53.1          	1.135695e-16
53.15         	1.135695e-16
53.2          	1.135695e-16
53.25         	1.135695e-16
53.3          	1.135695e-16
53.35         	1.135695e-16
53.4          	1.135695e-16
53.45         	1.135695e-16
53.5          	1.135695e-16
53.55         	1.135695e-16
53.6          	1.135695e-16
53.65         	1.135695e-16
53.7          	1.135695e-16
53.75         	1.135695e-16
53.8          	1.135695e-16
53.85         	1.135695e-16
53.9          	1.135695e-16
53.95         	1.135695e-16
54            	1.135695e-16
54.05         	1.135695e-16
54.1          	1.135695e-16
54.15         	1.135695e-16
54.2          	1.135695e-16
54.25         	1.135695e-16
54.3          	1.135695e-16
54.35         	1.135695e-16
54.4          	1.135695e-16
54.45         	1.135695e-16
54.5          	1.135695e-16
54.55         	1.135695e-16
54.6          	1.135695e-16
54.65         	1.135695e-16
54.7          	1.135695e-16
54.75         	1.135695e-16
54.8          	1.135695e-16
54.85         	1.135695e-16
54.9          	1.135695e-16
54.95         	1.135695e-16
55            	1.135695e-16
55.05         	1.135695e-16
55.1          	1.135695e-16
55.15         	1.135695e-16
55.2          	1.135695e-16
55.25         	1.135695e-16
55.3          	1.135695e-16
55.35         	1.135695e-16
55.4          	1.135695e-16
55.45         	1.135695e-16
55.5          	1.135695e-16
55.55         	1.135695e-16
55.6          	1.135695e-16
55.65         	1.135695e-16
55.7          	1.135695e-16
55.75         	1.135695e-16
55.8          	1.135695e-16
55.85         	1.135695e-16
55.9          	1.135695e-16
55.95         	1.135695e-16
56            	1.135695e-16
56.05         	1.135695e-16
56.1          	1.135695e-16
56.15         	1.135695e-16
56.2          	1.135695e-16
56.25         	1.135695e-16
56.3          	1.135695e-16
56.35         	1.135695e-16
56.4          	1.135695e-16
56.45         	1.135695e-16
56.5          	1.135695e-16
56.55         	1.135695e-16
56.6          	1.135695e-16
56.65         	1.135695e-16
56.7          	1.135695e-16
56.75         	1.135695e-16
56.8          	1.135695e-16
56.85         	1.135695e-16
56.9          	1.135695e-16
56.95         	1.135695e-16
57            	1.135695e-16
57.05         	1.135695e-16
57.1          	1.135695e-16
57.15         	1.135695e-16
57.2          	1.135695e-16
57.25         	1.135695e-16
57.3          	1.135695e-16
57.35         	1.135695e-16
57.4          	1.135695e-16
57.45         	1.135695e-16
57.5          	1.135695e-16
57.55         	1.135695e-16
57.6          	1.135695e-16
57.65         	1.135695e-16
57.7          	1.135695e-16
57.75         	1.135695e-16
57.8          	1.135695e-16
57.85         	1.135695e-16
57.9          	1.135695e-16
57.95         	1.135695e-16
58            	1.135695e-16
58.05         	1.135695e-16
58.1          	1.135695e-16
58.15         	1.135695e-16
58.2          	1.135695e-16
58.25         	1.135695e-16
58.3          	1.135695e-16
58.35         	1.135695e-16
58.4          	1.135695e-16
58.45         	1.135695e-16
58.5          	1.135695e-16
58.55         	1.135695e-16
58.6          	1.135695e-16
58.65         	1.135695e-16
58.7          	1.135695e-16
58.75         	1.135695e-16
58.8          	1.135695e-16
58.85         	1.135695e-16
58.9          	1.135695e-16
58.95         	1.135695e-16
59            	1.135695e-16
59.05         	1.135695e-16
59.1          	1.135695e-16
59.15         	1.135695e-16
59.2          	1.135695e-16
59.25         	1.135695e-16
59.3          	1.135695e-16
59.35         	1.135695e-16
59.4          	1.135695e-16
59.45         	1.135695e-16
59.5          	1.135695e-16
59.55         	1.135695e-16
59.6          	1.135695e-16
59.65         	1.135695e-16
59.7          	1.135695e-16
59.75         	1.135695e-16
59.8          	1.135695e-16
59.85         	1.135695e-16
59.9          	1.135695e-16
59.95         	1.135695e-16
60            	1.135695e-16
60.05         	1.135695e-16
60.1          	1.135695e-16
60.15         	1.135695e-16
60.2          	1.135695e-16
60.25         	1.135695e-16
60.3          	1.135695e-16
60.35         	1.135695e-16
60.4          	1.135695e-16
60.45         	1.135695e-16
60.5          	1.135695e-16
60.55         	1.135695e-16
60.6          	1.135695e-16
60.65         	1.135695e-16
60.7          	1.135695e-16
60.75         	1.135695e-16
60.8          	1.135695e-16
60.85         	1.135695e-16
60.9          	1.135695e-16
60.95         	1.135695e-16
61            	1.135695e-16
61.05         	1.135695e-16
61.1          	1.135695e-16
61.15         	1.135695e-16
61.2          	1.135695e-16
61.25         	1.135695e-16
61.3          	1.135695e-16
61.35         	1.135695e-16
61.4          	1.135695e-16
61.45         	1.135695e-16
61.5          	1.135695e-16
61.55         	1.135695e-16
61.6          	1.135695e-16
61.65         	1.135695e-16
61.7          	1.135695e-16
61.75         	1.135695e-16
61.8          	1.135695e-16
61.85         	1.135695e-16
61.9          	1.135695e-16
61.95         	1.135695e-16
62            	1.135695e-16
62.05         	1.135695e-16
62.1          	1.135695e-16
62.15         	1.135695e-16
62.2          	1.135695e-16
62.25         	1.135695e-16
62.3          	1.135695e-16
62.35         	1.135695e-16
62.4          	1.135695e-16
62.45         	1.135695e-16
62.5          	1.135695e-16
62.55         	1.135695e-16
62.6          	1.135695e-16
62.65         	1.135695e-16
62.7          	1.135695e-16
62.75         	1.135695e-16
62.8          	1.135695e-16
62.85         	1.135695e-16
62.9          	1.135695e-16
62.95         	1.135695e-16
63            	1.135695e-16
63.05         	1.135695e-16
63.1          	1.135695e-16
63.15         	1.135695e-16
63.2          	1.135695e-16
63.25         	1.135695e-16
63.3          	1.135695e-16
63.35         	1.135695e-16
63.4          	1.135695e-16
63.45         	1.135695e-16
63.5          	1.135695e-16
63.55         	1.135695e-16
63.6          	1.135695e-16
63.65         	1.135695e-16
63.7          	1.135695e-16
63.75         	1.135695e-16
63.8          	1.135695e-16
63.85         	1.135695e-16
63.9          	1.135695e-16
63.95         	1.135695e-16
64            	1.135695e-16
64.05         	1.135695e-16
64.1          	1.135695e-16
64.15         	1.135695e-16
64.2          	1.135695e-16
64.25         	1.135695e-16
64.3          	1.135695e-16
64.35         	1.135695e-16
64.4          	1.135695e-16
64.45         	1.135695e-16
64.5          	1.135695e-16
64.55         	1.135695e-16
64.6          	1.135695e-16
64.65         	1.135695e-16
64.7          	1.135695e-16
64.75         	1.135695e-16
64.8          	1.135695e-16
64.85         	1.135695e-16
64.9          	1.135695e-16
64.95         	1.135695e-16
65            	1.135695e-16
65.05         	1.135695e-16
65.1          	1.135695e-16
65.15         	1.135695e-16
65.2          	1.135695e-16
65.25         	1.135695e-16
65.3          	1.135695e-16
65.35         	1.135695e-16
65.4          	1.135695e-16
65.45         	1.135695e-16
65.5          	1.135695e-16
65.55         	1.135695e-16
65.6          	1.135695e-16
65.65         	1.135695e-16
65.7          	1.135695e-16
65.75         	1.135695e-16
65.8          	1.135695e-16
65.85         	1.135695e-16
65.9          	1.135695e-16
65.95         	1.135695e-16
66            	1.135695e-16
66.05         	1.135695e-16
66.1          	1.135695e-16
66.15         	1.135695e-16
66.2          	1.135695e-16
66.25         	1.135695e-16
66.3          	1.135695e-16
66.35         	1.135695e-16
66.4          	1.135695e-16
66.45         	1.135695e-16
66.5          	1.135695e-16
66.55         	1.135695e-16
66.6          	1.135695e-16
66.65         	1.135695e-16
66.7          	1.135695e-16
66.75         	1.135695e-16
66.8          	1.135695e-16
66.85         	1.135695e-16
66.9          	1.135695e-16
66.95         	1.135695e-16
67            	1.135695e-16
67.05         	1.135695e-16
67.1          	1.135695e-16
67.15         	1.135695e-16
67.2          	1.135695e-16
67.25         	1.135695e-16
67.3          	1.135695e-16
67.35         	1.135695e-16
67.4          	1.135695e-16
67.45         	1.135695e-16
67.5          	1.135695e-16
67.55         	1.135695e-16
67.6          	1.135695e-16
67.65         	1.135695e-16
67.7          	1.135695e-16
67.75         	1.135695e-16
67.8          	1.135695e-16
67.85         	1.135695e-16
67.9          	1.135695e-16
67.95         	1.135695e-16
68            	1.135695e-16
68.05         	1.135695e-16
68.1          	1.135695e-16
68.15         	1.135695e-16
68.2          	1.135695e-16
68.25         	1.135695e-16
68.3          	1.135695e-16
68.35         	1.135695e-16
68.4          	1.135695e-16
68.45         	1.135695e-16
68.5          	1.135695e-16
68.55         	1.135695e-16
68.6          	1.135695e-16
68.65         	1.135695e-16
68.7          	1.135695e-16
68.75         	1.135695e-16
68.8          	1.135695e-16
68.85         	1.135695e-16
68.9          	1.135695e-16
68.95         	1.135695e-16
69            	1.135695e-16
69.05         	1.135695e-16
69.1          	1.135695e-16
69.15         	1.135695e-16
69.2          	1.135695e-16
69.25         	1.135695e-16
69.3          	1.135695e-16
69.35         	1.135695e-16
69.4          	1.135695e-16
69.45         	1.135695e-16
69.5          	1.135695e-16
69.55         	1.135695e-16
69.6          	1.135695e-16
69.65         	1.135695e-16
69.7          	1.135695e-16
69.75         	1.135695e-16
69.8          	1.135695e-16
69.85         	1.135695e-16
69.9          	1.135695e-16
69.95         	1.135695e-16
70            	1.135695e-16
70.05         	1.135695e-16
70.1          	1.135695e-16
70.15         	1.135695e-16
70.2          	1.135695e-16
70.25         	1.135695e-16
70.3          	1.135695e-16
70.35         	1.135695e-16
70.4          	1.135695e-16
70.45         	1.135695e-16
70.5          	1.135695e-16
70.55         	1.135695e-16
70.6          	1.135695e-16
70.65         	1.135695e-16
70.7          	1.135695e-16
70.75         	1.135695e-16
70.8          	1.135695e-16
70.85         	1.135695e-16
70.9          	1.135695e-16
70.95         	1.135695e-16
71            	1.135695e-16
71.05         	1.135695e-16
71.1          	1.135695e-16
71.15         	1.135695e-16
71.2          	1.135695e-16
71.25         	1.135695e-16
71.3          	1.135695e-16
71.35         	1.135695e-16
71.4          	1.135695e-16
71.45         	1.135695e-16
71.5          	1.135695e-16
71.55         	1.135695e-16
71.6          	1.135695e-16
71.65         	1.135695e-16
71.7          	1.135695e-16
71.75         	1.135695e-16
71.8          	1.135695e-16
71.85         	1.135695e-16
71.9          	1.135695e-16
71.95         	1.135695e-16
72            	1.135695e-16
72.05         	1.135695e-16
72.1          	1.135695e-16
72.15         	1.135695e-16
72.2          	1.135695e-16
72.25         	1.135695e-16
72.3          	1.135695e-16
72.35         	1.135695e-16
72.4          	1.135695e-16
72.45         	1.135695e-16
72.5          	1.135695e-16
72.55         	1.135695e-16
72.6          	1.135695e-16
72.65         	1.135695e-16
72.7          	1.135695e-16
72.75         	1.135695e-16
72.8          	1.135695e-16
72.85         	1.135695e-16
72.9          	1.135695e-16
72.95         	1.135695e-16
73            	1.135695e-16
73.05         	1.135695e-16
73.1          	1.135695e-16
73.15         	1.135695e-16
73.2          	1.135695e-16
73.25         	1.135695e-16
73.3          	1.135695e-16
73.35         	1.135695e-16
73.4          	1.135695e-16
73.45         	1.135695e-16
73.5          	1.135695e-16
73.55         	1.135695e-16
73.6          	1.135695e-16
73.65         	1.135695e-16
73.7          	1.135695e-16
73.75         	1.135695e-16
73.8          	1.135695e-16
73.85         	1.135695e-16
73.9          	1.135695e-16
73.95         	1.135695e-16
74            	1.135695e-16
74.05         	1.135695e-16
74.1          	1.135695e-16
74.15         	1.135695e-16
74.2          	1.135695e-16
74.25         	1.135695e-16
74.3          	1.135695e-16
74.35         	1.135695e-16
74.4          	1.135695e-16
74.45         	1.135695e-16
74.5          	1.135695e-16
74.55         	1.135695e-16
74.6          	1.135695e-16
74.65         	1.135695e-16
74.7          	1.135695e-16
74.75         	1.135695e-16
74.8          	1.135695e-16
74.85         	1.135695e-16
74.9          	1.135695e-16
74.95         	1.135695e-16
75            	1.135695e-16
75.05         	1.135695e-16
75.1          	1.135695e-16
75.15         	1.135695e-16
75.2          	1.135695e-16
75.25         	1.135695e-16
75.3          	1.135695e-16
75.35         	1.135695e-16
75.4          	1.135695e-16
75.45         	1.135695e-16
75.5          	1.135695e-16
75.55         	1.135695e-16
75.6          	1.135695e-16
75.65         	1.135695e-16
75.7          	1.135695e-16
75.75         	1.135695e-16
75.8          	1.135695e-16
75.85         	1.135695e-16
75.9          	1.135695e-16
75.95         	1.135695e-16
76            	1.135695e-16
76.05         	1.135695e-16
76.1          	1.135695e-16
76.15         	1.135695e-16
76.2          	1.135695e-16
76.25         	1.135695e-16
76.3          	1.135695e-16
76.35         	1.135695e-16
76.4          	1.135695e-16
76.45         	1.135695e-16
76.5          	1.135695e-16
76.55         	1.135695e-16
76.6          	1.135695e-16
76.65         	1.135695e-16
76.7          	1.135695e-16
76.75         	1.135695e-16
76.8          	1.135695e-16
76.85         	1.135695e-16
76.9          	1.135695e-16
76.95         	1.135695e-16
77            	1.135695e-16
77.05         	1.135695e-16
77.1          	1.135695e-16
77.15         	1.135695e-16
77.2          	1.135695e-16
77.25         	1.135695e-16
77.3          	1.135695e-16
77.35         	1.135695e-16
77.4          	1.135695e-16
77.45         	1.135695e-16
77.5          	1.135695e-16
77.55         	1.135695e-16
77.6          	1.135695e-16
77.65         	1.135695e-16
77.7          	1.135695e-16
77.75         	1.135695e-16
77.8          	1.135695e-16
77.85         	1.135695e-16
77.9          	1.135695e-16
77.95         	1.135695e-16
78            	1.135695e-16
78.05         	1.135695e-16
78.1          	1.135695e-16
78.15         	1.135695e-16
78.2          	1.135695e-16
78.25         	1.135695e-16
78.3          	1.135695e-16
78.35         	1.135695e-16
78.4          	1.135695e-16
78.45         	1.135695e-16
78.5          	1.135695e-16
78.55         	1.135695e-16
78.6          	1.135695e-16
78.65         	1.135695e-16
78.7          	1.135695e-16
78.75         	1.135695e-16
78.8          	1.135695e-16
78.85         	1.135695e-16
78.9          	1.135695e-16
78.95         	1.135695e-16
79            	1.135695e-16
79.05         	1.135695e-16
79.1          	1.135695e-16
79.15         	1.135695e-16
79.2          	1.135695e-16
79.25         	1.135695e-16
79.3          	1.135695e-16
79.35         	1.135695e-16
79.4          	1.135695e-16
79.45         	1.135695e-16
79.5          	1.135695e-16
79.55         	1.135695e-16
79.6          	1.135695e-16
79.65         	1.135695e-16
79.7          	1.135695e-16
79.75         	1.135695e-16
79.8          	1.135695e-16
79.85         	1.135695e-16
79.9          	1.135695e-16
79.95         	1.135695e-16
80            	1.135695e-16
80.05         	1.135695e-16
80.1          	1.135695e-16
80.15         	1.135695e-16
80.2          	1.135695e-16
80.25         	1.135695e-16
80.3          	1.135695e-16
80.35         	1.135695e-16
80.4          	1.135695e-16
80.45         	1.135695e-16
80.5          	1.135695e-16
80.55         	1.135695e-16
80.6          	1.135695e-16
80.65         	1.135695e-16
80.7          	1.135695e-16
80.75         	1.135695e-16
80.8          	1.135695e-16
80.85         	1.135695e-16
80.9          	1.135695e-16
80.95         	1.135695e-16
81            	1.135695e-16
81.05         	1.135695e-16
81.1          	1.135695e-16
81.15         	1.135695e-16
81.2          	1.135695e-16
81.25         	1.135695e-16
81.3          	1.135695e-16
81.35         	1.135695e-16
81.4          	1.135695e-16
81.45         	1.135695e-16
81.5          	1.135695e-16
81.55         	1.135695e-16
81.6          	1.135695e-16
81.65         	1.135695e-16
81.7          	1.135695e-16
81.75         	1.135695e-16
81.8          	1.135695e-16
81.85         	1.135695e-16
81.9          	1.135695e-16
81.95         	1.135695e-16
82            	1.135695e-16
82.05         	1.135695e-16
82.1          	1.135695e-16
82.15         	1.135695e-16
82.2          	1.135695e-16
82.25         	1.135695e-16
82.3          	1.135695e-16
82.35         	1.135695e-16
82.4          	1.135695e-16
82.45         	1.135695e-16
82.5          	1.135695e-16
82.55         	1.135695e-16
82.6          	1.135695e-16
82.65         	1.135695e-16
82.7          	1.135695e-16
82.75         	1.135695e-16
82.8          	1.135695e-16
82.85         	1.135695e-16
82.9          	1.135695e-16
82.95         	1.135695e-16
83            	1.135695e-16
83.05         	1.135695e-16
83.1          	1.135695e-16
83.15         	1.135695e-16
83.2          	1.135695e-16
83.25         	1.135695e-16
83.3          	1.135695e-16
83.35         	1.135695e-16
83.4          	1.135695e-16
83.45         	1.135695e-16
83.5          	1.135695e-16
83.55         	1.135695e-16
83.6          	1.135695e-16
83.65         	1.135695e-16
83.7          	1.135695e-16
83.75         	1.135695e-16
83.8          	1.135695e-16
83.85         	1.135695e-16
83.9          	1.135695e-16
83.95         	1.135695e-16
84            	1.135695e-16
84.05         	1.135695e-16
84.1          	1.135695e-16
84.15         	1.135695e-16
84.2          	1.135695e-16
84.25         	1.135695e-16
84.3          	1.135695e-16
84.35         	1.135695e-16
84.4          	1.135695e-16
84.45         	1.135695e-16
84.5          	1.135695e-16
84.55         	1.135695e-16
84.6          	1.135695e-16
84.65         	1.135695e-16
84.7          	1.135695e-16
84.75         	1.135695e-16
84.8          	1.135695e-16
84.85         	1.135695e-16
84.9          	1.135695e-16
84.95         	1.135695e-16
85            	1.135695e-16
85.05         	1.135695e-16
85.1          	1.135695e-16
85.15         	1.135695e-16
85.2          	1.135695e-16
85.25         	1.135695e-16
85.3          	1.135695e-16
85.35         	1.135695e-16
85.4          	1.135695e-16
85.45         	1.135695e-16
85.5          	1.135695e-16
85.55         	1.135695e-16
85.6          	1.135695e-16
85.65         	1.135695e-16
85.7          	1.135695e-16
85.75         	1.135695e-16
85.8          	1.135695e-16
85.85         	1.135695e-16
85.9          	1.135695e-16
85.95         	1.135695e-16
86            	1.135695e-16
86.05         	1.135695e-16
86.1          	1.135695e-16
86.15         	1.135695e-16
86.2          	1.135695e-16
86.25         	1.135695e-16
86.3          	1.135695e-16
86.35         	1.135695e-16
86.4          	1.135695e-16
86.45         	1.135695e-16
86.5          	1.135695e-16
86.55         	1.135695e-16
86.6          	1.135695e-16
86.65         	1.135695e-16
86.7          	1.135695e-16
86.75         	1.135695e-16
86.8          	1.135695e-16
86.85         	1.135695e-16
86.9          	1.135695e-16
86.95         	1.135695e-16
87            	1.135695e-16
87.05         	1.135695e-16
87.1          	1.135695e-16
87.15         	1.135695e-16
87.2          	1.135695e-16
87.25         	1.135695e-16
87.3          	1.135695e-16
87.35         	1.135695e-16
87.4          	1.135695e-16
87.45         	1.135695e-16
87.5          	1.135695e-16
87.55         	1.135695e-16
87.6          	1.135695e-16
87.65         	1.135695e-16
87.7          	1.135695e-16
87.75         	1.135695e-16
87.8          	1.135695e-16
87.85         	1.135695e-16
87.9          	1.135695e-16
87.95         	1.135695e-16
88            	1.135695e-16
88.05         	1.135695e-16
88.1          	1.135695e-16
88.15         	1.135695e-16
88.2          	1.135695e-16
88.25         	1.135695e-16
88.3          	1.135695e-16
88.35         	1.135695e-16
88.4          	1.135695e-16
88.45         	1.135695e-16
88.5          	1.135695e-16
88.55         	1.135695e-16
88.6          	1.135695e-16
88.65         	1.135695e-16
88.7          	1.135695e-16
88.75         	1.135695e-16
88.8          	1.135695e-16
88.85         	1.135695e-16
88.9          	1.135695e-16
88.95         	1.135695e-16
89            	1.135695e-16
89.05         	1.135695e-16
89.1          	1.135695e-16
89.15         	1.135695e-16
89.2          	1.135695e-16
89.25         	1.135695e-16
89.3          	1.135695e-16
89.35         	1.135695e-16
89.4          	1.135695e-16
89.45         	1.135695e-16
89.5          	1.135695e-16
89.55         	1.135695e-16
89.6          	1.135695e-16
89.65         	1.135695e-16
89.7          	1.135695e-16
89.75         	1.135695e-16
89.8          	1.135695e-16
89.85         	1.135695e-16
89.9          	1.135695e-16
89.95         	1.135695e-16
90            	1.135695e-16
90.05         	1.135695e-16
90.1          	1.135695e-16
90.15         	1.135695e-16
90.2          	1.135695e-16
90.25         	1.135695e-16
90.3          	1.135695e-16
90.35         	1.135695e-16
90.4          	1.135695e-16
90.45         	1.135695e-16
90.5          	1.135695e-16
90.55         	1.135695e-16
90.6          	1.135695e-16
90.65         	1.135695e-16
90.7          	1.135695e-16
90.75         	1.135695e-16
90.8          	1.135695e-16
90.85         	1.135695e-16
90.9          	1.135695e-16
90.95         	1.135695e-16
91            	1.135695e-16
91.05         	1.135695e-16
91.1          	1.135695e-16
91.15         	1.135695e-16
91.2          	1.135695e-16
91.25         	1.135695e-16
91.3          	1.135695e-16
91.35         	1.135695e-16
91.4          	1.135695e-16
91.45         	1.135695e-16
91.5          	1.135695e-16
91.55         	1.135695e-16
91.6          	1.135695e-16
91.65         	1.135695e-16
91.7          	1.135695e-16
91.75         	1.135695e-16
91.8          	1.135695e-16
91.85         	1.135695e-16
91.9          	1.135695e-16
91.95         	1.135695e-16
92            	1.135695e-16
92.05         	1.135695e-16
92.1          	1.135695e-16
92.15         	1.135695e-16
92.2          	1.135695e-16
92.25         	1.135695e-16
92.3          	1.135695e-16
92.35         	1.135695e-16
92.4          	1.135695e-16
92.45         	1.135695e-16
92.5          	1.135695e-16
92.55         	1.135695e-16
92.6          	1.135695e-16
92.65         	1.135695e-16
92.7          	1.135695e-16
92.75         	1.135695e-16
92.8          	1.135695e-16
92.85         	1.135695e-16
92.9          	1.135695e-16
92.95         	1.135695e-16
93            	1.135695e-16
93.05         	1.135695e-16
93.1          	1.135695e-16
93.15         	1.135695e-16
93.2          	1.135695e-16
93.25         	1.135695e-16
93.3          	1.135695e-16
93.35         	1.135695e-16
93.4          	1.135695e-16
93.45         	1.135695e-16
93.5          	1.135695e-16
93.55         	1.135695e-16
93.6          	1.135695e-16
93.65         	1.135695e-16
93.7          	1.135695e-16
93.75         	1.135695e-16
93.8          	1.135695e-16
93.85         	1.135695e-16
93.9          	1.135695e-16
93.95         	1.135695e-16
94            	1.135695e-16
94.05         	1.135695e-16
94.1          	1.135695e-16
94.15         	1.135695e-16
94.2          	1.135695e-16
94.25         	1.135695e-16
94.3          	1.135695e-16
94.35         	1.135695e-16
94.4          	1.135695e-16
94.45         	1.135695e-16
94.5          	1.135695e-16
94.55         	1.135695e-16
94.6          	1.135695e-16
94.65         	1.135695e-16
94.7          	1.135695e-16
94.75         	1.135695e-16
94.8          	1.135695e-16
94.85         	1.135695e-16
94.9          	1.135695e-16
94.95         	1.135695e-16
95            	1.135695e-16
95.05         	1.135695e-16
95.1          	1.135695e-16
95.15         	1.135695e-16
95.2          	1.135695e-16
95.25         	1.135695e-16
95.3          	1.135695e-16
95.35         	1.135695e-16
95.4          	1.135695e-16
95.45         	1.135695e-16
95.5          	1.135695e-16
95.55         	1.135695e-16
95.6          	1.135695e-16
95.65         	1.135695e-16
95.7          	1.135695e-16
95.75         	1.135695e-16
95.8          	1.135695e-16
95.85         	1.135695e-16
95.9          	1.135695e-16
95.95         	1.135695e-16
96            	1.135695e-16
96.05         	1.135695e-16
96.1          	1.135695e-16
96.15         	1.135695e-16
96.2          	1.135695e-16
96.25         	1.135695e-16
96.3          	1.135695e-16
96.35         	1.135695e-16
96.4          	1.135695e-16
96.45         	1.135695e-16
96.5          	1.135695e-16
96.55         	1.135695e-16
96.6          	1.135695e-16
96.65         	1.135695e-16
96.7          	1.135695e-16
96.75         	1.135695e-16
96.8          	1.135695e-16
96.85         	1.135695e-16
96.9          	1.135695e-16
96.95         	1.135695e-16
97            	1.135695e-16
97.05         	1.135695e-16
97.1          	1.135695e-16
97.15         	1.135695e-16
97.2          	1.135695e-16
97.25         	1.135695e-16
97.3          	1.135695e-16
97.35         	1.135695e-16
97.4          	1.135695e-16
97.45         	1.135695e-16
97.5          	1.135695e-16
97.55         	1.135695e-16
97.6          	1.135695e-16
97.65         	1.135695e-16
97.7          	1.135695e-16
97.75         	1.135695e-16
97.8          	1.135695e-16
97.85         	1.135695e-16
97.9          	1.135695e-16
97.95         	1.135695e-16
98            	1.135695e-16
98.05         	1.135695e-16
98.1          	1.135695e-16
98.15         	1.135695e-16
98.2          	1.135695e-16
98.25         	1.135695e-16
98.3          	1.135695e-16
98.35         	1.135695e-16
98.4          	1.135695e-16
98.45         	1.135695e-16
98.5          	1.135695e-16
98.55         	1.135695e-16
98.6          	1.135695e-16
98.65         	1.135695e-16
98.7          	1.135695e-16
98.75         	1.135695e-16
98.8          	1.135695e-16
98.85         	1.135695e-16
98.9          	1.135695e-16
98.95         	1.135695e-16
99            	1.135695e-16
99.05         	1.135695e-16
99.1          	1.135695e-16
99.15         	1.135695e-16
99.2          	1.135695e-16
99.25         	1.135695e-16
99.3          	1.135695e-16
99.35         	1.135695e-16
99.4          	1.135695e-16
99.45         	1.135695e-16
99.5          	1.135695e-16
99.55         	1.135695e-16
99.6          	1.135695e-16
99.65         	1.135695e-16
99.7          	1.135695e-16
99.75         	1.135695e-16
99.8          	1.135695e-16
99.85         	1.135695e-16
99.9          	1.135695e-16
99.95         	1.135695e-16
100           	1.135695e-16
100.05        	1.135695e-16
100.1         	1.135695e-16
100.15        	1.135695e-16
100.2         	1.135695e-16
100.25        	1.135695e-16
100.3         	1.135695e-16
100.35        	1.135695e-16
100.4         	1.135695e-16
100.45        	1.135695e-16
100.5         	1.135695e-16
100.55        	1.135695e-16
100.6         	1.135695e-16
100.65        	1.135695e-16
100.7         	1.135695e-16
100.75        	1.135695e-16
100.8         	1.135695e-16
100.85        	1.135695e-16
100.9         	1.135695e-16
100.95        	1.135695e-16
101           	1.135695e-16
101.05        	1.135695e-16
101.1         	1.135695e-16
101.15        	1.135695e-16
101.2         	1.135695e-16
101.25        	1.135695e-16
101.3         	1.135695e-16
101.35        	1.135695e-16
101.4         	1.135695e-16
101.45        	1.135695e-16
101.5         	1.135695e-16
101.55        	1.135695e-16
101.6         	1.135695e-16
101.65        	1.135695e-16
101.7         	1.135695e-16
101.75        	1.135695e-16
101.8         	1.135695e-16
101.85        	1.135695e-16
101.9         	1.135695e-16
101.95        	1.135695e-16
102           	1.135695e-16
102.05        	1.135695e-16
102.1         	1.135695e-16
102.15        	1.135695e-16
102.2         	1.135695e-16
102.25        	1.135695e-16
102.3         	1.135695e-16
102.35        	1.135695e-16
102.4         	1.135695e-16
102.45        	1.135695e-16
102.5         	1.135695e-16
102.55        	1.135695e-16
102.6         	1.135695e-16
102.65        	1.135695e-16
102.7         	1.135695e-16
102.75        	1.135695e-16
102.8         	1.135695e-16
102.85        	1.135695e-16
102.9         	1.135695e-16
102.95        	1.135695e-16
103           	1.135695e-16
103.05        	1.135695e-16
103.1         	1.135695e-16
103.15        	1.135695e-16
103.2         	1.135695e-16
103.25        	1.135695e-16
103.3         	1.135695e-16
103.35        	1.135695e-16
103.4         	1.135695e-16
103.45        	1.135695e-16
103.5         	1.135695e-16
103.55        	1.135695e-16
103.6         	1.135695e-16
103.65        	1.135695e-16
103.7         	1.135695e-16
103.75        	1.135695e-16
103.8         	1.135695e-16
103.85        	1.135695e-16
103.9         	1.135695e-16
103.95        	1.135695e-16
104           	1.135695e-16
104.05        	1.135695e-16
104.1         	1.135695e-16
104.15        	1.135695e-16
104.2         	1.135695e-16
104.25        	1.135695e-16
104.3         	1.135695e-16
104.35        	1.135695e-16
104.4         	1.135695e-16
104.45        	1.135695e-16
104.5         	1.135695e-16
104.55        	1.135695e-16
104.6         	1.135695e-16
104.65        	1.135695e-16
104.7         	1.135695e-16
104.75        	1.135695e-16
104.8         	1.135695e-16
104.85        	1.135695e-16
104.9         	1.135695e-16
104.95        	1.135695e-16
105           	1.135695e-16
105.05        	1.135695e-16
105.1         	1.135695e-16
105.15        	1.135695e-16
105.2         	1.135695e-16
105.25        	1.135695e-16
105.3         	1.135695e-16
105.35        	1.135695e-16
105.4         	1.135695e-16
105.45        	1.135695e-16
105.5         	1.135695e-16
105.55        	1.135695e-16
105.6         	1.135695e-16
105.65        	1.135695e-16
105.7         	1.135695e-16
105.75        	1.135695e-16
105.8         	1.135695e-16
105.85        	1.135695e-16
105.9         	1.135695e-16
105.95        	1.135695e-16
106           	1.135695e-16
106.05        	1.135695e-16
106.1         	1.135695e-16
106.15        	1.135695e-16
106.2         	1.135695e-16
106.25        	1.135695e-16
106.3         	1.135695e-16
106.35        	1.135695e-16
106.4         	1.135695e-16
106.45        	1.135695e-16
106.5         	1.135695e-16
106.55        	1.135695e-16
106.6         	1.135695e-16
106.65        	1.135695e-16
106.7         	1.135695e-16
106.75        	1.135695e-16
106.8         	1.135695e-16
106.85        	1.135695e-16
106.9         	1.135695e-16
106.95        	1.135695e-16
107           	1.135695e-16
107.05        	1.135695e-16
107.1         	1.135695e-16
107.15        	1.135695e-16
107.2         	1.135695e-16
107.25        	1.135695e-16
107.3         	1.135695e-16
107.35        	1.135695e-16
107.4         	1.135695e-16
107.45        	1.135695e-16
107.5         	1.135695e-16
107.55        	1.135695e-16
107.6         	1.135695e-16
107.65        	1.135695e-16
107.7         	1.135695e-16
107.75        	1.135695e-16
107.8         	1.135695e-16
107.85        	1.135695e-16
107.9         	1.135695e-16
107.95        	1.135695e-16
108           	1.135695e-16
108.05        	1.135695e-16
108.1         	1.135695e-16
108.15        	1.135695e-16
108.2         	1.135695e-16
108.25        	1.135695e-16
108.3         	1.135695e-16
108.35        	1.135695e-16
108.4         	1.135695e-16
108.45        	1.135695e-16
108.5         	1.135695e-16
108.55        	1.135695e-16
108.6         	1.135695e-16
108.65        	1.135695e-16
108.7         	1.135695e-16
108.75        	1.135695e-16
108.8         	1.135695e-16
108.85        	1.135695e-16
108.9         	1.135695e-16
108.95        	1.135695e-16
109           	1.135695e-16
109.05        	1.135695e-16
109.1         	1.135695e-16
109.15        	1.135695e-16
109.2         	1.135695e-16
109.25        	1.135695e-16
109.3         	1.135695e-16
109.35        	1.135695e-16
109.4         	1.135695e-16
109.45        	1.135695e-16
109.5         	1.135695e-16
109.55        	1.135695e-16
109.6         	1.135695e-16
109.65        	1.135695e-16
109.7         	1.135695e-16
109.75        	1.135695e-16
109.8         	1.135695e-16
109.85        	1.135695e-16
109.9         	1.135695e-16
109.95        	1.135695e-16
110           	1.135695e-16
110.05        	1.135695e-16
110.1         	1.135695e-16
110.15        	1.135695e-16
110.2         	1.135695e-16
110.25        	1.135695e-16
110.3         	1.135695e-16
110.35        	1.135695e-16
110.4         	1.135695e-16
110.45        	1.135695e-16
110.5         	1.135695e-16
110.55        	1.135695e-16
110.6         	1.135695e-16
110.65        	1.135695e-16
110.7         	1.135695e-16
110.75        	1.135695e-16
110.8         	1.135695e-16
110.85        	1.135695e-16
110.9         	1.135695e-16
110.95        	1.135695e-16
111           	1.135695e-16
111.05        	1.135695e-16
111.1         	1.135695e-16
111.15        	1.135695e-16
111.2         	1.135695e-16
111.25        	1.135695e-16
111.3         	1.135695e-16
111.35        	1.135695e-16
111.4         	1.135695e-16
111.45        	1.135695e-16
111.5         	1.135695e-16
111.55        	1.135695e-16
111.6         	1.135695e-16
111.65        	1.135695e-16
111.7         	1.135695e-16
111.75        	1.135695e-16
111.8         	1.135695e-16
111.85        	1.135695e-16
111.9         	1.135695e-16
111.95        	1.135695e-16
112           	1.135695e-16
112.05        	1.135695e-16
112.1         	1.135695e-16
112.15        	1.135695e-16
112.2         	1.135695e-16
112.25        	1.135695e-16
112.3         	1.135695e-16
112.35        	1.135695e-16
112.4         	1.135695e-16
112.45        	1.135695e-16
112.5         	1.135695e-16
112.55        	1.135695e-16
112.6         	1.135695e-16
112.65        	1.135695e-16
112.7         	1.135695e-16
112.75        	1.135695e-16
112.8         	1.135695e-16
112.85        	1.135695e-16
112.9         	1.135695e-16
112.95        	1.135695e-16
113           	1.135695e-16
113.05        	1.135695e-16
113.1         	1.135695e-16
113.15        	1.135695e-16
113.2         	1.135695e-16
113.25        	1.135695e-16
113.3         	1.135695e-16
113.35        	1.135695e-16
113.4         	1.135695e-16
113.45        	1.135695e-16
113.5         	1.135695e-16
113.55        	1.135695e-16
113.6         	1.135695e-16
113.65        	1.135695e-16
113.7         	1.135695e-16
113.75        	1.135695e-16
113.8         	1.135695e-16
113.85        	1.135695e-16
113.9         	1.135695e-16
113.95        	1.135695e-16
114           	1.135695e-16
114.05        	1.135695e-16
114.1         	1.135695e-16
114.15        	1.135695e-16
114.2         	1.135695e-16
114.25        	1.135695e-16
114.3         	1.135695e-16
114.35        	1.135695e-16
114.4         	1.135695e-16
114.45        	1.135695e-16
114.5         	1.135695e-16
114.55        	1.135695e-16
114.6         	1.135695e-16
114.65        	1.135695e-16
114.7         	1.135695e-16
114.75        	1.135695e-16
114.8         	1.135695e-16
114.85        	1.135695e-16
114.9         	1.135695e-16
114.95        	1.135695e-16
115           	1.135695e-16
115.05        	1.135695e-16
115.1         	1.135695e-16
115.15        	1.135695e-16
115.2         	1.135695e-16
115.25        	1.135695e-16
115.3         	1.135695e-16
115.35        	1.135695e-16
115.4         	1.135695e-16
115.45        	1.135695e-16
115.5         	1.135695e-16
115.55        	1.135695e-16
115.6         	1.135695e-16
115.65        	1.135695e-16
115.7         	1.135695e-16
115.75        	1.135695e-16
115.8         	1.135695e-16
115.85        	1.135695e-16
115.9         	1.135695e-16
115.95        	1.135695e-16
116           	1.135695e-16
116.05        	1.135695e-16
116.1         	1.135695e-16
116.15        	1.135695e-16
116.2         	1.135695e-16
116.25        	1.135695e-16
116.3         	1.135695e-16
116.35        	1.135695e-16
116.4         	1.135695e-16
116.45        	1.135695e-16
116.5         	1.135695e-16
116.55        	1.135695e-16
116.6         	1.135695e-16
116.65        	1.135695e-16
116.7         	1.135695e-16
116.75        	1.135695e-16
116.8         	1.135695e-16
116.85        	1.135695e-16
116.9         	1.135695e-16
116.95        	1.135695e-16
117           	1.135695e-16
117.05        	1.135695e-16
117.1         	1.135695e-16
117.15        	1.135695e-16
117.2         	1.135695e-16
117.25        	1.135695e-16
117.3         	1.135695e-16
117.35        	1.135695e-16
117.4         	1.135695e-16
117.45        	1.135695e-16
117.5         	1.135695e-16
117.55        	1.135695e-16
117.6         	1.135695e-16
117.65        	1.135695e-16
117.7         	1.135695e-16
117.75        	1.135695e-16
117.8         	1.135695e-16
117.85        	1.135695e-16
117.9         	1.135695e-16
117.95        	1.135695e-16
118           	1.135695e-16
118.05        	1.135695e-16
118.1         	1.135695e-16
118.15        	1.135695e-16
118.2         	1.135695e-16
118.25        	1.135695e-16
118.3         	1.135695e-16
118.35        	1.135695e-16
118.4         	1.135695e-16
118.45        	1.135695e-16
118.5         	1.135695e-16
118.55        	1.135695e-16
118.6         	1.135695e-16
118.65        	1.135695e-16
118.7         	1.135695e-16
118.75        	1.135695e-16
118.8         	1.135695e-16
118.85        	1.135695e-16
118.9         	1.135695e-16
118.95        	1.135695e-16
119           	1.135695e-16
119.05        	1.135695e-16
119.1         	1.135695e-16
119.15        	1.135695e-16
119.2         	1.135695e-16
119.25        	1.135695e-16
119.3         	1.135695e-16
119.35        	1.135695e-16
119.4         	1.135695e-16
119.45        	1.135695e-16
119.5         	1.135695e-16
119.55        	1.135695e-16
119.6         	1.135695e-16
119.65        	1.135695e-16
119.7         	1.135695e-16
119.75        	1.135695e-16
119.8         	1.135695e-16
119.85        	1.135695e-16
119.9         	1.135695e-16
119.95        	1.135695e-16
120           	1.135695e-16
120.05        	1.135695e-16
120.1         	1.135695e-16
120.15        	1.135695e-16
120.2         	1.135695e-16
120.25        	1.135695e-16
120.3         	1.135695e-16
120.35        	1.135695e-16
120.4         	1.135695e-16
120.45        	1.135695e-16
120.5         	1.135695e-16
120.55        	1.135695e-16
120.6         	1.135695e-16
120.65        	1.135695e-16
120.7         	1.135695e-16
120.75        	1.135695e-16
120.8         	1.135695e-16
120.85        	1.135695e-16
120.9         	1.135695e-16
120.95        	1.135695e-16
121           	1.135695e-16
121.05        	1.135695e-16
121.1         	1.135695e-16
121.15        	1.135695e-16
121.2         	1.135695e-16
121.25        	1.135695e-16
121.3         	1.135695e-16
121.35        	1.135695e-16
121.4         	1.135695e-16
121.45        	1.135695e-16
121.5         	1.135695e-16
121.55        	1.135695e-16
121.6         	1.135695e-16
121.65        	1.135695e-16
121.7         	1.135695e-16
121.75        	1.135695e-16
121.8         	1.135695e-16
121.85        	1.135695e-16
121.9         	1.135695e-16
121.95        	1.135695e-16
122           	1.135695e-16
122.05        	1.135695e-16
122.1         	1.135695e-16
122.15        	1.135695e-16
122.2         	1.135695e-16
122.25        	1.135695e-16
122.3         	1.135695e-16
122.35        	1.135695e-16
122.4         	1.135695e-16
122.45        	1.135695e-16
122.5         	1.135695e-16
122.55        	1.135695e-16
122.6         	1.135695e-16
122.65        	1.135695e-16
122.7         	1.135695e-16
122.75        	1.135695e-16
122.8         	1.135695e-16
122.85        	1.135695e-16
122.9         	1.135695e-16
122.95        	1.135695e-16
123           	1.135695e-16
123.05        	1.135695e-16
123.1         	1.135695e-16
123.15        	1.135695e-16
123.2         	1.135695e-16
123.25        	1.135695e-16
123.3         	1.135695e-16
123.35        	1.135695e-16
123.4         	1.135695e-16
123.45        	1.135695e-16
123.5         	1.135695e-16
123.55        	1.135695e-16
123.6         	1.135695e-16
123.65        	1.135695e-16
123.7         	1.135695e-16
123.75        	1.135695e-16
123.8         	1.135695e-16
123.85        	1.135695e-16
123.9         	1.135695e-16
123.95        	1.135695e-16
124           	1.135695e-16
124.05        	1.135695e-16
124.1         	1.135695e-16
124.15        	1.135695e-16
124.2         	1.135695e-16
124.25        	1.135695e-16
124.3         	1.135695e-16
124.35        	1.135695e-16
124.4         	1.135695e-16
124.45        	1.135695e-16
124.5         	1.135695e-16
124.55        	1.135695e-16
124.6         	1.135695e-16
124.65        	1.135695e-16
124.7         	1.135695e-16
124.75        	1.135695e-16
124.8         	1.135695e-16
124.85        	1.135695e-16
124.9         	1.135695e-16
124.95        	1.135695e-16
125           	1.135695e-16
125.05        	1.135695e-16
125.1         	1.135695e-16
125.15        	1.135695e-16
125.2         	1.135695e-16
125.25        	1.135695e-16
125.3         	1.135695e-16
125.35        	1.135695e-16
125.4         	1.135695e-16
125.45        	1.135695e-16
125.5         	1.135695e-16
125.55        	1.135695e-16
125.6         	1.135695e-16
125.65        	1.135695e-16
125.7         	1.135695e-16
125.75        	1.135695e-16
125.8         	1.135695e-16
125.85        	1.135695e-16
125.9         	1.135695e-16
125.95        	1.135695e-16
126           	1.135695e-16
126.05        	1.135695e-16
126.1         	1.135695e-16
126.15        	1.135695e-16
126.2         	1.135695e-16
126.25        	1.135695e-16
126.3         	1.135695e-16
126.35        	1.135695e-16
126.4         	1.135695e-16
126.45        	1.135695e-16
126.5         	1.135695e-16
126.55        	1.135695e-16
126.6         	1.135695e-16
126.65        	1.135695e-16
126.7         	1.135695e-16
126.75        	1.135695e-16
126.8         	1.135695e-16
126.85        	1.135695e-16
126.9         	1.135695e-16
126.95        	1.135695e-16
127           	1.135695e-16
127.05        	1.135695e-16
127.1         	1.135695e-16
127.15        	1.135695e-16
127.2         	1.135695e-16
127.25        	1.135695e-16
127.3         	1.135695e-16
127.35        	1.135695e-16
127.4         	1.135695e-16
127.45        	1.135695e-16
127.5         	1.135695e-16
127.55        	1.135695e-16
127.6         	1.135695e-16
127.65        	1.135695e-16
127.7         	1.135695e-16
127.75        	1.135695e-16
127.8         	1.135695e-16
127.85        	1.135695e-16
127.9         	1.135695e-16
127.95        	1.135695e-16
128           	1.135695e-16
128.05        	1.135695e-16
128.1         	1.135695e-16
128.15        	1.135695e-16
128.2         	1.135695e-16
128.25        	1.135695e-16
128.3         	1.135695e-16
128.35        	1.135695e-16
128.4         	1.135695e-16
128.45        	1.135695e-16
128.5         	1.135695e-16
128.55        	1.135695e-16
128.6         	1.135695e-16
128.65        	1.135695e-16
128.7         	1.135695e-16
128.75        	1.135695e-16
128.8         	1.135695e-16
128.85        	1.135695e-16
128.9         	1.135695e-16
128.95        	1.135695e-16
129           	1.135695e-16
129.05        	1.135695e-16
129.1         	1.135695e-16
129.15        	1.135695e-16
129.2         	1.135695e-16
129.25        	1.135695e-16
129.3         	1.135695e-16
129.35        	1.135695e-16
129.4         	1.135695e-16
129.45        	1.135695e-16
129.5         	1.135695e-16
129.55        	1.135695e-16
129.6         	1.135695e-16
129.65        	1.135695e-16
129.7         	1.135695e-16
129.75        	1.135695e-16
129.8         	1.135695e-16
129.85        	1.135695e-16
129.9         	1.135695e-16
129.95        	1.135695e-16
130           	1.135695e-16
130.05        	1.135695e-16
130.1         	1.135695e-16
130.15        	1.135695e-16
130.2         	1.135695e-16
130.25        	1.135695e-16
130.3         	1.135695e-16
130.35        	1.135695e-16
130.4         	1.135695e-16
130.45        	1.135695e-16
130.5         	1.135695e-16
130.55        	1.135695e-16
130.6         	1.135695e-16
130.65        	1.135695e-16
130.7         	1.135695e-16
130.75        	1.135695e-16
130.8         	1.135695e-16
130.85        	1.135695e-16
130.9         	1.135695e-16
130.95        	1.135695e-16
131           	1.135695e-16
131.05        	1.135695e-16
131.1         	1.135695e-16
131.15        	1.135695e-16
131.2         	1.135695e-16
131.25        	1.135695e-16
131.3         	1.135695e-16
131.35        	1.135695e-16
131.4         	1.135695e-16
131.45        	1.135695e-16
131.5         	1.135695e-16
131.55        	1.135695e-16
131.6         	1.135695e-16
131.65        	1.135695e-16
131.7         	1.135695e-16
131.75        	1.135695e-16
131.8         	1.135695e-16
131.85        	1.135695e-16
131.9         	1.135695e-16
131.95        	1.135695e-16
132           	1.135695e-16
132.05        	1.135695e-16
132.1         	1.135695e-16
132.15        	1.135695e-16
132.2         	1.135695e-16
132.25        	1.135695e-16
132.3         	1.135695e-16
132.35        	1.135695e-16
132.4         	1.135695e-16
132.45        	1.135695e-16
132.5         	1.135695e-16
132.55        	1.135695e-16
132.6         	1.135695e-16
132.65        	1.135695e-16
132.7         	1.135695e-16
132.75        	1.135695e-16
132.8         	1.135695e-16
132.85        	1.135695e-16
132.9         	1.135695e-16
132.95        	1.135695e-16
133           	1.135695e-16
133.05        	1.135695e-16
133.1         	1.135695e-16
133.15        	1.135695e-16
133.2         	1.135695e-16
133.25        	1.135695e-16
133.3         	1.135695e-16
133.35        	1.135695e-16
133.4         	1.135695e-16
133.45        	1.135695e-16
133.5         	1.135695e-16
133.55        	1.135695e-16
133.6         	1.135695e-16
133.65        	1.135695e-16
133.7         	1.135695e-16
133.75        	1.135695e-16
133.8         	1.135695e-16
133.85        	1.135695e-16
133.9         	1.135695e-16
133.95        	1.135695e-16
134           	1.135695e-16
134.05        	1.135695e-16
134.1         	1.135695e-16
134.15        	1.135695e-16
134.2         	1.135695e-16
134.25        	1.135695e-16
134.3         	1.135695e-16
134.35        	1.135695e-16
134.4         	1.135695e-16
134.45        	1.135695e-16
134.5         	1.135695e-16
134.55        	1.135695e-16
134.6         	1.135695e-16
134.65        	1.135695e-16
134.7         	1.135695e-16
134.75        	1.135695e-16
134.8         	1.135695e-16
134.85        	1.135695e-16
134.9         	1.135695e-16
134.95        	1.135695e-16
135           	1.135695e-16
135.05        	1.135695e-16
135.1         	1.135695e-16
135.15        	1.135695e-16
135.2         	1.135695e-16
135.25        	1.135695e-16
135.3         	1.135695e-16
135.35        	1.135695e-16
135.4         	1.135695e-16
135.45        	1.135695e-16
135.5         	1.135695e-16
135.55        	1.135695e-16
135.6         	1.135695e-16
135.65        	1.135695e-16
135.7         	1.135695e-16
135.75        	1.135695e-16
135.8         	1.135695e-16
135.85        	1.135695e-16
135.9         	1.135695e-16
135.95        	1.135695e-16
136           	1.135695e-16
136.05        	1.135695e-16
136.1         	1.135695e-16
136.15        	1.135695e-16
136.2         	1.135695e-16
136.25        	1.135695e-16
136.3         	1.135695e-16
136.35        	1.135695e-16
136.4         	1.135695e-16
136.45        	1.135695e-16
136.5         	1.135695e-16
136.55        	1.135695e-16
136.6         	1.135695e-16
136.65        	1.135695e-16
136.7         	1.135695e-16
136.75        	1.135695e-16
136.8         	1.135695e-16
136.85        	1.135695e-16
136.9         	1.135695e-16
136.95        	1.135695e-16
137           	1.135695e-16
137.05        	1.135695e-16
137.1         	1.135695e-16
137.15        	1.135695e-16
137.2         	1.135695e-16
137.25        	1.135695e-16
137.3         	1.135695e-16
137.35        	1.135695e-16
137.4         	1.135695e-16
137.45        	1.135695e-16
137.5         	1.135695e-16
137.55        	1.135695e-16
137.6         	1.135695e-16
137.65        	1.135695e-16
137.7         	1.135695e-16
137.75        	1.135695e-16
137.8         	1.135695e-16
137.85        	1.135695e-16
137.9         	1.135695e-16
137.95        	1.135695e-16
138           	1.135695e-16
138.05        	1.135695e-16
138.1         	1.135695e-16
138.15        	1.135695e-16
138.2         	1.135695e-16
138.25        	1.135695e-16
138.3         	1.135695e-16
138.35        	1.135695e-16
138.4         	1.135695e-16
138.45        	1.135695e-16
138.5         	1.135695e-16
138.55        	1.135695e-16
138.6         	1.135695e-16
138.65        	1.135695e-16
138.7         	1.135695e-16
138.75        	1.135695e-16
138.8         	1.135695e-16
138.85        	1.135695e-16
138.9         	1.135695e-16
138.95        	1.135695e-16
139           	1.135695e-16
139.05        	1.135695e-16
139.1         	1.135695e-16
139.15        	1.135695e-16
139.2         	1.135695e-16
139.25        	1.135695e-16
139.3         	1.135695e-16
139.35        	1.135695e-16
139.4         	1.135695e-16
139.45        	1.135695e-16
139.5         	1.135695e-16
139.55        	1.135695e-16
139.6         	1.135695e-16
139.65        	1.135695e-16
139.7         	1.135695e-16
139.75        	1.135695e-16
139.8         	1.135695e-16
139.85        	1.135695e-16
139.9         	1.135695e-16
139.95        	1.135695e-16
140           	1.135695e-16
140.05        	1.135695e-16
140.1         	1.135695e-16
140.15        	1.135695e-16
140.2         	1.135695e-16
140.25        	1.135695e-16
140.3         	1.135695e-16
140.35        	1.135695e-16
140.4         	1.135695e-16
140.45        	1.135695e-16
140.5         	1.135695e-16
140.55        	1.135695e-16
140.6         	1.135695e-16
140.65        	1.135695e-16
140.7         	1.135695e-16
140.75        	1.135695e-16
140.8         	1.135695e-16
140.85        	1.135695e-16
140.9         	1.135695e-16
140.95        	1.135695e-16
141           	1.135695e-16
141.05        	1.135695e-16
141.1         	1.135695e-16
141.15        	1.135695e-16
141.2         	1.135695e-16
141.25        	1.135695e-16
141.3         	1.135695e-16
141.35        	1.135695e-16
141.4         	1.135695e-16
141.45        	1.135695e-16
141.5         	1.135695e-16
141.55        	1.135695e-16
141.6         	1.135695e-16
141.65        	1.135695e-16
141.7         	1.135695e-16
141.75        	1.135695e-16
141.8         	1.135695e-16
141.85        	1.135695e-16
141.9         	1.135695e-16
141.95        	1.135695e-16
142           	1.135695e-16
142.05        	1.135695e-16
142.1         	1.135695e-16
142.15        	1.135695e-16
142.2         	1.135695e-16
142.25        	1.135695e-16
142.3         	1.135695e-16
142.35        	1.135695e-16
142.4         	1.135695e-16
142.45        	1.135695e-16
142.5         	1.135695e-16
142.55        	1.135695e-16
142.6         	1.135695e-16
142.65        	1.135695e-16
142.7         	1.135695e-16
142.75        	1.135695e-16
142.8         	1.135695e-16
142.85        	1.135695e-16
142.9         	1.135695e-16
142.95        	1.135695e-16
143           	1.135695e-16
143.05        	1.135695e-16
143.1         	1.135695e-16
143.15        	1.135695e-16
143.2         	1.135695e-16
143.25        	1.135695e-16
143.3         	1.135695e-16
143.35        	1.135695e-16
143.4         	1.135695e-16
143.45        	1.135695e-16
143.5         	1.135695e-16
143.55        	1.135695e-16
143.6         	1.135695e-16
143.65        	1.135695e-16
143.7         	1.135695e-16
143.75        	1.135695e-16
143.8         	1.135695e-16
143.85        	1.135695e-16
143.9         	1.135695e-16
143.95        	1.135695e-16
144           	1.135695e-16
144.05        	1.135695e-16
144.1         	1.135695e-16
144.15        	1.135695e-16
144.2         	1.135695e-16
144.25        	1.135695e-16
144.3         	1.135695e-16
144.35        	1.135695e-16
144.4         	1.135695e-16
144.45        	1.135695e-16
144.5         	1.135695e-16
144.55        	1.135695e-16
144.6         	1.135695e-16
144.65        	1.135695e-16
144.7         	1.135695e-16
144.75        	1.135695e-16
144.8         	1.135695e-16
144.85        	1.135695e-16
144.9         	1.135695e-16
144.95        	1.135695e-16
145           	1.135695e-16
145.05        	1.135695e-16
145.1         	1.135695e-16
145.15        	1.135695e-16
145.2         	1.135695e-16
145.25        	1.135695e-16
145.3         	1.135695e-16
145.35        	1.135695e-16
145.4         	1.135695e-16
145.45        	1.135695e-16
145.5         	1.135695e-16
145.55        	1.135695e-16
145.6         	1.135695e-16
145.65        	1.135695e-16
145.7         	1.135695e-16
145.75        	1.135695e-16
145.8         	1.135695e-16
145.85        	1.135695e-16
145.9         	1.135695e-16
145.95        	1.135695e-16
146           	1.135695e-16
146.05        	1.135695e-16
146.1         	1.135695e-16
146.15        	1.135695e-16
146.2         	1.135695e-16
146.25        	1.135695e-16
146.3         	1.135695e-16
146.35        	1.135695e-16
146.4         	1.135695e-16
146.45        	1.135695e-16
146.5         	1.135695e-16
146.55        	1.135695e-16
146.6         	1.135695e-16
146.65        	1.135695e-16
146.7         	1.135695e-16
146.75        	1.135695e-16
146.8         	1.135695e-16
146.85        	1.135695e-16
146.9         	1.135695e-16
146.95        	1.135695e-16
147           	1.135695e-16
147.05        	1.135695e-16
147.1         	1.135695e-16
147.15        	1.135695e-16
147.2         	1.135695e-16
147.25        	1.135695e-16
147.3         	1.135695e-16
147.35        	1.135695e-16
147.4         	1.135695e-16
147.45        	1.135695e-16
147.5         	1.135695e-16
147.55        	1.135695e-16
147.6         	1.135695e-16
147.65        	1.135695e-16
147.7         	1.135695e-16
147.75        	1.135695e-16
147.8         	1.135695e-16
147.85        	1.135695e-16
147.9         	1.135695e-16
147.95        	1.135695e-16
148           	1.135695e-16
148.05        	1.135695e-16
148.1         	1.135695e-16
148.15        	1.135695e-16
148.2         	1.135695e-16
148.25        	1.135695e-16
148.3         	1.135695e-16
148.35        	1.135695e-16
148.4         	1.135695e-16
148.45        	1.135695e-16
148.5         	1.135695e-16
148.55        	1.135695e-16
148.6         	1.135695e-16
148.65        	1.135695e-16
148.7         	1.135695e-16
148.75        	1.135695e-16
148.8         	1.135695e-16
148.85        	1.135695e-16
148.9         	1.135695e-16
148.95        	1.135695e-16
149           	1.135695e-16
149.05        	1.135695e-16
149.1         	1.135695e-16
149.15        	1.135695e-16
149.2         	1.135695e-16
149.25        	1.135695e-16
149.3         	1.135695e-16
149.35        	1.135695e-16
149.4         	1.135695e-16
149.45        	1.135695e-16
149.5         	1.135695e-16
149.55        	1.135695e-16
149.6         	1.135695e-16
149.65        	1.135695e-16
149.7         	1.135695e-16
149.75        	1.135695e-16
149.8         	1.135695e-16
149.85        	1.135695e-16
149.9         	1.135695e-16
149.95        	1.135695e-16
150           	1.135695e-16
150.05        	1.135695e-16
150.1         	1.135695e-16
150.15        	1.135695e-16
150.2         	1.135695e-16
150.25        	1.135695e-16
150.3         	1.135695e-16
150.35        	1.135695e-16
150.4         	1.135695e-16
150.45        	1.135695e-16
150.5         	1.135695e-16
150.55        	1.135695e-16
150.6         	1.135695e-16
150.65        	1.135695e-16
150.7         	1.135695e-16
150.75        	1.135695e-16
150.8         	1.135695e-16
150.85        	1.135695e-16
150.9         	1.135695e-16
150.95        	1.135695e-16
151           	1.135695e-16
151.05        	1.135695e-16
151.1         	1.135695e-16
151.15        	1.135695e-16
151.2         	1.135695e-16
151.25        	1.135695e-16
151.3         	1.135695e-16
151.35        	1.135695e-16
151.4         	1.135695e-16
151.45        	1.135695e-16
151.5         	1.135695e-16
151.55        	1.135695e-16
151.6         	1.135695e-16
151.65        	1.135695e-16
151.7         	1.135695e-16
151.75        	1.135695e-16
151.8         	1.135695e-16
151.85        	1.135695e-16
151.9         	1.135695e-16
151.95        	1.135695e-16
152           	1.135695e-16
152.05        	1.135695e-16
152.1         	1.135695e-16
152.15        	1.135695e-16
152.2         	1.135695e-16
152.25        	1.135695e-16
152.3         	1.135695e-16
152.35        	1.135695e-16
152.4         	1.135695e-16
152.45        	1.135695e-16
152.5         	1.135695e-16
152.55        	1.135695e-16
152.6         	1.135695e-16
152.65        	1.135695e-16
152.7         	1.135695e-16
152.75        	1.135695e-16
152.8         	1.135695e-16
152.85        	1.135695e-16
152.9         	1.135695e-16
152.95        	1.135695e-16
153           	1.135695e-16
153.05        	1.135695e-16
153.1         	1.135695e-16
153.15        	1.135695e-16
153.2         	1.135695e-16
153.25        	1.135695e-16
153.3         	1.135695e-16
153.35        	1.135695e-16
153.4         	1.135695e-16
153.45        	1.135695e-16
153.5         	1.135695e-16
153.55        	1.135695e-16
153.6         	1.135695e-16
153.65        	1.135695e-16
153.7         	1.135695e-16
153.75        	1.135695e-16
153.8         	1.135695e-16
153.85        	1.135695e-16
153.9         	1.135695e-16
153.95        	1.135695e-16
154           	1.135695e-16
154.05        	1.135695e-16
154.1         	1.135695e-16
154.15        	1.135695e-16
154.2         	1.135695e-16
154.25        	1.135695e-16
154.3         	1.135695e-16
154.35        	1.135695e-16
154.4         	1.135695e-16
154.45        	1.135695e-16
154.5         	1.135695e-16
154.55        	1.135695e-16
154.6         	1.135695e-16
154.65        	1.135695e-16
154.7         	1.135695e-16
154.75        	1.135695e-16
154.8         	1.135695e-16
154.85        	1.135695e-16
154.9         	1.135695e-16
154.95        	1.135695e-16
155           	1.135695e-16
155.05        	1.135695e-16
155.1         	1.135695e-16
155.15        	1.135695e-16
155.2         	1.135695e-16
155.25        	1.135695e-16
155.3         	1.135695e-16
155.35        	1.135695e-16
155.4         	1.135695e-16
155.45        	1.135695e-16
155.5         	1.135695e-16
155.55        	1.135695e-16
155.6         	1.135695e-16
155.65        	1.135695e-16
155.7         	1.135695e-16
155.75        	1.135695e-16
155.8         	1.135695e-16
155.85        	1.135695e-16
155.9         	1.135695e-16
155.95        	1.135695e-16
156           	1.135695e-16
156.05        	1.135695e-16
156.1         	1.135695e-16
156.15        	1.135695e-16
156.2         	1.135695e-16
156.25        	1.135695e-16
156.3         	1.135695e-16
156.35        	1.135695e-16
156.4         	1.135695e-16
156.45        	1.135695e-16
156.5         	1.135695e-16
156.55        	1.135695e-16
156.6         	1.135695e-16
156.65        	1.135695e-16
156.7         	1.135695e-16
156.75        	1.135695e-16
156.8         	1.135695e-16
156.85        	1.135695e-16
156.9         	1.135695e-16
156.95        	1.135695e-16
157           	1.135695e-16
157.05        	1.135695e-16
157.1         	1.135695e-16
157.15        	1.135695e-16
157.2         	1.135695e-16
157.25        	1.135695e-16
157.3         	1.135695e-16
157.35        	1.135695e-16
157.4         	1.135695e-16
157.45        	1.135695e-16
157.5         	1.135695e-16
157.55        	1.135695e-16
157.6         	1.135695e-16
157.65        	1.135695e-16
157.7         	1.135695e-16
157.75        	1.135695e-16
157.8         	1.135695e-16
157.85        	1.135695e-16
157.9         	1.135695e-16
157.95        	1.135695e-16
158           	1.135695e-16
158.05        	1.135695e-16
158.1         	1.135695e-16
158.15        	1.135695e-16
158.2         	1.135695e-16
158.25        	1.135695e-16
158.3         	1.135695e-16
158.35        	1.135695e-16
158.4         	1.135695e-16
158.45        	1.135695e-16
158.5         	1.135695e-16
158.55        	1.135695e-16
158.6         	1.135695e-16
158.65        	1.135695e-16
158.7         	1.135695e-16
158.75        	1.135695e-16
158.8         	1.135695e-16
158.85        	1.135695e-16
158.9         	1.135695e-16
158.95        	1.135695e-16
159           	1.135695e-16
159.05        	1.135695e-16
159.1         	1.135695e-16
159.15        	1.135695e-16
159.2         	1.135695e-16
159.25        	1.135695e-16
159.3         	1.135695e-16
159.35        	1.135695e-16
159.4         	1.135695e-16
159.45        	1.135695e-16
159.5         	1.135695e-16
159.55        	1.135695e-16
159.6         	1.135695e-16
159.65        	1.135695e-16
159.7         	1.135695e-16
159.75        	1.135695e-16
159.8         	1.135695e-16
159.85        	1.135695e-16
159.9         	1.135695e-16
159.95        	1.135695e-16
160           	1.135695e-16
160.05        	1.135695e-16
160.1         	1.135695e-16
160.15        	1.135695e-16
160.2         	1.135695e-16
160.25        	1.135695e-16
160.3         	1.135695e-16
160.35        	1.135695e-16
160.4         	1.135695e-16
160.45        	1.135695e-16
160.5         	1.135695e-16
160.55        	1.135695e-16
160.6         	1.135695e-16
160.65        	1.135695e-16
160.7         	1.135695e-16
160.75        	1.135695e-16
160.8         	1.135695e-16
160.85        	1.135695e-16
160.9         	1.135695e-16
160.95        	1.135695e-16
161           	1.135695e-16
161.05        	1.135695e-16
161.1         	1.135695e-16
161.15        	1.135695e-16
161.2         	1.135695e-16
161.25        	1.135695e-16
161.3         	1.135695e-16
161.35        	1.135695e-16
161.4         	1.135695e-16
161.45        	1.135695e-16
161.5         	1.135695e-16
161.55        	1.135695e-16
161.6         	1.135695e-16
161.65        	1.135695e-16
161.7         	1.135695e-16
161.75        	1.135695e-16
161.8         	1.135695e-16
161.85        	1.135695e-16
161.9         	1.135695e-16
161.95        	1.135695e-16
162           	1.135695e-16
162.05        	1.135695e-16
162.1         	1.135695e-16
162.15        	1.135695e-16
162.2         	1.135695e-16
162.25        	1.135695e-16
162.3         	1.135695e-16
162.35        	1.135695e-16
162.4         	1.135695e-16
162.45        	1.135695e-16
162.5         	1.135695e-16
162.55        	1.135695e-16
162.6         	1.135695e-16
162.65        	1.135695e-16
162.7         	1.135695e-16
162.75        	1.135695e-16
162.8         	1.135695e-16
162.85        	1.135695e-16
162.9         	1.135695e-16
162.95        	1.135695e-16
163           	1.135695e-16
163.05        	1.135695e-16
163.1         	1.135695e-16
163.15        	1.135695e-16
163.2         	1.135695e-16
163.25        	1.135695e-16
163.3         	1.135695e-16
163.35        	1.135695e-16
163.4         	1.135695e-16
163.45        	1.135695e-16
163.5         	1.135695e-16
163.55        	1.135695e-16
163.6         	1.135695e-16
163.65        	1.135695e-16
163.7         	1.135695e-16
163.75        	1.135695e-16
163.8         	1.135695e-16
163.85        	1.135695e-16
163.9         	1.135695e-16
163.95        	1.135695e-16
164           	1.135695e-16
164.05        	1.135695e-16
164.1         	1.135695e-16
164.15        	1.135695e-16
164.2         	1.135695e-16
164.25        	1.135695e-16
164.3         	1.135695e-16
164.35        	1.135695e-16
164.4         	1.135695e-16
164.45        	1.135695e-16
164.5         	1.135695e-16
164.55        	1.135695e-16
164.6         	1.135695e-16
164.65        	1.135695e-16
164.7         	1.135695e-16
164.75        	1.135695e-16
164.8         	1.135695e-16
164.85        	1.135695e-16
164.9         	1.135695e-16
164.95        	1.135695e-16
165           	1.135695e-16
165.05        	1.135695e-16
165.1         	1.135695e-16
165.15        	1.135695e-16
165.2         	1.135695e-16
165.25        	1.135695e-16
165.3         	1.135695e-16
165.35        	1.135695e-16
165.4         	1.135695e-16
165.45        	1.135695e-16
165.5         	1.135695e-16
165.55        	1.135695e-16
165.6         	1.135695e-16
165.65        	1.135695e-16
165.7         	1.135695e-16
165.75        	1.135695e-16
165.8         	1.135695e-16
165.85        	1.135695e-16
165.9         	1.135695e-16
165.95        	1.135695e-16
166           	1.135695e-16
166.05        	1.135695e-16
166.1         	1.135695e-16
166.15        	1.135695e-16
166.2         	1.135695e-16
166.25        	1.135695e-16
166.3         	1.135695e-16
166.35        	1.135695e-16
166.4         	1.135695e-16
166.45        	1.135695e-16
166.5         	1.135695e-16
166.55        	1.135695e-16
166.6         	1.135695e-16
166.65        	1.135695e-16
166.7         	1.135695e-16
166.75        	1.135695e-16
166.8         	1.135695e-16
166.85        	1.135695e-16
166.9         	1.135695e-16
166.95        	1.135695e-16
167           	1.135695e-16
167.05        	1.135695e-16
167.1         	1.135695e-16
167.15        	1.135695e-16
167.2         	1.135695e-16
167.25        	1.135695e-16
167.3         	1.135695e-16
167.35        	1.135695e-16
167.4         	1.135695e-16
167.45        	1.135695e-16
167.5         	1.135695e-16
167.55        	1.135695e-16
167.6         	1.135695e-16
167.65        	1.135695e-16
167.7         	1.135695e-16
167.75        	1.135695e-16
167.8         	1.135695e-16
167.85        	1.135695e-16
167.9         	1.135695e-16
167.95        	1.135695e-16
168           	1.135695e-16
168.05        	1.135695e-16
168.1         	1.135695e-16
168.15        	1.135695e-16
168.2         	1.135695e-16
168.25        	1.135695e-16
168.3         	1.135695e-16
168.35        	1.135695e-16
168.4         	1.135695e-16
168.45        	1.135695e-16
168.5         	1.135695e-16
168.55        	1.135695e-16
168.6         	1.135695e-16
168.65        	1.135695e-16
168.7         	1.135695e-16
168.75        	1.135695e-16
168.8         	1.135695e-16
168.85        	1.135695e-16
168.9         	1.135695e-16
168.95        	1.135695e-16
169           	1.135695e-16
169.05        	1.135695e-16
169.1         	1.135695e-16
169.15        	1.135695e-16
169.2         	1.135695e-16
169.25        	1.135695e-16
169.3         	1.135695e-16
169.35        	1.135695e-16
169.4         	1.135695e-16
169.45        	1.135695e-16
169.5         	1.135695e-16
169.55        	1.135695e-16
169.6         	1.135695e-16
169.65        	1.135695e-16
169.7         	1.135695e-16
169.75        	1.135695e-16
169.8         	1.135695e-16
169.85        	1.135695e-16
169.9         	1.135695e-16
169.95        	1.135695e-16
170           	1.135695e-16
170.05        	1.135695e-16
170.1         	1.135695e-16
170.15        	1.135695e-16
170.2         	1.135695e-16
170.25        	1.135695e-16
170.3         	1.135695e-16
170.35        	1.135695e-16
170.4         	1.135695e-16
170.45        	1.135695e-16
170.5         	1.135695e-16
170.55        	1.135695e-16
170.6         	1.135695e-16
170.65        	1.135695e-16
170.7         	1.135695e-16
170.75        	1.135695e-16
170.8         	1.135695e-16
170.85        	1.135695e-16
170.9         	1.135695e-16
170.95        	1.135695e-16
171           	1.135695e-16
171.05        	1.135695e-16
171.1         	1.135695e-16
171.15        	1.135695e-16
171.2         	1.135695e-16
171.25        	1.135695e-16
171.3         	1.135695e-16
171.35        	1.135695e-16
171.4         	1.135695e-16
171.45        	1.135695e-16
171.5         	1.135695e-16
171.55        	1.135695e-16
171.6         	1.135695e-16
171.65        	1.135695e-16
171.7         	1.135695e-16
171.75        	1.135695e-16
171.8         	1.135695e-16
171.85        	1.135695e-16
171.9         	1.135695e-16
171.95        	1.135695e-16
172           	1.135695e-16
172.05        	1.135695e-16
172.1         	1.135695e-16
172.15        	1.135695e-16
172.2         	1.135695e-16
172.25        	1.135695e-16
172.3         	1.135695e-16
172.35        	1.135695e-16
172.4         	1.135695e-16
172.45        	1.135695e-16
172.5         	1.135695e-16
172.55        	1.135695e-16
172.6         	1.135695e-16
172.65        	1.135695e-16
172.7         	1.135695e-16
172.75        	1.135695e-16
172.8         	1.135695e-16
172.85        	1.135695e-16
172.9         	1.135695e-16
172.95        	1.135695e-16
173           	1.135695e-16
173.05        	1.135695e-16
173.1         	1.135695e-16
173.15        	1.135695e-16
173.2         	1.135695e-16
173.25        	1.135695e-16
173.3         	1.135695e-16
173.35        	1.135695e-16
173.4         	1.135695e-16
173.45        	1.135695e-16
173.5         	1.135695e-16
173.55        	1.135695e-16
173.6         	1.135695e-16
173.65        	1.135695e-16
173.7         	1.135695e-16
173.75        	1.135695e-16
173.8         	1.135695e-16
173.85        	1.135695e-16
173.9         	1.135695e-16
173.95        	1.135695e-16
174           	1.135695e-16
174.05        	1.135695e-16
174.1         	1.135695e-16
174.15        	1.135695e-16
174.2         	1.135695e-16
174.25        	1.135695e-16
174.3         	1.135695e-16
174.35        	1.135695e-16
174.4         	1.135695e-16
174.45        	1.135695e-16
174.5         	1.135695e-16
174.55        	1.135695e-16
174.6         	1.135695e-16
174.65        	1.135695e-16
174.7         	1.135695e-16
174.75        	1.135695e-16
174.8         	1.135695e-16
174.85        	1.135695e-16
174.9         	1.135695e-16
174.95        	1.135695e-16
175           	1.135695e-16
175.05        	1.135695e-16
175.1         	1.135695e-16
175.15        	1.135695e-16
175.2         	1.135695e-16
175.25        	1.135695e-16
175.3         	1.135695e-16
175.35        	1.135695e-16
175.4         	1.135695e-16
175.45        	1.135695e-16
175.5         	1.135695e-16
175.55        	1.135695e-16
175.6         	1.135695e-16
175.65        	1.135695e-16
175.7         	1.135695e-16
175.75        	1.135695e-16
175.8         	1.135695e-16
175.85        	1.135695e-16
175.9         	1.135695e-16
175.95        	1.135695e-16
176           	1.135695e-16
176.05        	1.135695e-16
176.1         	1.135695e-16
176.15        	1.135695e-16
176.2         	1.135695e-16
176.25        	1.135695e-16
176.3         	1.135695e-16
176.35        	1.135695e-16
176.4         	1.135695e-16
176.45        	1.135695e-16
176.5         	1.135695e-16
176.55        	1.135695e-16
176.6         	1.135695e-16
176.65        	1.135695e-16
176.7         	1.135695e-16
176.75        	1.135695e-16
176.8         	1.135695e-16
176.85        	1.135695e-16
176.9         	1.135695e-16
176.95        	1.135695e-16
177           	1.135695e-16
177.05        	1.135695e-16
177.1         	1.135695e-16
177.15        	1.135695e-16
177.2         	1.135695e-16
177.25        	1.135695e-16
177.3         	1.135695e-16
177.35        	1.135695e-16
177.4         	1.135695e-16
177.45        	1.135695e-16
177.5         	1.135695e-16
177.55        	1.135695e-16
177.6         	1.135695e-16
177.65        	1.135695e-16
177.7         	1.135695e-16
177.75        	1.135695e-16
177.8         	1.135695e-16
177.85        	1.135695e-16
177.9         	1.135695e-16
177.95        	1.135695e-16
178           	1.135695e-16
178.05        	1.135695e-16
178.1         	1.135695e-16
178.15        	1.135695e-16
178.2         	1.135695e-16
178.25        	1.135695e-16
178.3         	1.135695e-16
178.35        	1.135695e-16
178.4         	1.135695e-16
178.45        	1.135695e-16
178.5         	1.135695e-16
178.55        	1.135695e-16
178.6         	1.135695e-16
178.65        	1.135695e-16
178.7         	1.135695e-16
178.75        	1.135695e-16
178.8         	1.135695e-16
178.85        	1.135695e-16
178.9         	1.135695e-16
178.95        	1.135695e-16
179           	1.135695e-16
179.05        	1.135695e-16
179.1         	1.135695e-16
179.15        	1.135695e-16
179.2         	1.135695e-16
179.25        	1.135695e-16
179.3         	1.135695e-16
179.35        	1.135695e-16
179.4         	1.135695e-16
179.45        	1.135695e-16
179.5         	1.135695e-16
179.55        	1.135695e-16
179.6         	1.135695e-16
179.65        	1.135695e-16
179.7         	1.135695e-16
179.75        	1.135695e-16
179.8         	1.135695e-16
179.85        	1.135695e-16
179.9         	1.135695e-16
179.95        	1.135695e-16
180           	1.135695e-16
180.05        	1.135695e-16
180.1         	1.135695e-16
180.15        	1.135695e-16
180.2         	1.135695e-16
180.25        	1.135695e-16
180.3         	1.135695e-16
180.35        	1.135695e-16
180.4         	1.135695e-16
180.45        	1.135695e-16
180.5         	1.135695e-16
180.55        	1.135695e-16
180.6         	1.135695e-16
180.65        	1.135695e-16
180.7         	1.135695e-16
180.75        	1.135695e-16
180.8         	1.135695e-16
180.85        	1.135695e-16
180.9         	1.135695e-16
180.95        	1.135695e-16
181           	1.135695e-16
181.05        	1.135695e-16
181.1         	1.135695e-16
181.15        	1.135695e-16
181.2         	1.135695e-16
181.25        	1.135695e-16
181.3         	1.135695e-16
181.35        	1.135695e-16
181.4         	1.135695e-16
181.45        	1.135695e-16
181.5         	1.135695e-16
181.55        	1.135695e-16
181.6         	1.135695e-16
181.65        	1.135695e-16
181.7         	1.135695e-16
181.75        	1.135695e-16
181.8         	1.135695e-16
181.85        	1.135695e-16
181.9         	1.135695e-16
181.95        	1.135695e-16
182           	1.135695e-16
182.05        	1.135695e-16
182.1         	1.135695e-16
182.15        	1.135695e-16
182.2         	1.135695e-16
182.25        	1.135695e-16
182.3         	1.135695e-16
182.35        	1.135695e-16
182.4         	1.135695e-16
182.45        	1.135695e-16
182.5         	1.135695e-16
182.55        	1.135695e-16
182.6         	1.135695e-16
182.65        	1.135695e-16
182.7         	1.135695e-16
182.75        	1.135695e-16
182.8         	1.135695e-16
182.85        	1.135695e-16
182.9         	1.135695e-16
182.95        	1.135695e-16
183           	1.135695e-16
183.05        	1.135695e-16
183.1         	1.135695e-16
183.15        	1.135695e-16
183.2         	1.135695e-16
183.25        	1.135695e-16
183.3         	1.135695e-16
183.35        	1.135695e-16
183.4         	1.135695e-16
183.45        	1.135695e-16
183.5         	1.135695e-16
183.55        	1.135695e-16
183.6         	1.135695e-16
183.65        	1.135695e-16
183.7         	1.135695e-16
183.75        	1.135695e-16
183.8         	1.135695e-16
183.85        	1.135695e-16
183.9         	1.135695e-16
183.95        	1.135695e-16
184           	1.135695e-16
184.05        	1.135695e-16
184.1         	1.135695e-16
184.15        	1.135695e-16
184.2         	1.135695e-16
184.25        	1.135695e-16
184.3         	1.135695e-16
184.35        	1.135695e-16
184.4         	1.135695e-16
184.45        	1.135695e-16
184.5         	1.135695e-16
184.55        	1.135695e-16
184.6         	1.135695e-16
184.65        	1.135695e-16
184.7         	1.135695e-16
184.75        	1.135695e-16
184.8         	1.135695e-16
184.85        	1.135695e-16
184.9         	1.135695e-16
184.95        	1.135695e-16
185           	1.135695e-16
185.05        	1.135695e-16
185.1         	1.135695e-16
185.15        	1.135695e-16
185.2         	1.135695e-16
185.25        	1.135695e-16
185.3         	1.135695e-16
185.35        	1.135695e-16
185.4         	1.135695e-16
185.45        	1.135695e-16
185.5         	1.135695e-16
185.55        	1.135695e-16
185.6         	1.135695e-16
185.65        	1.135695e-16
185.7         	1.135695e-16
185.75        	1.135695e-16
185.8         	1.135695e-16
185.85        	1.135695e-16
185.9         	1.135695e-16
185.95        	1.135695e-16
186           	1.135695e-16
186.05        	1.135695e-16
186.1         	1.135695e-16
186.15        	1.135695e-16
186.2         	1.135695e-16
186.25        	1.135695e-16
186.3         	1.135695e-16
186.35        	1.135695e-16
186.4         	1.135695e-16
186.45        	1.135695e-16
186.5         	1.135695e-16
186.55        	1.135695e-16
186.6         	1.135695e-16
186.65        	1.135695e-16
186.7         	1.135695e-16
186.75        	1.135695e-16
186.8         	1.135695e-16
186.85        	1.135695e-16
186.9         	1.135695e-16
186.95        	1.135695e-16
187           	1.135695e-16
187.05        	1.135695e-16
187.1         	1.135695e-16
187.15        	1.135695e-16
187.2         	1.135695e-16
187.25        	1.135695e-16
187.3         	1.135695e-16
187.35        	1.135695e-16
187.4         	1.135695e-16
187.45        	1.135695e-16
187.5         	1.135695e-16
187.55        	1.135695e-16
187.6         	1.135695e-16
187.65        	1.135695e-16
187.7         	1.135695e-16
187.75        	1.135695e-16
187.8         	1.135695e-16
187.85        	1.135695e-16
187.9         	1.135695e-16
187.95        	1.135695e-16
188           	1.135695e-16
188.05        	1.135695e-16
188.1         	1.135695e-16
188.15        	1.135695e-16
188.2         	1.135695e-16
188.25        	1.135695e-16
188.3         	1.135695e-16
188.35        	1.135695e-16
188.4         	1.135695e-16
188.45        	1.135695e-16
188.5         	1.135695e-16
188.55        	1.135695e-16
188.6         	1.135695e-16
188.65        	1.135695e-16
188.7         	1.135695e-16
188.75        	1.135695e-16
188.8         	1.135695e-16
188.85        	1.135695e-16
188.9         	1.135695e-16
188.95        	1.135695e-16
189           	1.135695e-16
189.05        	1.135695e-16
189.1         	1.135695e-16
189.15        	1.135695e-16
189.2         	1.135695e-16
189.25        	1.135695e-16
189.3         	1.135695e-16
189.35        	1.135695e-16
189.4         	1.135695e-16
189.45        	1.135695e-16
189.5         	1.135695e-16
189.55        	1.135695e-16
189.6         	1.135695e-16
189.65        	1.135695e-16
189.7         	1.135695e-16
189.75        	1.135695e-16
189.8         	1.135695e-16
189.85        	1.135695e-16
189.9         	1.135695e-16
189.95        	1.135695e-16
190           	1.135695e-16
190.05        	1.135695e-16
190.1         	1.135695e-16
190.15        	1.135695e-16
190.2         	1.135695e-16
190.25        	1.135695e-16
190.3         	1.135695e-16
190.35        	1.135695e-16
190.4         	1.135695e-16
190.45        	1.135695e-16
190.5         	1.135695e-16
190.55        	1.135695e-16
190.6         	1.135695e-16
190.65        	1.135695e-16
190.7         	1.135695e-16
190.75        	1.135695e-16
190.8         	1.135695e-16
190.85        	1.135695e-16
190.9         	1.135695e-16
190.95        	1.135695e-16
191           	1.135695e-16
191.05        	1.135695e-16
191.1         	1.135695e-16
191.15        	1.135695e-16
191.2         	1.135695e-16
191.25        	1.135695e-16
191.3         	1.135695e-16
191.35        	1.135695e-16
191.4         	1.135695e-16
191.45        	1.135695e-16
191.5         	1.135695e-16
191.55        	1.135695e-16
191.6         	1.135695e-16
191.65        	1.135695e-16
191.7         	1.135695e-16
191.75        	1.135695e-16
191.8         	1.135695e-16
191.85        	1.135695e-16
191.9         	1.135695e-16
191.95        	1.135695e-16
192           	1.135695e-16
192.05        	1.135695e-16
192.1         	1.135695e-16
192.15        	1.135695e-16
192.2         	1.135695e-16
192.25        	1.135695e-16
192.3         	1.135695e-16
192.35        	1.135695e-16
192.4         	1.135695e-16
192.45        	1.135695e-16
192.5         	1.135695e-16
192.55        	1.135695e-16
192.6         	1.135695e-16
192.65        	1.135695e-16
192.7         	1.135695e-16
192.75        	1.135695e-16
192.8         	1.135695e-16
192.85        	1.135695e-16
192.9         	1.135695e-16
192.95        	1.135695e-16
193           	1.135695e-16
193.05        	1.135695e-16
193.1         	1.135695e-16
193.15        	1.135695e-16
193.2         	1.135695e-16
193.25        	1.135695e-16
193.3         	1.135695e-16
193.35        	1.135695e-16
193.4         	1.135695e-16
193.45        	1.135695e-16
193.5         	1.135695e-16
193.55        	1.135695e-16
193.6         	1.135695e-16
193.65        	1.135695e-16
193.7         	1.135695e-16
193.75        	1.135695e-16
193.8         	1.135695e-16
193.85        	1.135695e-16
193.9         	1.135695e-16
193.95        	1.135695e-16
194           	1.135695e-16
194.05        	1.135695e-16
194.1         	1.135695e-16
194.15        	1.135695e-16
194.2         	1.135695e-16
194.25        	1.135695e-16
194.3         	1.135695e-16
194.35        	1.135695e-16
194.4         	1.135695e-16
194.45        	1.135695e-16
194.5         	1.135695e-16
194.55        	1.135695e-16
194.6         	1.135695e-16
194.65        	1.135695e-16
194.7         	1.135695e-16
194.75        	1.135695e-16
194.8         	1.135695e-16
194.85        	1.135695e-16
194.9         	1.135695e-16
194.95        	1.135695e-16
195           	1.135695e-16
195.05        	1.135695e-16
195.1         	1.135695e-16
195.15        	1.135695e-16
195.2         	1.135695e-16
195.25        	1.135695e-16
195.3         	1.135695e-16
195.35        	1.135695e-16
195.4         	1.135695e-16
195.45        	1.135695e-16
195.5         	1.135695e-16
195.55        	1.135695e-16
195.6         	1.135695e-16
195.65        	1.135695e-16
195.7         	1.135695e-16
195.75        	1.135695e-16
195.8         	1.135695e-16
195.85        	1.135695e-16
195.9         	1.135695e-16
195.95        	1.135695e-16
196           	1.135695e-16
196.05        	1.135695e-16
196.1         	1.135695e-16
196.15        	1.135695e-16
196.2         	1.135695e-16
196.25        	1.135695e-16
196.3         	1.135695e-16
196.35        	1.135695e-16
196.4         	1.135695e-16
196.45        	1.135695e-16
196.5         	1.135695e-16
196.55        	1.135695e-16
196.6         	1.135695e-16
196.65        	1.135695e-16
196.7         	1.135695e-16
196.75        	1.135695e-16
196.8         	1.135695e-16
196.85        	1.135695e-16
196.9         	1.135695e-16
196.95        	1.135695e-16
197           	1.135695e-16
197.05        	1.135695e-16
197.1         	1.135695e-16
197.15        	1.135695e-16
197.2         	1.135695e-16
197.25        	1.135695e-16
197.3         	1.135695e-16
197.35        	1.135695e-16
197.4         	1.135695e-16
197.45        	1.135695e-16
197.5         	1.135695e-16
197.55        	1.135695e-16
197.6         	1.135695e-16
197.65        	1.135695e-16
197.7         	1.135695e-16
197.75        	1.135695e-16
197.8         	1.135695e-16
197.85        	1.135695e-16
197.9         	1.135695e-16
197.95        	1.135695e-16
198           	1.135695e-16
198.05        	1.135695e-16
198.1         	1.135695e-16
198.15        	1.135695e-16
198.2         	1.135695e-16
198.25        	1.135695e-16
198.3         	1.135695e-16
198.35        	1.135695e-16
198.4         	1.135695e-16
198.45        	1.135695e-16
198.5         	1.135695e-16
198.55        	1.135695e-16
198.6         	1.135695e-16
198.65        	1.135695e-16
198.7         	1.135695e-16
198.75        	1.135695e-16
198.8         	1.135695e-16
198.85        	1.135695e-16
198.9         	1.135695e-16
198.95        	1.135695e-16
199           	1.135695e-16
199.05        	1.135695e-16
199.1         	1.135695e-16
199.15        	1.135695e-16
199.2         	1.135695e-16
199.25        	1.135695e-16
199.3         	1.135695e-16
199.35        	1.135695e-16
199.4         	1.135695e-16
199.45        	1.135695e-16
199.5         	1.135695e-16
199.55        	1.135695e-16
199.6         	1.135695e-16
199.65        	1.135695e-16
199.7         	1.135695e-16
199.75        	1.135695e-16
199.8         	1.135695e-16
199.85        	1.135695e-16
199.9         	1.135695e-16
199.95        	1.135695e-16
200           	1.135695e-16
200.05        	1.135695e-16
200.1         	1.135695e-16
200.15        	1.135695e-16
200.2         	1.135695e-16
200.25        	1.135695e-16
200.3         	1.135695e-16
200.35        	1.135695e-16
200.4         	1.135695e-16
200.45        	1.135695e-16
200.5         	1.135695e-16
200.55        	1.135695e-16
200.6         	1.135695e-16
200.65        	1.135695e-16
200.7         	1.135695e-16
200.75        	1.135695e-16
200.8         	1.135695e-16
200.85        	1.135695e-16
200.9         	1.135695e-16
200.95        	1.135695e-16
201           	1.135695e-16
201.05        	1.135695e-16
201.1         	1.135695e-16
201.15        	1.135695e-16
201.2         	1.135695e-16
201.25        	1.135695e-16
201.3         	1.135695e-16
201.35        	1.135695e-16
201.4         	1.135695e-16
201.45        	1.135695e-16
201.5         	1.135695e-16
201.55        	1.135695e-16
201.6         	1.135695e-16
201.65        	1.135695e-16
201.7         	1.135695e-16
201.75        	1.135695e-16
201.8         	1.135695e-16
201.85        	1.135695e-16
201.9         	1.135695e-16
201.95        	1.135695e-16
202           	1.135695e-16
202.05        	1.135695e-16
202.1         	1.135695e-16
202.15        	1.135695e-16
202.2         	1.135695e-16
202.25        	1.135695e-16
202.3         	1.135695e-16
202.35        	1.135695e-16
202.4         	1.135695e-16
202.45        	1.135695e-16
202.5         	1.135695e-16
202.55        	1.135695e-16
202.6         	1.135695e-16
202.65        	1.135695e-16
202.7         	1.135695e-16
202.75        	1.135695e-16
202.8         	1.135695e-16
202.85        	1.135695e-16
202.9         	1.135695e-16
202.95        	1.135695e-16
203           	1.135695e-16
203.05        	1.135695e-16
203.1         	1.135695e-16
203.15        	1.135695e-16
203.2         	1.135695e-16
203.25        	1.135695e-16
203.3         	1.135695e-16
203.35        	1.135695e-16
203.4         	1.135695e-16
203.45        	1.135695e-16
203.5         	1.135695e-16
203.55        	1.135695e-16
203.6         	1.135695e-16
203.65        	1.135695e-16
203.7         	1.135695e-16
203.75        	1.135695e-16
203.8         	1.135695e-16
203.85        	1.135695e-16
203.9         	1.135695e-16
203.95        	1.135695e-16
204           	1.135695e-16
204.05        	1.135695e-16
204.1         	1.135695e-16
204.15        	1.135695e-16
204.2         	1.135695e-16
204.25        	1.135695e-16
204.3         	1.135695e-16
204.35        	1.135695e-16
204.4         	1.135695e-16
204.45        	1.135695e-16
204.5         	1.135695e-16
204.55        	1.135695e-16
204.6         	1.135695e-16
204.65        	1.135695e-16
204.7         	1.135695e-16
204.75        	1.135695e-16
204.8         	1.135695e-16
204.85        	1.135695e-16
204.9         	1.135695e-16
204.95        	1.135695e-16
205           	1.135695e-16
205.05        	1.135695e-16
205.1         	1.135695e-16
205.15        	1.135695e-16
205.2         	1.135695e-16
205.25        	1.135695e-16
205.3         	1.135695e-16
205.35        	1.135695e-16
205.4         	1.135695e-16
205.45        	1.135695e-16
205.5         	1.135695e-16
205.55        	1.135695e-16
205.6         	1.135695e-16
205.65        	1.135695e-16
205.7         	1.135695e-16
205.75        	1.135695e-16
205.8         	1.135695e-16
205.85        	1.135695e-16
205.9         	1.135695e-16
205.95        	1.135695e-16
206           	1.135695e-16
206.05        	1.135695e-16
206.1         	1.135695e-16
206.15        	1.135695e-16
206.2         	1.135695e-16
206.25        	1.135695e-16
206.3         	1.135695e-16
206.35        	1.135695e-16
206.4         	1.135695e-16
206.45        	1.135695e-16
206.5         	1.135695e-16
206.55        	1.135695e-16
206.6         	1.135695e-16
206.65        	1.135695e-16
206.7         	1.135695e-16
206.75        	1.135695e-16
206.8         	1.135695e-16
206.85        	1.135695e-16
206.9         	1.135695e-16
206.95        	1.135695e-16
207           	1.135695e-16
207.05        	1.135695e-16
207.1         	1.135695e-16
207.15        	1.135695e-16
207.2         	1.135695e-16
207.25        	1.135695e-16
207.3         	1.135695e-16
207.35        	1.135695e-16
207.4         	1.135695e-16
207.45        	1.135695e-16
207.5         	1.135695e-16
207.55        	1.135695e-16
207.6         	1.135695e-16
207.65        	1.135695e-16
207.7         	1.135695e-16
207.75        	1.135695e-16
207.8         	1.135695e-16
207.85        	1.135695e-16
207.9         	1.135695e-16
207.95        	1.135695e-16
208           	1.135695e-16
208.05        	1.135695e-16
208.1         	1.135695e-16
208.15        	1.135695e-16
208.2         	1.135695e-16
208.25        	1.135695e-16
208.3         	1.135695e-16
208.35        	1.135695e-16
208.4         	1.135695e-16
208.45        	1.135695e-16
208.5         	1.135695e-16
208.55        	1.135695e-16
208.6         	1.135695e-16
208.65        	1.135695e-16
208.7         	1.135695e-16
208.75        	1.135695e-16
208.8         	1.135695e-16
208.85        	1.135695e-16
208.9         	1.135695e-16
208.95        	1.135695e-16
209           	1.135695e-16
209.05        	1.135695e-16
209.1         	1.135695e-16
209.15        	1.135695e-16
209.2         	1.135695e-16
209.25        	1.135695e-16
209.3         	1.135695e-16
209.35        	1.135695e-16
209.4         	1.135695e-16
209.45        	1.135695e-16
209.5         	1.135695e-16
209.55        	1.135695e-16
209.6         	1.135695e-16
209.65        	1.135695e-16
209.7         	1.135695e-16
209.75        	1.135695e-16
209.8         	1.135695e-16
209.85        	1.135695e-16
209.9         	1.135695e-16
209.95        	1.135695e-16
210           	1.135695e-16
210.05        	1.135695e-16
210.1         	1.135695e-16
210.15        	1.135695e-16
210.2         	1.135695e-16
210.25        	1.135695e-16
210.3         	1.135695e-16
210.35        	1.135695e-16
210.4         	1.135695e-16
210.45        	1.135695e-16
210.5         	1.135695e-16
210.55        	1.135695e-16
210.6         	1.135695e-16
210.65        	1.135695e-16
210.7         	1.135695e-16
210.75        	1.135695e-16
210.8         	1.135695e-16
210.85        	1.135695e-16
210.9         	1.135695e-16
210.95        	1.135695e-16
211           	1.135695e-16
211.05        	1.135695e-16
211.1         	1.135695e-16
211.15        	1.135695e-16
211.2         	1.135695e-16
211.25        	1.135695e-16
211.3         	1.135695e-16
211.35        	1.135695e-16
211.4         	1.135695e-16
211.45        	1.135695e-16
211.5         	1.135695e-16
211.55        	1.135695e-16
211.6         	1.135695e-16
211.65        	1.135695e-16
211.7         	1.135695e-16
211.75        	1.135695e-16
211.8         	1.135695e-16
211.85        	1.135695e-16
211.9         	1.135695e-16
211.95        	1.135695e-16
212           	1.135695e-16
212.05        	1.135695e-16
212.1         	1.135695e-16
212.15        	1.135695e-16
212.2         	1.135695e-16
212.25        	1.135695e-16
212.3         	1.135695e-16
212.35        	1.135695e-16
212.4         	1.135695e-16
212.45        	1.135695e-16
212.5         	1.135695e-16
212.55        	1.135695e-16
212.6         	1.135695e-16
212.65        	1.135695e-16
212.7         	1.135695e-16
212.75        	1.135695e-16
212.8         	1.135695e-16
212.85        	1.135695e-16
212.9         	1.135695e-16
212.95        	1.135695e-16
213           	1.135695e-16
213.05        	1.135695e-16
213.1         	1.135695e-16
213.15        	1.135695e-16
213.2         	1.135695e-16
213.25        	1.135695e-16
213.3         	1.135695e-16
213.35        	1.135695e-16
213.4         	1.135695e-16
213.45        	1.135695e-16
213.5         	1.135695e-16
213.55        	1.135695e-16
213.6         	1.135695e-16
213.65        	1.135695e-16
213.7         	1.135695e-16
213.75        	1.135695e-16
213.8         	1.135695e-16
213.85        	1.135695e-16
213.9         	1.135695e-16
213.95        	1.135695e-16
214           	1.135695e-16
214.05        	1.135695e-16
214.1         	1.135695e-16
214.15        	1.135695e-16
214.2         	1.135695e-16
214.25        	1.135695e-16
214.3         	1.135695e-16
214.35        	1.135695e-16
214.4         	1.135695e-16
214.45        	1.135695e-16
214.5         	1.135695e-16
214.55        	1.135695e-16
214.6         	1.135695e-16
214.65        	1.135695e-16
214.7         	1.135695e-16
214.75        	1.135695e-16
214.8         	1.135695e-16
214.85        	1.135695e-16
214.9         	1.135695e-16
214.95        	1.135695e-16
215           	1.135695e-16
215.05        	1.135695e-16
215.1         	1.135695e-16
215.15        	1.135695e-16
215.2         	1.135695e-16
215.25        	1.135695e-16
215.3         	1.135695e-16
215.35        	1.135695e-16
215.4         	1.135695e-16
215.45        	1.135695e-16
215.5         	1.135695e-16
215.55        	1.135695e-16
215.6         	1.135695e-16
215.65        	1.135695e-16
215.7         	1.135695e-16
215.75        	1.135695e-16
215.8         	1.135695e-16
215.85        	1.135695e-16
215.9         	1.135695e-16
215.95        	1.135695e-16
216           	1.135695e-16
216.05        	1.135695e-16
216.1         	1.135695e-16
216.15        	1.135695e-16
216.2         	1.135695e-16
216.25        	1.135695e-16
216.3         	1.135695e-16
216.35        	1.135695e-16
216.4         	1.135695e-16
216.45        	1.135695e-16
216.5         	1.135695e-16
216.55        	1.135695e-16
216.6         	1.135695e-16
216.65        	1.135695e-16
216.7         	1.135695e-16
216.75        	1.135695e-16
216.8         	1.135695e-16
216.85        	1.135695e-16
216.9         	1.135695e-16
216.95        	1.135695e-16
217           	1.135695e-16
217.05        	1.135695e-16
217.1         	1.135695e-16
217.15        	1.135695e-16
217.2         	1.135695e-16
217.25        	1.135695e-16
217.3         	1.135695e-16
217.35        	1.135695e-16
217.4         	1.135695e-16
217.45        	1.135695e-16
217.5         	1.135695e-16
217.55        	1.135695e-16
217.6         	1.135695e-16
217.65        	1.135695e-16
217.7         	1.135695e-16
217.75        	1.135695e-16
217.8         	1.135695e-16
217.85        	1.135695e-16
217.9         	1.135695e-16
217.95        	1.135695e-16
218           	1.135695e-16
218.05        	1.135695e-16
218.1         	1.135695e-16
218.15        	1.135695e-16
218.2         	1.135695e-16
218.25        	1.135695e-16
218.3         	1.135695e-16
218.35        	1.135695e-16
218.4         	1.135695e-16
218.45        	1.135695e-16
218.5         	1.135695e-16
218.55        	1.135695e-16
218.6         	1.135695e-16
218.65        	1.135695e-16
218.7         	1.135695e-16
218.75        	1.135695e-16
218.8         	1.135695e-16
218.85        	1.135695e-16
218.9         	1.135695e-16
218.95        	1.135695e-16
219           	1.135695e-16
219.05        	1.135695e-16
219.1         	1.135695e-16
219.15        	1.135695e-16
219.2         	1.135695e-16
219.25        	1.135695e-16
219.3         	1.135695e-16
219.35        	1.135695e-16
219.4         	1.135695e-16
219.45        	1.135695e-16
219.5         	1.135695e-16
219.55        	1.135695e-16
219.6         	1.135695e-16
219.65        	1.135695e-16
219.7         	1.135695e-16
219.75        	1.135695e-16
219.8         	1.135695e-16
219.85        	1.135695e-16
219.9         	1.135695e-16
219.95        	1.135695e-16
220           	1.135695e-16
220.05        	1.135695e-16
220.1         	1.135695e-16
220.15        	1.135695e-16
220.2         	1.135695e-16
220.25        	1.135695e-16
220.3         	1.135695e-16
220.35        	1.135695e-16
220.4         	1.135695e-16
220.45        	1.135695e-16
220.5         	1.135695e-16
220.55        	1.135695e-16
220.6         	1.135695e-16
220.65        	1.135695e-16
220.7         	1.135695e-16
220.75        	1.135695e-16
220.8         	1.135695e-16
220.85        	1.135695e-16
220.9         	1.135695e-16
220.95        	1.135695e-16
221           	1.135695e-16
221.05        	1.135695e-16
221.1         	1.135695e-16
221.15        	1.135695e-16
221.2         	1.135695e-16
221.25        	1.135695e-16
221.3         	1.135695e-16
221.35        	1.135695e-16
221.4         	1.135695e-16
221.45        	1.135695e-16
221.5         	1.135695e-16
221.55        	1.135695e-16
221.6         	1.135695e-16
221.65        	1.135695e-16
221.7         	1.135695e-16
221.75        	1.135695e-16
221.8         	1.135695e-16
221.85        	1.135695e-16
221.9         	1.135695e-16
221.95        	1.135695e-16
222           	1.135695e-16
222.05        	1.135695e-16
222.1         	1.135695e-16
222.15        	1.135695e-16
222.2         	1.135695e-16
222.25        	1.135695e-16
222.3         	1.135695e-16
222.35        	1.135695e-16
222.4         	1.135695e-16
222.45        	1.135695e-16
222.5         	1.135695e-16
222.55        	1.135695e-16
222.6         	1.135695e-16
222.65        	1.135695e-16
222.7         	1.135695e-16
222.75        	1.135695e-16
222.8         	1.135695e-16
222.85        	1.135695e-16
222.9         	1.135695e-16
222.95        	1.135695e-16
223           	1.135695e-16
223.05        	1.135695e-16
223.1         	1.135695e-16
223.15        	1.135695e-16
223.2         	1.135695e-16
223.25        	1.135695e-16
223.3         	1.135695e-16
223.35        	1.135695e-16
223.4         	1.135695e-16
223.45        	1.135695e-16
223.5         	1.135695e-16
223.55        	1.135695e-16
223.6         	1.135695e-16
223.65        	1.135695e-16
223.7         	1.135695e-16
223.75        	1.135695e-16
223.8         	1.135695e-16
223.85        	1.135695e-16
223.9         	1.135695e-16
223.95        	1.135695e-16
224           	1.135695e-16
224.05        	1.135695e-16
224.1         	1.135695e-16
224.15        	1.135695e-16
224.2         	1.135695e-16
224.25        	1.135695e-16
224.3         	1.135695e-16
224.35        	1.135695e-16
224.4         	1.135695e-16
224.45        	1.135695e-16
224.5         	1.135695e-16
224.55        	1.135695e-16
224.6         	1.135695e-16
224.65        	1.135695e-16
224.7         	1.135695e-16
224.75        	1.135695e-16
224.8         	1.135695e-16
224.85        	1.135695e-16
224.9         	1.135695e-16
224.95        	1.135695e-16
225           	1.135695e-16
225.05        	1.135695e-16
225.1         	1.135695e-16
225.15        	1.135695e-16
225.2         	1.135695e-16
225.25        	1.135695e-16
225.3         	1.135695e-16
225.35        	1.135695e-16
225.4         	1.135695e-16
225.45        	1.135695e-16
225.5         	1.135695e-16
225.55        	1.135695e-16
225.6         	1.135695e-16
225.65        	1.135695e-16
225.7         	1.135695e-16
225.75        	1.135695e-16
225.8         	1.135695e-16
225.85        	1.135695e-16
225.9         	1.135695e-16
225.95        	1.135695e-16
226           	1.135695e-16
226.05        	1.135695e-16
226.1         	1.135695e-16
226.15        	1.135695e-16
226.2         	1.135695e-16
226.25        	1.135695e-16
226.3         	1.135695e-16
226.35        	1.135695e-16
226.4         	1.135695e-16
226.45        	1.135695e-16
226.5         	1.135695e-16
226.55        	1.135695e-16
226.6         	1.135695e-16
226.65        	1.135695e-16
226.7         	1.135695e-16
226.75        	1.135695e-16
226.8         	1.135695e-16
226.85        	1.135695e-16
226.9         	1.135695e-16
226.95        	1.135695e-16
227           	1.135695e-16
227.05        	1.135695e-16
227.1         	1.135695e-16
227.15        	1.135695e-16
227.2         	1.135695e-16
227.25        	1.135695e-16
227.3         	1.135695e-16
227.35        	1.135695e-16
227.4         	1.135695e-16
227.45        	1.135695e-16
227.5         	1.135695e-16
227.55        	1.135695e-16
227.6         	1.135695e-16
227.65        	1.135695e-16
227.7         	1.135695e-16
227.75        	1.135695e-16
227.8         	1.135695e-16
227.85        	1.135695e-16
227.9         	1.135695e-16
227.95        	1.135695e-16
228           	1.135695e-16
228.05        	1.135695e-16
228.1         	1.135695e-16
228.15        	1.135695e-16
228.2         	1.135695e-16
228.25        	1.135695e-16
228.3         	1.135695e-16
228.35        	1.135695e-16
228.4         	1.135695e-16
228.45        	1.135695e-16
228.5         	1.135695e-16
228.55        	1.135695e-16
228.6         	1.135695e-16
228.65        	1.135695e-16
228.7         	1.135695e-16
228.75        	1.135695e-16
228.8         	1.135695e-16
228.85        	1.135695e-16
228.9         	1.135695e-16
228.95        	1.135695e-16
229           	1.135695e-16
229.05        	1.135695e-16
229.1         	1.135695e-16
229.15        	1.135695e-16
229.2         	1.135695e-16
229.25        	1.135695e-16
229.3         	1.135695e-16
229.35        	1.135695e-16
229.4         	1.135695e-16
229.45        	1.135695e-16
229.5         	1.135695e-16
229.55        	1.135695e-16
229.6         	1.135695e-16
229.65        	1.135695e-16
229.7         	1.135695e-16
229.75        	1.135695e-16
229.8         	1.135695e-16
229.85        	1.135695e-16
229.9         	1.135695e-16
229.95        	1.135695e-16
230           	1.135695e-16
230.05        	1.135695e-16
230.1         	1.135695e-16
230.15        	1.135695e-16
230.2         	1.135695e-16
230.25        	1.135695e-16
230.3         	1.135695e-16
230.35        	1.135695e-16
230.4         	1.135695e-16
230.45        	1.135695e-16
230.5         	1.135695e-16
230.55        	1.135695e-16
230.6         	1.135695e-16
230.65        	1.135695e-16
230.7         	1.135695e-16
230.75        	1.135695e-16
230.8         	1.135695e-16
230.85        	1.135695e-16
230.9         	1.135695e-16
230.95        	1.135695e-16
231           	1.135695e-16
231.05        	1.135695e-16
231.1         	1.135695e-16
231.15        	1.135695e-16
231.2         	1.135695e-16
231.25        	1.135695e-16
231.3         	1.135695e-16
231.35        	1.135695e-16
231.4         	1.135695e-16
231.45        	1.135695e-16
231.5         	1.135695e-16
231.55        	1.135695e-16
231.6         	1.135695e-16
231.65        	1.135695e-16
231.7         	1.135695e-16
231.75        	1.135695e-16
231.8         	1.135695e-16
231.85        	1.135695e-16
231.9         	1.135695e-16
231.95        	1.135695e-16
232           	1.135695e-16
232.05        	1.135695e-16
232.1         	1.135695e-16
232.15        	1.135695e-16
232.2         	1.135695e-16
232.25        	1.135695e-16
232.3         	1.135695e-16
232.35        	1.135695e-16
232.4         	1.135695e-16
232.45        	1.135695e-16
232.5         	1.135695e-16
232.55        	1.135695e-16
232.6         	1.135695e-16
232.65        	1.135695e-16
232.7         	1.135695e-16
232.75        	1.135695e-16
232.8         	1.135695e-16
232.85        	1.135695e-16
232.9         	1.135695e-16
232.95        	1.135695e-16
233           	1.135695e-16
233.05        	1.135695e-16
233.1         	1.135695e-16
233.15        	1.135695e-16
233.2         	1.135695e-16
233.25        	1.135695e-16
233.3         	1.135695e-16
233.35        	1.135695e-16
233.4         	1.135695e-16
233.45        	1.135695e-16
233.5         	1.135695e-16
233.55        	1.135695e-16
233.6         	1.135695e-16
233.65        	1.135695e-16
233.7         	1.135695e-16
233.75        	1.135695e-16
233.8         	1.135695e-16
233.85        	1.135695e-16
233.9         	1.135695e-16
233.95        	1.135695e-16
234           	1.135695e-16
234.05        	1.135695e-16
234.1         	1.135695e-16
234.15        	1.135695e-16
234.2         	1.135695e-16
234.25        	1.135695e-16
234.3         	1.135695e-16
234.35        	1.135695e-16
234.4         	1.135695e-16
234.45        	1.135695e-16
234.5         	1.135695e-16
234.55        	1.135695e-16
234.6         	1.135695e-16
234.65        	1.135695e-16
234.7         	1.135695e-16
234.75        	1.135695e-16
234.8         	1.135695e-16
234.85        	1.135695e-16
234.9         	1.135695e-16
234.95        	1.135695e-16
235           	1.135695e-16
235.05        	1.135695e-16
235.1         	1.135695e-16
235.15        	1.135695e-16
235.2         	1.135695e-16
235.25        	1.135695e-16
235.3         	1.135695e-16
235.35        	1.135695e-16
235.4         	1.135695e-16
235.45        	1.135695e-16
235.5         	1.135695e-16
235.55        	1.135695e-16
235.6         	1.135695e-16
235.65        	1.135695e-16
235.7         	1.135695e-16
235.75        	1.135695e-16
235.8         	1.135695e-16
235.85        	1.135695e-16
235.9         	1.135695e-16
235.95        	1.135695e-16
236           	1.135695e-16
236.05        	1.135695e-16
236.1         	1.135695e-16
236.15        	1.135695e-16
236.2         	1.135695e-16
236.25        	1.135695e-16
236.3         	1.135695e-16
236.35        	1.135695e-16
236.4         	1.135695e-16
236.45        	1.135695e-16
236.5         	1.135695e-16
236.55        	1.135695e-16
236.6         	1.135695e-16
236.65        	1.135695e-16
236.7         	1.135695e-16
236.75        	1.135695e-16
236.8         	1.135695e-16
236.85        	1.135695e-16
236.9         	1.135695e-16
236.95        	1.135695e-16
237           	1.135695e-16
237.05        	1.135695e-16
237.1         	1.135695e-16
237.15        	1.135695e-16
237.2         	1.135695e-16
237.25        	1.135695e-16
237.3         	1.135695e-16
237.35        	1.135695e-16
237.4         	1.135695e-16
237.45        	1.135695e-16
237.5         	1.135695e-16
237.55        	1.135695e-16
237.6         	1.135695e-16
237.65        	1.135695e-16
237.7         	1.135695e-16
237.75        	1.135695e-16
237.8         	1.135695e-16
237.85        	1.135695e-16
237.9         	1.135695e-16
237.95        	1.135695e-16
238           	1.135695e-16
238.05        	1.135695e-16
238.1         	1.135695e-16
238.15        	1.135695e-16
238.2         	1.135695e-16
238.25        	1.135695e-16
238.3         	1.135695e-16
238.35        	1.135695e-16
238.4         	1.135695e-16
238.45        	1.135695e-16
238.5         	1.135695e-16
238.55        	1.135695e-16
238.6         	1.135695e-16
238.65        	1.135695e-16
238.7         	1.135695e-16
238.75        	1.135695e-16
238.8         	1.135695e-16
238.85        	1.135695e-16
238.9         	1.135695e-16
238.95        	1.135695e-16
239           	1.135695e-16
239.05        	1.135695e-16
239.1         	1.135695e-16
239.15        	1.135695e-16
239.2         	1.135695e-16
239.25        	1.135695e-16
239.3         	1.135695e-16
239.35        	1.135695e-16
239.4         	1.135695e-16
239.45        	1.135695e-16
239.5         	1.135695e-16
239.55        	1.135695e-16
239.6         	1.135695e-16
239.65        	1.135695e-16
239.7         	1.135695e-16
239.75        	1.135695e-16
239.8         	1.135695e-16
239.85        	1.135695e-16
239.9         	1.135695e-16
239.95        	1.135695e-16
240           	1.135695e-16
240.05        	1.135695e-16
240.1         	1.135695e-16
240.15        	1.135695e-16
240.2         	1.135695e-16
240.25        	1.135695e-16
240.3         	1.135695e-16
240.35        	1.135695e-16
240.4         	1.135695e-16
240.45        	1.135695e-16
240.5         	1.135695e-16
240.55        	1.135695e-16
240.6         	1.135695e-16
240.65        	1.135695e-16
240.7         	1.135695e-16
240.75        	1.135695e-16
240.8         	1.135695e-16
240.85        	1.135695e-16
240.9         	1.135695e-16
240.95        	1.135695e-16
241           	1.135695e-16
241.05        	1.135695e-16
241.1         	1.135695e-16
241.15        	1.135695e-16
241.2         	1.135695e-16
241.25        	1.135695e-16
241.3         	1.135695e-16
241.35        	1.135695e-16
241.4         	1.135695e-16
241.45        	1.135695e-16
241.5         	1.135695e-16
241.55        	1.135695e-16
241.6         	1.135695e-16
241.65        	1.135695e-16
241.7         	1.135695e-16
241.75        	1.135695e-16
241.8         	1.135695e-16
241.85        	1.135695e-16
241.9         	1.135695e-16
241.95        	1.135695e-16
242           	1.135695e-16
242.05        	1.135695e-16
242.1         	1.135695e-16
242.15        	1.135695e-16
242.2         	1.135695e-16
242.25        	1.135695e-16
242.3         	1.135695e-16
242.35        	1.135695e-16
242.4         	1.135695e-16
242.45        	1.135695e-16
242.5         	1.135695e-16
242.55        	1.135695e-16
242.6         	1.135695e-16
242.65        	1.135695e-16
242.7         	1.135695e-16
242.75        	1.135695e-16
242.8         	1.135695e-16
242.85        	1.135695e-16
242.9         	1.135695e-16
242.95        	1.135695e-16
243           	1.135695e-16
243.05        	1.135695e-16
243.1         	1.135695e-16
243.15        	1.135695e-16
243.2         	1.135695e-16
243.25        	1.135695e-16
243.3         	1.135695e-16
243.35        	1.135695e-16
243.4         	1.135695e-16
243.45        	1.135695e-16
243.5         	1.135695e-16
243.55        	1.135695e-16
243.6         	1.135695e-16
243.65        	1.135695e-16
243.7         	1.135695e-16
243.75        	1.135695e-16
243.8         	1.135695e-16
243.85        	1.135695e-16
243.9         	1.135695e-16
243.95        	1.135695e-16
244           	1.135695e-16
244.05        	1.135695e-16
244.1         	1.135695e-16
244.15        	1.135695e-16
244.2         	1.135695e-16
244.25        	1.135695e-16
244.3         	1.135695e-16
244.35        	1.135695e-16
244.4         	1.135695e-16
244.45        	1.135695e-16
244.5         	1.135695e-16
244.55        	1.135695e-16
244.6         	1.135695e-16
244.65        	1.135695e-16
244.7         	1.135695e-16
244.75        	1.135695e-16
244.8         	1.135695e-16
244.85        	1.135695e-16
244.9         	1.135695e-16
244.95        	1.135695e-16
245           	1.135695e-16
245.05        	1.135695e-16
245.1         	1.135695e-16
245.15        	1.135695e-16
245.2         	1.135695e-16
245.25        	1.135695e-16
245.3         	1.135695e-16
245.35        	1.135695e-16
245.4         	1.135695e-16
245.45        	1.135695e-16
245.5         	1.135695e-16
245.55        	1.135695e-16
245.6         	1.135695e-16
245.65        	1.135695e-16
245.7         	1.135695e-16
245.75        	1.135695e-16
245.8         	1.135695e-16
245.85        	1.135695e-16
245.9         	1.135695e-16
245.95        	1.135695e-16
246           	1.135695e-16
246.05        	1.135695e-16
246.1         	1.135695e-16
246.15        	1.135695e-16
246.2         	1.135695e-16
246.25        	1.135695e-16
246.3         	1.135695e-16
246.35        	1.135695e-16
246.4         	1.135695e-16
246.45        	1.135695e-16
246.5         	1.135695e-16
246.55        	1.135695e-16
246.6         	1.135695e-16
246.65        	1.135695e-16
246.7         	1.135695e-16
246.75        	1.135695e-16
246.8         	1.135695e-16
246.85        	1.135695e-16
246.9         	1.135695e-16
246.95        	1.135695e-16
247           	1.135695e-16
247.05        	1.135695e-16
247.1         	1.135695e-16
247.15        	1.135695e-16
247.2         	1.135695e-16
247.25        	1.135695e-16
247.3         	1.135695e-16
247.35        	1.135695e-16
247.4         	1.135695e-16
247.45        	1.135695e-16
247.5         	1.135695e-16
247.55        	1.135695e-16
247.6         	1.135695e-16
247.65        	1.135695e-16
247.7         	1.135695e-16
247.75        	1.135695e-16
247.8         	1.135695e-16
247.85        	1.135695e-16
247.9         	1.135695e-16
247.95        	1.135695e-16
248           	1.135695e-16
248.05        	1.135695e-16
248.1         	1.135695e-16
248.15        	1.135695e-16
248.2         	1.135695e-16
248.25        	1.135695e-16
248.3         	1.135695e-16
248.35        	1.135695e-16
248.4         	1.135695e-16
248.45        	1.135695e-16
248.5         	1.135695e-16
248.55        	1.135695e-16
248.6         	1.135695e-16
248.65        	1.135695e-16
248.7         	1.135695e-16
248.75        	1.135695e-16
248.8         	1.135695e-16
248.85        	1.135695e-16
248.9         	1.135695e-16
248.95        	1.135695e-16
249           	1.135695e-16
249.05        	1.135695e-16
249.1         	1.135695e-16
249.15        	1.135695e-16
249.2         	1.135695e-16
249.25        	1.135695e-16
249.3         	1.135695e-16
249.35        	1.135695e-16
249.4         	1.135695e-16
249.45        	1.135695e-16
249.5         	1.135695e-16
249.55        	1.135695e-16
249.6         	1.135695e-16
249.65        	1.135695e-16
249.7         	1.135695e-16
249.75        	1.135695e-16
249.8         	1.135695e-16
249.85        	1.135695e-16
249.9         	1.135695e-16
249.95        	1.135695e-16
250           	1.135695e-16
250.05        	1.135695e-16
250.1         	1.135695e-16
250.15        	1.135695e-16
250.2         	1.135695e-16
250.25        	1.135695e-16
250.3         	1.135695e-16
250.35        	1.135695e-16
250.4         	1.135695e-16
250.45        	1.135695e-16
250.5         	1.135695e-16
250.55        	1.135695e-16
250.6         	1.135695e-16
250.65        	1.135695e-16
250.7         	1.135695e-16
250.75        	1.135695e-16
250.8         	1.135695e-16
250.85        	1.135695e-16
250.9         	1.135695e-16
250.95        	1.135695e-16
251           	1.135695e-16
251.05        	1.135695e-16
251.1         	1.135695e-16
251.15        	1.135695e-16
251.2         	1.135695e-16
251.25        	1.135695e-16
251.3         	1.135695e-16
251.35        	1.135695e-16
251.4         	1.135695e-16
251.45        	1.135695e-16
251.5         	1.135695e-16
251.55        	1.135695e-16
251.6         	1.135695e-16
251.65        	1.135695e-16
251.7         	1.135695e-16
251.75        	1.135695e-16
251.8         	1.135695e-16
251.85        	1.135695e-16
251.9         	1.135695e-16
251.95        	1.135695e-16
252           	1.135695e-16
252.05        	1.135695e-16
252.1         	1.135695e-16
252.15        	1.135695e-16
252.2         	1.135695e-16
252.25        	1.135695e-16
252.3         	1.135695e-16
252.35        	1.135695e-16
252.4         	1.135695e-16
252.45        	1.135695e-16
252.5         	1.135695e-16
252.55        	1.135695e-16
252.6         	1.135695e-16
252.65        	1.135695e-16
252.7         	1.135695e-16
252.75        	1.135695e-16
252.8         	1.135695e-16
252.85        	1.135695e-16
252.9         	1.135695e-16
252.95        	1.135695e-16
253           	1.135695e-16
253.05        	1.135695e-16
253.1         	1.135695e-16
253.15        	1.135695e-16
253.2         	1.135695e-16
253.25        	1.135695e-16
253.3         	1.135695e-16
253.35        	1.135695e-16
253.4         	1.135695e-16
253.45        	1.135695e-16
253.5         	1.135695e-16
253.55        	1.135695e-16
253.6         	1.135695e-16
253.65        	1.135695e-16
253.7         	1.135695e-16
253.75        	1.135695e-16
253.8         	1.135695e-16
253.85        	1.135695e-16
253.9         	1.135695e-16
253.95        	1.135695e-16
254           	1.135695e-16
254.05        	1.135695e-16
254.1         	1.135695e-16
254.15        	1.135695e-16
254.2         	1.135695e-16
254.25        	1.135695e-16
254.3         	1.135695e-16
254.35        	1.135695e-16
254.4         	1.135695e-16
254.45        	1.135695e-16
254.5         	1.135695e-16
254.55        	1.135695e-16
254.6         	1.135695e-16
254.65        	1.135695e-16
254.7         	1.135695e-16
254.75        	1.135695e-16
254.8         	1.135695e-16
254.85        	1.135695e-16
254.9         	1.135695e-16
254.95        	1.135695e-16
255           	1.135695e-16
255.05        	1.135695e-16
255.1         	1.135695e-16
255.15        	1.135695e-16
255.2         	1.135695e-16
255.25        	1.135695e-16
255.3         	1.135695e-16
255.35        	1.135695e-16
255.4         	1.135695e-16
255.45        	1.135695e-16
255.5         	1.135695e-16
255.55        	1.135695e-16
255.6         	1.135695e-16
255.65        	1.135695e-16
255.7         	1.135695e-16
255.75        	1.135695e-16
255.8         	1.135695e-16
255.85        	1.135695e-16
255.9         	1.135695e-16
255.95        	1.135695e-16
256           	1.135695e-16
256.05        	1.135695e-16
256.1         	1.135695e-16
256.15        	1.135695e-16
256.2         	1.135695e-16
256.25        	1.135695e-16
256.3         	1.135695e-16
256.35        	1.135695e-16
256.4         	1.135695e-16
256.45        	1.135695e-16
256.5         	1.135695e-16
256.55        	1.135695e-16
256.6         	1.135695e-16
256.65        	1.135695e-16
256.7         	1.135695e-16
256.75        	1.135695e-16
256.8         	1.135695e-16
256.85        	1.135695e-16
256.9         	1.135695e-16
256.95        	1.135695e-16
257           	1.135695e-16
257.05        	1.135695e-16
257.1         	1.135695e-16
257.15        	1.135695e-16
257.2         	1.135695e-16
257.25        	1.135695e-16
257.3         	1.135695e-16
257.35        	1.135695e-16
257.4         	1.135695e-16
257.45        	1.135695e-16
257.5         	1.135695e-16
257.55        	1.135695e-16
257.6         	1.135695e-16
257.65        	1.135695e-16
257.7         	1.135695e-16
257.75        	1.135695e-16
257.8         	1.135695e-16
257.85        	1.135695e-16
257.9         	1.135695e-16
257.95        	1.135695e-16
258           	1.135695e-16
258.05        	1.135695e-16
258.1         	1.135695e-16
258.15        	1.135695e-16
258.2         	1.135695e-16
258.25        	1.135695e-16
258.3         	1.135695e-16
258.35        	1.135695e-16
258.4         	1.135695e-16
258.45        	1.135695e-16
258.5         	1.135695e-16
258.55        	1.135695e-16
258.6         	1.135695e-16
258.65        	1.135695e-16
258.7         	1.135695e-16
258.75        	1.135695e-16
258.8         	1.135695e-16
258.85        	1.135695e-16
258.9         	1.135695e-16
258.95        	1.135695e-16
259           	1.135695e-16
259.05        	1.135695e-16
259.1         	1.135695e-16
259.15        	1.135695e-16
259.2         	1.135695e-16
259.25        	1.135695e-16
259.3         	1.135695e-16
259.35        	1.135695e-16
259.4         	1.135695e-16
259.45        	1.135695e-16
259.5         	1.135695e-16
259.55        	1.135695e-16
259.6         	1.135695e-16
259.65        	1.135695e-16
259.7         	1.135695e-16
259.75        	1.135695e-16
259.8         	1.135695e-16
259.85        	1.135695e-16
259.9         	1.135695e-16
259.95        	1.135695e-16
260           	1.135695e-16
260.05        	1.135695e-16
260.1         	1.135695e-16
260.15        	1.135695e-16
260.2         	1.135695e-16
260.25        	1.135695e-16
260.3         	1.135695e-16
260.35        	1.135695e-16
260.4         	1.135695e-16
260.45        	1.135695e-16
260.5         	1.135695e-16
260.55        	1.135695e-16
260.6         	1.135695e-16
260.65        	1.135695e-16
260.7         	1.135695e-16
260.75        	1.135695e-16
260.8         	1.135695e-16
260.85        	1.135695e-16
260.9         	1.135695e-16
260.95        	1.135695e-16
261           	1.135695e-16
261.05        	1.135695e-16
261.1         	1.135695e-16
261.15        	1.135695e-16
261.2         	1.135695e-16
261.25        	1.135695e-16
261.3         	1.135695e-16
261.35        	1.135695e-16
261.4         	1.135695e-16
261.45        	1.135695e-16
261.5         	1.135695e-16
261.55        	1.135695e-16
261.6         	1.135695e-16
261.65        	1.135695e-16
261.7         	1.135695e-16
261.75        	1.135695e-16
261.8         	1.135695e-16
261.85        	1.135695e-16
261.9         	1.135695e-16
261.95        	1.135695e-16
262           	1.135695e-16
262.05        	1.135695e-16
262.1         	1.135695e-16
262.15        	1.135695e-16
262.2         	1.135695e-16
262.25        	1.135695e-16
262.3         	1.135695e-16
262.35        	1.135695e-16
262.4         	1.135695e-16
262.45        	1.135695e-16
262.5         	1.135695e-16
262.55        	1.135695e-16
262.6         	1.135695e-16
262.65        	1.135695e-16
262.7         	1.135695e-16
262.75        	1.135695e-16
262.8         	1.135695e-16
262.85        	1.135695e-16
262.9         	1.135695e-16
262.95        	1.135695e-16
263           	1.135695e-16
263.05        	1.135695e-16
263.1         	1.135695e-16
263.15        	1.135695e-16
263.2         	1.135695e-16
263.25        	1.135695e-16
263.3         	1.135695e-16
263.35        	1.135695e-16
263.4         	1.135695e-16
263.45        	1.135695e-16
263.5         	1.135695e-16
263.55        	1.135695e-16
263.6         	1.135695e-16
263.65        	1.135695e-16
263.7         	1.135695e-16
263.75        	1.135695e-16
263.8         	1.135695e-16
263.85        	1.135695e-16
263.9         	1.135695e-16
263.95        	1.135695e-16
264           	1.135695e-16
264.05        	1.135695e-16
264.1         	1.135695e-16
264.15        	1.135695e-16
264.2         	1.135695e-16
264.25        	1.135695e-16
264.3         	1.135695e-16
264.35        	1.135695e-16
264.4         	1.135695e-16
264.45        	1.135695e-16
264.5         	1.135695e-16
264.55        	1.135695e-16
264.6         	1.135695e-16
264.65        	1.135695e-16
264.7         	1.135695e-16
264.75        	1.135695e-16
264.8         	1.135695e-16
264.85        	1.135695e-16
264.9         	1.135695e-16
264.95        	1.135695e-16
265           	1.135695e-16
265.05        	1.135695e-16
265.1         	1.135695e-16
265.15        	1.135695e-16
265.2         	1.135695e-16
265.25        	1.135695e-16
265.3         	1.135695e-16
265.35        	1.135695e-16
265.4         	1.135695e-16
265.45        	1.135695e-16
265.5         	1.135695e-16
265.55        	1.135695e-16
265.6         	1.135695e-16
265.65        	1.135695e-16
265.7         	1.135695e-16
265.75        	1.135695e-16
265.8         	1.135695e-16
265.85        	1.135695e-16
265.9         	1.135695e-16
265.95        	1.135695e-16
266           	1.135695e-16
266.05        	1.135695e-16
266.1         	1.135695e-16
266.15        	1.135695e-16
266.2         	1.135695e-16
266.25        	1.135695e-16
266.3         	1.135695e-16
266.35        	1.135695e-16
266.4         	1.135695e-16
266.45        	1.135695e-16
266.5         	1.135695e-16
266.55        	1.135695e-16
266.6         	1.135695e-16
266.65        	1.135695e-16
266.7         	1.135695e-16
266.75        	1.135695e-16
266.8         	1.135695e-16
266.85        	1.135695e-16
266.9         	1.135695e-16
266.95        	1.135695e-16
267           	1.135695e-16
267.05        	1.135695e-16
267.1         	1.135695e-16
267.15        	1.135695e-16
267.2         	1.135695e-16
267.25        	1.135695e-16
267.3         	1.135695e-16
267.35        	1.135695e-16
267.4         	1.135695e-16
267.45        	1.135695e-16
267.5         	1.135695e-16
267.55        	1.135695e-16
267.6         	1.135695e-16
267.65        	1.135695e-16
267.7         	1.135695e-16
267.75        	1.135695e-16
267.8         	1.135695e-16
267.85        	1.135695e-16
267.9         	1.135695e-16
267.95        	1.135695e-16
268           	1.135695e-16
268.05        	1.135695e-16
268.1         	1.135695e-16
268.15        	1.135695e-16
268.2         	1.135695e-16
268.25        	1.135695e-16
268.3         	1.135695e-16
268.35        	1.135695e-16
268.4         	1.135695e-16
268.45        	1.135695e-16
268.5         	1.135695e-16
268.55        	1.135695e-16
268.6         	1.135695e-16
268.65        	1.135695e-16
268.7         	1.135695e-16
268.75        	1.135695e-16
268.8         	1.135695e-16
268.85        	1.135695e-16
268.9         	1.135695e-16
268.95        	1.135695e-16
269           	1.135695e-16
269.05        	1.135695e-16
269.1         	1.135695e-16
269.15        	1.135695e-16
269.2         	1.135695e-16
269.25        	1.135695e-16
269.3         	1.135695e-16
269.35        	1.135695e-16
269.4         	1.135695e-16
269.45        	1.135695e-16
269.5         	1.135695e-16
269.55        	1.135695e-16
269.6         	1.135695e-16
269.65        	1.135695e-16
269.7         	1.135695e-16
269.75        	1.135695e-16
269.8         	1.135695e-16
269.85        	1.135695e-16
269.9         	1.135695e-16
269.95        	1.135695e-16
270           	1.135695e-16
270.05        	1.135695e-16
270.1         	1.135695e-16
270.15        	1.135695e-16
270.2         	1.135695e-16
270.25        	1.135695e-16
270.3         	1.135695e-16
270.35        	1.135695e-16
270.4         	1.135695e-16
270.45        	1.135695e-16
270.5         	1.135695e-16
270.55        	1.135695e-16
270.6         	1.135695e-16
270.65        	1.135695e-16
270.7         	1.135695e-16
270.75        	1.135695e-16
270.8         	1.135695e-16
270.85        	1.135695e-16
270.9         	1.135695e-16
270.95        	1.135695e-16
271           	1.135695e-16
271.05        	1.135695e-16
271.1         	1.135695e-16
271.15        	1.135695e-16
271.2         	1.135695e-16
271.25        	1.135695e-16
271.3         	1.135695e-16
271.35        	1.135695e-16
271.4         	1.135695e-16
271.45        	1.135695e-16
271.5         	1.135695e-16
271.55        	1.135695e-16
271.6         	1.135695e-16
271.65        	1.135695e-16
271.7         	1.135695e-16
271.75        	1.135695e-16
271.8         	1.135695e-16
271.85        	1.135695e-16
271.9         	1.135695e-16
271.95        	1.135695e-16
272           	1.135695e-16
272.05        	1.135695e-16
272.1         	1.135695e-16
272.15        	1.135695e-16
272.2         	1.135695e-16
272.25        	1.135695e-16
272.3         	1.135695e-16
272.35        	1.135695e-16
272.4         	1.135695e-16
272.45        	1.135695e-16
272.5         	1.135695e-16
272.55        	1.135695e-16
272.6         	1.135695e-16
272.65        	1.135695e-16
272.7         	1.135695e-16
272.75        	1.135695e-16
272.8         	1.135695e-16
272.85        	1.135695e-16
272.9         	1.135695e-16
272.95        	1.135695e-16
273           	1.135695e-16
273.05        	1.135695e-16
273.1         	1.135695e-16
273.15        	1.135695e-16
273.2         	1.135695e-16
273.25        	1.135695e-16
273.3         	1.135695e-16
273.35        	1.135695e-16
273.4         	1.135695e-16
273.45        	1.135695e-16
273.5         	1.135695e-16
273.55        	1.135695e-16
273.6         	1.135695e-16
273.65        	1.135695e-16
273.7         	1.135695e-16
273.75        	1.135695e-16
273.8         	1.135695e-16
273.85        	1.135695e-16
273.9         	1.135695e-16
273.95        	1.135695e-16
274           	1.135695e-16
274.05        	1.135695e-16
274.1         	1.135695e-16
274.15        	1.135695e-16
274.2         	1.135695e-16
274.25        	1.135695e-16
274.3         	1.135695e-16
274.35        	1.135695e-16
274.4         	1.135695e-16
274.45        	1.135695e-16
274.5         	1.135695e-16
274.55        	1.135695e-16
274.6         	1.135695e-16
274.65        	1.135695e-16
274.7         	1.135695e-16
274.75        	1.135695e-16
274.8         	1.135695e-16
274.85        	1.135695e-16
274.9         	1.135695e-16
274.95        	1.135695e-16
275           	1.135695e-16
275.05        	1.135695e-16
275.1         	1.135695e-16
275.15        	1.135695e-16
275.2         	1.135695e-16
275.25        	1.135695e-16
275.3         	1.135695e-16
275.35        	1.135695e-16
275.4         	1.135695e-16
275.45        	1.135695e-16
275.5         	1.135695e-16
275.55        	1.135695e-16
275.6         	1.135695e-16
275.65        	1.135695e-16
275.7         	1.135695e-16
275.75        	1.135695e-16
275.8         	1.135695e-16
275.85        	1.135695e-16
275.9         	1.135695e-16
275.95        	1.135695e-16
276           	1.135695e-16
276.05        	1.135695e-16
276.1         	1.135695e-16
276.15        	1.135695e-16
276.2         	1.135695e-16
276.25        	1.135695e-16
276.3         	1.135695e-16
276.35        	1.135695e-16
276.4         	1.135695e-16
276.45        	1.135695e-16
276.5         	1.135695e-16
276.55        	1.135695e-16
276.6         	1.135695e-16
276.65        	1.135695e-16
276.7         	1.135695e-16
276.75        	1.135695e-16
276.8         	1.135695e-16
276.85        	1.135695e-16
276.9         	1.135695e-16
276.95        	1.135695e-16
277           	1.135695e-16
277.05        	1.135695e-16
277.1         	1.135695e-16
277.15        	1.135695e-16
277.2         	1.135695e-16
277.25        	1.135695e-16
277.3         	1.135695e-16
277.35        	1.135695e-16
277.4         	1.135695e-16
277.45        	1.135695e-16
277.5         	1.135695e-16
277.55        	1.135695e-16
277.6         	1.135695e-16
277.65        	1.135695e-16
277.7         	1.135695e-16
277.75        	1.135695e-16
277.8         	1.135695e-16
277.85        	1.135695e-16
277.9         	1.135695e-16
277.95        	1.135695e-16
278           	1.135695e-16
278.05        	1.135695e-16
278.1         	1.135695e-16
278.15        	1.135695e-16
278.2         	1.135695e-16
278.25        	1.135695e-16
278.3         	1.135695e-16
278.35        	1.135695e-16
278.4         	1.135695e-16
278.45        	1.135695e-16
278.5         	1.135695e-16
278.55        	1.135695e-16
278.6         	1.135695e-16
278.65        	1.135695e-16
278.7         	1.135695e-16
278.75        	1.135695e-16
278.8         	1.135695e-16
278.85        	1.135695e-16
278.9         	1.135695e-16
278.95        	1.135695e-16
279           	1.135695e-16
279.05        	1.135695e-16
279.1         	1.135695e-16
279.15        	1.135695e-16
279.2         	1.135695e-16
279.25        	1.135695e-16
279.3         	1.135695e-16
279.35        	1.135695e-16
279.4         	1.135695e-16
279.45        	1.135695e-16
279.5         	1.135695e-16
279.55        	1.135695e-16
279.6         	1.135695e-16
279.65        	1.135695e-16
279.7         	1.135695e-16
279.75        	1.135695e-16
279.8         	1.135695e-16
279.85        	1.135695e-16
279.9         	1.135695e-16
279.95        	1.135695e-16
280           	1.135695e-16
280.05        	1.135695e-16
280.1         	1.135695e-16
280.15        	1.135695e-16
280.2         	1.135695e-16
280.25        	1.135695e-16
280.3         	1.135695e-16
280.35        	1.135695e-16
280.4         	1.135695e-16
280.45        	1.135695e-16
280.5         	1.135695e-16
280.55        	1.135695e-16
280.6         	1.135695e-16
280.65        	1.135695e-16
280.7         	1.135695e-16
280.75        	1.135695e-16
280.8         	1.135695e-16
280.85        	1.135695e-16
280.9         	1.135695e-16
280.95        	1.135695e-16
281           	1.135695e-16
281.05        	1.135695e-16
281.1         	1.135695e-16
281.15        	1.135695e-16
281.2         	1.135695e-16
281.25        	1.135695e-16
281.3         	1.135695e-16
281.35        	1.135695e-16
281.4         	1.135695e-16
281.45        	1.135695e-16
281.5         	1.135695e-16
281.55        	1.135695e-16
281.6         	1.135695e-16
281.65        	1.135695e-16
281.7         	1.135695e-16
281.75        	1.135695e-16
281.8         	1.135695e-16
281.85        	1.135695e-16
281.9         	1.135695e-16
281.95        	1.135695e-16
282           	1.135695e-16
282.05        	1.135695e-16
282.1         	1.135695e-16
282.15        	1.135695e-16
282.2         	1.135695e-16
282.25        	1.135695e-16
282.3         	1.135695e-16
282.35        	1.135695e-16
282.4         	1.135695e-16
282.45        	1.135695e-16
282.5         	1.135695e-16
282.55        	1.135695e-16
282.6         	1.135695e-16
282.65        	1.135695e-16
282.7         	1.135695e-16
282.75        	1.135695e-16
282.8         	1.135695e-16
282.85        	1.135695e-16
282.9         	1.135695e-16
282.95        	1.135695e-16
283           	1.135695e-16
283.05        	1.135695e-16
283.1         	1.135695e-16
283.15        	1.135695e-16
283.2         	1.135695e-16
283.25        	1.135695e-16
283.3         	1.135695e-16
283.35        	1.135695e-16
283.4         	1.135695e-16
283.45        	1.135695e-16
283.5         	1.135695e-16
283.55        	1.135695e-16
283.6         	1.135695e-16
283.65        	1.135695e-16
283.7         	1.135695e-16
283.75        	1.135695e-16
283.8         	1.135695e-16
283.85        	1.135695e-16
283.9         	1.135695e-16
283.95        	1.135695e-16
284           	1.135695e-16
284.05        	1.135695e-16
284.1         	1.135695e-16
284.15        	1.135695e-16
284.2         	1.135695e-16
284.25        	1.135695e-16
284.3         	1.135695e-16
284.35        	1.135695e-16
284.4         	1.135695e-16
284.45        	1.135695e-16
284.5         	1.135695e-16
284.55        	1.135695e-16
284.6         	1.135695e-16
284.65        	1.135695e-16
284.7         	1.135695e-16
284.75        	1.135695e-16
284.8         	1.135695e-16
284.85        	1.135695e-16
284.9         	1.135695e-16
284.95        	1.135695e-16
285           	1.135695e-16
285.05        	1.135695e-16
285.1         	1.135695e-16
285.15        	1.135695e-16
285.2         	1.135695e-16
285.25        	1.135695e-16
285.3         	1.135695e-16
285.35        	1.135695e-16
285.4         	1.135695e-16
285.45        	1.135695e-16
285.5         	1.135695e-16
285.55        	1.135695e-16
285.6         	1.135695e-16
285.65        	1.135695e-16
285.7         	1.135695e-16
285.75        	1.135695e-16
285.8         	1.135695e-16
285.85        	1.135695e-16
285.9         	1.135695e-16
285.95        	1.135695e-16
286           	1.135695e-16
286.05        	1.135695e-16
286.1         	1.135695e-16
286.15        	1.135695e-16
286.2         	1.135695e-16
286.25        	1.135695e-16
286.3         	1.135695e-16
286.35        	1.135695e-16
286.4         	1.135695e-16
286.45        	1.135695e-16
286.5         	1.135695e-16
286.55        	1.135695e-16
286.6         	1.135695e-16
286.65        	1.135695e-16
286.7         	1.135695e-16
286.75        	1.135695e-16
286.8         	1.135695e-16
286.85        	1.135695e-16
286.9         	1.135695e-16
286.95        	1.135695e-16
287           	1.135695e-16
287.05        	1.135695e-16
287.1         	1.135695e-16
287.15        	1.135695e-16
287.2         	1.135695e-16
287.25        	1.135695e-16
287.3         	1.135695e-16
287.35        	1.135695e-16
287.4         	1.135695e-16
287.45        	1.135695e-16
287.5         	1.135695e-16
287.55        	1.135695e-16
287.6         	1.135695e-16
287.65        	1.135695e-16
287.7         	1.135695e-16
287.75        	1.135695e-16
287.8         	1.135695e-16
287.85        	1.135695e-16
287.9         	1.135695e-16
287.95        	1.135695e-16
288           	1.135695e-16
288.05        	1.135695e-16
288.1         	1.135695e-16
288.15        	1.135695e-16
288.2         	1.135695e-16
288.25        	1.135695e-16
288.3         	1.135695e-16
288.35        	1.135695e-16
288.4         	1.135695e-16
288.45        	1.135695e-16
288.5         	1.135695e-16
288.55        	1.135695e-16
288.6         	1.135695e-16
288.65        	1.135695e-16
288.7         	1.135695e-16
288.75        	1.135695e-16
288.8         	1.135695e-16
288.85        	1.135695e-16
288.9         	1.135695e-16
288.95        	1.135695e-16
289           	1.135695e-16
289.05        	1.135695e-16
289.1         	1.135695e-16
289.15        	1.135695e-16
289.2         	1.135695e-16
289.25        	1.135695e-16
289.3         	1.135695e-16
289.35        	1.135695e-16
289.4         	1.135695e-16
289.45        	1.135695e-16
289.5         	1.135695e-16
289.55        	1.135695e-16
289.6         	1.135695e-16
289.65        	1.135695e-16
289.7         	1.135695e-16
289.75        	1.135695e-16
289.8         	1.135695e-16
289.85        	1.135695e-16
289.9         	1.135695e-16
289.95        	1.135695e-16
290           	1.135695e-16
290.05        	1.135695e-16
290.1         	1.135695e-16
290.15        	1.135695e-16
290.2         	1.135695e-16
290.25        	1.135695e-16
290.3         	1.135695e-16
290.35        	1.135695e-16
290.4         	1.135695e-16
290.45        	1.135695e-16
290.5         	1.135695e-16
290.55        	1.135695e-16
290.6         	1.135695e-16
290.65        	1.135695e-16
290.7         	1.135695e-16
290.75        	1.135695e-16
290.8         	1.135695e-16
290.85        	1.135695e-16
290.9         	1.135695e-16
290.95        	1.135695e-16
291           	1.135695e-16
291.05        	1.135695e-16
291.1         	1.135695e-16
291.15        	1.135695e-16
291.2         	1.135695e-16
291.25        	1.135695e-16
291.3         	1.135695e-16
291.35        	1.135695e-16
291.4         	1.135695e-16
291.45        	1.135695e-16
291.5         	1.135695e-16
291.55        	1.135695e-16
291.6         	1.135695e-16
291.65        	1.135695e-16
291.7         	1.135695e-16
291.75        	1.135695e-16
291.8         	1.135695e-16
291.85        	1.135695e-16
291.9         	1.135695e-16
291.95        	1.135695e-16
292           	1.135695e-16
292.05        	1.135695e-16
292.1         	1.135695e-16
292.15        	1.135695e-16
292.2         	1.135695e-16
292.25        	1.135695e-16
292.3         	1.135695e-16
292.35        	1.135695e-16
292.4         	1.135695e-16
292.45        	1.135695e-16
292.5         	1.135695e-16
292.55        	1.135695e-16
292.6         	1.135695e-16
292.65        	1.135695e-16
292.7         	1.135695e-16
292.75        	1.135695e-16
292.8         	1.135695e-16
292.85        	1.135695e-16
292.9         	1.135695e-16
292.95        	1.135695e-16
293           	1.135695e-16
293.05        	1.135695e-16
293.1         	1.135695e-16
293.15        	1.135695e-16
293.2         	1.135695e-16
293.25        	1.135695e-16
293.3         	1.135695e-16
293.35        	1.135695e-16
293.4         	1.135695e-16
293.45        	1.135695e-16
293.5         	1.135695e-16
293.55        	1.135695e-16
293.6         	1.135695e-16
293.65        	1.135695e-16
293.7         	1.135695e-16
293.75        	1.135695e-16
293.8         	1.135695e-16
293.85        	1.135695e-16
293.9         	1.135695e-16
293.95        	1.135695e-16
294           	1.135695e-16
294.05        	1.135695e-16
294.1         	1.135695e-16
294.15        	1.135695e-16
294.2         	1.135695e-16
294.25        	1.135695e-16
294.3         	1.135695e-16
294.35        	1.135695e-16
294.4         	1.135695e-16
294.45        	1.135695e-16
294.5         	1.135695e-16
294.55        	1.135695e-16
294.6         	1.135695e-16
294.65        	1.135695e-16
294.7         	1.135695e-16
294.75        	1.135695e-16
294.8         	1.135695e-16
294.85        	1.135695e-16
294.9         	1.135695e-16
294.95        	1.135695e-16
295           	1.135695e-16
295.05        	1.135695e-16
295.1         	1.135695e-16
295.15        	1.135695e-16
295.2         	1.135695e-16
295.25        	1.135695e-16
295.3         	1.135695e-16
295.35        	1.135695e-16
295.4         	1.135695e-16
295.45        	1.135695e-16
295.5         	1.135695e-16
295.55        	1.135695e-16
295.6         	1.135695e-16
295.65        	1.135695e-16
295.7         	1.135695e-16
295.75        	1.135695e-16
295.8         	1.135695e-16
295.85        	1.135695e-16
295.9         	1.135695e-16
295.95        	1.135695e-16
296           	1.135695e-16
296.05        	1.135695e-16
296.1         	1.135695e-16
296.15        	1.135695e-16
296.2         	1.135695e-16
296.25        	1.135695e-16
296.3         	1.135695e-16
296.35        	1.135695e-16
296.4         	1.135695e-16
296.45        	1.135695e-16
296.5         	1.135695e-16
296.55        	1.135695e-16
296.6         	1.135695e-16
296.65        	1.135695e-16
296.7         	1.135695e-16
296.75        	1.135695e-16
296.8         	1.135695e-16
296.85        	1.135695e-16
296.9         	1.135695e-16
296.95        	1.135695e-16
297           	1.135695e-16
297.05        	1.135695e-16
297.1         	1.135695e-16
297.15        	1.135695e-16
297.2         	1.135695e-16
297.25        	1.135695e-16
297.3         	1.135695e-16
297.35        	1.135695e-16
297.4         	1.135695e-16
297.45        	1.135695e-16
297.5         	1.135695e-16
297.55        	1.135695e-16
297.6         	1.135695e-16
297.65        	1.135695e-16
297.7         	1.135695e-16
297.75        	1.135695e-16
297.8         	1.135695e-16
297.85        	1.135695e-16
297.9         	1.135695e-16
297.95        	1.135695e-16
298           	1.135695e-16
298.05        	1.135695e-16
298.1         	1.135695e-16
298.15        	1.135695e-16
298.2         	1.135695e-16
298.25        	1.135695e-16
298.3         	1.135695e-16
298.35        	1.135695e-16
298.4         	1.135695e-16
298.45        	1.135695e-16
298.5         	1.135695e-16
298.55        	1.135695e-16
298.6         	1.135695e-16
298.65        	1.135695e-16
298.7         	1.135695e-16
298.75        	1.135695e-16
298.8         	1.135695e-16
298.85        	1.135695e-16
298.9         	1.135695e-16
298.95        	1.135695e-16
299           	1.135695e-16
299.05        	1.135695e-16
299.1         	1.135695e-16
299.15        	1.135695e-16
299.2         	1.135695e-16
299.25        	1.135695e-16
299.3         	1.135695e-16
299.35        	1.135695e-16
299.4         	1.135695e-16
299.45        	1.135695e-16
299.5         	1.135695e-16
299.55        	1.135695e-16
299.6         	1.135695e-16
299.65        	1.135695e-16
299.7         	1.135695e-16
299.75        	1.135695e-16
299.8         	1.135695e-16
299.85        	1.135695e-16
299.9         	1.135695e-16
299.95        	1.135695e-16
300           	1.135695e-16
300.05        	1.135695e-16
300.1         	1.135695e-16
300.15        	1.135695e-16
300.2         	1.135695e-16
300.25        	1.135695e-16
300.3         	1.135695e-16
300.35        	1.135695e-16
300.4         	1.135695e-16
300.45        	1.135695e-16
300.5         	1.135695e-16
300.55        	1.135695e-16
300.6         	1.135695e-16
300.65        	1.135695e-16
300.7         	1.135695e-16
300.75        	1.135695e-16
300.8         	1.135695e-16
300.85        	1.135695e-16
300.9         	1.135695e-16
300.95        	1.135695e-16
301           	1.135695e-16
301.05        	1.135695e-16
301.1         	1.135695e-16
301.15        	1.135695e-16
301.2         	1.135695e-16
301.25        	1.135695e-16
301.3         	1.135695e-16
301.35        	1.135695e-16
301.4         	1.135695e-16
301.45        	1.135695e-16
301.5         	1.135695e-16
301.55        	1.135695e-16
301.6         	1.135695e-16
301.65        	1.135695e-16
301.7         	1.135695e-16
301.75        	1.135695e-16
301.8         	1.135695e-16
301.85        	1.135695e-16
301.9         	1.135695e-16
301.95        	1.135695e-16
302           	1.135695e-16
302.05        	1.135695e-16
302.1         	1.135695e-16
302.15        	1.135695e-16
302.2         	1.135695e-16
302.25        	1.135695e-16
302.3         	1.135695e-16
302.35        	1.135695e-16
302.4         	1.135695e-16
302.45        	1.135695e-16
302.5         	1.135695e-16
302.55        	1.135695e-16
302.6         	1.135695e-16
302.65        	1.135695e-16
302.7         	1.135695e-16
302.75        	1.135695e-16
302.8         	1.135695e-16
302.85        	1.135695e-16
302.9         	1.135695e-16
302.95        	1.135695e-16
303           	1.135695e-16
303.05        	1.135695e-16
303.1         	1.135695e-16
303.15        	1.135695e-16
303.2         	1.135695e-16
303.25        	1.135695e-16
303.3         	1.135695e-16
303.35        	1.135695e-16
303.4         	1.135695e-16
303.45        	1.135695e-16
303.5         	1.135695e-16
303.55        	1.135695e-16
303.6         	1.135695e-16
303.65        	1.135695e-16
303.7         	1.135695e-16
303.75        	1.135695e-16
303.8         	1.135695e-16
303.85        	1.135695e-16
303.9         	1.135695e-16
303.95        	1.135695e-16
304           	1.135695e-16
304.05        	1.135695e-16
304.1         	1.135695e-16
304.15        	1.135695e-16
304.2         	1.135695e-16
304.25        	1.135695e-16
304.3         	1.135695e-16
304.35        	1.135695e-16
304.4         	1.135695e-16
304.45        	1.135695e-16
304.5         	1.135695e-16
304.55        	1.135695e-16
304.6         	1.135695e-16
304.65        	1.135695e-16
304.7         	1.135695e-16
304.75        	1.135695e-16
304.8         	1.135695e-16
304.85        	1.135695e-16
304.9         	1.135695e-16
304.95        	1.135695e-16
305           	1.135695e-16
305.05        	1.135695e-16
305.1         	1.135695e-16
305.15        	1.135695e-16
305.2         	1.135695e-16
305.25        	1.135695e-16
305.3         	1.135695e-16
305.35        	1.135695e-16
305.4         	1.135695e-16
305.45        	1.135695e-16
305.5         	1.135695e-16
305.55        	1.135695e-16
305.6         	1.135695e-16
305.65        	1.135695e-16
305.7         	1.135695e-16
305.75        	1.135695e-16
305.8         	1.135695e-16
305.85        	1.135695e-16
305.9         	1.135695e-16
305.95        	1.135695e-16
306           	1.135695e-16
306.05        	1.135695e-16
306.1         	1.135695e-16
306.15        	1.135695e-16
306.2         	1.135695e-16
306.25        	1.135695e-16
306.3         	1.135695e-16
306.35        	1.135695e-16
306.4         	1.135695e-16
306.45        	1.135695e-16
306.5         	1.135695e-16
306.55        	1.135695e-16
306.6         	1.135695e-16
306.65        	1.135695e-16
306.7         	1.135695e-16
306.75        	1.135695e-16
306.8         	1.135695e-16
306.85        	1.135695e-16
306.9         	1.135695e-16
306.95        	1.135695e-16
307           	1.135695e-16
307.05        	1.135695e-16
307.1         	1.135695e-16
307.15        	1.135695e-16
307.2         	1.135695e-16
307.25        	1.135695e-16
307.3         	1.135695e-16
307.35        	1.135695e-16
307.4         	1.135695e-16
307.45        	1.135695e-16
307.5         	1.135695e-16
307.55        	1.135695e-16
307.6         	1.135695e-16
307.65        	1.135695e-16
307.7         	1.135695e-16
307.75        	1.135695e-16
307.8         	1.135695e-16
307.85        	1.135695e-16
307.9         	1.135695e-16
307.95        	1.135695e-16
308           	1.135695e-16
308.05        	1.135695e-16
308.1         	1.135695e-16
308.15        	1.135695e-16
308.2         	1.135695e-16
308.25        	1.135695e-16
308.3         	1.135695e-16
308.35        	1.135695e-16
308.4         	1.135695e-16
308.45        	1.135695e-16
308.5         	1.135695e-16
308.55        	1.135695e-16
308.6         	1.135695e-16
308.65        	1.135695e-16
308.7         	1.135695e-16
308.75        	1.135695e-16
308.8         	1.135695e-16
308.85        	1.135695e-16
308.9         	1.135695e-16
308.95        	1.135695e-16
309           	1.135695e-16
309.05        	1.135695e-16
309.1         	1.135695e-16
309.15        	1.135695e-16
309.2         	1.135695e-16
309.25        	1.135695e-16
309.3         	1.135695e-16
309.35        	1.135695e-16
309.4         	1.135695e-16
309.45        	1.135695e-16
309.5         	1.135695e-16
309.55        	1.135695e-16
309.6         	1.135695e-16
309.65        	1.135695e-16
309.7         	1.135695e-16
309.75        	1.135695e-16
309.8         	1.135695e-16
309.85        	1.135695e-16
309.9         	1.135695e-16
309.95        	1.135695e-16
310           	1.135695e-16
310.05        	1.135695e-16
310.1         	1.135695e-16
310.15        	1.135695e-16
310.2         	1.135695e-16
310.25        	1.135695e-16
310.3         	1.135695e-16
310.35        	1.135695e-16
310.4         	1.135695e-16
310.45        	1.135695e-16
310.5         	1.135695e-16
310.55        	1.135695e-16
310.6         	1.135695e-16
310.65        	1.135695e-16
310.7         	1.135695e-16
310.75        	1.135695e-16
310.8         	1.135695e-16
310.85        	1.135695e-16
310.9         	1.135695e-16
310.95        	1.135695e-16
311           	1.135695e-16
311.05        	1.135695e-16
311.1         	1.135695e-16
311.15        	1.135695e-16
311.2         	1.135695e-16
311.25        	1.135695e-16
311.3         	1.135695e-16
311.35        	1.135695e-16
311.4         	1.135695e-16
311.45        	1.135695e-16
311.5         	1.135695e-16
311.55        	1.135695e-16
311.6         	1.135695e-16
311.65        	1.135695e-16
311.7         	1.135695e-16
311.75        	1.135695e-16
311.8         	1.135695e-16
311.85        	1.135695e-16
311.9         	1.135695e-16
311.95        	1.135695e-16
312           	1.135695e-16
312.05        	1.135695e-16
312.1         	1.135695e-16
312.15        	1.135695e-16
312.2         	1.135695e-16
312.25        	1.135695e-16
312.3         	1.135695e-16
312.35        	1.135695e-16
312.4         	1.135695e-16
312.45        	1.135695e-16
312.5         	1.135695e-16
312.55        	1.135695e-16
312.6         	1.135695e-16
312.65        	1.135695e-16
312.7         	1.135695e-16
312.75        	1.135695e-16
312.8         	1.135695e-16
312.85        	1.135695e-16
312.9         	1.135695e-16
312.95        	1.135695e-16
313           	1.135695e-16
313.05        	1.135695e-16
313.1         	1.135695e-16
313.15        	1.135695e-16
313.2         	1.135695e-16
313.25        	1.135695e-16
313.3         	1.135695e-16
313.35        	1.135695e-16
313.4         	1.135695e-16
313.45        	1.135695e-16
313.5         	1.135695e-16
313.55        	1.135695e-16
313.6         	1.135695e-16
313.65        	1.135695e-16
313.7         	1.135695e-16
313.75        	1.135695e-16
313.8         	1.135695e-16
313.85        	1.135695e-16
313.9         	1.135695e-16
313.95        	1.135695e-16
314           	1.135695e-16
314.05        	1.135695e-16
314.1         	1.135695e-16
314.15        	1.135695e-16
314.2         	1.135695e-16
314.25        	1.135695e-16
314.3         	1.135695e-16
314.35        	1.135695e-16
314.4         	1.135695e-16
314.45        	1.135695e-16
314.5         	1.135695e-16
314.55        	1.135695e-16
314.6         	1.135695e-16
314.65        	1.135695e-16
314.7         	1.135695e-16
314.75        	1.135695e-16
314.8         	1.135695e-16
314.85        	1.135695e-16
314.9         	1.135695e-16
314.95        	1.135695e-16
315           	1.135695e-16
315.05        	1.135695e-16
315.1         	1.135695e-16
315.15        	1.135695e-16
315.2         	1.135695e-16
315.25        	1.135695e-16
315.3         	1.135695e-16
315.35        	1.135695e-16
315.4         	1.135695e-16
315.45        	1.135695e-16
315.5         	1.135695e-16
315.55        	1.135695e-16
315.6         	1.135695e-16
315.65        	1.135695e-16
315.7         	1.135695e-16
315.75        	1.135695e-16
315.8         	1.135695e-16
315.85        	1.135695e-16
315.9         	1.135695e-16
315.95        	1.135695e-16
316           	1.135695e-16
316.05        	1.135695e-16
316.1         	1.135695e-16
316.15        	1.135695e-16
316.2         	1.135695e-16
316.25        	1.135695e-16
316.3         	1.135695e-16
316.35        	1.135695e-16
316.4         	1.135695e-16
316.45        	1.135695e-16
316.5         	1.135695e-16
316.55        	1.135695e-16
316.6         	1.135695e-16
316.65        	1.135695e-16
316.7         	1.135695e-16
316.75        	1.135695e-16
316.8         	1.135695e-16
316.85        	1.135695e-16
316.9         	1.135695e-16
316.95        	1.135695e-16
317           	1.135695e-16
317.05        	1.135695e-16
317.1         	1.135695e-16
317.15        	1.135695e-16
317.2         	1.135695e-16
317.25        	1.135695e-16
317.3         	1.135695e-16
317.35        	1.135695e-16
317.4         	1.135695e-16
317.45        	1.135695e-16
317.5         	1.135695e-16
317.55        	1.135695e-16
317.6         	1.135695e-16
317.65        	1.135695e-16
317.7         	1.135695e-16
317.75        	1.135695e-16
317.8         	1.135695e-16
317.85        	1.135695e-16
317.9         	1.135695e-16
317.95        	1.135695e-16
318           	1.135695e-16
318.05        	1.135695e-16
318.1         	1.135695e-16
318.15        	1.135695e-16
318.2         	1.135695e-16
318.25        	1.135695e-16
318.3         	1.135695e-16
318.35        	1.135695e-16
318.4         	1.135695e-16
318.45        	1.135695e-16
318.5         	1.135695e-16
318.55        	1.135695e-16
318.6         	1.135695e-16
318.65        	1.135695e-16
318.7         	1.135695e-16
318.75        	1.135695e-16
318.8         	1.135695e-16
318.85        	1.135695e-16
318.9         	1.135695e-16
318.95        	1.135695e-16
319           	1.135695e-16
319.05        	1.135695e-16
319.1         	1.135695e-16
319.15        	1.135695e-16
319.2         	1.135695e-16
319.25        	1.135695e-16
319.3         	1.135695e-16
319.35        	1.135695e-16
319.4         	1.135695e-16
319.45        	1.135695e-16
319.5         	1.135695e-16
319.55        	1.135695e-16
319.6         	1.135695e-16
319.65        	1.135695e-16
319.7         	1.135695e-16
319.75        	1.135695e-16
319.8         	1.135695e-16
319.85        	1.135695e-16
319.9         	1.135695e-16
319.95        	1.135695e-16
320           	1.135695e-16
320.05        	1.135695e-16
320.1         	1.135695e-16
320.15        	1.135695e-16
320.2         	1.135695e-16
320.25        	1.135695e-16
320.3         	1.135695e-16
320.35        	1.135695e-16
320.4         	1.135695e-16
320.45        	1.135695e-16
320.5         	1.135695e-16
320.55        	1.135695e-16
320.6         	1.135695e-16
320.65        	1.135695e-16
320.7         	1.135695e-16
320.75        	1.135695e-16
320.8         	1.135695e-16
320.85        	1.135695e-16
320.9         	1.135695e-16
320.95        	1.135695e-16
321           	1.135695e-16
321.05        	1.135695e-16
321.1         	1.135695e-16
321.15        	1.135695e-16
321.2         	1.135695e-16
321.25        	1.135695e-16
321.3         	1.135695e-16
321.35        	1.135695e-16
321.4         	1.135695e-16
321.45        	1.135695e-16
321.5         	1.135695e-16
321.55        	1.135695e-16
321.6         	1.135695e-16
321.65        	1.135695e-16
321.7         	1.135695e-16
321.75        	1.135695e-16
321.8         	1.135695e-16
321.85        	1.135695e-16
321.9         	1.135695e-16
321.95        	1.135695e-16
322           	1.135695e-16
322.05        	1.135695e-16
322.1         	1.135695e-16
322.15        	1.135695e-16
322.2         	1.135695e-16
322.25        	1.135695e-16
322.3         	1.135695e-16
322.35        	1.135695e-16
322.4         	1.135695e-16
322.45        	1.135695e-16
322.5         	1.135695e-16
322.55        	1.135695e-16
322.6         	1.135695e-16
322.65        	1.135695e-16
322.7         	1.135695e-16
322.75        	1.135695e-16
322.8         	1.135695e-16
322.85        	1.135695e-16
322.9         	1.135695e-16
322.95        	1.135695e-16
323           	1.135695e-16
323.05        	1.135695e-16
323.1         	1.135695e-16
323.15        	1.135695e-16
323.2         	1.135695e-16
323.25        	1.135695e-16
323.3         	1.135695e-16
323.35        	1.135695e-16
323.4         	1.135695e-16
323.45        	1.135695e-16
323.5         	1.135695e-16
323.55        	1.135695e-16
323.6         	1.135695e-16
323.65        	1.135695e-16
323.7         	1.135695e-16
323.75        	1.135695e-16
323.8         	1.135695e-16
323.85        	1.135695e-16
323.9         	1.135695e-16
323.95        	1.135695e-16
324           	1.135695e-16
324.05        	1.135695e-16
324.1         	1.135695e-16
324.15        	1.135695e-16
324.2         	1.135695e-16
324.25        	1.135695e-16
324.3         	1.135695e-16
324.35        	1.135695e-16
324.4         	1.135695e-16
324.45        	1.135695e-16
324.5         	1.135695e-16
324.55        	1.135695e-16
324.6         	1.135695e-16
324.65        	1.135695e-16
324.7         	1.135695e-16
324.75        	1.135695e-16
324.8         	1.135695e-16
324.85        	1.135695e-16
324.9         	1.135695e-16
324.95        	1.135695e-16
325           	1.135695e-16
325.05        	1.135695e-16
325.1         	1.135695e-16
325.15        	1.135695e-16
325.2         	1.135695e-16
325.25        	1.135695e-16
325.3         	1.135695e-16
325.35        	1.135695e-16
325.4         	1.135695e-16
325.45        	1.135695e-16
325.5         	1.135695e-16
325.55        	1.135695e-16
325.6         	1.135695e-16
325.65        	1.135695e-16
325.7         	1.135695e-16
325.75        	1.135695e-16
325.8         	1.135695e-16
325.85        	1.135695e-16
325.9         	1.135695e-16
325.95        	1.135695e-16
326           	1.135695e-16
326.05        	1.135695e-16
326.1         	1.135695e-16
326.15        	1.135695e-16
326.2         	1.135695e-16
326.25        	1.135695e-16
326.3         	1.135695e-16
326.35        	1.135695e-16
326.4         	1.135695e-16
326.45        	1.135695e-16
326.5         	1.135695e-16
326.55        	1.135695e-16
326.6         	1.135695e-16
326.65        	1.135695e-16
326.7         	1.135695e-16
326.75        	1.135695e-16
326.8         	1.135695e-16
326.85        	1.135695e-16
326.9         	1.135695e-16
326.95        	1.135695e-16
327           	1.135695e-16
327.05        	1.135695e-16
327.1         	1.135695e-16
327.15        	1.135695e-16
327.2         	1.135695e-16
327.25        	1.135695e-16
327.3         	1.135695e-16
327.35        	1.135695e-16
327.4         	1.135695e-16
327.45        	1.135695e-16
327.5         	1.135695e-16
327.55        	1.135695e-16
327.6         	1.135695e-16
327.65        	1.135695e-16
327.7         	1.135695e-16
327.75        	1.135695e-16
327.8         	1.135695e-16
327.85        	1.135695e-16
327.9         	1.135695e-16
327.95        	1.135695e-16
328           	1.135695e-16
328.05        	1.135695e-16
328.1         	1.135695e-16
328.15        	1.135695e-16
328.2         	1.135695e-16
328.25        	1.135695e-16
328.3         	1.135695e-16
328.35        	1.135695e-16
328.4         	1.135695e-16
328.45        	1.135695e-16
328.5         	1.135695e-16
328.55        	1.135695e-16
328.6         	1.135695e-16
328.65        	1.135695e-16
328.7         	1.135695e-16
328.75        	1.135695e-16
328.8         	1.135695e-16
328.85        	1.135695e-16
328.9         	1.135695e-16
328.95        	1.135695e-16
329           	1.135695e-16
329.05        	1.135695e-16
329.1         	1.135695e-16
329.15        	1.135695e-16
329.2         	1.135695e-16
329.25        	1.135695e-16
329.3         	1.135695e-16
329.35        	1.135695e-16
329.4         	1.135695e-16
329.45        	1.135695e-16
329.5         	1.135695e-16
329.55        	1.135695e-16
329.6         	1.135695e-16
329.65        	1.135695e-16
329.7         	1.135695e-16
329.75        	1.135695e-16
329.8         	1.135695e-16
329.85        	1.135695e-16
329.9         	1.135695e-16
329.95        	1.135695e-16
330           	1.135695e-16
330.05        	1.135695e-16
330.1         	1.135695e-16
330.15        	1.135695e-16
330.2         	1.135695e-16
330.25        	1.135695e-16
330.3         	1.135695e-16
330.35        	1.135695e-16
330.4         	1.135695e-16
330.45        	1.135695e-16
330.5         	1.135695e-16
330.55        	1.135695e-16
330.6         	1.135695e-16
330.65        	1.135695e-16
330.7         	1.135695e-16
330.75        	1.135695e-16
330.8         	1.135695e-16
330.85        	1.135695e-16
330.9         	1.135695e-16
330.95        	1.135695e-16
331           	1.135695e-16
331.05        	1.135695e-16
331.1         	1.135695e-16
331.15        	1.135695e-16
331.2         	1.135695e-16
331.25        	1.135695e-16
331.3         	1.135695e-16
331.35        	1.135695e-16
331.4         	1.135695e-16
331.45        	1.135695e-16
331.5         	1.135695e-16
331.55        	1.135695e-16
331.6         	1.135695e-16
331.65        	1.135695e-16
331.7         	1.135695e-16
331.75        	1.135695e-16
331.8         	1.135695e-16
331.85        	1.135695e-16
331.9         	1.135695e-16
331.95        	1.135695e-16
332           	1.135695e-16
332.05        	1.135695e-16
332.1         	1.135695e-16
332.15        	1.135695e-16
332.2         	1.135695e-16
332.25        	1.135695e-16
332.3         	1.135695e-16
332.35        	1.135695e-16
332.4         	1.135695e-16
332.45        	1.135695e-16
332.5         	1.135695e-16
332.55        	1.135695e-16
332.6         	1.135695e-16
332.65        	1.135695e-16
332.7         	1.135695e-16
332.75        	1.135695e-16
332.8         	1.135695e-16
332.85        	1.135695e-16
332.9         	1.135695e-16
332.95        	1.135695e-16
333           	1.135695e-16
333.05        	1.135695e-16
333.1         	1.135695e-16
333.15        	1.135695e-16
333.2         	1.135695e-16
333.25        	1.135695e-16
333.3         	1.135695e-16
333.35        	1.135695e-16
333.4         	1.135695e-16
333.45        	1.135695e-16
333.5         	1.135695e-16
333.55        	1.135695e-16
333.6         	1.135695e-16
333.65        	1.135695e-16
333.7         	1.135695e-16
333.75        	1.135695e-16
333.8         	1.135695e-16
333.85        	1.135695e-16
333.9         	1.135695e-16
333.95        	1.135695e-16
334           	1.135695e-16
334.05        	1.135695e-16
334.1         	1.135695e-16
334.15        	1.135695e-16
334.2         	1.135695e-16
334.25        	1.135695e-16
334.3         	1.135695e-16
334.35        	1.135695e-16
334.4         	1.135695e-16
334.45        	1.135695e-16
334.5         	1.135695e-16
334.55        	1.135695e-16
334.6         	1.135695e-16
334.65        	1.135695e-16
334.7         	1.135695e-16
334.75        	1.135695e-16
334.8         	1.135695e-16
334.85        	1.135695e-16
334.9         	1.135695e-16
334.95        	1.135695e-16
335           	1.135695e-16
335.05        	1.135695e-16
335.1         	1.135695e-16
335.15        	1.135695e-16
335.2         	1.135695e-16
335.25        	1.135695e-16
335.3         	1.135695e-16
335.35        	1.135695e-16
335.4         	1.135695e-16
335.45        	1.135695e-16
335.5         	1.135695e-16
335.55        	1.135695e-16
335.6         	1.135695e-16
335.65        	1.135695e-16
335.7         	1.135695e-16
335.75        	1.135695e-16
335.8         	1.135695e-16
335.85        	1.135695e-16
335.9         	1.135695e-16
335.95        	1.135695e-16
336           	1.135695e-16
336.05        	1.135695e-16
336.1         	1.135695e-16
336.15        	1.135695e-16
336.2         	1.135695e-16
336.25        	1.135695e-16
336.3         	1.135695e-16
336.35        	1.135695e-16
336.4         	1.135695e-16
336.45        	1.135695e-16
336.5         	1.135695e-16
336.55        	1.135695e-16
336.6         	1.135695e-16
336.65        	1.135695e-16
336.7         	1.135695e-16
336.75        	1.135695e-16
336.8         	1.135695e-16
336.85        	1.135695e-16
336.9         	1.135695e-16
336.95        	1.135695e-16
337           	1.135695e-16
337.05        	1.135695e-16
337.1         	1.135695e-16
337.15        	1.135695e-16
337.2         	1.135695e-16
337.25        	1.135695e-16
337.3         	1.135695e-16
337.35        	1.135695e-16
337.4         	1.135695e-16
337.45        	1.135695e-16
337.5         	1.135695e-16
337.55        	1.135695e-16
337.6         	1.135695e-16
337.65        	1.135695e-16
337.7         	1.135695e-16
337.75        	1.135695e-16
337.8         	1.135695e-16
337.85        	1.135695e-16
337.9         	1.135695e-16
337.95        	1.135695e-16
338           	1.135695e-16
338.05        	1.135695e-16
338.1         	1.135695e-16
338.15        	1.135695e-16
338.2         	1.135695e-16
338.25        	1.135695e-16
338.3         	1.135695e-16
338.35        	1.135695e-16
338.4         	1.135695e-16
338.45        	1.135695e-16
338.5         	1.135695e-16
338.55        	1.135695e-16
338.6         	1.135695e-16
338.65        	1.135695e-16
338.7         	1.135695e-16
338.75        	1.135695e-16
338.8         	1.135695e-16
338.85        	1.135695e-16
338.9         	1.135695e-16
338.95        	1.135695e-16
339           	1.135695e-16
339.05        	1.135695e-16
339.1         	1.135695e-16
339.15        	1.135695e-16
339.2         	1.135695e-16
339.25        	1.135695e-16
339.3         	1.135695e-16
339.35        	1.135695e-16
339.4         	1.135695e-16
339.45        	1.135695e-16
339.5         	1.135695e-16
339.55        	1.135695e-16
339.6         	1.135695e-16
339.65        	1.135695e-16
339.7         	1.135695e-16
339.75        	1.135695e-16
339.8         	1.135695e-16
339.85        	1.135695e-16
339.9         	1.135695e-16
339.95        	1.135695e-16
340           	1.135695e-16
340.05        	1.135695e-16
340.1         	1.135695e-16
340.15        	1.135695e-16
340.2         	1.135695e-16
340.25        	1.135695e-16
340.3         	1.135695e-16
340.35        	1.135695e-16
340.4         	1.135695e-16
340.45        	1.135695e-16
340.5         	1.135695e-16
340.55        	1.135695e-16
340.6         	1.135695e-16
340.65        	1.135695e-16
340.7         	1.135695e-16
340.75        	1.135695e-16
340.8         	1.135695e-16
340.85        	1.135695e-16
340.9         	1.135695e-16
340.95        	1.135695e-16
341           	1.135695e-16
341.05        	1.135695e-16
341.1         	1.135695e-16
341.15        	1.135695e-16
341.2         	1.135695e-16
341.25        	1.135695e-16
341.3         	1.135695e-16
341.35        	1.135695e-16
341.4         	1.135695e-16
341.45        	1.135695e-16
341.5         	1.135695e-16
341.55        	1.135695e-16
341.6         	1.135695e-16
341.65        	1.135695e-16
341.7         	1.135695e-16
341.75        	1.135695e-16
341.8         	1.135695e-16
341.85        	1.135695e-16
341.9         	1.135695e-16
341.95        	1.135695e-16
342           	1.135695e-16
342.05        	1.135695e-16
342.1         	1.135695e-16
342.15        	1.135695e-16
342.2         	1.135695e-16
342.25        	1.135695e-16
342.3         	1.135695e-16
342.35        	1.135695e-16
342.4         	1.135695e-16
342.45        	1.135695e-16
342.5         	1.135695e-16
342.55        	1.135695e-16
342.6         	1.135695e-16
342.65        	1.135695e-16
342.7         	1.135695e-16
342.75        	1.135695e-16
342.8         	1.135695e-16
342.85        	1.135695e-16
342.9         	1.135695e-16
342.95        	1.135695e-16
343           	1.135695e-16
343.05        	1.135695e-16
343.1         	1.135695e-16
343.15        	1.135695e-16
343.2         	1.135695e-16
343.25        	1.135695e-16
343.3         	1.135695e-16
343.35        	1.135695e-16
343.4         	1.135695e-16
343.45        	1.135695e-16
343.5         	1.135695e-16
343.55        	1.135695e-16
343.6         	1.135695e-16
343.65        	1.135695e-16
343.7         	1.135695e-16
343.75        	1.135695e-16
343.8         	1.135695e-16
343.85        	1.135695e-16
343.9         	1.135695e-16
343.95        	1.135695e-16
344           	1.135695e-16
344.05        	1.135695e-16
344.1         	1.135695e-16
344.15        	1.135695e-16
344.2         	1.135695e-16
344.25        	1.135695e-16
344.3         	1.135695e-16
344.35        	1.135695e-16
344.4         	1.135695e-16
344.45        	1.135695e-16
344.5         	1.135695e-16
344.55        	1.135695e-16
344.6         	1.135695e-16
344.65        	1.135695e-16
344.7         	1.135695e-16
344.75        	1.135695e-16
344.8         	1.135695e-16
344.85        	1.135695e-16
344.9         	1.135695e-16
344.95        	1.135695e-16
345           	1.135695e-16
345.05        	1.135695e-16
345.1         	1.135695e-16
345.15        	1.135695e-16
345.2         	1.135695e-16
345.25        	1.135695e-16
345.3         	1.135695e-16
345.35        	1.135695e-16
345.4         	1.135695e-16
345.45        	1.135695e-16
345.5         	1.135695e-16
345.55        	1.135695e-16
345.6         	1.135695e-16
345.65        	1.135695e-16
345.7         	1.135695e-16
345.75        	1.135695e-16
345.8         	1.135695e-16
345.85        	1.135695e-16
345.9         	1.135695e-16
345.95        	1.135695e-16
346           	1.135695e-16
346.05        	1.135695e-16
346.1         	1.135695e-16
346.15        	1.135695e-16
346.2         	1.135695e-16
346.25        	1.135695e-16
346.3         	1.135695e-16
346.35        	1.135695e-16
346.4         	1.135695e-16
346.45        	1.135695e-16
346.5         	1.135695e-16
346.55        	1.135695e-16
346.6         	1.135695e-16
346.65        	1.135695e-16
346.7         	1.135695e-16
346.75        	1.135695e-16
346.8         	1.135695e-16
346.85        	1.135695e-16
346.9         	1.135695e-16
346.95        	1.135695e-16
347           	1.135695e-16
347.05        	1.135695e-16
347.1         	1.135695e-16
347.15        	1.135695e-16
347.2         	1.135695e-16
347.25        	1.135695e-16
347.3         	1.135695e-16
347.35        	1.135695e-16
347.4         	1.135695e-16
347.45        	1.135695e-16
347.5         	1.135695e-16
347.55        	1.135695e-16
347.6         	1.135695e-16
347.65        	1.135695e-16
347.7         	1.135695e-16
347.75        	1.135695e-16
347.8         	1.135695e-16
347.85        	1.135695e-16
347.9         	1.135695e-16
347.95        	1.135695e-16
348           	1.135695e-16
348.05        	1.135695e-16
348.1         	1.135695e-16
348.15        	1.135695e-16
348.2         	1.135695e-16
348.25        	1.135695e-16
348.3         	1.135695e-16
348.35        	1.135695e-16
348.4         	1.135695e-16
348.45        	1.135695e-16
348.5         	1.135695e-16
348.55        	1.135695e-16
348.6         	1.135695e-16
348.65        	1.135695e-16
348.7         	1.135695e-16
348.75        	1.135695e-16
348.8         	1.135695e-16
348.85        	1.135695e-16
348.9         	1.135695e-16
348.95        	1.135695e-16
349           	1.135695e-16
349.05        	1.135695e-16
349.1         	1.135695e-16
349.15        	1.135695e-16
349.2         	1.135695e-16
349.25        	1.135695e-16
349.3         	1.135695e-16
349.35        	1.135695e-16
349.4         	1.135695e-16
349.45        	1.135695e-16
349.5         	1.135695e-16
349.55        	1.135695e-16
349.6         	1.135695e-16
349.65        	1.135695e-16
349.7         	1.135695e-16
349.75        	1.135695e-16
349.8         	1.135695e-16
349.85        	1.135695e-16
349.9         	1.135695e-16
349.95        	1.135695e-16
350           	1.135695e-16
350.05        	1.135695e-16
350.1         	1.135695e-16
350.15        	1.135695e-16
350.2         	1.135695e-16
350.25        	1.135695e-16
350.3         	1.135695e-16
350.35        	1.135695e-16
350.4         	1.135695e-16
350.45        	1.135695e-16
350.5         	1.135695e-16
350.55        	1.135695e-16
350.6         	1.135695e-16
350.65        	1.135695e-16
350.7         	1.135695e-16
350.75        	1.135695e-16
350.8         	1.135695e-16
350.85        	1.135695e-16
350.9         	1.135695e-16
350.95        	1.135695e-16
351           	1.135695e-16
351.05        	1.135695e-16
351.1         	1.135695e-16
351.15        	1.135695e-16
351.2         	1.135695e-16
351.25        	1.135695e-16
351.3         	1.135695e-16
351.35        	1.135695e-16
351.4         	1.135695e-16
351.45        	1.135695e-16
351.5         	1.135695e-16
351.55        	1.135695e-16
351.6         	1.135695e-16
351.65        	1.135695e-16
351.7         	1.135695e-16
351.75        	1.135695e-16
351.8         	1.135695e-16
351.85        	1.135695e-16
351.9         	1.135695e-16
351.95        	1.135695e-16
352           	1.135695e-16
352.05        	1.135695e-16
352.1         	1.135695e-16
352.15        	1.135695e-16
352.2         	1.135695e-16
352.25        	1.135695e-16
352.3         	1.135695e-16
352.35        	1.135695e-16
352.4         	1.135695e-16
352.45        	1.135695e-16
352.5         	1.135695e-16
352.55        	1.135695e-16
352.6         	1.135695e-16
352.65        	1.135695e-16
352.7         	1.135695e-16
352.75        	1.135695e-16
352.8         	1.135695e-16
352.85        	1.135695e-16
352.9         	1.135695e-16
352.95        	1.135695e-16
353           	1.135695e-16
353.05        	1.135695e-16
353.1         	1.135695e-16
353.15        	1.135695e-16
353.2         	1.135695e-16
353.25        	1.135695e-16
353.3         	1.135695e-16
353.35        	1.135695e-16
353.4         	1.135695e-16
353.45        	1.135695e-16
353.5         	1.135695e-16
353.55        	1.135695e-16
353.6         	1.135695e-16
353.65        	1.135695e-16
353.7         	1.135695e-16
353.75        	1.135695e-16
353.8         	1.135695e-16
353.85        	1.135695e-16
353.9         	1.135695e-16
353.95        	1.135695e-16
354           	1.135695e-16
354.05        	1.135695e-16
354.1         	1.135695e-16
354.15        	1.135695e-16
354.2         	1.135695e-16
354.25        	1.135695e-16
354.3         	1.135695e-16
354.35        	1.135695e-16
354.4         	1.135695e-16
354.45        	1.135695e-16
354.5         	1.135695e-16
354.55        	1.135695e-16
354.6         	1.135695e-16
354.65        	1.135695e-16
354.7         	1.135695e-16
354.75        	1.135695e-16
354.8         	1.135695e-16
354.85        	1.135695e-16
354.9         	1.135695e-16
354.95        	1.135695e-16
355           	1.135695e-16
355.05        	1.135695e-16
355.1         	1.135695e-16
355.15        	1.135695e-16
355.2         	1.135695e-16
355.25        	1.135695e-16
355.3         	1.135695e-16
355.35        	1.135695e-16
355.4         	1.135695e-16
355.45        	1.135695e-16
355.5         	1.135695e-16
355.55        	1.135695e-16
355.6         	1.135695e-16
355.65        	1.135695e-16
355.7         	1.135695e-16
355.75        	1.135695e-16
355.8         	1.135695e-16
355.85        	1.135695e-16
355.9         	1.135695e-16
355.95        	1.135695e-16
356           	1.135695e-16
356.05        	1.135695e-16
356.1         	1.135695e-16
356.15        	1.135695e-16
356.2         	1.135695e-16
356.25        	1.135695e-16
356.3         	1.135695e-16
356.35        	1.135695e-16
356.4         	1.135695e-16
356.45        	1.135695e-16
356.5         	1.135695e-16
356.55        	1.135695e-16
356.6         	1.135695e-16
356.65        	1.135695e-16
356.7         	1.135695e-16
356.75        	1.135695e-16
356.8         	1.135695e-16
356.85        	1.135695e-16
356.9         	1.135695e-16
356.95        	1.135695e-16
357           	1.135695e-16
357.05        	1.135695e-16
357.1         	1.135695e-16
357.15        	1.135695e-16
357.2         	1.135695e-16
357.25        	1.135695e-16
357.3         	1.135695e-16
357.35        	1.135695e-16
357.4         	1.135695e-16
357.45        	1.135695e-16
357.5         	1.135695e-16
357.55        	1.135695e-16
357.6         	1.135695e-16
357.65        	1.135695e-16
357.7         	1.135695e-16
357.75        	1.135695e-16
357.8         	1.135695e-16
357.85        	1.135695e-16
357.9         	1.135695e-16
357.95        	1.135695e-16
358           	1.135695e-16
358.05        	1.135695e-16
358.1         	1.135695e-16
358.15        	1.135695e-16
358.2         	1.135695e-16
358.25        	1.135695e-16
358.3         	1.135695e-16
358.35        	1.135695e-16
358.4         	1.135695e-16
358.45        	1.135695e-16
358.5         	1.135695e-16
358.55        	1.135695e-16
358.6         	1.135695e-16
358.65        	1.135695e-16
358.7         	1.135695e-16
358.75        	1.135695e-16
358.8         	1.135695e-16
358.85        	1.135695e-16
358.9         	1.135695e-16
358.95        	1.135695e-16
359           	1.135695e-16
359.05        	1.135695e-16
359.1         	1.135695e-16
359.15        	1.135695e-16
359.2         	1.135695e-16
359.25        	1.135695e-16
359.3         	1.135695e-16
359.35        	1.135695e-16
359.4         	1.135695e-16
359.45        	1.135695e-16
359.5         	1.135695e-16
359.55        	1.135695e-16
359.6         	1.135695e-16
359.65        	1.135695e-16
359.7         	1.135695e-16
359.75        	1.135695e-16
359.8         	1.135695e-16
359.85        	1.135695e-16
359.9         	1.135695e-16
359.95        	1.135695e-16
360           	1.135695e-16
360.05        	1.135695e-16
360.1         	1.135695e-16
360.15        	1.135695e-16
360.2         	1.135695e-16
360.25        	1.135695e-16
360.3         	1.135695e-16
360.35        	1.135695e-16
360.4         	1.135695e-16
360.45        	1.135695e-16
360.5         	1.135695e-16
360.55        	1.135695e-16
360.6         	1.135695e-16
360.65        	1.135695e-16
360.7         	1.135695e-16
360.75        	1.135695e-16
360.8         	1.135695e-16
360.85        	1.135695e-16
360.9         	1.135695e-16
360.95        	1.135695e-16
361           	1.135695e-16
361.05        	1.135695e-16
361.1         	1.135695e-16
361.15        	1.135695e-16
361.2         	1.135695e-16
361.25        	1.135695e-16
361.3         	1.135695e-16
361.35        	1.135695e-16
361.4         	1.135695e-16
361.45        	1.135695e-16
361.5         	1.135695e-16
361.55        	1.135695e-16
361.6         	1.135695e-16
361.65        	1.135695e-16
361.7         	1.135695e-16
361.75        	1.135695e-16
361.8         	1.135695e-16
361.85        	1.135695e-16
361.9         	1.135695e-16
361.95        	1.135695e-16
362           	1.135695e-16
362.05        	1.135695e-16
362.1         	1.135695e-16
362.15        	1.135695e-16
362.2         	1.135695e-16
362.25        	1.135695e-16
362.3         	1.135695e-16
362.35        	1.135695e-16
362.4         	1.135695e-16
362.45        	1.135695e-16
362.5         	1.135695e-16
362.55        	1.135695e-16
362.6         	1.135695e-16
362.65        	1.135695e-16
362.7         	1.135695e-16
362.75        	1.135695e-16
362.8         	1.135695e-16
362.85        	1.135695e-16
362.9         	1.135695e-16
362.95        	1.135695e-16
363           	1.135695e-16
363.05        	1.135695e-16
363.1         	1.135695e-16
363.15        	1.135695e-16
363.2         	1.135695e-16
363.25        	1.135695e-16
363.3         	1.135695e-16
363.35        	1.135695e-16
363.4         	1.135695e-16
363.45        	1.135695e-16
363.5         	1.135695e-16
363.55        	1.135695e-16
363.6         	1.135695e-16
363.65        	1.135695e-16
363.7         	1.135695e-16
363.75        	1.135695e-16
363.8         	1.135695e-16
363.85        	1.135695e-16
363.9         	1.135695e-16
363.95        	1.135695e-16
364           	1.135695e-16
364.05        	1.135695e-16
364.1         	1.135695e-16
364.15        	1.135695e-16
364.2         	1.135695e-16
364.25        	1.135695e-16
364.3         	1.135695e-16
364.35        	1.135695e-16
364.4         	1.135695e-16
364.45        	1.135695e-16
364.5         	1.135695e-16
364.55        	1.135695e-16
364.6         	1.135695e-16
364.65        	1.135695e-16
364.7         	1.135695e-16
364.75        	1.135695e-16
364.8         	1.135695e-16
364.85        	1.135695e-16
364.9         	1.135695e-16
364.95        	1.135695e-16
365           	1.135695e-16
365.05        	1.135695e-16
365.1         	1.135695e-16
365.15        	1.135695e-16
365.2         	1.135695e-16
365.25        	1.135695e-16
365.3         	1.135695e-16
365.35        	1.135695e-16
365.4         	1.135695e-16
365.45        	1.135695e-16
365.5         	1.135695e-16
365.55        	1.135695e-16
365.6         	1.135695e-16
365.65        	1.135695e-16
365.7         	1.135695e-16
365.75        	1.135695e-16
365.8         	1.135695e-16
365.85        	1.135695e-16
365.9         	1.135695e-16
365.95        	1.135695e-16
366           	1.135695e-16
366.05        	1.135695e-16
366.1         	1.135695e-16
366.15        	1.135695e-16
366.2         	1.135695e-16
366.25        	1.135695e-16
366.3         	1.135695e-16
366.35        	1.135695e-16
366.4         	1.135695e-16
366.45        	1.135695e-16
366.5         	1.135695e-16
366.55        	1.135695e-16
366.6         	1.135695e-16
366.65        	1.135695e-16
366.7         	1.135695e-16
366.75        	1.135695e-16
366.8         	1.135695e-16
366.85        	1.135695e-16
366.9         	1.135695e-16
366.95        	1.135695e-16
367           	1.135695e-16
367.05        	1.135695e-16
367.1         	1.135695e-16
367.15        	1.135695e-16
367.2         	1.135695e-16
367.25        	1.135695e-16
367.3         	1.135695e-16
367.35        	1.135695e-16
367.4         	1.135695e-16
367.45        	1.135695e-16
367.5         	1.135695e-16
367.55        	1.135695e-16
367.6         	1.135695e-16
367.65        	1.135695e-16
367.7         	1.135695e-16
367.75        	1.135695e-16
367.8         	1.135695e-16
367.85        	1.135695e-16
367.9         	1.135695e-16
367.95        	1.135695e-16
368           	1.135695e-16
368.05        	1.135695e-16
368.1         	1.135695e-16
368.15        	1.135695e-16
368.2         	1.135695e-16
368.25        	1.135695e-16
368.3         	1.135695e-16
368.35        	1.135695e-16
368.4         	1.135695e-16
368.45        	1.135695e-16
368.5         	1.135695e-16
368.55        	1.135695e-16
368.6         	1.135695e-16
368.65        	1.135695e-16
368.7         	1.135695e-16
368.75        	1.135695e-16
368.8         	1.135695e-16
368.85        	1.135695e-16
368.9         	1.135695e-16
368.95        	1.135695e-16
369           	1.135695e-16
369.05        	1.135695e-16
369.1         	1.135695e-16
369.15        	1.135695e-16
369.2         	1.135695e-16
369.25        	1.135695e-16
369.3         	1.135695e-16
369.35        	1.135695e-16
369.4         	1.135695e-16
369.45        	1.135695e-16
369.5         	1.135695e-16
369.55        	1.135695e-16
369.6         	1.135695e-16
369.65        	1.135695e-16
369.7         	1.135695e-16
369.75        	1.135695e-16
369.8         	1.135695e-16
369.85        	1.135695e-16
369.9         	1.135695e-16
369.95        	1.135695e-16
370           	1.135695e-16
370.05        	1.135695e-16
370.1         	1.135695e-16
370.15        	1.135695e-16
370.2         	1.135695e-16
370.25        	1.135695e-16
370.3         	1.135695e-16
370.35        	1.135695e-16
370.4         	1.135695e-16
370.45        	1.135695e-16
370.5         	1.135695e-16
370.55        	1.135695e-16
370.6         	1.135695e-16
370.65        	1.135695e-16
370.7         	1.135695e-16
370.75        	1.135695e-16
370.8         	1.135695e-16
370.85        	1.135695e-16
370.9         	1.135695e-16
370.95        	1.135695e-16
371           	1.135695e-16
371.05        	1.135695e-16
371.1         	1.135695e-16
371.15        	1.135695e-16
371.2         	1.135695e-16
371.25        	1.135695e-16
371.3         	1.135695e-16
371.35        	1.135695e-16
371.4         	1.135695e-16
371.45        	1.135695e-16
371.5         	1.135695e-16
371.55        	1.135695e-16
371.6         	1.135695e-16
371.65        	1.135695e-16
371.7         	1.135695e-16
371.75        	1.135695e-16
371.8         	1.135695e-16
371.85        	1.135695e-16
371.9         	1.135695e-16
371.95        	1.135695e-16
372           	1.135695e-16
372.05        	1.135695e-16
372.1         	1.135695e-16
372.15        	1.135695e-16
372.2         	1.135695e-16
372.25        	1.135695e-16
372.3         	1.135695e-16
372.35        	1.135695e-16
372.4         	1.135695e-16
372.45        	1.135695e-16
372.5         	1.135695e-16
372.55        	1.135695e-16
372.6         	1.135695e-16
372.65        	1.135695e-16
372.7         	1.135695e-16
372.75        	1.135695e-16
372.8         	1.135695e-16
372.85        	1.135695e-16
372.9         	1.135695e-16
372.95        	1.135695e-16
373           	1.135695e-16
373.05        	1.135695e-16
373.1         	1.135695e-16
373.15        	1.135695e-16
373.2         	1.135695e-16
373.25        	1.135695e-16
373.3         	1.135695e-16
373.35        	1.135695e-16
373.4         	1.135695e-16
373.45        	1.135695e-16
373.5         	1.135695e-16
373.55        	1.135695e-16
373.6         	1.135695e-16
373.65        	1.135695e-16
373.7         	1.135695e-16
373.75        	1.135695e-16
373.8         	1.135695e-16
373.85        	1.135695e-16
373.9         	1.135695e-16
373.95        	1.135695e-16
374           	1.135695e-16
374.05        	1.135695e-16
374.1         	1.135695e-16
374.15        	1.135695e-16
374.2         	1.135695e-16
374.25        	1.135695e-16
374.3         	1.135695e-16
374.35        	1.135695e-16
374.4         	1.135695e-16
374.45        	1.135695e-16
374.5         	1.135695e-16
374.55        	1.135695e-16
374.6         	1.135695e-16
374.65        	1.135695e-16
374.7         	1.135695e-16
374.75        	1.135695e-16
374.8         	1.135695e-16
374.85        	1.135695e-16
374.9         	1.135695e-16
374.95        	1.135695e-16
375           	1.135695e-16
375.05        	1.135695e-16
375.1         	1.135695e-16
375.15        	1.135695e-16
375.2         	1.135695e-16
375.25        	1.135695e-16
375.3         	1.135695e-16
375.35        	1.135695e-16
375.4         	1.135695e-16
375.45        	1.135695e-16
375.5         	1.135695e-16
375.55        	1.135695e-16
375.6         	1.135695e-16
375.65        	1.135695e-16
375.7         	1.135695e-16
375.75        	1.135695e-16
375.8         	1.135695e-16
375.85        	1.135695e-16
375.9         	1.135695e-16
375.95        	1.135695e-16
376           	1.135695e-16
376.05        	1.135695e-16
376.1         	1.135695e-16
376.15        	1.135695e-16
376.2         	1.135695e-16
376.25        	1.135695e-16
376.3         	1.135695e-16
376.35        	1.135695e-16
376.4         	1.135695e-16
376.45        	1.135695e-16
376.5         	1.135695e-16
376.55        	1.135695e-16
376.6         	1.135695e-16
376.65        	1.135695e-16
376.7         	1.135695e-16
376.75        	1.135695e-16
376.8         	1.135695e-16
376.85        	1.135695e-16
376.9         	1.135695e-16
376.95        	1.135695e-16
377           	1.135695e-16
377.05        	1.135695e-16
377.1         	1.135695e-16
377.15        	1.135695e-16
377.2         	1.135695e-16
377.25        	1.135695e-16
377.3         	1.135695e-16
377.35        	1.135695e-16
377.4         	1.135695e-16
377.45        	1.135695e-16
377.5         	1.135695e-16
377.55        	1.135695e-16
377.6         	1.135695e-16
377.65        	1.135695e-16
377.7         	1.135695e-16
377.75        	1.135695e-16
377.8         	1.135695e-16
377.85        	1.135695e-16
377.9         	1.135695e-16
377.95        	1.135695e-16
378           	1.135695e-16
378.05        	1.135695e-16
378.1         	1.135695e-16
378.15        	1.135695e-16
378.2         	1.135695e-16
378.25        	1.135695e-16
378.3         	1.135695e-16
378.35        	1.135695e-16
378.4         	1.135695e-16
378.45        	1.135695e-16
378.5         	1.135695e-16
378.55        	1.135695e-16
378.6         	1.135695e-16
378.65        	1.135695e-16
378.7         	1.135695e-16
378.75        	1.135695e-16
378.8         	1.135695e-16
378.85        	1.135695e-16
378.9         	1.135695e-16
378.95        	1.135695e-16
379           	1.135695e-16
379.05        	1.135695e-16
379.1         	1.135695e-16
379.15        	1.135695e-16
379.2         	1.135695e-16
379.25        	1.135695e-16
379.3         	1.135695e-16
379.35        	1.135695e-16
379.4         	1.135695e-16
379.45        	1.135695e-16
379.5         	1.135695e-16
379.55        	1.135695e-16
379.6         	1.135695e-16
379.65        	1.135695e-16
379.7         	1.135695e-16
379.75        	1.135695e-16
379.8         	1.135695e-16
379.85        	1.135695e-16
379.9         	1.135695e-16
379.95        	1.135695e-16
380           	1.135695e-16
380.05        	1.135695e-16
380.1         	1.135695e-16
380.15        	1.135695e-16
380.2         	1.135695e-16
380.25        	1.135695e-16
380.3         	1.135695e-16
380.35        	1.135695e-16
380.4         	1.135695e-16
380.45        	1.135695e-16
380.5         	1.135695e-16
380.55        	1.135695e-16
380.6         	1.135695e-16
380.65        	1.135695e-16
380.7         	1.135695e-16
380.75        	1.135695e-16
380.8         	1.135695e-16
380.85        	1.135695e-16
380.9         	1.135695e-16
380.95        	1.135695e-16
381           	1.135695e-16
381.05        	1.135695e-16
381.1         	1.135695e-16
381.15        	1.135695e-16
381.2         	1.135695e-16
381.25        	1.135695e-16
381.3         	1.135695e-16
381.35        	1.135695e-16
381.4         	1.135695e-16
381.45        	1.135695e-16
381.5         	1.135695e-16
381.55        	1.135695e-16
381.6         	1.135695e-16
381.65        	1.135695e-16
381.7         	1.135695e-16
381.75        	1.135695e-16
381.8         	1.135695e-16
381.85        	1.135695e-16
381.9         	1.135695e-16
381.95        	1.135695e-16
382           	1.135695e-16
382.05        	1.135695e-16
382.1         	1.135695e-16
382.15        	1.135695e-16
382.2         	1.135695e-16
382.25        	1.135695e-16
382.3         	1.135695e-16
382.35        	1.135695e-16
382.4         	1.135695e-16
382.45        	1.135695e-16
382.5         	1.135695e-16
382.55        	1.135695e-16
382.6         	1.135695e-16
382.65        	1.135695e-16
382.7         	1.135695e-16
382.75        	1.135695e-16
382.8         	1.135695e-16
382.85        	1.135695e-16
382.9         	1.135695e-16
382.95        	1.135695e-16
383           	1.135695e-16
383.05        	1.135695e-16
383.1         	1.135695e-16
383.15        	1.135695e-16
383.2         	1.135695e-16
383.25        	1.135695e-16
383.3         	1.135695e-16
383.35        	1.135695e-16
383.4         	1.135695e-16
383.45        	1.135695e-16
383.5         	1.135695e-16
383.55        	1.135695e-16
383.6         	1.135695e-16
383.65        	1.135695e-16
383.7         	1.135695e-16
383.75        	1.135695e-16
383.8         	1.135695e-16
383.85        	1.135695e-16
383.9         	1.135695e-16
383.95        	1.135695e-16
384           	1.135695e-16
384.05        	1.135695e-16
384.1         	1.135695e-16
384.15        	1.135695e-16
384.2         	1.135695e-16
384.25        	1.135695e-16
384.3         	1.135695e-16
384.35        	1.135695e-16
384.4         	1.135695e-16
384.45        	1.135695e-16
384.5         	1.135695e-16
384.55        	1.135695e-16
384.6         	1.135695e-16
384.65        	1.135695e-16
384.7         	1.135695e-16
384.75        	1.135695e-16
384.8         	1.135695e-16
384.85        	1.135695e-16
384.9         	1.135695e-16
384.95        	1.135695e-16
385           	1.135695e-16
385.05        	1.135695e-16
385.1         	1.135695e-16
385.15        	1.135695e-16
385.2         	1.135695e-16
385.25        	1.135695e-16
385.3         	1.135695e-16
385.35        	1.135695e-16
385.4         	1.135695e-16
385.45        	1.135695e-16
385.5         	1.135695e-16
385.55        	1.135695e-16
385.6         	1.135695e-16
385.65        	1.135695e-16
385.7         	1.135695e-16
385.75        	1.135695e-16
385.8         	1.135695e-16
385.85        	1.135695e-16
385.9         	1.135695e-16
385.95        	1.135695e-16
386           	1.135695e-16
386.05        	1.135695e-16
386.1         	1.135695e-16
386.15        	1.135695e-16
386.2         	1.135695e-16
386.25        	1.135695e-16
386.3         	1.135695e-16
386.35        	1.135695e-16
386.4         	1.135695e-16
386.45        	1.135695e-16
386.5         	1.135695e-16
386.55        	1.135695e-16
386.6         	1.135695e-16
386.65        	1.135695e-16
386.7         	1.135695e-16
386.75        	1.135695e-16
386.8         	1.135695e-16
386.85        	1.135695e-16
386.9         	1.135695e-16
386.95        	1.135695e-16
387           	1.135695e-16
387.05        	1.135695e-16
387.1         	1.135695e-16
387.15        	1.135695e-16
387.2         	1.135695e-16
387.25        	1.135695e-16
387.3         	1.135695e-16
387.35        	1.135695e-16
387.4         	1.135695e-16
387.45        	1.135695e-16
387.5         	1.135695e-16
387.55        	1.135695e-16
387.6         	1.135695e-16
387.65        	1.135695e-16
387.7         	1.135695e-16
387.75        	1.135695e-16
387.8         	1.135695e-16
387.85        	1.135695e-16
387.9         	1.135695e-16
387.95        	1.135695e-16
388           	1.135695e-16
388.05        	1.135695e-16
388.1         	1.135695e-16
388.15        	1.135695e-16
388.2         	1.135695e-16
388.25        	1.135695e-16
388.3         	1.135695e-16
388.35        	1.135695e-16
388.4         	1.135695e-16
388.45        	1.135695e-16
388.5         	1.135695e-16
388.55        	1.135695e-16
388.6         	1.135695e-16
388.65        	1.135695e-16
388.7         	1.135695e-16
388.75        	1.135695e-16
388.8         	1.135695e-16
388.85        	1.135695e-16
388.9         	1.135695e-16
388.95        	1.135695e-16
389           	1.135695e-16
389.05        	1.135695e-16
389.1         	1.135695e-16
389.15        	1.135695e-16
389.2         	1.135695e-16
389.25        	1.135695e-16
389.3         	1.135695e-16
389.35        	1.135695e-16
389.4         	1.135695e-16
389.45        	1.135695e-16
389.5         	1.135695e-16
389.55        	1.135695e-16
389.6         	1.135695e-16
389.65        	1.135695e-16
389.7         	1.135695e-16
389.75        	1.135695e-16
389.8         	1.135695e-16
389.85        	1.135695e-16
389.9         	1.135695e-16
389.95        	1.135695e-16
390           	1.135695e-16
390.05        	1.135695e-16
390.1         	1.135695e-16
390.15        	1.135695e-16
390.2         	1.135695e-16
390.25        	1.135695e-16
390.3         	1.135695e-16
390.35        	1.135695e-16
390.4         	1.135695e-16
390.45        	1.135695e-16
390.5         	1.135695e-16
390.55        	1.135695e-16
390.6         	1.135695e-16
390.65        	1.135695e-16
390.7         	1.135695e-16
390.75        	1.135695e-16
390.8         	1.135695e-16
390.85        	1.135695e-16
390.9         	1.135695e-16
390.95        	1.135695e-16
391           	1.135695e-16
391.05        	1.135695e-16
391.1         	1.135695e-16
391.15        	1.135695e-16
391.2         	1.135695e-16
391.25        	1.135695e-16
391.3         	1.135695e-16
391.35        	1.135695e-16
391.4         	1.135695e-16
391.45        	1.135695e-16
391.5         	1.135695e-16
391.55        	1.135695e-16
391.6         	1.135695e-16
391.65        	1.135695e-16
391.7         	1.135695e-16
391.75        	1.135695e-16
391.8         	1.135695e-16
391.85        	1.135695e-16
391.9         	1.135695e-16
391.95        	1.135695e-16
392           	1.135695e-16
392.05        	1.135695e-16
392.1         	1.135695e-16
392.15        	1.135695e-16
392.2         	1.135695e-16
392.25        	1.135695e-16
392.3         	1.135695e-16
392.35        	1.135695e-16
392.4         	1.135695e-16
392.45        	1.135695e-16
392.5         	1.135695e-16
392.55        	1.135695e-16
392.6         	1.135695e-16
392.65        	1.135695e-16
392.7         	1.135695e-16
392.75        	1.135695e-16
392.8         	1.135695e-16
392.85        	1.135695e-16
392.9         	1.135695e-16
392.95        	1.135695e-16
393           	1.135695e-16
393.05        	1.135695e-16
393.1         	1.135695e-16
393.15        	1.135695e-16
393.2         	1.135695e-16
393.25        	1.135695e-16
393.3         	1.135695e-16
393.35        	1.135695e-16
393.4         	1.135695e-16
393.45        	1.135695e-16
393.5         	1.135695e-16
393.55        	1.135695e-16
393.6         	1.135695e-16
393.65        	1.135695e-16
393.7         	1.135695e-16
393.75        	1.135695e-16
393.8         	1.135695e-16
393.85        	1.135695e-16
393.9         	1.135695e-16
393.95        	1.135695e-16
394           	1.135695e-16
394.05        	1.135695e-16
394.1         	1.135695e-16
394.15        	1.135695e-16
394.2         	1.135695e-16
394.25        	1.135695e-16
394.3         	1.135695e-16
394.35        	1.135695e-16
394.4         	1.135695e-16
394.45        	1.135695e-16
394.5         	1.135695e-16
394.55        	1.135695e-16
394.6         	1.135695e-16
394.65        	1.135695e-16
394.7         	1.135695e-16
394.75        	1.135695e-16
394.8         	1.135695e-16
394.85        	1.135695e-16
394.9         	1.135695e-16
394.95        	1.135695e-16
395           	1.135695e-16
395.05        	1.135695e-16
395.1         	1.135695e-16
395.15        	1.135695e-16
395.2         	1.135695e-16
395.25        	1.135695e-16
395.3         	1.135695e-16
395.35        	1.135695e-16
395.4         	1.135695e-16
395.45        	1.135695e-16
395.5         	1.135695e-16
395.55        	1.135695e-16
395.6         	1.135695e-16
395.65        	1.135695e-16
395.7         	1.135695e-16
395.75        	1.135695e-16
395.8         	1.135695e-16
395.85        	1.135695e-16
395.9         	1.135695e-16
395.95        	1.135695e-16
396           	1.135695e-16
396.05        	1.135695e-16
396.1         	1.135695e-16
396.15        	1.135695e-16
396.2         	1.135695e-16
396.25        	1.135695e-16
396.3         	1.135695e-16
396.35        	1.135695e-16
396.4         	1.135695e-16
396.45        	1.135695e-16
396.5         	1.135695e-16
396.55        	1.135695e-16
396.6         	1.135695e-16
396.65        	1.135695e-16
396.7         	1.135695e-16
396.75        	1.135695e-16
396.8         	1.135695e-16
396.85        	1.135695e-16
396.9         	1.135695e-16
396.95        	1.135695e-16
397           	1.135695e-16
397.05        	1.135695e-16
397.1         	1.135695e-16
397.15        	1.135695e-16
397.2         	1.135695e-16
397.25        	1.135695e-16
397.3         	1.135695e-16
397.35        	1.135695e-16
397.4         	1.135695e-16
397.45        	1.135695e-16
397.5         	1.135695e-16
397.55        	1.135695e-16
397.6         	1.135695e-16
397.65        	1.135695e-16
397.7         	1.135695e-16
397.75        	1.135695e-16
397.8         	1.135695e-16
397.85        	1.135695e-16
397.9         	1.135695e-16
397.95        	1.135695e-16
398           	1.135695e-16
398.05        	1.135695e-16
398.1         	1.135695e-16
398.15        	1.135695e-16
398.2         	1.135695e-16
398.25        	1.135695e-16
398.3         	1.135695e-16
398.35        	1.135695e-16
398.4         	1.135695e-16
398.45        	1.135695e-16
398.5         	1.135695e-16
398.55        	1.135695e-16
398.6         	1.135695e-16
398.65        	1.135695e-16
398.7         	1.135695e-16
398.75        	1.135695e-16
398.8         	1.135695e-16
398.85        	1.135695e-16
398.9         	1.135695e-16
398.95        	1.135695e-16
399           	1.135695e-16
399.05        	1.135695e-16
399.1         	1.135695e-16
399.15        	1.135695e-16
399.2         	1.135695e-16
399.25        	1.135695e-16
399.3         	1.135695e-16
399.35        	1.135695e-16
399.4         	1.135695e-16
399.45        	1.135695e-16
399.5         	1.135695e-16
399.55        	1.135695e-16
399.6         	1.135695e-16
399.65        	1.135695e-16
399.7         	1.135695e-16
399.75        	1.135695e-16
399.8         	1.135695e-16
399.85        	1.135695e-16
399.9         	1.135695e-16
399.95        	1.135695e-16
400           	1.135695e-16
400.05        	1.135695e-16
400.1         	1.135695e-16
400.15        	1.135695e-16
400.2         	1.135695e-16
400.25        	1.135695e-16
400.3         	1.135695e-16
400.35        	1.135695e-16
400.4         	1.135695e-16
400.45        	1.135695e-16
400.5         	1.135695e-16
400.55        	1.135695e-16
400.6         	1.135695e-16
400.65        	1.135695e-16
400.7         	1.135695e-16
400.75        	1.135695e-16
400.8         	1.135695e-16
400.85        	1.135695e-16
400.9         	1.135695e-16
400.95        	1.135695e-16
401           	1.135695e-16
401.05        	1.135695e-16
401.1         	1.135695e-16
401.15        	1.135695e-16
401.2         	1.135695e-16
401.25        	1.135695e-16
401.3         	1.135695e-16
401.35        	1.135695e-16
401.4         	1.135695e-16
401.45        	1.135695e-16
401.5         	1.135695e-16
401.55        	1.135695e-16
401.6         	1.135695e-16
401.65        	1.135695e-16
401.7         	1.135695e-16
401.75        	1.135695e-16
401.8         	1.135695e-16
401.85        	1.135695e-16
401.9         	1.135695e-16
401.95        	1.135695e-16
402           	1.135695e-16
402.05        	1.135695e-16
402.1         	1.135695e-16
402.15        	1.135695e-16
402.2         	1.135695e-16
402.25        	1.135695e-16
402.3         	1.135695e-16
402.35        	1.135695e-16
402.4         	1.135695e-16
402.45        	1.135695e-16
402.5         	1.135695e-16
402.55        	1.135695e-16
402.6         	1.135695e-16
402.65        	1.135695e-16
402.7         	1.135695e-16
402.75        	1.135695e-16
402.8         	1.135695e-16
402.85        	1.135695e-16
402.9         	1.135695e-16
402.95        	1.135695e-16
403           	1.135695e-16
403.05        	1.135695e-16
403.1         	1.135695e-16
403.15        	1.135695e-16
403.2         	1.135695e-16
403.25        	1.135695e-16
403.3         	1.135695e-16
403.35        	1.135695e-16
403.4         	1.135695e-16
403.45        	1.135695e-16
403.5         	1.135695e-16
403.55        	1.135695e-16
403.6         	1.135695e-16
403.65        	1.135695e-16
403.7         	1.135695e-16
403.75        	1.135695e-16
403.8         	1.135695e-16
403.85        	1.135695e-16
403.9         	1.135695e-16
403.95        	1.135695e-16
404           	1.135695e-16
404.05        	1.135695e-16
404.1         	1.135695e-16
404.15        	1.135695e-16
404.2         	1.135695e-16
404.25        	1.135695e-16
404.3         	1.135695e-16
404.35        	1.135695e-16
404.4         	1.135695e-16
404.45        	1.135695e-16
404.5         	1.135695e-16
404.55        	1.135695e-16
404.6         	1.135695e-16
404.65        	1.135695e-16
404.7         	1.135695e-16
404.75        	1.135695e-16
404.8         	1.135695e-16
404.85        	1.135695e-16
404.9         	1.135695e-16
404.95        	1.135695e-16
405           	1.135695e-16
405.05        	1.135695e-16
405.1         	1.135695e-16
405.15        	1.135695e-16
405.2         	1.135695e-16
405.25        	1.135695e-16
405.3         	1.135695e-16
405.35        	1.135695e-16
405.4         	1.135695e-16
405.45        	1.135695e-16
405.5         	1.135695e-16
405.55        	1.135695e-16
405.6         	1.135695e-16
405.65        	1.135695e-16
405.7         	1.135695e-16
405.75        	1.135695e-16
405.8         	1.135695e-16
405.85        	1.135695e-16
405.9         	1.135695e-16
405.95        	1.135695e-16
406           	1.135695e-16
406.05        	1.135695e-16
406.1         	1.135695e-16
406.15        	1.135695e-16
406.2         	1.135695e-16
406.25        	1.135695e-16
406.3         	1.135695e-16
406.35        	1.135695e-16
406.4         	1.135695e-16
406.45        	1.135695e-16
406.5         	1.135695e-16
406.55        	1.135695e-16
406.6         	1.135695e-16
406.65        	1.135695e-16
406.7         	1.135695e-16
406.75        	1.135695e-16
406.8         	1.135695e-16
406.85        	1.135695e-16
406.9         	1.135695e-16
406.95        	1.135695e-16
407           	1.135695e-16
407.05        	1.135695e-16
407.1         	1.135695e-16
407.15        	1.135695e-16
407.2         	1.135695e-16
407.25        	1.135695e-16
407.3         	1.135695e-16
407.35        	1.135695e-16
407.4         	1.135695e-16
407.45        	1.135695e-16
407.5         	1.135695e-16
407.55        	1.135695e-16
407.6         	1.135695e-16
407.65        	1.135695e-16
407.7         	1.135695e-16
407.75        	1.135695e-16
407.8         	1.135695e-16
407.85        	1.135695e-16
407.9         	1.135695e-16
407.95        	1.135695e-16
408           	1.135695e-16
408.05        	1.135695e-16
408.1         	1.135695e-16
408.15        	1.135695e-16
408.2         	1.135695e-16
408.25        	1.135695e-16
408.3         	1.135695e-16
408.35        	1.135695e-16
408.4         	1.135695e-16
408.45        	1.135695e-16
408.5         	1.135695e-16
408.55        	1.135695e-16
408.6         	1.135695e-16
408.65        	1.135695e-16
408.7         	1.135695e-16
408.75        	1.135695e-16
408.8         	1.135695e-16
408.85        	1.135695e-16
408.9         	1.135695e-16
408.95        	1.135695e-16
409           	1.135695e-16
409.05        	1.135695e-16
409.1         	1.135695e-16
409.15        	1.135695e-16
409.2         	1.135695e-16
409.25        	1.135695e-16
409.3         	1.135695e-16
409.35        	1.135695e-16
409.4         	1.135695e-16
409.45        	1.135695e-16
409.5         	1.135695e-16
409.55        	1.135695e-16
409.6         	1.135695e-16
409.65        	1.135695e-16
409.7         	1.135695e-16
409.75        	1.135695e-16
409.8         	1.135695e-16
409.85        	1.135695e-16
409.9         	1.135695e-16
409.95        	1.135695e-16
410           	1.135695e-16
410.05        	1.135695e-16
410.1         	1.135695e-16
410.15        	1.135695e-16
410.2         	1.135695e-16
410.25        	1.135695e-16
410.3         	1.135695e-16
410.35        	1.135695e-16
410.4         	1.135695e-16
410.45        	1.135695e-16
410.5         	1.135695e-16
410.55        	1.135695e-16
410.6         	1.135695e-16
410.65        	1.135695e-16
410.7         	1.135695e-16
410.75        	1.135695e-16
410.8         	1.135695e-16
410.85        	1.135695e-16
410.9         	1.135695e-16
410.95        	1.135695e-16
411           	1.135695e-16
411.05        	1.135695e-16
411.1         	1.135695e-16
411.15        	1.135695e-16
411.2         	1.135695e-16
411.25        	1.135695e-16
411.3         	1.135695e-16
411.35        	1.135695e-16
411.4         	1.135695e-16
411.45        	1.135695e-16
411.5         	1.135695e-16
411.55        	1.135695e-16
411.6         	1.135695e-16
411.65        	1.135695e-16
411.7         	1.135695e-16
411.75        	1.135695e-16
411.8         	1.135695e-16
411.85        	1.135695e-16
411.9         	1.135695e-16
411.95        	1.135695e-16
412           	1.135695e-16
412.05        	1.135695e-16
412.1         	1.135695e-16
412.15        	1.135695e-16
412.2         	1.135695e-16
412.25        	1.135695e-16
412.3         	1.135695e-16
412.35        	1.135695e-16
412.4         	1.135695e-16
412.45        	1.135695e-16
412.5         	1.135695e-16
412.55        	1.135695e-16
412.6         	1.135695e-16
412.65        	1.135695e-16
412.7         	1.135695e-16
412.75        	1.135695e-16
412.8         	1.135695e-16
412.85        	1.135695e-16
412.9         	1.135695e-16
412.95        	1.135695e-16
413           	1.135695e-16
413.05        	1.135695e-16
413.1         	1.135695e-16
413.15        	1.135695e-16
413.2         	1.135695e-16
413.25        	1.135695e-16
413.3         	1.135695e-16
413.35        	1.135695e-16
413.4         	1.135695e-16
413.45        	1.135695e-16
413.5         	1.135695e-16
413.55        	1.135695e-16
413.6         	1.135695e-16
413.65        	1.135695e-16
413.7         	1.135695e-16
413.75        	1.135695e-16
413.8         	1.135695e-16
413.85        	1.135695e-16
413.9         	1.135695e-16
413.95        	1.135695e-16
414           	1.135695e-16
414.05        	1.135695e-16
414.1         	1.135695e-16
414.15        	1.135695e-16
414.2         	1.135695e-16
414.25        	1.135695e-16
414.3         	1.135695e-16
414.35        	1.135695e-16
414.4         	1.135695e-16
414.45        	1.135695e-16
414.5         	1.135695e-16
414.55        	1.135695e-16
414.6         	1.135695e-16
414.65        	1.135695e-16
414.7         	1.135695e-16
414.75        	1.135695e-16
414.8         	1.135695e-16
414.85        	1.135695e-16
414.9         	1.135695e-16
414.95        	1.135695e-16
415           	1.135695e-16
415.05        	1.135695e-16
415.1         	1.135695e-16
415.15        	1.135695e-16
415.2         	1.135695e-16
415.25        	1.135695e-16
415.3         	1.135695e-16
415.35        	1.135695e-16
415.4         	1.135695e-16
415.45        	1.135695e-16
415.5         	1.135695e-16
415.55        	1.135695e-16
415.6         	1.135695e-16
415.65        	1.135695e-16
415.7         	1.135695e-16
415.75        	1.135695e-16
415.8         	1.135695e-16
415.85        	1.135695e-16
415.9         	1.135695e-16
415.95        	1.135695e-16
416           	1.135695e-16
416.05        	1.135695e-16
416.1         	1.135695e-16
416.15        	1.135695e-16
416.2         	1.135695e-16
416.25        	1.135695e-16
416.3         	1.135695e-16
416.35        	1.135695e-16
416.4         	1.135695e-16
416.45        	1.135695e-16
416.5         	1.135695e-16
416.55        	1.135695e-16
416.6         	1.135695e-16
416.65        	1.135695e-16
416.7         	1.135695e-16
416.75        	1.135695e-16
416.8         	1.135695e-16
416.85        	1.135695e-16
416.9         	1.135695e-16
416.95        	1.135695e-16
417           	1.135695e-16
417.05        	1.135695e-16
417.1         	1.135695e-16
417.15        	1.135695e-16
417.2         	1.135695e-16
417.25        	1.135695e-16
417.3         	1.135695e-16
417.35        	1.135695e-16
417.4         	1.135695e-16
417.45        	1.135695e-16
417.5         	1.135695e-16
417.55        	1.135695e-16
417.6         	1.135695e-16
417.65        	1.135695e-16
417.7         	1.135695e-16
417.75        	1.135695e-16
417.8         	1.135695e-16
417.85        	1.135695e-16
417.9         	1.135695e-16
417.95        	1.135695e-16
418           	1.135695e-16
418.05        	1.135695e-16
418.1         	1.135695e-16
418.15        	1.135695e-16
418.2         	1.135695e-16
418.25        	1.135695e-16
418.3         	1.135695e-16
418.35        	1.135695e-16
418.4         	1.135695e-16
418.45        	1.135695e-16
418.5         	1.135695e-16
418.55        	1.135695e-16
418.6         	1.135695e-16
418.65        	1.135695e-16
418.7         	1.135695e-16
418.75        	1.135695e-16
418.8         	1.135695e-16
418.85        	1.135695e-16
418.9         	1.135695e-16
418.95        	1.135695e-16
419           	1.135695e-16
419.05        	1.135695e-16
419.1         	1.135695e-16
419.15        	1.135695e-16
419.2         	1.135695e-16
419.25        	1.135695e-16
419.3         	1.135695e-16
419.35        	1.135695e-16
419.4         	1.135695e-16
419.45        	1.135695e-16
419.5         	1.135695e-16
419.55        	1.135695e-16
419.6         	1.135695e-16
419.65        	1.135695e-16
419.7         	1.135695e-16
419.75        	1.135695e-16
419.8         	1.135695e-16
419.85        	1.135695e-16
419.9         	1.135695e-16
419.95        	1.135695e-16
420           	1.135695e-16
420.05        	1.135695e-16
420.1         	1.135695e-16
420.15        	1.135695e-16
420.2         	1.135695e-16
420.25        	1.135695e-16
420.3         	1.135695e-16
420.35        	1.135695e-16
420.4         	1.135695e-16
420.45        	1.135695e-16
420.5         	1.135695e-16
420.55        	1.135695e-16
420.6         	1.135695e-16
420.65        	1.135695e-16
420.7         	1.135695e-16
420.75        	1.135695e-16
420.8         	1.135695e-16
420.85        	1.135695e-16
420.9         	1.135695e-16
420.95        	1.135695e-16
421           	1.135695e-16
421.05        	1.135695e-16
421.1         	1.135695e-16
421.15        	1.135695e-16
421.2         	1.135695e-16
421.25        	1.135695e-16
421.3         	1.135695e-16
421.35        	1.135695e-16
421.4         	1.135695e-16
421.45        	1.135695e-16
421.5         	1.135695e-16
421.55        	1.135695e-16
421.6         	1.135695e-16
421.65        	1.135695e-16
421.7         	1.135695e-16
421.75        	1.135695e-16
421.8         	1.135695e-16
421.85        	1.135695e-16
421.9         	1.135695e-16
421.95        	1.135695e-16
422           	1.135695e-16
422.05        	1.135695e-16
422.1         	1.135695e-16
422.15        	1.135695e-16
422.2         	1.135695e-16
422.25        	1.135695e-16
422.3         	1.135695e-16
422.35        	1.135695e-16
422.4         	1.135695e-16
422.45        	1.135695e-16
422.5         	1.135695e-16
422.55        	1.135695e-16
422.6         	1.135695e-16
422.65        	1.135695e-16
422.7         	1.135695e-16
422.75        	1.135695e-16
422.8         	1.135695e-16
422.85        	1.135695e-16
422.9         	1.135695e-16
422.95        	1.135695e-16
423           	1.135695e-16
423.05        	1.135695e-16
423.1         	1.135695e-16
423.15        	1.135695e-16
423.2         	1.135695e-16
423.25        	1.135695e-16
423.3         	1.135695e-16
423.35        	1.135695e-16
423.4         	1.135695e-16
423.45        	1.135695e-16
423.5         	1.135695e-16
423.55        	1.135695e-16
423.6         	1.135695e-16
423.65        	1.135695e-16
423.7         	1.135695e-16
423.75        	1.135695e-16
423.8         	1.135695e-16
423.85        	1.135695e-16
423.9         	1.135695e-16
423.95        	1.135695e-16
424           	1.135695e-16
424.05        	1.135695e-16
424.1         	1.135695e-16
424.15        	1.135695e-16
424.2         	1.135695e-16
424.25        	1.135695e-16
424.3         	1.135695e-16
424.35        	1.135695e-16
424.4         	1.135695e-16
424.45        	1.135695e-16
424.5         	1.135695e-16
424.55        	1.135695e-16
424.6         	1.135695e-16
424.65        	1.135695e-16
424.7         	1.135695e-16
424.75        	1.135695e-16
424.8         	1.135695e-16
424.85        	1.135695e-16
424.9         	1.135695e-16
424.95        	1.135695e-16
425           	1.135695e-16
425.05        	1.135695e-16
425.1         	1.135695e-16
425.15        	1.135695e-16
425.2         	1.135695e-16
425.25        	1.135695e-16
425.3         	1.135695e-16
425.35        	1.135695e-16
425.4         	1.135695e-16
425.45        	1.135695e-16
425.5         	1.135695e-16
425.55        	1.135695e-16
425.6         	1.135695e-16
425.65        	1.135695e-16
425.7         	1.135695e-16
425.75        	1.135695e-16
425.8         	1.135695e-16
425.85        	1.135695e-16
425.9         	1.135695e-16
425.95        	1.135695e-16
426           	1.135695e-16
426.05        	1.135695e-16
426.1         	1.135695e-16
426.15        	1.135695e-16
426.2         	1.135695e-16
426.25        	1.135695e-16
426.3         	1.135695e-16
426.35        	1.135695e-16
426.4         	1.135695e-16
426.45        	1.135695e-16
426.5         	1.135695e-16
426.55        	1.135695e-16
426.6         	1.135695e-16
426.65        	1.135695e-16
426.7         	1.135695e-16
426.75        	1.135695e-16
426.8         	1.135695e-16
426.85        	1.135695e-16
426.9         	1.135695e-16
426.95        	1.135695e-16
427           	1.135695e-16
427.05        	1.135695e-16
427.1         	1.135695e-16
427.15        	1.135695e-16
427.2         	1.135695e-16
427.25        	1.135695e-16
427.3         	1.135695e-16
427.35        	1.135695e-16
427.4         	1.135695e-16
427.45        	1.135695e-16
427.5         	1.135695e-16
427.55        	1.135695e-16
427.6         	1.135695e-16
427.65        	1.135695e-16
427.7         	1.135695e-16
427.75        	1.135695e-16
427.8         	1.135695e-16
427.85        	1.135695e-16
427.9         	1.135695e-16
427.95        	1.135695e-16
428           	1.135695e-16
428.05        	1.135695e-16
428.1         	1.135695e-16
428.15        	1.135695e-16
428.2         	1.135695e-16
428.25        	1.135695e-16
428.3         	1.135695e-16
428.35        	1.135695e-16
428.4         	1.135695e-16
428.45        	1.135695e-16
428.5         	1.135695e-16
428.55        	1.135695e-16
428.6         	1.135695e-16
428.65        	1.135695e-16
428.7         	1.135695e-16
428.75        	1.135695e-16
428.8         	1.135695e-16
428.85        	1.135695e-16
428.9         	1.135695e-16
428.95        	1.135695e-16
429           	1.135695e-16
429.05        	1.135695e-16
429.1         	1.135695e-16
429.15        	1.135695e-16
429.2         	1.135695e-16
429.25        	1.135695e-16
429.3         	1.135695e-16
429.35        	1.135695e-16
429.4         	1.135695e-16
429.45        	1.135695e-16
429.5         	1.135695e-16
429.55        	1.135695e-16
429.6         	1.135695e-16
429.65        	1.135695e-16
429.7         	1.135695e-16
429.75        	1.135695e-16
429.8         	1.135695e-16
429.85        	1.135695e-16
429.9         	1.135695e-16
429.95        	1.135695e-16
430           	1.135695e-16
430.05        	1.135695e-16
430.1         	1.135695e-16
430.15        	1.135695e-16
430.2         	1.135695e-16
430.25        	1.135695e-16
430.3         	1.135695e-16
430.35        	1.135695e-16
430.4         	1.135695e-16
430.45        	1.135695e-16
430.5         	1.135695e-16
430.55        	1.135695e-16
430.6         	1.135695e-16
430.65        	1.135695e-16
430.7         	1.135695e-16
430.75        	1.135695e-16
430.8         	1.135695e-16
430.85        	1.135695e-16
430.9         	1.135695e-16
430.95        	1.135695e-16
431           	1.135695e-16
431.05        	1.135695e-16
431.1         	1.135695e-16
431.15        	1.135695e-16
431.2         	1.135695e-16
431.25        	1.135695e-16
431.3         	1.135695e-16
431.35        	1.135695e-16
431.4         	1.135695e-16
431.45        	1.135695e-16
431.5         	1.135695e-16
431.55        	1.135695e-16
431.6         	1.135695e-16
431.65        	1.135695e-16
431.7         	1.135695e-16
431.75        	1.135695e-16
431.8         	1.135695e-16
431.85        	1.135695e-16
431.9         	1.135695e-16
431.95        	1.135695e-16
432           	1.135695e-16
432.05        	1.135695e-16
432.1         	1.135695e-16
432.15        	1.135695e-16
432.2         	1.135695e-16
432.25        	1.135695e-16
432.3         	1.135695e-16
432.35        	1.135695e-16
432.4         	1.135695e-16
432.45        	1.135695e-16
432.5         	1.135695e-16
432.55        	1.135695e-16
432.6         	1.135695e-16
432.65        	1.135695e-16
432.7         	1.135695e-16
432.75        	1.135695e-16
432.8         	1.135695e-16
432.85        	1.135695e-16
432.9         	1.135695e-16
432.95        	1.135695e-16
433           	1.135695e-16
433.05        	1.135695e-16
433.1         	1.135695e-16
433.15        	1.135695e-16
433.2         	1.135695e-16
433.25        	1.135695e-16
433.3         	1.135695e-16
433.35        	1.135695e-16
433.4         	1.135695e-16
433.45        	1.135695e-16
433.5         	1.135695e-16
433.55        	1.135695e-16
433.6         	1.135695e-16
433.65        	1.135695e-16
433.7         	1.135695e-16
433.75        	1.135695e-16
433.8         	1.135695e-16
433.85        	1.135695e-16
433.9         	1.135695e-16
433.95        	1.135695e-16
434           	1.135695e-16
434.05        	1.135695e-16
434.1         	1.135695e-16
434.15        	1.135695e-16
434.2         	1.135695e-16
434.25        	1.135695e-16
434.3         	1.135695e-16
434.35        	1.135695e-16
434.4         	1.135695e-16
434.45        	1.135695e-16
434.5         	1.135695e-16
434.55        	1.135695e-16
434.6         	1.135695e-16
434.65        	1.135695e-16
434.7         	1.135695e-16
434.75        	1.135695e-16
434.8         	1.135695e-16
434.85        	1.135695e-16
434.9         	1.135695e-16
434.95        	1.135695e-16
435           	1.135695e-16
435.05        	1.135695e-16
435.1         	1.135695e-16
435.15        	1.135695e-16
435.2         	1.135695e-16
435.25        	1.135695e-16
435.3         	1.135695e-16
435.35        	1.135695e-16
435.4         	1.135695e-16
435.45        	1.135695e-16
435.5         	1.135695e-16
435.55        	1.135695e-16
435.6         	1.135695e-16
435.65        	1.135695e-16
435.7         	1.135695e-16
435.75        	1.135695e-16
435.8         	1.135695e-16
435.85        	1.135695e-16
435.9         	1.135695e-16
435.95        	1.135695e-16
436           	1.135695e-16
436.05        	1.135695e-16
436.1         	1.135695e-16
436.15        	1.135695e-16
436.2         	1.135695e-16
436.25        	1.135695e-16
436.3         	1.135695e-16
436.35        	1.135695e-16
436.4         	1.135695e-16
436.45        	1.135695e-16
436.5         	1.135695e-16
436.55        	1.135695e-16
436.6         	1.135695e-16
436.65        	1.135695e-16
436.7         	1.135695e-16
436.75        	1.135695e-16
436.8         	1.135695e-16
436.85        	1.135695e-16
436.9         	1.135695e-16
436.95        	1.135695e-16
437           	1.135695e-16
437.05        	1.135695e-16
437.1         	1.135695e-16
437.15        	1.135695e-16
437.2         	1.135695e-16
437.25        	1.135695e-16
437.3         	1.135695e-16
437.35        	1.135695e-16
437.4         	1.135695e-16
437.45        	1.135695e-16
437.5         	1.135695e-16
437.55        	1.135695e-16
437.6         	1.135695e-16
437.65        	1.135695e-16
437.7         	1.135695e-16
437.75        	1.135695e-16
437.8         	1.135695e-16
437.85        	1.135695e-16
437.9         	1.135695e-16
437.95        	1.135695e-16
438           	1.135695e-16
438.05        	1.135695e-16
438.1         	1.135695e-16
438.15        	1.135695e-16
438.2         	1.135695e-16
438.25        	1.135695e-16
438.3         	1.135695e-16
438.35        	1.135695e-16
438.4         	1.135695e-16
438.45        	1.135695e-16
438.5         	1.135695e-16
438.55        	1.135695e-16
438.6         	1.135695e-16
438.65        	1.135695e-16
438.7         	1.135695e-16
438.75        	1.135695e-16
438.8         	1.135695e-16
438.85        	1.135695e-16
438.9         	1.135695e-16
438.95        	1.135695e-16
439           	1.135695e-16
439.05        	1.135695e-16
439.1         	1.135695e-16
439.15        	1.135695e-16
439.2         	1.135695e-16
439.25        	1.135695e-16
439.3         	1.135695e-16
439.35        	1.135695e-16
439.4         	1.135695e-16
439.45        	1.135695e-16
439.5         	1.135695e-16
439.55        	1.135695e-16
439.6         	1.135695e-16
439.65        	1.135695e-16
439.7         	1.135695e-16
439.75        	1.135695e-16
439.8         	1.135695e-16
439.85        	1.135695e-16
439.9         	1.135695e-16
439.95        	1.135695e-16
440           	1.135695e-16
440.05        	1.135695e-16
440.1         	1.135695e-16
440.15        	1.135695e-16
440.2         	1.135695e-16
440.25        	1.135695e-16
440.3         	1.135695e-16
440.35        	1.135695e-16
440.4         	1.135695e-16
440.45        	1.135695e-16
440.5         	1.135695e-16
440.55        	1.135695e-16
440.6         	1.135695e-16
440.65        	1.135695e-16
440.7         	1.135695e-16
440.75        	1.135695e-16
440.8         	1.135695e-16
440.85        	1.135695e-16
440.9         	1.135695e-16
440.95        	1.135695e-16
441           	1.135695e-16
441.05        	1.135695e-16
441.1         	1.135695e-16
441.15        	1.135695e-16
441.2         	1.135695e-16
441.25        	1.135695e-16
441.3         	1.135695e-16
441.35        	1.135695e-16
441.4         	1.135695e-16
441.45        	1.135695e-16
441.5         	1.135695e-16
441.55        	1.135695e-16
441.6         	1.135695e-16
441.65        	1.135695e-16
441.7         	1.135695e-16
441.75        	1.135695e-16
441.8         	1.135695e-16
441.85        	1.135695e-16
441.9         	1.135695e-16
441.95        	1.135695e-16
442           	1.135695e-16
442.05        	1.135695e-16
442.1         	1.135695e-16
442.15        	1.135695e-16
442.2         	1.135695e-16
442.25        	1.135695e-16
442.3         	1.135695e-16
442.35        	1.135695e-16
442.4         	1.135695e-16
442.45        	1.135695e-16
442.5         	1.135695e-16
442.55        	1.135695e-16
442.6         	1.135695e-16
442.65        	1.135695e-16
442.7         	1.135695e-16
442.75        	1.135695e-16
442.8         	1.135695e-16
442.85        	1.135695e-16
442.9         	1.135695e-16
442.95        	1.135695e-16
443           	1.135695e-16
443.05        	1.135695e-16
443.1         	1.135695e-16
443.15        	1.135695e-16
443.2         	1.135695e-16
443.25        	1.135695e-16
443.3         	1.135695e-16
443.35        	1.135695e-16
443.4         	1.135695e-16
443.45        	1.135695e-16
443.5         	1.135695e-16
443.55        	1.135695e-16
443.6         	1.135695e-16
443.65        	1.135695e-16
443.7         	1.135695e-16
443.75        	1.135695e-16
443.8         	1.135695e-16
443.85        	1.135695e-16
443.9         	1.135695e-16
443.95        	1.135695e-16
444           	1.135695e-16
444.05        	1.135695e-16
444.1         	1.135695e-16
444.15        	1.135695e-16
444.2         	1.135695e-16
444.25        	1.135695e-16
444.3         	1.135695e-16
444.35        	1.135695e-16
444.4         	1.135695e-16
444.45        	1.135695e-16
444.5         	1.135695e-16
444.55        	1.135695e-16
444.6         	1.135695e-16
444.65        	1.135695e-16
444.7         	1.135695e-16
444.75        	1.135695e-16
444.8         	1.135695e-16
444.85        	1.135695e-16
444.9         	1.135695e-16
444.95        	1.135695e-16
445           	1.135695e-16
445.05        	1.135695e-16
445.1         	1.135695e-16
445.15        	1.135695e-16
445.2         	1.135695e-16
445.25        	1.135695e-16
445.3         	1.135695e-16
445.35        	1.135695e-16
445.4         	1.135695e-16
445.45        	1.135695e-16
445.5         	1.135695e-16
445.55        	1.135695e-16
445.6         	1.135695e-16
445.65        	1.135695e-16
445.7         	1.135695e-16
445.75        	1.135695e-16
445.8         	1.135695e-16
445.85        	1.135695e-16
445.9         	1.135695e-16
445.95        	1.135695e-16
446           	1.135695e-16
446.05        	1.135695e-16
446.1         	1.135695e-16
446.15        	1.135695e-16
446.2         	1.135695e-16
446.25        	1.135695e-16
446.3         	1.135695e-16
446.35        	1.135695e-16
446.4         	1.135695e-16
446.45        	1.135695e-16
446.5         	1.135695e-16
446.55        	1.135695e-16
446.6         	1.135695e-16
446.65        	1.135695e-16
446.7         	1.135695e-16
446.75        	1.135695e-16
446.8         	1.135695e-16
446.85        	1.135695e-16
446.9         	1.135695e-16
446.95        	1.135695e-16
447           	1.135695e-16
447.05        	1.135695e-16
447.1         	1.135695e-16
447.15        	1.135695e-16
447.2         	1.135695e-16
447.25        	1.135695e-16
447.3         	1.135695e-16
447.35        	1.135695e-16
447.4         	1.135695e-16
447.45        	1.135695e-16
447.5         	1.135695e-16
447.55        	1.135695e-16
447.6         	1.135695e-16
447.65        	1.135695e-16
447.7         	1.135695e-16
447.75        	1.135695e-16
447.8         	1.135695e-16
447.85        	1.135695e-16
447.9         	1.135695e-16
447.95        	1.135695e-16
448           	1.135695e-16
448.05        	1.135695e-16
448.1         	1.135695e-16
448.15        	1.135695e-16
448.2         	1.135695e-16
448.25        	1.135695e-16
448.3         	1.135695e-16
448.35        	1.135695e-16
448.4         	1.135695e-16
448.45        	1.135695e-16
448.5         	1.135695e-16
448.55        	1.135695e-16
448.6         	1.135695e-16
448.65        	1.135695e-16
448.7         	1.135695e-16
448.75        	1.135695e-16
448.8         	1.135695e-16
448.85        	1.135695e-16
448.9         	1.135695e-16
448.95        	1.135695e-16
449           	1.135695e-16
449.05        	1.135695e-16
449.1         	1.135695e-16
449.15        	1.135695e-16
449.2         	1.135695e-16
449.25        	1.135695e-16
449.3         	1.135695e-16
449.35        	1.135695e-16
449.4         	1.135695e-16
449.45        	1.135695e-16
449.5         	1.135695e-16
449.55        	1.135695e-16
449.6         	1.135695e-16
449.65        	1.135695e-16
449.7         	1.135695e-16
449.75        	1.135695e-16
449.8         	1.135695e-16
449.85        	1.135695e-16
449.9         	1.135695e-16
449.95        	1.135695e-16
450           	1.135695e-16
450.05        	1.135695e-16
450.1         	1.135695e-16
450.15        	1.135695e-16
450.2         	1.135695e-16
450.25        	1.135695e-16
450.3         	1.135695e-16
450.35        	1.135695e-16
450.4         	1.135695e-16
450.45        	1.135695e-16
450.5         	1.135695e-16
450.55        	1.135695e-16
450.6         	1.135695e-16
450.65        	1.135695e-16
450.7         	1.135695e-16
450.75        	1.135695e-16
450.8         	1.135695e-16
450.85        	1.135695e-16
450.9         	1.135695e-16
450.95        	1.135695e-16
451           	1.135695e-16
451.05        	1.135695e-16
451.1         	1.135695e-16
451.15        	1.135695e-16
451.2         	1.135695e-16
451.25        	1.135695e-16
451.3         	1.135695e-16
451.35        	1.135695e-16
451.4         	1.135695e-16
451.45        	1.135695e-16
451.5         	1.135695e-16
451.55        	1.135695e-16
451.6         	1.135695e-16
451.65        	1.135695e-16
451.7         	1.135695e-16
451.75        	1.135695e-16
451.8         	1.135695e-16
451.85        	1.135695e-16
451.9         	1.135695e-16
451.95        	1.135695e-16
452           	1.135695e-16
452.05        	1.135695e-16
452.1         	1.135695e-16
452.15        	1.135695e-16
452.2         	1.135695e-16
452.25        	1.135695e-16
452.3         	1.135695e-16
452.35        	1.135695e-16
452.4         	1.135695e-16
452.45        	1.135695e-16
452.5         	1.135695e-16
452.55        	1.135695e-16
452.6         	1.135695e-16
452.65        	1.135695e-16
452.7         	1.135695e-16
452.75        	1.135695e-16
452.8         	1.135695e-16
452.85        	1.135695e-16
452.9         	1.135695e-16
452.95        	1.135695e-16
453           	1.135695e-16
453.05        	1.135695e-16
453.1         	1.135695e-16
453.15        	1.135695e-16
453.2         	1.135695e-16
453.25        	1.135695e-16
453.3         	1.135695e-16
453.35        	1.135695e-16
453.4         	1.135695e-16
453.45        	1.135695e-16
453.5         	1.135695e-16
453.55        	1.135695e-16
453.6         	1.135695e-16
453.65        	1.135695e-16
453.7         	1.135695e-16
453.75        	1.135695e-16
453.8         	1.135695e-16
453.85        	1.135695e-16
453.9         	1.135695e-16
453.95        	1.135695e-16
454           	1.135695e-16
454.05        	1.135695e-16
454.1         	1.135695e-16
454.15        	1.135695e-16
454.2         	1.135695e-16
454.25        	1.135695e-16
454.3         	1.135695e-16
454.35        	1.135695e-16
454.4         	1.135695e-16
454.45        	1.135695e-16
454.5         	1.135695e-16
454.55        	1.135695e-16
454.6         	1.135695e-16
454.65        	1.135695e-16
454.7         	1.135695e-16
454.75        	1.135695e-16
454.8         	1.135695e-16
454.85        	1.135695e-16
454.9         	1.135695e-16
454.95        	1.135695e-16
455           	1.135695e-16
455.05        	1.135695e-16
455.1         	1.135695e-16
455.15        	1.135695e-16
455.2         	1.135695e-16
455.25        	1.135695e-16
455.3         	1.135695e-16
455.35        	1.135695e-16
455.4         	1.135695e-16
455.45        	1.135695e-16
455.5         	1.135695e-16
455.55        	1.135695e-16
455.6         	1.135695e-16
455.65        	1.135695e-16
455.7         	1.135695e-16
455.75        	1.135695e-16
455.8         	1.135695e-16
455.85        	1.135695e-16
455.9         	1.135695e-16
455.95        	1.135695e-16
456           	1.135695e-16
456.05        	1.135695e-16
456.1         	1.135695e-16
456.15        	1.135695e-16
456.2         	1.135695e-16
456.25        	1.135695e-16
456.3         	1.135695e-16
456.35        	1.135695e-16
456.4         	1.135695e-16
456.45        	1.135695e-16
456.5         	1.135695e-16
456.55        	1.135695e-16
456.6         	1.135695e-16
456.65        	1.135695e-16
456.7         	1.135695e-16
456.75        	1.135695e-16
456.8         	1.135695e-16
456.85        	1.135695e-16
456.9         	1.135695e-16
456.95        	1.135695e-16
457           	1.135695e-16
457.05        	1.135695e-16
457.1         	1.135695e-16
457.15        	1.135695e-16
457.2         	1.135695e-16
457.25        	1.135695e-16
457.3         	1.135695e-16
457.35        	1.135695e-16
457.4         	1.135695e-16
457.45        	1.135695e-16
457.5         	1.135695e-16
457.55        	1.135695e-16
457.6         	1.135695e-16
457.65        	1.135695e-16
457.7         	1.135695e-16
457.75        	1.135695e-16
457.8         	1.135695e-16
457.85        	1.135695e-16
457.9         	1.135695e-16
457.95        	1.135695e-16
458           	1.135695e-16
458.05        	1.135695e-16
458.1         	1.135695e-16
458.15        	1.135695e-16
458.2         	1.135695e-16
458.25        	1.135695e-16
458.3         	1.135695e-16
458.35        	1.135695e-16
458.4         	1.135695e-16
458.45        	1.135695e-16
458.5         	1.135695e-16
458.55        	1.135695e-16
458.6         	1.135695e-16
458.65        	1.135695e-16
458.7         	1.135695e-16
458.75        	1.135695e-16
458.8         	1.135695e-16
458.85        	1.135695e-16
458.9         	1.135695e-16
458.95        	1.135695e-16
459           	1.135695e-16
459.05        	1.135695e-16
459.1         	1.135695e-16
459.15        	1.135695e-16
459.2         	1.135695e-16
459.25        	1.135695e-16
459.3         	1.135695e-16
459.35        	1.135695e-16
459.4         	1.135695e-16
459.45        	1.135695e-16
459.5         	1.135695e-16
459.55        	1.135695e-16
459.6         	1.135695e-16
459.65        	1.135695e-16
459.7         	1.135695e-16
459.75        	1.135695e-16
459.8         	1.135695e-16
459.85        	1.135695e-16
459.9         	1.135695e-16
459.95        	1.135695e-16
460           	1.135695e-16
460.05        	1.135695e-16
460.1         	1.135695e-16
460.15        	1.135695e-16
460.2         	1.135695e-16
460.25        	1.135695e-16
460.3         	1.135695e-16
460.35        	1.135695e-16
460.4         	1.135695e-16
460.45        	1.135695e-16
460.5         	1.135695e-16
460.55        	1.135695e-16
460.6         	1.135695e-16
460.65        	1.135695e-16
460.7         	1.135695e-16
460.75        	1.135695e-16
460.8         	1.135695e-16
460.85        	1.135695e-16
460.9         	1.135695e-16
460.95        	1.135695e-16
461           	1.135695e-16
461.05        	1.135695e-16
461.1         	1.135695e-16
461.15        	1.135695e-16
461.2         	1.135695e-16
461.25        	1.135695e-16
461.3         	1.135695e-16
461.35        	1.135695e-16
461.4         	1.135695e-16
461.45        	1.135695e-16
461.5         	1.135695e-16
461.55        	1.135695e-16
461.6         	1.135695e-16
461.65        	1.135695e-16
461.7         	1.135695e-16
461.75        	1.135695e-16
461.8         	1.135695e-16
461.85        	1.135695e-16
461.9         	1.135695e-16
461.95        	1.135695e-16
462           	1.135695e-16
462.05        	1.135695e-16
462.1         	1.135695e-16
462.15        	1.135695e-16
462.2         	1.135695e-16
462.25        	1.135695e-16
462.3         	1.135695e-16
462.35        	1.135695e-16
462.4         	1.135695e-16
462.45        	1.135695e-16
462.5         	1.135695e-16
462.55        	1.135695e-16
462.6         	1.135695e-16
462.65        	1.135695e-16
462.7         	1.135695e-16
462.75        	1.135695e-16
462.8         	1.135695e-16
462.85        	1.135695e-16
462.9         	1.135695e-16
462.95        	1.135695e-16
463           	1.135695e-16
463.05        	1.135695e-16
463.1         	1.135695e-16
463.15        	1.135695e-16
463.2         	1.135695e-16
463.25        	1.135695e-16
463.3         	1.135695e-16
463.35        	1.135695e-16
463.4         	1.135695e-16
463.45        	1.135695e-16
463.5         	1.135695e-16
463.55        	1.135695e-16
463.6         	1.135695e-16
463.65        	1.135695e-16
463.7         	1.135695e-16
463.75        	1.135695e-16
463.8         	1.135695e-16
463.85        	1.135695e-16
463.9         	1.135695e-16
463.95        	1.135695e-16
464           	1.135695e-16
464.05        	1.135695e-16
464.1         	1.135695e-16
464.15        	1.135695e-16
464.2         	1.135695e-16
464.25        	1.135695e-16
464.3         	1.135695e-16
464.35        	1.135695e-16
464.4         	1.135695e-16
464.45        	1.135695e-16
464.5         	1.135695e-16
464.55        	1.135695e-16
464.6         	1.135695e-16
464.65        	1.135695e-16
464.7         	1.135695e-16
464.75        	1.135695e-16
464.8         	1.135695e-16
464.85        	1.135695e-16
464.9         	1.135695e-16
464.95        	1.135695e-16
465           	1.135695e-16
465.05        	1.135695e-16
465.1         	1.135695e-16
465.15        	1.135695e-16
465.2         	1.135695e-16
465.25        	1.135695e-16
465.3         	1.135695e-16
465.35        	1.135695e-16
465.4         	1.135695e-16
465.45        	1.135695e-16
465.5         	1.135695e-16
465.55        	1.135695e-16
465.6         	1.135695e-16
465.65        	1.135695e-16
465.7         	1.135695e-16
465.75        	1.135695e-16
465.8         	1.135695e-16
465.85        	1.135695e-16
465.9         	1.135695e-16
465.95        	1.135695e-16
466           	1.135695e-16
466.05        	1.135695e-16
466.1         	1.135695e-16
466.15        	1.135695e-16
466.2         	1.135695e-16
466.25        	1.135695e-16
466.3         	1.135695e-16
466.35        	1.135695e-16
466.4         	1.135695e-16
466.45        	1.135695e-16
466.5         	1.135695e-16
466.55        	1.135695e-16
466.6         	1.135695e-16
466.65        	1.135695e-16
466.7         	1.135695e-16
466.75        	1.135695e-16
466.8         	1.135695e-16
466.85        	1.135695e-16
466.9         	1.135695e-16
466.95        	1.135695e-16
467           	1.135695e-16
467.05        	1.135695e-16
467.1         	1.135695e-16
467.15        	1.135695e-16
467.2         	1.135695e-16
467.25        	1.135695e-16
467.3         	1.135695e-16
467.35        	1.135695e-16
467.4         	1.135695e-16
467.45        	1.135695e-16
467.5         	1.135695e-16
467.55        	1.135695e-16
467.6         	1.135695e-16
467.65        	1.135695e-16
467.7         	1.135695e-16
467.75        	1.135695e-16
467.8         	1.135695e-16
467.85        	1.135695e-16
467.9         	1.135695e-16
467.95        	1.135695e-16
468           	1.135695e-16
468.05        	1.135695e-16
468.1         	1.135695e-16
468.15        	1.135695e-16
468.2         	1.135695e-16
468.25        	1.135695e-16
468.3         	1.135695e-16
468.35        	1.135695e-16
468.4         	1.135695e-16
468.45        	1.135695e-16
468.5         	1.135695e-16
468.55        	1.135695e-16
468.6         	1.135695e-16
468.65        	1.135695e-16
468.7         	1.135695e-16
468.75        	1.135695e-16
468.8         	1.135695e-16
468.85        	1.135695e-16
468.9         	1.135695e-16
468.95        	1.135695e-16
469           	1.135695e-16
469.05        	1.135695e-16
469.1         	1.135695e-16
469.15        	1.135695e-16
469.2         	1.135695e-16
469.25        	1.135695e-16
469.3         	1.135695e-16
469.35        	1.135695e-16
469.4         	1.135695e-16
469.45        	1.135695e-16
469.5         	1.135695e-16
469.55        	1.135695e-16
469.6         	1.135695e-16
469.65        	1.135695e-16
469.7         	1.135695e-16
469.75        	1.135695e-16
469.8         	1.135695e-16
469.85        	1.135695e-16
469.9         	1.135695e-16
469.95        	1.135695e-16
470           	1.135695e-16
470.05        	1.135695e-16
470.1         	1.135695e-16
470.15        	1.135695e-16
470.2         	1.135695e-16
470.25        	1.135695e-16
470.3         	1.135695e-16
470.35        	1.135695e-16
470.4         	1.135695e-16
470.45        	1.135695e-16
470.5         	1.135695e-16
470.55        	1.135695e-16
470.6         	1.135695e-16
470.65        	1.135695e-16
470.7         	1.135695e-16
470.75        	1.135695e-16
470.8         	1.135695e-16
470.85        	1.135695e-16
470.9         	1.135695e-16
470.95        	1.135695e-16
471           	1.135695e-16
471.05        	1.135695e-16
471.1         	1.135695e-16
471.15        	1.135695e-16
471.2         	1.135695e-16
471.25        	1.135695e-16
471.3         	1.135695e-16
471.35        	1.135695e-16
471.4         	1.135695e-16
471.45        	1.135695e-16
471.5         	1.135695e-16
471.55        	1.135695e-16
471.6         	1.135695e-16
471.65        	1.135695e-16
471.7         	1.135695e-16
471.75        	1.135695e-16
471.8         	1.135695e-16
471.85        	1.135695e-16
471.9         	1.135695e-16
471.95        	1.135695e-16
472           	1.135695e-16
472.05        	1.135695e-16
472.1         	1.135695e-16
472.15        	1.135695e-16
472.2         	1.135695e-16
472.25        	1.135695e-16
472.3         	1.135695e-16
472.35        	1.135695e-16
472.4         	1.135695e-16
472.45        	1.135695e-16
472.5         	1.135695e-16
472.55        	1.135695e-16
472.6         	1.135695e-16
472.65        	1.135695e-16
472.7         	1.135695e-16
472.75        	1.135695e-16
472.8         	1.135695e-16
472.85        	1.135695e-16
472.9         	1.135695e-16
472.95        	1.135695e-16
473           	1.135695e-16
473.05        	1.135695e-16
473.1         	1.135695e-16
473.15        	1.135695e-16
473.2         	1.135695e-16
473.25        	1.135695e-16
473.3         	1.135695e-16
473.35        	1.135695e-16
473.4         	1.135695e-16
473.45        	1.135695e-16
473.5         	1.135695e-16
473.55        	1.135695e-16
473.6         	1.135695e-16
473.65        	1.135695e-16
473.7         	1.135695e-16
473.75        	1.135695e-16
473.8         	1.135695e-16
473.85        	1.135695e-16
473.9         	1.135695e-16
473.95        	1.135695e-16
474           	1.135695e-16
474.05        	1.135695e-16
474.1         	1.135695e-16
474.15        	1.135695e-16
474.2         	1.135695e-16
474.25        	1.135695e-16
474.3         	1.135695e-16
474.35        	1.135695e-16
474.4         	1.135695e-16
474.45        	1.135695e-16
474.5         	1.135695e-16
474.55        	1.135695e-16
474.6         	1.135695e-16
474.65        	1.135695e-16
474.7         	1.135695e-16
474.75        	1.135695e-16
474.8         	1.135695e-16
474.85        	1.135695e-16
474.9         	1.135695e-16
474.95        	1.135695e-16
475           	1.135695e-16
475.05        	1.135695e-16
475.1         	1.135695e-16
475.15        	1.135695e-16
475.2         	1.135695e-16
475.25        	1.135695e-16
475.3         	1.135695e-16
475.35        	1.135695e-16
475.4         	1.135695e-16
475.45        	1.135695e-16
475.5         	1.135695e-16
475.55        	1.135695e-16
475.6         	1.135695e-16
475.65        	1.135695e-16
475.7         	1.135695e-16
475.75        	1.135695e-16
475.8         	1.135695e-16
475.85        	1.135695e-16
475.9         	1.135695e-16
475.95        	1.135695e-16
476           	1.135695e-16
476.05        	1.135695e-16
476.1         	1.135695e-16
476.15        	1.135695e-16
476.2         	1.135695e-16
476.25        	1.135695e-16
476.3         	1.135695e-16
476.35        	1.135695e-16
476.4         	1.135695e-16
476.45        	1.135695e-16
476.5         	1.135695e-16
476.55        	1.135695e-16
476.6         	1.135695e-16
476.65        	1.135695e-16
476.7         	1.135695e-16
476.75        	1.135695e-16
476.8         	1.135695e-16
476.85        	1.135695e-16
476.9         	1.135695e-16
476.95        	1.135695e-16
477           	1.135695e-16
477.05        	1.135695e-16
477.1         	1.135695e-16
477.15        	1.135695e-16
477.2         	1.135695e-16
477.25        	1.135695e-16
477.3         	1.135695e-16
477.35        	1.135695e-16
477.4         	1.135695e-16
477.45        	1.135695e-16
477.5         	1.135695e-16
477.55        	1.135695e-16
477.6         	1.135695e-16
477.65        	1.135695e-16
477.7         	1.135695e-16
477.75        	1.135695e-16
477.8         	1.135695e-16
477.85        	1.135695e-16
477.9         	1.135695e-16
477.95        	1.135695e-16
478           	1.135695e-16
478.05        	1.135695e-16
478.1         	1.135695e-16
478.15        	1.135695e-16
478.2         	1.135695e-16
478.25        	1.135695e-16
478.3         	1.135695e-16
478.35        	1.135695e-16
478.4         	1.135695e-16
478.45        	1.135695e-16
478.5         	1.135695e-16
478.55        	1.135695e-16
478.6         	1.135695e-16
478.65        	1.135695e-16
478.7         	1.135695e-16
478.75        	1.135695e-16
478.8         	1.135695e-16
478.85        	1.135695e-16
478.9         	1.135695e-16
478.95        	1.135695e-16
479           	1.135695e-16
479.05        	1.135695e-16
479.1         	1.135695e-16
479.15        	1.135695e-16
479.2         	1.135695e-16
479.25        	1.135695e-16
479.3         	1.135695e-16
479.35        	1.135695e-16
479.4         	1.135695e-16
479.45        	1.135695e-16
479.5         	1.135695e-16
479.55        	1.135695e-16
479.6         	1.135695e-16
479.65        	1.135695e-16
479.7         	1.135695e-16
479.75        	1.135695e-16
479.8         	1.135695e-16
479.85        	1.135695e-16
479.9         	1.135695e-16
479.95        	1.135695e-16
480           	1.135695e-16
480.05        	1.135695e-16
480.1         	1.135695e-16
480.15        	1.135695e-16
480.2         	1.135695e-16
480.25        	1.135695e-16
480.3         	1.135695e-16
480.35        	1.135695e-16
480.4         	1.135695e-16
480.45        	1.135695e-16
480.5         	1.135695e-16
480.55        	1.135695e-16
480.6         	1.135695e-16
480.65        	1.135695e-16
480.7         	1.135695e-16
480.75        	1.135695e-16
480.8         	1.135695e-16
480.85        	1.135695e-16
480.9         	1.135695e-16
480.95        	1.135695e-16
481           	1.135695e-16
481.05        	1.135695e-16
481.1         	1.135695e-16
481.15        	1.135695e-16
481.2         	1.135695e-16
481.25        	1.135695e-16
481.3         	1.135695e-16
481.35        	1.135695e-16
481.4         	1.135695e-16
481.45        	1.135695e-16
481.5         	1.135695e-16
481.55        	1.135695e-16
481.6         	1.135695e-16
481.65        	1.135695e-16
481.7         	1.135695e-16
481.75        	1.135695e-16
481.8         	1.135695e-16
481.85        	1.135695e-16
481.9         	1.135695e-16
481.95        	1.135695e-16
482           	1.135695e-16
482.05        	1.135695e-16
482.1         	1.135695e-16
482.15        	1.135695e-16
482.2         	1.135695e-16
482.25        	1.135695e-16
482.3         	1.135695e-16
482.35        	1.135695e-16
482.4         	1.135695e-16
482.45        	1.135695e-16
482.5         	1.135695e-16
482.55        	1.135695e-16
482.6         	1.135695e-16
482.65        	1.135695e-16
482.7         	1.135695e-16
482.75        	1.135695e-16
482.8         	1.135695e-16
482.85        	1.135695e-16
482.9         	1.135695e-16
482.95        	1.135695e-16
483           	1.135695e-16
483.05        	1.135695e-16
483.1         	1.135695e-16
483.15        	1.135695e-16
483.2         	1.135695e-16
483.25        	1.135695e-16
483.3         	1.135695e-16
483.35        	1.135695e-16
483.4         	1.135695e-16
483.45        	1.135695e-16
483.5         	1.135695e-16
483.55        	1.135695e-16
483.6         	1.135695e-16
483.65        	1.135695e-16
483.7         	1.135695e-16
483.75        	1.135695e-16
483.8         	1.135695e-16
483.85        	1.135695e-16
483.9         	1.135695e-16
483.95        	1.135695e-16
484           	1.135695e-16
484.05        	1.135695e-16
484.1         	1.135695e-16
484.15        	1.135695e-16
484.2         	1.135695e-16
484.25        	1.135695e-16
484.3         	1.135695e-16
484.35        	1.135695e-16
484.4         	1.135695e-16
484.45        	1.135695e-16
484.5         	1.135695e-16
484.55        	1.135695e-16
484.6         	1.135695e-16
484.65        	1.135695e-16
484.7         	1.135695e-16
484.75        	1.135695e-16
484.8         	1.135695e-16
484.85        	1.135695e-16
484.9         	1.135695e-16
484.95        	1.135695e-16
485           	1.135695e-16
485.05        	1.135695e-16
485.1         	1.135695e-16
485.15        	1.135695e-16
485.2         	1.135695e-16
485.25        	1.135695e-16
485.3         	1.135695e-16
485.35        	1.135695e-16
485.4         	1.135695e-16
485.45        	1.135695e-16
485.5         	1.135695e-16
485.55        	1.135695e-16
485.6         	1.135695e-16
485.65        	1.135695e-16
485.7         	1.135695e-16
485.75        	1.135695e-16
485.8         	1.135695e-16
485.85        	1.135695e-16
485.9         	1.135695e-16
485.95        	1.135695e-16
486           	1.135695e-16
486.05        	1.135695e-16
486.1         	1.135695e-16
486.15        	1.135695e-16
486.2         	1.135695e-16
486.25        	1.135695e-16
486.3         	1.135695e-16
486.35        	1.135695e-16
486.4         	1.135695e-16
486.45        	1.135695e-16
486.5         	1.135695e-16
486.55        	1.135695e-16
486.6         	1.135695e-16
486.65        	1.135695e-16
486.7         	1.135695e-16
486.75        	1.135695e-16
486.8         	1.135695e-16
486.85        	1.135695e-16
486.9         	1.135695e-16
486.95        	1.135695e-16
487           	1.135695e-16
487.05        	1.135695e-16
487.1         	1.135695e-16
487.15        	1.135695e-16
487.2         	1.135695e-16
487.25        	1.135695e-16
487.3         	1.135695e-16
487.35        	1.135695e-16
487.4         	1.135695e-16
487.45        	1.135695e-16
487.5         	1.135695e-16
487.55        	1.135695e-16
487.6         	1.135695e-16
487.65        	1.135695e-16
487.7         	1.135695e-16
487.75        	1.135695e-16
487.8         	1.135695e-16
487.85        	1.135695e-16
487.9         	1.135695e-16
487.95        	1.135695e-16
488           	1.135695e-16
488.05        	1.135695e-16
488.1         	1.135695e-16
488.15        	1.135695e-16
488.2         	1.135695e-16
488.25        	1.135695e-16
488.3         	1.135695e-16
488.35        	1.135695e-16
488.4         	1.135695e-16
488.45        	1.135695e-16
488.5         	1.135695e-16
488.55        	1.135695e-16
488.6         	1.135695e-16
488.65        	1.135695e-16
488.7         	1.135695e-16
488.75        	1.135695e-16
488.8         	1.135695e-16
488.85        	1.135695e-16
488.9         	1.135695e-16
488.95        	1.135695e-16
489           	1.135695e-16
489.05        	1.135695e-16
489.1         	1.135695e-16
489.15        	1.135695e-16
489.2         	1.135695e-16
489.25        	1.135695e-16
489.3         	1.135695e-16
489.35        	1.135695e-16
489.4         	1.135695e-16
489.45        	1.135695e-16
489.5         	1.135695e-16
489.55        	1.135695e-16
489.6         	1.135695e-16
489.65        	1.135695e-16
489.7         	1.135695e-16
489.75        	1.135695e-16
489.8         	1.135695e-16
489.85        	1.135695e-16
489.9         	1.135695e-16
489.95        	1.135695e-16
490           	1.135695e-16
490.05        	1.135695e-16
490.1         	1.135695e-16
490.15        	1.135695e-16
490.2         	1.135695e-16
490.25        	1.135695e-16
490.3         	1.135695e-16
490.35        	1.135695e-16
490.4         	1.135695e-16
490.45        	1.135695e-16
490.5         	1.135695e-16
490.55        	1.135695e-16
490.6         	1.135695e-16
490.65        	1.135695e-16
490.7         	1.135695e-16
490.75        	1.135695e-16
490.8         	1.135695e-16
490.85        	1.135695e-16
490.9         	1.135695e-16
490.95        	1.135695e-16
491           	1.135695e-16
491.05        	1.135695e-16
491.1         	1.135695e-16
491.15        	1.135695e-16
491.2         	1.135695e-16
491.25        	1.135695e-16
491.3         	1.135695e-16
491.35        	1.135695e-16
491.4         	1.135695e-16
491.45        	1.135695e-16
491.5         	1.135695e-16
491.55        	1.135695e-16
491.6         	1.135695e-16
491.65        	1.135695e-16
491.7         	1.135695e-16
491.75        	1.135695e-16
491.8         	1.135695e-16
491.85        	1.135695e-16
491.9         	1.135695e-16
491.95        	1.135695e-16
492           	1.135695e-16
492.05        	1.135695e-16
492.1         	1.135695e-16
492.15        	1.135695e-16
492.2         	1.135695e-16
492.25        	1.135695e-16
492.3         	1.135695e-16
492.35        	1.135695e-16
492.4         	1.135695e-16
492.45        	1.135695e-16
492.5         	1.135695e-16
492.55        	1.135695e-16
492.6         	1.135695e-16
492.65        	1.135695e-16
492.7         	1.135695e-16
492.75        	1.135695e-16
492.8         	1.135695e-16
492.85        	1.135695e-16
492.9         	1.135695e-16
492.95        	1.135695e-16
493           	1.135695e-16
493.05        	1.135695e-16
493.1         	1.135695e-16
493.15        	1.135695e-16
493.2         	1.135695e-16
493.25        	1.135695e-16
493.3         	1.135695e-16
493.35        	1.135695e-16
493.4         	1.135695e-16
493.45        	1.135695e-16
493.5         	1.135695e-16
493.55        	1.135695e-16
493.6         	1.135695e-16
493.65        	1.135695e-16
493.7         	1.135695e-16
493.75        	1.135695e-16
493.8         	1.135695e-16
493.85        	1.135695e-16
493.9         	1.135695e-16
493.95        	1.135695e-16
494           	1.135695e-16
494.05        	1.135695e-16
494.1         	1.135695e-16
494.15        	1.135695e-16
494.2         	1.135695e-16
494.25        	1.135695e-16
494.3         	1.135695e-16
494.35        	1.135695e-16
494.4         	1.135695e-16
494.45        	1.135695e-16
494.5         	1.135695e-16
494.55        	1.135695e-16
494.6         	1.135695e-16
494.65        	1.135695e-16
494.7         	1.135695e-16
494.75        	1.135695e-16
494.8         	1.135695e-16
494.85        	1.135695e-16
494.9         	1.135695e-16
494.95        	1.135695e-16
495           	1.135695e-16
495.05        	1.135695e-16
495.1         	1.135695e-16
495.15        	1.135695e-16
495.2         	1.135695e-16
495.25        	1.135695e-16
495.3         	1.135695e-16
495.35        	1.135695e-16
495.4         	1.135695e-16
495.45        	1.135695e-16
495.5         	1.135695e-16
495.55        	1.135695e-16
495.6         	1.135695e-16
495.65        	1.135695e-16
495.7         	1.135695e-16
495.75        	1.135695e-16
495.8         	1.135695e-16
495.85        	1.135695e-16
495.9         	1.135695e-16
495.95        	1.135695e-16
496           	1.135695e-16
496.05        	1.135695e-16
496.1         	1.135695e-16
496.15        	1.135695e-16
496.2         	1.135695e-16
496.25        	1.135695e-16
496.3         	1.135695e-16
496.35        	1.135695e-16
496.4         	1.135695e-16
496.45        	1.135695e-16
496.5         	1.135695e-16
496.55        	1.135695e-16
496.6         	1.135695e-16
496.65        	1.135695e-16
496.7         	1.135695e-16
496.75        	1.135695e-16
496.8         	1.135695e-16
496.85        	1.135695e-16
496.9         	1.135695e-16
496.95        	1.135695e-16
497           	1.135695e-16
497.05        	1.135695e-16
497.1         	1.135695e-16
497.15        	1.135695e-16
497.2         	1.135695e-16
497.25        	1.135695e-16
497.3         	1.135695e-16
497.35        	1.135695e-16
497.4         	1.135695e-16
497.45        	1.135695e-16
497.5         	1.135695e-16
497.55        	1.135695e-16
497.6         	1.135695e-16
497.65        	1.135695e-16
497.7         	1.135695e-16
497.75        	1.135695e-16
497.8         	1.135695e-16
497.85        	1.135695e-16
497.9         	1.135695e-16
497.95        	1.135695e-16
498           	1.135695e-16
498.05        	1.135695e-16
498.1         	1.135695e-16
498.15        	1.135695e-16
498.2         	1.135695e-16
498.25        	1.135695e-16
498.3         	1.135695e-16
498.35        	1.135695e-16
498.4         	1.135695e-16
498.45        	1.135695e-16
498.5         	1.135695e-16
498.55        	1.135695e-16
498.6         	1.135695e-16
498.65        	1.135695e-16
498.7         	1.135695e-16
498.75        	1.135695e-16
498.8         	1.135695e-16
498.85        	1.135695e-16
498.9         	1.135695e-16
498.95        	1.135695e-16
499           	1.135695e-16
499.05        	1.135695e-16
499.1         	1.135695e-16
499.15        	1.135695e-16
499.2         	1.135695e-16
499.25        	1.135695e-16
499.3         	1.135695e-16
499.35        	1.135695e-16
499.4         	1.135695e-16
499.45        	1.135695e-16
499.5         	1.135695e-16
499.55        	1.135695e-16
499.6         	1.135695e-16
499.65        	1.135695e-16
499.7         	1.135695e-16
499.75        	1.135695e-16
499.8         	1.135695e-16
499.85        	1.135695e-16
499.9         	1.135695e-16
499.95        	1.135695e-16
500           	1.135695e-16
500.05        	1.135695e-16
500.1         	1.135695e-16
500.15        	1.135695e-16
500.2         	1.135695e-16
500.25        	1.135695e-16
500.3         	1.135695e-16
500.35        	1.135695e-16
500.4         	1.135695e-16
500.45        	1.135695e-16
500.5         	1.135695e-16
500.55        	1.135695e-16
500.6         	1.135695e-16
500.65        	1.135695e-16
500.7         	1.135695e-16
500.75        	1.135695e-16
500.8         	1.135695e-16
500.85        	1.135695e-16
500.9         	1.135695e-16
500.95        	1.135695e-16
501           	1.135695e-16
501.05        	1.135695e-16
501.1         	1.135695e-16
501.15        	1.135695e-16
501.2         	1.135695e-16
501.25        	1.135695e-16
501.3         	1.135695e-16
501.35        	1.135695e-16
501.4         	1.135695e-16
501.45        	1.135695e-16
501.5         	1.135695e-16
501.55        	1.135695e-16
501.6         	1.135695e-16
501.65        	1.135695e-16
501.7         	1.135695e-16
501.75        	1.135695e-16
501.8         	1.135695e-16
501.85        	1.135695e-16
501.9         	1.135695e-16
501.95        	1.135695e-16
502           	1.135695e-16
502.05        	1.135695e-16
502.1         	1.135695e-16
502.15        	1.135695e-16
502.2         	1.135695e-16
502.25        	1.135695e-16
502.3         	1.135695e-16
502.35        	1.135695e-16
502.4         	1.135695e-16
502.45        	1.135695e-16
502.5         	1.135695e-16
502.55        	1.135695e-16
502.6         	1.135695e-16
502.65        	1.135695e-16
502.7         	1.135695e-16
502.75        	1.135695e-16
502.8         	1.135695e-16
502.85        	1.135695e-16
502.9         	1.135695e-16
502.95        	1.135695e-16
503           	1.135695e-16
503.05        	1.135695e-16
503.1         	1.135695e-16
503.15        	1.135695e-16
503.2         	1.135695e-16
503.25        	1.135695e-16
503.3         	1.135695e-16
503.35        	1.135695e-16
503.4         	1.135695e-16
503.45        	1.135695e-16
503.5         	1.135695e-16
503.55        	1.135695e-16
503.6         	1.135695e-16
503.65        	1.135695e-16
503.7         	1.135695e-16
503.75        	1.135695e-16
503.8         	1.135695e-16
503.85        	1.135695e-16
503.9         	1.135695e-16
503.95        	1.135695e-16
504           	1.135695e-16
504.05        	1.135695e-16
504.1         	1.135695e-16
504.15        	1.135695e-16
504.2         	1.135695e-16
504.25        	1.135695e-16
504.3         	1.135695e-16
504.35        	1.135695e-16
504.4         	1.135695e-16
504.45        	1.135695e-16
504.5         	1.135695e-16
504.55        	1.135695e-16
504.6         	1.135695e-16
504.65        	1.135695e-16
504.7         	1.135695e-16
504.75        	1.135695e-16
504.8         	1.135695e-16
504.85        	1.135695e-16
504.9         	1.135695e-16
504.95        	1.135695e-16
505           	1.135695e-16
505.05        	1.135695e-16
505.1         	1.135695e-16
505.15        	1.135695e-16
505.2         	1.135695e-16
505.25        	1.135695e-16
505.3         	1.135695e-16
505.35        	1.135695e-16
505.4         	1.135695e-16
505.45        	1.135695e-16
505.5         	1.135695e-16
505.55        	1.135695e-16
505.6         	1.135695e-16
505.65        	1.135695e-16
505.7         	1.135695e-16
505.75        	1.135695e-16
505.8         	1.135695e-16
505.85        	1.135695e-16
505.9         	1.135695e-16
505.95        	1.135695e-16
506           	1.135695e-16
506.05        	1.135695e-16
506.1         	1.135695e-16
506.15        	1.135695e-16
506.2         	1.135695e-16
506.25        	1.135695e-16
506.3         	1.135695e-16
506.35        	1.135695e-16
506.4         	1.135695e-16
506.45        	1.135695e-16
506.5         	1.135695e-16
506.55        	1.135695e-16
506.6         	1.135695e-16
506.65        	1.135695e-16
506.7         	1.135695e-16
506.75        	1.135695e-16
506.8         	1.135695e-16
506.85        	1.135695e-16
506.9         	1.135695e-16
506.95        	1.135695e-16
507           	1.135695e-16
507.05        	1.135695e-16
507.1         	1.135695e-16
507.15        	1.135695e-16
507.2         	1.135695e-16
507.25        	1.135695e-16
507.3         	1.135695e-16
507.35        	1.135695e-16
507.4         	1.135695e-16
507.45        	1.135695e-16
507.5         	1.135695e-16
507.55        	1.135695e-16
507.6         	1.135695e-16
507.65        	1.135695e-16
507.7         	1.135695e-16
507.75        	1.135695e-16
507.8         	1.135695e-16
507.85        	1.135695e-16
507.9         	1.135695e-16
507.95        	1.135695e-16
508           	1.135695e-16
508.05        	1.135695e-16
508.1         	1.135695e-16
508.15        	1.135695e-16
508.2         	1.135695e-16
508.25        	1.135695e-16
508.3         	1.135695e-16
508.35        	1.135695e-16
508.4         	1.135695e-16
508.45        	1.135695e-16
508.5         	1.135695e-16
508.55        	1.135695e-16
508.6         	1.135695e-16
508.65        	1.135695e-16
508.7         	1.135695e-16
508.75        	1.135695e-16
508.8         	1.135695e-16
508.85        	1.135695e-16
508.9         	1.135695e-16
508.95        	1.135695e-16
509           	1.135695e-16
509.05        	1.135695e-16
509.1         	1.135695e-16
509.15        	1.135695e-16
509.2         	1.135695e-16
509.25        	1.135695e-16
509.3         	1.135695e-16
509.35        	1.135695e-16
509.4         	1.135695e-16
509.45        	1.135695e-16
509.5         	1.135695e-16
509.55        	1.135695e-16
509.6         	1.135695e-16
509.65        	1.135695e-16
509.7         	1.135695e-16
509.75        	1.135695e-16
509.8         	1.135695e-16
509.85        	1.135695e-16
509.9         	1.135695e-16
509.95        	1.135695e-16
510           	1.135695e-16
510.05        	1.135695e-16
510.1         	1.135695e-16
510.15        	1.135695e-16
510.2         	1.135695e-16
510.25        	1.135695e-16
510.3         	1.135695e-16
510.35        	1.135695e-16
510.4         	1.135695e-16
510.45        	1.135695e-16
510.5         	1.135695e-16
510.55        	1.135695e-16
510.6         	1.135695e-16
510.65        	1.135695e-16
510.7         	1.135695e-16
510.75        	1.135695e-16
510.8         	1.135695e-16
510.85        	1.135695e-16
510.9         	1.135695e-16
510.95        	1.135695e-16
511           	1.135695e-16
511.05        	1.135695e-16
511.1         	1.135695e-16
511.15        	1.135695e-16
511.2         	1.135695e-16
511.25        	1.135695e-16
511.3         	1.135695e-16
511.35        	1.135695e-16
511.4         	1.135695e-16
511.45        	1.135695e-16
511.5         	1.135695e-16
511.55        	1.135695e-16
511.6         	1.135695e-16
511.65        	1.135695e-16
511.7         	1.135695e-16
511.75        	1.135695e-16
511.8         	1.135695e-16
511.85        	1.135695e-16
511.9         	1.135695e-16
511.95        	1.135695e-16
512           	1.135695e-16
512.05        	1.135695e-16
512.1         	1.135695e-16
512.15        	1.135695e-16
512.2         	1.135695e-16
512.25        	1.135695e-16
512.3         	1.135695e-16
512.35        	1.135695e-16
512.4         	1.135695e-16
512.45        	1.135695e-16
512.5         	1.135695e-16
512.55        	1.135695e-16
512.6         	1.135695e-16
512.65        	1.135695e-16
512.7         	1.135695e-16
512.75        	1.135695e-16
512.8         	1.135695e-16
512.85        	1.135695e-16
512.9         	1.135695e-16
512.95        	1.135695e-16
513           	1.135695e-16
513.05        	1.135695e-16
513.1         	1.135695e-16
513.15        	1.135695e-16
513.2         	1.135695e-16
513.25        	1.135695e-16
513.3         	1.135695e-16
513.35        	1.135695e-16
513.4         	1.135695e-16
513.45        	1.135695e-16
513.5         	1.135695e-16
513.55        	1.135695e-16
513.6         	1.135695e-16
513.65        	1.135695e-16
513.7         	1.135695e-16
513.75        	1.135695e-16
513.8         	1.135695e-16
513.85        	1.135695e-16
513.9         	1.135695e-16
513.95        	1.135695e-16
514           	1.135695e-16
514.05        	1.135695e-16
514.1         	1.135695e-16
514.15        	1.135695e-16
514.2         	1.135695e-16
514.25        	1.135695e-16
514.3         	1.135695e-16
514.35        	1.135695e-16
514.4         	1.135695e-16
514.45        	1.135695e-16
514.5         	1.135695e-16
514.55        	1.135695e-16
514.6         	1.135695e-16
514.65        	1.135695e-16
514.7         	1.135695e-16
514.75        	1.135695e-16
514.8         	1.135695e-16
514.85        	1.135695e-16
514.9         	1.135695e-16
514.95        	1.135695e-16
515           	1.135695e-16
515.05        	1.135695e-16
515.1         	1.135695e-16
515.15        	1.135695e-16
515.2         	1.135695e-16
515.25        	1.135695e-16
515.3         	1.135695e-16
515.35        	1.135695e-16
515.4         	1.135695e-16
515.45        	1.135695e-16
515.5         	1.135695e-16
515.55        	1.135695e-16
515.6         	1.135695e-16
515.65        	1.135695e-16
515.7         	1.135695e-16
515.75        	1.135695e-16
515.8         	1.135695e-16
515.85        	1.135695e-16
515.9         	1.135695e-16
515.95        	1.135695e-16
516           	1.135695e-16
516.05        	1.135695e-16
516.1         	1.135695e-16
516.15        	1.135695e-16
516.2         	1.135695e-16
516.25        	1.135695e-16
516.3         	1.135695e-16
516.35        	1.135695e-16
516.4         	1.135695e-16
516.45        	1.135695e-16
516.5         	1.135695e-16
516.55        	1.135695e-16
516.6         	1.135695e-16
516.65        	1.135695e-16
516.7         	1.135695e-16
516.75        	1.135695e-16
516.8         	1.135695e-16
516.85        	1.135695e-16
516.9         	1.135695e-16
516.95        	1.135695e-16
517           	1.135695e-16
517.05        	1.135695e-16
517.1         	1.135695e-16
517.15        	1.135695e-16
517.2         	1.135695e-16
517.25        	1.135695e-16
517.3         	1.135695e-16
517.35        	1.135695e-16
517.4         	1.135695e-16
517.45        	1.135695e-16
517.5         	1.135695e-16
517.55        	1.135695e-16
517.6         	1.135695e-16
517.65        	1.135695e-16
517.7         	1.135695e-16
517.75        	1.135695e-16
517.8         	1.135695e-16
517.85        	1.135695e-16
517.9         	1.135695e-16
517.95        	1.135695e-16
518           	1.135695e-16
518.05        	1.135695e-16
518.1         	1.135695e-16
518.15        	1.135695e-16
518.2         	1.135695e-16
518.25        	1.135695e-16
518.3         	1.135695e-16
518.35        	1.135695e-16
518.4         	1.135695e-16
518.45        	1.135695e-16
518.5         	1.135695e-16
518.55        	1.135695e-16
518.6         	1.135695e-16
518.65        	1.135695e-16
518.7         	1.135695e-16
518.75        	1.135695e-16
518.8         	1.135695e-16
518.85        	1.135695e-16
518.9         	1.135695e-16
518.95        	1.135695e-16
519           	1.135695e-16
519.05        	1.135695e-16
519.1         	1.135695e-16
519.15        	1.135695e-16
519.2         	1.135695e-16
519.25        	1.135695e-16
519.3         	1.135695e-16
519.35        	1.135695e-16
519.4         	1.135695e-16
519.45        	1.135695e-16
519.5         	1.135695e-16
519.55        	1.135695e-16
519.6         	1.135695e-16
519.65        	1.135695e-16
519.7         	1.135695e-16
519.75        	1.135695e-16
519.8         	1.135695e-16
519.85        	1.135695e-16
519.9         	1.135695e-16
519.95        	1.135695e-16
520           	1.135695e-16
520.05        	1.135695e-16
520.1         	1.135695e-16
520.15        	1.135695e-16
520.2         	1.135695e-16
520.25        	1.135695e-16
520.3         	1.135695e-16
520.35        	1.135695e-16
520.4         	1.135695e-16
520.45        	1.135695e-16
520.5         	1.135695e-16
520.55        	1.135695e-16
520.6         	1.135695e-16
520.65        	1.135695e-16
520.7         	1.135695e-16
520.75        	1.135695e-16
520.8         	1.135695e-16
520.85        	1.135695e-16
520.9         	1.135695e-16
520.95        	1.135695e-16
521           	1.135695e-16
521.05        	1.135695e-16
521.1         	1.135695e-16
521.15        	1.135695e-16
521.2         	1.135695e-16
521.25        	1.135695e-16
521.3         	1.135695e-16
521.35        	1.135695e-16
521.4         	1.135695e-16
521.45        	1.135695e-16
521.5         	1.135695e-16
521.55        	1.135695e-16
521.6         	1.135695e-16
521.65        	1.135695e-16
521.7         	1.135695e-16
521.75        	1.135695e-16
521.8         	1.135695e-16
521.85        	1.135695e-16
521.9         	1.135695e-16
521.95        	1.135695e-16
522           	1.135695e-16
522.05        	1.135695e-16
522.1         	1.135695e-16
522.15        	1.135695e-16
522.2         	1.135695e-16
522.25        	1.135695e-16
522.3         	1.135695e-16
522.35        	1.135695e-16
522.4         	1.135695e-16
522.45        	1.135695e-16
522.5         	1.135695e-16
522.55        	1.135695e-16
522.6         	1.135695e-16
522.65        	1.135695e-16
522.7         	1.135695e-16
522.75        	1.135695e-16
522.8         	1.135695e-16
522.85        	1.135695e-16
522.9         	1.135695e-16
522.95        	1.135695e-16
523           	1.135695e-16
523.05        	1.135695e-16
523.1         	1.135695e-16
523.15        	1.135695e-16
523.2         	1.135695e-16
523.25        	1.135695e-16
523.3         	1.135695e-16
523.35        	1.135695e-16
523.4         	1.135695e-16
523.45        	1.135695e-16
523.5         	1.135695e-16
523.55        	1.135695e-16
523.6         	1.135695e-16
523.65        	1.135695e-16
523.7         	1.135695e-16
523.75        	1.135695e-16
523.8         	1.135695e-16
523.85        	1.135695e-16
523.9         	1.135695e-16
523.95        	1.135695e-16
524           	1.135695e-16
524.05        	1.135695e-16
524.1         	1.135695e-16
524.15        	1.135695e-16
524.2         	1.135695e-16
524.25        	1.135695e-16
524.3         	1.135695e-16
524.35        	1.135695e-16
524.4         	1.135695e-16
524.45        	1.135695e-16
524.5         	1.135695e-16
524.55        	1.135695e-16
524.6         	1.135695e-16
524.65        	1.135695e-16
524.7         	1.135695e-16
524.75        	1.135695e-16
524.8         	1.135695e-16
524.85        	1.135695e-16
524.9         	1.135695e-16
524.95        	1.135695e-16
525           	1.135695e-16
525.05        	1.135695e-16
525.1         	1.135695e-16
525.15        	1.135695e-16
525.2         	1.135695e-16
525.25        	1.135695e-16
525.3         	1.135695e-16
525.35        	1.135695e-16
525.4         	1.135695e-16
525.45        	1.135695e-16
525.5         	1.135695e-16
525.55        	1.135695e-16
525.6         	1.135695e-16
525.65        	1.135695e-16
525.7         	1.135695e-16
525.75        	1.135695e-16
525.8         	1.135695e-16
525.85        	1.135695e-16
525.9         	1.135695e-16
525.95        	1.135695e-16
526           	1.135695e-16
526.05        	1.135695e-16
526.1         	1.135695e-16
526.15        	1.135695e-16
526.2         	1.135695e-16
526.25        	1.135695e-16
526.3         	1.135695e-16
526.35        	1.135695e-16
526.4         	1.135695e-16
526.45        	1.135695e-16
526.5         	1.135695e-16
526.55        	1.135695e-16
526.6         	1.135695e-16
526.65        	1.135695e-16
526.7         	1.135695e-16
526.75        	1.135695e-16
526.8         	1.135695e-16
526.85        	1.135695e-16
526.9         	1.135695e-16
526.95        	1.135695e-16
527           	1.135695e-16
527.05        	1.135695e-16
527.1         	1.135695e-16
527.15        	1.135695e-16
527.2         	1.135695e-16
527.25        	1.135695e-16
527.3         	1.135695e-16
527.35        	1.135695e-16
527.4         	1.135695e-16
527.45        	1.135695e-16
527.5         	1.135695e-16
527.55        	1.135695e-16
527.6         	1.135695e-16
527.65        	1.135695e-16
527.7         	1.135695e-16
527.75        	1.135695e-16
527.8         	1.135695e-16
527.85        	1.135695e-16
527.9         	1.135695e-16
527.95        	1.135695e-16
528           	1.135695e-16
528.05        	1.135695e-16
528.1         	1.135695e-16
528.15        	1.135695e-16
528.2         	1.135695e-16
528.25        	1.135695e-16
528.3         	1.135695e-16
528.35        	1.135695e-16
528.4         	1.135695e-16
528.45        	1.135695e-16
528.5         	1.135695e-16
528.55        	1.135695e-16
528.6         	1.135695e-16
528.65        	1.135695e-16
528.7         	1.135695e-16
528.75        	1.135695e-16
528.8         	1.135695e-16
528.85        	1.135695e-16
528.9         	1.135695e-16
528.95        	1.135695e-16
529           	1.135695e-16
529.05        	1.135695e-16
529.1         	1.135695e-16
529.15        	1.135695e-16
529.2         	1.135695e-16
529.25        	1.135695e-16
529.3         	1.135695e-16
529.35        	1.135695e-16
529.4         	1.135695e-16
529.45        	1.135695e-16
529.5         	1.135695e-16
529.55        	1.135695e-16
529.6         	1.135695e-16
529.65        	1.135695e-16
529.7         	1.135695e-16
529.75        	1.135695e-16
529.8         	1.135695e-16
529.85        	1.135695e-16
529.9         	1.135695e-16
529.95        	1.135695e-16
530           	1.135695e-16
530.05        	1.135695e-16
530.1         	1.135695e-16
530.15        	1.135695e-16
530.2         	1.135695e-16
530.25        	1.135695e-16
530.3         	1.135695e-16
530.35        	1.135695e-16
530.4         	1.135695e-16
530.45        	1.135695e-16
530.5         	1.135695e-16
530.55        	1.135695e-16
530.6         	1.135695e-16
530.65        	1.135695e-16
530.7         	1.135695e-16
530.75        	1.135695e-16
530.8         	1.135695e-16
530.85        	1.135695e-16
530.9         	1.135695e-16
530.95        	1.135695e-16
531           	1.135695e-16
531.05        	1.135695e-16
531.1         	1.135695e-16
531.15        	1.135695e-16
531.2         	1.135695e-16
531.25        	1.135695e-16
531.3         	1.135695e-16
531.35        	1.135695e-16
531.4         	1.135695e-16
531.45        	1.135695e-16
531.5         	1.135695e-16
531.55        	1.135695e-16
531.6         	1.135695e-16
531.65        	1.135695e-16
531.7         	1.135695e-16
531.75        	1.135695e-16
531.8         	1.135695e-16
531.85        	1.135695e-16
531.9         	1.135695e-16
531.95        	1.135695e-16
532           	1.135695e-16
532.05        	1.135695e-16
532.1         	1.135695e-16
532.15        	1.135695e-16
532.2         	1.135695e-16
532.25        	1.135695e-16
532.3         	1.135695e-16
532.35        	1.135695e-16
532.4         	1.135695e-16
532.45        	1.135695e-16
532.5         	1.135695e-16
532.55        	1.135695e-16
532.6         	1.135695e-16
532.65        	1.135695e-16
532.7         	1.135695e-16
532.75        	1.135695e-16
532.8         	1.135695e-16
532.85        	1.135695e-16
532.9         	1.135695e-16
532.95        	1.135695e-16
533           	1.135695e-16
533.05        	1.135695e-16
533.1         	1.135695e-16
533.15        	1.135695e-16
533.2         	1.135695e-16
533.25        	1.135695e-16
533.3         	1.135695e-16
533.35        	1.135695e-16
533.4         	1.135695e-16
533.45        	1.135695e-16
533.5         	1.135695e-16
533.55        	1.135695e-16
533.6         	1.135695e-16
533.65        	1.135695e-16
533.7         	1.135695e-16
533.75        	1.135695e-16
533.8         	1.135695e-16
533.85        	1.135695e-16
533.9         	1.135695e-16
533.95        	1.135695e-16
534           	1.135695e-16
534.05        	1.135695e-16
534.1         	1.135695e-16
534.15        	1.135695e-16
534.2         	1.135695e-16
534.25        	1.135695e-16
534.3         	1.135695e-16
534.35        	1.135695e-16
534.4         	1.135695e-16
534.45        	1.135695e-16
534.5         	1.135695e-16
534.55        	1.135695e-16
534.6         	1.135695e-16
534.65        	1.135695e-16
534.7         	1.135695e-16
534.75        	1.135695e-16
534.8         	1.135695e-16
534.85        	1.135695e-16
534.9         	1.135695e-16
534.95        	1.135695e-16
535           	1.135695e-16
535.05        	1.135695e-16
535.1         	1.135695e-16
535.15        	1.135695e-16
535.2         	1.135695e-16
535.25        	1.135695e-16
535.3         	1.135695e-16
535.35        	1.135695e-16
535.4         	1.135695e-16
535.45        	1.135695e-16
535.5         	1.135695e-16
535.55        	1.135695e-16
535.6         	1.135695e-16
535.65        	1.135695e-16
535.7         	1.135695e-16
535.75        	1.135695e-16
535.8         	1.135695e-16
535.85        	1.135695e-16
535.9         	1.135695e-16
535.95        	1.135695e-16
536           	1.135695e-16
536.05        	1.135695e-16
536.1         	1.135695e-16
536.15        	1.135695e-16
536.2         	1.135695e-16
536.25        	1.135695e-16
536.3         	1.135695e-16
536.35        	1.135695e-16
536.4         	1.135695e-16
536.45        	1.135695e-16
536.5         	1.135695e-16
536.55        	1.135695e-16
536.6         	1.135695e-16
536.65        	1.135695e-16
536.7         	1.135695e-16
536.75        	1.135695e-16
536.8         	1.135695e-16
536.85        	1.135695e-16
536.9         	1.135695e-16
536.95        	1.135695e-16
537           	1.135695e-16
537.05        	1.135695e-16
537.1         	1.135695e-16
537.15        	1.135695e-16
537.2         	1.135695e-16
537.25        	1.135695e-16
537.3         	1.135695e-16
537.35        	1.135695e-16
537.4         	1.135695e-16
537.45        	1.135695e-16
537.5         	1.135695e-16
537.55        	1.135695e-16
537.6         	1.135695e-16
537.65        	1.135695e-16
537.7         	1.135695e-16
537.75        	1.135695e-16
537.8         	1.135695e-16
537.85        	1.135695e-16
537.9         	1.135695e-16
537.95        	1.135695e-16
538           	1.135695e-16
538.05        	1.135695e-16
538.1         	1.135695e-16
538.15        	1.135695e-16
538.2         	1.135695e-16
538.25        	1.135695e-16
538.3         	1.135695e-16
538.35        	1.135695e-16
538.4         	1.135695e-16
538.45        	1.135695e-16
538.5         	1.135695e-16
538.55        	1.135695e-16
538.6         	1.135695e-16
538.65        	1.135695e-16
538.7         	1.135695e-16
538.75        	1.135695e-16
538.8         	1.135695e-16
538.85        	1.135695e-16
538.9         	1.135695e-16
538.95        	1.135695e-16
539           	1.135695e-16
539.05        	1.135695e-16
539.1         	1.135695e-16
539.15        	1.135695e-16
539.2         	1.135695e-16
539.25        	1.135695e-16
539.3         	1.135695e-16
539.35        	1.135695e-16
539.4         	1.135695e-16
539.45        	1.135695e-16
539.5         	1.135695e-16
539.55        	1.135695e-16
539.6         	1.135695e-16
539.65        	1.135695e-16
539.7         	1.135695e-16
539.75        	1.135695e-16
539.8         	1.135695e-16
539.85        	1.135695e-16
539.9         	1.135695e-16
539.95        	1.135695e-16
540           	1.135695e-16
540.05        	1.135695e-16
540.1         	1.135695e-16
540.15        	1.135695e-16
540.2         	1.135695e-16
540.25        	1.135695e-16
540.3         	1.135695e-16
540.35        	1.135695e-16
540.4         	1.135695e-16
540.45        	1.135695e-16
540.5         	1.135695e-16
540.55        	1.135695e-16
540.6         	1.135695e-16
540.65        	1.135695e-16
540.7         	1.135695e-16
540.75        	1.135695e-16
540.8         	1.135695e-16
540.85        	1.135695e-16
540.9         	1.135695e-16
540.95        	1.135695e-16
541           	1.135695e-16
541.05        	1.135695e-16
541.1         	1.135695e-16
541.15        	1.135695e-16
541.2         	1.135695e-16
541.25        	1.135695e-16
541.3         	1.135695e-16
541.35        	1.135695e-16
541.4         	1.135695e-16
541.45        	1.135695e-16
541.5         	1.135695e-16
541.55        	1.135695e-16
541.6         	1.135695e-16
541.65        	1.135695e-16
541.7         	1.135695e-16
541.75        	1.135695e-16
541.8         	1.135695e-16
541.85        	1.135695e-16
541.9         	1.135695e-16
541.95        	1.135695e-16
542           	1.135695e-16
542.05        	1.135695e-16
542.1         	1.135695e-16
542.15        	1.135695e-16
542.2         	1.135695e-16
542.25        	1.135695e-16
542.3         	1.135695e-16
542.35        	1.135695e-16
542.4         	1.135695e-16
542.45        	1.135695e-16
542.5         	1.135695e-16
542.55        	1.135695e-16
542.6         	1.135695e-16
542.65        	1.135695e-16
542.7         	1.135695e-16
542.75        	1.135695e-16
542.8         	1.135695e-16
542.85        	1.135695e-16
542.9         	1.135695e-16
542.95        	1.135695e-16
543           	1.135695e-16
543.05        	1.135695e-16
543.1         	1.135695e-16
543.15        	1.135695e-16
543.2         	1.135695e-16
543.25        	1.135695e-16
543.3         	1.135695e-16
543.35        	1.135695e-16
543.4         	1.135695e-16
543.45        	1.135695e-16
543.5         	1.135695e-16
543.55        	1.135695e-16
543.6         	1.135695e-16
543.65        	1.135695e-16
543.7         	1.135695e-16
543.75        	1.135695e-16
543.8         	1.135695e-16
543.85        	1.135695e-16
543.9         	1.135695e-16
543.95        	1.135695e-16
544           	1.135695e-16
544.05        	1.135695e-16
544.1         	1.135695e-16
544.15        	1.135695e-16
544.2         	1.135695e-16
544.25        	1.135695e-16
544.3         	1.135695e-16
544.35        	1.135695e-16
544.4         	1.135695e-16
544.45        	1.135695e-16
544.5         	1.135695e-16
544.55        	1.135695e-16
544.6         	1.135695e-16
544.65        	1.135695e-16
544.7         	1.135695e-16
544.75        	1.135695e-16
544.8         	1.135695e-16
544.85        	1.135695e-16
544.9         	1.135695e-16
544.95        	1.135695e-16
545           	1.135695e-16
545.05        	1.135695e-16
545.1         	1.135695e-16
545.15        	1.135695e-16
545.2         	1.135695e-16
545.25        	1.135695e-16
545.3         	1.135695e-16
545.35        	1.135695e-16
545.4         	1.135695e-16
545.45        	1.135695e-16
545.5         	1.135695e-16
545.55        	1.135695e-16
545.6         	1.135695e-16
545.65        	1.135695e-16
545.7         	1.135695e-16
545.75        	1.135695e-16
545.8         	1.135695e-16
545.85        	1.135695e-16
545.9         	1.135695e-16
545.95        	1.135695e-16
546           	1.135695e-16
546.05        	1.135695e-16
546.1         	1.135695e-16
546.15        	1.135695e-16
546.2         	1.135695e-16
546.25        	1.135695e-16
546.3         	1.135695e-16
546.35        	1.135695e-16
546.4         	1.135695e-16
546.45        	1.135695e-16
546.5         	1.135695e-16
546.55        	1.135695e-16
546.6         	1.135695e-16
546.65        	1.135695e-16
546.7         	1.135695e-16
546.75        	1.135695e-16
546.8         	1.135695e-16
546.85        	1.135695e-16
546.9         	1.135695e-16
546.95        	1.135695e-16
547           	1.135695e-16
547.05        	1.135695e-16
547.1         	1.135695e-16
547.15        	1.135695e-16
547.2         	1.135695e-16
547.25        	1.135695e-16
547.3         	1.135695e-16
547.35        	1.135695e-16
547.4         	1.135695e-16
547.45        	1.135695e-16
547.5         	1.135695e-16
547.55        	1.135695e-16
547.6         	1.135695e-16
547.65        	1.135695e-16
547.7         	1.135695e-16
547.75        	1.135695e-16
547.8         	1.135695e-16
547.85        	1.135695e-16
547.9         	1.135695e-16
547.95        	1.135695e-16
548           	1.135695e-16
548.05        	1.135695e-16
548.1         	1.135695e-16
548.15        	1.135695e-16
548.2         	1.135695e-16
548.25        	1.135695e-16
548.3         	1.135695e-16
548.35        	1.135695e-16
548.4         	1.135695e-16
548.45        	1.135695e-16
548.5         	1.135695e-16
548.55        	1.135695e-16
548.6         	1.135695e-16
548.65        	1.135695e-16
548.7         	1.135695e-16
548.75        	1.135695e-16
548.8         	1.135695e-16
548.85        	1.135695e-16
548.9         	1.135695e-16
548.95        	1.135695e-16
549           	1.135695e-16
549.05        	1.135695e-16
549.1         	1.135695e-16
549.15        	1.135695e-16
549.2         	1.135695e-16
549.25        	1.135695e-16
549.3         	1.135695e-16
549.35        	1.135695e-16
549.4         	1.135695e-16
549.45        	1.135695e-16
549.5         	1.135695e-16
549.55        	1.135695e-16
549.6         	1.135695e-16
549.65        	1.135695e-16
549.7         	1.135695e-16
549.75        	1.135695e-16
549.8         	1.135695e-16
549.85        	1.135695e-16
549.9         	1.135695e-16
549.95        	1.135695e-16
550           	1.135695e-16
550.05        	1.135695e-16
550.1         	1.135695e-16
550.15        	1.135695e-16
550.2         	1.135695e-16
550.25        	1.135695e-16
550.3         	1.135695e-16
550.35        	1.135695e-16
550.4         	1.135695e-16
550.45        	1.135695e-16
550.5         	1.135695e-16
550.55        	1.135695e-16
550.6         	1.135695e-16
550.65        	1.135695e-16
550.7         	1.135695e-16
550.75        	1.135695e-16
550.8         	1.135695e-16
550.85        	1.135695e-16
550.9         	1.135695e-16
550.95        	1.135695e-16
551           	1.135695e-16
551.05        	1.135695e-16
551.1         	1.135695e-16
551.15        	1.135695e-16
551.2         	1.135695e-16
551.25        	1.135695e-16
551.3         	1.135695e-16
551.35        	1.135695e-16
551.4         	1.135695e-16
551.45        	1.135695e-16
551.5         	1.135695e-16
551.55        	1.135695e-16
551.6         	1.135695e-16
551.65        	1.135695e-16
551.7         	1.135695e-16
551.75        	1.135695e-16
551.8         	1.135695e-16
551.85        	1.135695e-16
551.9         	1.135695e-16
551.95        	1.135695e-16
552           	1.135695e-16
552.05        	1.135695e-16
552.1         	1.135695e-16
552.15        	1.135695e-16
552.2         	1.135695e-16
552.25        	1.135695e-16
552.3         	1.135695e-16
552.35        	1.135695e-16
552.4         	1.135695e-16
552.45        	1.135695e-16
552.5         	1.135695e-16
552.55        	1.135695e-16
552.6         	1.135695e-16
552.65        	1.135695e-16
552.7         	1.135695e-16
552.75        	1.135695e-16
552.8         	1.135695e-16
552.85        	1.135695e-16
552.9         	1.135695e-16
552.95        	1.135695e-16
553           	1.135695e-16
553.05        	1.135695e-16
553.1         	1.135695e-16
553.15        	1.135695e-16
553.2         	1.135695e-16
553.25        	1.135695e-16
553.3         	1.135695e-16
553.35        	1.135695e-16
553.4         	1.135695e-16
553.45        	1.135695e-16
553.5         	1.135695e-16
553.55        	1.135695e-16
553.6         	1.135695e-16
553.65        	1.135695e-16
553.7         	1.135695e-16
553.75        	1.135695e-16
553.8         	1.135695e-16
553.85        	1.135695e-16
553.9         	1.135695e-16
553.95        	1.135695e-16
554           	1.135695e-16
554.05        	1.135695e-16
554.1         	1.135695e-16
554.15        	1.135695e-16
554.2         	1.135695e-16
554.25        	1.135695e-16
554.3         	1.135695e-16
554.35        	1.135695e-16
554.4         	1.135695e-16
554.45        	1.135695e-16
554.5         	1.135695e-16
554.55        	1.135695e-16
554.6         	1.135695e-16
554.65        	1.135695e-16
554.7         	1.135695e-16
554.75        	1.135695e-16
554.8         	1.135695e-16
554.85        	1.135695e-16
554.9         	1.135695e-16
554.95        	1.135695e-16
555           	1.135695e-16
555.05        	1.135695e-16
555.1         	1.135695e-16
555.15        	1.135695e-16
555.2         	1.135695e-16
555.25        	1.135695e-16
555.3         	1.135695e-16
555.35        	1.135695e-16
555.4         	1.135695e-16
555.45        	1.135695e-16
555.5         	1.135695e-16
555.55        	1.135695e-16
555.6         	1.135695e-16
555.65        	1.135695e-16
555.7         	1.135695e-16
555.75        	1.135695e-16
555.8         	1.135695e-16
555.85        	1.135695e-16
555.9         	1.135695e-16
555.95        	1.135695e-16
556           	1.135695e-16
556.05        	1.135695e-16
556.1         	1.135695e-16
556.15        	1.135695e-16
556.2         	1.135695e-16
556.25        	1.135695e-16
556.3         	1.135695e-16
556.35        	1.135695e-16
556.4         	1.135695e-16
556.45        	1.135695e-16
556.5         	1.135695e-16
556.55        	1.135695e-16
556.6         	1.135695e-16
556.65        	1.135695e-16
556.7         	1.135695e-16
556.75        	1.135695e-16
556.8         	1.135695e-16
556.85        	1.135695e-16
556.9         	1.135695e-16
556.95        	1.135695e-16
557           	1.135695e-16
557.05        	1.135695e-16
557.1         	1.135695e-16
557.15        	1.135695e-16
557.2         	1.135695e-16
557.25        	1.135695e-16
557.3         	1.135695e-16
557.35        	1.135695e-16
557.4         	1.135695e-16
557.45        	1.135695e-16
557.5         	1.135695e-16
557.55        	1.135695e-16
557.6         	1.135695e-16
557.65        	1.135695e-16
557.7         	1.135695e-16
557.75        	1.135695e-16
557.8         	1.135695e-16
557.85        	1.135695e-16
557.9         	1.135695e-16
557.95        	1.135695e-16
558           	1.135695e-16
558.05        	1.135695e-16
558.1         	1.135695e-16
558.15        	1.135695e-16
558.2         	1.135695e-16
558.25        	1.135695e-16
558.3         	1.135695e-16
558.35        	1.135695e-16
558.4         	1.135695e-16
558.45        	1.135695e-16
558.5         	1.135695e-16
558.55        	1.135695e-16
558.6         	1.135695e-16
558.65        	1.135695e-16
558.7         	1.135695e-16
558.75        	1.135695e-16
558.8         	1.135695e-16
558.85        	1.135695e-16
558.9         	1.135695e-16
558.95        	1.135695e-16
559           	1.135695e-16
559.05        	1.135695e-16
559.1         	1.135695e-16
559.15        	1.135695e-16
559.2         	1.135695e-16
559.25        	1.135695e-16
559.3         	1.135695e-16
559.35        	1.135695e-16
559.4         	1.135695e-16
559.45        	1.135695e-16
559.5         	1.135695e-16
559.55        	1.135695e-16
559.6         	1.135695e-16
559.65        	1.135695e-16
559.7         	1.135695e-16
559.75        	1.135695e-16
559.8         	1.135695e-16
559.85        	1.135695e-16
559.9         	1.135695e-16
559.95        	1.135695e-16
560           	1.135695e-16
560.05        	1.135695e-16
560.1         	1.135695e-16
560.15        	1.135695e-16
560.2         	1.135695e-16
560.25        	1.135695e-16
560.3         	1.135695e-16
560.35        	1.135695e-16
560.4         	1.135695e-16
560.45        	1.135695e-16
560.5         	1.135695e-16
560.55        	1.135695e-16
560.6         	1.135695e-16
560.65        	1.135695e-16
560.7         	1.135695e-16
560.75        	1.135695e-16
560.8         	1.135695e-16
560.85        	1.135695e-16
560.9         	1.135695e-16
560.95        	1.135695e-16
561           	1.135695e-16
561.05        	1.135695e-16
561.1         	1.135695e-16
561.15        	1.135695e-16
561.2         	1.135695e-16
561.25        	1.135695e-16
561.3         	1.135695e-16
561.35        	1.135695e-16
561.4         	1.135695e-16
561.45        	1.135695e-16
561.5         	1.135695e-16
561.55        	1.135695e-16
561.6         	1.135695e-16
561.65        	1.135695e-16
561.7         	1.135695e-16
561.75        	1.135695e-16
561.8         	1.135695e-16
561.85        	1.135695e-16
561.9         	1.135695e-16
561.95        	1.135695e-16
562           	1.135695e-16
562.05        	1.135695e-16
562.1         	1.135695e-16
562.15        	1.135695e-16
562.2         	1.135695e-16
562.25        	1.135695e-16
562.3         	1.135695e-16
562.35        	1.135695e-16
562.4         	1.135695e-16
562.45        	1.135695e-16
562.5         	1.135695e-16
562.55        	1.135695e-16
562.6         	1.135695e-16
562.65        	1.135695e-16
562.7         	1.135695e-16
562.75        	1.135695e-16
562.8         	1.135695e-16
562.85        	1.135695e-16
562.9         	1.135695e-16
562.95        	1.135695e-16
563           	1.135695e-16
563.05        	1.135695e-16
563.1         	1.135695e-16
563.15        	1.135695e-16
563.2         	1.135695e-16
563.25        	1.135695e-16
563.3         	1.135695e-16
563.35        	1.135695e-16
563.4         	1.135695e-16
563.45        	1.135695e-16
563.5         	1.135695e-16
563.55        	1.135695e-16
563.6         	1.135695e-16
563.65        	1.135695e-16
563.7         	1.135695e-16
563.75        	1.135695e-16
563.8         	1.135695e-16
563.85        	1.135695e-16
563.9         	1.135695e-16
563.95        	1.135695e-16
564           	1.135695e-16
564.05        	1.135695e-16
564.1         	1.135695e-16
564.15        	1.135695e-16
564.2         	1.135695e-16
564.25        	1.135695e-16
564.3         	1.135695e-16
564.35        	1.135695e-16
564.4         	1.135695e-16
564.45        	1.135695e-16
564.5         	1.135695e-16
564.55        	1.135695e-16
564.6         	1.135695e-16
564.65        	1.135695e-16
564.7         	1.135695e-16
564.75        	1.135695e-16
564.8         	1.135695e-16
564.85        	1.135695e-16
564.9         	1.135695e-16
564.95        	1.135695e-16
565           	1.135695e-16
565.05        	1.135695e-16
565.1         	1.135695e-16
565.15        	1.135695e-16
565.2         	1.135695e-16
565.25        	1.135695e-16
565.3         	1.135695e-16
565.35        	1.135695e-16
565.4         	1.135695e-16
565.45        	1.135695e-16
565.5         	1.135695e-16
565.55        	1.135695e-16
565.6         	1.135695e-16
565.65        	1.135695e-16
565.7         	1.135695e-16
565.75        	1.135695e-16
565.8         	1.135695e-16
565.85        	1.135695e-16
565.9         	1.135695e-16
565.95        	1.135695e-16
566           	1.135695e-16
566.05        	1.135695e-16
566.1         	1.135695e-16
566.15        	1.135695e-16
566.2         	1.135695e-16
566.25        	1.135695e-16
566.3         	1.135695e-16
566.35        	1.135695e-16
566.4         	1.135695e-16
566.45        	1.135695e-16
566.5         	1.135695e-16
566.55        	1.135695e-16
566.6         	1.135695e-16
566.65        	1.135695e-16
566.7         	1.135695e-16
566.75        	1.135695e-16
566.8         	1.135695e-16
566.85        	1.135695e-16
566.9         	1.135695e-16
566.95        	1.135695e-16
567           	1.135695e-16
567.05        	1.135695e-16
567.1         	1.135695e-16
567.15        	1.135695e-16
567.2         	1.135695e-16
567.25        	1.135695e-16
567.3         	1.135695e-16
567.35        	1.135695e-16
567.4         	1.135695e-16
567.45        	1.135695e-16
567.5         	1.135695e-16
567.55        	1.135695e-16
567.6         	1.135695e-16
567.65        	1.135695e-16
567.7         	1.135695e-16
567.75        	1.135695e-16
567.8         	1.135695e-16
567.85        	1.135695e-16
567.9         	1.135695e-16
567.95        	1.135695e-16
568           	1.135695e-16
568.05        	1.135695e-16
568.1         	1.135695e-16
568.15        	1.135695e-16
568.2         	1.135695e-16
568.25        	1.135695e-16
568.3         	1.135695e-16
568.35        	1.135695e-16
568.4         	1.135695e-16
568.45        	1.135695e-16
568.5         	1.135695e-16
568.55        	1.135695e-16
568.6         	1.135695e-16
568.65        	1.135695e-16
568.7         	1.135695e-16
568.75        	1.135695e-16
568.8         	1.135695e-16
568.85        	1.135695e-16
568.9         	1.135695e-16
568.95        	1.135695e-16
569           	1.135695e-16
569.05        	1.135695e-16
569.1         	1.135695e-16
569.15        	1.135695e-16
569.2         	1.135695e-16
569.25        	1.135695e-16
569.3         	1.135695e-16
569.35        	1.135695e-16
569.4         	1.135695e-16
569.45        	1.135695e-16
569.5         	1.135695e-16
569.55        	1.135695e-16
569.6         	1.135695e-16
569.65        	1.135695e-16
569.7         	1.135695e-16
569.75        	1.135695e-16
569.8         	1.135695e-16
569.85        	1.135695e-16
569.9         	1.135695e-16
569.95        	1.135695e-16
570           	1.135695e-16
570.05        	1.135695e-16
570.1         	1.135695e-16
570.15        	1.135695e-16
570.2         	1.135695e-16
570.25        	1.135695e-16
570.3         	1.135695e-16
570.35        	1.135695e-16
570.4         	1.135695e-16
570.45        	1.135695e-16
570.5         	1.135695e-16
570.55        	1.135695e-16
570.6         	1.135695e-16
570.65        	1.135695e-16
570.7         	1.135695e-16
570.75        	1.135695e-16
570.8         	1.135695e-16
570.85        	1.135695e-16
570.9         	1.135695e-16
570.95        	1.135695e-16
571           	1.135695e-16
571.05        	1.135695e-16
571.1         	1.135695e-16
571.15        	1.135695e-16
571.2         	1.135695e-16
571.25        	1.135695e-16
571.3         	1.135695e-16
571.35        	1.135695e-16
571.4         	1.135695e-16
571.45        	1.135695e-16
571.5         	1.135695e-16
571.55        	1.135695e-16
571.6         	1.135695e-16
571.65        	1.135695e-16
571.7         	1.135695e-16
571.75        	1.135695e-16
571.8         	1.135695e-16
571.85        	1.135695e-16
571.9         	1.135695e-16
571.95        	1.135695e-16
572           	1.135695e-16
572.05        	1.135695e-16
572.1         	1.135695e-16
572.15        	1.135695e-16
572.2         	1.135695e-16
572.25        	1.135695e-16
572.3         	1.135695e-16
572.35        	1.135695e-16
572.4         	1.135695e-16
572.45        	1.135695e-16
572.5         	1.135695e-16
572.55        	1.135695e-16
572.6         	1.135695e-16
572.65        	1.135695e-16
572.7         	1.135695e-16
572.75        	1.135695e-16
572.8         	1.135695e-16
572.85        	1.135695e-16
572.9         	1.135695e-16
572.95        	1.135695e-16
573           	1.135695e-16
573.05        	1.135695e-16
573.1         	1.135695e-16
573.15        	1.135695e-16
573.2         	1.135695e-16
573.25        	1.135695e-16
573.3         	1.135695e-16
573.35        	1.135695e-16
573.4         	1.135695e-16
573.45        	1.135695e-16
573.5         	1.135695e-16
573.55        	1.135695e-16
573.6         	1.135695e-16
573.65        	1.135695e-16
573.7         	1.135695e-16
573.75        	1.135695e-16
573.8         	1.135695e-16
573.85        	1.135695e-16
573.9         	1.135695e-16
573.95        	1.135695e-16
574           	1.135695e-16
574.05        	1.135695e-16
574.1         	1.135695e-16
574.15        	1.135695e-16
574.2         	1.135695e-16
574.25        	1.135695e-16
574.3         	1.135695e-16
574.35        	1.135695e-16
574.4         	1.135695e-16
574.45        	1.135695e-16
574.5         	1.135695e-16
574.55        	1.135695e-16
574.6         	1.135695e-16
574.65        	1.135695e-16
574.7         	1.135695e-16
574.75        	1.135695e-16
574.8         	1.135695e-16
574.85        	1.135695e-16
574.9         	1.135695e-16
574.95        	1.135695e-16
575           	1.135695e-16
575.05        	1.135695e-16
575.1         	1.135695e-16
575.15        	1.135695e-16
575.2         	1.135695e-16
575.25        	1.135695e-16
575.3         	1.135695e-16
575.35        	1.135695e-16
575.4         	1.135695e-16
575.45        	1.135695e-16
575.5         	1.135695e-16
575.55        	1.135695e-16
575.6         	1.135695e-16
575.65        	1.135695e-16
575.7         	1.135695e-16
575.75        	1.135695e-16
575.8         	1.135695e-16
575.85        	1.135695e-16
575.9         	1.135695e-16
575.95        	1.135695e-16
576           	1.135695e-16
576.05        	1.135695e-16
576.1         	1.135695e-16
576.15        	1.135695e-16
576.2         	1.135695e-16
576.25        	1.135695e-16
576.3         	1.135695e-16
576.35        	1.135695e-16
576.4         	1.135695e-16
576.45        	1.135695e-16
576.5         	1.135695e-16
576.55        	1.135695e-16
576.6         	1.135695e-16
576.65        	1.135695e-16
576.7         	1.135695e-16
576.75        	1.135695e-16
576.8         	1.135695e-16
576.85        	1.135695e-16
576.9         	1.135695e-16
576.95        	1.135695e-16
577           	1.135695e-16
577.05        	1.135695e-16
577.1         	1.135695e-16
577.15        	1.135695e-16
577.2         	1.135695e-16
577.25        	1.135695e-16
577.3         	1.135695e-16
577.35        	1.135695e-16
577.4         	1.135695e-16
577.45        	1.135695e-16
577.5         	1.135695e-16
577.55        	1.135695e-16
577.6         	1.135695e-16
577.65        	1.135695e-16
577.7         	1.135695e-16
577.75        	1.135695e-16
577.8         	1.135695e-16
577.85        	1.135695e-16
577.9         	1.135695e-16
577.95        	1.135695e-16
578           	1.135695e-16
578.05        	1.135695e-16
578.1         	1.135695e-16
578.15        	1.135695e-16
578.2         	1.135695e-16
578.25        	1.135695e-16
578.3         	1.135695e-16
578.35        	1.135695e-16
578.4         	1.135695e-16
578.45        	1.135695e-16
578.5         	1.135695e-16
578.55        	1.135695e-16
578.6         	1.135695e-16
578.65        	1.135695e-16
578.7         	1.135695e-16
578.75        	1.135695e-16
578.8         	1.135695e-16
578.85        	1.135695e-16
578.9         	1.135695e-16
578.95        	1.135695e-16
579           	1.135695e-16
579.05        	1.135695e-16
579.1         	1.135695e-16
579.15        	1.135695e-16
579.2         	1.135695e-16
579.25        	1.135695e-16
579.3         	1.135695e-16
579.35        	1.135695e-16
579.4         	1.135695e-16
579.45        	1.135695e-16
579.5         	1.135695e-16
579.55        	1.135695e-16
579.6         	1.135695e-16
579.65        	1.135695e-16
579.7         	1.135695e-16
579.75        	1.135695e-16
579.8         	1.135695e-16
579.85        	1.135695e-16
579.9         	1.135695e-16
579.95        	1.135695e-16
580           	1.135695e-16
580.05        	1.135695e-16
580.1         	1.135695e-16
580.15        	1.135695e-16
580.2         	1.135695e-16
580.25        	1.135695e-16
580.3         	1.135695e-16
580.35        	1.135695e-16
580.4         	1.135695e-16
580.45        	1.135695e-16
580.5         	1.135695e-16
580.55        	1.135695e-16
580.6         	1.135695e-16
580.65        	1.135695e-16
580.7         	1.135695e-16
580.75        	1.135695e-16
580.8         	1.135695e-16
580.85        	1.135695e-16
580.9         	1.135695e-16
580.95        	1.135695e-16
581           	1.135695e-16
581.05        	1.135695e-16
581.1         	1.135695e-16
581.15        	1.135695e-16
581.2         	1.135695e-16
581.25        	1.135695e-16
581.3         	1.135695e-16
581.35        	1.135695e-16
581.4         	1.135695e-16
581.45        	1.135695e-16
581.5         	1.135695e-16
581.55        	1.135695e-16
581.6         	1.135695e-16
581.65        	1.135695e-16
581.7         	1.135695e-16
581.75        	1.135695e-16
581.8         	1.135695e-16
581.85        	1.135695e-16
581.9         	1.135695e-16
581.95        	1.135695e-16
582           	1.135695e-16
582.05        	1.135695e-16
582.1         	1.135695e-16
582.15        	1.135695e-16
582.2         	1.135695e-16
582.25        	1.135695e-16
582.3         	1.135695e-16
582.35        	1.135695e-16
582.4         	1.135695e-16
582.45        	1.135695e-16
582.5         	1.135695e-16
582.55        	1.135695e-16
582.6         	1.135695e-16
582.65        	1.135695e-16
582.7         	1.135695e-16
582.75        	1.135695e-16
582.8         	1.135695e-16
582.85        	1.135695e-16
582.9         	1.135695e-16
582.95        	1.135695e-16
583           	1.135695e-16
583.05        	1.135695e-16
583.1         	1.135695e-16
583.15        	1.135695e-16
583.2         	1.135695e-16
583.25        	1.135695e-16
583.3         	1.135695e-16
583.35        	1.135695e-16
583.4         	1.135695e-16
583.45        	1.135695e-16
583.5         	1.135695e-16
583.55        	1.135695e-16
583.6         	1.135695e-16
583.65        	1.135695e-16
583.7         	1.135695e-16
583.75        	1.135695e-16
583.8         	1.135695e-16
583.85        	1.135695e-16
583.9         	1.135695e-16
583.95        	1.135695e-16
584           	1.135695e-16
584.05        	1.135695e-16
584.1         	1.135695e-16
584.15        	1.135695e-16
584.2         	1.135695e-16
584.25        	1.135695e-16
584.3         	1.135695e-16
584.35        	1.135695e-16
584.4         	1.135695e-16
584.45        	1.135695e-16
584.5         	1.135695e-16
584.55        	1.135695e-16
584.6         	1.135695e-16
584.65        	1.135695e-16
584.7         	1.135695e-16
584.75        	1.135695e-16
584.8         	1.135695e-16
584.85        	1.135695e-16
584.9         	1.135695e-16
584.95        	1.135695e-16
585           	1.135695e-16
585.05        	1.135695e-16
585.1         	1.135695e-16
585.15        	1.135695e-16
585.2         	1.135695e-16
585.25        	1.135695e-16
585.3         	1.135695e-16
585.35        	1.135695e-16
585.4         	1.135695e-16
585.45        	1.135695e-16
585.5         	1.135695e-16
585.55        	1.135695e-16
585.6         	1.135695e-16
585.65        	1.135695e-16
585.7         	1.135695e-16
585.75        	1.135695e-16
585.8         	1.135695e-16
585.85        	1.135695e-16
585.9         	1.135695e-16
585.95        	1.135695e-16
586           	1.135695e-16
586.05        	1.135695e-16
586.1         	1.135695e-16
586.15        	1.135695e-16
586.2         	1.135695e-16
586.25        	1.135695e-16
586.3         	1.135695e-16
586.35        	1.135695e-16
586.4         	1.135695e-16
586.45        	1.135695e-16
586.5         	1.135695e-16
586.55        	1.135695e-16
586.6         	1.135695e-16
586.65        	1.135695e-16
586.7         	1.135695e-16
586.75        	1.135695e-16
586.8         	1.135695e-16
586.85        	1.135695e-16
586.9         	1.135695e-16
586.95        	1.135695e-16
587           	1.135695e-16
587.05        	1.135695e-16
587.1         	1.135695e-16
587.15        	1.135695e-16
587.2         	1.135695e-16
587.25        	1.135695e-16
587.3         	1.135695e-16
587.35        	1.135695e-16
587.4         	1.135695e-16
587.45        	1.135695e-16
587.5         	1.135695e-16
587.55        	1.135695e-16
587.6         	1.135695e-16
587.65        	1.135695e-16
587.7         	1.135695e-16
587.75        	1.135695e-16
587.8         	1.135695e-16
587.85        	1.135695e-16
587.9         	1.135695e-16
587.95        	1.135695e-16
588           	1.135695e-16
588.05        	1.135695e-16
588.1         	1.135695e-16
588.15        	1.135695e-16
588.2         	1.135695e-16
588.25        	1.135695e-16
588.3         	1.135695e-16
588.35        	1.135695e-16
588.4         	1.135695e-16
588.45        	1.135695e-16
588.5         	1.135695e-16
588.55        	1.135695e-16
588.6         	1.135695e-16
588.65        	1.135695e-16
588.7         	1.135695e-16
588.75        	1.135695e-16
588.8         	1.135695e-16
588.85        	1.135695e-16
588.9         	1.135695e-16
588.95        	1.135695e-16
589           	1.135695e-16
589.05        	1.135695e-16
589.1         	1.135695e-16
589.15        	1.135695e-16
589.2         	1.135695e-16
589.25        	1.135695e-16
589.3         	1.135695e-16
589.35        	1.135695e-16
589.4         	1.135695e-16
589.45        	1.135695e-16
589.5         	1.135695e-16
589.55        	1.135695e-16
589.6         	1.135695e-16
589.65        	1.135695e-16
589.7         	1.135695e-16
589.75        	1.135695e-16
589.8         	1.135695e-16
589.85        	1.135695e-16
589.9         	1.135695e-16
589.95        	1.135695e-16
590           	1.135695e-16
590.05        	1.135695e-16
590.1         	1.135695e-16
590.15        	1.135695e-16
590.2         	1.135695e-16
590.25        	1.135695e-16
590.3         	1.135695e-16
590.35        	1.135695e-16
590.4         	1.135695e-16
590.45        	1.135695e-16
590.5         	1.135695e-16
590.55        	1.135695e-16
590.6         	1.135695e-16
590.65        	1.135695e-16
590.7         	1.135695e-16
590.75        	1.135695e-16
590.8         	1.135695e-16
590.85        	1.135695e-16
590.9         	1.135695e-16
590.95        	1.135695e-16
591           	1.135695e-16
591.05        	1.135695e-16
591.1         	1.135695e-16
591.15        	1.135695e-16
591.2         	1.135695e-16
591.25        	1.135695e-16
591.3         	1.135695e-16
591.35        	1.135695e-16
591.4         	1.135695e-16
591.45        	1.135695e-16
591.5         	1.135695e-16
591.55        	1.135695e-16
591.6         	1.135695e-16
591.65        	1.135695e-16
591.7         	1.135695e-16
591.75        	1.135695e-16
591.8         	1.135695e-16
591.85        	1.135695e-16
591.9         	1.135695e-16
591.95        	1.135695e-16
592           	1.135695e-16
592.05        	1.135695e-16
592.1         	1.135695e-16
592.15        	1.135695e-16
592.2         	1.135695e-16
592.25        	1.135695e-16
592.3         	1.135695e-16
592.35        	1.135695e-16
592.4         	1.135695e-16
592.45        	1.135695e-16
592.5         	1.135695e-16
592.55        	1.135695e-16
592.6         	1.135695e-16
592.65        	1.135695e-16
592.7         	1.135695e-16
592.75        	1.135695e-16
592.8         	1.135695e-16
592.85        	1.135695e-16
592.9         	1.135695e-16
592.95        	1.135695e-16
593           	1.135695e-16
593.05        	1.135695e-16
593.1         	1.135695e-16
593.15        	1.135695e-16
593.2         	1.135695e-16
593.25        	1.135695e-16
593.3         	1.135695e-16
593.35        	1.135695e-16
593.4         	1.135695e-16
593.45        	1.135695e-16
593.5         	1.135695e-16
593.55        	1.135695e-16
593.6         	1.135695e-16
593.65        	1.135695e-16
593.7         	1.135695e-16
593.75        	1.135695e-16
593.8         	1.135695e-16
593.85        	1.135695e-16
593.9         	1.135695e-16
593.95        	1.135695e-16
594           	1.135695e-16
594.05        	1.135695e-16
594.1         	1.135695e-16
594.15        	1.135695e-16
594.2         	1.135695e-16
594.25        	1.135695e-16
594.3         	1.135695e-16
594.35        	1.135695e-16
594.4         	1.135695e-16
594.45        	1.135695e-16
594.5         	1.135695e-16
594.55        	1.135695e-16
594.6         	1.135695e-16
594.65        	1.135695e-16
594.7         	1.135695e-16
594.75        	1.135695e-16
594.8         	1.135695e-16
594.85        	1.135695e-16
594.9         	1.135695e-16
594.95        	1.135695e-16
595           	1.135695e-16
595.05        	1.135695e-16
595.1         	1.135695e-16
595.15        	1.135695e-16
595.2         	1.135695e-16
595.25        	1.135695e-16
595.3         	1.135695e-16
595.35        	1.135695e-16
595.4         	1.135695e-16
595.45        	1.135695e-16
595.5         	1.135695e-16
595.55        	1.135695e-16
595.6         	1.135695e-16
595.65        	1.135695e-16
595.7         	1.135695e-16
595.75        	1.135695e-16
595.8         	1.135695e-16
595.85        	1.135695e-16
595.9         	1.135695e-16
595.95        	1.135695e-16
596           	1.135695e-16
596.05        	1.135695e-16
596.1         	1.135695e-16
596.15        	1.135695e-16
596.2         	1.135695e-16
596.25        	1.135695e-16
596.3         	1.135695e-16
596.35        	1.135695e-16
596.4         	1.135695e-16
596.45        	1.135695e-16
596.5         	1.135695e-16
596.55        	1.135695e-16
596.6         	1.135695e-16
596.65        	1.135695e-16
596.7         	1.135695e-16
596.75        	1.135695e-16
596.8         	1.135695e-16
596.85        	1.135695e-16
596.9         	1.135695e-16
596.95        	1.135695e-16
597           	1.135695e-16
597.05        	1.135695e-16
597.1         	1.135695e-16
597.15        	1.135695e-16
597.2         	1.135695e-16
597.25        	1.135695e-16
597.3         	1.135695e-16
597.35        	1.135695e-16
597.4         	1.135695e-16
597.45        	1.135695e-16
597.5         	1.135695e-16
597.55        	1.135695e-16
597.6         	1.135695e-16
597.65        	1.135695e-16
597.7         	1.135695e-16
597.75        	1.135695e-16
597.8         	1.135695e-16
597.85        	1.135695e-16
597.9         	1.135695e-16
597.95        	1.135695e-16
598           	1.135695e-16
598.05        	1.135695e-16
598.1         	1.135695e-16
598.15        	1.135695e-16
598.2         	1.135695e-16
598.25        	1.135695e-16
598.3         	1.135695e-16
598.35        	1.135695e-16
598.4         	1.135695e-16
598.45        	1.135695e-16
598.5         	1.135695e-16
598.55        	1.135695e-16
598.6         	1.135695e-16
598.65        	1.135695e-16
598.7         	1.135695e-16
598.75        	1.135695e-16
598.8         	1.135695e-16
598.85        	1.135695e-16
598.9         	1.135695e-16
598.95        	1.135695e-16
599           	1.135695e-16
599.05        	1.135695e-16
599.1         	1.135695e-16
599.15        	1.135695e-16
599.2         	1.135695e-16
599.25        	1.135695e-16
599.3         	1.135695e-16
599.35        	1.135695e-16
599.4         	1.135695e-16
599.45        	1.135695e-16
599.5         	1.135695e-16
599.55        	1.135695e-16
599.6         	1.135695e-16
599.65        	1.135695e-16
599.7         	1.135695e-16
599.75        	1.135695e-16
599.8         	1.135695e-16
599.85        	1.135695e-16
599.9         	1.135695e-16
599.95        	1.135695e-16
600           	1.135695e-16
600.05        	1.135695e-16
600.1         	1.135695e-16
600.15        	1.135695e-16
600.2         	1.135695e-16
600.25        	1.135695e-16
600.3         	1.135695e-16
600.35        	1.135695e-16
600.4         	1.135695e-16
600.45        	1.135695e-16
600.5         	1.135695e-16
600.55        	1.135695e-16
600.6         	1.135695e-16
600.65        	1.135695e-16
600.7         	1.135695e-16
600.75        	1.135695e-16
600.8         	1.135695e-16
600.85        	1.135695e-16
600.9         	1.135695e-16
600.95        	1.135695e-16
601           	1.135695e-16
601.05        	1.135695e-16
601.1         	1.135695e-16
601.15        	1.135695e-16
601.2         	1.135695e-16
601.25        	1.135695e-16
601.3         	1.135695e-16
601.35        	1.135695e-16
601.4         	1.135695e-16
601.45        	1.135695e-16
601.5         	1.135695e-16
601.55        	1.135695e-16
601.6         	1.135695e-16
601.65        	1.135695e-16
601.7         	1.135695e-16
601.75        	1.135695e-16
601.8         	1.135695e-16
601.85        	1.135695e-16
601.9         	1.135695e-16
601.95        	1.135695e-16
602           	1.135695e-16
602.05        	1.135695e-16
602.1         	1.135695e-16
602.15        	1.135695e-16
602.2         	1.135695e-16
602.25        	1.135695e-16
602.3         	1.135695e-16
602.35        	1.135695e-16
602.4         	1.135695e-16
602.45        	1.135695e-16
602.5         	1.135695e-16
602.55        	1.135695e-16
602.6         	1.135695e-16
602.65        	1.135695e-16
602.7         	1.135695e-16
602.75        	1.135695e-16
602.8         	1.135695e-16
602.85        	1.135695e-16
602.9         	1.135695e-16
602.95        	1.135695e-16
603           	1.135695e-16
603.05        	1.135695e-16
603.1         	1.135695e-16
603.15        	1.135695e-16
603.2         	1.135695e-16
603.25        	1.135695e-16
603.3         	1.135695e-16
603.35        	1.135695e-16
603.4         	1.135695e-16
603.45        	1.135695e-16
603.5         	1.135695e-16
603.55        	1.135695e-16
603.6         	1.135695e-16
603.65        	1.135695e-16
603.7         	1.135695e-16
603.75        	1.135695e-16
603.8         	1.135695e-16
603.85        	1.135695e-16
603.9         	1.135695e-16
603.95        	1.135695e-16
604           	1.135695e-16
604.05        	1.135695e-16
604.1         	1.135695e-16
604.15        	1.135695e-16
604.2         	1.135695e-16
604.25        	1.135695e-16
604.3         	1.135695e-16
604.35        	1.135695e-16
604.4         	1.135695e-16
604.45        	1.135695e-16
604.5         	1.135695e-16
604.55        	1.135695e-16
604.6         	1.135695e-16
604.65        	1.135695e-16
604.7         	1.135695e-16
604.75        	1.135695e-16
604.8         	1.135695e-16
604.85        	1.135695e-16
604.9         	1.135695e-16
604.95        	1.135695e-16
605           	1.135695e-16
605.05        	1.135695e-16
605.1         	1.135695e-16
605.15        	1.135695e-16
605.2         	1.135695e-16
605.25        	1.135695e-16
605.3         	1.135695e-16
605.35        	1.135695e-16
605.4         	1.135695e-16
605.45        	1.135695e-16
605.5         	1.135695e-16
605.55        	1.135695e-16
605.6         	1.135695e-16
605.65        	1.135695e-16
605.7         	1.135695e-16
605.75        	1.135695e-16
605.8         	1.135695e-16
605.85        	1.135695e-16
605.9         	1.135695e-16
605.95        	1.135695e-16
606           	1.135695e-16
606.05        	1.135695e-16
606.1         	1.135695e-16
606.15        	1.135695e-16
606.2         	1.135695e-16
606.25        	1.135695e-16
606.3         	1.135695e-16
606.35        	1.135695e-16
606.4         	1.135695e-16
606.45        	1.135695e-16
606.5         	1.135695e-16
606.55        	1.135695e-16
606.6         	1.135695e-16
606.65        	1.135695e-16
606.7         	1.135695e-16
606.75        	1.135695e-16
606.8         	1.135695e-16
606.85        	1.135695e-16
606.9         	1.135695e-16
606.95        	1.135695e-16
607           	1.135695e-16
607.05        	1.135695e-16
607.1         	1.135695e-16
607.15        	1.135695e-16
607.2         	1.135695e-16
607.25        	1.135695e-16
607.3         	1.135695e-16
607.35        	1.135695e-16
607.4         	1.135695e-16
607.45        	1.135695e-16
607.5         	1.135695e-16
607.55        	1.135695e-16
607.6         	1.135695e-16
607.65        	1.135695e-16
607.7         	1.135695e-16
607.75        	1.135695e-16
607.8         	1.135695e-16
607.85        	1.135695e-16
607.9         	1.135695e-16
607.95        	1.135695e-16
608           	1.135695e-16
608.05        	1.135695e-16
608.1         	1.135695e-16
608.15        	1.135695e-16
608.2         	1.135695e-16
608.25        	1.135695e-16
608.3         	1.135695e-16
608.35        	1.135695e-16
608.4         	1.135695e-16
608.45        	1.135695e-16
608.5         	1.135695e-16
608.55        	1.135695e-16
608.6         	1.135695e-16
608.65        	1.135695e-16
608.7         	1.135695e-16
608.75        	1.135695e-16
608.8         	1.135695e-16
608.85        	1.135695e-16
608.9         	1.135695e-16
608.95        	1.135695e-16
609           	1.135695e-16
609.05        	1.135695e-16
609.1         	1.135695e-16
609.15        	1.135695e-16
609.2         	1.135695e-16
609.25        	1.135695e-16
609.3         	1.135695e-16
609.35        	1.135695e-16
609.4         	1.135695e-16
609.45        	1.135695e-16
609.5         	1.135695e-16
609.55        	1.135695e-16
609.6         	1.135695e-16
609.65        	1.135695e-16
609.7         	1.135695e-16
609.75        	1.135695e-16
609.8         	1.135695e-16
609.85        	1.135695e-16
609.9         	1.135695e-16
609.95        	1.135695e-16
610           	1.135695e-16
610.05        	1.135695e-16
610.1         	1.135695e-16
610.15        	1.135695e-16
610.2         	1.135695e-16
610.25        	1.135695e-16
610.3         	1.135695e-16
610.35        	1.135695e-16
610.4         	1.135695e-16
610.45        	1.135695e-16
610.5         	1.135695e-16
610.55        	1.135695e-16
610.6         	1.135695e-16
610.65        	1.135695e-16
610.7         	1.135695e-16
610.75        	1.135695e-16
610.8         	1.135695e-16
610.85        	1.135695e-16
610.9         	1.135695e-16
610.95        	1.135695e-16
611           	1.135695e-16
611.05        	1.135695e-16
611.1         	1.135695e-16
611.15        	1.135695e-16
611.2         	1.135695e-16
611.25        	1.135695e-16
611.3         	1.135695e-16
611.35        	1.135695e-16
611.4         	1.135695e-16
611.45        	1.135695e-16
611.5         	1.135695e-16
611.55        	1.135695e-16
611.6         	1.135695e-16
611.65        	1.135695e-16
611.7         	1.135695e-16
611.75        	1.135695e-16
611.8         	1.135695e-16
611.85        	1.135695e-16
611.9         	1.135695e-16
611.95        	1.135695e-16
612           	1.135695e-16
612.05        	1.135695e-16
612.1         	1.135695e-16
612.15        	1.135695e-16
612.2         	1.135695e-16
612.25        	1.135695e-16
612.3         	1.135695e-16
612.35        	1.135695e-16
612.4         	1.135695e-16
612.45        	1.135695e-16
612.5         	1.135695e-16
612.55        	1.135695e-16
612.6         	1.135695e-16
612.65        	1.135695e-16
612.7         	1.135695e-16
612.75        	1.135695e-16
612.8         	1.135695e-16
612.85        	1.135695e-16
612.9         	1.135695e-16
612.95        	1.135695e-16
613           	1.135695e-16
613.05        	1.135695e-16
613.1         	1.135695e-16
613.15        	1.135695e-16
613.2         	1.135695e-16
613.25        	1.135695e-16
613.3         	1.135695e-16
613.35        	1.135695e-16
613.4         	1.135695e-16
613.45        	1.135695e-16
613.5         	1.135695e-16
613.55        	1.135695e-16
613.6         	1.135695e-16
613.65        	1.135695e-16
613.7         	1.135695e-16
613.75        	1.135695e-16
613.8         	1.135695e-16
613.85        	1.135695e-16
613.9         	1.135695e-16
613.95        	1.135695e-16
614           	1.135695e-16
614.05        	1.135695e-16
614.1         	1.135695e-16
614.15        	1.135695e-16
614.2         	1.135695e-16
614.25        	1.135695e-16
614.3         	1.135695e-16
614.35        	1.135695e-16
614.4         	1.135695e-16
614.45        	1.135695e-16
614.5         	1.135695e-16
614.55        	1.135695e-16
614.6         	1.135695e-16
614.65        	1.135695e-16
614.7         	1.135695e-16
614.75        	1.135695e-16
614.8         	1.135695e-16
614.85        	1.135695e-16
614.9         	1.135695e-16
614.95        	1.135695e-16
615           	1.135695e-16
615.05        	1.135695e-16
615.1         	1.135695e-16
615.15        	1.135695e-16
615.2         	1.135695e-16
615.25        	1.135695e-16
615.3         	1.135695e-16
615.35        	1.135695e-16
615.4         	1.135695e-16
615.45        	1.135695e-16
615.5         	1.135695e-16
615.55        	1.135695e-16
615.6         	1.135695e-16
615.65        	1.135695e-16
615.7         	1.135695e-16
615.75        	1.135695e-16
615.8         	1.135695e-16
615.85        	1.135695e-16
615.9         	1.135695e-16
615.95        	1.135695e-16
616           	1.135695e-16
616.05        	1.135695e-16
616.1         	1.135695e-16
616.15        	1.135695e-16
616.2         	1.135695e-16
616.25        	1.135695e-16
616.3         	1.135695e-16
616.35        	1.135695e-16
616.4         	1.135695e-16
616.45        	1.135695e-16
616.5         	1.135695e-16
616.55        	1.135695e-16
616.6         	1.135695e-16
616.65        	1.135695e-16
616.7         	1.135695e-16
616.75        	1.135695e-16
616.8         	1.135695e-16
616.85        	1.135695e-16
616.9         	1.135695e-16
616.95        	1.135695e-16
617           	1.135695e-16
617.05        	1.135695e-16
617.1         	1.135695e-16
617.15        	1.135695e-16
617.2         	1.135695e-16
617.25        	1.135695e-16
617.3         	1.135695e-16
617.35        	1.135695e-16
617.4         	1.135695e-16
617.45        	1.135695e-16
617.5         	1.135695e-16
617.55        	1.135695e-16
617.6         	1.135695e-16
617.65        	1.135695e-16
617.7         	1.135695e-16
617.75        	1.135695e-16
617.8         	1.135695e-16
617.85        	1.135695e-16
617.9         	1.135695e-16
617.95        	1.135695e-16
618           	1.135695e-16
618.05        	1.135695e-16
618.1         	1.135695e-16
618.15        	1.135695e-16
618.2         	1.135695e-16
618.25        	1.135695e-16
618.3         	1.135695e-16
618.35        	1.135695e-16
618.4         	1.135695e-16
618.45        	1.135695e-16
618.5         	1.135695e-16
618.55        	1.135695e-16
618.6         	1.135695e-16
618.65        	1.135695e-16
618.7         	1.135695e-16
618.75        	1.135695e-16
618.8         	1.135695e-16
618.85        	1.135695e-16
618.9         	1.135695e-16
618.95        	1.135695e-16
619           	1.135695e-16
619.05        	1.135695e-16
619.1         	1.135695e-16
619.15        	1.135695e-16
619.2         	1.135695e-16
619.25        	1.135695e-16
619.3         	1.135695e-16
619.35        	1.135695e-16
619.4         	1.135695e-16
619.45        	1.135695e-16
619.5         	1.135695e-16
619.55        	1.135695e-16
619.6         	1.135695e-16
619.65        	1.135695e-16
619.7         	1.135695e-16
619.75        	1.135695e-16
619.8         	1.135695e-16
619.85        	1.135695e-16
619.9         	1.135695e-16
619.95        	1.135695e-16
620           	1.135695e-16
620.05        	1.135695e-16
620.1         	1.135695e-16
620.15        	1.135695e-16
620.2         	1.135695e-16
620.25        	1.135695e-16
620.3         	1.135695e-16
620.35        	1.135695e-16
620.4         	1.135695e-16
620.45        	1.135695e-16
620.5         	1.135695e-16
620.55        	1.135695e-16
620.6         	1.135695e-16
620.65        	1.135695e-16
620.7         	1.135695e-16
620.75        	1.135695e-16
620.8         	1.135695e-16
620.85        	1.135695e-16
620.9         	1.135695e-16
620.95        	1.135695e-16
621           	1.135695e-16
621.05        	1.135695e-16
621.1         	1.135695e-16
621.15        	1.135695e-16
621.2         	1.135695e-16
621.25        	1.135695e-16
621.3         	1.135695e-16
621.35        	1.135695e-16
621.4         	1.135695e-16
621.45        	1.135695e-16
621.5         	1.135695e-16
621.55        	1.135695e-16
621.6         	1.135695e-16
621.65        	1.135695e-16
621.7         	1.135695e-16
621.75        	1.135695e-16
621.8         	1.135695e-16
621.85        	1.135695e-16
621.9         	1.135695e-16
621.95        	1.135695e-16
622           	1.135695e-16
622.05        	1.135695e-16
622.1         	1.135695e-16
622.15        	1.135695e-16
622.2         	1.135695e-16
622.25        	1.135695e-16
622.3         	1.135695e-16
622.35        	1.135695e-16
622.4         	1.135695e-16
622.45        	1.135695e-16
622.5         	1.135695e-16
622.55        	1.135695e-16
622.6         	1.135695e-16
622.65        	1.135695e-16
622.7         	1.135695e-16
622.75        	1.135695e-16
622.8         	1.135695e-16
622.85        	1.135695e-16
622.9         	1.135695e-16
622.95        	1.135695e-16
623           	1.135695e-16
623.05        	1.135695e-16
623.1         	1.135695e-16
623.15        	1.135695e-16
623.2         	1.135695e-16
623.25        	1.135695e-16
623.3         	1.135695e-16
623.35        	1.135695e-16
623.4         	1.135695e-16
623.45        	1.135695e-16
623.5         	1.135695e-16
623.55        	1.135695e-16
623.6         	1.135695e-16
623.65        	1.135695e-16
623.7         	1.135695e-16
623.75        	1.135695e-16
623.8         	1.135695e-16
623.85        	1.135695e-16
623.9         	1.135695e-16
623.95        	1.135695e-16
624           	1.135695e-16
624.05        	1.135695e-16
624.1         	1.135695e-16
624.15        	1.135695e-16
624.2         	1.135695e-16
624.25        	1.135695e-16
624.3         	1.135695e-16
624.35        	1.135695e-16
624.4         	1.135695e-16
624.45        	1.135695e-16
624.5         	1.135695e-16
624.55        	1.135695e-16
624.6         	1.135695e-16
624.65        	1.135695e-16
624.7         	1.135695e-16
624.75        	1.135695e-16
624.8         	1.135695e-16
624.85        	1.135695e-16
624.9         	1.135695e-16
624.95        	1.135695e-16
625           	1.135695e-16
625.05        	1.135695e-16
625.1         	1.135695e-16
625.15        	1.135695e-16
625.2         	1.135695e-16
625.25        	1.135695e-16
625.3         	1.135695e-16
625.35        	1.135695e-16
625.4         	1.135695e-16
625.45        	1.135695e-16
625.5         	1.135695e-16
625.55        	1.135695e-16
625.6         	1.135695e-16
625.65        	1.135695e-16
625.7         	1.135695e-16
625.75        	1.135695e-16
625.8         	1.135695e-16
625.85        	1.135695e-16
625.9         	1.135695e-16
625.95        	1.135695e-16
626           	1.135695e-16
626.05        	1.135695e-16
626.1         	1.135695e-16
626.15        	1.135695e-16
626.2         	1.135695e-16
626.25        	1.135695e-16
626.3         	1.135695e-16
626.35        	1.135695e-16
626.4         	1.135695e-16
626.45        	1.135695e-16
626.5         	1.135695e-16
626.55        	1.135695e-16
626.6         	1.135695e-16
626.65        	1.135695e-16
626.7         	1.135695e-16
626.75        	1.135695e-16
626.8         	1.135695e-16
626.85        	1.135695e-16
626.9         	1.135695e-16
626.95        	1.135695e-16
627           	1.135695e-16
627.05        	1.135695e-16
627.1         	1.135695e-16
627.15        	1.135695e-16
627.2         	1.135695e-16
627.25        	1.135695e-16
627.3         	1.135695e-16
627.35        	1.135695e-16
627.4         	1.135695e-16
627.45        	1.135695e-16
627.5         	1.135695e-16
627.55        	1.135695e-16
627.6         	1.135695e-16
627.65        	1.135695e-16
627.7         	1.135695e-16
627.75        	1.135695e-16
627.8         	1.135695e-16
627.85        	1.135695e-16
627.9         	1.135695e-16
627.95        	1.135695e-16
628           	1.135695e-16
628.05        	1.135695e-16
628.1         	1.135695e-16
628.15        	1.135695e-16
628.2         	1.135695e-16
628.25        	1.135695e-16
628.3         	1.135695e-16
628.35        	1.135695e-16
628.4         	1.135695e-16
628.45        	1.135695e-16
628.5         	1.135695e-16
628.55        	1.135695e-16
628.6         	1.135695e-16
628.65        	1.135695e-16
628.7         	1.135695e-16
628.75        	1.135695e-16
628.8         	1.135695e-16
628.85        	1.135695e-16
628.9         	1.135695e-16
628.95        	1.135695e-16
629           	1.135695e-16
629.05        	1.135695e-16
629.1         	1.135695e-16
629.15        	1.135695e-16
629.2         	1.135695e-16
629.25        	1.135695e-16
629.3         	1.135695e-16
629.35        	1.135695e-16
629.4         	1.135695e-16
629.45        	1.135695e-16
629.5         	1.135695e-16
629.55        	1.135695e-16
629.6         	1.135695e-16
629.65        	1.135695e-16
629.7         	1.135695e-16
629.75        	1.135695e-16
629.8         	1.135695e-16
629.85        	1.135695e-16
629.9         	1.135695e-16
629.95        	1.135695e-16
630           	1.135695e-16
630.05        	1.135695e-16
630.1         	1.135695e-16
630.15        	1.135695e-16
630.2         	1.135695e-16
630.25        	1.135695e-16
630.3         	1.135695e-16
630.35        	1.135695e-16
630.4         	1.135695e-16
630.45        	1.135695e-16
630.5         	1.135695e-16
630.55        	1.135695e-16
630.6         	1.135695e-16
630.65        	1.135695e-16
630.7         	1.135695e-16
630.75        	1.135695e-16
630.8         	1.135695e-16
630.85        	1.135695e-16
630.9         	1.135695e-16
630.95        	1.135695e-16
631           	1.135695e-16
631.05        	1.135695e-16
631.1         	1.135695e-16
631.15        	1.135695e-16
631.2         	1.135695e-16
631.25        	1.135695e-16
631.3         	1.135695e-16
631.35        	1.135695e-16
631.4         	1.135695e-16
631.45        	1.135695e-16
631.5         	1.135695e-16
631.55        	1.135695e-16
631.6         	1.135695e-16
631.65        	1.135695e-16
631.7         	1.135695e-16
631.75        	1.135695e-16
631.8         	1.135695e-16
631.85        	1.135695e-16
631.9         	1.135695e-16
631.95        	1.135695e-16
632           	1.135695e-16
632.05        	1.135695e-16
632.1         	1.135695e-16
632.15        	1.135695e-16
632.2         	1.135695e-16
632.25        	1.135695e-16
632.3         	1.135695e-16
632.35        	1.135695e-16
632.4         	1.135695e-16
632.45        	1.135695e-16
632.5         	1.135695e-16
632.55        	1.135695e-16
632.6         	1.135695e-16
632.65        	1.135695e-16
632.7         	1.135695e-16
632.75        	1.135695e-16
632.8         	1.135695e-16
632.85        	1.135695e-16
632.9         	1.135695e-16
632.95        	1.135695e-16
633           	1.135695e-16
633.05        	1.135695e-16
633.1         	1.135695e-16
633.15        	1.135695e-16
633.2         	1.135695e-16
633.25        	1.135695e-16
633.3         	1.135695e-16
633.35        	1.135695e-16
633.4         	1.135695e-16
633.45        	1.135695e-16
633.5         	1.135695e-16
633.55        	1.135695e-16
633.6         	1.135695e-16
633.65        	1.135695e-16
633.7         	1.135695e-16
633.75        	1.135695e-16
633.8         	1.135695e-16
633.85        	1.135695e-16
633.9         	1.135695e-16
633.95        	1.135695e-16
634           	1.135695e-16
634.05        	1.135695e-16
634.1         	1.135695e-16
634.15        	1.135695e-16
634.2         	1.135695e-16
634.25        	1.135695e-16
634.3         	1.135695e-16
634.35        	1.135695e-16
634.4         	1.135695e-16
634.45        	1.135695e-16
634.5         	1.135695e-16
634.55        	1.135695e-16
634.6         	1.135695e-16
634.65        	1.135695e-16
634.7         	1.135695e-16
634.75        	1.135695e-16
634.8         	1.135695e-16
634.85        	1.135695e-16
634.9         	1.135695e-16
634.95        	1.135695e-16
635           	1.135695e-16
635.05        	1.135695e-16
635.1         	1.135695e-16
635.15        	1.135695e-16
635.2         	1.135695e-16
635.25        	1.135695e-16
635.3         	1.135695e-16
635.35        	1.135695e-16
635.4         	1.135695e-16
635.45        	1.135695e-16
635.5         	1.135695e-16
635.55        	1.135695e-16
635.6         	1.135695e-16
635.65        	1.135695e-16
635.7         	1.135695e-16
635.75        	1.135695e-16
635.8         	1.135695e-16
635.85        	1.135695e-16
635.9         	1.135695e-16
635.95        	1.135695e-16
636           	1.135695e-16
636.05        	1.135695e-16
636.1         	1.135695e-16
636.15        	1.135695e-16
636.2         	1.135695e-16
636.25        	1.135695e-16
636.3         	1.135695e-16
636.35        	1.135695e-16
636.4         	1.135695e-16
636.45        	1.135695e-16
636.5         	1.135695e-16
636.55        	1.135695e-16
636.6         	1.135695e-16
636.65        	1.135695e-16
636.7         	1.135695e-16
636.75        	1.135695e-16
636.8         	1.135695e-16
636.85        	1.135695e-16
636.9         	1.135695e-16
636.95        	1.135695e-16
637           	1.135695e-16
637.05        	1.135695e-16
637.1         	1.135695e-16
637.15        	1.135695e-16
637.2         	1.135695e-16
637.25        	1.135695e-16
637.3         	1.135695e-16
637.35        	1.135695e-16
637.4         	1.135695e-16
637.45        	1.135695e-16
637.5         	1.135695e-16
637.55        	1.135695e-16
637.6         	1.135695e-16
637.65        	1.135695e-16
637.7         	1.135695e-16
637.75        	1.135695e-16
637.8         	1.135695e-16
637.85        	1.135695e-16
637.9         	1.135695e-16
637.95        	1.135695e-16
638           	1.135695e-16
638.05        	1.135695e-16
638.1         	1.135695e-16
638.15        	1.135695e-16
638.2         	1.135695e-16
638.25        	1.135695e-16
638.3         	1.135695e-16
638.35        	1.135695e-16
638.4         	1.135695e-16
638.45        	1.135695e-16
638.5         	1.135695e-16
638.55        	1.135695e-16
638.6         	1.135695e-16
638.65        	1.135695e-16
638.7         	1.135695e-16
638.75        	1.135695e-16
638.8         	1.135695e-16
638.85        	1.135695e-16
638.9         	1.135695e-16
638.95        	1.135695e-16
639           	1.135695e-16
639.05        	1.135695e-16
639.1         	1.135695e-16
639.15        	1.135695e-16
639.2         	1.135695e-16
639.25        	1.135695e-16
639.3         	1.135695e-16
639.35        	1.135695e-16
639.4         	1.135695e-16
639.45        	1.135695e-16
639.5         	1.135695e-16
639.55        	1.135695e-16
639.6         	1.135695e-16
639.65        	1.135695e-16
639.7         	1.135695e-16
639.75        	1.135695e-16
639.8         	1.135695e-16
639.85        	1.135695e-16
639.9         	1.135695e-16
639.95        	1.135695e-16
640           	1.135695e-16
640.05        	1.135695e-16
640.1         	1.135695e-16
640.15        	1.135695e-16
640.2         	1.135695e-16
640.25        	1.135695e-16
640.3         	1.135695e-16
640.35        	1.135695e-16
640.4         	1.135695e-16
640.45        	1.135695e-16
640.5         	1.135695e-16
640.55        	1.135695e-16
640.6         	1.135695e-16
640.65        	1.135695e-16
640.7         	1.135695e-16
640.75        	1.135695e-16
640.8         	1.135695e-16
640.85        	1.135695e-16
640.9         	1.135695e-16
640.95        	1.135695e-16
641           	1.135695e-16
641.05        	1.135695e-16
641.1         	1.135695e-16
641.15        	1.135695e-16
641.2         	1.135695e-16
641.25        	1.135695e-16
641.3         	1.135695e-16
641.35        	1.135695e-16
641.4         	1.135695e-16
641.45        	1.135695e-16
641.5         	1.135695e-16
641.55        	1.135695e-16
641.6         	1.135695e-16
641.65        	1.135695e-16
641.7         	1.135695e-16
641.75        	1.135695e-16
641.8         	1.135695e-16
641.85        	1.135695e-16
641.9         	1.135695e-16
641.95        	1.135695e-16
642           	1.135695e-16
642.05        	1.135695e-16
642.1         	1.135695e-16
642.15        	1.135695e-16
642.2         	1.135695e-16
642.25        	1.135695e-16
642.3         	1.135695e-16
642.35        	1.135695e-16
642.4         	1.135695e-16
642.45        	1.135695e-16
642.5         	1.135695e-16
642.55        	1.135695e-16
642.6         	1.135695e-16
642.65        	1.135695e-16
642.7         	1.135695e-16
642.75        	1.135695e-16
642.8         	1.135695e-16
642.85        	1.135695e-16
642.9         	1.135695e-16
642.95        	1.135695e-16
643           	1.135695e-16
643.05        	1.135695e-16
643.1         	1.135695e-16
643.15        	1.135695e-16
643.2         	1.135695e-16
643.25        	1.135695e-16
643.3         	1.135695e-16
643.35        	1.135695e-16
643.4         	1.135695e-16
643.45        	1.135695e-16
643.5         	1.135695e-16
643.55        	1.135695e-16
643.6         	1.135695e-16
643.65        	1.135695e-16
643.7         	1.135695e-16
643.75        	1.135695e-16
643.8         	1.135695e-16
643.85        	1.135695e-16
643.9         	1.135695e-16
643.95        	1.135695e-16
644           	1.135695e-16
644.05        	1.135695e-16
644.1         	1.135695e-16
644.15        	1.135695e-16
644.2         	1.135695e-16
644.25        	1.135695e-16
644.3         	1.135695e-16
644.35        	1.135695e-16
644.4         	1.135695e-16
644.45        	1.135695e-16
644.5         	1.135695e-16
644.55        	1.135695e-16
644.6         	1.135695e-16
644.65        	1.135695e-16
644.7         	1.135695e-16
644.75        	1.135695e-16
644.8         	1.135695e-16
644.85        	1.135695e-16
644.9         	1.135695e-16
644.95        	1.135695e-16
645           	1.135695e-16
645.05        	1.135695e-16
645.1         	1.135695e-16
645.15        	1.135695e-16
645.2         	1.135695e-16
645.25        	1.135695e-16
645.3         	1.135695e-16
645.35        	1.135695e-16
645.4         	1.135695e-16
645.45        	1.135695e-16
645.5         	1.135695e-16
645.55        	1.135695e-16
645.6         	1.135695e-16
645.65        	1.135695e-16
645.7         	1.135695e-16
645.75        	1.135695e-16
645.8         	1.135695e-16
645.85        	1.135695e-16
645.9         	1.135695e-16
645.95        	1.135695e-16
646           	1.135695e-16
646.05        	1.135695e-16
646.1         	1.135695e-16
646.15        	1.135695e-16
646.2         	1.135695e-16
646.25        	1.135695e-16
646.3         	1.135695e-16
646.35        	1.135695e-16
646.4         	1.135695e-16
646.45        	1.135695e-16
646.5         	1.135695e-16
646.55        	1.135695e-16
646.6         	1.135695e-16
646.65        	1.135695e-16
646.7         	1.135695e-16
646.75        	1.135695e-16
646.8         	1.135695e-16
646.85        	1.135695e-16
646.9         	1.135695e-16
646.95        	1.135695e-16
647           	1.135695e-16
647.05        	1.135695e-16
647.1         	1.135695e-16
647.15        	1.135695e-16
647.2         	1.135695e-16
647.25        	1.135695e-16
647.3         	1.135695e-16
647.35        	1.135695e-16
647.4         	1.135695e-16
647.45        	1.135695e-16
647.5         	1.135695e-16
647.55        	1.135695e-16
647.6         	1.135695e-16
647.65        	1.135695e-16
647.7         	1.135695e-16
647.75        	1.135695e-16
647.8         	1.135695e-16
647.85        	1.135695e-16
647.9         	1.135695e-16
647.95        	1.135695e-16
648           	1.135695e-16
648.05        	1.135695e-16
648.1         	1.135695e-16
648.15        	1.135695e-16
648.2         	1.135695e-16
648.25        	1.135695e-16
648.3         	1.135695e-16
648.35        	1.135695e-16
648.4         	1.135695e-16
648.45        	1.135695e-16
648.5         	1.135695e-16
648.55        	1.135695e-16
648.6         	1.135695e-16
648.65        	1.135695e-16
648.7         	1.135695e-16
648.75        	1.135695e-16
648.8         	1.135695e-16
648.85        	1.135695e-16
648.9         	1.135695e-16
648.95        	1.135695e-16
649           	1.135695e-16
649.05        	1.135695e-16
649.1         	1.135695e-16
649.15        	1.135695e-16
649.2         	1.135695e-16
649.25        	1.135695e-16
649.3         	1.135695e-16
649.35        	1.135695e-16
649.4         	1.135695e-16
649.45        	1.135695e-16
649.5         	1.135695e-16
649.55        	1.135695e-16
649.6         	1.135695e-16
649.65        	1.135695e-16
649.7         	1.135695e-16
649.75        	1.135695e-16
649.8         	1.135695e-16
649.85        	1.135695e-16
649.9         	1.135695e-16
649.95        	1.135695e-16
650           	1.135695e-16
650.05        	1.135695e-16
650.1         	1.135695e-16
650.15        	1.135695e-16
650.2         	1.135695e-16
650.25        	1.135695e-16
650.3         	1.135695e-16
650.35        	1.135695e-16
650.4         	1.135695e-16
650.45        	1.135695e-16
650.5         	1.135695e-16
650.55        	1.135695e-16
650.6         	1.135695e-16
650.65        	1.135695e-16
650.7         	1.135695e-16
650.75        	1.135695e-16
650.8         	1.135695e-16
650.85        	1.135695e-16
650.9         	1.135695e-16
650.95        	1.135695e-16
651           	1.135695e-16
651.05        	1.135695e-16
651.1         	1.135695e-16
651.15        	1.135695e-16
651.2         	1.135695e-16
651.25        	1.135695e-16
651.3         	1.135695e-16
651.35        	1.135695e-16
651.4         	1.135695e-16
651.45        	1.135695e-16
651.5         	1.135695e-16
651.55        	1.135695e-16
651.6         	1.135695e-16
651.65        	1.135695e-16
651.7         	1.135695e-16
651.75        	1.135695e-16
651.8         	1.135695e-16
651.85        	1.135695e-16
651.9         	1.135695e-16
651.95        	1.135695e-16
652           	1.135695e-16
652.05        	1.135695e-16
652.1         	1.135695e-16
652.15        	1.135695e-16
652.2         	1.135695e-16
652.25        	1.135695e-16
652.3         	1.135695e-16
652.35        	1.135695e-16
652.4         	1.135695e-16
652.45        	1.135695e-16
652.5         	1.135695e-16
652.55        	1.135695e-16
652.6         	1.135695e-16
652.65        	1.135695e-16
652.7         	1.135695e-16
652.75        	1.135695e-16
652.8         	1.135695e-16
652.85        	1.135695e-16
652.9         	1.135695e-16
652.95        	1.135695e-16
653           	1.135695e-16
653.05        	1.135695e-16
653.1         	1.135695e-16
653.15        	1.135695e-16
653.2         	1.135695e-16
653.25        	1.135695e-16
653.3         	1.135695e-16
653.35        	1.135695e-16
653.4         	1.135695e-16
653.45        	1.135695e-16
653.5         	1.135695e-16
653.55        	1.135695e-16
653.6         	1.135695e-16
653.65        	1.135695e-16
653.7         	1.135695e-16
653.75        	1.135695e-16
653.8         	1.135695e-16
653.85        	1.135695e-16
653.9         	1.135695e-16
653.95        	1.135695e-16
654           	1.135695e-16
654.05        	1.135695e-16
654.1         	1.135695e-16
654.15        	1.135695e-16
654.2         	1.135695e-16
654.25        	1.135695e-16
654.3         	1.135695e-16
654.35        	1.135695e-16
654.4         	1.135695e-16
654.45        	1.135695e-16
654.5         	1.135695e-16
654.55        	1.135695e-16
654.6         	1.135695e-16
654.65        	1.135695e-16
654.7         	1.135695e-16
654.75        	1.135695e-16
654.8         	1.135695e-16
654.85        	1.135695e-16
654.9         	1.135695e-16
654.95        	1.135695e-16
655           	1.135695e-16
655.05        	1.135695e-16
655.1         	1.135695e-16
655.15        	1.135695e-16
655.2         	1.135695e-16
655.25        	1.135695e-16
655.3         	1.135695e-16
655.35        	1.135695e-16
655.4         	1.135695e-16
655.45        	1.135695e-16
655.5         	1.135695e-16
655.55        	1.135695e-16
655.6         	1.135695e-16
655.65        	1.135695e-16
655.7         	1.135695e-16
655.75        	1.135695e-16
655.8         	1.135695e-16
655.85        	1.135695e-16
655.9         	1.135695e-16
655.95        	1.135695e-16
656           	1.135695e-16
656.05        	1.135695e-16
656.1         	1.135695e-16
656.15        	1.135695e-16
656.2         	1.135695e-16
656.25        	1.135695e-16
656.3         	1.135695e-16
656.35        	1.135695e-16
656.4         	1.135695e-16
656.45        	1.135695e-16
656.5         	1.135695e-16
656.55        	1.135695e-16
656.6         	1.135695e-16
656.65        	1.135695e-16
656.7         	1.135695e-16
656.75        	1.135695e-16
656.8         	1.135695e-16
656.85        	1.135695e-16
656.9         	1.135695e-16
656.95        	1.135695e-16
657           	1.135695e-16
657.05        	1.135695e-16
657.1         	1.135695e-16
657.15        	1.135695e-16
657.2         	1.135695e-16
657.25        	1.135695e-16
657.3         	1.135695e-16
657.35        	1.135695e-16
657.4         	1.135695e-16
657.45        	1.135695e-16
657.5         	1.135695e-16
657.55        	1.135695e-16
657.6         	1.135695e-16
657.65        	1.135695e-16
657.7         	1.135695e-16
657.75        	1.135695e-16
657.8         	1.135695e-16
657.85        	1.135695e-16
657.9         	1.135695e-16
657.95        	1.135695e-16
658           	1.135695e-16
658.05        	1.135695e-16
658.1         	1.135695e-16
658.15        	1.135695e-16
658.2         	1.135695e-16
658.25        	1.135695e-16
658.3         	1.135695e-16
658.35        	1.135695e-16
658.4         	1.135695e-16
658.45        	1.135695e-16
658.5         	1.135695e-16
658.55        	1.135695e-16
658.6         	1.135695e-16
658.65        	1.135695e-16
658.7         	1.135695e-16
658.75        	1.135695e-16
658.8         	1.135695e-16
658.85        	1.135695e-16
658.9         	1.135695e-16
658.95        	1.135695e-16
659           	1.135695e-16
659.05        	1.135695e-16
659.1         	1.135695e-16
659.15        	1.135695e-16
659.2         	1.135695e-16
659.25        	1.135695e-16
659.3         	1.135695e-16
659.35        	1.135695e-16
659.4         	1.135695e-16
659.45        	1.135695e-16
659.5         	1.135695e-16
659.55        	1.135695e-16
659.6         	1.135695e-16
659.65        	1.135695e-16
659.7         	1.135695e-16
659.75        	1.135695e-16
659.8         	1.135695e-16
659.85        	1.135695e-16
659.9         	1.135695e-16
659.95        	1.135695e-16
660           	1.135695e-16
660.05        	1.135695e-16
660.1         	1.135695e-16
660.15        	1.135695e-16
660.2         	1.135695e-16
660.25        	1.135695e-16
660.3         	1.135695e-16
660.35        	1.135695e-16
660.4         	1.135695e-16
660.45        	1.135695e-16
660.5         	1.135695e-16
660.55        	1.135695e-16
660.6         	1.135695e-16
660.65        	1.135695e-16
660.7         	1.135695e-16
660.75        	1.135695e-16
660.8         	1.135695e-16
660.85        	1.135695e-16
660.9         	1.135695e-16
660.95        	1.135695e-16
661           	1.135695e-16
661.05        	1.135695e-16
661.1         	1.135695e-16
661.15        	1.135695e-16
661.2         	1.135695e-16
661.25        	1.135695e-16
661.3         	1.135695e-16
661.35        	1.135695e-16
661.4         	1.135695e-16
661.45        	1.135695e-16
661.5         	1.135695e-16
661.55        	1.135695e-16
661.6         	1.135695e-16
661.65        	1.135695e-16
661.7         	1.135695e-16
661.75        	1.135695e-16
661.8         	1.135695e-16
661.85        	1.135695e-16
661.9         	1.135695e-16
661.95        	1.135695e-16
662           	1.135695e-16
662.05        	1.135695e-16
662.1         	1.135695e-16
662.15        	1.135695e-16
662.2         	1.135695e-16
662.25        	1.135695e-16
662.3         	1.135695e-16
662.35        	1.135695e-16
662.4         	1.135695e-16
662.45        	1.135695e-16
662.5         	1.135695e-16
662.55        	1.135695e-16
662.6         	1.135695e-16
662.65        	1.135695e-16
662.7         	1.135695e-16
662.75        	1.135695e-16
662.8         	1.135695e-16
662.85        	1.135695e-16
662.9         	1.135695e-16
662.95        	1.135695e-16
663           	1.135695e-16
663.05        	1.135695e-16
663.1         	1.135695e-16
663.15        	1.135695e-16
663.2         	1.135695e-16
663.25        	1.135695e-16
663.3         	1.135695e-16
663.35        	1.135695e-16
663.4         	1.135695e-16
663.45        	1.135695e-16
663.5         	1.135695e-16
663.55        	1.135695e-16
663.6         	1.135695e-16
663.65        	1.135695e-16
663.7         	1.135695e-16
663.75        	1.135695e-16
663.8         	1.135695e-16
663.85        	1.135695e-16
663.9         	1.135695e-16
663.95        	1.135695e-16
664           	1.135695e-16
664.05        	1.135695e-16
664.1         	1.135695e-16
664.15        	1.135695e-16
664.2         	1.135695e-16
664.25        	1.135695e-16
664.3         	1.135695e-16
664.35        	1.135695e-16
664.4         	1.135695e-16
664.45        	1.135695e-16
664.5         	1.135695e-16
664.55        	1.135695e-16
664.6         	1.135695e-16
664.65        	1.135695e-16
664.7         	1.135695e-16
664.75        	1.135695e-16
664.8         	1.135695e-16
664.85        	1.135695e-16
664.9         	1.135695e-16
664.95        	1.135695e-16
665           	1.135695e-16
665.05        	1.135695e-16
665.1         	1.135695e-16
665.15        	1.135695e-16
665.2         	1.135695e-16
665.25        	1.135695e-16
665.3         	1.135695e-16
665.35        	1.135695e-16
665.4         	1.135695e-16
665.45        	1.135695e-16
665.5         	1.135695e-16
665.55        	1.135695e-16
665.6         	1.135695e-16
665.65        	1.135695e-16
665.7         	1.135695e-16
665.75        	1.135695e-16
665.8         	1.135695e-16
665.85        	1.135695e-16
665.9         	1.135695e-16
665.95        	1.135695e-16
666           	1.135695e-16
666.05        	1.135695e-16
666.1         	1.135695e-16
666.15        	1.135695e-16
666.2         	1.135695e-16
666.25        	1.135695e-16
666.3         	1.135695e-16
666.35        	1.135695e-16
666.4         	1.135695e-16
666.45        	1.135695e-16
666.5         	1.135695e-16
666.55        	1.135695e-16
666.6         	1.135695e-16
666.65        	1.135695e-16
666.7         	1.135695e-16
666.75        	1.135695e-16
666.8         	1.135695e-16
666.85        	1.135695e-16
666.9         	1.135695e-16
666.95        	1.135695e-16
667           	1.135695e-16
667.05        	1.135695e-16
667.1         	1.135695e-16
667.15        	1.135695e-16
667.2         	1.135695e-16
667.25        	1.135695e-16
667.3         	1.135695e-16
667.35        	1.135695e-16
667.4         	1.135695e-16
667.45        	1.135695e-16
667.5         	1.135695e-16
667.55        	1.135695e-16
667.6         	1.135695e-16
667.65        	1.135695e-16
667.7         	1.135695e-16
667.75        	1.135695e-16
667.8         	1.135695e-16
667.85        	1.135695e-16
667.9         	1.135695e-16
667.95        	1.135695e-16
668           	1.135695e-16
668.05        	1.135695e-16
668.1         	1.135695e-16
668.15        	1.135695e-16
668.2         	1.135695e-16
668.25        	1.135695e-16
668.3         	1.135695e-16
668.35        	1.135695e-16
668.4         	1.135695e-16
668.45        	1.135695e-16
668.5         	1.135695e-16
668.55        	1.135695e-16
668.6         	1.135695e-16
668.65        	1.135695e-16
668.7         	1.135695e-16
668.75        	1.135695e-16
668.8         	1.135695e-16
668.85        	1.135695e-16
668.9         	1.135695e-16
668.95        	1.135695e-16
669           	1.135695e-16
669.05        	1.135695e-16
669.1         	1.135695e-16
669.15        	1.135695e-16
669.2         	1.135695e-16
669.25        	1.135695e-16
669.3         	1.135695e-16
669.35        	1.135695e-16
669.4         	1.135695e-16
669.45        	1.135695e-16
669.5         	1.135695e-16
669.55        	1.135695e-16
669.6         	1.135695e-16
669.65        	1.135695e-16
669.7         	1.135695e-16
669.75        	1.135695e-16
669.8         	1.135695e-16
669.85        	1.135695e-16
669.9         	1.135695e-16
669.95        	1.135695e-16
670           	1.135695e-16
670.05        	1.135695e-16
670.1         	1.135695e-16
670.15        	1.135695e-16
670.2         	1.135695e-16
670.25        	1.135695e-16
670.3         	1.135695e-16
670.35        	1.135695e-16
670.4         	1.135695e-16
670.45        	1.135695e-16
670.5         	1.135695e-16
670.55        	1.135695e-16
670.6         	1.135695e-16
670.65        	1.135695e-16
670.7         	1.135695e-16
670.75        	1.135695e-16
670.8         	1.135695e-16
670.85        	1.135695e-16
670.9         	1.135695e-16
670.95        	1.135695e-16
671           	1.135695e-16
671.05        	1.135695e-16
671.1         	1.135695e-16
671.15        	1.135695e-16
671.2         	1.135695e-16
671.25        	1.135695e-16
671.3         	1.135695e-16
671.35        	1.135695e-16
671.4         	1.135695e-16
671.45        	1.135695e-16
671.5         	1.135695e-16
671.55        	1.135695e-16
671.6         	1.135695e-16
671.65        	1.135695e-16
671.7         	1.135695e-16
671.75        	1.135695e-16
671.8         	1.135695e-16
671.85        	1.135695e-16
671.9         	1.135695e-16
671.95        	1.135695e-16
672           	1.135695e-16
672.05        	1.135695e-16
672.1         	1.135695e-16
672.15        	1.135695e-16
672.2         	1.135695e-16
672.25        	1.135695e-16
672.3         	1.135695e-16
672.35        	1.135695e-16
672.4         	1.135695e-16
672.45        	1.135695e-16
672.5         	1.135695e-16
672.55        	1.135695e-16
672.6         	1.135695e-16
672.65        	1.135695e-16
672.7         	1.135695e-16
672.75        	1.135695e-16
672.8         	1.135695e-16
672.85        	1.135695e-16
672.9         	1.135695e-16
672.95        	1.135695e-16
673           	1.135695e-16
673.05        	1.135695e-16
673.1         	1.135695e-16
673.15        	1.135695e-16
673.2         	1.135695e-16
673.25        	1.135695e-16
673.3         	1.135695e-16
673.35        	1.135695e-16
673.4         	1.135695e-16
673.45        	1.135695e-16
673.5         	1.135695e-16
673.55        	1.135695e-16
673.6         	1.135695e-16
673.65        	1.135695e-16
673.7         	1.135695e-16
673.75        	1.135695e-16
673.8         	1.135695e-16
673.85        	1.135695e-16
673.9         	1.135695e-16
673.95        	1.135695e-16
674           	1.135695e-16
674.05        	1.135695e-16
674.1         	1.135695e-16
674.15        	1.135695e-16
674.2         	1.135695e-16
674.25        	1.135695e-16
674.3         	1.135695e-16
674.35        	1.135695e-16
674.4         	1.135695e-16
674.45        	1.135695e-16
674.5         	1.135695e-16
674.55        	1.135695e-16
674.6         	1.135695e-16
674.65        	1.135695e-16
674.7         	1.135695e-16
674.75        	1.135695e-16
674.8         	1.135695e-16
674.85        	1.135695e-16
674.9         	1.135695e-16
674.95        	1.135695e-16
675           	1.135695e-16
675.05        	1.135695e-16
675.1         	1.135695e-16
675.15        	1.135695e-16
675.2         	1.135695e-16
675.25        	1.135695e-16
675.3         	1.135695e-16
675.35        	1.135695e-16
675.4         	1.135695e-16
675.45        	1.135695e-16
675.5         	1.135695e-16
675.55        	1.135695e-16
675.6         	1.135695e-16
675.65        	1.135695e-16
675.7         	1.135695e-16
675.75        	1.135695e-16
675.8         	1.135695e-16
675.85        	1.135695e-16
675.9         	1.135695e-16
675.95        	1.135695e-16
676           	1.135695e-16
676.05        	1.135695e-16
676.1         	1.135695e-16
676.15        	1.135695e-16
676.2         	1.135695e-16
676.25        	1.135695e-16
676.3         	1.135695e-16
676.35        	1.135695e-16
676.4         	1.135695e-16
676.45        	1.135695e-16
676.5         	1.135695e-16
676.55        	1.135695e-16
676.6         	1.135695e-16
676.65        	1.135695e-16
676.7         	1.135695e-16
676.75        	1.135695e-16
676.8         	1.135695e-16
676.85        	1.135695e-16
676.9         	1.135695e-16
676.95        	1.135695e-16
677           	1.135695e-16
677.05        	1.135695e-16
677.1         	1.135695e-16
677.15        	1.135695e-16
677.2         	1.135695e-16
677.25        	1.135695e-16
677.3         	1.135695e-16
677.35        	1.135695e-16
677.4         	1.135695e-16
677.45        	1.135695e-16
677.5         	1.135695e-16
677.55        	1.135695e-16
677.6         	1.135695e-16
677.65        	1.135695e-16
677.7         	1.135695e-16
677.75        	1.135695e-16
677.8         	1.135695e-16
677.85        	1.135695e-16
677.9         	1.135695e-16
677.95        	1.135695e-16
678           	1.135695e-16
678.05        	1.135695e-16
678.1         	1.135695e-16
678.15        	1.135695e-16
678.2         	1.135695e-16
678.25        	1.135695e-16
678.3         	1.135695e-16
678.35        	1.135695e-16
678.4         	1.135695e-16
678.45        	1.135695e-16
678.5         	1.135695e-16
678.55        	1.135695e-16
678.6         	1.135695e-16
678.65        	1.135695e-16
678.7         	1.135695e-16
678.75        	1.135695e-16
678.8         	1.135695e-16
678.85        	1.135695e-16
678.9         	1.135695e-16
678.95        	1.135695e-16
679           	1.135695e-16
679.05        	1.135695e-16
679.1         	1.135695e-16
679.15        	1.135695e-16
679.2         	1.135695e-16
679.25        	1.135695e-16
679.3         	1.135695e-16
679.35        	1.135695e-16
679.4         	1.135695e-16
679.45        	1.135695e-16
679.5         	1.135695e-16
679.55        	1.135695e-16
679.6         	1.135695e-16
679.65        	1.135695e-16
679.7         	1.135695e-16
679.75        	1.135695e-16
679.8         	1.135695e-16
679.85        	1.135695e-16
679.9         	1.135695e-16
679.95        	1.135695e-16
680           	1.135695e-16
680.05        	1.135695e-16
680.1         	1.135695e-16
680.15        	1.135695e-16
680.2         	1.135695e-16
680.25        	1.135695e-16
680.3         	1.135695e-16
680.35        	1.135695e-16
680.4         	1.135695e-16
680.45        	1.135695e-16
680.5         	1.135695e-16
680.55        	1.135695e-16
680.6         	1.135695e-16
680.65        	1.135695e-16
680.7         	1.135695e-16
680.75        	1.135695e-16
680.8         	1.135695e-16
680.85        	1.135695e-16
680.9         	1.135695e-16
680.95        	1.135695e-16
681           	1.135695e-16
681.05        	1.135695e-16
681.1         	1.135695e-16
681.15        	1.135695e-16
681.2         	1.135695e-16
681.25        	1.135695e-16
681.3         	1.135695e-16
681.35        	1.135695e-16
681.4         	1.135695e-16
681.45        	1.135695e-16
681.5         	1.135695e-16
681.55        	1.135695e-16
681.6         	1.135695e-16
681.65        	1.135695e-16
681.7         	1.135695e-16
681.75        	1.135695e-16
681.8         	1.135695e-16
681.85        	1.135695e-16
681.9         	1.135695e-16
681.95        	1.135695e-16
682           	1.135695e-16
682.05        	1.135695e-16
682.1         	1.135695e-16
682.15        	1.135695e-16
682.2         	1.135695e-16
682.25        	1.135695e-16
682.3         	1.135695e-16
682.35        	1.135695e-16
682.4         	1.135695e-16
682.45        	1.135695e-16
682.5         	1.135695e-16
682.55        	1.135695e-16
682.6         	1.135695e-16
682.65        	1.135695e-16
682.7         	1.135695e-16
682.75        	1.135695e-16
682.8         	1.135695e-16
682.85        	1.135695e-16
682.9         	1.135695e-16
682.95        	1.135695e-16
683           	1.135695e-16
683.05        	1.135695e-16
683.1         	1.135695e-16
683.15        	1.135695e-16
683.2         	1.135695e-16
683.25        	1.135695e-16
683.3         	1.135695e-16
683.35        	1.135695e-16
683.4         	1.135695e-16
683.45        	1.135695e-16
683.5         	1.135695e-16
683.55        	1.135695e-16
683.6         	1.135695e-16
683.65        	1.135695e-16
683.7         	1.135695e-16
683.75        	1.135695e-16
683.8         	1.135695e-16
683.85        	1.135695e-16
683.9         	1.135695e-16
683.95        	1.135695e-16
684           	1.135695e-16
684.05        	1.135695e-16
684.1         	1.135695e-16
684.15        	1.135695e-16
684.2         	1.135695e-16
684.25        	1.135695e-16
684.3         	1.135695e-16
684.35        	1.135695e-16
684.4         	1.135695e-16
684.45        	1.135695e-16
684.5         	1.135695e-16
684.55        	1.135695e-16
684.6         	1.135695e-16
684.65        	1.135695e-16
684.7         	1.135695e-16
684.75        	1.135695e-16
684.8         	1.135695e-16
684.85        	1.135695e-16
684.9         	1.135695e-16
684.95        	1.135695e-16
685           	1.135695e-16
685.05        	1.135695e-16
685.1         	1.135695e-16
685.15        	1.135695e-16
685.2         	1.135695e-16
685.25        	1.135695e-16
685.3         	1.135695e-16
685.35        	1.135695e-16
685.4         	1.135695e-16
685.45        	1.135695e-16
685.5         	1.135695e-16
685.55        	1.135695e-16
685.6         	1.135695e-16
685.65        	1.135695e-16
685.7         	1.135695e-16
685.75        	1.135695e-16
685.8         	1.135695e-16
685.85        	1.135695e-16
685.9         	1.135695e-16
685.95        	1.135695e-16
686           	1.135695e-16
686.05        	1.135695e-16
686.1         	1.135695e-16
686.15        	1.135695e-16
686.2         	1.135695e-16
686.25        	1.135695e-16
686.3         	1.135695e-16
686.35        	1.135695e-16
686.4         	1.135695e-16
686.45        	1.135695e-16
686.5         	1.135695e-16
686.55        	1.135695e-16
686.6         	1.135695e-16
686.65        	1.135695e-16
686.7         	1.135695e-16
686.75        	1.135695e-16
686.8         	1.135695e-16
686.85        	1.135695e-16
686.9         	1.135695e-16
686.95        	1.135695e-16
687           	1.135695e-16
687.05        	1.135695e-16
687.1         	1.135695e-16
687.15        	1.135695e-16
687.2         	1.135695e-16
687.25        	1.135695e-16
687.3         	1.135695e-16
687.35        	1.135695e-16
687.4         	1.135695e-16
687.45        	1.135695e-16
687.5         	1.135695e-16
687.55        	1.135695e-16
687.6         	1.135695e-16
687.65        	1.135695e-16
687.7         	1.135695e-16
687.75        	1.135695e-16
687.8         	1.135695e-16
687.85        	1.135695e-16
687.9         	1.135695e-16
687.95        	1.135695e-16
688           	1.135695e-16
688.05        	1.135695e-16
688.1         	1.135695e-16
688.15        	1.135695e-16
688.2         	1.135695e-16
688.25        	1.135695e-16
688.3         	1.135695e-16
688.35        	1.135695e-16
688.4         	1.135695e-16
688.45        	1.135695e-16
688.5         	1.135695e-16
688.55        	1.135695e-16
688.6         	1.135695e-16
688.65        	1.135695e-16
688.7         	1.135695e-16
688.75        	1.135695e-16
688.8         	1.135695e-16
688.85        	1.135695e-16
688.9         	1.135695e-16
688.95        	1.135695e-16
689           	1.135695e-16
689.05        	1.135695e-16
689.1         	1.135695e-16
689.15        	1.135695e-16
689.2         	1.135695e-16
689.25        	1.135695e-16
689.3         	1.135695e-16
689.35        	1.135695e-16
689.4         	1.135695e-16
689.45        	1.135695e-16
689.5         	1.135695e-16
689.55        	1.135695e-16
689.6         	1.135695e-16
689.65        	1.135695e-16
689.7         	1.135695e-16
689.75        	1.135695e-16
689.8         	1.135695e-16
689.85        	1.135695e-16
689.9         	1.135695e-16
689.95        	1.135695e-16
690           	1.135695e-16
690.05        	1.135695e-16
690.1         	1.135695e-16
690.15        	1.135695e-16
690.2         	1.135695e-16
690.25        	1.135695e-16
690.3         	1.135695e-16
690.35        	1.135695e-16
690.4         	1.135695e-16
690.45        	1.135695e-16
690.5         	1.135695e-16
690.55        	1.135695e-16
690.6         	1.135695e-16
690.65        	1.135695e-16
690.7         	1.135695e-16
690.75        	1.135695e-16
690.8         	1.135695e-16
690.85        	1.135695e-16
690.9         	1.135695e-16
690.95        	1.135695e-16
691           	1.135695e-16
691.05        	1.135695e-16
691.1         	1.135695e-16
691.15        	1.135695e-16
691.2         	1.135695e-16
691.25        	1.135695e-16
691.3         	1.135695e-16
691.35        	1.135695e-16
691.4         	1.135695e-16
691.45        	1.135695e-16
691.5         	1.135695e-16
691.55        	1.135695e-16
691.6         	1.135695e-16
691.65        	1.135695e-16
691.7         	1.135695e-16
691.75        	1.135695e-16
691.8         	1.135695e-16
691.85        	1.135695e-16
691.9         	1.135695e-16
691.95        	1.135695e-16
692           	1.135695e-16
692.05        	1.135695e-16
692.1         	1.135695e-16
692.15        	1.135695e-16
692.2         	1.135695e-16
692.25        	1.135695e-16
692.3         	1.135695e-16
692.35        	1.135695e-16
692.4         	1.135695e-16
692.45        	1.135695e-16
692.5         	1.135695e-16
692.55        	1.135695e-16
692.6         	1.135695e-16
692.65        	1.135695e-16
692.7         	1.135695e-16
692.75        	1.135695e-16
692.8         	1.135695e-16
692.85        	1.135695e-16
692.9         	1.135695e-16
692.95        	1.135695e-16
693           	1.135695e-16
693.05        	1.135695e-16
693.1         	1.135695e-16
693.15        	1.135695e-16
693.2         	1.135695e-16
693.25        	1.135695e-16
693.3         	1.135695e-16
693.35        	1.135695e-16
693.4         	1.135695e-16
693.45        	1.135695e-16
693.5         	1.135695e-16
693.55        	1.135695e-16
693.6         	1.135695e-16
693.65        	1.135695e-16
693.7         	1.135695e-16
693.75        	1.135695e-16
693.8         	1.135695e-16
693.85        	1.135695e-16
693.9         	1.135695e-16
693.95        	1.135695e-16
694           	1.135695e-16
694.05        	1.135695e-16
694.1         	1.135695e-16
694.15        	1.135695e-16
694.2         	1.135695e-16
694.25        	1.135695e-16
694.3         	1.135695e-16
694.35        	1.135695e-16
694.4         	1.135695e-16
694.45        	1.135695e-16
694.5         	1.135695e-16
694.55        	1.135695e-16
694.6         	1.135695e-16
694.65        	1.135695e-16
694.7         	1.135695e-16
694.75        	1.135695e-16
694.8         	1.135695e-16
694.85        	1.135695e-16
694.9         	1.135695e-16
694.95        	1.135695e-16
695           	1.135695e-16
695.05        	1.135695e-16
695.1         	1.135695e-16
695.15        	1.135695e-16
695.2         	1.135695e-16
695.25        	1.135695e-16
695.3         	1.135695e-16
695.35        	1.135695e-16
695.4         	1.135695e-16
695.45        	1.135695e-16
695.5         	1.135695e-16
695.55        	1.135695e-16
695.6         	1.135695e-16
695.65        	1.135695e-16
695.7         	1.135695e-16
695.75        	1.135695e-16
695.8         	1.135695e-16
695.85        	1.135695e-16
695.9         	1.135695e-16
695.95        	1.135695e-16
696           	1.135695e-16
696.05        	1.135695e-16
696.1         	1.135695e-16
696.15        	1.135695e-16
696.2         	1.135695e-16
696.25        	1.135695e-16
696.3         	1.135695e-16
696.35        	1.135695e-16
696.4         	1.135695e-16
696.45        	1.135695e-16
696.5         	1.135695e-16
696.55        	1.135695e-16
696.6         	1.135695e-16
696.65        	1.135695e-16
696.7         	1.135695e-16
696.75        	1.135695e-16
696.8         	1.135695e-16
696.85        	1.135695e-16
696.9         	1.135695e-16
696.95        	1.135695e-16
697           	1.135695e-16
697.05        	1.135695e-16
697.1         	1.135695e-16
697.15        	1.135695e-16
697.2         	1.135695e-16
697.25        	1.135695e-16
697.3         	1.135695e-16
697.35        	1.135695e-16
697.4         	1.135695e-16
697.45        	1.135695e-16
697.5         	1.135695e-16
697.55        	1.135695e-16
697.6         	1.135695e-16
697.65        	1.135695e-16
697.7         	1.135695e-16
697.75        	1.135695e-16
697.8         	1.135695e-16
697.85        	1.135695e-16
697.9         	1.135695e-16
697.95        	1.135695e-16
698           	1.135695e-16
698.05        	1.135695e-16
698.1         	1.135695e-16
698.15        	1.135695e-16
698.2         	1.135695e-16
698.25        	1.135695e-16
698.3         	1.135695e-16
698.35        	1.135695e-16
698.4         	1.135695e-16
698.45        	1.135695e-16
698.5         	1.135695e-16
698.55        	1.135695e-16
698.6         	1.135695e-16
698.65        	1.135695e-16
698.7         	1.135695e-16
698.75        	1.135695e-16
698.8         	1.135695e-16
698.85        	1.135695e-16
698.9         	1.135695e-16
698.95        	1.135695e-16
699           	1.135695e-16
699.05        	1.135695e-16
699.1         	1.135695e-16
699.15        	1.135695e-16
699.2         	1.135695e-16
699.25        	1.135695e-16
699.3         	1.135695e-16
699.35        	1.135695e-16
699.4         	1.135695e-16
699.45        	1.135695e-16
699.5         	1.135695e-16
699.55        	1.135695e-16
699.6         	1.135695e-16
699.65        	1.135695e-16
699.7         	1.135695e-16
699.75        	1.135695e-16
699.8         	1.135695e-16
699.85        	1.135695e-16
699.9         	1.135695e-16
699.95        	1.135695e-16
700           	1.135695e-16
700.05        	1.135695e-16
700.1         	1.135695e-16
700.15        	1.135695e-16
700.2         	1.135695e-16
700.25        	1.135695e-16
700.3         	1.135695e-16
700.35        	1.135695e-16
700.4         	1.135695e-16
700.45        	1.135695e-16
700.5         	1.135695e-16
700.55        	1.135695e-16
700.6         	1.135695e-16
700.65        	1.135695e-16
700.7         	1.135695e-16
700.75        	1.135695e-16
700.8         	1.135695e-16
700.85        	1.135695e-16
700.9         	1.135695e-16
700.95        	1.135695e-16
701           	1.135695e-16
701.05        	1.135695e-16
701.1         	1.135695e-16
701.15        	1.135695e-16
701.2         	1.135695e-16
701.25        	1.135695e-16
701.3         	1.135695e-16
701.35        	1.135695e-16
701.4         	1.135695e-16
701.45        	1.135695e-16
701.5         	1.135695e-16
701.55        	1.135695e-16
701.6         	1.135695e-16
701.65        	1.135695e-16
701.7         	1.135695e-16
701.75        	1.135695e-16
701.8         	1.135695e-16
701.85        	1.135695e-16
701.9         	1.135695e-16
701.95        	1.135695e-16
702           	1.135695e-16
702.05        	1.135695e-16
702.1         	1.135695e-16
702.15        	1.135695e-16
702.2         	1.135695e-16
702.25        	1.135695e-16
702.3         	1.135695e-16
702.35        	1.135695e-16
702.4         	1.135695e-16
702.45        	1.135695e-16
702.5         	1.135695e-16
702.55        	1.135695e-16
702.6         	1.135695e-16
702.65        	1.135695e-16
702.7         	1.135695e-16
702.75        	1.135695e-16
702.8         	1.135695e-16
702.85        	1.135695e-16
702.9         	1.135695e-16
702.95        	1.135695e-16
703           	1.135695e-16
703.05        	1.135695e-16
703.1         	1.135695e-16
703.15        	1.135695e-16
703.2         	1.135695e-16
703.25        	1.135695e-16
703.3         	1.135695e-16
703.35        	1.135695e-16
703.4         	1.135695e-16
703.45        	1.135695e-16
703.5         	1.135695e-16
703.55        	1.135695e-16
703.6         	1.135695e-16
703.65        	1.135695e-16
703.7         	1.135695e-16
703.75        	1.135695e-16
703.8         	1.135695e-16
703.85        	1.135695e-16
703.9         	1.135695e-16
703.95        	1.135695e-16
704           	1.135695e-16
704.05        	1.135695e-16
704.1         	1.135695e-16
704.15        	1.135695e-16
704.2         	1.135695e-16
704.25        	1.135695e-16
704.3         	1.135695e-16
704.35        	1.135695e-16
704.4         	1.135695e-16
704.45        	1.135695e-16
704.5         	1.135695e-16
704.55        	1.135695e-16
704.6         	1.135695e-16
704.65        	1.135695e-16
704.7         	1.135695e-16
704.75        	1.135695e-16
704.8         	1.135695e-16
704.85        	1.135695e-16
704.9         	1.135695e-16
704.95        	1.135695e-16
705           	1.135695e-16
705.05        	1.135695e-16
705.1         	1.135695e-16
705.15        	1.135695e-16
705.2         	1.135695e-16
705.25        	1.135695e-16
705.3         	1.135695e-16
705.35        	1.135695e-16
705.4         	1.135695e-16
705.45        	1.135695e-16
705.5         	1.135695e-16
705.55        	1.135695e-16
705.6         	1.135695e-16
705.65        	1.135695e-16
705.7         	1.135695e-16
705.75        	1.135695e-16
705.8         	1.135695e-16
705.85        	1.135695e-16
705.9         	1.135695e-16
705.95        	1.135695e-16
706           	1.135695e-16
706.05        	1.135695e-16
706.1         	1.135695e-16
706.15        	1.135695e-16
706.2         	1.135695e-16
706.25        	1.135695e-16
706.3         	1.135695e-16
706.35        	1.135695e-16
706.4         	1.135695e-16
706.45        	1.135695e-16
706.5         	1.135695e-16
706.55        	1.135695e-16
706.6         	1.135695e-16
706.65        	1.135695e-16
706.7         	1.135695e-16
706.75        	1.135695e-16
706.8         	1.135695e-16
706.85        	1.135695e-16
706.9         	1.135695e-16
706.95        	1.135695e-16
707           	1.135695e-16
707.05        	1.135695e-16
707.1         	1.135695e-16
707.15        	1.135695e-16
707.2         	1.135695e-16
707.25        	1.135695e-16
707.3         	1.135695e-16
707.35        	1.135695e-16
707.4         	1.135695e-16
707.45        	1.135695e-16
707.5         	1.135695e-16
707.55        	1.135695e-16
707.6         	1.135695e-16
707.65        	1.135695e-16
707.7         	1.135695e-16
707.75        	1.135695e-16
707.8         	1.135695e-16
707.85        	1.135695e-16
707.9         	1.135695e-16
707.95        	1.135695e-16
708           	1.135695e-16
708.05        	1.135695e-16
708.1         	1.135695e-16
708.15        	1.135695e-16
708.2         	1.135695e-16
708.25        	1.135695e-16
708.3         	1.135695e-16
708.35        	1.135695e-16
708.4         	1.135695e-16
708.45        	1.135695e-16
708.5         	1.135695e-16
708.55        	1.135695e-16
708.6         	1.135695e-16
708.65        	1.135695e-16
708.7         	1.135695e-16
708.75        	1.135695e-16
708.8         	1.135695e-16
708.85        	1.135695e-16
708.9         	1.135695e-16
708.95        	1.135695e-16
709           	1.135695e-16
709.05        	1.135695e-16
709.1         	1.135695e-16
709.15        	1.135695e-16
709.2         	1.135695e-16
709.25        	1.135695e-16
709.3         	1.135695e-16
709.35        	1.135695e-16
709.4         	1.135695e-16
709.45        	1.135695e-16
709.5         	1.135695e-16
709.55        	1.135695e-16
709.6         	1.135695e-16
709.65        	1.135695e-16
709.7         	1.135695e-16
709.75        	1.135695e-16
709.8         	1.135695e-16
709.85        	1.135695e-16
709.9         	1.135695e-16
709.95        	1.135695e-16
710           	1.135695e-16
710.05        	1.135695e-16
710.1         	1.135695e-16
710.15        	1.135695e-16
710.2         	1.135695e-16
710.25        	1.135695e-16
710.3         	1.135695e-16
710.35        	1.135695e-16
710.4         	1.135695e-16
710.45        	1.135695e-16
710.5         	1.135695e-16
710.55        	1.135695e-16
710.6         	1.135695e-16
710.65        	1.135695e-16
710.7         	1.135695e-16
710.75        	1.135695e-16
710.8         	1.135695e-16
710.85        	1.135695e-16
710.9         	1.135695e-16
710.95        	1.135695e-16
711           	1.135695e-16
711.05        	1.135695e-16
711.1         	1.135695e-16
711.15        	1.135695e-16
711.2         	1.135695e-16
711.25        	1.135695e-16
711.3         	1.135695e-16
711.35        	1.135695e-16
711.4         	1.135695e-16
711.45        	1.135695e-16
711.5         	1.135695e-16
711.55        	1.135695e-16
711.6         	1.135695e-16
711.65        	1.135695e-16
711.7         	1.135695e-16
711.75        	1.135695e-16
711.8         	1.135695e-16
711.85        	1.135695e-16
711.9         	1.135695e-16
711.95        	1.135695e-16
712           	1.135695e-16
712.05        	1.135695e-16
712.1         	1.135695e-16
712.15        	1.135695e-16
712.2         	1.135695e-16
712.25        	1.135695e-16
712.3         	1.135695e-16
712.35        	1.135695e-16
712.4         	1.135695e-16
712.45        	1.135695e-16
712.5         	1.135695e-16
712.55        	1.135695e-16
712.6         	1.135695e-16
712.65        	1.135695e-16
712.7         	1.135695e-16
712.75        	1.135695e-16
712.8         	1.135695e-16
712.85        	1.135695e-16
712.9         	1.135695e-16
712.95        	1.135695e-16
713           	1.135695e-16
713.05        	1.135695e-16
713.1         	1.135695e-16
713.15        	1.135695e-16
713.2         	1.135695e-16
713.25        	1.135695e-16
713.3         	1.135695e-16
713.35        	1.135695e-16
713.4         	1.135695e-16
713.45        	1.135695e-16
713.5         	1.135695e-16
713.55        	1.135695e-16
713.6         	1.135695e-16
713.65        	1.135695e-16
713.7         	1.135695e-16
713.75        	1.135695e-16
713.8         	1.135695e-16
713.85        	1.135695e-16
713.9         	1.135695e-16
713.95        	1.135695e-16
714           	1.135695e-16
714.05        	1.135695e-16
714.1         	1.135695e-16
714.15        	1.135695e-16
714.2         	1.135695e-16
714.25        	1.135695e-16
714.3         	1.135695e-16
714.35        	1.135695e-16
714.4         	1.135695e-16
714.45        	1.135695e-16
714.5         	1.135695e-16
714.55        	1.135695e-16
714.6         	1.135695e-16
714.65        	1.135695e-16
714.7         	1.135695e-16
714.75        	1.135695e-16
714.8         	1.135695e-16
714.85        	1.135695e-16
714.9         	1.135695e-16
714.95        	1.135695e-16
715           	1.135695e-16
715.05        	1.135695e-16
715.1         	1.135695e-16
715.15        	1.135695e-16
715.2         	1.135695e-16
715.25        	1.135695e-16
715.3         	1.135695e-16
715.35        	1.135695e-16
715.4         	1.135695e-16
715.45        	1.135695e-16
715.5         	1.135695e-16
715.55        	1.135695e-16
715.6         	1.135695e-16
715.65        	1.135695e-16
715.7         	1.135695e-16
715.75        	1.135695e-16
715.8         	1.135695e-16
715.85        	1.135695e-16
715.9         	1.135695e-16
715.95        	1.135695e-16
716           	1.135695e-16
716.05        	1.135695e-16
716.1         	1.135695e-16
716.15        	1.135695e-16
716.2         	1.135695e-16
716.25        	1.135695e-16
716.3         	1.135695e-16
716.35        	1.135695e-16
716.4         	1.135695e-16
716.45        	1.135695e-16
716.5         	1.135695e-16
716.55        	1.135695e-16
716.6         	1.135695e-16
716.65        	1.135695e-16
716.7         	1.135695e-16
716.75        	1.135695e-16
716.8         	1.135695e-16
716.85        	1.135695e-16
716.9         	1.135695e-16
716.95        	1.135695e-16
717           	1.135695e-16
717.05        	1.135695e-16
717.1         	1.135695e-16
717.15        	1.135695e-16
717.2         	1.135695e-16
717.25        	1.135695e-16
717.3         	1.135695e-16
717.35        	1.135695e-16
717.4         	1.135695e-16
717.45        	1.135695e-16
717.5         	1.135695e-16
717.55        	1.135695e-16
717.6         	1.135695e-16
717.65        	1.135695e-16
717.7         	1.135695e-16
717.75        	1.135695e-16
717.8         	1.135695e-16
717.85        	1.135695e-16
717.9         	1.135695e-16
717.95        	1.135695e-16
718           	1.135695e-16
718.05        	1.135695e-16
718.1         	1.135695e-16
718.15        	1.135695e-16
718.2         	1.135695e-16
718.25        	1.135695e-16
718.3         	1.135695e-16
718.35        	1.135695e-16
718.4         	1.135695e-16
718.45        	1.135695e-16
718.5         	1.135695e-16
718.55        	1.135695e-16
718.6         	1.135695e-16
718.65        	1.135695e-16
718.7         	1.135695e-16
718.75        	1.135695e-16
718.8         	1.135695e-16
718.85        	1.135695e-16
718.9         	1.135695e-16
718.95        	1.135695e-16
719           	1.135695e-16
719.05        	1.135695e-16
719.1         	1.135695e-16
719.15        	1.135695e-16
719.2         	1.135695e-16
719.25        	1.135695e-16
719.3         	1.135695e-16
719.35        	1.135695e-16
719.4         	1.135695e-16
719.45        	1.135695e-16
719.5         	1.135695e-16
719.55        	1.135695e-16
719.6         	1.135695e-16
719.65        	1.135695e-16
719.7         	1.135695e-16
719.75        	1.135695e-16
719.8         	1.135695e-16
719.85        	1.135695e-16
719.9         	1.135695e-16
719.95        	1.135695e-16
720           	1.135695e-16
720.05        	1.135695e-16
720.1         	1.135695e-16
720.15        	1.135695e-16
720.2         	1.135695e-16
720.25        	1.135695e-16
720.3         	1.135695e-16
720.35        	1.135695e-16
720.4         	1.135695e-16
720.45        	1.135695e-16
720.5         	1.135695e-16
720.55        	1.135695e-16
720.6         	1.135695e-16
720.65        	1.135695e-16
720.7         	1.135695e-16
720.75        	1.135695e-16
720.8         	1.135695e-16
720.85        	1.135695e-16
720.9         	1.135695e-16
720.95        	1.135695e-16
721           	1.135695e-16
721.05        	1.135695e-16
721.1         	1.135695e-16
721.15        	1.135695e-16
721.2         	1.135695e-16
721.25        	1.135695e-16
721.3         	1.135695e-16
721.35        	1.135695e-16
721.4         	1.135695e-16
721.45        	1.135695e-16
721.5         	1.135695e-16
721.55        	1.135695e-16
721.6         	1.135695e-16
721.65        	1.135695e-16
721.7         	1.135695e-16
721.75        	1.135695e-16
721.8         	1.135695e-16
721.85        	1.135695e-16
721.9         	1.135695e-16
721.95        	1.135695e-16
722           	1.135695e-16
722.05        	1.135695e-16
722.1         	1.135695e-16
722.15        	1.135695e-16
722.2         	1.135695e-16
722.25        	1.135695e-16
722.3         	1.135695e-16
722.35        	1.135695e-16
722.4         	1.135695e-16
722.45        	1.135695e-16
722.5         	1.135695e-16
722.55        	1.135695e-16
722.6         	1.135695e-16
722.65        	1.135695e-16
722.7         	1.135695e-16
722.75        	1.135695e-16
722.8         	1.135695e-16
722.85        	1.135695e-16
722.9         	1.135695e-16
722.95        	1.135695e-16
723           	1.135695e-16
723.05        	1.135695e-16
723.1         	1.135695e-16
723.15        	1.135695e-16
723.2         	1.135695e-16
723.25        	1.135695e-16
723.3         	1.135695e-16
723.35        	1.135695e-16
723.4         	1.135695e-16
723.45        	1.135695e-16
723.5         	1.135695e-16
723.55        	1.135695e-16
723.6         	1.135695e-16
723.65        	1.135695e-16
723.7         	1.135695e-16
723.75        	1.135695e-16
723.8         	1.135695e-16
723.85        	1.135695e-16
723.9         	1.135695e-16
723.95        	1.135695e-16
724           	1.135695e-16
724.05        	1.135695e-16
724.1         	1.135695e-16
724.15        	1.135695e-16
724.2         	1.135695e-16
724.25        	1.135695e-16
724.3         	1.135695e-16
724.35        	1.135695e-16
724.4         	1.135695e-16
724.45        	1.135695e-16
724.5         	1.135695e-16
724.55        	1.135695e-16
724.6         	1.135695e-16
724.65        	1.135695e-16
724.7         	1.135695e-16
724.75        	1.135695e-16
724.8         	1.135695e-16
724.85        	1.135695e-16
724.9         	1.135695e-16
724.95        	1.135695e-16
725           	1.135695e-16
725.05        	1.135695e-16
725.1         	1.135695e-16
725.15        	1.135695e-16
725.2         	1.135695e-16
725.25        	1.135695e-16
725.3         	1.135695e-16
725.35        	1.135695e-16
725.4         	1.135695e-16
725.45        	1.135695e-16
725.5         	1.135695e-16
725.55        	1.135695e-16
725.6         	1.135695e-16
725.65        	1.135695e-16
725.7         	1.135695e-16
725.75        	1.135695e-16
725.8         	1.135695e-16
725.85        	1.135695e-16
725.9         	1.135695e-16
725.95        	1.135695e-16
726           	1.135695e-16
726.05        	1.135695e-16
726.1         	1.135695e-16
726.15        	1.135695e-16
726.2         	1.135695e-16
726.25        	1.135695e-16
726.3         	1.135695e-16
726.35        	1.135695e-16
726.4         	1.135695e-16
726.45        	1.135695e-16
726.5         	1.135695e-16
726.55        	1.135695e-16
726.6         	1.135695e-16
726.65        	1.135695e-16
726.7         	1.135695e-16
726.75        	1.135695e-16
726.8         	1.135695e-16
726.85        	1.135695e-16
726.9         	1.135695e-16
726.95        	1.135695e-16
727           	1.135695e-16
727.05        	1.135695e-16
727.1         	1.135695e-16
727.15        	1.135695e-16
727.2         	1.135695e-16
727.25        	1.135695e-16
727.3         	1.135695e-16
727.35        	1.135695e-16
727.4         	1.135695e-16
727.45        	1.135695e-16
727.5         	1.135695e-16
727.55        	1.135695e-16
727.6         	1.135695e-16
727.65        	1.135695e-16
727.7         	1.135695e-16
727.75        	1.135695e-16
727.8         	1.135695e-16
727.85        	1.135695e-16
727.9         	1.135695e-16
727.95        	1.135695e-16
728           	1.135695e-16
728.05        	1.135695e-16
728.1         	1.135695e-16
728.15        	1.135695e-16
728.2         	1.135695e-16
728.25        	1.135695e-16
728.3         	1.135695e-16
728.35        	1.135695e-16
728.4         	1.135695e-16
728.45        	1.135695e-16
728.5         	1.135695e-16
728.55        	1.135695e-16
728.6         	1.135695e-16
728.65        	1.135695e-16
728.7         	1.135695e-16
728.75        	1.135695e-16
728.8         	1.135695e-16
728.85        	1.135695e-16
728.9         	1.135695e-16
728.95        	1.135695e-16
729           	1.135695e-16
729.05        	1.135695e-16
729.1         	1.135695e-16
729.15        	1.135695e-16
729.2         	1.135695e-16
729.25        	1.135695e-16
729.3         	1.135695e-16
729.35        	1.135695e-16
729.4         	1.135695e-16
729.45        	1.135695e-16
729.5         	1.135695e-16
729.55        	1.135695e-16
729.6         	1.135695e-16
729.65        	1.135695e-16
729.7         	1.135695e-16
729.75        	1.135695e-16
729.8         	1.135695e-16
729.85        	1.135695e-16
729.9         	1.135695e-16
729.95        	1.135695e-16
730           	1.135695e-16
730.05        	1.135695e-16
730.1         	1.135695e-16
730.15        	1.135695e-16
730.2         	1.135695e-16
730.25        	1.135695e-16
730.3         	1.135695e-16
730.35        	1.135695e-16
730.4         	1.135695e-16
730.45        	1.135695e-16
730.5         	1.135695e-16
730.55        	1.135695e-16
730.6         	1.135695e-16
730.65        	1.135695e-16
730.7         	1.135695e-16
730.75        	1.135695e-16
730.8         	1.135695e-16
730.85        	1.135695e-16
730.9         	1.135695e-16
730.95        	1.135695e-16
731           	1.135695e-16
731.05        	1.135695e-16
731.1         	1.135695e-16
731.15        	1.135695e-16
731.2         	1.135695e-16
731.25        	1.135695e-16
731.3         	1.135695e-16
731.35        	1.135695e-16
731.4         	1.135695e-16
731.45        	1.135695e-16
731.5         	1.135695e-16
731.55        	1.135695e-16
731.6         	1.135695e-16
731.65        	1.135695e-16
731.7         	1.135695e-16
731.75        	1.135695e-16
731.8         	1.135695e-16
731.85        	1.135695e-16
731.9         	1.135695e-16
731.95        	1.135695e-16
732           	1.135695e-16
732.05        	1.135695e-16
732.1         	1.135695e-16
732.15        	1.135695e-16
732.2         	1.135695e-16
732.25        	1.135695e-16
732.3         	1.135695e-16
732.35        	1.135695e-16
732.4         	1.135695e-16
732.45        	1.135695e-16
732.5         	1.135695e-16
732.55        	1.135695e-16
732.6         	1.135695e-16
732.65        	1.135695e-16
732.7         	1.135695e-16
732.75        	1.135695e-16
732.8         	1.135695e-16
732.85        	1.135695e-16
732.9         	1.135695e-16
732.95        	1.135695e-16
733           	1.135695e-16
733.05        	1.135695e-16
733.1         	1.135695e-16
733.15        	1.135695e-16
733.2         	1.135695e-16
733.25        	1.135695e-16
733.3         	1.135695e-16
733.35        	1.135695e-16
733.4         	1.135695e-16
733.45        	1.135695e-16
733.5         	1.135695e-16
733.55        	1.135695e-16
733.6         	1.135695e-16
733.65        	1.135695e-16
733.7         	1.135695e-16
733.75        	1.135695e-16
733.8         	1.135695e-16
733.85        	1.135695e-16
733.9         	1.135695e-16
733.95        	1.135695e-16
734           	1.135695e-16
734.05        	1.135695e-16
734.1         	1.135695e-16
734.15        	1.135695e-16
734.2         	1.135695e-16
734.25        	1.135695e-16
734.3         	1.135695e-16
734.35        	1.135695e-16
734.4         	1.135695e-16
734.45        	1.135695e-16
734.5         	1.135695e-16
734.55        	1.135695e-16
734.6         	1.135695e-16
734.65        	1.135695e-16
734.7         	1.135695e-16
734.75        	1.135695e-16
734.8         	1.135695e-16
734.85        	1.135695e-16
734.9         	1.135695e-16
734.95        	1.135695e-16
735           	1.135695e-16
735.05        	1.135695e-16
735.1         	1.135695e-16
735.15        	1.135695e-16
735.2         	1.135695e-16
735.25        	1.135695e-16
735.3         	1.135695e-16
735.35        	1.135695e-16
735.4         	1.135695e-16
735.45        	1.135695e-16
735.5         	1.135695e-16
735.55        	1.135695e-16
735.6         	1.135695e-16
735.65        	1.135695e-16
735.7         	1.135695e-16
735.75        	1.135695e-16
735.8         	1.135695e-16
735.85        	1.135695e-16
735.9         	1.135695e-16
735.95        	1.135695e-16
736           	1.135695e-16
736.05        	1.135695e-16
736.1         	1.135695e-16
736.15        	1.135695e-16
736.2         	1.135695e-16
736.25        	1.135695e-16
736.3         	1.135695e-16
736.35        	1.135695e-16
736.4         	1.135695e-16
736.45        	1.135695e-16
736.5         	1.135695e-16
736.55        	1.135695e-16
736.6         	1.135695e-16
736.65        	1.135695e-16
736.7         	1.135695e-16
736.75        	1.135695e-16
736.8         	1.135695e-16
736.85        	1.135695e-16
736.9         	1.135695e-16
736.95        	1.135695e-16
737           	1.135695e-16
737.05        	1.135695e-16
737.1         	1.135695e-16
737.15        	1.135695e-16
737.2         	1.135695e-16
737.25        	1.135695e-16
737.3         	1.135695e-16
737.35        	1.135695e-16
737.4         	1.135695e-16
737.45        	1.135695e-16
737.5         	1.135695e-16
737.55        	1.135695e-16
737.6         	1.135695e-16
737.65        	1.135695e-16
737.7         	1.135695e-16
737.75        	1.135695e-16
737.8         	1.135695e-16
737.85        	1.135695e-16
737.9         	1.135695e-16
737.95        	1.135695e-16
738           	1.135695e-16
738.05        	1.135695e-16
738.1         	1.135695e-16
738.15        	1.135695e-16
738.2         	1.135695e-16
738.25        	1.135695e-16
738.3         	1.135695e-16
738.35        	1.135695e-16
738.4         	1.135695e-16
738.45        	1.135695e-16
738.5         	1.135695e-16
738.55        	1.135695e-16
738.6         	1.135695e-16
738.65        	1.135695e-16
738.7         	1.135695e-16
738.75        	1.135695e-16
738.8         	1.135695e-16
738.85        	1.135695e-16
738.9         	1.135695e-16
738.95        	1.135695e-16
739           	1.135695e-16
739.05        	1.135695e-16
739.1         	1.135695e-16
739.15        	1.135695e-16
739.2         	1.135695e-16
739.25        	1.135695e-16
739.3         	1.135695e-16
739.35        	1.135695e-16
739.4         	1.135695e-16
739.45        	1.135695e-16
739.5         	1.135695e-16
739.55        	1.135695e-16
739.6         	1.135695e-16
739.65        	1.135695e-16
739.7         	1.135695e-16
739.75        	1.135695e-16
739.8         	1.135695e-16
739.85        	1.135695e-16
739.9         	1.135695e-16
739.95        	1.135695e-16
740           	1.135695e-16
740.05        	1.135695e-16
740.1         	1.135695e-16
740.15        	1.135695e-16
740.2         	1.135695e-16
740.25        	1.135695e-16
740.3         	1.135695e-16
740.35        	1.135695e-16
740.4         	1.135695e-16
740.45        	1.135695e-16
740.5         	1.135695e-16
740.55        	1.135695e-16
740.6         	1.135695e-16
740.65        	1.135695e-16
740.7         	1.135695e-16
740.75        	1.135695e-16
740.8         	1.135695e-16
740.85        	1.135695e-16
740.9         	1.135695e-16
740.95        	1.135695e-16
741           	1.135695e-16
741.05        	1.135695e-16
741.1         	1.135695e-16
741.15        	1.135695e-16
741.2         	1.135695e-16
741.25        	1.135695e-16
741.3         	1.135695e-16
741.35        	1.135695e-16
741.4         	1.135695e-16
741.45        	1.135695e-16
741.5         	1.135695e-16
741.55        	1.135695e-16
741.6         	1.135695e-16
741.65        	1.135695e-16
741.7         	1.135695e-16
741.75        	1.135695e-16
741.8         	1.135695e-16
741.85        	1.135695e-16
741.9         	1.135695e-16
741.95        	1.135695e-16
742           	1.135695e-16
742.05        	1.135695e-16
742.1         	1.135695e-16
742.15        	1.135695e-16
742.2         	1.135695e-16
742.25        	1.135695e-16
742.3         	1.135695e-16
742.35        	1.135695e-16
742.4         	1.135695e-16
742.45        	1.135695e-16
742.5         	1.135695e-16
742.55        	1.135695e-16
742.6         	1.135695e-16
742.65        	1.135695e-16
742.7         	1.135695e-16
742.75        	1.135695e-16
742.8         	1.135695e-16
742.85        	1.135695e-16
742.9         	1.135695e-16
742.95        	1.135695e-16
743           	1.135695e-16
743.05        	1.135695e-16
743.1         	1.135695e-16
743.15        	1.135695e-16
743.2         	1.135695e-16
743.25        	1.135695e-16
743.3         	1.135695e-16
743.35        	1.135695e-16
743.4         	1.135695e-16
743.45        	1.135695e-16
743.5         	1.135695e-16
743.55        	1.135695e-16
743.6         	1.135695e-16
743.65        	1.135695e-16
743.7         	1.135695e-16
743.75        	1.135695e-16
743.8         	1.135695e-16
743.85        	1.135695e-16
743.9         	1.135695e-16
743.95        	1.135695e-16
744           	1.135695e-16
744.05        	1.135695e-16
744.1         	1.135695e-16
744.15        	1.135695e-16
744.2         	1.135695e-16
744.25        	1.135695e-16
744.3         	1.135695e-16
744.35        	1.135695e-16
744.4         	1.135695e-16
744.45        	1.135695e-16
744.5         	1.135695e-16
744.55        	1.135695e-16
744.6         	1.135695e-16
744.65        	1.135695e-16
744.7         	1.135695e-16
744.75        	1.135695e-16
744.8         	1.135695e-16
744.85        	1.135695e-16
744.9         	1.135695e-16
744.95        	1.135695e-16
745           	1.135695e-16
745.05        	1.135695e-16
745.1         	1.135695e-16
745.15        	1.135695e-16
745.2         	1.135695e-16
745.25        	1.135695e-16
745.3         	1.135695e-16
745.35        	1.135695e-16
745.4         	1.135695e-16
745.45        	1.135695e-16
745.5         	1.135695e-16
745.55        	1.135695e-16
745.6         	1.135695e-16
745.65        	1.135695e-16
745.7         	1.135695e-16
745.75        	1.135695e-16
745.8         	1.135695e-16
745.85        	1.135695e-16
745.9         	1.135695e-16
745.95        	1.135695e-16
746           	1.135695e-16
746.05        	1.135695e-16
746.1         	1.135695e-16
746.15        	1.135695e-16
746.2         	1.135695e-16
746.25        	1.135695e-16
746.3         	1.135695e-16
746.35        	1.135695e-16
746.4         	1.135695e-16
746.45        	1.135695e-16
746.5         	1.135695e-16
746.55        	1.135695e-16
746.6         	1.135695e-16
746.65        	1.135695e-16
746.7         	1.135695e-16
746.75        	1.135695e-16
746.8         	1.135695e-16
746.85        	1.135695e-16
746.9         	1.135695e-16
746.95        	1.135695e-16
747           	1.135695e-16
747.05        	1.135695e-16
747.1         	1.135695e-16
747.15        	1.135695e-16
747.2         	1.135695e-16
747.25        	1.135695e-16
747.3         	1.135695e-16
747.35        	1.135695e-16
747.4         	1.135695e-16
747.45        	1.135695e-16
747.5         	1.135695e-16
747.55        	1.135695e-16
747.6         	1.135695e-16
747.65        	1.135695e-16
747.7         	1.135695e-16
747.75        	1.135695e-16
747.8         	1.135695e-16
747.85        	1.135695e-16
747.9         	1.135695e-16
747.95        	1.135695e-16
748           	1.135695e-16
748.05        	1.135695e-16
748.1         	1.135695e-16
748.15        	1.135695e-16
748.2         	1.135695e-16
748.25        	1.135695e-16
748.3         	1.135695e-16
748.35        	1.135695e-16
748.4         	1.135695e-16
748.45        	1.135695e-16
748.5         	1.135695e-16
748.55        	1.135695e-16
748.6         	1.135695e-16
748.65        	1.135695e-16
748.7         	1.135695e-16
748.75        	1.135695e-16
748.8         	1.135695e-16
748.85        	1.135695e-16
748.9         	1.135695e-16
748.95        	1.135695e-16
749           	1.135695e-16
749.05        	1.135695e-16
749.1         	1.135695e-16
749.15        	1.135695e-16
749.2         	1.135695e-16
749.25        	1.135695e-16
749.3         	1.135695e-16
749.35        	1.135695e-16
749.4         	1.135695e-16
749.45        	1.135695e-16
749.5         	1.135695e-16
749.55        	1.135695e-16
749.6         	1.135695e-16
749.65        	1.135695e-16
749.7         	1.135695e-16
749.75        	1.135695e-16
749.8         	1.135695e-16
749.85        	1.135695e-16
749.9         	1.135695e-16
749.95        	1.135695e-16
750           	1.135695e-16
750.05        	1.135695e-16
750.1         	1.135695e-16
750.15        	1.135695e-16
750.2         	1.135695e-16
750.25        	1.135695e-16
750.3         	1.135695e-16
750.35        	1.135695e-16
750.4         	1.135695e-16
750.45        	1.135695e-16
750.5         	1.135695e-16
750.55        	1.135695e-16
750.6         	1.135695e-16
750.65        	1.135695e-16
750.7         	1.135695e-16
750.75        	1.135695e-16
750.8         	1.135695e-16
750.85        	1.135695e-16
750.9         	1.135695e-16
750.95        	1.135695e-16
751           	1.135695e-16
751.05        	1.135695e-16
751.1         	1.135695e-16
751.15        	1.135695e-16
751.2         	1.135695e-16
751.25        	1.135695e-16
751.3         	1.135695e-16
751.35        	1.135695e-16
751.4         	1.135695e-16
751.45        	1.135695e-16
751.5         	1.135695e-16
751.55        	1.135695e-16
751.6         	1.135695e-16
751.65        	1.135695e-16
751.7         	1.135695e-16
751.75        	1.135695e-16
751.8         	1.135695e-16
751.85        	1.135695e-16
751.9         	1.135695e-16
751.95        	1.135695e-16
752           	1.135695e-16
752.05        	1.135695e-16
752.1         	1.135695e-16
752.15        	1.135695e-16
752.2         	1.135695e-16
752.25        	1.135695e-16
752.3         	1.135695e-16
752.35        	1.135695e-16
752.4         	1.135695e-16
752.45        	1.135695e-16
752.5         	1.135695e-16
752.55        	1.135695e-16
752.6         	1.135695e-16
752.65        	1.135695e-16
752.7         	1.135695e-16
752.75        	1.135695e-16
752.8         	1.135695e-16
752.85        	1.135695e-16
752.9         	1.135695e-16
752.95        	1.135695e-16
753           	1.135695e-16
753.05        	1.135695e-16
753.1         	1.135695e-16
753.15        	1.135695e-16
753.2         	1.135695e-16
753.25        	1.135695e-16
753.3         	1.135695e-16
753.35        	1.135695e-16
753.4         	1.135695e-16
753.45        	1.135695e-16
753.5         	1.135695e-16
753.55        	1.135695e-16
753.6         	1.135695e-16
753.65        	1.135695e-16
753.7         	1.135695e-16
753.75        	1.135695e-16
753.8         	1.135695e-16
753.85        	1.135695e-16
753.9         	1.135695e-16
753.95        	1.135695e-16
754           	1.135695e-16
754.05        	1.135695e-16
754.1         	1.135695e-16
754.15        	1.135695e-16
754.2         	1.135695e-16
754.25        	1.135695e-16
754.3         	1.135695e-16
754.35        	1.135695e-16
754.4         	1.135695e-16
754.45        	1.135695e-16
754.5         	1.135695e-16
754.55        	1.135695e-16
754.6         	1.135695e-16
754.65        	1.135695e-16
754.7         	1.135695e-16
754.75        	1.135695e-16
754.8         	1.135695e-16
754.85        	1.135695e-16
754.9         	1.135695e-16
754.95        	1.135695e-16
755           	1.135695e-16
755.05        	1.135695e-16
755.1         	1.135695e-16
755.15        	1.135695e-16
755.2         	1.135695e-16
755.25        	1.135695e-16
755.3         	1.135695e-16
755.35        	1.135695e-16
755.4         	1.135695e-16
755.45        	1.135695e-16
755.5         	1.135695e-16
755.55        	1.135695e-16
755.6         	1.135695e-16
755.65        	1.135695e-16
755.7         	1.135695e-16
755.75        	1.135695e-16
755.8         	1.135695e-16
755.85        	1.135695e-16
755.9         	1.135695e-16
755.95        	1.135695e-16
756           	1.135695e-16
756.05        	1.135695e-16
756.1         	1.135695e-16
756.15        	1.135695e-16
756.2         	1.135695e-16
756.25        	1.135695e-16
756.3         	1.135695e-16
756.35        	1.135695e-16
756.4         	1.135695e-16
756.45        	1.135695e-16
756.5         	1.135695e-16
756.55        	1.135695e-16
756.6         	1.135695e-16
756.65        	1.135695e-16
756.7         	1.135695e-16
756.75        	1.135695e-16
756.8         	1.135695e-16
756.85        	1.135695e-16
756.9         	1.135695e-16
756.95        	1.135695e-16
757           	1.135695e-16
757.05        	1.135695e-16
757.1         	1.135695e-16
757.15        	1.135695e-16
757.2         	1.135695e-16
757.25        	1.135695e-16
757.3         	1.135695e-16
757.35        	1.135695e-16
757.4         	1.135695e-16
757.45        	1.135695e-16
757.5         	1.135695e-16
757.55        	1.135695e-16
757.6         	1.135695e-16
757.65        	1.135695e-16
757.7         	1.135695e-16
757.75        	1.135695e-16
757.8         	1.135695e-16
757.85        	1.135695e-16
757.9         	1.135695e-16
757.95        	1.135695e-16
758           	1.135695e-16
758.05        	1.135695e-16
758.1         	1.135695e-16
758.15        	1.135695e-16
758.2         	1.135695e-16
758.25        	1.135695e-16
758.3         	1.135695e-16
758.35        	1.135695e-16
758.4         	1.135695e-16
758.45        	1.135695e-16
758.5         	1.135695e-16
758.55        	1.135695e-16
758.6         	1.135695e-16
758.65        	1.135695e-16
758.7         	1.135695e-16
758.75        	1.135695e-16
758.8         	1.135695e-16
758.85        	1.135695e-16
758.9         	1.135695e-16
758.95        	1.135695e-16
759           	1.135695e-16
759.05        	1.135695e-16
759.1         	1.135695e-16
759.15        	1.135695e-16
759.2         	1.135695e-16
759.25        	1.135695e-16
759.3         	1.135695e-16
759.35        	1.135695e-16
759.4         	1.135695e-16
759.45        	1.135695e-16
759.5         	1.135695e-16
759.55        	1.135695e-16
759.6         	1.135695e-16
759.65        	1.135695e-16
759.7         	1.135695e-16
759.75        	1.135695e-16
759.8         	1.135695e-16
759.85        	1.135695e-16
759.9         	1.135695e-16
759.95        	1.135695e-16
760           	1.135695e-16
760.05        	1.135695e-16
760.1         	1.135695e-16
760.15        	1.135695e-16
760.2         	1.135695e-16
760.25        	1.135695e-16
760.3         	1.135695e-16
760.35        	1.135695e-16
760.4         	1.135695e-16
760.45        	1.135695e-16
760.5         	1.135695e-16
760.55        	1.135695e-16
760.6         	1.135695e-16
760.65        	1.135695e-16
760.7         	1.135695e-16
760.75        	1.135695e-16
760.8         	1.135695e-16
760.85        	1.135695e-16
760.9         	1.135695e-16
760.95        	1.135695e-16
761           	1.135695e-16
761.05        	1.135695e-16
761.1         	1.135695e-16
761.15        	1.135695e-16
761.2         	1.135695e-16
761.25        	1.135695e-16
761.3         	1.135695e-16
761.35        	1.135695e-16
761.4         	1.135695e-16
761.45        	1.135695e-16
761.5         	1.135695e-16
761.55        	1.135695e-16
761.6         	1.135695e-16
761.65        	1.135695e-16
761.7         	1.135695e-16
761.75        	1.135695e-16
761.8         	1.135695e-16
761.85        	1.135695e-16
761.9         	1.135695e-16
761.95        	1.135695e-16
762           	1.135695e-16
762.05        	1.135695e-16
762.1         	1.135695e-16
762.15        	1.135695e-16
762.2         	1.135695e-16
762.25        	1.135695e-16
762.3         	1.135695e-16
762.35        	1.135695e-16
762.4         	1.135695e-16
762.45        	1.135695e-16
762.5         	1.135695e-16
762.55        	1.135695e-16
762.6         	1.135695e-16
762.65        	1.135695e-16
762.7         	1.135695e-16
762.75        	1.135695e-16
762.8         	1.135695e-16
762.85        	1.135695e-16
762.9         	1.135695e-16
762.95        	1.135695e-16
763           	1.135695e-16
763.05        	1.135695e-16
763.1         	1.135695e-16
763.15        	1.135695e-16
763.2         	1.135695e-16
763.25        	1.135695e-16
763.3         	1.135695e-16
763.35        	1.135695e-16
763.4         	1.135695e-16
763.45        	1.135695e-16
763.5         	1.135695e-16
763.55        	1.135695e-16
763.6         	1.135695e-16
763.65        	1.135695e-16
763.7         	1.135695e-16
763.75        	1.135695e-16
763.8         	1.135695e-16
763.85        	1.135695e-16
763.9         	1.135695e-16
763.95        	1.135695e-16
764           	1.135695e-16
764.05        	1.135695e-16
764.1         	1.135695e-16
764.15        	1.135695e-16
764.2         	1.135695e-16
764.25        	1.135695e-16
764.3         	1.135695e-16
764.35        	1.135695e-16
764.4         	1.135695e-16
764.45        	1.135695e-16
764.5         	1.135695e-16
764.55        	1.135695e-16
764.6         	1.135695e-16
764.65        	1.135695e-16
764.7         	1.135695e-16
764.75        	1.135695e-16
764.8         	1.135695e-16
764.85        	1.135695e-16
764.9         	1.135695e-16
764.95        	1.135695e-16
765           	1.135695e-16
765.05        	1.135695e-16
765.1         	1.135695e-16
765.15        	1.135695e-16
765.2         	1.135695e-16
765.25        	1.135695e-16
765.3         	1.135695e-16
765.35        	1.135695e-16
765.4         	1.135695e-16
765.45        	1.135695e-16
765.5         	1.135695e-16
765.55        	1.135695e-16
765.6         	1.135695e-16
765.65        	1.135695e-16
765.7         	1.135695e-16
765.75        	1.135695e-16
765.8         	1.135695e-16
765.85        	1.135695e-16
765.9         	1.135695e-16
765.95        	1.135695e-16
766           	1.135695e-16
766.05        	1.135695e-16
766.1         	1.135695e-16
766.15        	1.135695e-16
766.2         	1.135695e-16
766.25        	1.135695e-16
766.3         	1.135695e-16
766.35        	1.135695e-16
766.4         	1.135695e-16
766.45        	1.135695e-16
766.5         	1.135695e-16
766.55        	1.135695e-16
766.6         	1.135695e-16
766.65        	1.135695e-16
766.7         	1.135695e-16
766.75        	1.135695e-16
766.8         	1.135695e-16
766.85        	1.135695e-16
766.9         	1.135695e-16
766.95        	1.135695e-16
767           	1.135695e-16
767.05        	1.135695e-16
767.1         	1.135695e-16
767.15        	1.135695e-16
767.2         	1.135695e-16
767.25        	1.135695e-16
767.3         	1.135695e-16
767.35        	1.135695e-16
767.4         	1.135695e-16
767.45        	1.135695e-16
767.5         	1.135695e-16
767.55        	1.135695e-16
767.6         	1.135695e-16
767.65        	1.135695e-16
767.7         	1.135695e-16
767.75        	1.135695e-16
767.8         	1.135695e-16
767.85        	1.135695e-16
767.9         	1.135695e-16
767.95        	1.135695e-16
768           	1.135695e-16
768.05        	1.135695e-16
768.1         	1.135695e-16
768.15        	1.135695e-16
768.2         	1.135695e-16
768.25        	1.135695e-16
768.3         	1.135695e-16
768.35        	1.135695e-16
768.4         	1.135695e-16
768.45        	1.135695e-16
768.5         	1.135695e-16
768.55        	1.135695e-16
768.6         	1.135695e-16
768.65        	1.135695e-16
768.7         	1.135695e-16
768.75        	1.135695e-16
768.8         	1.135695e-16
768.85        	1.135695e-16
768.9         	1.135695e-16
768.95        	1.135695e-16
769           	1.135695e-16
769.05        	1.135695e-16
769.1         	1.135695e-16
769.15        	1.135695e-16
769.2         	1.135695e-16
769.25        	1.135695e-16
769.3         	1.135695e-16
769.35        	1.135695e-16
769.4         	1.135695e-16
769.45        	1.135695e-16
769.5         	1.135695e-16
769.55        	1.135695e-16
769.6         	1.135695e-16
769.65        	1.135695e-16
769.7         	1.135695e-16
769.75        	1.135695e-16
769.8         	1.135695e-16
769.85        	1.135695e-16
769.9         	1.135695e-16
769.95        	1.135695e-16
770           	1.135695e-16
770.05        	1.135695e-16
770.1         	1.135695e-16
770.15        	1.135695e-16
770.2         	1.135695e-16
770.25        	1.135695e-16
770.3         	1.135695e-16
770.35        	1.135695e-16
770.4         	1.135695e-16
770.45        	1.135695e-16
770.5         	1.135695e-16
770.55        	1.135695e-16
770.6         	1.135695e-16
770.65        	1.135695e-16
770.7         	1.135695e-16
770.75        	1.135695e-16
770.8         	1.135695e-16
770.85        	1.135695e-16
770.9         	1.135695e-16
770.95        	1.135695e-16
771           	1.135695e-16
771.05        	1.135695e-16
771.1         	1.135695e-16
771.15        	1.135695e-16
771.2         	1.135695e-16
771.25        	1.135695e-16
771.3         	1.135695e-16
771.35        	1.135695e-16
771.4         	1.135695e-16
771.45        	1.135695e-16
771.5         	1.135695e-16
771.55        	1.135695e-16
771.6         	1.135695e-16
771.65        	1.135695e-16
771.7         	1.135695e-16
771.75        	1.135695e-16
771.8         	1.135695e-16
771.85        	1.135695e-16
771.9         	1.135695e-16
771.95        	1.135695e-16
772           	1.135695e-16
772.05        	1.135695e-16
772.1         	1.135695e-16
772.15        	1.135695e-16
772.2         	1.135695e-16
772.25        	1.135695e-16
772.3         	1.135695e-16
772.35        	1.135695e-16
772.4         	1.135695e-16
772.45        	1.135695e-16
772.5         	1.135695e-16
772.55        	1.135695e-16
772.6         	1.135695e-16
772.65        	1.135695e-16
772.7         	1.135695e-16
772.75        	1.135695e-16
772.8         	1.135695e-16
772.85        	1.135695e-16
772.9         	1.135695e-16
772.95        	1.135695e-16
773           	1.135695e-16
773.05        	1.135695e-16
773.1         	1.135695e-16
773.15        	1.135695e-16
773.2         	1.135695e-16
773.25        	1.135695e-16
773.3         	1.135695e-16
773.35        	1.135695e-16
773.4         	1.135695e-16
773.45        	1.135695e-16
773.5         	1.135695e-16
773.55        	1.135695e-16
773.6         	1.135695e-16
773.65        	1.135695e-16
773.7         	1.135695e-16
773.75        	1.135695e-16
773.8         	1.135695e-16
773.85        	1.135695e-16
773.9         	1.135695e-16
773.95        	1.135695e-16
774           	1.135695e-16
774.05        	1.135695e-16
774.1         	1.135695e-16
774.15        	1.135695e-16
774.2         	1.135695e-16
774.25        	1.135695e-16
774.3         	1.135695e-16
774.35        	1.135695e-16
774.4         	1.135695e-16
774.45        	1.135695e-16
774.5         	1.135695e-16
774.55        	1.135695e-16
774.6         	1.135695e-16
774.65        	1.135695e-16
774.7         	1.135695e-16
774.75        	1.135695e-16
774.8         	1.135695e-16
774.85        	1.135695e-16
774.9         	1.135695e-16
774.95        	1.135695e-16
775           	1.135695e-16
775.05        	1.135695e-16
775.1         	1.135695e-16
775.15        	1.135695e-16
775.2         	1.135695e-16
775.25        	1.135695e-16
775.3         	1.135695e-16
775.35        	1.135695e-16
775.4         	1.135695e-16
775.45        	1.135695e-16
775.5         	1.135695e-16
775.55        	1.135695e-16
775.6         	1.135695e-16
775.65        	1.135695e-16
775.7         	1.135695e-16
775.75        	1.135695e-16
775.8         	1.135695e-16
775.85        	1.135695e-16
775.9         	1.135695e-16
775.95        	1.135695e-16
776           	1.135695e-16
776.05        	1.135695e-16
776.1         	1.135695e-16
776.15        	1.135695e-16
776.2         	1.135695e-16
776.25        	1.135695e-16
776.3         	1.135695e-16
776.35        	1.135695e-16
776.4         	1.135695e-16
776.45        	1.135695e-16
776.5         	1.135695e-16
776.55        	1.135695e-16
776.6         	1.135695e-16
776.65        	1.135695e-16
776.7         	1.135695e-16
776.75        	1.135695e-16
776.8         	1.135695e-16
776.85        	1.135695e-16
776.9         	1.135695e-16
776.95        	1.135695e-16
777           	1.135695e-16
777.05        	1.135695e-16
777.1         	1.135695e-16
777.15        	1.135695e-16
777.2         	1.135695e-16
777.25        	1.135695e-16
777.3         	1.135695e-16
777.35        	1.135695e-16
777.4         	1.135695e-16
777.45        	1.135695e-16
777.5         	1.135695e-16
777.55        	1.135695e-16
777.6         	1.135695e-16
777.65        	1.135695e-16
777.7         	1.135695e-16
777.75        	1.135695e-16
777.8         	1.135695e-16
777.85        	1.135695e-16
777.9         	1.135695e-16
777.95        	1.135695e-16
778           	1.135695e-16
778.05        	1.135695e-16
778.1         	1.135695e-16
778.15        	1.135695e-16
778.2         	1.135695e-16
778.25        	1.135695e-16
778.3         	1.135695e-16
778.35        	1.135695e-16
778.4         	1.135695e-16
778.45        	1.135695e-16
778.5         	1.135695e-16
778.55        	1.135695e-16
778.6         	1.135695e-16
778.65        	1.135695e-16
778.7         	1.135695e-16
778.75        	1.135695e-16
778.8         	1.135695e-16
778.85        	1.135695e-16
778.9         	1.135695e-16
778.95        	1.135695e-16
779           	1.135695e-16
779.05        	1.135695e-16
779.1         	1.135695e-16
779.15        	1.135695e-16
779.2         	1.135695e-16
779.25        	1.135695e-16
779.3         	1.135695e-16
779.35        	1.135695e-16
779.4         	1.135695e-16
779.45        	1.135695e-16
779.5         	1.135695e-16
779.55        	1.135695e-16
779.6         	1.135695e-16
779.65        	1.135695e-16
779.7         	1.135695e-16
779.75        	1.135695e-16
779.8         	1.135695e-16
779.85        	1.135695e-16
779.9         	1.135695e-16
779.95        	1.135695e-16
780           	1.135695e-16
780.05        	1.135695e-16
780.1         	1.135695e-16
780.15        	1.135695e-16
780.2         	1.135695e-16
780.25        	1.135695e-16
780.3         	1.135695e-16
780.35        	1.135695e-16
780.4         	1.135695e-16
780.45        	1.135695e-16
780.5         	1.135695e-16
780.55        	1.135695e-16
780.6         	1.135695e-16
780.65        	1.135695e-16
780.7         	1.135695e-16
780.75        	1.135695e-16
780.8         	1.135695e-16
780.85        	1.135695e-16
780.9         	1.135695e-16
780.95        	1.135695e-16
781           	1.135695e-16
781.05        	1.135695e-16
781.1         	1.135695e-16
781.15        	1.135695e-16
781.2         	1.135695e-16
781.25        	1.135695e-16
781.3         	1.135695e-16
781.35        	1.135695e-16
781.4         	1.135695e-16
781.45        	1.135695e-16
781.5         	1.135695e-16
781.55        	1.135695e-16
781.6         	1.135695e-16
781.65        	1.135695e-16
781.7         	1.135695e-16
781.75        	1.135695e-16
781.8         	1.135695e-16
781.85        	1.135695e-16
781.9         	1.135695e-16
781.95        	1.135695e-16
782           	1.135695e-16
782.05        	1.135695e-16
782.1         	1.135695e-16
782.15        	1.135695e-16
782.2         	1.135695e-16
782.25        	1.135695e-16
782.3         	1.135695e-16
782.35        	1.135695e-16
782.4         	1.135695e-16
782.45        	1.135695e-16
782.5         	1.135695e-16
782.55        	1.135695e-16
782.6         	1.135695e-16
782.65        	1.135695e-16
782.7         	1.135695e-16
782.75        	1.135695e-16
782.8         	1.135695e-16
782.85        	1.135695e-16
782.9         	1.135695e-16
782.95        	1.135695e-16
783           	1.135695e-16
783.05        	1.135695e-16
783.1         	1.135695e-16
783.15        	1.135695e-16
783.2         	1.135695e-16
783.25        	1.135695e-16
783.3         	1.135695e-16
783.35        	1.135695e-16
783.4         	1.135695e-16
783.45        	1.135695e-16
783.5         	1.135695e-16
783.55        	1.135695e-16
783.6         	1.135695e-16
783.65        	1.135695e-16
783.7         	1.135695e-16
783.75        	1.135695e-16
783.8         	1.135695e-16
783.85        	1.135695e-16
783.9         	1.135695e-16
783.95        	1.135695e-16
784           	1.135695e-16
784.05        	1.135695e-16
784.1         	1.135695e-16
784.15        	1.135695e-16
784.2         	1.135695e-16
784.25        	1.135695e-16
784.3         	1.135695e-16
784.35        	1.135695e-16
784.4         	1.135695e-16
784.45        	1.135695e-16
784.5         	1.135695e-16
784.55        	1.135695e-16
784.6         	1.135695e-16
784.65        	1.135695e-16
784.7         	1.135695e-16
784.75        	1.135695e-16
784.8         	1.135695e-16
784.85        	1.135695e-16
784.9         	1.135695e-16
784.95        	1.135695e-16
785           	1.135695e-16
785.05        	1.135695e-16
785.1         	1.135695e-16
785.15        	1.135695e-16
785.2         	1.135695e-16
785.25        	1.135695e-16
785.3         	1.135695e-16
785.35        	1.135695e-16
785.4         	1.135695e-16
785.45        	1.135695e-16
785.5         	1.135695e-16
785.55        	1.135695e-16
785.6         	1.135695e-16
785.65        	1.135695e-16
785.7         	1.135695e-16
785.75        	1.135695e-16
785.8         	1.135695e-16
785.85        	1.135695e-16
785.9         	1.135695e-16
785.95        	1.135695e-16
786           	1.135695e-16
786.05        	1.135695e-16
786.1         	1.135695e-16
786.15        	1.135695e-16
786.2         	1.135695e-16
786.25        	1.135695e-16
786.3         	1.135695e-16
786.35        	1.135695e-16
786.4         	1.135695e-16
786.45        	1.135695e-16
786.5         	1.135695e-16
786.55        	1.135695e-16
786.6         	1.135695e-16
786.65        	1.135695e-16
786.7         	1.135695e-16
786.75        	1.135695e-16
786.8         	1.135695e-16
786.85        	1.135695e-16
786.9         	1.135695e-16
786.95        	1.135695e-16
787           	1.135695e-16
787.05        	1.135695e-16
787.1         	1.135695e-16
787.15        	1.135695e-16
787.2         	1.135695e-16
787.25        	1.135695e-16
787.3         	1.135695e-16
787.35        	1.135695e-16
787.4         	1.135695e-16
787.45        	1.135695e-16
787.5         	1.135695e-16
787.55        	1.135695e-16
787.6         	1.135695e-16
787.65        	1.135695e-16
787.7         	1.135695e-16
787.75        	1.135695e-16
787.8         	1.135695e-16
787.85        	1.135695e-16
787.9         	1.135695e-16
787.95        	1.135695e-16
788           	1.135695e-16
788.05        	1.135695e-16
788.1         	1.135695e-16
788.15        	1.135695e-16
788.2         	1.135695e-16
788.25        	1.135695e-16
788.3         	1.135695e-16
788.35        	1.135695e-16
788.4         	1.135695e-16
788.45        	1.135695e-16
788.5         	1.135695e-16
788.55        	1.135695e-16
788.6         	1.135695e-16
788.65        	1.135695e-16
788.7         	1.135695e-16
788.75        	1.135695e-16
788.8         	1.135695e-16
788.85        	1.135695e-16
788.9         	1.135695e-16
788.95        	1.135695e-16
789           	1.135695e-16
789.05        	1.135695e-16
789.1         	1.135695e-16
789.15        	1.135695e-16
789.2         	1.135695e-16
789.25        	1.135695e-16
789.3         	1.135695e-16
789.35        	1.135695e-16
789.4         	1.135695e-16
789.45        	1.135695e-16
789.5         	1.135695e-16
789.55        	1.135695e-16
789.6         	1.135695e-16
789.65        	1.135695e-16
789.7         	1.135695e-16
789.75        	1.135695e-16
789.8         	1.135695e-16
789.85        	1.135695e-16
789.9         	1.135695e-16
789.95        	1.135695e-16
790           	1.135695e-16
790.05        	1.135695e-16
790.1         	1.135695e-16
790.15        	1.135695e-16
790.2         	1.135695e-16
790.25        	1.135695e-16
790.3         	1.135695e-16
790.35        	1.135695e-16
790.4         	1.135695e-16
790.45        	1.135695e-16
790.5         	1.135695e-16
790.55        	1.135695e-16
790.6         	1.135695e-16
790.65        	1.135695e-16
790.7         	1.135695e-16
790.75        	1.135695e-16
790.8         	1.135695e-16
790.85        	1.135695e-16
790.9         	1.135695e-16
790.95        	1.135695e-16
791           	1.135695e-16
791.05        	1.135695e-16
791.1         	1.135695e-16
791.15        	1.135695e-16
791.2         	1.135695e-16
791.25        	1.135695e-16
791.3         	1.135695e-16
791.35        	1.135695e-16
791.4         	1.135695e-16
791.45        	1.135695e-16
791.5         	1.135695e-16
791.55        	1.135695e-16
791.6         	1.135695e-16
791.65        	1.135695e-16
791.7         	1.135695e-16
791.75        	1.135695e-16
791.8         	1.135695e-16
791.85        	1.135695e-16
791.9         	1.135695e-16
791.95        	1.135695e-16
792           	1.135695e-16
792.05        	1.135695e-16
792.1         	1.135695e-16
792.15        	1.135695e-16
792.2         	1.135695e-16
792.25        	1.135695e-16
792.3         	1.135695e-16
792.35        	1.135695e-16
792.4         	1.135695e-16
792.45        	1.135695e-16
792.5         	1.135695e-16
792.55        	1.135695e-16
792.6         	1.135695e-16
792.65        	1.135695e-16
792.7         	1.135695e-16
792.75        	1.135695e-16
792.8         	1.135695e-16
792.85        	1.135695e-16
792.9         	1.135695e-16
792.95        	1.135695e-16
793           	1.135695e-16
793.05        	1.135695e-16
793.1         	1.135695e-16
793.15        	1.135695e-16
793.2         	1.135695e-16
793.25        	1.135695e-16
793.3         	1.135695e-16
793.35        	1.135695e-16
793.4         	1.135695e-16
793.45        	1.135695e-16
793.5         	1.135695e-16
793.55        	1.135695e-16
793.6         	1.135695e-16
793.65        	1.135695e-16
793.7         	1.135695e-16
793.75        	1.135695e-16
793.8         	1.135695e-16
793.85        	1.135695e-16
793.9         	1.135695e-16
793.95        	1.135695e-16
794           	1.135695e-16
794.05        	1.135695e-16
794.1         	1.135695e-16
794.15        	1.135695e-16
794.2         	1.135695e-16
794.25        	1.135695e-16
794.3         	1.135695e-16
794.35        	1.135695e-16
794.4         	1.135695e-16
794.45        	1.135695e-16
794.5         	1.135695e-16
794.55        	1.135695e-16
794.6         	1.135695e-16
794.65        	1.135695e-16
794.7         	1.135695e-16
794.75        	1.135695e-16
794.8         	1.135695e-16
794.85        	1.135695e-16
794.9         	1.135695e-16
794.95        	1.135695e-16
795           	1.135695e-16
795.05        	1.135695e-16
795.1         	1.135695e-16
795.15        	1.135695e-16
795.2         	1.135695e-16
795.25        	1.135695e-16
795.3         	1.135695e-16
795.35        	1.135695e-16
795.4         	1.135695e-16
795.45        	1.135695e-16
795.5         	1.135695e-16
795.55        	1.135695e-16
795.6         	1.135695e-16
795.65        	1.135695e-16
795.7         	1.135695e-16
795.75        	1.135695e-16
795.8         	1.135695e-16
795.85        	1.135695e-16
795.9         	1.135695e-16
795.95        	1.135695e-16
796           	1.135695e-16
796.05        	1.135695e-16
796.1         	1.135695e-16
796.15        	1.135695e-16
796.2         	1.135695e-16
796.25        	1.135695e-16
796.3         	1.135695e-16
796.35        	1.135695e-16
796.4         	1.135695e-16
796.45        	1.135695e-16
796.5         	1.135695e-16
796.55        	1.135695e-16
796.6         	1.135695e-16
796.65        	1.135695e-16
796.7         	1.135695e-16
796.75        	1.135695e-16
796.8         	1.135695e-16
796.85        	1.135695e-16
796.9         	1.135695e-16
796.95        	1.135695e-16
797           	1.135695e-16
797.05        	1.135695e-16
797.1         	1.135695e-16
797.15        	1.135695e-16
797.2         	1.135695e-16
797.25        	1.135695e-16
797.3         	1.135695e-16
797.35        	1.135695e-16
797.4         	1.135695e-16
797.45        	1.135695e-16
797.5         	1.135695e-16
797.55        	1.135695e-16
797.6         	1.135695e-16
797.65        	1.135695e-16
797.7         	1.135695e-16
797.75        	1.135695e-16
797.8         	1.135695e-16
797.85        	1.135695e-16
797.9         	1.135695e-16
797.95        	1.135695e-16
798           	1.135695e-16
798.05        	1.135695e-16
798.1         	1.135695e-16
798.15        	1.135695e-16
798.2         	1.135695e-16
798.25        	1.135695e-16
798.3         	1.135695e-16
798.35        	1.135695e-16
798.4         	1.135695e-16
798.45        	1.135695e-16
798.5         	1.135695e-16
798.55        	1.135695e-16
798.6         	1.135695e-16
798.65        	1.135695e-16
798.7         	1.135695e-16
798.75        	1.135695e-16
798.8         	1.135695e-16
798.85        	1.135695e-16
798.9         	1.135695e-16
798.95        	1.135695e-16
799           	1.135695e-16
799.05        	1.135695e-16
799.1         	1.135695e-16
799.15        	1.135695e-16
799.2         	1.135695e-16
799.25        	1.135695e-16
799.3         	1.135695e-16
799.35        	1.135695e-16
799.4         	1.135695e-16
799.45        	1.135695e-16
799.5         	1.135695e-16
799.55        	1.135695e-16
799.6         	1.135695e-16
799.65        	1.135695e-16
799.7         	1.135695e-16
799.75        	1.135695e-16
799.8         	1.135695e-16
799.85        	1.135695e-16
799.9         	1.135695e-16
799.95        	1.135695e-16
800           	1.135695e-16
800.05        	1.135695e-16
800.1         	1.135695e-16
800.15        	1.135695e-16
800.2         	1.135695e-16
800.25        	1.135695e-16
800.3         	1.135695e-16
800.35        	1.135695e-16
800.4         	1.135695e-16
800.45        	1.135695e-16
800.5         	1.135695e-16
800.55        	1.135695e-16
800.6         	1.135695e-16
800.65        	1.135695e-16
800.7         	1.135695e-16
800.75        	1.135695e-16
800.8         	1.135695e-16
800.85        	1.135695e-16
800.9         	1.135695e-16
800.95        	1.135695e-16
801           	1.135695e-16
801.05        	1.135695e-16
801.1         	1.135695e-16
801.15        	1.135695e-16
801.2         	1.135695e-16
801.25        	1.135695e-16
801.3         	1.135695e-16
801.35        	1.135695e-16
801.4         	1.135695e-16
801.45        	1.135695e-16
801.5         	1.135695e-16
801.55        	1.135695e-16
801.6         	1.135695e-16
801.65        	1.135695e-16
801.7         	1.135695e-16
801.75        	1.135695e-16
801.8         	1.135695e-16
801.85        	1.135695e-16
801.9         	1.135695e-16
801.95        	1.135695e-16
802           	1.135695e-16
802.05        	1.135695e-16
802.1         	1.135695e-16
802.15        	1.135695e-16
802.2         	1.135695e-16
802.25        	1.135695e-16
802.3         	1.135695e-16
802.35        	1.135695e-16
802.4         	1.135695e-16
802.45        	1.135695e-16
802.5         	1.135695e-16
802.55        	1.135695e-16
802.6         	1.135695e-16
802.65        	1.135695e-16
802.7         	1.135695e-16
802.75        	1.135695e-16
802.8         	1.135695e-16
802.85        	1.135695e-16
802.9         	1.135695e-16
802.95        	1.135695e-16
803           	1.135695e-16
803.05        	1.135695e-16
803.1         	1.135695e-16
803.15        	1.135695e-16
803.2         	1.135695e-16
803.25        	1.135695e-16
803.3         	1.135695e-16
803.35        	1.135695e-16
803.4         	1.135695e-16
803.45        	1.135695e-16
803.5         	1.135695e-16
803.55        	1.135695e-16
803.6         	1.135695e-16
803.65        	1.135695e-16
803.7         	1.135695e-16
803.75        	1.135695e-16
803.8         	1.135695e-16
803.85        	1.135695e-16
803.9         	1.135695e-16
803.95        	1.135695e-16
804           	1.135695e-16
804.05        	1.135695e-16
804.1         	1.135695e-16
804.15        	1.135695e-16
804.2         	1.135695e-16
804.25        	1.135695e-16
804.3         	1.135695e-16
804.35        	1.135695e-16
804.4         	1.135695e-16
804.45        	1.135695e-16
804.5         	1.135695e-16
804.55        	1.135695e-16
804.6         	1.135695e-16
804.65        	1.135695e-16
804.7         	1.135695e-16
804.75        	1.135695e-16
804.8         	1.135695e-16
804.85        	1.135695e-16
804.9         	1.135695e-16
804.95        	1.135695e-16
805           	1.135695e-16
805.05        	1.135695e-16
805.1         	1.135695e-16
805.15        	1.135695e-16
805.2         	1.135695e-16
805.25        	1.135695e-16
805.3         	1.135695e-16
805.35        	1.135695e-16
805.4         	1.135695e-16
805.45        	1.135695e-16
805.5         	1.135695e-16
805.55        	1.135695e-16
805.6         	1.135695e-16
805.65        	1.135695e-16
805.7         	1.135695e-16
805.75        	1.135695e-16
805.8         	1.135695e-16
805.85        	1.135695e-16
805.9         	1.135695e-16
805.95        	1.135695e-16
806           	1.135695e-16
806.05        	1.135695e-16
806.1         	1.135695e-16
806.15        	1.135695e-16
806.2         	1.135695e-16
806.25        	1.135695e-16
806.3         	1.135695e-16
806.35        	1.135695e-16
806.4         	1.135695e-16
806.45        	1.135695e-16
806.5         	1.135695e-16
806.55        	1.135695e-16
806.6         	1.135695e-16
806.65        	1.135695e-16
806.7         	1.135695e-16
806.75        	1.135695e-16
806.8         	1.135695e-16
806.85        	1.135695e-16
806.9         	1.135695e-16
806.95        	1.135695e-16
807           	1.135695e-16
807.05        	1.135695e-16
807.1         	1.135695e-16
807.15        	1.135695e-16
807.2         	1.135695e-16
807.25        	1.135695e-16
807.3         	1.135695e-16
807.35        	1.135695e-16
807.4         	1.135695e-16
807.45        	1.135695e-16
807.5         	1.135695e-16
807.55        	1.135695e-16
807.6         	1.135695e-16
807.65        	1.135695e-16
807.7         	1.135695e-16
807.75        	1.135695e-16
807.8         	1.135695e-16
807.85        	1.135695e-16
807.9         	1.135695e-16
807.95        	1.135695e-16
808           	1.135695e-16
808.05        	1.135695e-16
808.1         	1.135695e-16
808.15        	1.135695e-16
808.2         	1.135695e-16
808.25        	1.135695e-16
808.3         	1.135695e-16
808.35        	1.135695e-16
808.4         	1.135695e-16
808.45        	1.135695e-16
808.5         	1.135695e-16
808.55        	1.135695e-16
808.6         	1.135695e-16
808.65        	1.135695e-16
808.7         	1.135695e-16
808.75        	1.135695e-16
808.8         	1.135695e-16
808.85        	1.135695e-16
808.9         	1.135695e-16
808.95        	1.135695e-16
809           	1.135695e-16
809.05        	1.135695e-16
809.1         	1.135695e-16
809.15        	1.135695e-16
809.2         	1.135695e-16
809.25        	1.135695e-16
809.3         	1.135695e-16
809.35        	1.135695e-16
809.4         	1.135695e-16
809.45        	1.135695e-16
809.5         	1.135695e-16
809.55        	1.135695e-16
809.6         	1.135695e-16
809.65        	1.135695e-16
809.7         	1.135695e-16
809.75        	1.135695e-16
809.8         	1.135695e-16
809.85        	1.135695e-16
809.9         	1.135695e-16
809.95        	1.135695e-16
810           	1.135695e-16
810.05        	1.135695e-16
810.1         	1.135695e-16
810.15        	1.135695e-16
810.2         	1.135695e-16
810.25        	1.135695e-16
810.3         	1.135695e-16
810.35        	1.135695e-16
810.4         	1.135695e-16
810.45        	1.135695e-16
810.5         	1.135695e-16
810.55        	1.135695e-16
810.6         	1.135695e-16
810.65        	1.135695e-16
810.7         	1.135695e-16
810.75        	1.135695e-16
810.8         	1.135695e-16
810.85        	1.135695e-16
810.9         	1.135695e-16
810.95        	1.135695e-16
811           	1.135695e-16
811.05        	1.135695e-16
811.1         	1.135695e-16
811.15        	1.135695e-16
811.2         	1.135695e-16
811.25        	1.135695e-16
811.3         	1.135695e-16
811.35        	1.135695e-16
811.4         	1.135695e-16
811.45        	1.135695e-16
811.5         	1.135695e-16
811.55        	1.135695e-16
811.6         	1.135695e-16
811.65        	1.135695e-16
811.7         	1.135695e-16
811.75        	1.135695e-16
811.8         	1.135695e-16
811.85        	1.135695e-16
811.9         	1.135695e-16
811.95        	1.135695e-16
812           	1.135695e-16
812.05        	1.135695e-16
812.1         	1.135695e-16
812.15        	1.135695e-16
812.2         	1.135695e-16
812.25        	1.135695e-16
812.3         	1.135695e-16
812.35        	1.135695e-16
812.4         	1.135695e-16
812.45        	1.135695e-16
812.5         	1.135695e-16
812.55        	1.135695e-16
812.6         	1.135695e-16
812.65        	1.135695e-16
812.7         	1.135695e-16
812.75        	1.135695e-16
812.8         	1.135695e-16
812.85        	1.135695e-16
812.9         	1.135695e-16
812.95        	1.135695e-16
813           	1.135695e-16
813.05        	1.135695e-16
813.1         	1.135695e-16
813.15        	1.135695e-16
813.2         	1.135695e-16
813.25        	1.135695e-16
813.3         	1.135695e-16
813.35        	1.135695e-16
813.4         	1.135695e-16
813.45        	1.135695e-16
813.5         	1.135695e-16
813.55        	1.135695e-16
813.6         	1.135695e-16
813.65        	1.135695e-16
813.7         	1.135695e-16
813.75        	1.135695e-16
813.8         	1.135695e-16
813.85        	1.135695e-16
813.9         	1.135695e-16
813.95        	1.135695e-16
814           	1.135695e-16
814.05        	1.135695e-16
814.1         	1.135695e-16
814.15        	1.135695e-16
814.2         	1.135695e-16
814.25        	1.135695e-16
814.3         	1.135695e-16
814.35        	1.135695e-16
814.4         	1.135695e-16
814.45        	1.135695e-16
814.5         	1.135695e-16
814.55        	1.135695e-16
814.6         	1.135695e-16
814.65        	1.135695e-16
814.7         	1.135695e-16
814.75        	1.135695e-16
814.8         	1.135695e-16
814.85        	1.135695e-16
814.9         	1.135695e-16
814.95        	1.135695e-16
815           	1.135695e-16
815.05        	1.135695e-16
815.1         	1.135695e-16
815.15        	1.135695e-16
815.2         	1.135695e-16
815.25        	1.135695e-16
815.3         	1.135695e-16
815.35        	1.135695e-16
815.4         	1.135695e-16
815.45        	1.135695e-16
815.5         	1.135695e-16
815.55        	1.135695e-16
815.6         	1.135695e-16
815.65        	1.135695e-16
815.7         	1.135695e-16
815.75        	1.135695e-16
815.8         	1.135695e-16
815.85        	1.135695e-16
815.9         	1.135695e-16
815.95        	1.135695e-16
816           	1.135695e-16
816.05        	1.135695e-16
816.1         	1.135695e-16
816.15        	1.135695e-16
816.2         	1.135695e-16
816.25        	1.135695e-16
816.3         	1.135695e-16
816.35        	1.135695e-16
816.4         	1.135695e-16
816.45        	1.135695e-16
816.5         	1.135695e-16
816.55        	1.135695e-16
816.6         	1.135695e-16
816.65        	1.135695e-16
816.7         	1.135695e-16
816.75        	1.135695e-16
816.8         	1.135695e-16
816.85        	1.135695e-16
816.9         	1.135695e-16
816.95        	1.135695e-16
817           	1.135695e-16
817.05        	1.135695e-16
817.1         	1.135695e-16
817.15        	1.135695e-16
817.2         	1.135695e-16
817.25        	1.135695e-16
817.3         	1.135695e-16
817.35        	1.135695e-16
817.4         	1.135695e-16
817.45        	1.135695e-16
817.5         	1.135695e-16
817.55        	1.135695e-16
817.6         	1.135695e-16
817.65        	1.135695e-16
817.7         	1.135695e-16
817.75        	1.135695e-16
817.8         	1.135695e-16
817.85        	1.135695e-16
817.9         	1.135695e-16
817.95        	1.135695e-16
818           	1.135695e-16
818.05        	1.135695e-16
818.1         	1.135695e-16
818.15        	1.135695e-16
818.2         	1.135695e-16
818.25        	1.135695e-16
818.3         	1.135695e-16
818.35        	1.135695e-16
818.4         	1.135695e-16
818.45        	1.135695e-16
818.5         	1.135695e-16
818.55        	1.135695e-16
818.6         	1.135695e-16
818.65        	1.135695e-16
818.7         	1.135695e-16
818.75        	1.135695e-16
818.8         	1.135695e-16
818.85        	1.135695e-16
818.9         	1.135695e-16
818.95        	1.135695e-16
819           	1.135695e-16
819.05        	1.135695e-16
819.1         	1.135695e-16
819.15        	1.135695e-16
819.2         	1.135695e-16
819.25        	1.135695e-16
819.3         	1.135695e-16
819.35        	1.135695e-16
819.4         	1.135695e-16
819.45        	1.135695e-16
819.5         	1.135695e-16
819.55        	1.135695e-16
819.6         	1.135695e-16
819.65        	1.135695e-16
819.7         	1.135695e-16
819.75        	1.135695e-16
819.8         	1.135695e-16
819.85        	1.135695e-16
819.9         	1.135695e-16
819.95        	1.135695e-16
820           	1.135695e-16
820.05        	1.135695e-16
820.1         	1.135695e-16
820.15        	1.135695e-16
820.2         	1.135695e-16
820.25        	1.135695e-16
820.3         	1.135695e-16
820.35        	1.135695e-16
820.4         	1.135695e-16
820.45        	1.135695e-16
820.5         	1.135695e-16
820.55        	1.135695e-16
820.6         	1.135695e-16
820.65        	1.135695e-16
820.7         	1.135695e-16
820.75        	1.135695e-16
820.8         	1.135695e-16
820.85        	1.135695e-16
820.9         	1.135695e-16
820.95        	1.135695e-16
821           	1.135695e-16
821.05        	1.135695e-16
821.1         	1.135695e-16
821.15        	1.135695e-16
821.2         	1.135695e-16
821.25        	1.135695e-16
821.3         	1.135695e-16
821.35        	1.135695e-16
821.4         	1.135695e-16
821.45        	1.135695e-16
821.5         	1.135695e-16
821.55        	1.135695e-16
821.6         	1.135695e-16
821.65        	1.135695e-16
821.7         	1.135695e-16
821.75        	1.135695e-16
821.8         	1.135695e-16
821.85        	1.135695e-16
821.9         	1.135695e-16
821.95        	1.135695e-16
822           	1.135695e-16
822.05        	1.135695e-16
822.1         	1.135695e-16
822.15        	1.135695e-16
822.2         	1.135695e-16
822.25        	1.135695e-16
822.3         	1.135695e-16
822.35        	1.135695e-16
822.4         	1.135695e-16
822.45        	1.135695e-16
822.5         	1.135695e-16
822.55        	1.135695e-16
822.6         	1.135695e-16
822.65        	1.135695e-16
822.7         	1.135695e-16
822.75        	1.135695e-16
822.8         	1.135695e-16
822.85        	1.135695e-16
822.9         	1.135695e-16
822.95        	1.135695e-16
823           	1.135695e-16
823.05        	1.135695e-16
823.1         	1.135695e-16
823.15        	1.135695e-16
823.2         	1.135695e-16
823.25        	1.135695e-16
823.3         	1.135695e-16
823.35        	1.135695e-16
823.4         	1.135695e-16
823.45        	1.135695e-16
823.5         	1.135695e-16
823.55        	1.135695e-16
823.6         	1.135695e-16
823.65        	1.135695e-16
823.7         	1.135695e-16
823.75        	1.135695e-16
823.8         	1.135695e-16
823.85        	1.135695e-16
823.9         	1.135695e-16
823.95        	1.135695e-16
824           	1.135695e-16
824.05        	1.135695e-16
824.1         	1.135695e-16
824.15        	1.135695e-16
824.2         	1.135695e-16
824.25        	1.135695e-16
824.3         	1.135695e-16
824.35        	1.135695e-16
824.4         	1.135695e-16
824.45        	1.135695e-16
824.5         	1.135695e-16
824.55        	1.135695e-16
824.6         	1.135695e-16
824.65        	1.135695e-16
824.7         	1.135695e-16
824.75        	1.135695e-16
824.8         	1.135695e-16
824.85        	1.135695e-16
824.9         	1.135695e-16
824.95        	1.135695e-16
825           	1.135695e-16
825.05        	1.135695e-16
825.1         	1.135695e-16
825.15        	1.135695e-16
825.2         	1.135695e-16
825.25        	1.135695e-16
825.3         	1.135695e-16
825.35        	1.135695e-16
825.4         	1.135695e-16
825.45        	1.135695e-16
825.5         	1.135695e-16
825.55        	1.135695e-16
825.6         	1.135695e-16
825.65        	1.135695e-16
825.7         	1.135695e-16
825.75        	1.135695e-16
825.8         	1.135695e-16
825.85        	1.135695e-16
825.9         	1.135695e-16
825.95        	1.135695e-16
826           	1.135695e-16
826.05        	1.135695e-16
826.1         	1.135695e-16
826.15        	1.135695e-16
826.2         	1.135695e-16
826.25        	1.135695e-16
826.3         	1.135695e-16
826.35        	1.135695e-16
826.4         	1.135695e-16
826.45        	1.135695e-16
826.5         	1.135695e-16
826.55        	1.135695e-16
826.6         	1.135695e-16
826.65        	1.135695e-16
826.7         	1.135695e-16
826.75        	1.135695e-16
826.8         	1.135695e-16
826.85        	1.135695e-16
826.9         	1.135695e-16
826.95        	1.135695e-16
827           	1.135695e-16
827.05        	1.135695e-16
827.1         	1.135695e-16
827.15        	1.135695e-16
827.2         	1.135695e-16
827.25        	1.135695e-16
827.3         	1.135695e-16
827.35        	1.135695e-16
827.4         	1.135695e-16
827.45        	1.135695e-16
827.5         	1.135695e-16
827.55        	1.135695e-16
827.6         	1.135695e-16
827.65        	1.135695e-16
827.7         	1.135695e-16
827.75        	1.135695e-16
827.8         	1.135695e-16
827.85        	1.135695e-16
827.9         	1.135695e-16
827.95        	1.135695e-16
828           	1.135695e-16
828.05        	1.135695e-16
828.1         	1.135695e-16
828.15        	1.135695e-16
828.2         	1.135695e-16
828.25        	1.135695e-16
828.3         	1.135695e-16
828.35        	1.135695e-16
828.4         	1.135695e-16
828.45        	1.135695e-16
828.5         	1.135695e-16
828.55        	1.135695e-16
828.6         	1.135695e-16
828.65        	1.135695e-16
828.7         	1.135695e-16
828.75        	1.135695e-16
828.8         	1.135695e-16
828.85        	1.135695e-16
828.9         	1.135695e-16
828.95        	1.135695e-16
829           	1.135695e-16
829.05        	1.135695e-16
829.1         	1.135695e-16
829.15        	1.135695e-16
829.2         	1.135695e-16
829.25        	1.135695e-16
829.3         	1.135695e-16
829.35        	1.135695e-16
829.4         	1.135695e-16
829.45        	1.135695e-16
829.5         	1.135695e-16
829.55        	1.135695e-16
829.6         	1.135695e-16
829.65        	1.135695e-16
829.7         	1.135695e-16
829.75        	1.135695e-16
829.8         	1.135695e-16
829.85        	1.135695e-16
829.9         	1.135695e-16
829.95        	1.135695e-16
830           	1.135695e-16
830.05        	1.135695e-16
830.1         	1.135695e-16
830.15        	1.135695e-16
830.2         	1.135695e-16
830.25        	1.135695e-16
830.3         	1.135695e-16
830.35        	1.135695e-16
830.4         	1.135695e-16
830.45        	1.135695e-16
830.5         	1.135695e-16
830.55        	1.135695e-16
830.6         	1.135695e-16
830.65        	1.135695e-16
830.7         	1.135695e-16
830.75        	1.135695e-16
830.8         	1.135695e-16
830.85        	1.135695e-16
830.9         	1.135695e-16
830.95        	1.135695e-16
831           	1.135695e-16
831.05        	1.135695e-16
831.1         	1.135695e-16
831.15        	1.135695e-16
831.2         	1.135695e-16
831.25        	1.135695e-16
831.3         	1.135695e-16
831.35        	1.135695e-16
831.4         	1.135695e-16
831.45        	1.135695e-16
831.5         	1.135695e-16
831.55        	1.135695e-16
831.6         	1.135695e-16
831.65        	1.135695e-16
831.7         	1.135695e-16
831.75        	1.135695e-16
831.8         	1.135695e-16
831.85        	1.135695e-16
831.9         	1.135695e-16
831.95        	1.135695e-16
832           	1.135695e-16
832.05        	1.135695e-16
832.1         	1.135695e-16
832.15        	1.135695e-16
832.2         	1.135695e-16
832.25        	1.135695e-16
832.3         	1.135695e-16
832.35        	1.135695e-16
832.4         	1.135695e-16
832.45        	1.135695e-16
832.5         	1.135695e-16
832.55        	1.135695e-16
832.6         	1.135695e-16
832.65        	1.135695e-16
832.7         	1.135695e-16
832.75        	1.135695e-16
832.8         	1.135695e-16
832.85        	1.135695e-16
832.9         	1.135695e-16
832.95        	1.135695e-16
833           	1.135695e-16
833.05        	1.135695e-16
833.1         	1.135695e-16
833.15        	1.135695e-16
833.2         	1.135695e-16
833.25        	1.135695e-16
833.3         	1.135695e-16
833.35        	1.135695e-16
833.4         	1.135695e-16
833.45        	1.135695e-16
833.5         	1.135695e-16
833.55        	1.135695e-16
833.6         	1.135695e-16
833.65        	1.135695e-16
833.7         	1.135695e-16
833.75        	1.135695e-16
833.8         	1.135695e-16
833.85        	1.135695e-16
833.9         	1.135695e-16
833.95        	1.135695e-16
834           	1.135695e-16
834.05        	1.135695e-16
834.1         	1.135695e-16
834.15        	1.135695e-16
834.2         	1.135695e-16
834.25        	1.135695e-16
834.3         	1.135695e-16
834.35        	1.135695e-16
834.4         	1.135695e-16
834.45        	1.135695e-16
834.5         	1.135695e-16
834.55        	1.135695e-16
834.6         	1.135695e-16
834.65        	1.135695e-16
834.7         	1.135695e-16
834.75        	1.135695e-16
834.8         	1.135695e-16
834.85        	1.135695e-16
834.9         	1.135695e-16
834.95        	1.135695e-16
835           	1.135695e-16
835.05        	1.135695e-16
835.1         	1.135695e-16
835.15        	1.135695e-16
835.2         	1.135695e-16
835.25        	1.135695e-16
835.3         	1.135695e-16
835.35        	1.135695e-16
835.4         	1.135695e-16
835.45        	1.135695e-16
835.5         	1.135695e-16
835.55        	1.135695e-16
835.6         	1.135695e-16
835.65        	1.135695e-16
835.7         	1.135695e-16
835.75        	1.135695e-16
835.8         	1.135695e-16
835.85        	1.135695e-16
835.9         	1.135695e-16
835.95        	1.135695e-16
836           	1.135695e-16
836.05        	1.135695e-16
836.1         	1.135695e-16
836.15        	1.135695e-16
836.2         	1.135695e-16
836.25        	1.135695e-16
836.3         	1.135695e-16
836.35        	1.135695e-16
836.4         	1.135695e-16
836.45        	1.135695e-16
836.5         	1.135695e-16
836.55        	1.135695e-16
836.6         	1.135695e-16
836.65        	1.135695e-16
836.7         	1.135695e-16
836.75        	1.135695e-16
836.8         	1.135695e-16
836.85        	1.135695e-16
836.9         	1.135695e-16
836.95        	1.135695e-16
837           	1.135695e-16
837.05        	1.135695e-16
837.1         	1.135695e-16
837.15        	1.135695e-16
837.2         	1.135695e-16
837.25        	1.135695e-16
837.3         	1.135695e-16
837.35        	1.135695e-16
837.4         	1.135695e-16
837.45        	1.135695e-16
837.5         	1.135695e-16
837.55        	1.135695e-16
837.6         	1.135695e-16
837.65        	1.135695e-16
837.7         	1.135695e-16
837.75        	1.135695e-16
837.8         	1.135695e-16
837.85        	1.135695e-16
837.9         	1.135695e-16
837.95        	1.135695e-16
838           	1.135695e-16
838.05        	1.135695e-16
838.1         	1.135695e-16
838.15        	1.135695e-16
838.2         	1.135695e-16
838.25        	1.135695e-16
838.3         	1.135695e-16
838.35        	1.135695e-16
838.4         	1.135695e-16
838.45        	1.135695e-16
838.5         	1.135695e-16
838.55        	1.135695e-16
838.6         	1.135695e-16
838.65        	1.135695e-16
838.7         	1.135695e-16
838.75        	1.135695e-16
838.8         	1.135695e-16
838.85        	1.135695e-16
838.9         	1.135695e-16
838.95        	1.135695e-16
839           	1.135695e-16
839.05        	1.135695e-16
839.1         	1.135695e-16
839.15        	1.135695e-16
839.2         	1.135695e-16
839.25        	1.135695e-16
839.3         	1.135695e-16
839.35        	1.135695e-16
839.4         	1.135695e-16
839.45        	1.135695e-16
839.5         	1.135695e-16
839.55        	1.135695e-16
839.6         	1.135695e-16
839.65        	1.135695e-16
839.7         	1.135695e-16
839.75        	1.135695e-16
839.8         	1.135695e-16
839.85        	1.135695e-16
839.9         	1.135695e-16
839.95        	1.135695e-16
840           	1.135695e-16
840.05        	1.135695e-16
840.1         	1.135695e-16
840.15        	1.135695e-16
840.2         	1.135695e-16
840.25        	1.135695e-16
840.3         	1.135695e-16
840.35        	1.135695e-16
840.4         	1.135695e-16
840.45        	1.135695e-16
840.5         	1.135695e-16
840.55        	1.135695e-16
840.6         	1.135695e-16
840.65        	1.135695e-16
840.7         	1.135695e-16
840.75        	1.135695e-16
840.8         	1.135695e-16
840.85        	1.135695e-16
840.9         	1.135695e-16
840.95        	1.135695e-16
841           	1.135695e-16
841.05        	1.135695e-16
841.1         	1.135695e-16
841.15        	1.135695e-16
841.2         	1.135695e-16
841.25        	1.135695e-16
841.3         	1.135695e-16
841.35        	1.135695e-16
841.4         	1.135695e-16
841.45        	1.135695e-16
841.5         	1.135695e-16
841.55        	1.135695e-16
841.6         	1.135695e-16
841.65        	1.135695e-16
841.7         	1.135695e-16
841.75        	1.135695e-16
841.8         	1.135695e-16
841.85        	1.135695e-16
841.9         	1.135695e-16
841.95        	1.135695e-16
842           	1.135695e-16
842.05        	1.135695e-16
842.1         	1.135695e-16
842.15        	1.135695e-16
842.2         	1.135695e-16
842.25        	1.135695e-16
842.3         	1.135695e-16
842.35        	1.135695e-16
842.4         	1.135695e-16
842.45        	1.135695e-16
842.5         	1.135695e-16
842.55        	1.135695e-16
842.6         	1.135695e-16
842.65        	1.135695e-16
842.7         	1.135695e-16
842.75        	1.135695e-16
842.8         	1.135695e-16
842.85        	1.135695e-16
842.9         	1.135695e-16
842.95        	1.135695e-16
843           	1.135695e-16
843.05        	1.135695e-16
843.1         	1.135695e-16
843.15        	1.135695e-16
843.2         	1.135695e-16
843.25        	1.135695e-16
843.3         	1.135695e-16
843.35        	1.135695e-16
843.4         	1.135695e-16
843.45        	1.135695e-16
843.5         	1.135695e-16
843.55        	1.135695e-16
843.6         	1.135695e-16
843.65        	1.135695e-16
843.7         	1.135695e-16
843.75        	1.135695e-16
843.8         	1.135695e-16
843.85        	1.135695e-16
843.9         	1.135695e-16
843.95        	1.135695e-16
844           	1.135695e-16
844.05        	1.135695e-16
844.1         	1.135695e-16
844.15        	1.135695e-16
844.2         	1.135695e-16
844.25        	1.135695e-16
844.3         	1.135695e-16
844.35        	1.135695e-16
844.4         	1.135695e-16
844.45        	1.135695e-16
844.5         	1.135695e-16
844.55        	1.135695e-16
844.6         	1.135695e-16
844.65        	1.135695e-16
844.7         	1.135695e-16
844.75        	1.135695e-16
844.8         	1.135695e-16
844.85        	1.135695e-16
844.9         	1.135695e-16
844.95        	1.135695e-16
845           	1.135695e-16
845.05        	1.135695e-16
845.1         	1.135695e-16
845.15        	1.135695e-16
845.2         	1.135695e-16
845.25        	1.135695e-16
845.3         	1.135695e-16
845.35        	1.135695e-16
845.4         	1.135695e-16
845.45        	1.135695e-16
845.5         	1.135695e-16
845.55        	1.135695e-16
845.6         	1.135695e-16
845.65        	1.135695e-16
845.7         	1.135695e-16
845.75        	1.135695e-16
845.8         	1.135695e-16
845.85        	1.135695e-16
845.9         	1.135695e-16
845.95        	1.135695e-16
846           	1.135695e-16
846.05        	1.135695e-16
846.1         	1.135695e-16
846.15        	1.135695e-16
846.2         	1.135695e-16
846.25        	1.135695e-16
846.3         	1.135695e-16
846.35        	1.135695e-16
846.4         	1.135695e-16
846.45        	1.135695e-16
846.5         	1.135695e-16
846.55        	1.135695e-16
846.6         	1.135695e-16
846.65        	1.135695e-16
846.7         	1.135695e-16
846.75        	1.135695e-16
846.8         	1.135695e-16
846.85        	1.135695e-16
846.9         	1.135695e-16
846.95        	1.135695e-16
847           	1.135695e-16
847.05        	1.135695e-16
847.1         	1.135695e-16
847.15        	1.135695e-16
847.2         	1.135695e-16
847.25        	1.135695e-16
847.3         	1.135695e-16
847.35        	1.135695e-16
847.4         	1.135695e-16
847.45        	1.135695e-16
847.5         	1.135695e-16
847.55        	1.135695e-16
847.6         	1.135695e-16
847.65        	1.135695e-16
847.7         	1.135695e-16
847.75        	1.135695e-16
847.8         	1.135695e-16
847.85        	1.135695e-16
847.9         	1.135695e-16
847.95        	1.135695e-16
848           	1.135695e-16
848.05        	1.135695e-16
848.1         	1.135695e-16
848.15        	1.135695e-16
848.2         	1.135695e-16
848.25        	1.135695e-16
848.3         	1.135695e-16
848.35        	1.135695e-16
848.4         	1.135695e-16
848.45        	1.135695e-16
848.5         	1.135695e-16
848.55        	1.135695e-16
848.6         	1.135695e-16
848.65        	1.135695e-16
848.7         	1.135695e-16
848.75        	1.135695e-16
848.8         	1.135695e-16
848.85        	1.135695e-16
848.9         	1.135695e-16
848.95        	1.135695e-16
849           	1.135695e-16
849.05        	1.135695e-16
849.1         	1.135695e-16
849.15        	1.135695e-16
849.2         	1.135695e-16
849.25        	1.135695e-16
849.3         	1.135695e-16
849.35        	1.135695e-16
849.4         	1.135695e-16
849.45        	1.135695e-16
849.5         	1.135695e-16
849.55        	1.135695e-16
849.6         	1.135695e-16
849.65        	1.135695e-16
849.7         	1.135695e-16
849.75        	1.135695e-16
849.8         	1.135695e-16
849.85        	1.135695e-16
849.9         	1.135695e-16
849.95        	1.135695e-16
850           	1.135695e-16
850.05        	1.135695e-16
850.1         	1.135695e-16
850.15        	1.135695e-16
850.2         	1.135695e-16
850.25        	1.135695e-16
850.3         	1.135695e-16
850.35        	1.135695e-16
850.4         	1.135695e-16
850.45        	1.135695e-16
850.5         	1.135695e-16
850.55        	1.135695e-16
850.6         	1.135695e-16
850.65        	1.135695e-16
850.7         	1.135695e-16
850.75        	1.135695e-16
850.8         	1.135695e-16
850.85        	1.135695e-16
850.9         	1.135695e-16
850.95        	1.135695e-16
851           	1.135695e-16
851.05        	1.135695e-16
851.1         	1.135695e-16
851.15        	1.135695e-16
851.2         	1.135695e-16
851.25        	1.135695e-16
851.3         	1.135695e-16
851.35        	1.135695e-16
851.4         	1.135695e-16
851.45        	1.135695e-16
851.5         	1.135695e-16
851.55        	1.135695e-16
851.6         	1.135695e-16
851.65        	1.135695e-16
851.7         	1.135695e-16
851.75        	1.135695e-16
851.8         	1.135695e-16
851.85        	1.135695e-16
851.9         	1.135695e-16
851.95        	1.135695e-16
852           	1.135695e-16
852.05        	1.135695e-16
852.1         	1.135695e-16
852.15        	1.135695e-16
852.2         	1.135695e-16
852.25        	1.135695e-16
852.3         	1.135695e-16
852.35        	1.135695e-16
852.4         	1.135695e-16
852.45        	1.135695e-16
852.5         	1.135695e-16
852.55        	1.135695e-16
852.6         	1.135695e-16
852.65        	1.135695e-16
852.7         	1.135695e-16
852.75        	1.135695e-16
852.8         	1.135695e-16
852.85        	1.135695e-16
852.9         	1.135695e-16
852.95        	1.135695e-16
853           	1.135695e-16
853.05        	1.135695e-16
853.1         	1.135695e-16
853.15        	1.135695e-16
853.2         	1.135695e-16
853.25        	1.135695e-16
853.3         	1.135695e-16
853.35        	1.135695e-16
853.4         	1.135695e-16
853.45        	1.135695e-16
853.5         	1.135695e-16
853.55        	1.135695e-16
853.6         	1.135695e-16
853.65        	1.135695e-16
853.7         	1.135695e-16
853.75        	1.135695e-16
853.8         	1.135695e-16
853.85        	1.135695e-16
853.9         	1.135695e-16
853.95        	1.135695e-16
854           	1.135695e-16
854.05        	1.135695e-16
854.1         	1.135695e-16
854.15        	1.135695e-16
854.2         	1.135695e-16
854.25        	1.135695e-16
854.3         	1.135695e-16
854.35        	1.135695e-16
854.4         	1.135695e-16
854.45        	1.135695e-16
854.5         	1.135695e-16
854.55        	1.135695e-16
854.6         	1.135695e-16
854.65        	1.135695e-16
854.7         	1.135695e-16
854.75        	1.135695e-16
854.8         	1.135695e-16
854.85        	1.135695e-16
854.9         	1.135695e-16
854.95        	1.135695e-16
855           	1.135695e-16
855.05        	1.135695e-16
855.1         	1.135695e-16
855.15        	1.135695e-16
855.2         	1.135695e-16
855.25        	1.135695e-16
855.3         	1.135695e-16
855.35        	1.135695e-16
855.4         	1.135695e-16
855.45        	1.135695e-16
855.5         	1.135695e-16
855.55        	1.135695e-16
855.6         	1.135695e-16
855.65        	1.135695e-16
855.7         	1.135695e-16
855.75        	1.135695e-16
855.8         	1.135695e-16
855.85        	1.135695e-16
855.9         	1.135695e-16
855.95        	1.135695e-16
856           	1.135695e-16
856.05        	1.135695e-16
856.1         	1.135695e-16
856.15        	1.135695e-16
856.2         	1.135695e-16
856.25        	1.135695e-16
856.3         	1.135695e-16
856.35        	1.135695e-16
856.4         	1.135695e-16
856.45        	1.135695e-16
856.5         	1.135695e-16
856.55        	1.135695e-16
856.6         	1.135695e-16
856.65        	1.135695e-16
856.7         	1.135695e-16
856.75        	1.135695e-16
856.8         	1.135695e-16
856.85        	1.135695e-16
856.9         	1.135695e-16
856.95        	1.135695e-16
857           	1.135695e-16
857.05        	1.135695e-16
857.1         	1.135695e-16
857.15        	1.135695e-16
857.2         	1.135695e-16
857.25        	1.135695e-16
857.3         	1.135695e-16
857.35        	1.135695e-16
857.4         	1.135695e-16
857.45        	1.135695e-16
857.5         	1.135695e-16
857.55        	1.135695e-16
857.6         	1.135695e-16
857.65        	1.135695e-16
857.7         	1.135695e-16
857.75        	1.135695e-16
857.8         	1.135695e-16
857.85        	1.135695e-16
857.9         	1.135695e-16
857.95        	1.135695e-16
858           	1.135695e-16
858.05        	1.135695e-16
858.1         	1.135695e-16
858.15        	1.135695e-16
858.2         	1.135695e-16
858.25        	1.135695e-16
858.3         	1.135695e-16
858.35        	1.135695e-16
858.4         	1.135695e-16
858.45        	1.135695e-16
858.5         	1.135695e-16
858.55        	1.135695e-16
858.6         	1.135695e-16
858.65        	1.135695e-16
858.7         	1.135695e-16
858.75        	1.135695e-16
858.8         	1.135695e-16
858.85        	1.135695e-16
858.9         	1.135695e-16
858.95        	1.135695e-16
859           	1.135695e-16
859.05        	1.135695e-16
859.1         	1.135695e-16
859.15        	1.135695e-16
859.2         	1.135695e-16
859.25        	1.135695e-16
859.3         	1.135695e-16
859.35        	1.135695e-16
859.4         	1.135695e-16
859.45        	1.135695e-16
859.5         	1.135695e-16
859.55        	1.135695e-16
859.6         	1.135695e-16
859.65        	1.135695e-16
859.7         	1.135695e-16
859.75        	1.135695e-16
859.8         	1.135695e-16
859.85        	1.135695e-16
859.9         	1.135695e-16
859.95        	1.135695e-16
860           	1.135695e-16
860.05        	1.135695e-16
860.1         	1.135695e-16
860.15        	1.135695e-16
860.2         	1.135695e-16
860.25        	1.135695e-16
860.3         	1.135695e-16
860.35        	1.135695e-16
860.4         	1.135695e-16
860.45        	1.135695e-16
860.5         	1.135695e-16
860.55        	1.135695e-16
860.6         	1.135695e-16
860.65        	1.135695e-16
860.7         	1.135695e-16
860.75        	1.135695e-16
860.8         	1.135695e-16
860.85        	1.135695e-16
860.9         	1.135695e-16
860.95        	1.135695e-16
861           	1.135695e-16
861.05        	1.135695e-16
861.1         	1.135695e-16
861.15        	1.135695e-16
861.2         	1.135695e-16
861.25        	1.135695e-16
861.3         	1.135695e-16
861.35        	1.135695e-16
861.4         	1.135695e-16
861.45        	1.135695e-16
861.5         	1.135695e-16
861.55        	1.135695e-16
861.6         	1.135695e-16
861.65        	1.135695e-16
861.7         	1.135695e-16
861.75        	1.135695e-16
861.8         	1.135695e-16
861.85        	1.135695e-16
861.9         	1.135695e-16
861.95        	1.135695e-16
862           	1.135695e-16
862.05        	1.135695e-16
862.1         	1.135695e-16
862.15        	1.135695e-16
862.2         	1.135695e-16
862.25        	1.135695e-16
862.3         	1.135695e-16
862.35        	1.135695e-16
862.4         	1.135695e-16
862.45        	1.135695e-16
862.5         	1.135695e-16
862.55        	1.135695e-16
862.6         	1.135695e-16
862.65        	1.135695e-16
862.7         	1.135695e-16
862.75        	1.135695e-16
862.8         	1.135695e-16
862.85        	1.135695e-16
862.9         	1.135695e-16
862.95        	1.135695e-16
863           	1.135695e-16
863.05        	1.135695e-16
863.1         	1.135695e-16
863.15        	1.135695e-16
863.2         	1.135695e-16
863.25        	1.135695e-16
863.3         	1.135695e-16
863.35        	1.135695e-16
863.4         	1.135695e-16
863.45        	1.135695e-16
863.5         	1.135695e-16
863.55        	1.135695e-16
863.6         	1.135695e-16
863.65        	1.135695e-16
863.7         	1.135695e-16
863.75        	1.135695e-16
863.8         	1.135695e-16
863.85        	1.135695e-16
863.9         	1.135695e-16
863.95        	1.135695e-16
864           	1.135695e-16
864.05        	1.135695e-16
864.1         	1.135695e-16
864.15        	1.135695e-16
864.2         	1.135695e-16
864.25        	1.135695e-16
864.3         	1.135695e-16
864.35        	1.135695e-16
864.4         	1.135695e-16
864.45        	1.135695e-16
864.5         	1.135695e-16
864.55        	1.135695e-16
864.6         	1.135695e-16
864.65        	1.135695e-16
864.7         	1.135695e-16
864.75        	1.135695e-16
864.8         	1.135695e-16
864.85        	1.135695e-16
864.9         	1.135695e-16
864.95        	1.135695e-16
865           	1.135695e-16
865.05        	1.135695e-16
865.1         	1.135695e-16
865.15        	1.135695e-16
865.2         	1.135695e-16
865.25        	1.135695e-16
865.3         	1.135695e-16
865.35        	1.135695e-16
865.4         	1.135695e-16
865.45        	1.135695e-16
865.5         	1.135695e-16
865.55        	1.135695e-16
865.6         	1.135695e-16
865.65        	1.135695e-16
865.7         	1.135695e-16
865.75        	1.135695e-16
865.8         	1.135695e-16
865.85        	1.135695e-16
865.9         	1.135695e-16
865.95        	1.135695e-16
866           	1.135695e-16
866.05        	1.135695e-16
866.1         	1.135695e-16
866.15        	1.135695e-16
866.2         	1.135695e-16
866.25        	1.135695e-16
866.3         	1.135695e-16
866.35        	1.135695e-16
866.4         	1.135695e-16
866.45        	1.135695e-16
866.5         	1.135695e-16
866.55        	1.135695e-16
866.6         	1.135695e-16
866.65        	1.135695e-16
866.7         	1.135695e-16
866.75        	1.135695e-16
866.8         	1.135695e-16
866.85        	1.135695e-16
866.9         	1.135695e-16
866.95        	1.135695e-16
867           	1.135695e-16
867.05        	1.135695e-16
867.1         	1.135695e-16
867.15        	1.135695e-16
867.2         	1.135695e-16
867.25        	1.135695e-16
867.3         	1.135695e-16
867.35        	1.135695e-16
867.4         	1.135695e-16
867.45        	1.135695e-16
867.5         	1.135695e-16
867.55        	1.135695e-16
867.6         	1.135695e-16
867.65        	1.135695e-16
867.7         	1.135695e-16
867.75        	1.135695e-16
867.8         	1.135695e-16
867.85        	1.135695e-16
867.9         	1.135695e-16
867.95        	1.135695e-16
868           	1.135695e-16
868.05        	1.135695e-16
868.1         	1.135695e-16
868.15        	1.135695e-16
868.2         	1.135695e-16
868.25        	1.135695e-16
868.3         	1.135695e-16
868.35        	1.135695e-16
868.4         	1.135695e-16
868.45        	1.135695e-16
868.5         	1.135695e-16
868.55        	1.135695e-16
868.6         	1.135695e-16
868.65        	1.135695e-16
868.7         	1.135695e-16
868.75        	1.135695e-16
868.8         	1.135695e-16
868.85        	1.135695e-16
868.9         	1.135695e-16
868.95        	1.135695e-16
869           	1.135695e-16
869.05        	1.135695e-16
869.1         	1.135695e-16
869.15        	1.135695e-16
869.2         	1.135695e-16
869.25        	1.135695e-16
869.3         	1.135695e-16
869.35        	1.135695e-16
869.4         	1.135695e-16
869.45        	1.135695e-16
869.5         	1.135695e-16
869.55        	1.135695e-16
869.6         	1.135695e-16
869.65        	1.135695e-16
869.7         	1.135695e-16
869.75        	1.135695e-16
869.8         	1.135695e-16
869.85        	1.135695e-16
869.9         	1.135695e-16
869.95        	1.135695e-16
870           	1.135695e-16
870.05        	1.135695e-16
870.1         	1.135695e-16
870.15        	1.135695e-16
870.2         	1.135695e-16
870.25        	1.135695e-16
870.3         	1.135695e-16
870.35        	1.135695e-16
870.4         	1.135695e-16
870.45        	1.135695e-16
870.5         	1.135695e-16
870.55        	1.135695e-16
870.6         	1.135695e-16
870.65        	1.135695e-16
870.7         	1.135695e-16
870.75        	1.135695e-16
870.8         	1.135695e-16
870.85        	1.135695e-16
870.9         	1.135695e-16
870.95        	1.135695e-16
871           	1.135695e-16
871.05        	1.135695e-16
871.1         	1.135695e-16
871.15        	1.135695e-16
871.2         	1.135695e-16
871.25        	1.135695e-16
871.3         	1.135695e-16
871.35        	1.135695e-16
871.4         	1.135695e-16
871.45        	1.135695e-16
871.5         	1.135695e-16
871.55        	1.135695e-16
871.6         	1.135695e-16
871.65        	1.135695e-16
871.7         	1.135695e-16
871.75        	1.135695e-16
871.8         	1.135695e-16
871.85        	1.135695e-16
871.9         	1.135695e-16
871.95        	1.135695e-16
872           	1.135695e-16
872.05        	1.135695e-16
872.1         	1.135695e-16
872.15        	1.135695e-16
872.2         	1.135695e-16
872.25        	1.135695e-16
872.3         	1.135695e-16
872.35        	1.135695e-16
872.4         	1.135695e-16
872.45        	1.135695e-16
872.5         	1.135695e-16
872.55        	1.135695e-16
872.6         	1.135695e-16
872.65        	1.135695e-16
872.7         	1.135695e-16
872.75        	1.135695e-16
872.8         	1.135695e-16
872.85        	1.135695e-16
872.9         	1.135695e-16
872.95        	1.135695e-16
873           	1.135695e-16
873.05        	1.135695e-16
873.1         	1.135695e-16
873.15        	1.135695e-16
873.2         	1.135695e-16
873.25        	1.135695e-16
873.3         	1.135695e-16
873.35        	1.135695e-16
873.4         	1.135695e-16
873.45        	1.135695e-16
873.5         	1.135695e-16
873.55        	1.135695e-16
873.6         	1.135695e-16
873.65        	1.135695e-16
873.7         	1.135695e-16
873.75        	1.135695e-16
873.8         	1.135695e-16
873.85        	1.135695e-16
873.9         	1.135695e-16
873.95        	1.135695e-16
874           	1.135695e-16
874.05        	1.135695e-16
874.1         	1.135695e-16
874.15        	1.135695e-16
874.2         	1.135695e-16
874.25        	1.135695e-16
874.3         	1.135695e-16
874.35        	1.135695e-16
874.4         	1.135695e-16
874.45        	1.135695e-16
874.5         	1.135695e-16
874.55        	1.135695e-16
874.6         	1.135695e-16
874.65        	1.135695e-16
874.7         	1.135695e-16
874.75        	1.135695e-16
874.8         	1.135695e-16
874.85        	1.135695e-16
874.9         	1.135695e-16
874.95        	1.135695e-16
875           	1.135695e-16
875.05        	1.135695e-16
875.1         	1.135695e-16
875.15        	1.135695e-16
875.2         	1.135695e-16
875.25        	1.135695e-16
875.3         	1.135695e-16
875.35        	1.135695e-16
875.4         	1.135695e-16
875.45        	1.135695e-16
875.5         	1.135695e-16
875.55        	1.135695e-16
875.6         	1.135695e-16
875.65        	1.135695e-16
875.7         	1.135695e-16
875.75        	1.135695e-16
875.8         	1.135695e-16
875.85        	1.135695e-16
875.9         	1.135695e-16
875.95        	1.135695e-16
876           	1.135695e-16
876.05        	1.135695e-16
876.1         	1.135695e-16
876.15        	1.135695e-16
876.2         	1.135695e-16
876.25        	1.135695e-16
876.3         	1.135695e-16
876.35        	1.135695e-16
876.4         	1.135695e-16
876.45        	1.135695e-16
876.5         	1.135695e-16
876.55        	1.135695e-16
876.6         	1.135695e-16
876.65        	1.135695e-16
876.7         	1.135695e-16
876.75        	1.135695e-16
876.8         	1.135695e-16
876.85        	1.135695e-16
876.9         	1.135695e-16
876.95        	1.135695e-16
877           	1.135695e-16
877.05        	1.135695e-16
877.1         	1.135695e-16
877.15        	1.135695e-16
877.2         	1.135695e-16
877.25        	1.135695e-16
877.3         	1.135695e-16
877.35        	1.135695e-16
877.4         	1.135695e-16
877.45        	1.135695e-16
877.5         	1.135695e-16
877.55        	1.135695e-16
877.6         	1.135695e-16
877.65        	1.135695e-16
877.7         	1.135695e-16
877.75        	1.135695e-16
877.8         	1.135695e-16
877.85        	1.135695e-16
877.9         	1.135695e-16
877.95        	1.135695e-16
878           	1.135695e-16
878.05        	1.135695e-16
878.1         	1.135695e-16
878.15        	1.135695e-16
878.2         	1.135695e-16
878.25        	1.135695e-16
878.3         	1.135695e-16
878.35        	1.135695e-16
878.4         	1.135695e-16
878.45        	1.135695e-16
878.5         	1.135695e-16
878.55        	1.135695e-16
878.6         	1.135695e-16
878.65        	1.135695e-16
878.7         	1.135695e-16
878.75        	1.135695e-16
878.8         	1.135695e-16
878.85        	1.135695e-16
878.9         	1.135695e-16
878.95        	1.135695e-16
879           	1.135695e-16
879.05        	1.135695e-16
879.1         	1.135695e-16
879.15        	1.135695e-16
879.2         	1.135695e-16
879.25        	1.135695e-16
879.3         	1.135695e-16
879.35        	1.135695e-16
879.4         	1.135695e-16
879.45        	1.135695e-16
879.5         	1.135695e-16
879.55        	1.135695e-16
879.6         	1.135695e-16
879.65        	1.135695e-16
879.7         	1.135695e-16
879.75        	1.135695e-16
879.8         	1.135695e-16
879.85        	1.135695e-16
879.9         	1.135695e-16
879.95        	1.135695e-16
880           	1.135695e-16
880.05        	1.135695e-16
880.1         	1.135695e-16
880.15        	1.135695e-16
880.2         	1.135695e-16
880.25        	1.135695e-16
880.3         	1.135695e-16
880.35        	1.135695e-16
880.4         	1.135695e-16
880.45        	1.135695e-16
880.5         	1.135695e-16
880.55        	1.135695e-16
880.6         	1.135695e-16
880.65        	1.135695e-16
880.7         	1.135695e-16
880.75        	1.135695e-16
880.8         	1.135695e-16
880.85        	1.135695e-16
880.9         	1.135695e-16
880.95        	1.135695e-16
881           	1.135695e-16
881.05        	1.135695e-16
881.1         	1.135695e-16
881.15        	1.135695e-16
881.2         	1.135695e-16
881.25        	1.135695e-16
881.3         	1.135695e-16
881.35        	1.135695e-16
881.4         	1.135695e-16
881.45        	1.135695e-16
881.5         	1.135695e-16
881.55        	1.135695e-16
881.6         	1.135695e-16
881.65        	1.135695e-16
881.7         	1.135695e-16
881.75        	1.135695e-16
881.8         	1.135695e-16
881.85        	1.135695e-16
881.9         	1.135695e-16
881.95        	1.135695e-16
882           	1.135695e-16
882.05        	1.135695e-16
882.1         	1.135695e-16
882.15        	1.135695e-16
882.2         	1.135695e-16
882.25        	1.135695e-16
882.3         	1.135695e-16
882.35        	1.135695e-16
882.4         	1.135695e-16
882.45        	1.135695e-16
882.5         	1.135695e-16
882.55        	1.135695e-16
882.6         	1.135695e-16
882.65        	1.135695e-16
882.7         	1.135695e-16
882.75        	1.135695e-16
882.8         	1.135695e-16
882.85        	1.135695e-16
882.9         	1.135695e-16
882.95        	1.135695e-16
883           	1.135695e-16
883.05        	1.135695e-16
883.1         	1.135695e-16
883.15        	1.135695e-16
883.2         	1.135695e-16
883.25        	1.135695e-16
883.3         	1.135695e-16
883.35        	1.135695e-16
883.4         	1.135695e-16
883.45        	1.135695e-16
883.5         	1.135695e-16
883.55        	1.135695e-16
883.6         	1.135695e-16
883.65        	1.135695e-16
883.7         	1.135695e-16
883.75        	1.135695e-16
883.8         	1.135695e-16
883.85        	1.135695e-16
883.9         	1.135695e-16
883.95        	1.135695e-16
884           	1.135695e-16
884.05        	1.135695e-16
884.1         	1.135695e-16
884.15        	1.135695e-16
884.2         	1.135695e-16
884.25        	1.135695e-16
884.3         	1.135695e-16
884.35        	1.135695e-16
884.4         	1.135695e-16
884.45        	1.135695e-16
884.5         	1.135695e-16
884.55        	1.135695e-16
884.6         	1.135695e-16
884.65        	1.135695e-16
884.7         	1.135695e-16
884.75        	1.135695e-16
884.8         	1.135695e-16
884.85        	1.135695e-16
884.9         	1.135695e-16
884.95        	1.135695e-16
885           	1.135695e-16
885.05        	1.135695e-16
885.1         	1.135695e-16
885.15        	1.135695e-16
885.2         	1.135695e-16
885.25        	1.135695e-16
885.3         	1.135695e-16
885.35        	1.135695e-16
885.4         	1.135695e-16
885.45        	1.135695e-16
885.5         	1.135695e-16
885.55        	1.135695e-16
885.6         	1.135695e-16
885.65        	1.135695e-16
885.7         	1.135695e-16
885.75        	1.135695e-16
885.8         	1.135695e-16
885.85        	1.135695e-16
885.9         	1.135695e-16
885.95        	1.135695e-16
886           	1.135695e-16
886.05        	1.135695e-16
886.1         	1.135695e-16
886.15        	1.135695e-16
886.2         	1.135695e-16
886.25        	1.135695e-16
886.3         	1.135695e-16
886.35        	1.135695e-16
886.4         	1.135695e-16
886.45        	1.135695e-16
886.5         	1.135695e-16
886.55        	1.135695e-16
886.6         	1.135695e-16
886.65        	1.135695e-16
886.7         	1.135695e-16
886.75        	1.135695e-16
886.8         	1.135695e-16
886.85        	1.135695e-16
886.9         	1.135695e-16
886.95        	1.135695e-16
887           	1.135695e-16
887.05        	1.135695e-16
887.1         	1.135695e-16
887.15        	1.135695e-16
887.2         	1.135695e-16
887.25        	1.135695e-16
887.3         	1.135695e-16
887.35        	1.135695e-16
887.4         	1.135695e-16
887.45        	1.135695e-16
887.5         	1.135695e-16
887.55        	1.135695e-16
887.6         	1.135695e-16
887.65        	1.135695e-16
887.7         	1.135695e-16
887.75        	1.135695e-16
887.8         	1.135695e-16
887.85        	1.135695e-16
887.9         	1.135695e-16
887.95        	1.135695e-16
888           	1.135695e-16
888.05        	1.135695e-16
888.1         	1.135695e-16
888.15        	1.135695e-16
888.2         	1.135695e-16
888.25        	1.135695e-16
888.3         	1.135695e-16
888.35        	1.135695e-16
888.4         	1.135695e-16
888.45        	1.135695e-16
888.5         	1.135695e-16
888.55        	1.135695e-16
888.6         	1.135695e-16
888.65        	1.135695e-16
888.7         	1.135695e-16
888.75        	1.135695e-16
888.8         	1.135695e-16
888.85        	1.135695e-16
888.9         	1.135695e-16
888.95        	1.135695e-16
889           	1.135695e-16
889.05        	1.135695e-16
889.1         	1.135695e-16
889.15        	1.135695e-16
889.2         	1.135695e-16
889.25        	1.135695e-16
889.3         	1.135695e-16
889.35        	1.135695e-16
889.4         	1.135695e-16
889.45        	1.135695e-16
889.5         	1.135695e-16
889.55        	1.135695e-16
889.6         	1.135695e-16
889.65        	1.135695e-16
889.7         	1.135695e-16
889.75        	1.135695e-16
889.8         	1.135695e-16
889.85        	1.135695e-16
889.9         	1.135695e-16
889.95        	1.135695e-16
890           	1.135695e-16
890.05        	1.135695e-16
890.1         	1.135695e-16
890.15        	1.135695e-16
890.2         	1.135695e-16
890.25        	1.135695e-16
890.3         	1.135695e-16
890.35        	1.135695e-16
890.4         	1.135695e-16
890.45        	1.135695e-16
890.5         	1.135695e-16
890.55        	1.135695e-16
890.6         	1.135695e-16
890.65        	1.135695e-16
890.7         	1.135695e-16
890.75        	1.135695e-16
890.8         	1.135695e-16
890.85        	1.135695e-16
890.9         	1.135695e-16
890.95        	1.135695e-16
891           	1.135695e-16
891.05        	1.135695e-16
891.1         	1.135695e-16
891.15        	1.135695e-16
891.2         	1.135695e-16
891.25        	1.135695e-16
891.3         	1.135695e-16
891.35        	1.135695e-16
891.4         	1.135695e-16
891.45        	1.135695e-16
891.5         	1.135695e-16
891.55        	1.135695e-16
891.6         	1.135695e-16
891.65        	1.135695e-16
891.7         	1.135695e-16
891.75        	1.135695e-16
891.8         	1.135695e-16
891.85        	1.135695e-16
891.9         	1.135695e-16
891.95        	1.135695e-16
892           	1.135695e-16
892.05        	1.135695e-16
892.1         	1.135695e-16
892.15        	1.135695e-16
892.2         	1.135695e-16
892.25        	1.135695e-16
892.3         	1.135695e-16
892.35        	1.135695e-16
892.4         	1.135695e-16
892.45        	1.135695e-16
892.5         	1.135695e-16
892.55        	1.135695e-16
892.6         	1.135695e-16
892.65        	1.135695e-16
892.7         	1.135695e-16
892.75        	1.135695e-16
892.8         	1.135695e-16
892.85        	1.135695e-16
892.9         	1.135695e-16
892.95        	1.135695e-16
893           	1.135695e-16
893.05        	1.135695e-16
893.1         	1.135695e-16
893.15        	1.135695e-16
893.2         	1.135695e-16
893.25        	1.135695e-16
893.3         	1.135695e-16
893.35        	1.135695e-16
893.4         	1.135695e-16
893.45        	1.135695e-16
893.5         	1.135695e-16
893.55        	1.135695e-16
893.6         	1.135695e-16
893.65        	1.135695e-16
893.7         	1.135695e-16
893.75        	1.135695e-16
893.8         	1.135695e-16
893.85        	1.135695e-16
893.9         	1.135695e-16
893.95        	1.135695e-16
894           	1.135695e-16
894.05        	1.135695e-16
894.1         	1.135695e-16
894.15        	1.135695e-16
894.2         	1.135695e-16
894.25        	1.135695e-16
894.3         	1.135695e-16
894.35        	1.135695e-16
894.4         	1.135695e-16
894.45        	1.135695e-16
894.5         	1.135695e-16
894.55        	1.135695e-16
894.6         	1.135695e-16
894.65        	1.135695e-16
894.7         	1.135695e-16
894.75        	1.135695e-16
894.8         	1.135695e-16
894.85        	1.135695e-16
894.9         	1.135695e-16
894.95        	1.135695e-16
895           	1.135695e-16
895.05        	1.135695e-16
895.1         	1.135695e-16
895.15        	1.135695e-16
895.2         	1.135695e-16
895.25        	1.135695e-16
895.3         	1.135695e-16
895.35        	1.135695e-16
895.4         	1.135695e-16
895.45        	1.135695e-16
895.5         	1.135695e-16
895.55        	1.135695e-16
895.6         	1.135695e-16
895.65        	1.135695e-16
895.7         	1.135695e-16
895.75        	1.135695e-16
895.8         	1.135695e-16
895.85        	1.135695e-16
895.9         	1.135695e-16
895.95        	1.135695e-16
896           	1.135695e-16
896.05        	1.135695e-16
896.1         	1.135695e-16
896.15        	1.135695e-16
896.2         	1.135695e-16
896.25        	1.135695e-16
896.3         	1.135695e-16
896.35        	1.135695e-16
896.4         	1.135695e-16
896.45        	1.135695e-16
896.5         	1.135695e-16
896.55        	1.135695e-16
896.6         	1.135695e-16
896.65        	1.135695e-16
896.7         	1.135695e-16
896.75        	1.135695e-16
896.8         	1.135695e-16
896.85        	1.135695e-16
896.9         	1.135695e-16
896.95        	1.135695e-16
897           	1.135695e-16
897.05        	1.135695e-16
897.1         	1.135695e-16
897.15        	1.135695e-16
897.2         	1.135695e-16
897.25        	1.135695e-16
897.3         	1.135695e-16
897.35        	1.135695e-16
897.4         	1.135695e-16
897.45        	1.135695e-16
897.5         	1.135695e-16
897.55        	1.135695e-16
897.6         	1.135695e-16
897.65        	1.135695e-16
897.7         	1.135695e-16
897.75        	1.135695e-16
897.8         	1.135695e-16
897.85        	1.135695e-16
897.9         	1.135695e-16
897.95        	1.135695e-16
898           	1.135695e-16
898.05        	1.135695e-16
898.1         	1.135695e-16
898.15        	1.135695e-16
898.2         	1.135695e-16
898.25        	1.135695e-16
898.3         	1.135695e-16
898.35        	1.135695e-16
898.4         	1.135695e-16
898.45        	1.135695e-16
898.5         	1.135695e-16
898.55        	1.135695e-16
898.6         	1.135695e-16
898.65        	1.135695e-16
898.7         	1.135695e-16
898.75        	1.135695e-16
898.8         	1.135695e-16
898.85        	1.135695e-16
898.9         	1.135695e-16
898.95        	1.135695e-16
899           	1.135695e-16
899.05        	1.135695e-16
899.1         	1.135695e-16
899.15        	1.135695e-16
899.2         	1.135695e-16
899.25        	1.135695e-16
899.3         	1.135695e-16
899.35        	1.135695e-16
899.4         	1.135695e-16
899.45        	1.135695e-16
899.5         	1.135695e-16
899.55        	1.135695e-16
899.6         	1.135695e-16
899.65        	1.135695e-16
899.7         	1.135695e-16
899.75        	1.135695e-16
899.8         	1.135695e-16
899.85        	1.135695e-16
899.9         	1.135695e-16
899.95        	1.135695e-16
900           	1.135695e-16
900.05        	1.135695e-16
900.1         	1.135695e-16
900.15        	1.135695e-16
900.2         	1.135695e-16
900.25        	1.135695e-16
900.3         	1.135695e-16
900.35        	1.135695e-16
900.4         	1.135695e-16
900.45        	1.135695e-16
900.5         	1.135695e-16
900.55        	1.135695e-16
900.6         	1.135695e-16
900.65        	1.135695e-16
900.7         	1.135695e-16
900.75        	1.135695e-16
900.8         	1.135695e-16
900.85        	1.135695e-16
900.9         	1.135695e-16
900.95        	1.135695e-16
901           	1.135695e-16
901.05        	1.135695e-16
901.1         	1.135695e-16
901.15        	1.135695e-16
901.2         	1.135695e-16
901.25        	1.135695e-16
901.3         	1.135695e-16
901.35        	1.135695e-16
901.4         	1.135695e-16
901.45        	1.135695e-16
901.5         	1.135695e-16
901.55        	1.135695e-16
901.6         	1.135695e-16
901.65        	1.135695e-16
901.7         	1.135695e-16
901.75        	1.135695e-16
901.8         	1.135695e-16
901.85        	1.135695e-16
901.9         	1.135695e-16
901.95        	1.135695e-16
902           	1.135695e-16
902.05        	1.135695e-16
902.1         	1.135695e-16
902.15        	1.135695e-16
902.2         	1.135695e-16
902.25        	1.135695e-16
902.3         	1.135695e-16
902.35        	1.135695e-16
902.4         	1.135695e-16
902.45        	1.135695e-16
902.5         	1.135695e-16
902.55        	1.135695e-16
902.6         	1.135695e-16
902.65        	1.135695e-16
902.7         	1.135695e-16
902.75        	1.135695e-16
902.8         	1.135695e-16
902.85        	1.135695e-16
902.9         	1.135695e-16
902.95        	1.135695e-16
903           	1.135695e-16
903.05        	1.135695e-16
903.1         	1.135695e-16
903.15        	1.135695e-16
903.2         	1.135695e-16
903.25        	1.135695e-16
903.3         	1.135695e-16
903.35        	1.135695e-16
903.4         	1.135695e-16
903.45        	1.135695e-16
903.5         	1.135695e-16
903.55        	1.135695e-16
903.6         	1.135695e-16
903.65        	1.135695e-16
903.7         	1.135695e-16
903.75        	1.135695e-16
903.8         	1.135695e-16
903.85        	1.135695e-16
903.9         	1.135695e-16
903.95        	1.135695e-16
904           	1.135695e-16
904.05        	1.135695e-16
904.1         	1.135695e-16
904.15        	1.135695e-16
904.2         	1.135695e-16
904.25        	1.135695e-16
904.3         	1.135695e-16
904.35        	1.135695e-16
904.4         	1.135695e-16
904.45        	1.135695e-16
904.5         	1.135695e-16
904.55        	1.135695e-16
904.6         	1.135695e-16
904.65        	1.135695e-16
904.7         	1.135695e-16
904.75        	1.135695e-16
904.8         	1.135695e-16
904.85        	1.135695e-16
904.9         	1.135695e-16
904.95        	1.135695e-16
905           	1.135695e-16
905.05        	1.135695e-16
905.1         	1.135695e-16
905.15        	1.135695e-16
905.2         	1.135695e-16
905.25        	1.135695e-16
905.3         	1.135695e-16
905.35        	1.135695e-16
905.4         	1.135695e-16
905.45        	1.135695e-16
905.5         	1.135695e-16
905.55        	1.135695e-16
905.6         	1.135695e-16
905.65        	1.135695e-16
905.7         	1.135695e-16
905.75        	1.135695e-16
905.8         	1.135695e-16
905.85        	1.135695e-16
905.9         	1.135695e-16
905.95        	1.135695e-16
906           	1.135695e-16
906.05        	1.135695e-16
906.1         	1.135695e-16
906.15        	1.135695e-16
906.2         	1.135695e-16
906.25        	1.135695e-16
906.3         	1.135695e-16
906.35        	1.135695e-16
906.4         	1.135695e-16
906.45        	1.135695e-16
906.5         	1.135695e-16
906.55        	1.135695e-16
906.6         	1.135695e-16
906.65        	1.135695e-16
906.7         	1.135695e-16
906.75        	1.135695e-16
906.8         	1.135695e-16
906.85        	1.135695e-16
906.9         	1.135695e-16
906.95        	1.135695e-16
907           	1.135695e-16
907.05        	1.135695e-16
907.1         	1.135695e-16
907.15        	1.135695e-16
907.2         	1.135695e-16
907.25        	1.135695e-16
907.3         	1.135695e-16
907.35        	1.135695e-16
907.4         	1.135695e-16
907.45        	1.135695e-16
907.5         	1.135695e-16
907.55        	1.135695e-16
907.6         	1.135695e-16
907.65        	1.135695e-16
907.7         	1.135695e-16
907.75        	1.135695e-16
907.8         	1.135695e-16
907.85        	1.135695e-16
907.9         	1.135695e-16
907.95        	1.135695e-16
908           	1.135695e-16
908.05        	1.135695e-16
908.1         	1.135695e-16
908.15        	1.135695e-16
908.2         	1.135695e-16
908.25        	1.135695e-16
908.3         	1.135695e-16
908.35        	1.135695e-16
908.4         	1.135695e-16
908.45        	1.135695e-16
908.5         	1.135695e-16
908.55        	1.135695e-16
908.6         	1.135695e-16
908.65        	1.135695e-16
908.7         	1.135695e-16
908.75        	1.135695e-16
908.8         	1.135695e-16
908.85        	1.135695e-16
908.9         	1.135695e-16
908.95        	1.135695e-16
909           	1.135695e-16
909.05        	1.135695e-16
909.1         	1.135695e-16
909.15        	1.135695e-16
909.2         	1.135695e-16
909.25        	1.135695e-16
909.3         	1.135695e-16
909.35        	1.135695e-16
909.4         	1.135695e-16
909.45        	1.135695e-16
909.5         	1.135695e-16
909.55        	1.135695e-16
909.6         	1.135695e-16
909.65        	1.135695e-16
909.7         	1.135695e-16
909.75        	1.135695e-16
909.8         	1.135695e-16
909.85        	1.135695e-16
909.9         	1.135695e-16
909.95        	1.135695e-16
910           	1.135695e-16
910.05        	1.135695e-16
910.1         	1.135695e-16
910.15        	1.135695e-16
910.2         	1.135695e-16
910.25        	1.135695e-16
910.3         	1.135695e-16
910.35        	1.135695e-16
910.4         	1.135695e-16
910.45        	1.135695e-16
910.5         	1.135695e-16
910.55        	1.135695e-16
910.6         	1.135695e-16
910.65        	1.135695e-16
910.7         	1.135695e-16
910.75        	1.135695e-16
910.8         	1.135695e-16
910.85        	1.135695e-16
910.9         	1.135695e-16
910.95        	1.135695e-16
911           	1.135695e-16
911.05        	1.135695e-16
911.1         	1.135695e-16
911.15        	1.135695e-16
911.2         	1.135695e-16
911.25        	1.135695e-16
911.3         	1.135695e-16
911.35        	1.135695e-16
911.4         	1.135695e-16
911.45        	1.135695e-16
911.5         	1.135695e-16
911.55        	1.135695e-16
911.6         	1.135695e-16
911.65        	1.135695e-16
911.7         	1.135695e-16
911.75        	1.135695e-16
911.8         	1.135695e-16
911.85        	1.135695e-16
911.9         	1.135695e-16
911.95        	1.135695e-16
912           	1.135695e-16
912.05        	1.135695e-16
912.1         	1.135695e-16
912.15        	1.135695e-16
912.2         	1.135695e-16
912.25        	1.135695e-16
912.3         	1.135695e-16
912.35        	1.135695e-16
912.4         	1.135695e-16
912.45        	1.135695e-16
912.5         	1.135695e-16
912.55        	1.135695e-16
912.6         	1.135695e-16
912.65        	1.135695e-16
912.7         	1.135695e-16
912.75        	1.135695e-16
912.8         	1.135695e-16
912.85        	1.135695e-16
912.9         	1.135695e-16
912.95        	1.135695e-16
913           	1.135695e-16
913.05        	1.135695e-16
913.1         	1.135695e-16
913.15        	1.135695e-16
913.2         	1.135695e-16
913.25        	1.135695e-16
913.3         	1.135695e-16
913.35        	1.135695e-16
913.4         	1.135695e-16
913.45        	1.135695e-16
913.5         	1.135695e-16
913.55        	1.135695e-16
913.6         	1.135695e-16
913.65        	1.135695e-16
913.7         	1.135695e-16
913.75        	1.135695e-16
913.8         	1.135695e-16
913.85        	1.135695e-16
913.9         	1.135695e-16
913.95        	1.135695e-16
914           	1.135695e-16
914.05        	1.135695e-16
914.1         	1.135695e-16
914.15        	1.135695e-16
914.2         	1.135695e-16
914.25        	1.135695e-16
914.3         	1.135695e-16
914.35        	1.135695e-16
914.4         	1.135695e-16
914.45        	1.135695e-16
914.5         	1.135695e-16
914.55        	1.135695e-16
914.6         	1.135695e-16
914.65        	1.135695e-16
914.7         	1.135695e-16
914.75        	1.135695e-16
914.8         	1.135695e-16
914.85        	1.135695e-16
914.9         	1.135695e-16
914.95        	1.135695e-16
915           	1.135695e-16
915.05        	1.135695e-16
915.1         	1.135695e-16
915.15        	1.135695e-16
915.2         	1.135695e-16
915.25        	1.135695e-16
915.3         	1.135695e-16
915.35        	1.135695e-16
915.4         	1.135695e-16
915.45        	1.135695e-16
915.5         	1.135695e-16
915.55        	1.135695e-16
915.6         	1.135695e-16
915.65        	1.135695e-16
915.7         	1.135695e-16
915.75        	1.135695e-16
915.8         	1.135695e-16
915.85        	1.135695e-16
915.9         	1.135695e-16
915.95        	1.135695e-16
916           	1.135695e-16
916.05        	1.135695e-16
916.1         	1.135695e-16
916.15        	1.135695e-16
916.2         	1.135695e-16
916.25        	1.135695e-16
916.3         	1.135695e-16
916.35        	1.135695e-16
916.4         	1.135695e-16
916.45        	1.135695e-16
916.5         	1.135695e-16
916.55        	1.135695e-16
916.6         	1.135695e-16
916.65        	1.135695e-16
916.7         	1.135695e-16
916.75        	1.135695e-16
916.8         	1.135695e-16
916.85        	1.135695e-16
916.9         	1.135695e-16
916.95        	1.135695e-16
917           	1.135695e-16
917.05        	1.135695e-16
917.1         	1.135695e-16
917.15        	1.135695e-16
917.2         	1.135695e-16
917.25        	1.135695e-16
917.3         	1.135695e-16
917.35        	1.135695e-16
917.4         	1.135695e-16
917.45        	1.135695e-16
917.5         	1.135695e-16
917.55        	1.135695e-16
917.6         	1.135695e-16
917.65        	1.135695e-16
917.7         	1.135695e-16
917.75        	1.135695e-16
917.8         	1.135695e-16
917.85        	1.135695e-16
917.9         	1.135695e-16
917.95        	1.135695e-16
918           	1.135695e-16
918.05        	1.135695e-16
918.1         	1.135695e-16
918.15        	1.135695e-16
918.2         	1.135695e-16
918.25        	1.135695e-16
918.3         	1.135695e-16
918.35        	1.135695e-16
918.4         	1.135695e-16
918.45        	1.135695e-16
918.5         	1.135695e-16
918.55        	1.135695e-16
918.6         	1.135695e-16
918.65        	1.135695e-16
918.7         	1.135695e-16
918.75        	1.135695e-16
918.8         	1.135695e-16
918.85        	1.135695e-16
918.9         	1.135695e-16
918.95        	1.135695e-16
919           	1.135695e-16
919.05        	1.135695e-16
919.1         	1.135695e-16
919.15        	1.135695e-16
919.2         	1.135695e-16
919.25        	1.135695e-16
919.3         	1.135695e-16
919.35        	1.135695e-16
919.4         	1.135695e-16
919.45        	1.135695e-16
919.5         	1.135695e-16
919.55        	1.135695e-16
919.6         	1.135695e-16
919.65        	1.135695e-16
919.7         	1.135695e-16
919.75        	1.135695e-16
919.8         	1.135695e-16
919.85        	1.135695e-16
919.9         	1.135695e-16
919.95        	1.135695e-16
920           	1.135695e-16
920.05        	1.135695e-16
920.1         	1.135695e-16
920.15        	1.135695e-16
920.2         	1.135695e-16
920.25        	1.135695e-16
920.3         	1.135695e-16
920.35        	1.135695e-16
920.4         	1.135695e-16
920.45        	1.135695e-16
920.5         	1.135695e-16
920.55        	1.135695e-16
920.6         	1.135695e-16
920.65        	1.135695e-16
920.7         	1.135695e-16
920.75        	1.135695e-16
920.8         	1.135695e-16
920.85        	1.135695e-16
920.9         	1.135695e-16
920.95        	1.135695e-16
921           	1.135695e-16
921.05        	1.135695e-16
921.1         	1.135695e-16
921.15        	1.135695e-16
921.2         	1.135695e-16
921.25        	1.135695e-16
921.3         	1.135695e-16
921.35        	1.135695e-16
921.4         	1.135695e-16
921.45        	1.135695e-16
921.5         	1.135695e-16
921.55        	1.135695e-16
921.6         	1.135695e-16
921.65        	1.135695e-16
921.7         	1.135695e-16
921.75        	1.135695e-16
921.8         	1.135695e-16
921.85        	1.135695e-16
921.9         	1.135695e-16
921.95        	1.135695e-16
922           	1.135695e-16
922.05        	1.135695e-16
922.1         	1.135695e-16
922.15        	1.135695e-16
922.2         	1.135695e-16
922.25        	1.135695e-16
922.3         	1.135695e-16
922.35        	1.135695e-16
922.4         	1.135695e-16
922.45        	1.135695e-16
922.5         	1.135695e-16
922.55        	1.135695e-16
922.6         	1.135695e-16
922.65        	1.135695e-16
922.7         	1.135695e-16
922.75        	1.135695e-16
922.8         	1.135695e-16
922.85        	1.135695e-16
922.9         	1.135695e-16
922.95        	1.135695e-16
923           	1.135695e-16
923.05        	1.135695e-16
923.1         	1.135695e-16
923.15        	1.135695e-16
923.2         	1.135695e-16
923.25        	1.135695e-16
923.3         	1.135695e-16
923.35        	1.135695e-16
923.4         	1.135695e-16
923.45        	1.135695e-16
923.5         	1.135695e-16
923.55        	1.135695e-16
923.6         	1.135695e-16
923.65        	1.135695e-16
923.7         	1.135695e-16
923.75        	1.135695e-16
923.8         	1.135695e-16
923.85        	1.135695e-16
923.9         	1.135695e-16
923.95        	1.135695e-16
924           	1.135695e-16
924.05        	1.135695e-16
924.1         	1.135695e-16
924.15        	1.135695e-16
924.2         	1.135695e-16
924.25        	1.135695e-16
924.3         	1.135695e-16
924.35        	1.135695e-16
924.4         	1.135695e-16
924.45        	1.135695e-16
924.5         	1.135695e-16
924.55        	1.135695e-16
924.6         	1.135695e-16
924.65        	1.135695e-16
924.7         	1.135695e-16
924.75        	1.135695e-16
924.8         	1.135695e-16
924.85        	1.135695e-16
924.9         	1.135695e-16
924.95        	1.135695e-16
925           	1.135695e-16
925.05        	1.135695e-16
925.1         	1.135695e-16
925.15        	1.135695e-16
925.2         	1.135695e-16
925.25        	1.135695e-16
925.3         	1.135695e-16
925.35        	1.135695e-16
925.4         	1.135695e-16
925.45        	1.135695e-16
925.5         	1.135695e-16
925.55        	1.135695e-16
925.6         	1.135695e-16
925.65        	1.135695e-16
925.7         	1.135695e-16
925.75        	1.135695e-16
925.8         	1.135695e-16
925.85        	1.135695e-16
925.9         	1.135695e-16
925.95        	1.135695e-16
926           	1.135695e-16
926.05        	1.135695e-16
926.1         	1.135695e-16
926.15        	1.135695e-16
926.2         	1.135695e-16
926.25        	1.135695e-16
926.3         	1.135695e-16
926.35        	1.135695e-16
926.4         	1.135695e-16
926.45        	1.135695e-16
926.5         	1.135695e-16
926.55        	1.135695e-16
926.6         	1.135695e-16
926.65        	1.135695e-16
926.7         	1.135695e-16
926.75        	1.135695e-16
926.8         	1.135695e-16
926.85        	1.135695e-16
926.9         	1.135695e-16
926.95        	1.135695e-16
927           	1.135695e-16
927.05        	1.135695e-16
927.1         	1.135695e-16
927.15        	1.135695e-16
927.2         	1.135695e-16
927.25        	1.135695e-16
927.3         	1.135695e-16
927.35        	1.135695e-16
927.4         	1.135695e-16
927.45        	1.135695e-16
927.5         	1.135695e-16
927.55        	1.135695e-16
927.6         	1.135695e-16
927.65        	1.135695e-16
927.7         	1.135695e-16
927.75        	1.135695e-16
927.8         	1.135695e-16
927.85        	1.135695e-16
927.9         	1.135695e-16
927.95        	1.135695e-16
928           	1.135695e-16
928.05        	1.135695e-16
928.1         	1.135695e-16
928.15        	1.135695e-16
928.2         	1.135695e-16
928.25        	1.135695e-16
928.3         	1.135695e-16
928.35        	1.135695e-16
928.4         	1.135695e-16
928.45        	1.135695e-16
928.5         	1.135695e-16
928.55        	1.135695e-16
928.6         	1.135695e-16
928.65        	1.135695e-16
928.7         	1.135695e-16
928.75        	1.135695e-16
928.8         	1.135695e-16
928.85        	1.135695e-16
928.9         	1.135695e-16
928.95        	1.135695e-16
929           	1.135695e-16
929.05        	1.135695e-16
929.1         	1.135695e-16
929.15        	1.135695e-16
929.2         	1.135695e-16
929.25        	1.135695e-16
929.3         	1.135695e-16
929.35        	1.135695e-16
929.4         	1.135695e-16
929.45        	1.135695e-16
929.5         	1.135695e-16
929.55        	1.135695e-16
929.6         	1.135695e-16
929.65        	1.135695e-16
929.7         	1.135695e-16
929.75        	1.135695e-16
929.8         	1.135695e-16
929.85        	1.135695e-16
929.9         	1.135695e-16
929.95        	1.135695e-16
930           	1.135695e-16
930.05        	1.135695e-16
930.1         	1.135695e-16
930.15        	1.135695e-16
930.2         	1.135695e-16
930.25        	1.135695e-16
930.3         	1.135695e-16
930.35        	1.135695e-16
930.4         	1.135695e-16
930.45        	1.135695e-16
930.5         	1.135695e-16
930.55        	1.135695e-16
930.6         	1.135695e-16
930.65        	1.135695e-16
930.7         	1.135695e-16
930.75        	1.135695e-16
930.8         	1.135695e-16
930.85        	1.135695e-16
930.9         	1.135695e-16
930.95        	1.135695e-16
931           	1.135695e-16
931.05        	1.135695e-16
931.1         	1.135695e-16
931.15        	1.135695e-16
931.2         	1.135695e-16
931.25        	1.135695e-16
931.3         	1.135695e-16
931.35        	1.135695e-16
931.4         	1.135695e-16
931.45        	1.135695e-16
931.5         	1.135695e-16
931.55        	1.135695e-16
931.6         	1.135695e-16
931.65        	1.135695e-16
931.7         	1.135695e-16
931.75        	1.135695e-16
931.8         	1.135695e-16
931.85        	1.135695e-16
931.9         	1.135695e-16
931.95        	1.135695e-16
932           	1.135695e-16
932.05        	1.135695e-16
932.1         	1.135695e-16
932.15        	1.135695e-16
932.2         	1.135695e-16
932.25        	1.135695e-16
932.3         	1.135695e-16
932.35        	1.135695e-16
932.4         	1.135695e-16
932.45        	1.135695e-16
932.5         	1.135695e-16
932.55        	1.135695e-16
932.6         	1.135695e-16
932.65        	1.135695e-16
932.7         	1.135695e-16
932.75        	1.135695e-16
932.8         	1.135695e-16
932.85        	1.135695e-16
932.9         	1.135695e-16
932.95        	1.135695e-16
933           	1.135695e-16
933.05        	1.135695e-16
933.1         	1.135695e-16
933.15        	1.135695e-16
933.2         	1.135695e-16
933.25        	1.135695e-16
933.3         	1.135695e-16
933.35        	1.135695e-16
933.4         	1.135695e-16
933.45        	1.135695e-16
933.5         	1.135695e-16
933.55        	1.135695e-16
933.6         	1.135695e-16
933.65        	1.135695e-16
933.7         	1.135695e-16
933.75        	1.135695e-16
933.8         	1.135695e-16
933.85        	1.135695e-16
933.9         	1.135695e-16
933.95        	1.135695e-16
934           	1.135695e-16
934.05        	1.135695e-16
934.1         	1.135695e-16
934.15        	1.135695e-16
934.2         	1.135695e-16
934.25        	1.135695e-16
934.3         	1.135695e-16
934.35        	1.135695e-16
934.4         	1.135695e-16
934.45        	1.135695e-16
934.5         	1.135695e-16
934.55        	1.135695e-16
934.6         	1.135695e-16
934.65        	1.135695e-16
934.7         	1.135695e-16
934.75        	1.135695e-16
934.8         	1.135695e-16
934.85        	1.135695e-16
934.9         	1.135695e-16
934.95        	1.135695e-16
935           	1.135695e-16
935.05        	1.135695e-16
935.1         	1.135695e-16
935.15        	1.135695e-16
935.2         	1.135695e-16
935.25        	1.135695e-16
935.3         	1.135695e-16
935.35        	1.135695e-16
935.4         	1.135695e-16
935.45        	1.135695e-16
935.5         	1.135695e-16
935.55        	1.135695e-16
935.6         	1.135695e-16
935.65        	1.135695e-16
935.7         	1.135695e-16
935.75        	1.135695e-16
935.8         	1.135695e-16
935.85        	1.135695e-16
935.9         	1.135695e-16
935.95        	1.135695e-16
936           	1.135695e-16
936.05        	1.135695e-16
936.1         	1.135695e-16
936.15        	1.135695e-16
936.2         	1.135695e-16
936.25        	1.135695e-16
936.3         	1.135695e-16
936.35        	1.135695e-16
936.4         	1.135695e-16
936.45        	1.135695e-16
936.5         	1.135695e-16
936.55        	1.135695e-16
936.6         	1.135695e-16
936.65        	1.135695e-16
936.7         	1.135695e-16
936.75        	1.135695e-16
936.8         	1.135695e-16
936.85        	1.135695e-16
936.9         	1.135695e-16
936.95        	1.135695e-16
937           	1.135695e-16
937.05        	1.135695e-16
937.1         	1.135695e-16
937.15        	1.135695e-16
937.2         	1.135695e-16
937.25        	1.135695e-16
937.3         	1.135695e-16
937.35        	1.135695e-16
937.4         	1.135695e-16
937.45        	1.135695e-16
937.5         	1.135695e-16
937.55        	1.135695e-16
937.6         	1.135695e-16
937.65        	1.135695e-16
937.7         	1.135695e-16
937.75        	1.135695e-16
937.8         	1.135695e-16
937.85        	1.135695e-16
937.9         	1.135695e-16
937.95        	1.135695e-16
938           	1.135695e-16
938.05        	1.135695e-16
938.1         	1.135695e-16
938.15        	1.135695e-16
938.2         	1.135695e-16
938.25        	1.135695e-16
938.3         	1.135695e-16
938.35        	1.135695e-16
938.4         	1.135695e-16
938.45        	1.135695e-16
938.5         	1.135695e-16
938.55        	1.135695e-16
938.6         	1.135695e-16
938.65        	1.135695e-16
938.7         	1.135695e-16
938.75        	1.135695e-16
938.8         	1.135695e-16
938.85        	1.135695e-16
938.9         	1.135695e-16
938.95        	1.135695e-16
939           	1.135695e-16
939.05        	1.135695e-16
939.1         	1.135695e-16
939.15        	1.135695e-16
939.2         	1.135695e-16
939.25        	1.135695e-16
939.3         	1.135695e-16
939.35        	1.135695e-16
939.4         	1.135695e-16
939.45        	1.135695e-16
939.5         	1.135695e-16
939.55        	1.135695e-16
939.6         	1.135695e-16
939.65        	1.135695e-16
939.7         	1.135695e-16
939.75        	1.135695e-16
939.8         	1.135695e-16
939.85        	1.135695e-16
939.9         	1.135695e-16
939.95        	1.135695e-16
940           	1.135695e-16
940.05        	1.135695e-16
940.1         	1.135695e-16
940.15        	1.135695e-16
940.2         	1.135695e-16
940.25        	1.135695e-16
940.3         	1.135695e-16
940.35        	1.135695e-16
940.4         	1.135695e-16
940.45        	1.135695e-16
940.5         	1.135695e-16
940.55        	1.135695e-16
940.6         	1.135695e-16
940.65        	1.135695e-16
940.7         	1.135695e-16
940.75        	1.135695e-16
940.8         	1.135695e-16
940.85        	1.135695e-16
940.9         	1.135695e-16
940.95        	1.135695e-16
941           	1.135695e-16
941.05        	1.135695e-16
941.1         	1.135695e-16
941.15        	1.135695e-16
941.2         	1.135695e-16
941.25        	1.135695e-16
941.3         	1.135695e-16
941.35        	1.135695e-16
941.4         	1.135695e-16
941.45        	1.135695e-16
941.5         	1.135695e-16
941.55        	1.135695e-16
941.6         	1.135695e-16
941.65        	1.135695e-16
941.7         	1.135695e-16
941.75        	1.135695e-16
941.8         	1.135695e-16
941.85        	1.135695e-16
941.9         	1.135695e-16
941.95        	1.135695e-16
942           	1.135695e-16
942.05        	1.135695e-16
942.1         	1.135695e-16
942.15        	1.135695e-16
942.2         	1.135695e-16
942.25        	1.135695e-16
942.3         	1.135695e-16
942.35        	1.135695e-16
942.4         	1.135695e-16
942.45        	1.135695e-16
942.5         	1.135695e-16
942.55        	1.135695e-16
942.6         	1.135695e-16
942.65        	1.135695e-16
942.7         	1.135695e-16
942.75        	1.135695e-16
942.8         	1.135695e-16
942.85        	1.135695e-16
942.9         	1.135695e-16
942.95        	1.135695e-16
943           	1.135695e-16
943.05        	1.135695e-16
943.1         	1.135695e-16
943.15        	1.135695e-16
943.2         	1.135695e-16
943.25        	1.135695e-16
943.3         	1.135695e-16
943.35        	1.135695e-16
943.4         	1.135695e-16
943.45        	1.135695e-16
943.5         	1.135695e-16
943.55        	1.135695e-16
943.6         	1.135695e-16
943.65        	1.135695e-16
943.7         	1.135695e-16
943.75        	1.135695e-16
943.8         	1.135695e-16
943.85        	1.135695e-16
943.9         	1.135695e-16
943.95        	1.135695e-16
944           	1.135695e-16
944.05        	1.135695e-16
944.1         	1.135695e-16
944.15        	1.135695e-16
944.2         	1.135695e-16
944.25        	1.135695e-16
944.3         	1.135695e-16
944.35        	1.135695e-16
944.4         	1.135695e-16
944.45        	1.135695e-16
944.5         	1.135695e-16
944.55        	1.135695e-16
944.6         	1.135695e-16
944.65        	1.135695e-16
944.7         	1.135695e-16
944.75        	1.135695e-16
944.8         	1.135695e-16
944.85        	1.135695e-16
944.9         	1.135695e-16
944.95        	1.135695e-16
945           	1.135695e-16
945.05        	1.135695e-16
945.1         	1.135695e-16
945.15        	1.135695e-16
945.2         	1.135695e-16
945.25        	1.135695e-16
945.3         	1.135695e-16
945.35        	1.135695e-16
945.4         	1.135695e-16
945.45        	1.135695e-16
945.5         	1.135695e-16
945.55        	1.135695e-16
945.6         	1.135695e-16
945.65        	1.135695e-16
945.7         	1.135695e-16
945.75        	1.135695e-16
945.8         	1.135695e-16
945.85        	1.135695e-16
945.9         	1.135695e-16
945.95        	1.135695e-16
946           	1.135695e-16
946.05        	1.135695e-16
946.1         	1.135695e-16
946.15        	1.135695e-16
946.2         	1.135695e-16
946.25        	1.135695e-16
946.3         	1.135695e-16
946.35        	1.135695e-16
946.4         	1.135695e-16
946.45        	1.135695e-16
946.5         	1.135695e-16
946.55        	1.135695e-16
946.6         	1.135695e-16
946.65        	1.135695e-16
946.7         	1.135695e-16
946.75        	1.135695e-16
946.8         	1.135695e-16
946.85        	1.135695e-16
946.9         	1.135695e-16
946.95        	1.135695e-16
947           	1.135695e-16
947.05        	1.135695e-16
947.1         	1.135695e-16
947.15        	1.135695e-16
947.2         	1.135695e-16
947.25        	1.135695e-16
947.3         	1.135695e-16
947.35        	1.135695e-16
947.4         	1.135695e-16
947.45        	1.135695e-16
947.5         	1.135695e-16
947.55        	1.135695e-16
947.6         	1.135695e-16
947.65        	1.135695e-16
947.7         	1.135695e-16
947.75        	1.135695e-16
947.8         	1.135695e-16
947.85        	1.135695e-16
947.9         	1.135695e-16
947.95        	1.135695e-16
948           	1.135695e-16
948.05        	1.135695e-16
948.1         	1.135695e-16
948.15        	1.135695e-16
948.2         	1.135695e-16
948.25        	1.135695e-16
948.3         	1.135695e-16
948.35        	1.135695e-16
948.4         	1.135695e-16
948.45        	1.135695e-16
948.5         	1.135695e-16
948.55        	1.135695e-16
948.6         	1.135695e-16
948.65        	1.135695e-16
948.7         	1.135695e-16
948.75        	1.135695e-16
948.8         	1.135695e-16
948.85        	1.135695e-16
948.9         	1.135695e-16
948.95        	1.135695e-16
949           	1.135695e-16
949.05        	1.135695e-16
949.1         	1.135695e-16
949.15        	1.135695e-16
949.2         	1.135695e-16
949.25        	1.135695e-16
949.3         	1.135695e-16
949.35        	1.135695e-16
949.4         	1.135695e-16
949.45        	1.135695e-16
949.5         	1.135695e-16
949.55        	1.135695e-16
949.6         	1.135695e-16
949.65        	1.135695e-16
949.7         	1.135695e-16
949.75        	1.135695e-16
949.8         	1.135695e-16
949.85        	1.135695e-16
949.9         	1.135695e-16
949.95        	1.135695e-16
950           	1.135695e-16
950.05        	1.135695e-16
950.1         	1.135695e-16
950.15        	1.135695e-16
950.2         	1.135695e-16
950.25        	1.135695e-16
950.3         	1.135695e-16
950.35        	1.135695e-16
950.4         	1.135695e-16
950.45        	1.135695e-16
950.5         	1.135695e-16
950.55        	1.135695e-16
950.6         	1.135695e-16
950.65        	1.135695e-16
950.7         	1.135695e-16
950.75        	1.135695e-16
950.8         	1.135695e-16
950.85        	1.135695e-16
950.9         	1.135695e-16
950.95        	1.135695e-16
951           	1.135695e-16
951.05        	1.135695e-16
951.1         	1.135695e-16
951.15        	1.135695e-16
951.2         	1.135695e-16
951.25        	1.135695e-16
951.3         	1.135695e-16
951.35        	1.135695e-16
951.4         	1.135695e-16
951.45        	1.135695e-16
951.5         	1.135695e-16
951.55        	1.135695e-16
951.6         	1.135695e-16
951.65        	1.135695e-16
951.7         	1.135695e-16
951.75        	1.135695e-16
951.8         	1.135695e-16
951.85        	1.135695e-16
951.9         	1.135695e-16
951.95        	1.135695e-16
952           	1.135695e-16
952.05        	1.135695e-16
952.1         	1.135695e-16
952.15        	1.135695e-16
952.2         	1.135695e-16
952.25        	1.135695e-16
952.3         	1.135695e-16
952.35        	1.135695e-16
952.4         	1.135695e-16
952.45        	1.135695e-16
952.5         	1.135695e-16
952.55        	1.135695e-16
952.6         	1.135695e-16
952.65        	1.135695e-16
952.7         	1.135695e-16
952.75        	1.135695e-16
952.8         	1.135695e-16
952.85        	1.135695e-16
952.9         	1.135695e-16
952.95        	1.135695e-16
953           	1.135695e-16
953.05        	1.135695e-16
953.1         	1.135695e-16
953.15        	1.135695e-16
953.2         	1.135695e-16
953.25        	1.135695e-16
953.3         	1.135695e-16
953.35        	1.135695e-16
953.4         	1.135695e-16
953.45        	1.135695e-16
953.5         	1.135695e-16
953.55        	1.135695e-16
953.6         	1.135695e-16
953.65        	1.135695e-16
953.7         	1.135695e-16
953.75        	1.135695e-16
953.8         	1.135695e-16
953.85        	1.135695e-16
953.9         	1.135695e-16
953.95        	1.135695e-16
954           	1.135695e-16
954.05        	1.135695e-16
954.1         	1.135695e-16
954.15        	1.135695e-16
954.2         	1.135695e-16
954.25        	1.135695e-16
954.3         	1.135695e-16
954.35        	1.135695e-16
954.4         	1.135695e-16
954.45        	1.135695e-16
954.5         	1.135695e-16
954.55        	1.135695e-16
954.6         	1.135695e-16
954.65        	1.135695e-16
954.7         	1.135695e-16
954.75        	1.135695e-16
954.8         	1.135695e-16
954.85        	1.135695e-16
954.9         	1.135695e-16
954.95        	1.135695e-16
955           	1.135695e-16
955.05        	1.135695e-16
955.1         	1.135695e-16
955.15        	1.135695e-16
955.2         	1.135695e-16
955.25        	1.135695e-16
955.3         	1.135695e-16
955.35        	1.135695e-16
955.4         	1.135695e-16
955.45        	1.135695e-16
955.5         	1.135695e-16
955.55        	1.135695e-16
955.6         	1.135695e-16
955.65        	1.135695e-16
955.7         	1.135695e-16
955.75        	1.135695e-16
955.8         	1.135695e-16
955.85        	1.135695e-16
955.9         	1.135695e-16
955.95        	1.135695e-16
956           	1.135695e-16
956.05        	1.135695e-16
956.1         	1.135695e-16
956.15        	1.135695e-16
956.2         	1.135695e-16
956.25        	1.135695e-16
956.3         	1.135695e-16
956.35        	1.135695e-16
956.4         	1.135695e-16
956.45        	1.135695e-16
956.5         	1.135695e-16
956.55        	1.135695e-16
956.6         	1.135695e-16
956.65        	1.135695e-16
956.7         	1.135695e-16
956.75        	1.135695e-16
956.8         	1.135695e-16
956.85        	1.135695e-16
956.9         	1.135695e-16
956.95        	1.135695e-16
957           	1.135695e-16
957.05        	1.135695e-16
957.1         	1.135695e-16
957.15        	1.135695e-16
957.2         	1.135695e-16
957.25        	1.135695e-16
957.3         	1.135695e-16
957.35        	1.135695e-16
957.4         	1.135695e-16
957.45        	1.135695e-16
957.5         	1.135695e-16
957.55        	1.135695e-16
957.6         	1.135695e-16
957.65        	1.135695e-16
957.7         	1.135695e-16
957.75        	1.135695e-16
957.8         	1.135695e-16
957.85        	1.135695e-16
957.9         	1.135695e-16
957.95        	1.135695e-16
958           	1.135695e-16
958.05        	1.135695e-16
958.1         	1.135695e-16
958.15        	1.135695e-16
958.2         	1.135695e-16
958.25        	1.135695e-16
958.3         	1.135695e-16
958.35        	1.135695e-16
958.4         	1.135695e-16
958.45        	1.135695e-16
958.5         	1.135695e-16
958.55        	1.135695e-16
958.6         	1.135695e-16
958.65        	1.135695e-16
958.7         	1.135695e-16
958.75        	1.135695e-16
958.8         	1.135695e-16
958.85        	1.135695e-16
958.9         	1.135695e-16
958.95        	1.135695e-16
959           	1.135695e-16
959.05        	1.135695e-16
959.1         	1.135695e-16
959.15        	1.135695e-16
959.2         	1.135695e-16
959.25        	1.135695e-16
959.3         	1.135695e-16
959.35        	1.135695e-16
959.4         	1.135695e-16
959.45        	1.135695e-16
959.5         	1.135695e-16
959.55        	1.135695e-16
959.6         	1.135695e-16
959.65        	1.135695e-16
959.7         	1.135695e-16
959.75        	1.135695e-16
959.8         	1.135695e-16
959.85        	1.135695e-16
959.9         	1.135695e-16
959.95        	1.135695e-16
960           	1.135695e-16
960.05        	1.135695e-16
960.1         	1.135695e-16
960.15        	1.135695e-16
960.2         	1.135695e-16
960.25        	1.135695e-16
960.3         	1.135695e-16
960.35        	1.135695e-16
960.4         	1.135695e-16
960.45        	1.135695e-16
960.5         	1.135695e-16
960.55        	1.135695e-16
960.6         	1.135695e-16
960.65        	1.135695e-16
960.7         	1.135695e-16
960.75        	1.135695e-16
960.8         	1.135695e-16
960.85        	1.135695e-16
960.9         	1.135695e-16
960.95        	1.135695e-16
961           	1.135695e-16
961.05        	1.135695e-16
961.1         	1.135695e-16
961.15        	1.135695e-16
961.2         	1.135695e-16
961.25        	1.135695e-16
961.3         	1.135695e-16
961.35        	1.135695e-16
961.4         	1.135695e-16
961.45        	1.135695e-16
961.5         	1.135695e-16
961.55        	1.135695e-16
961.6         	1.135695e-16
961.65        	1.135695e-16
961.7         	1.135695e-16
961.75        	1.135695e-16
961.8         	1.135695e-16
961.85        	1.135695e-16
961.9         	1.135695e-16
961.95        	1.135695e-16
962           	1.135695e-16
962.05        	1.135695e-16
962.1         	1.135695e-16
962.15        	1.135695e-16
962.2         	1.135695e-16
962.25        	1.135695e-16
962.3         	1.135695e-16
962.35        	1.135695e-16
962.4         	1.135695e-16
962.45        	1.135695e-16
962.5         	1.135695e-16
962.55        	1.135695e-16
962.6         	1.135695e-16
962.65        	1.135695e-16
962.7         	1.135695e-16
962.75        	1.135695e-16
962.8         	1.135695e-16
962.85        	1.135695e-16
962.9         	1.135695e-16
962.95        	1.135695e-16
963           	1.135695e-16
963.05        	1.135695e-16
963.1         	1.135695e-16
963.15        	1.135695e-16
963.2         	1.135695e-16
963.25        	1.135695e-16
963.3         	1.135695e-16
963.35        	1.135695e-16
963.4         	1.135695e-16
963.45        	1.135695e-16
963.5         	1.135695e-16
963.55        	1.135695e-16
963.6         	1.135695e-16
963.65        	1.135695e-16
963.7         	1.135695e-16
963.75        	1.135695e-16
963.8         	1.135695e-16
963.85        	1.135695e-16
963.9         	1.135695e-16
963.95        	1.135695e-16
964           	1.135695e-16
964.05        	1.135695e-16
964.1         	1.135695e-16
964.15        	1.135695e-16
964.2         	1.135695e-16
964.25        	1.135695e-16
964.3         	1.135695e-16
964.35        	1.135695e-16
964.4         	1.135695e-16
964.45        	1.135695e-16
964.5         	1.135695e-16
964.55        	1.135695e-16
964.6         	1.135695e-16
964.65        	1.135695e-16
964.7         	1.135695e-16
964.75        	1.135695e-16
964.8         	1.135695e-16
964.85        	1.135695e-16
964.9         	1.135695e-16
964.95        	1.135695e-16
965           	1.135695e-16
965.05        	1.135695e-16
965.1         	1.135695e-16
965.15        	1.135695e-16
965.2         	1.135695e-16
965.25        	1.135695e-16
965.3         	1.135695e-16
965.35        	1.135695e-16
965.4         	1.135695e-16
965.45        	1.135695e-16
965.5         	1.135695e-16
965.55        	1.135695e-16
965.6         	1.135695e-16
965.65        	1.135695e-16
965.7         	1.135695e-16
965.75        	1.135695e-16
965.8         	1.135695e-16
965.85        	1.135695e-16
965.9         	1.135695e-16
965.95        	1.135695e-16
966           	1.135695e-16
966.05        	1.135695e-16
966.1         	1.135695e-16
966.15        	1.135695e-16
966.2         	1.135695e-16
966.25        	1.135695e-16
966.3         	1.135695e-16
966.35        	1.135695e-16
966.4         	1.135695e-16
966.45        	1.135695e-16
966.5         	1.135695e-16
966.55        	1.135695e-16
966.6         	1.135695e-16
966.65        	1.135695e-16
966.7         	1.135695e-16
966.75        	1.135695e-16
966.8         	1.135695e-16
966.85        	1.135695e-16
966.9         	1.135695e-16
966.95        	1.135695e-16
967           	1.135695e-16
967.05        	1.135695e-16
967.1         	1.135695e-16
967.15        	1.135695e-16
967.2         	1.135695e-16
967.25        	1.135695e-16
967.3         	1.135695e-16
967.35        	1.135695e-16
967.4         	1.135695e-16
967.45        	1.135695e-16
967.5         	1.135695e-16
967.55        	1.135695e-16
967.6         	1.135695e-16
967.65        	1.135695e-16
967.7         	1.135695e-16
967.75        	1.135695e-16
967.8         	1.135695e-16
967.85        	1.135695e-16
967.9         	1.135695e-16
967.95        	1.135695e-16
968           	1.135695e-16
968.05        	1.135695e-16
968.1         	1.135695e-16
968.15        	1.135695e-16
968.2         	1.135695e-16
968.25        	1.135695e-16
968.3         	1.135695e-16
968.35        	1.135695e-16
968.4         	1.135695e-16
968.45        	1.135695e-16
968.5         	1.135695e-16
968.55        	1.135695e-16
968.6         	1.135695e-16
968.65        	1.135695e-16
968.7         	1.135695e-16
968.75        	1.135695e-16
968.8         	1.135695e-16
968.85        	1.135695e-16
968.9         	1.135695e-16
968.95        	1.135695e-16
969           	1.135695e-16
969.05        	1.135695e-16
969.1         	1.135695e-16
969.15        	1.135695e-16
969.2         	1.135695e-16
969.25        	1.135695e-16
969.3         	1.135695e-16
969.35        	1.135695e-16
969.4         	1.135695e-16
969.45        	1.135695e-16
969.5         	1.135695e-16
969.55        	1.135695e-16
969.6         	1.135695e-16
969.65        	1.135695e-16
969.7         	1.135695e-16
969.75        	1.135695e-16
969.8         	1.135695e-16
969.85        	1.135695e-16
969.9         	1.135695e-16
969.95        	1.135695e-16
970           	1.135695e-16
970.05        	1.135695e-16
970.1         	1.135695e-16
970.15        	1.135695e-16
970.2         	1.135695e-16
970.25        	1.135695e-16
970.3         	1.135695e-16
970.35        	1.135695e-16
970.4         	1.135695e-16
970.45        	1.135695e-16
970.5         	1.135695e-16
970.55        	1.135695e-16
970.6         	1.135695e-16
970.65        	1.135695e-16
970.7         	1.135695e-16
970.75        	1.135695e-16
970.8         	1.135695e-16
970.85        	1.135695e-16
970.9         	1.135695e-16
970.95        	1.135695e-16
971           	1.135695e-16
971.05        	1.135695e-16
971.1         	1.135695e-16
971.15        	1.135695e-16
971.2         	1.135695e-16
971.25        	1.135695e-16
971.3         	1.135695e-16
971.35        	1.135695e-16
971.4         	1.135695e-16
971.45        	1.135695e-16
971.5         	1.135695e-16
971.55        	1.135695e-16
971.6         	1.135695e-16
971.65        	1.135695e-16
971.7         	1.135695e-16
971.75        	1.135695e-16
971.8         	1.135695e-16
971.85        	1.135695e-16
971.9         	1.135695e-16
971.95        	1.135695e-16
972           	1.135695e-16
972.05        	1.135695e-16
972.1         	1.135695e-16
972.15        	1.135695e-16
972.2         	1.135695e-16
972.25        	1.135695e-16
972.3         	1.135695e-16
972.35        	1.135695e-16
972.4         	1.135695e-16
972.45        	1.135695e-16
972.5         	1.135695e-16
972.55        	1.135695e-16
972.6         	1.135695e-16
972.65        	1.135695e-16
972.7         	1.135695e-16
972.75        	1.135695e-16
972.8         	1.135695e-16
972.85        	1.135695e-16
972.9         	1.135695e-16
972.95        	1.135695e-16
973           	1.135695e-16
973.05        	1.135695e-16
973.1         	1.135695e-16
973.15        	1.135695e-16
973.2         	1.135695e-16
973.25        	1.135695e-16
973.3         	1.135695e-16
973.35        	1.135695e-16
973.4         	1.135695e-16
973.45        	1.135695e-16
973.5         	1.135695e-16
973.55        	1.135695e-16
973.6         	1.135695e-16
973.65        	1.135695e-16
973.7         	1.135695e-16
973.75        	1.135695e-16
973.8         	1.135695e-16
973.85        	1.135695e-16
973.9         	1.135695e-16
973.95        	1.135695e-16
974           	1.135695e-16
974.05        	1.135695e-16
974.1         	1.135695e-16
974.15        	1.135695e-16
974.2         	1.135695e-16
974.25        	1.135695e-16
974.3         	1.135695e-16
974.35        	1.135695e-16
974.4         	1.135695e-16
974.45        	1.135695e-16
974.5         	1.135695e-16
974.55        	1.135695e-16
974.6         	1.135695e-16
974.65        	1.135695e-16
974.7         	1.135695e-16
974.75        	1.135695e-16
974.8         	1.135695e-16
974.85        	1.135695e-16
974.9         	1.135695e-16
974.95        	1.135695e-16
975           	1.135695e-16
975.05        	1.135695e-16
975.1         	1.135695e-16
975.15        	1.135695e-16
975.2         	1.135695e-16
975.25        	1.135695e-16
975.3         	1.135695e-16
975.35        	1.135695e-16
975.4         	1.135695e-16
975.45        	1.135695e-16
975.5         	1.135695e-16
975.55        	1.135695e-16
975.6         	1.135695e-16
975.65        	1.135695e-16
975.7         	1.135695e-16
975.75        	1.135695e-16
975.8         	1.135695e-16
975.85        	1.135695e-16
975.9         	1.135695e-16
975.95        	1.135695e-16
976           	1.135695e-16
976.05        	1.135695e-16
976.1         	1.135695e-16
976.15        	1.135695e-16
976.2         	1.135695e-16
976.25        	1.135695e-16
976.3         	1.135695e-16
976.35        	1.135695e-16
976.4         	1.135695e-16
976.45        	1.135695e-16
976.5         	1.135695e-16
976.55        	1.135695e-16
976.6         	1.135695e-16
976.65        	1.135695e-16
976.7         	1.135695e-16
976.75        	1.135695e-16
976.8         	1.135695e-16
976.85        	1.135695e-16
976.9         	1.135695e-16
976.95        	1.135695e-16
977           	1.135695e-16
977.05        	1.135695e-16
977.1         	1.135695e-16
977.15        	1.135695e-16
977.2         	1.135695e-16
977.25        	1.135695e-16
977.3         	1.135695e-16
977.35        	1.135695e-16
977.4         	1.135695e-16
977.45        	1.135695e-16
977.5         	1.135695e-16
977.55        	1.135695e-16
977.6         	1.135695e-16
977.65        	1.135695e-16
977.7         	1.135695e-16
977.75        	1.135695e-16
977.8         	1.135695e-16
977.85        	1.135695e-16
977.9         	1.135695e-16
977.95        	1.135695e-16
978           	1.135695e-16
978.05        	1.135695e-16
978.1         	1.135695e-16
978.15        	1.135695e-16
978.2         	1.135695e-16
978.25        	1.135695e-16
978.3         	1.135695e-16
978.35        	1.135695e-16
978.4         	1.135695e-16
978.45        	1.135695e-16
978.5         	1.135695e-16
978.55        	1.135695e-16
978.6         	1.135695e-16
978.65        	1.135695e-16
978.7         	1.135695e-16
978.75        	1.135695e-16
978.8         	1.135695e-16
978.85        	1.135695e-16
978.9         	1.135695e-16
978.95        	1.135695e-16
979           	1.135695e-16
979.05        	1.135695e-16
979.1         	1.135695e-16
979.15        	1.135695e-16
979.2         	1.135695e-16
979.25        	1.135695e-16
979.3         	1.135695e-16
979.35        	1.135695e-16
979.4         	1.135695e-16
979.45        	1.135695e-16
979.5         	1.135695e-16
979.55        	1.135695e-16
979.6         	1.135695e-16
979.65        	1.135695e-16
979.7         	1.135695e-16
979.75        	1.135695e-16
979.8         	1.135695e-16
979.85        	1.135695e-16
979.9         	1.135695e-16
979.95        	1.135695e-16
980           	1.135695e-16
980.05        	1.135695e-16
980.1         	1.135695e-16
980.15        	1.135695e-16
980.2         	1.135695e-16
980.25        	1.135695e-16
980.3         	1.135695e-16
980.35        	1.135695e-16
980.4         	1.135695e-16
980.45        	1.135695e-16
980.5         	1.135695e-16
980.55        	1.135695e-16
980.6         	1.135695e-16
980.65        	1.135695e-16
980.7         	1.135695e-16
980.75        	1.135695e-16
980.8         	1.135695e-16
980.85        	1.135695e-16
980.9         	1.135695e-16
980.95        	1.135695e-16
981           	1.135695e-16
981.05        	1.135695e-16
981.1         	1.135695e-16
981.15        	1.135695e-16
981.2         	1.135695e-16
981.25        	1.135695e-16
981.3         	1.135695e-16
981.35        	1.135695e-16
981.4         	1.135695e-16
981.45        	1.135695e-16
981.5         	1.135695e-16
981.55        	1.135695e-16
981.6         	1.135695e-16
981.65        	1.135695e-16
981.7         	1.135695e-16
981.75        	1.135695e-16
981.8         	1.135695e-16
981.85        	1.135695e-16
981.9         	1.135695e-16
981.95        	1.135695e-16
982           	1.135695e-16
982.05        	1.135695e-16
982.1         	1.135695e-16
982.15        	1.135695e-16
982.2         	1.135695e-16
982.25        	1.135695e-16
982.3         	1.135695e-16
982.35        	1.135695e-16
982.4         	1.135695e-16
982.45        	1.135695e-16
982.5         	1.135695e-16
982.55        	1.135695e-16
982.6         	1.135695e-16
982.65        	1.135695e-16
982.7         	1.135695e-16
982.75        	1.135695e-16
982.8         	1.135695e-16
982.85        	1.135695e-16
982.9         	1.135695e-16
982.95        	1.135695e-16
983           	1.135695e-16
983.05        	1.135695e-16
983.1         	1.135695e-16
983.15        	1.135695e-16
983.2         	1.135695e-16
983.25        	1.135695e-16
983.3         	1.135695e-16
983.35        	1.135695e-16
983.4         	1.135695e-16
983.45        	1.135695e-16
983.5         	1.135695e-16
983.55        	1.135695e-16
983.6         	1.135695e-16
983.65        	1.135695e-16
983.7         	1.135695e-16
983.75        	1.135695e-16
983.8         	1.135695e-16
983.85        	1.135695e-16
983.9         	1.135695e-16
983.95        	1.135695e-16
984           	1.135695e-16
984.05        	1.135695e-16
984.1         	1.135695e-16
984.15        	1.135695e-16
984.2         	1.135695e-16
984.25        	1.135695e-16
984.3         	1.135695e-16
984.35        	1.135695e-16
984.4         	1.135695e-16
984.45        	1.135695e-16
984.5         	1.135695e-16
984.55        	1.135695e-16
984.6         	1.135695e-16
984.65        	1.135695e-16
984.7         	1.135695e-16
984.75        	1.135695e-16
984.8         	1.135695e-16
984.85        	1.135695e-16
984.9         	1.135695e-16
984.95        	1.135695e-16
985           	1.135695e-16
985.05        	1.135695e-16
985.1         	1.135695e-16
985.15        	1.135695e-16
985.2         	1.135695e-16
985.25        	1.135695e-16
985.3         	1.135695e-16
985.35        	1.135695e-16
985.4         	1.135695e-16
985.45        	1.135695e-16
985.5         	1.135695e-16
985.55        	1.135695e-16
985.6         	1.135695e-16
985.65        	1.135695e-16
985.7         	1.135695e-16
985.75        	1.135695e-16
985.8         	1.135695e-16
985.85        	1.135695e-16
985.9         	1.135695e-16
985.95        	1.135695e-16
986           	1.135695e-16
986.05        	1.135695e-16
986.1         	1.135695e-16
986.15        	1.135695e-16
986.2         	1.135695e-16
986.25        	1.135695e-16
986.3         	1.135695e-16
986.35        	1.135695e-16
986.4         	1.135695e-16
986.45        	1.135695e-16
986.5         	1.135695e-16
986.55        	1.135695e-16
986.6         	1.135695e-16
986.65        	1.135695e-16
986.7         	1.135695e-16
986.75        	1.135695e-16
986.8         	1.135695e-16
986.85        	1.135695e-16
986.9         	1.135695e-16
986.95        	1.135695e-16
987           	1.135695e-16
987.05        	1.135695e-16
987.1         	1.135695e-16
987.15        	1.135695e-16
987.2         	1.135695e-16
987.25        	1.135695e-16
987.3         	1.135695e-16
987.35        	1.135695e-16
987.4         	1.135695e-16
987.45        	1.135695e-16
987.5         	1.135695e-16
987.55        	1.135695e-16
987.6         	1.135695e-16
987.65        	1.135695e-16
987.7         	1.135695e-16
987.75        	1.135695e-16
987.8         	1.135695e-16
987.85        	1.135695e-16
987.9         	1.135695e-16
987.95        	1.135695e-16
988           	1.135695e-16
988.05        	1.135695e-16
988.1         	1.135695e-16
988.15        	1.135695e-16
988.2         	1.135695e-16
988.25        	1.135695e-16
988.3         	1.135695e-16
988.35        	1.135695e-16
988.4         	1.135695e-16
988.45        	1.135695e-16
988.5         	1.135695e-16
988.55        	1.135695e-16
988.6         	1.135695e-16
988.65        	1.135695e-16
988.7         	1.135695e-16
988.75        	1.135695e-16
988.8         	1.135695e-16
988.85        	1.135695e-16
988.9         	1.135695e-16
988.95        	1.135695e-16
989           	1.135695e-16
989.05        	1.135695e-16
989.1         	1.135695e-16
989.15        	1.135695e-16
989.2         	1.135695e-16
989.25        	1.135695e-16
989.3         	1.135695e-16
989.35        	1.135695e-16
989.4         	1.135695e-16
989.45        	1.135695e-16
989.5         	1.135695e-16
989.55        	1.135695e-16
989.6         	1.135695e-16
989.65        	1.135695e-16
989.7         	1.135695e-16
989.75        	1.135695e-16
989.8         	1.135695e-16
989.85        	1.135695e-16
989.9         	1.135695e-16
989.95        	1.135695e-16
990           	1.135695e-16
990.05        	1.135695e-16
990.1         	1.135695e-16
990.15        	1.135695e-16
990.2         	1.135695e-16
990.25        	1.135695e-16
990.3         	1.135695e-16
990.35        	1.135695e-16
990.4         	1.135695e-16
990.45        	1.135695e-16
990.5         	1.135695e-16
990.55        	1.135695e-16
990.6         	1.135695e-16
990.65        	1.135695e-16
990.7         	1.135695e-16
990.75        	1.135695e-16
990.8         	1.135695e-16
990.85        	1.135695e-16
990.9         	1.135695e-16
990.95        	1.135695e-16
991           	1.135695e-16
991.05        	1.135695e-16
991.1         	1.135695e-16
991.15        	1.135695e-16
991.2         	1.135695e-16
991.25        	1.135695e-16
991.3         	1.135695e-16
991.35        	1.135695e-16
991.4         	1.135695e-16
991.45        	1.135695e-16
991.5         	1.135695e-16
991.55        	1.135695e-16
991.6         	1.135695e-16
991.65        	1.135695e-16
991.7         	1.135695e-16
991.75        	1.135695e-16
991.8         	1.135695e-16
991.85        	1.135695e-16
991.9         	1.135695e-16
991.95        	1.135695e-16
992           	1.135695e-16
992.05        	1.135695e-16
992.1         	1.135695e-16
992.15        	1.135695e-16
992.2         	1.135695e-16
992.25        	1.135695e-16
992.3         	1.135695e-16
992.35        	1.135695e-16
992.4         	1.135695e-16
992.45        	1.135695e-16
992.5         	1.135695e-16
992.55        	1.135695e-16
992.6         	1.135695e-16
992.65        	1.135695e-16
992.7         	1.135695e-16
992.75        	1.135695e-16
992.8         	1.135695e-16
992.85        	1.135695e-16
992.9         	1.135695e-16
992.95        	1.135695e-16
993           	1.135695e-16
993.05        	1.135695e-16
993.1         	1.135695e-16
993.15        	1.135695e-16
993.2         	1.135695e-16
993.25        	1.135695e-16
993.3         	1.135695e-16
993.35        	1.135695e-16
993.4         	1.135695e-16
993.45        	1.135695e-16
993.5         	1.135695e-16
993.55        	1.135695e-16
993.6         	1.135695e-16
993.65        	1.135695e-16
993.7         	1.135695e-16
993.75        	1.135695e-16
993.8         	1.135695e-16
993.85        	1.135695e-16
993.9         	1.135695e-16
993.95        	1.135695e-16
994           	1.135695e-16
994.05        	1.135695e-16
994.1         	1.135695e-16
994.15        	1.135695e-16
994.2         	1.135695e-16
994.25        	1.135695e-16
994.3         	1.135695e-16
994.35        	1.135695e-16
994.4         	1.135695e-16
994.45        	1.135695e-16
994.5         	1.135695e-16
994.55        	1.135695e-16
994.6         	1.135695e-16
994.65        	1.135695e-16
994.7         	1.135695e-16
994.75        	1.135695e-16
994.8         	1.135695e-16
994.85        	1.135695e-16
994.9         	1.135695e-16
994.95        	1.135695e-16
995           	1.135695e-16
995.05        	1.135695e-16
995.1         	1.135695e-16
995.15        	1.135695e-16
995.2         	1.135695e-16
995.25        	1.135695e-16
995.3         	1.135695e-16
995.35        	1.135695e-16
995.4         	1.135695e-16
995.45        	1.135695e-16
995.5         	1.135695e-16
995.55        	1.135695e-16
995.6         	1.135695e-16
995.65        	1.135695e-16
995.7         	1.135695e-16
995.75        	1.135695e-16
995.8         	1.135695e-16
995.85        	1.135695e-16
995.9         	1.135695e-16
995.95        	1.135695e-16
996           	1.135695e-16
996.05        	1.135695e-16
996.1         	1.135695e-16
996.15        	1.135695e-16
996.2         	1.135695e-16
996.25        	1.135695e-16
996.3         	1.135695e-16
996.35        	1.135695e-16
996.4         	1.135695e-16
996.45        	1.135695e-16
996.5         	1.135695e-16
996.55        	1.135695e-16
996.6         	1.135695e-16
996.65        	1.135695e-16
996.7         	1.135695e-16
996.75        	1.135695e-16
996.8         	1.135695e-16
996.85        	1.135695e-16
996.9         	1.135695e-16
996.95        	1.135695e-16
997           	1.135695e-16
997.05        	1.135695e-16
997.1         	1.135695e-16
997.15        	1.135695e-16
997.2         	1.135695e-16
997.25        	1.135695e-16
997.3         	1.135695e-16
997.35        	1.135695e-16
997.4         	1.135695e-16
997.45        	1.135695e-16
997.5         	1.135695e-16
997.55        	1.135695e-16
997.6         	1.135695e-16
997.65        	1.135695e-16
997.7         	1.135695e-16
997.75        	1.135695e-16
997.8         	1.135695e-16
997.85        	1.135695e-16
997.9         	1.135695e-16
997.95        	1.135695e-16
998           	1.135695e-16
998.05        	1.135695e-16
998.1         	1.135695e-16
998.15        	1.135695e-16
998.2         	1.135695e-16
998.25        	1.135695e-16
998.3         	1.135695e-16
998.35        	1.135695e-16
998.4         	1.135695e-16
998.45        	1.135695e-16
998.5         	1.135695e-16
998.55        	1.135695e-16
998.6         	1.135695e-16
998.65        	1.135695e-16
998.7         	1.135695e-16
998.75        	1.135695e-16
998.8         	1.135695e-16
998.85        	1.135695e-16
998.9         	1.135695e-16
998.95        	1.135695e-16
999           	1.135695e-16
999.05        	1.135695e-16
999.1         	1.135695e-16
999.15        	1.135695e-16
999.2         	1.135695e-16
999.25        	1.135695e-16
999.3         	1.135695e-16
999.35        	1.135695e-16
999.4         	1.135695e-16
999.45        	1.135695e-16
999.5         	1.135695e-16
999.55        	1.135695e-16
999.6         	1.135695e-16
999.65        	1.135695e-16
999.7         	1.135695e-16
999.75        	1.135695e-16
999.8         	1.135695e-16
999.85        	1.135695e-16
999.9         	1.135695e-16
999.95        	1.135695e-16
1000          	1.135695e-16
