/*--------------------------------*- C++ -*----------------------------------*\
  =========                 |
  \\      /  F ield         | OpenFOAM: The Open Source CFD Toolbox
   \\    /   O peration     | Website:  https://openfoam.org
    \\  /    A nd           | Version:  9
     \\/     M anipulation  |
\*---------------------------------------------------------------------------*/
FoamFile
{
    format      ascii;
    class       surfaceScalarField;
    location    "288";
    object      phi;
}
// * * * * * * * * * * * * * * * * * * * * * * * * * * * * * * * * * * * * * //

dimensions      [0 3 -1 0 0 0 0];

internalField   nonuniform List<scalar> 
22596
(
2.51105e-10
-5.82429e-11
2.958e-10
-4.46949e-11
3.21813e-10
-2.6013e-11
3.39248e-10
-1.74354e-11
3.51776e-10
-1.25273e-11
3.60584e-10
-8.80857e-12
3.66768e-10
-6.18383e-12
3.71149e-10
-4.38082e-12
3.74267e-10
-3.118e-12
3.765e-10
-2.23305e-12
3.7811e-10
-1.61029e-12
3.79277e-10
-1.16677e-12
3.80125e-10
-8.48072e-13
3.80743e-10
-6.17758e-13
3.81193e-10
-4.50626e-13
3.81522e-10
-3.29016e-13
3.81763e-10
-2.40382e-13
3.81938e-10
-1.75706e-13
3.82067e-10
-1.28474e-13
3.82161e-10
-9.3962e-14
3.8223e-10
-6.8733e-14
3.8228e-10
-5.02845e-14
3.82317e-10
-3.67913e-14
3.82344e-10
-2.69207e-14
3.82363e-10
-1.96993e-14
3.82378e-10
-1.44159e-14
3.82388e-10
-1.05488e-14
3.82396e-10
-7.71974e-15
3.82402e-10
-5.6503e-15
3.82406e-10
-4.13604e-15
3.82409e-10
-3.02721e-15
3.82411e-10
-2.21486e-15
3.82413e-10
-1.6202e-15
3.82414e-10
-1.18523e-15
3.82415e-10
-8.67277e-16
3.82415e-10
-6.34684e-16
3.82416e-10
-4.64596e-16
3.82416e-10
-3.40089e-16
3.82416e-10
-2.48941e-16
3.82417e-10
-1.82056e-16
3.82417e-10
-1.33106e-16
3.82417e-10
-9.73109e-17
3.82417e-10
-7.13055e-17
3.82417e-10
-5.22851e-17
3.82417e-10
-3.83621e-17
3.82417e-10
-2.80811e-17
3.82417e-10
-2.05226e-17
3.82417e-10
-1.49683e-17
3.82417e-10
-1.08941e-17
-8.24581e-18
3.82417e-10
7.61577e-10
-2.41234e-10
8.84023e-10
-1.67141e-10
9.62029e-10
-1.04019e-10
1.01318e-09
-6.85833e-11
1.048e-09
-4.73481e-11
1.07254e-09
-3.33532e-11
1.08971e-09
-2.33549e-11
1.10181e-09
-1.64748e-11
1.11043e-09
-1.17374e-11
1.11661e-09
-8.4165e-12
1.12107e-09
-6.0717e-12
1.12431e-09
-4.40107e-12
1.12666e-09
-3.1997e-12
1.12837e-09
-2.33088e-12
1.12962e-09
-1.7003e-12
1.13053e-09
-1.24146e-12
1.1312e-09
-9.07019e-13
1.13169e-09
-6.62982e-13
1.13204e-09
-4.84766e-13
1.1323e-09
-3.54542e-13
1.13249e-09
-2.59347e-13
1.13263e-09
-1.89736e-13
1.13274e-09
-1.38823e-13
1.13281e-09
-1.01579e-13
1.13287e-09
-7.43303e-14
1.13291e-09
-5.43951e-14
1.13293e-09
-3.98037e-14
1.13296e-09
-2.91287e-14
1.13297e-09
-2.1319e-14
1.13298e-09
-1.56054e-14
1.13299e-09
-1.14224e-14
1.133e-09
-8.35816e-15
1.133e-09
-6.11429e-15
1.13301e-09
-4.47259e-15
1.13301e-09
-3.27249e-15
1.13301e-09
-2.39478e-15
1.13301e-09
-1.75289e-15
1.13301e-09
-1.28313e-15
1.13301e-09
-9.39315e-16
1.13301e-09
-6.87114e-16
1.13301e-09
-5.02418e-16
1.13301e-09
-3.67263e-16
1.13301e-09
-2.68962e-16
1.13301e-09
-1.97129e-16
1.13301e-09
-1.44635e-16
1.13301e-09
-1.05952e-16
1.13301e-09
-7.75012e-17
1.13301e-09
-5.6543e-17
1.13301e-09
-4.11282e-17
-3.10923e-17
1.13301e-09
1.27401e-09
-5.50934e-10
1.46841e-09
-3.61539e-10
1.59178e-09
-2.27388e-10
1.66872e-09
-1.45526e-10
1.71832e-09
-9.69464e-11
1.75262e-09
-6.76542e-11
1.77635e-09
-4.70799e-11
1.79298e-09
-3.31098e-11
1.80486e-09
-2.36203e-11
1.81341e-09
-1.6965e-11
1.81959e-09
-1.22501e-11
1.82407e-09
-8.88496e-12
1.82734e-09
-6.46166e-12
1.82971e-09
-4.70762e-12
1.83145e-09
-3.43418e-12
1.83271e-09
-2.50747e-12
1.83364e-09
-1.83198e-12
1.83431e-09
-1.33908e-12
1.83481e-09
-9.79124e-13
1.83517e-09
-7.161e-13
1.83543e-09
-5.23826e-13
1.83563e-09
-3.83228e-13
1.83577e-09
-2.80394e-13
1.83587e-09
-2.05168e-13
1.83595e-09
-1.50132e-13
1.836e-09
-1.09867e-13
1.83604e-09
-8.03964e-14
1.83607e-09
-5.88343e-14
1.8361e-09
-4.3059e-14
1.83611e-09
-3.15184e-14
1.83612e-09
-2.3071e-14
1.83613e-09
-1.68828e-14
1.83614e-09
-1.23507e-14
1.83614e-09
-9.03412e-15
1.83615e-09
-6.60995e-15
1.83615e-09
-4.83691e-15
1.83615e-09
-3.54032e-15
1.83615e-09
-2.59143e-15
1.83615e-09
-1.89721e-15
1.83615e-09
-1.38793e-15
1.83615e-09
-1.01494e-15
1.83615e-09
-7.41788e-16
1.83615e-09
-5.43147e-16
1.83615e-09
-3.97918e-16
1.83615e-09
-2.91928e-16
1.83615e-09
-2.13921e-16
1.83615e-09
-1.56581e-16
1.83615e-09
-1.14242e-16
1.83615e-09
-8.30489e-17
-6.27188e-17
1.83616e-09
1.7852e-09
-9.86104e-10
2.04336e-09
-6.1969e-10
2.19812e-09
-3.8215e-10
2.28649e-09
-2.33894e-10
2.33919e-09
-1.49648e-10
2.3745e-09
-1.02965e-10
2.39857e-09
-7.11483e-11
2.4154e-09
-4.99483e-11
2.42749e-09
-3.57107e-11
2.43623e-09
-2.57007e-11
2.44256e-09
-1.85798e-11
2.44716e-09
-1.34856e-11
2.45051e-09
-9.81098e-12
2.45295e-09
-7.14873e-12
2.45473e-09
-5.21524e-12
2.45603e-09
-3.80799e-12
2.45698e-09
-2.78218e-12
2.45768e-09
-2.03363e-12
2.45819e-09
-1.48697e-12
2.45856e-09
-1.08753e-12
2.45883e-09
-7.95525e-13
2.45903e-09
-5.82002e-13
2.45917e-09
-4.2583e-13
2.45928e-09
-3.11586e-13
2.45936e-09
-2.28003e-13
2.45941e-09
-1.66853e-13
2.45946e-09
-1.22099e-13
2.45949e-09
-8.93507e-14
2.45951e-09
-6.53921e-14
2.45952e-09
-4.78654e-14
2.45954e-09
-3.50377e-14
2.45955e-09
-2.56408e-14
2.45955e-09
-1.8758e-14
2.45956e-09
-1.37205e-14
2.45956e-09
-1.00386e-14
2.45956e-09
-7.34579e-15
2.45956e-09
-5.37651e-15
2.45957e-09
-3.93545e-15
2.45957e-09
-2.88126e-15
2.45957e-09
-2.10805e-15
2.45957e-09
-1.54161e-15
2.45957e-09
-1.1267e-15
2.45957e-09
-8.24783e-16
2.45957e-09
-6.04141e-16
2.45957e-09
-4.43148e-16
2.45957e-09
-3.24846e-16
2.45957e-09
-2.3785e-16
2.45957e-09
-1.73607e-16
2.45957e-09
-1.2614e-16
-9.52422e-17
2.45957e-09
2.29097e-09
-1.54131e-09
2.5946e-09
-9.2332e-10
2.75771e-09
-5.4526e-10
2.83742e-09
-3.13605e-10
2.87916e-09
-1.91387e-10
2.9061e-09
-1.29905e-10
2.92426e-09
-8.93062e-11
2.93701e-09
-6.27044e-11
2.94628e-09
-4.49745e-11
2.95302e-09
-3.24397e-11
2.95792e-09
-2.34786e-11
2.96148e-09
-1.70535e-11
2.96408e-09
-1.24112e-11
2.96598e-09
-9.04476e-12
2.96736e-09
-6.59893e-12
2.96837e-09
-4.81848e-12
2.96911e-09
-3.5205e-12
2.96965e-09
-2.57332e-12
2.97005e-09
-1.8816e-12
2.97034e-09
-1.37615e-12
2.97055e-09
-1.00666e-12
2.9707e-09
-7.36466e-13
2.97081e-09
-5.38848e-13
2.9709e-09
-3.94283e-13
2.97096e-09
-2.88517e-13
2.971e-09
-2.11136e-13
2.97103e-09
-1.54507e-13
2.97106e-09
-1.13065e-13
2.97107e-09
-8.27469e-14
2.97109e-09
-6.05681e-14
2.9711e-09
-4.43374e-14
2.9711e-09
-3.24471e-14
2.97111e-09
-2.37375e-14
2.97111e-09
-1.73623e-14
2.97111e-09
-1.27034e-14
2.97112e-09
-9.29549e-15
2.97112e-09
-6.80344e-15
2.97112e-09
-4.97977e-15
2.97112e-09
-3.64605e-15
2.97112e-09
-2.66765e-15
2.97112e-09
-1.95094e-15
2.97112e-09
-1.42575e-15
2.97112e-09
-1.04368e-15
2.97112e-09
-7.64281e-16
2.97112e-09
-5.60558e-16
2.97112e-09
-4.10978e-16
2.97112e-09
-3.01022e-16
2.97112e-09
-2.1973e-16
2.97112e-09
-1.59583e-16
-1.20444e-16
2.97112e-09
2.77946e-09
-2.19929e-09
3.09456e-09
-1.23842e-09
3.23262e-09
-6.83323e-10
3.28053e-09
-3.61516e-10
3.29847e-09
-2.09323e-10
3.30979e-09
-1.41221e-10
3.31749e-09
-9.70155e-11
3.32305e-09
-6.82612e-11
3.32723e-09
-4.91553e-11
3.33032e-09
-3.55295e-11
3.33258e-09
-2.5739e-11
3.33424e-09
-1.87076e-11
3.33545e-09
-1.36201e-11
3.33633e-09
-9.92731e-12
3.33697e-09
-7.24347e-12
3.33744e-09
-5.28937e-12
3.33779e-09
-3.86463e-12
3.33804e-09
-2.8249e-12
3.33822e-09
-2.06557e-12
3.33836e-09
-1.51071e-12
3.33846e-09
-1.10509e-12
3.33853e-09
-8.08484e-13
3.33858e-09
-5.91542e-13
3.33862e-09
-4.32841e-13
3.33865e-09
-3.16733e-13
3.33867e-09
-2.31784e-13
3.33868e-09
-1.69621e-13
3.33869e-09
-1.24122e-13
3.3387e-09
-9.08383e-14
3.33871e-09
-6.64905e-14
3.33871e-09
-4.86739e-14
3.33872e-09
-3.56211e-14
3.33872e-09
-2.60596e-14
3.33872e-09
-1.90606e-14
3.33872e-09
-1.39462e-14
3.33872e-09
-1.02048e-14
3.33872e-09
-7.46882e-15
3.33872e-09
-5.46679e-15
3.33872e-09
-4.00276e-15
3.33872e-09
-2.92877e-15
3.33872e-09
-2.14196e-15
3.33872e-09
-1.56537e-15
3.33872e-09
-1.14578e-15
3.33872e-09
-8.38972e-16
3.33872e-09
-6.15267e-16
3.33872e-09
-4.51196e-16
3.33872e-09
-3.30528e-16
3.33872e-09
-2.41339e-16
3.33872e-09
-1.75193e-16
-1.32238e-16
3.33872e-09
3.22488e-09
-2.91697e-09
3.49563e-09
-1.50917e-09
3.56757e-09
-7.55264e-10
3.56386e-09
-3.57804e-10
3.55127e-09
-1.96733e-10
3.54427e-09
-1.34221e-10
3.53984e-09
-9.25878e-11
3.53692e-09
-6.53366e-11
3.53502e-09
-4.72534e-11
3.5337e-09
-3.4212e-11
3.53276e-09
-2.47999e-11
3.53209e-09
-1.80363e-11
3.5316e-09
-1.31361e-11
3.53125e-09
-9.57614e-12
3.531e-09
-6.98797e-12
3.53081e-09
-5.10311e-12
3.53068e-09
-3.72866e-12
3.53058e-09
-2.72556e-12
3.5305e-09
-1.99296e-12
3.53045e-09
-1.45762e-12
3.53041e-09
-1.06626e-12
3.53038e-09
-7.80082e-13
3.53036e-09
-5.70765e-13
3.53035e-09
-4.17639e-13
3.53034e-09
-3.05609e-13
3.53033e-09
-2.23643e-13
3.53032e-09
-1.63667e-13
3.53032e-09
-1.19762e-13
3.53032e-09
-8.76474e-14
3.53031e-09
-6.41548e-14
3.53031e-09
-4.69655e-14
3.53031e-09
-3.43708e-14
3.53031e-09
-2.51449e-14
3.53031e-09
-1.83913e-14
3.53031e-09
-1.34572e-14
3.53031e-09
-9.84663e-15
3.53031e-09
-7.20662e-15
3.53031e-09
-5.27471e-15
3.53031e-09
-3.86241e-15
3.53031e-09
-2.82596e-15
3.53031e-09
-2.06683e-15
3.53031e-09
-1.51034e-15
3.53031e-09
-1.10566e-15
3.53031e-09
-8.09436e-16
3.53031e-09
-5.93566e-16
3.53031e-09
-4.35319e-16
3.53031e-09
-3.18959e-16
3.53031e-09
-2.32882e-16
3.53031e-09
-1.68954e-16
-1.27498e-16
3.53031e-09
3.57797e-09
-3.60201e-09
3.72449e-09
-1.65569e-09
3.69183e-09
-7.22602e-10
3.6298e-09
-2.9578e-10
3.59012e-09
-1.57054e-10
3.56739e-09
-1.11487e-10
3.55206e-09
-7.72563e-11
3.54133e-09
-5.46098e-11
3.53376e-09
-3.96818e-11
3.52831e-09
-2.87612e-11
3.52436e-09
-2.08544e-11
3.5215e-09
-1.51769e-11
3.51943e-09
-1.10576e-11
3.51791e-09
-8.06218e-12
3.51681e-09
-5.88391e-12
3.516e-09
-4.29718e-12
3.51541e-09
-3.13991e-12
3.51498e-09
-2.29527e-12
3.51467e-09
-1.67836e-12
3.51444e-09
-1.22754e-12
3.51427e-09
-8.97968e-13
3.51415e-09
-6.56961e-13
3.51406e-09
-4.80683e-13
3.51399e-09
-3.51726e-13
3.51394e-09
-2.57378e-13
3.51391e-09
-1.88347e-13
3.51388e-09
-1.37842e-13
3.51386e-09
-1.00859e-13
3.51385e-09
-7.38139e-14
3.51384e-09
-5.40293e-14
3.51383e-09
-3.95542e-14
3.51383e-09
-2.89467e-14
3.51382e-09
-2.11769e-14
3.51382e-09
-1.54891e-14
3.51382e-09
-1.13341e-14
3.51381e-09
-8.29288e-15
3.51381e-09
-6.06938e-15
3.51381e-09
-4.44239e-15
3.51381e-09
-3.25312e-15
3.51381e-09
-2.38018e-15
3.51381e-09
-1.74087e-15
3.51381e-09
-1.27221e-15
3.51381e-09
-9.3131e-16
3.51381e-09
-6.81765e-16
3.51381e-09
-4.99914e-16
3.51381e-09
-3.66732e-16
3.51381e-09
-2.68698e-16
3.51381e-09
-1.9626e-16
3.51381e-09
-1.42289e-16
-1.07407e-16
3.51381e-09
3.75393e-09
-4.07728e-09
3.68184e-09
-1.58359e-09
3.5287e-09
-5.69471e-10
3.424e-09
-1.9108e-10
3.37057e-09
-1.0362e-10
3.33825e-09
-7.91626e-11
3.31548e-09
-5.44866e-11
3.29938e-09
-3.85091e-11
3.28785e-09
-2.81565e-11
3.2795e-09
-2.04106e-11
3.27344e-09
-1.47988e-11
3.26905e-09
-1.0779e-11
3.26585e-09
-7.85612e-12
3.26351e-09
-5.72864e-12
3.26181e-09
-4.18146e-12
3.26057e-09
-3.05411e-12
3.25966e-09
-2.23171e-12
3.25899e-09
-1.63143e-12
3.25851e-09
-1.19298e-12
3.25815e-09
-8.72551e-13
3.25789e-09
-6.38295e-13
3.2577e-09
-4.66986e-13
3.25757e-09
-3.41686e-13
3.25746e-09
-2.50019e-13
3.25739e-09
-1.82955e-13
3.25733e-09
-1.33883e-13
3.25729e-09
-9.79901e-14
3.25727e-09
-7.16927e-14
3.25724e-09
-5.24691e-14
3.25723e-09
-3.84058e-14
3.25722e-09
-2.81178e-14
3.25721e-09
-2.05766e-14
3.2572e-09
-1.50537e-14
3.2572e-09
-1.10102e-14
3.25719e-09
-8.05765e-15
3.25719e-09
-5.89503e-15
3.25719e-09
-4.31446e-15
3.25719e-09
-3.15782e-15
3.25719e-09
-2.31267e-15
3.25719e-09
-1.69192e-15
3.25719e-09
-1.23752e-15
3.25719e-09
-9.04298e-16
3.25719e-09
-6.62107e-16
3.25719e-09
-4.8466e-16
3.25719e-09
-3.55357e-16
3.25719e-09
-2.6073e-16
3.25719e-09
-1.90998e-16
3.25719e-09
-1.39546e-16
3.25719e-09
-1.01048e-16
-7.62724e-17
3.25719e-09
3.61947e-09
-4.03238e-09
3.25357e-09
-1.21769e-09
3.01256e-09
-3.28458e-10
2.90334e-09
-8.18552e-11
2.85281e-09
-5.30933e-11
2.81796e-09
-4.43157e-11
2.79289e-09
-2.94155e-11
2.77524e-09
-2.08572e-11
2.76248e-09
-1.53967e-11
2.75321e-09
-1.11384e-11
2.74648e-09
-8.07478e-12
2.74159e-09
-5.88887e-12
2.73803e-09
-4.29299e-12
2.73543e-09
-3.13067e-12
2.73354e-09
-2.28559e-12
2.73215e-09
-1.66954e-12
2.73114e-09
-1.22004e-12
2.7304e-09
-8.91914e-13
2.72986e-09
-6.5223e-13
2.72946e-09
-4.77055e-13
2.72917e-09
-3.48984e-13
2.72896e-09
-2.55325e-13
2.72881e-09
-1.86819e-13
2.72869e-09
-1.36699e-13
2.72861e-09
-1.00034e-13
2.72855e-09
-7.31994e-14
2.72851e-09
-5.3586e-14
2.72847e-09
-3.91956e-14
2.72845e-09
-2.8688e-14
2.72843e-09
-2.09987e-14
2.72842e-09
-1.53751e-14
2.72841e-09
-1.12502e-14
2.7284e-09
-8.23085e-15
2.7284e-09
-6.0195e-15
2.7284e-09
-4.40648e-15
2.72839e-09
-3.22318e-15
2.72839e-09
-2.35904e-15
2.72839e-09
-1.72638e-15
2.72839e-09
-1.26454e-15
2.72839e-09
-9.24816e-16
2.72839e-09
-6.76349e-16
2.72839e-09
-4.9404e-16
2.72839e-09
-3.61914e-16
2.72839e-09
-2.64983e-16
2.72839e-09
-1.9421e-16
2.72839e-09
-1.4248e-16
2.72839e-09
-1.0427e-16
2.72839e-09
-7.62131e-17
2.72839e-09
-5.50082e-17
-4.14958e-17
2.72839e-09
2.97938e-09
-2.96165e-09
2.33621e-09
-5.74523e-10
2.10552e-09
-9.77698e-11
2.03614e-09
-1.24753e-11
1.99946e-09
-1.64142e-11
1.96959e-09
-1.44443e-11
1.94893e-09
-8.76022e-12
1.93442e-09
-6.34708e-12
1.92378e-09
-4.75662e-12
1.91606e-09
-3.41683e-12
1.91047e-09
-2.47809e-12
1.90639e-09
-1.81118e-12
1.90342e-09
-1.32022e-12
1.90125e-09
-9.62821e-13
1.89966e-09
-7.03138e-13
1.89851e-09
-5.13673e-13
1.89766e-09
-3.75392e-13
1.89705e-09
-2.7445e-13
1.8966e-09
-2.00706e-13
1.89627e-09
-1.46804e-13
1.89602e-09
-1.07396e-13
1.89585e-09
-7.85737e-14
1.89572e-09
-5.74937e-14
1.89562e-09
-4.20674e-14
1.89555e-09
-3.07876e-14
1.8955e-09
-2.25207e-14
1.89547e-09
-1.65033e-14
1.89544e-09
-1.2057e-14
1.89542e-09
-8.82939e-15
1.8954e-09
-6.46257e-15
1.89539e-09
-4.73274e-15
1.89539e-09
-3.46194e-15
1.89538e-09
-2.53278e-15
1.89538e-09
-1.85195e-15
1.89537e-09
-1.35652e-15
1.89537e-09
-9.92046e-16
1.89537e-09
-7.25934e-16
1.89537e-09
-5.31246e-16
1.89537e-09
-3.8898e-16
1.89537e-09
-2.84515e-16
1.89537e-09
-2.07665e-16
1.89537e-09
-1.51736e-16
1.89537e-09
-1.11004e-16
1.89537e-09
-8.17446e-17
1.89536e-09
-5.96277e-17
1.89536e-09
-4.38503e-17
1.89536e-09
-3.18143e-17
1.89536e-09
-2.34458e-17
1.89536e-09
-1.66552e-17
-1.2665e-17
1.89536e-09
1.47418e-09
8.99653e-10
8.01883e-10
7.89408e-10
7.72994e-10
7.58549e-10
7.49789e-10
7.43442e-10
7.38686e-10
7.35269e-10
7.32791e-10
7.30979e-10
7.29659e-10
7.28696e-10
7.27993e-10
7.2748e-10
7.27104e-10
7.2683e-10
7.26629e-10
7.26482e-10
7.26375e-10
7.26296e-10
7.26239e-10
7.26197e-10
7.26166e-10
7.26143e-10
7.26127e-10
7.26115e-10
7.26106e-10
7.261e-10
7.26095e-10
7.26091e-10
7.26089e-10
7.26087e-10
7.26086e-10
7.26085e-10
7.26084e-10
7.26083e-10
7.26083e-10
7.26083e-10
7.26082e-10
7.26082e-10
7.26082e-10
7.26082e-10
7.26082e-10
7.26082e-10
7.26082e-10
7.26082e-10
7.26082e-10
7.26082e-10
3.82417e-10
-3.31227e-18
-2.71751e-18
3.82417e-10
1.13301e-09
-1.24752e-17
-1.02483e-17
1.13301e-09
1.83616e-09
-2.51668e-17
-2.06893e-17
1.83616e-09
2.45957e-09
-3.82269e-17
-3.14595e-17
2.45957e-09
2.97112e-09
-4.84081e-17
-3.98883e-17
2.97112e-09
3.33872e-09
-5.32396e-17
-4.39504e-17
3.33872e-09
3.53031e-09
-5.14838e-17
-4.25942e-17
3.53031e-09
3.51381e-09
-4.35198e-17
-3.6111e-17
3.51381e-09
3.25719e-09
-3.10591e-17
-2.58582e-17
3.25719e-09
2.72839e-09
-1.69984e-17
-1.42162e-17
2.72839e-09
1.89536e-09
-5.14922e-18
-4.38984e-18
1.89536e-09
7.26082e-10
7.26082e-10
3.82417e-10
-2.29997e-18
-1.95914e-18
3.82417e-10
1.13301e-09
-8.65963e-18
-7.39826e-18
1.13301e-09
1.83616e-09
-1.74699e-17
-1.49427e-17
1.83616e-09
2.45957e-09
-2.65495e-17
-2.27169e-17
2.45957e-09
2.97112e-09
-3.36463e-17
-2.87799e-17
2.97112e-09
3.33872e-09
-3.70428e-17
-3.16589e-17
3.33872e-09
3.53031e-09
-3.58563e-17
-3.05985e-17
3.53031e-09
3.51381e-09
-3.03322e-17
-2.58361e-17
3.51381e-09
3.25719e-09
-2.16418e-17
-1.83898e-17
3.25719e-09
2.72839e-09
-1.18268e-17
-1.00293e-17
2.72839e-09
1.89536e-09
-3.60236e-18
-3.06036e-18
1.89536e-09
7.26082e-10
7.26082e-10
3.82417e-10
-1.66441e-18
-1.39421e-18
3.82417e-10
1.13301e-09
-6.30842e-18
-5.3098e-18
1.13301e-09
1.83616e-09
-1.27641e-17
-1.07737e-17
1.83616e-09
2.45957e-09
-1.94192e-17
-1.64147e-17
2.45957e-09
2.97112e-09
-2.46029e-17
-2.0805e-17
2.97112e-09
3.33872e-09
-2.70501e-17
-2.28688e-17
3.33872e-09
3.53031e-09
-2.61165e-17
-2.20599e-17
3.53031e-09
3.51381e-09
-2.20206e-17
-1.85824e-17
3.51381e-09
3.25719e-09
-1.56464e-17
-1.31926e-17
3.25719e-09
2.72839e-09
-8.50111e-18
-7.1652e-18
2.72839e-09
1.89536e-09
-2.55171e-18
-2.17128e-18
1.89536e-09
7.26082e-10
7.26082e-10
3.82417e-10
-1.29008e-18
3.82417e-10
-1.03904e-18
3.82417e-10
-8.28997e-19
3.82417e-10
-6.56425e-19
3.82417e-10
-5.26993e-19
3.82417e-10
-4.34768e-19
3.82417e-10
-3.80346e-19
3.82417e-10
-3.5111e-19
3.82417e-10
-3.39342e-19
3.82417e-10
-3.3383e-19
3.82417e-10
-3.29838e-19
3.82417e-10
-3.19014e-19
3.82417e-10
-2.99401e-19
3.82417e-10
-2.70421e-19
3.82417e-10
-2.37757e-19
3.82417e-10
-2.02711e-19
3.82417e-10
-1.7019e-19
3.82417e-10
-1.40309e-19
3.82417e-10
-1.17741e-19
3.82417e-10
-9.7236e-20
3.82417e-10
-7.94749e-20
3.82417e-10
-6.11967e-20
3.82417e-10
-4.69927e-20
3.82417e-10
-3.3137e-20
3.82417e-10
-2.16889e-20
3.82417e-10
-1.16836e-20
3.82417e-10
-5.71906e-21
3.82417e-10
-4.79774e-21
3.82417e-10
2.06897e-21
3.82417e-10
-1.38833e-20
3.82417e-10
2.56698e-20
3.82417e-10
-8.51357e-20
3.82417e-10
1.96536e-19
3.82417e-10
-5.44487e-19
3.82417e-10
1.38316e-18
3.82417e-10
-3.64969e-18
3.82417e-10
9.53495e-18
3.82417e-10
-2.47556e-17
3.82417e-10
6.70885e-17
3.82417e-10
-1.67152e-16
3.82417e-10
5.21486e-16
3.82418e-10
-1.00904e-15
3.82412e-10
5.3255e-15
3.82412e-10
-1.35396e-16
3.82334e-10
7.89256e-14
3.82118e-10
2.16032e-13
3.80878e-10
1.23968e-12
4.70943e-12
3.76168e-10
1.13301e-09
-4.94135e-18
1.13301e-09
-4.00179e-18
1.13301e-09
-3.20672e-18
1.13301e-09
-2.53492e-18
1.13301e-09
-2.02131e-18
1.13301e-09
-1.63786e-18
1.13301e-09
-1.39989e-18
1.13301e-09
-1.25717e-18
1.13301e-09
-1.19724e-18
1.13301e-09
-1.16818e-18
1.13301e-09
-1.1614e-18
1.13301e-09
-1.13201e-18
1.13301e-09
-1.08191e-18
1.13301e-09
-9.91231e-19
1.13301e-09
-8.87062e-19
1.13301e-09
-7.62439e-19
1.13301e-09
-6.47119e-19
1.13301e-09
-5.32931e-19
1.13301e-09
-4.48733e-19
1.13301e-09
-3.68322e-19
1.13301e-09
-3.05938e-19
1.13301e-09
-2.37924e-19
1.13301e-09
-1.88557e-19
1.13301e-09
-1.33978e-19
1.13301e-09
-9.3633e-20
1.13301e-09
-5.17779e-20
1.13301e-09
-3.0467e-20
1.13301e-09
-1.5094e-20
1.13301e-09
-3.14474e-21
1.13301e-09
-2.21976e-20
1.13301e-09
3.00959e-20
1.13301e-09
-1.33579e-19
1.13301e-09
2.718e-19
1.13301e-09
-8.13688e-19
1.13301e-09
2.00538e-18
1.13301e-09
-5.37229e-18
1.13301e-09
1.41074e-17
1.13301e-09
-3.65088e-17
1.13301e-09
1.04238e-16
1.13301e-09
-2.48264e-16
1.13301e-09
9.39783e-16
1.13301e-09
-1.31577e-15
1.13301e-09
1.24614e-14
1.13299e-09
1.43631e-14
1.13284e-09
2.31162e-13
1.13214e-09
9.21205e-13
1.12919e-09
4.18331e-12
1.96597e-11
1.11424e-09
1.83616e-09
-1.00557e-17
1.83616e-09
-8.17523e-18
1.83616e-09
-6.56522e-18
1.83616e-09
-5.19196e-18
1.83616e-09
-4.1176e-18
1.83616e-09
-3.30604e-18
1.83616e-09
-2.77361e-18
1.83616e-09
-2.45012e-18
1.83616e-09
-2.30017e-18
1.83616e-09
-2.23696e-18
1.83616e-09
-2.22187e-18
1.83616e-09
-2.18588e-18
1.83616e-09
-2.10943e-18
1.83616e-09
-1.96076e-18
1.83616e-09
-1.76879e-18
1.83616e-09
-1.53703e-18
1.83616e-09
-1.30953e-18
1.83616e-09
-1.08549e-18
1.83616e-09
-9.07575e-19
1.83616e-09
-7.47938e-19
1.83616e-09
-6.21919e-19
1.83616e-09
-4.93431e-19
1.83616e-09
-3.89459e-19
1.83616e-09
-2.8405e-19
1.83616e-09
-2.00805e-19
1.83616e-09
-1.19355e-19
1.83616e-09
-6.69808e-20
1.83616e-09
-3.1486e-20
1.83616e-09
-1.16449e-20
1.83616e-09
-2.50241e-20
1.83616e-09
1.60501e-20
1.83616e-09
-1.28029e-19
1.83616e-09
1.98528e-19
1.83616e-09
-7.10642e-19
1.83616e-09
1.63326e-18
1.83616e-09
-4.5232e-18
1.83616e-09
1.2033e-17
1.83616e-09
-3.09562e-17
1.83616e-09
9.90698e-17
1.83616e-09
-2.15558e-16
1.83615e-09
1.14307e-15
1.83615e-09
-8.16173e-16
1.83615e-09
1.98667e-14
1.83612e-09
4.06932e-14
1.83592e-09
4.27849e-13
1.83482e-09
2.02937e-12
1.83054e-09
8.45927e-12
4.495e-11
1.80525e-09
2.45957e-09
-1.53393e-17
2.45957e-09
-1.25038e-17
2.45957e-09
-1.00505e-17
2.45957e-09
-7.95585e-18
2.45957e-09
-6.28712e-18
2.45957e-09
-5.01875e-18
2.45957e-09
-4.15439e-18
2.45957e-09
-3.62919e-18
2.45957e-09
-3.36991e-18
2.45957e-09
-3.26814e-18
2.45957e-09
-3.24116e-18
2.45957e-09
-3.21092e-18
2.45957e-09
-3.12232e-18
2.45957e-09
-2.93113e-18
2.45957e-09
-2.66054e-18
2.45957e-09
-2.33114e-18
2.45957e-09
-1.99366e-18
2.45957e-09
-1.65822e-18
2.45957e-09
-1.37957e-18
2.45957e-09
-1.14102e-18
2.45957e-09
-9.49556e-19
2.45957e-09
-7.6224e-19
2.45957e-09
-5.99254e-19
2.45957e-09
-4.46131e-19
2.45957e-09
-3.18384e-19
2.45957e-09
-1.96634e-19
2.45957e-09
-1.0728e-19
2.45957e-09
-5.18064e-20
2.45957e-09
-2.44715e-20
2.45957e-09
-2.59351e-20
2.45957e-09
-4.94183e-21
2.45957e-09
-1.00919e-19
2.45957e-09
6.81742e-20
2.45957e-09
-4.60348e-19
2.45957e-09
8.78275e-19
2.45957e-09
-2.67631e-18
2.45957e-09
7.40259e-18
2.45957e-09
-1.88324e-17
2.45957e-09
7.81012e-17
2.45957e-09
-1.42398e-16
2.45957e-09
1.27563e-15
2.45957e-09
-8.62687e-17
2.45956e-09
2.75736e-14
2.45953e-09
7.0636e-14
2.45931e-09
6.45629e-13
2.45796e-09
3.38273e-12
2.45281e-09
1.36039e-11
8.04974e-11
2.41727e-09
2.97112e-09
-1.94468e-17
2.97112e-09
-1.58758e-17
2.97112e-09
-1.2767e-17
2.97112e-09
-1.01112e-17
2.97112e-09
-7.96679e-18
2.97112e-09
-6.33644e-18
2.97112e-09
-5.18736e-18
2.97112e-09
-4.49698e-18
2.97112e-09
-4.13955e-18
2.97112e-09
-4.01214e-18
2.97112e-09
-3.96758e-18
2.97112e-09
-3.95784e-18
2.97112e-09
-3.86895e-18
2.97112e-09
-3.66722e-18
2.97112e-09
-3.33809e-18
2.97112e-09
-2.94715e-18
2.97112e-09
-2.52516e-18
2.97112e-09
-2.11139e-18
2.97112e-09
-1.74421e-18
2.97112e-09
-1.44894e-18
2.97112e-09
-1.20437e-18
2.97112e-09
-9.78939e-19
2.97112e-09
-7.61487e-19
2.97112e-09
-5.77505e-19
2.97112e-09
-4.11675e-19
2.97112e-09
-2.66581e-19
2.97112e-09
-1.37359e-19
2.97112e-09
-7.12341e-20
2.97112e-09
-3.33704e-20
2.97112e-09
-3.42946e-20
2.97112e-09
-1.35141e-20
2.97112e-09
-9.20572e-20
2.97112e-09
-8.86675e-21
2.97112e-09
-3.34884e-19
2.97112e-09
4.62601e-19
2.97112e-09
-1.68658e-18
2.97112e-09
5.02379e-18
2.97112e-09
-1.27193e-17
2.97112e-09
7.22257e-17
2.97112e-09
-1.13602e-16
2.97112e-09
1.49931e-15
2.97112e-09
2.30508e-16
2.97111e-09
3.54442e-14
2.97109e-09
9.48904e-14
2.97088e-09
8.51818e-13
2.96949e-09
4.77639e-12
2.96422e-09
1.88727e-11
1.2627e-10
2.91845e-09
3.33872e-09
-2.13587e-17
3.33872e-09
-1.74543e-17
3.33872e-09
-1.4033e-17
3.33872e-09
-1.11232e-17
3.33872e-09
-8.74544e-18
3.33872e-09
-6.93978e-18
3.33872e-09
-5.62899e-18
3.33872e-09
-4.85636e-18
3.33872e-09
-4.4422e-18
3.33872e-09
-4.30572e-18
3.33872e-09
-4.24457e-18
3.33872e-09
-4.26059e-18
3.33872e-09
-4.18456e-18
3.33872e-09
-3.99382e-18
3.33872e-09
-3.64147e-18
3.33872e-09
-3.23393e-18
3.33872e-09
-2.77561e-18
3.33872e-09
-2.32938e-18
3.33872e-09
-1.90974e-18
3.33872e-09
-1.59444e-18
3.33872e-09
-1.32564e-18
3.33872e-09
-1.08755e-18
3.33872e-09
-8.35139e-19
3.33872e-09
-6.4414e-19
3.33872e-09
-4.60438e-19
3.33872e-09
-3.0917e-19
3.33872e-09
-1.50554e-19
3.33872e-09
-8.7671e-20
3.33872e-09
-3.91118e-20
3.33872e-09
-5.60813e-20
3.33872e-09
5.97145e-21
3.33872e-09
-1.55589e-19
3.33872e-09
1.15054e-19
3.33872e-09
-7.12958e-19
3.33872e-09
1.39538e-18
3.33872e-09
-4.17064e-18
3.33872e-09
1.16775e-17
3.33872e-09
-3.02946e-17
3.33872e-09
1.25399e-16
3.33872e-09
-2.46791e-16
3.33872e-09
2.05652e-15
3.33872e-09
-6.90975e-16
3.33872e-09
4.37398e-14
3.33871e-09
1.03327e-13
3.33855e-09
1.01221e-12
3.33736e-09
5.96506e-12
3.33299e-09
2.32434e-11
1.8228e-10
3.27698e-09
3.53031e-09
-2.05745e-17
3.53031e-09
-1.68281e-17
3.53031e-09
-1.35209e-17
3.53031e-09
-1.07301e-17
3.53031e-09
-8.41715e-18
3.53031e-09
-6.67435e-18
3.53031e-09
-5.36039e-18
3.53031e-09
-4.6166e-18
3.53031e-09
-4.19714e-18
3.53031e-09
-4.08059e-18
3.53031e-09
-3.99711e-18
3.53031e-09
-4.04423e-18
3.53031e-09
-3.98495e-18
3.53031e-09
-3.83673e-18
3.53031e-09
-3.48873e-18
3.53031e-09
-3.12145e-18
3.53031e-09
-2.67834e-18
3.53031e-09
-2.26093e-18
3.53031e-09
-1.8314e-18
3.53031e-09
-1.54288e-18
3.53031e-09
-1.27715e-18
3.53031e-09
-1.0644e-18
3.53031e-09
-7.9713e-19
3.53031e-09
-6.31715e-19
3.53031e-09
-4.49005e-19
3.53031e-09
-3.18555e-19
3.53031e-09
-1.35408e-19
3.53031e-09
-9.71051e-20
3.53031e-09
-3.07921e-20
3.53031e-09
-1.03141e-19
3.53031e-09
8.90141e-20
3.53031e-09
-3.66721e-19
3.53031e-09
6.4305e-19
3.53031e-09
-2.10489e-18
3.53031e-09
5.01192e-18
3.53031e-09
-1.3587e-17
3.53031e-09
3.63259e-17
3.53031e-09
-9.4848e-17
3.53031e-09
2.96229e-16
3.53031e-09
-6.95584e-16
3.53031e-09
3.28842e-15
3.53031e-09
-3.86413e-15
3.5303e-09
5.34693e-14
3.53032e-09
8.57832e-14
3.53023e-09
1.10047e-12
3.52952e-09
6.66836e-12
3.52729e-09
2.54759e-11
2.48578e-10
3.46099e-09
3.51381e-09
-1.72929e-17
3.51381e-09
-1.41623e-17
3.51381e-09
-1.13608e-17
3.51381e-09
-9.03606e-18
3.51381e-09
-7.0748e-18
3.51381e-09
-5.61464e-18
3.51381e-09
-4.45594e-18
3.51381e-09
-3.84533e-18
3.51381e-09
-3.47785e-18
3.51381e-09
-3.39605e-18
3.51381e-09
-3.29665e-18
3.51381e-09
-3.3677e-18
3.51381e-09
-3.32663e-18
3.51381e-09
-3.22762e-18
3.51381e-09
-2.91927e-18
3.51381e-09
-2.63415e-18
3.51381e-09
-2.25837e-18
3.51381e-09
-1.9199e-18
3.51381e-09
-1.52739e-18
3.51381e-09
-1.30344e-18
3.51381e-09
-1.07653e-18
3.51381e-09
-9.1241e-19
3.51381e-09
-6.55241e-19
3.51381e-09
-5.4178e-19
3.51381e-09
-3.85072e-19
3.51381e-09
-2.9063e-19
3.51381e-09
-1.0016e-19
3.51381e-09
-1.03509e-19
3.51381e-09
-8.35438e-21
3.51381e-09
-1.7674e-19
3.51381e-09
2.59182e-19
3.51381e-09
-7.93038e-19
3.51381e-09
1.75898e-18
3.51381e-09
-4.98456e-18
3.51381e-09
1.25683e-17
3.51381e-09
-3.3212e-17
3.51381e-09
8.74574e-17
3.51381e-09
-2.28377e-16
3.51381e-09
6.40524e-16
3.51381e-09
-1.60389e-15
3.51381e-09
5.5299e-15
3.51382e-09
-1.0191e-14
3.5138e-09
6.60037e-14
3.51385e-09
3.45717e-14
3.51385e-09
1.10704e-12
3.51394e-09
6.57521e-12
3.51501e-09
2.44067e-11
3.24714e-10
3.43887e-09
3.25719e-09
-1.22333e-17
3.25719e-09
-1.00476e-17
3.25719e-09
-8.03037e-18
3.25719e-09
-6.41794e-18
3.25719e-09
-5.0054e-18
3.25719e-09
-3.99162e-18
3.25719e-09
-3.10429e-18
3.25719e-09
-2.70989e-18
3.25719e-09
-2.43328e-18
3.25719e-09
-2.40381e-18
3.25719e-09
-2.27873e-18
3.25719e-09
-2.37692e-18
3.25719e-09
-2.3435e-18
3.25719e-09
-2.30522e-18
3.25719e-09
-2.0494e-18
3.25719e-09
-1.88223e-18
3.25719e-09
-1.60396e-18
3.25719e-09
-1.38378e-18
3.25719e-09
-1.05851e-18
3.25719e-09
-9.34662e-19
3.25719e-09
-7.61923e-19
3.25719e-09
-6.68895e-19
3.25719e-09
-4.3846e-19
3.25719e-09
-3.97321e-19
3.25719e-09
-2.74219e-19
3.25719e-09
-2.32557e-19
3.25719e-09
-3.98579e-20
3.25719e-09
-1.06731e-19
3.25719e-09
3.66798e-20
3.25719e-09
-2.76186e-19
3.25719e-09
5.19658e-19
3.25719e-09
-1.42126e-18
3.25719e-09
3.43595e-18
3.25719e-09
-9.27829e-18
3.25719e-09
2.38516e-17
3.25719e-09
-6.24865e-17
3.25719e-09
1.63587e-16
3.25719e-09
-4.26875e-16
3.25719e-09
1.14756e-15
3.25719e-09
-2.9406e-15
3.25718e-09
8.69794e-15
3.25719e-09
-1.93822e-14
3.25718e-09
8.07177e-14
3.25726e-09
-4.78949e-14
3.25733e-09
1.03702e-12
3.25851e-09
5.39545e-12
3.26324e-09
1.96821e-11
4.058e-10
3.18215e-09
2.72839e-09
-6.59697e-18
2.72839e-09
-5.4561e-18
2.72839e-09
-4.31008e-18
2.72839e-09
-3.49537e-18
2.72839e-09
-2.69734e-18
2.72839e-09
-2.18891e-18
2.72839e-09
-1.62121e-18
2.72839e-09
-1.47872e-18
2.72839e-09
-1.29925e-18
2.72839e-09
-1.33008e-18
2.72839e-09
-1.18566e-18
2.72839e-09
-1.30405e-18
2.72839e-09
-1.26696e-18
2.72839e-09
-1.28389e-18
2.72839e-09
-1.08269e-18
2.72839e-09
-1.0432e-18
2.72839e-09
-8.66561e-19
2.72839e-09
-7.78101e-19
2.72839e-09
-5.36966e-19
2.72839e-09
-5.27066e-19
2.72839e-09
-4.08801e-19
2.72839e-09
-3.90877e-19
2.72839e-09
-1.9759e-19
2.72839e-09
-2.34196e-19
2.72839e-09
-1.40474e-19
2.72839e-09
-1.57032e-19
2.72839e-09
2.8257e-20
2.72839e-09
-9.83892e-20
2.72839e-09
8.97147e-20
2.72839e-09
-3.51927e-19
2.72839e-09
7.59924e-19
2.72839e-09
-1.97006e-18
2.72839e-09
4.93415e-18
2.72839e-09
-1.30618e-17
2.72839e-09
3.38324e-17
2.72839e-09
-8.83319e-17
2.72839e-09
2.30654e-16
2.72839e-09
-6.01517e-16
2.72839e-09
1.58786e-15
2.72839e-09
-4.10473e-15
2.72838e-09
1.12881e-14
2.72839e-09
-2.73493e-14
2.72838e-09
8.87443e-14
2.72847e-09
-1.31039e-13
2.72863e-09
8.75902e-13
2.73089e-09
3.12982e-12
2.73796e-09
1.26176e-11
4.66167e-10
2.67759e-09
1.89536e-09
-1.93431e-18
1.89536e-09
-1.66222e-18
1.89536e-09
-1.22003e-18
1.89536e-09
-1.07641e-18
1.89536e-09
-7.73959e-19
1.89536e-09
-6.92199e-19
1.89536e-09
-4.13052e-19
1.89536e-09
-4.83654e-19
1.89536e-09
-3.78396e-19
1.89536e-09
-4.53646e-19
1.89536e-09
-3.10654e-19
1.89536e-09
-4.39803e-19
1.89536e-09
-3.81132e-19
1.89536e-09
-4.33149e-19
1.89536e-09
-2.88953e-19
1.89536e-09
-3.48818e-19
1.89536e-09
-2.45569e-19
1.89536e-09
-2.6973e-19
1.89536e-09
-1.09216e-19
1.89536e-09
-1.91556e-19
1.89536e-09
-1.04258e-19
1.89536e-09
-1.54099e-19
1.89536e-09
-2.28912e-21
1.89536e-09
-1.01657e-19
1.89536e-09
-2.16507e-20
1.89536e-09
-8.40727e-20
1.89536e-09
7.18014e-20
1.89536e-09
-7.62264e-20
1.89536e-09
9.20176e-20
1.89536e-09
-2.7253e-19
1.89536e-09
6.18998e-19
1.89536e-09
-1.53649e-18
1.89536e-09
3.88696e-18
1.89536e-09
-1.01972e-17
1.89536e-09
2.64776e-17
1.89536e-09
-6.90061e-17
1.89536e-09
1.79962e-16
1.89536e-09
-4.69127e-16
1.89536e-09
1.22872e-15
1.89536e-09
-3.18684e-15
1.89537e-09
8.48103e-15
1.89536e-09
-2.12951e-14
1.89539e-09
6.09356e-14
1.89538e-09
-1.22547e-13
1.89575e-09
5.01071e-13
1.89807e-09
8.18889e-13
1.90581e-09
4.87341e-12
4.14541e-10
1.95744e-09
7.26082e-10
7.26082e-10
7.26082e-10
7.26082e-10
7.26082e-10
7.26082e-10
7.26082e-10
7.26082e-10
7.26082e-10
7.26082e-10
7.26082e-10
7.26082e-10
7.26082e-10
7.26082e-10
7.26082e-10
7.26082e-10
7.26082e-10
7.26082e-10
7.26082e-10
7.26082e-10
7.26082e-10
7.26082e-10
7.26082e-10
7.26082e-10
7.26082e-10
7.26082e-10
7.26082e-10
7.26082e-10
7.26082e-10
7.26082e-10
7.26082e-10
7.26082e-10
7.26082e-10
7.26082e-10
7.26082e-10
7.26082e-10
7.26082e-10
7.26082e-10
7.26083e-10
7.2608e-10
7.26088e-10
7.26067e-10
7.26128e-10
7.26005e-10
7.26506e-10
7.27325e-10
7.32199e-10
1.14674e-09
3.73348e-10
2.82086e-12
3.70102e-10
3.24598e-12
3.66758e-10
3.34392e-12
3.63412e-10
3.34583e-12
3.6007e-10
3.34152e-12
3.56739e-10
3.33105e-12
3.53418e-10
3.32131e-12
3.50096e-10
3.32166e-12
3.46765e-10
3.33089e-12
3.43422e-10
3.34386e-12
3.40064e-10
3.35724e-12
3.36695e-10
3.36911e-12
3.33317e-10
3.37801e-12
3.29934e-10
3.38293e-12
3.26551e-10
3.38333e-12
3.23172e-10
3.37904e-12
3.19802e-10
3.37009e-12
3.16445e-10
3.35663e-12
3.13106e-10
3.33895e-12
3.09789e-10
3.31736e-12
3.06497e-10
3.29222e-12
3.03233e-10
3.26391e-12
3e-10
3.23279e-12
2.96801e-10
3.19921e-12
2.93637e-10
3.16352e-12
2.90511e-10
3.12603e-12
2.87424e-10
3.08703e-12
2.84377e-10
3.0468e-12
2.81372e-10
3.00558e-12
2.78408e-10
2.96358e-12
2.75487e-10
2.92101e-12
2.72609e-10
2.87805e-12
2.69774e-10
2.83484e-12
2.66983e-10
2.79152e-12
2.64235e-10
2.74823e-12
2.61529e-10
2.70506e-12
2.58867e-10
2.6621e-12
2.56248e-10
2.61945e-12
2.53671e-10
2.57717e-12
2.51135e-10
2.53532e-12
2.48641e-10
2.49394e-12
2.46188e-10
2.4531e-12
2.43776e-10
2.41281e-12
2.41402e-10
2.3731e-12
2.39068e-10
2.33401e-12
2.36773e-10
2.29553e-12
2.34515e-10
2.25768e-12
2.32295e-10
2.22047e-12
2.30111e-10
2.18392e-12
2.27963e-10
2.14803e-12
2.2585e-10
2.11281e-12
2.23772e-10
2.07827e-12
2.21727e-10
2.0444e-12
2.19716e-10
2.0112e-12
2.17737e-10
1.97866e-12
2.15791e-10
1.94678e-12
2.13875e-10
1.91555e-12
2.1199e-10
1.88496e-12
2.10135e-10
1.855e-12
2.0831e-10
1.82567e-12
2.06513e-10
1.79696e-12
2.04744e-10
1.76884e-12
2.03002e-10
1.74133e-12
2.01288e-10
1.71439e-12
1.996e-10
1.68803e-12
1.97938e-10
1.66223e-12
1.96301e-10
1.63699e-12
1.94688e-10
1.61228e-12
1.931e-10
1.5881e-12
1.91536e-10
1.56444e-12
1.89995e-10
1.54128e-12
1.88476e-10
1.51863e-12
1.8698e-10
1.49645e-12
1.85505e-10
1.47476e-12
1.84051e-10
1.45352e-12
1.82619e-10
1.43274e-12
1.81206e-10
1.4124e-12
1.79814e-10
1.3925e-12
1.78441e-10
1.37302e-12
1.77087e-10
1.35395e-12
1.75751e-10
1.33528e-12
1.74434e-10
1.31701e-12
1.73135e-10
1.29912e-12
1.71854e-10
1.28161e-12
1.70589e-10
1.26446e-12
1.69342e-10
1.24767e-12
1.6811e-10
1.23123e-12
1.66895e-10
1.21513e-12
1.65696e-10
1.19936e-12
1.64512e-10
1.18392e-12
1.63343e-10
1.16879e-12
1.62189e-10
1.15397e-12
1.6105e-10
1.13946e-12
1.59924e-10
1.12523e-12
1.58813e-10
1.1113e-12
1.57715e-10
1.09764e-12
1.56631e-10
1.08426e-12
1.5556e-10
1.07115e-12
1.54502e-10
1.0583e-12
1.53456e-10
1.0457e-12
1.52423e-10
1.03335e-12
1.51401e-10
1.02125e-12
1.50392e-10
1.00938e-12
1.49394e-10
9.97742e-13
1.48408e-10
9.86331e-13
1.47433e-10
9.75141e-13
1.46469e-10
9.64167e-13
1.45515e-10
9.53403e-13
1.44572e-10
9.42846e-13
1.4364e-10
9.32489e-13
1.42718e-10
9.22328e-13
1.41805e-10
9.1236e-13
1.40903e-10
9.02579e-13
1.4001e-10
8.92981e-13
1.39126e-10
8.83562e-13
1.38252e-10
8.74318e-13
1.37387e-10
8.65245e-13
1.3653e-10
8.5634e-13
1.35683e-10
8.47597e-13
1.34844e-10
8.39015e-13
1.34013e-10
8.30588e-13
1.33191e-10
8.22314e-13
1.32377e-10
8.1419e-13
1.3157e-10
8.06212e-13
1.30772e-10
7.98376e-13
1.29981e-10
7.9068e-13
1.29198e-10
7.83121e-13
1.28422e-10
7.75696e-13
1.27654e-10
7.68401e-13
1.26893e-10
7.61235e-13
1.26139e-10
7.54194e-13
1.25391e-10
7.47275e-13
1.24651e-10
7.40476e-13
1.23917e-10
7.33795e-13
1.2319e-10
7.27229e-13
1.22469e-10
7.20775e-13
1.21755e-10
7.14431e-13
1.21046e-10
7.08195e-13
1.20344e-10
7.02065e-13
1.19648e-10
6.96038e-13
1.18958e-10
6.90112e-13
1.18274e-10
6.84285e-13
1.17595e-10
6.78556e-13
1.16922e-10
6.72921e-13
1.16255e-10
6.6738e-13
1.15593e-10
6.6193e-13
1.14937e-10
6.56569e-13
1.14285e-10
6.51296e-13
1.13639e-10
6.46109e-13
1.12998e-10
6.41006e-13
1.12362e-10
6.35985e-13
1.11731e-10
6.31045e-13
1.11105e-10
6.26184e-13
1.10484e-10
6.21402e-13
1.09867e-10
6.16695e-13
1.09255e-10
6.12063e-13
1.08647e-10
6.07504e-13
1.08044e-10
6.03016e-13
1.07446e-10
5.986e-13
1.06851e-10
5.94252e-13
1.06261e-10
5.89972e-13
1.05676e-10
5.85758e-13
1.05094e-10
5.8161e-13
1.04517e-10
5.77526e-13
1.03943e-10
5.73504e-13
1.03374e-10
5.69544e-13
1.02808e-10
5.65644e-13
1.02246e-10
5.61804e-13
1.01688e-10
5.58021e-13
1.01134e-10
5.54296e-13
1.00583e-10
5.50627e-13
1.00036e-10
5.47013e-13
9.94927e-11
5.43453e-13
9.89527e-11
5.39946e-13
9.84162e-11
5.36491e-13
9.78831e-11
5.33087e-13
9.73534e-11
5.29734e-13
9.6827e-11
5.2643e-13
9.63038e-11
5.23174e-13
9.57838e-11
5.19966e-13
9.5267e-11
5.16804e-13
9.47533e-11
5.13689e-13
9.42427e-11
5.10619e-13
9.37351e-11
5.07592e-13
9.32305e-11
5.0461e-13
9.27289e-11
5.0167e-13
9.22301e-11
4.98773e-13
9.17342e-11
4.95916e-13
9.12411e-11
4.93101e-13
9.07507e-11
4.90325e-13
9.02632e-11
4.87589e-13
8.97783e-11
4.84891e-13
8.9296e-11
4.82231e-13
8.88164e-11
4.79608e-13
8.83394e-11
4.77022e-13
8.78649e-11
4.74473e-13
8.7393e-11
4.71958e-13
8.69235e-11
4.69479e-13
8.64565e-11
4.67034e-13
8.59918e-11
4.64623e-13
8.55296e-11
4.62245e-13
8.50697e-11
4.599e-13
8.46121e-11
4.57587e-13
8.41568e-11
4.55305e-13
8.37037e-11
4.53055e-13
8.32529e-11
4.50836e-13
8.28043e-11
4.48646e-13
8.23578e-11
4.46487e-13
8.19134e-11
4.44356e-13
8.14712e-11
4.42254e-13
8.1031e-11
4.40181e-13
8.05928e-11
4.38135e-13
8.01567e-11
4.36117e-13
7.97226e-11
4.34125e-13
7.92904e-11
4.3216e-13
7.88602e-11
4.30221e-13
7.84319e-11
4.28308e-13
7.80055e-11
4.26419e-13
7.75809e-11
4.24555e-13
7.71582e-11
4.22716e-13
7.67373e-11
4.209e-13
7.63182e-11
4.19107e-13
7.59009e-11
4.17338e-13
7.54853e-11
4.15591e-13
7.50714e-11
4.13866e-13
7.46593e-11
4.12162e-13
7.42488e-11
4.1048e-13
7.384e-11
4.08819e-13
7.34328e-11
4.07179e-13
7.30272e-11
4.05559e-13
7.26233e-11
4.03958e-13
7.22209e-11
4.02377e-13
7.18201e-11
4.00816e-13
7.14208e-11
3.99274e-13
7.10231e-11
3.9775e-13
7.06268e-11
3.96246e-13
7.0232e-11
3.9476e-13
6.98388e-11
3.93293e-13
6.94469e-11
3.91844e-13
6.90565e-11
3.90414e-13
6.86675e-11
3.89003e-13
6.82799e-11
3.8761e-13
6.78936e-11
3.86237e-13
6.75088e-11
3.84882e-13
6.71252e-11
3.83547e-13
6.6743e-11
3.82232e-13
6.6362e-11
3.80936e-13
6.59824e-11
3.79661e-13
6.5604e-11
3.78406e-13
6.52268e-11
3.77171e-13
6.48509e-11
3.75957e-13
6.44761e-11
3.74763e-13
6.41025e-11
3.7359e-13
6.37301e-11
3.72438e-13
6.33588e-11
3.71305e-13
6.29886e-11
3.70192e-13
6.26195e-11
3.69098e-13
6.22514e-11
3.68022e-13
6.18845e-11
3.66962e-13
6.15186e-11
3.65919e-13
6.11537e-11
3.6489e-13
6.07898e-11
3.63874e-13
6.04269e-11
3.62868e-13
6.00651e-11
3.61873e-13
5.97042e-11
3.60884e-13
5.93443e-11
3.59902e-13
5.89853e-11
3.58925e-13
5.86274e-11
3.57951e-13
5.82704e-11
3.56981e-13
5.79144e-11
3.56015e-13
5.75593e-11
3.55054e-13
5.72052e-11
3.54102e-13
5.68521e-11
3.53165e-13
5.64998e-11
3.52248e-13
5.61485e-11
3.51361e-13
5.5798e-11
3.50518e-13
5.54482e-11
3.49733e-13
5.50992e-11
3.49028e-13
5.47508e-11
3.48425e-13
5.44028e-11
3.47955e-13
5.40552e-11
3.47648e-13
5.37076e-11
3.47546e-13
5.33599e-11
3.47688e-13
5.30118e-11
3.48125e-13
5.26629e-11
3.48903e-13
5.23128e-11
3.50078e-13
5.19611e-11
3.51698e-13
5.16073e-11
3.53812e-13
5.12508e-11
3.56457e-13
5.08912e-11
3.59659e-13
5.05278e-11
3.63414e-13
5.01601e-11
3.67688e-13
4.97877e-11
3.7239e-13
4.94103e-11
3.77359e-13
4.9028e-11
3.82329e-13
4.86411e-11
3.86894e-13
4.82506e-11
3.90456e-13
4.78585e-11
3.92157e-13
4.74677e-11
3.90784e-13
4.7083e-11
3.84643e-13
4.67116e-11
3.71391e-13
4.63638e-11
3.47792e-13
4.60544e-11
3.094e-13
4.58044e-11
2.50065e-13
4.5643e-11
1.61306e-13
4.56117e-11
3.13005e-14
4.57682e-11
-1.56469e-13
4.61935e-11
-4.25332e-13
4.7002e-11
-8.0844e-13
4.83552e-11
-1.35328e-12
5.04836e-11
-2.12837e-12
5.37149e-11
-3.23129e-12
5.85182e-11
-4.80335e-12
6.55473e-11
-7.02905e-12
7.57215e-11
-1.01742e-11
9.01723e-11
-1.44508e-11
1.10333e-10
-2.01607e-11
1.37321e-10
-2.69882e-11
1.70863e-10
-3.35424e-11
-3.96425e-11
2.10506e-10
1.10574e-09
1.13226e-11
1.09612e-09
1.28643e-11
1.08608e-09
1.33806e-11
1.07601e-09
1.34212e-11
1.06598e-09
1.33718e-11
1.056e-09
1.33106e-11
1.04605e-09
1.32684e-11
1.03611e-09
1.32647e-11
1.02615e-09
1.32892e-11
1.01617e-09
1.3325e-11
1.00617e-09
1.3361e-11
9.96146e-10
1.33894e-11
9.86119e-10
1.34047e-11
9.76098e-10
1.34039e-11
9.66096e-10
1.33856e-11
9.56125e-10
1.33496e-11
9.46199e-10
1.32964e-11
9.36328e-10
1.3227e-11
9.26525e-10
1.31426e-11
9.16798e-10
1.30445e-11
9.07156e-10
1.29343e-11
8.97606e-10
1.28132e-11
8.88157e-10
1.26826e-11
8.78812e-10
1.25438e-11
8.69577e-10
1.23981e-11
8.60457e-10
1.22465e-11
8.51454e-10
1.20901e-11
8.42571e-10
1.19298e-11
8.3381e-10
1.17664e-11
8.25173e-10
1.16007e-11
8.16661e-10
1.14334e-11
8.08274e-10
1.1265e-11
8.00012e-10
1.10961e-11
7.91877e-10
1.09272e-11
7.83866e-10
1.07587e-11
7.7598e-10
1.05909e-11
7.68218e-10
1.04242e-11
7.60579e-10
1.02588e-11
7.53061e-10
1.0095e-11
7.45663e-10
9.93291e-12
7.38384e-10
9.77281e-12
7.31223e-10
9.61479e-12
7.24177e-10
9.45898e-12
7.17244e-10
9.30546e-12
7.10424e-10
9.15431e-12
7.03714e-10
9.00554e-12
6.97112e-10
8.85921e-12
6.90617e-10
8.71535e-12
6.84227e-10
8.574e-12
6.7794e-10
8.43522e-12
6.71754e-10
8.299e-12
6.65667e-10
8.16535e-12
6.59677e-10
8.03428e-12
6.53782e-10
7.90576e-12
6.47981e-10
7.77977e-12
6.42272e-10
7.6563e-12
6.36652e-10
7.53531e-12
6.3112e-10
7.41677e-12
6.25675e-10
7.30065e-12
6.20313e-10
7.18691e-12
6.15035e-10
7.07553e-12
6.09837e-10
6.96645e-12
6.04719e-10
6.85964e-12
5.99678e-10
6.75506e-12
5.94714e-10
6.65267e-12
5.89823e-10
6.55243e-12
5.85006e-10
6.4543e-12
5.8026e-10
6.35824e-12
5.75584e-10
6.2642e-12
5.70976e-10
6.17215e-12
5.66436e-10
6.08204e-12
5.6196e-10
5.99384e-12
5.57549e-10
5.90749e-12
5.53201e-10
5.82296e-12
5.48914e-10
5.74022e-12
5.44688e-10
5.65921e-12
5.4052e-10
5.57991e-12
5.36411e-10
5.50227e-12
5.32357e-10
5.42626e-12
5.2836e-10
5.35184e-12
5.24416e-10
5.27897e-12
5.20525e-10
5.20761e-12
5.16687e-10
5.13774e-12
5.12899e-10
5.06931e-12
5.09161e-10
5.00229e-12
5.05472e-10
4.93665e-12
5.01831e-10
4.87235e-12
4.98237e-10
4.80937e-12
4.94688e-10
4.74767e-12
4.91185e-10
4.68723e-12
4.87726e-10
4.628e-12
4.8431e-10
4.56998e-12
4.80936e-10
4.51312e-12
4.77604e-10
4.45739e-12
4.74313e-10
4.40279e-12
4.71061e-10
4.34926e-12
4.67848e-10
4.2968e-12
4.64674e-10
4.24538e-12
4.61538e-10
4.19497e-12
4.58438e-10
4.14554e-12
4.55374e-10
4.09708e-12
4.52346e-10
4.04957e-12
4.49352e-10
4.00297e-12
4.46393e-10
3.95728e-12
4.43466e-10
3.91246e-12
4.40573e-10
3.86851e-12
4.37712e-10
3.82539e-12
4.34882e-10
3.78309e-12
4.32083e-10
3.74159e-12
4.29315e-10
3.70087e-12
4.26576e-10
3.66092e-12
4.23867e-10
3.62172e-12
4.21186e-10
3.58325e-12
4.18534e-10
3.54549e-12
4.15909e-10
3.50842e-12
4.13311e-10
3.47204e-12
4.1074e-10
3.43633e-12
4.08195e-10
3.40127e-12
4.05676e-10
3.36685e-12
4.03182e-10
3.33305e-12
4.00713e-10
3.29986e-12
3.98268e-10
3.26726e-12
3.95847e-10
3.23525e-12
3.93449e-10
3.20381e-12
3.91075e-10
3.17293e-12
3.88723e-10
3.1426e-12
3.86393e-10
3.1128e-12
3.84085e-10
3.08352e-12
3.81799e-10
3.05476e-12
3.79534e-10
3.02649e-12
3.77289e-10
2.99872e-12
3.75065e-10
2.97142e-12
3.72861e-10
2.9446e-12
3.70676e-10
2.91824e-12
3.68511e-10
2.89232e-12
3.66365e-10
2.86685e-12
3.64238e-10
2.84181e-12
3.62129e-10
2.81719e-12
3.60038e-10
2.79298e-12
3.57965e-10
2.76918e-12
3.55909e-10
2.74578e-12
3.53871e-10
2.72276e-12
3.51849e-10
2.70013e-12
3.49844e-10
2.67787e-12
3.47855e-10
2.65598e-12
3.45883e-10
2.63444e-12
3.43926e-10
2.61325e-12
3.41985e-10
2.59241e-12
3.40059e-10
2.57191e-12
3.38149e-10
2.55174e-12
3.36253e-10
2.53189e-12
3.34371e-10
2.51235e-12
3.32504e-10
2.49313e-12
3.30652e-10
2.47422e-12
3.28813e-10
2.4556e-12
3.26987e-10
2.43728e-12
3.25176e-10
2.41925e-12
3.23377e-10
2.4015e-12
3.21592e-10
2.38402e-12
3.19819e-10
2.36682e-12
3.18059e-10
2.34988e-12
3.16312e-10
2.33321e-12
3.14577e-10
2.31679e-12
3.12854e-10
2.30062e-12
3.11142e-10
2.2847e-12
3.09443e-10
2.26903e-12
3.07755e-10
2.25359e-12
3.06078e-10
2.23838e-12
3.04413e-10
2.2234e-12
3.02759e-10
2.20865e-12
3.01115e-10
2.19412e-12
2.99482e-10
2.17981e-12
2.9786e-10
2.16571e-12
2.96248e-10
2.15182e-12
2.94647e-10
2.13813e-12
2.93055e-10
2.12465e-12
2.91473e-10
2.11136e-12
2.89902e-10
2.09827e-12
2.88339e-10
2.08537e-12
2.86787e-10
2.07266e-12
2.85243e-10
2.06013e-12
2.83709e-10
2.04778e-12
2.82184e-10
2.03561e-12
2.80668e-10
2.02362e-12
2.79161e-10
2.0118e-12
2.77663e-10
2.00014e-12
2.76173e-10
1.98866e-12
2.74691e-10
1.97733e-12
2.73218e-10
1.96617e-12
2.71753e-10
1.95517e-12
2.70297e-10
1.94432e-12
2.68848e-10
1.93362e-12
2.67407e-10
1.92307e-12
2.65974e-10
1.91267e-12
2.64549e-10
1.90241e-12
2.63131e-10
1.8923e-12
2.6172e-10
1.88233e-12
2.60317e-10
1.8725e-12
2.58922e-10
1.8628e-12
2.57533e-10
1.85323e-12
2.56152e-10
1.8438e-12
2.54777e-10
1.83449e-12
2.53409e-10
1.82532e-12
2.52048e-10
1.81627e-12
2.50694e-10
1.80734e-12
2.49346e-10
1.79853e-12
2.48005e-10
1.78984e-12
2.4667e-10
1.78127e-12
2.45342e-10
1.77282e-12
2.4402e-10
1.76448e-12
2.42704e-10
1.75625e-12
2.41394e-10
1.74813e-12
2.4009e-10
1.74011e-12
2.38791e-10
1.73221e-12
2.37499e-10
1.72441e-12
2.36213e-10
1.71671e-12
2.34932e-10
1.70911e-12
2.33657e-10
1.70162e-12
2.32387e-10
1.69422e-12
2.31123e-10
1.68691e-12
2.29864e-10
1.6797e-12
2.28611e-10
1.67258e-12
2.27362e-10
1.66556e-12
2.26119e-10
1.65862e-12
2.24881e-10
1.65177e-12
2.23649e-10
1.645e-12
2.22421e-10
1.63832e-12
2.21198e-10
1.63173e-12
2.1998e-10
1.62521e-12
2.18767e-10
1.61878e-12
2.17558e-10
1.61242e-12
2.16354e-10
1.60614e-12
2.15155e-10
1.59994e-12
2.13961e-10
1.59381e-12
2.12771e-10
1.58776e-12
2.11585e-10
1.58179e-12
2.10404e-10
1.57589e-12
2.09227e-10
1.57006e-12
2.08055e-10
1.56431e-12
2.06887e-10
1.55863e-12
2.05723e-10
1.55302e-12
2.04563e-10
1.54749e-12
2.03407e-10
1.54204e-12
2.02255e-10
1.53666e-12
2.01107e-10
1.53136e-12
1.99963e-10
1.52614e-12
1.98823e-10
1.52099e-12
1.97687e-10
1.51593e-12
1.96554e-10
1.51095e-12
1.95426e-10
1.50604e-12
1.943e-10
1.50122e-12
1.93179e-10
1.49648e-12
1.9206e-10
1.49182e-12
1.90946e-10
1.48724e-12
1.89834e-10
1.48274e-12
1.88726e-10
1.47831e-12
1.87621e-10
1.47396e-12
1.8652e-10
1.46968e-12
1.85421e-10
1.46546e-12
1.84326e-10
1.46131e-12
1.83233e-10
1.4572e-12
1.82144e-10
1.45315e-12
1.81058e-10
1.44913e-12
1.79975e-10
1.44515e-12
1.78894e-10
1.4412e-12
1.77817e-10
1.43726e-12
1.76742e-10
1.43334e-12
1.75671e-10
1.42942e-12
1.74602e-10
1.42552e-12
1.73537e-10
1.42162e-12
1.72474e-10
1.41774e-12
1.71414e-10
1.41389e-12
1.70357e-10
1.41008e-12
1.69303e-10
1.40635e-12
1.68252e-10
1.40273e-12
1.67203e-10
1.39928e-12
1.66157e-10
1.39605e-12
1.65113e-10
1.39312e-12
1.64071e-10
1.39059e-12
1.6303e-10
1.38857e-12
1.61991e-10
1.3872e-12
1.60951e-10
1.38662e-12
1.59912e-10
1.387e-12
1.58872e-10
1.38854e-12
1.57829e-10
1.39143e-12
1.56783e-10
1.39587e-12
1.55733e-10
1.40207e-12
1.54677e-10
1.41021e-12
1.53613e-10
1.42045e-12
1.5254e-10
1.43287e-12
1.51456e-10
1.44748e-12
1.50359e-10
1.46413e-12
1.49249e-10
1.48246e-12
1.48125e-10
1.50183e-12
1.46986e-10
1.52119e-12
1.45834e-10
1.53892e-12
1.44672e-10
1.55265e-12
1.43505e-10
1.55899e-12
1.42343e-10
1.55312e-12
1.41199e-10
1.52834e-12
1.40095e-10
1.47535e-12
1.39061e-10
1.38135e-12
1.38142e-10
1.2287e-12
1.37399e-10
9.93065e-13
1.3692e-10
6.4084e-13
1.36826e-10
1.25261e-13
1.37288e-10
-6.19094e-13
1.38547e-10
-1.68454e-12
1.40941e-10
-3.20228e-12
1.44948e-10
-5.36028e-12
1.51249e-10
-8.42936e-12
1.60815e-10
-1.27972e-11
1.75032e-10
-1.90214e-11
1.95855e-10
-2.78521e-11
2.26005e-10
-4.03245e-11
2.69e-10
-5.74452e-11
3.29054e-10
-8.02157e-11
4.10461e-10
-1.08395e-10
5.11267e-10
-1.34349e-10
-1.63127e-10
6.34751e-10
1.79094e-09
2.56339e-11
1.7748e-09
2.90022e-11
1.758e-09
3.0176e-11
1.74117e-09
3.02529e-11
1.72446e-09
3.00845e-11
1.70787e-09
2.98963e-11
1.69138e-09
2.97636e-11
1.67493e-09
2.97099e-11
1.65852e-09
2.97039e-11
1.64213e-09
2.97123e-11
1.62578e-09
2.97149e-11
1.60947e-09
2.96966e-11
1.59323e-09
2.96478e-11
1.57707e-09
2.95646e-11
1.56101e-09
2.94466e-11
1.54506e-09
2.92949e-11
1.52925e-09
2.91117e-11
1.51357e-09
2.88997e-11
1.49805e-09
2.8662e-11
1.4827e-09
2.84015e-11
1.46751e-09
2.8121e-11
1.4525e-09
2.78233e-11
1.43767e-09
2.7511e-11
1.42303e-09
2.71862e-11
1.40858e-09
2.68512e-11
1.39431e-09
2.65077e-11
1.38025e-09
2.61576e-11
1.36637e-09
2.58025e-11
1.3527e-09
2.54435e-11
1.33922e-09
2.50821e-11
1.32593e-09
2.47193e-11
1.31284e-09
2.43561e-11
1.29994e-09
2.39933e-11
1.28724e-09
2.36317e-11
1.27472e-09
2.3272e-11
1.2624e-09
2.29147e-11
1.25026e-09
2.25604e-11
1.23831e-09
2.22094e-11
1.22655e-09
2.18623e-11
1.21496e-09
2.15192e-11
1.20355e-09
2.11806e-11
1.19232e-09
2.08466e-11
1.18126e-09
2.05174e-11
1.17037e-09
2.01931e-11
1.15965e-09
1.98738e-11
1.1491e-09
1.95596e-11
1.13871e-09
1.92505e-11
1.12848e-09
1.89465e-11
1.1184e-09
1.86478e-11
1.10849e-09
1.83543e-11
1.09872e-09
1.80662e-11
1.0891e-09
1.77835e-11
1.07963e-09
1.7506e-11
1.0703e-09
1.72338e-11
1.06111e-09
1.69668e-11
1.05206e-09
1.67051e-11
1.04315e-09
1.64484e-11
1.03437e-09
1.61968e-11
1.02572e-09
1.59502e-11
1.0172e-09
1.57084e-11
1.0088e-09
1.54716e-11
1.00053e-09
1.52395e-11
9.92379e-10
1.50121e-11
9.84345e-10
1.47893e-11
9.76426e-10
1.4571e-11
9.68622e-10
1.43572e-11
9.60928e-10
1.41478e-11
9.53344e-10
1.39426e-11
9.45866e-10
1.37416e-11
9.38494e-10
1.35448e-11
9.31224e-10
1.3352e-11
9.24054e-10
1.31632e-11
9.16984e-10
1.29782e-11
9.1001e-10
1.2797e-11
9.0313e-10
1.26195e-11
8.96344e-10
1.24457e-11
8.89648e-10
1.22754e-11
8.83042e-10
1.21086e-11
8.76523e-10
1.19452e-11
8.7009e-10
1.17851e-11
8.63741e-10
1.16283e-11
8.57474e-10
1.14746e-11
8.51287e-10
1.13241e-11
8.4518e-10
1.11766e-11
8.3915e-10
1.1032e-11
8.33197e-10
1.08904e-11
8.27317e-10
1.07516e-11
8.21511e-10
1.06155e-11
8.15777e-10
1.04822e-11
8.10112e-10
1.03515e-11
8.04517e-10
1.02234e-11
7.98989e-10
1.00978e-11
7.93528e-10
9.97467e-12
7.88131e-10
9.85396e-12
7.82798e-10
9.73561e-12
7.77528e-10
9.61957e-12
7.72319e-10
9.50578e-12
7.6717e-10
9.39418e-12
7.6208e-10
9.28474e-12
7.57049e-10
9.1774e-12
7.52074e-10
9.07212e-12
7.47154e-10
8.96884e-12
7.4229e-10
8.86752e-12
7.37479e-10
8.76812e-12
7.32721e-10
8.6706e-12
7.28014e-10
8.57491e-12
7.23359e-10
8.48101e-12
7.18753e-10
8.38886e-12
7.14196e-10
8.29843e-12
7.09687e-10
8.20967e-12
7.05226e-10
8.12255e-12
7.0081e-10
8.03702e-12
6.96441e-10
7.95307e-12
6.92115e-10
7.87064e-12
6.87834e-10
7.78971e-12
6.83596e-10
7.71025e-12
6.794e-10
7.63222e-12
6.75246e-10
7.55559e-12
6.71132e-10
7.48033e-12
6.67059e-10
7.40641e-12
6.63025e-10
7.33381e-12
6.5903e-10
7.26249e-12
6.55073e-10
7.19242e-12
6.51153e-10
7.12359e-12
6.4727e-10
7.05596e-12
6.43423e-10
6.98951e-12
6.39611e-10
6.92422e-12
6.35835e-10
6.86005e-12
6.32093e-10
6.79699e-12
6.28384e-10
6.73501e-12
6.24709e-10
6.67409e-12
6.21066e-10
6.61421e-12
6.17455e-10
6.55535e-12
6.13876e-10
6.49748e-12
6.10328e-10
6.44059e-12
6.0681e-10
6.38465e-12
6.03322e-10
6.32964e-12
5.99864e-10
6.27556e-12
5.96434e-10
6.22237e-12
5.93033e-10
6.17006e-12
5.89661e-10
6.11861e-12
5.86315e-10
6.06801e-12
5.82997e-10
6.01823e-12
5.79706e-10
5.96927e-12
5.76441e-10
5.9211e-12
5.73201e-10
5.8737e-12
5.69988e-10
5.82708e-12
5.66799e-10
5.7812e-12
5.63635e-10
5.73605e-12
5.60495e-10
5.69163e-12
5.57379e-10
5.64791e-12
5.54286e-10
5.60488e-12
5.51217e-10
5.56253e-12
5.4817e-10
5.52085e-12
5.45146e-10
5.47982e-12
5.42144e-10
5.43942e-12
5.39163e-10
5.39966e-12
5.36204e-10
5.36052e-12
5.33267e-10
5.32198e-12
5.30349e-10
5.28403e-12
5.27453e-10
5.24666e-12
5.24576e-10
5.20987e-12
5.21719e-10
5.17363e-12
5.18882e-10
5.13795e-12
5.16064e-10
5.10281e-12
5.13264e-10
5.06819e-12
5.10484e-10
5.0341e-12
5.07722e-10
5.00052e-12
5.04978e-10
4.96744e-12
5.02252e-10
4.93486e-12
4.99543e-10
4.90275e-12
4.96852e-10
4.87112e-12
4.94177e-10
4.83996e-12
4.9152e-10
4.80926e-12
4.88879e-10
4.77901e-12
4.86254e-10
4.7492e-12
4.83646e-10
4.71982e-12
4.81053e-10
4.69087e-12
4.78476e-10
4.66234e-12
4.75915e-10
4.63423e-12
4.73368e-10
4.60651e-12
4.70837e-10
4.5792e-12
4.6832e-10
4.55227e-12
4.65818e-10
4.52574e-12
4.6333e-10
4.49957e-12
4.60857e-10
4.47378e-12
4.58397e-10
4.44836e-12
4.55951e-10
4.42329e-12
4.53519e-10
4.39858e-12
4.511e-10
4.37421e-12
4.48694e-10
4.35018e-12
4.46301e-10
4.32649e-12
4.43921e-10
4.30313e-12
4.41554e-10
4.28009e-12
4.39199e-10
4.25738e-12
4.36856e-10
4.23497e-12
4.34525e-10
4.21288e-12
4.32207e-10
4.19109e-12
4.299e-10
4.1696e-12
4.27605e-10
4.1484e-12
4.25321e-10
4.12749e-12
4.23049e-10
4.10687e-12
4.20788e-10
4.08652e-12
4.18537e-10
4.06646e-12
4.16298e-10
4.04666e-12
4.14069e-10
4.02713e-12
4.11851e-10
4.00787e-12
4.09644e-10
3.98886e-12
4.07446e-10
3.97011e-12
4.05259e-10
3.95161e-12
4.03082e-10
3.93335e-12
4.00915e-10
3.91534e-12
3.98758e-10
3.89757e-12
3.9661e-10
3.88003e-12
3.94471e-10
3.86272e-12
3.92343e-10
3.84564e-12
3.90223e-10
3.82878e-12
3.88112e-10
3.81214e-12
3.86011e-10
3.79571e-12
3.83918e-10
3.7795e-12
3.81834e-10
3.76349e-12
3.79759e-10
3.74769e-12
3.77693e-10
3.73209e-12
3.75635e-10
3.71669e-12
3.73585e-10
3.70147e-12
3.71544e-10
3.68645e-12
3.6951e-10
3.67162e-12
3.67485e-10
3.65697e-12
3.65468e-10
3.6425e-12
3.63458e-10
3.6282e-12
3.61457e-10
3.61408e-12
3.59463e-10
3.60014e-12
3.57476e-10
3.58636e-12
3.55497e-10
3.57275e-12
3.53526e-10
3.55931e-12
3.51562e-10
3.54604e-12
3.49605e-10
3.53293e-12
3.47655e-10
3.51998e-12
3.45712e-10
3.5072e-12
3.43776e-10
3.49458e-12
3.41847e-10
3.48213e-12
3.39924e-10
3.46985e-12
3.38009e-10
3.45773e-12
3.36099e-10
3.44579e-12
3.34197e-10
3.43401e-12
3.32301e-10
3.42241e-12
3.30411e-10
3.41098e-12
3.28527e-10
3.39973e-12
3.26649e-10
3.38866e-12
3.24777e-10
3.37776e-12
3.22912e-10
3.36705e-12
3.21051e-10
3.35652e-12
3.19197e-10
3.34616e-12
3.17348e-10
3.33598e-12
3.15505e-10
3.32598e-12
3.13667e-10
3.31614e-12
3.11835e-10
3.30646e-12
3.10008e-10
3.29693e-12
3.08186e-10
3.28754e-12
3.06369e-10
3.27829e-12
3.04557e-10
3.26914e-12
3.0275e-10
3.2601e-12
3.00948e-10
3.25114e-12
2.99151e-10
3.24224e-12
2.97358e-10
3.23339e-12
2.95571e-10
3.22457e-12
2.93789e-10
3.21577e-12
2.92011e-10
3.20698e-12
2.90238e-10
3.19819e-12
2.88471e-10
3.18941e-12
2.86708e-10
3.18065e-12
2.8495e-10
3.17194e-12
2.83196e-10
3.16331e-12
2.81448e-10
3.15483e-12
2.79704e-10
3.14657e-12
2.77965e-10
3.13866e-12
2.7623e-10
3.13124e-12
2.74498e-10
3.12446e-12
2.7277e-10
3.11855e-12
2.71045e-10
3.11377e-12
2.69322e-10
3.11039e-12
2.676e-10
3.10877e-12
2.65877e-10
3.10927e-12
2.64154e-10
3.11231e-12
2.62427e-10
3.11834e-12
2.60695e-10
3.12782e-12
2.58956e-10
3.14119e-12
2.57207e-10
3.15888e-12
2.55446e-10
3.18122e-12
2.53671e-10
3.20843e-12
2.51878e-10
3.24049e-12
2.50065e-10
3.27708e-12
2.4823e-10
3.31742e-12
2.46371e-10
3.36007e-12
2.4449e-10
3.40269e-12
2.42587e-10
3.44171e-12
2.40668e-10
3.47186e-12
2.38741e-10
3.48558e-12
2.36822e-10
3.47219e-12
2.34934e-10
3.41677e-12
2.3311e-10
3.29869e-12
2.31402e-10
3.08951e-12
2.29881e-10
2.75008e-12
2.28647e-10
2.22636e-12
2.27844e-10
1.44379e-12
2.27671e-10
2.98686e-13
2.28405e-10
-1.35389e-12
2.30439e-10
-3.71864e-12
2.34323e-10
-7.08629e-12
2.40836e-10
-1.18734e-11
2.51087e-10
-1.86803e-11
2.6666e-10
-2.83696e-11
2.89821e-10
-4.21827e-11
3.23787e-10
-6.18182e-11
3.73078e-10
-8.9616e-11
4.43658e-10
-1.28025e-10
5.42932e-10
-1.7949e-10
6.78671e-10
-2.44133e-10
8.48632e-10
-3.04311e-10
-3.76734e-10
1.06224e-09
2.39687e-09
4.60354e-11
2.37394e-09
5.19329e-11
2.35025e-09
5.38616e-11
2.32664e-09
5.38616e-11
2.30332e-09
5.34065e-11
2.2803e-09
5.29136e-11
2.25754e-09
5.2526e-11
2.23499e-09
5.22604e-11
2.21264e-09
5.20539e-11
2.19049e-09
5.18587e-11
2.16856e-09
5.16488e-11
2.14685e-09
5.14047e-11
2.12538e-09
5.11158e-11
2.10417e-09
5.07805e-11
2.08321e-09
5.04011e-11
2.06253e-09
4.99817e-11
2.04211e-09
4.95266e-11
2.02197e-09
4.90407e-11
2.0021e-09
4.85285e-11
1.98251e-09
4.79942e-11
1.96319e-09
4.74416e-11
1.94414e-09
4.68739e-11
1.92536e-09
4.6294e-11
1.90684e-09
4.57046e-11
1.88858e-09
4.5108e-11
1.87058e-09
4.45061e-11
1.85284e-09
4.39008e-11
1.83535e-09
4.32937e-11
1.81811e-09
4.2686e-11
1.80111e-09
4.20792e-11
1.78435e-09
4.14741e-11
1.76784e-09
4.08719e-11
1.75156e-09
4.02733e-11
1.73551e-09
3.96791e-11
1.71969e-09
3.909e-11
1.7041e-09
3.85065e-11
1.68873e-09
3.79292e-11
1.67358e-09
3.73584e-11
1.65865e-09
3.67946e-11
1.64393e-09
3.62381e-11
1.62942e-09
3.56892e-11
1.61512e-09
3.5148e-11
1.60102e-09
3.46148e-11
1.58713e-09
3.40897e-11
1.57343e-09
3.35727e-11
1.55992e-09
3.30638e-11
1.54661e-09
3.25629e-11
1.53349e-09
3.20701e-11
1.52055e-09
3.15856e-11
1.5078e-09
3.11094e-11
1.49522e-09
3.06415e-11
1.48282e-09
3.0182e-11
1.4706e-09
2.97307e-11
1.45854e-09
2.92877e-11
1.44666e-09
2.88528e-11
1.43494e-09
2.8426e-11
1.42338e-09
2.80072e-11
1.41198e-09
2.75963e-11
1.40073e-09
2.71931e-11
1.38965e-09
2.67976e-11
1.37871e-09
2.64097e-11
1.36792e-09
2.60292e-11
1.35727e-09
2.56561e-11
1.34677e-09
2.52902e-11
1.33641e-09
2.49314e-11
1.32619e-09
2.45796e-11
1.3161e-09
2.42346e-11
1.30615e-09
2.38964e-11
1.29633e-09
2.35648e-11
1.28663e-09
2.32397e-11
1.27706e-09
2.2921e-11
1.26762e-09
2.26086e-11
1.25829e-09
2.23022e-11
1.24909e-09
2.20019e-11
1.24e-09
2.17075e-11
1.23103e-09
2.14189e-11
1.22217e-09
2.11359e-11
1.21342e-09
2.08585e-11
1.20478e-09
2.05865e-11
1.19624e-09
2.03198e-11
1.18781e-09
2.00583e-11
1.17948e-09
1.98019e-11
1.17126e-09
1.95505e-11
1.16313e-09
1.9304e-11
1.1551e-09
1.90623e-11
1.14716e-09
1.88252e-11
1.13932e-09
1.85926e-11
1.13157e-09
1.83646e-11
1.12392e-09
1.81409e-11
1.11635e-09
1.79215e-11
1.10886e-09
1.77063e-11
1.10146e-09
1.74952e-11
1.09415e-09
1.72881e-11
1.08692e-09
1.70849e-11
1.07977e-09
1.68856e-11
1.0727e-09
1.669e-11
1.06571e-09
1.64981e-11
1.05879e-09
1.63098e-11
1.05195e-09
1.6125e-11
1.04519e-09
1.59436e-11
1.03849e-09
1.57656e-11
1.03187e-09
1.55909e-11
1.02532e-09
1.54194e-11
1.01884e-09
1.52511e-11
1.01242e-09
1.50859e-11
1.00607e-09
1.49236e-11
9.99788e-10
1.47644e-11
9.93569e-10
1.4608e-11
9.87413e-10
1.44544e-11
9.81319e-10
1.43036e-11
9.75286e-10
1.41556e-11
9.69313e-10
1.40101e-11
9.63399e-10
1.38673e-11
9.57542e-10
1.3727e-11
9.51743e-10
1.35892e-11
9.45999e-10
1.34538e-11
9.40311e-10
1.33208e-11
9.34676e-10
1.31901e-11
9.29095e-10
1.30618e-11
9.23565e-10
1.29356e-11
9.18088e-10
1.28117e-11
9.1266e-10
1.26898e-11
9.07283e-10
1.25701e-11
9.01954e-10
1.24525e-11
8.96673e-10
1.23368e-11
8.91439e-10
1.22231e-11
8.86252e-10
1.21114e-11
8.81111e-10
1.20015e-11
8.76014e-10
1.18935e-11
8.70962e-10
1.17873e-11
8.65953e-10
1.16829e-11
8.60987e-10
1.15803e-11
8.56063e-10
1.14793e-11
8.5118e-10
1.138e-11
8.46339e-10
1.12824e-11
8.41537e-10
1.11863e-11
8.36775e-10
1.10919e-11
8.32051e-10
1.0999e-11
8.27366e-10
1.09076e-11
8.22719e-10
1.08176e-11
8.18108e-10
1.07292e-11
8.13534e-10
1.06421e-11
8.08996e-10
1.05565e-11
8.04493e-10
1.04722e-11
8.00024e-10
1.03893e-11
7.9559e-10
1.03077e-11
7.9119e-10
1.02274e-11
7.86823e-10
1.01483e-11
7.82489e-10
1.00705e-11
7.78186e-10
9.99394e-12
7.73916e-10
9.91856e-12
7.69676e-10
9.84435e-12
7.65467e-10
9.77129e-12
7.61289e-10
9.69936e-12
7.5714e-10
9.62854e-12
7.53021e-10
9.55881e-12
7.4893e-10
9.49015e-12
7.44868e-10
9.42253e-12
7.40834e-10
9.35595e-12
7.36828e-10
9.29037e-12
7.32849e-10
9.22579e-12
7.28897e-10
9.16218e-12
7.24971e-10
9.09953e-12
7.21071e-10
9.03781e-12
7.17197e-10
8.97702e-12
7.13348e-10
8.91713e-12
7.09524e-10
8.85813e-12
7.05724e-10
8.8e-12
7.01949e-10
8.74273e-12
6.98197e-10
8.68631e-12
6.94469e-10
8.63071e-12
6.90765e-10
8.57592e-12
6.87083e-10
8.52193e-12
6.83423e-10
8.46873e-12
6.79786e-10
8.41629e-12
6.7617e-10
8.36462e-12
6.72577e-10
8.31369e-12
6.69004e-10
8.26349e-12
6.65452e-10
8.21401e-12
6.61921e-10
8.16523e-12
6.58411e-10
8.11715e-12
6.5492e-10
8.06975e-12
6.51449e-10
8.02303e-12
6.47998e-10
7.97696e-12
6.44566e-10
7.93154e-12
6.41153e-10
7.88676e-12
6.37759e-10
7.84261e-12
6.34383e-10
7.79907e-12
6.31026e-10
7.75614e-12
6.27686e-10
7.71381e-12
6.24364e-10
7.67206e-12
6.2106e-10
7.63089e-12
6.17773e-10
7.59029e-12
6.14502e-10
7.55024e-12
6.11249e-10
7.51075e-12
6.08012e-10
7.47179e-12
6.04792e-10
7.43337e-12
6.01587e-10
7.39548e-12
5.98399e-10
7.35809e-12
5.95226e-10
7.32122e-12
5.92069e-10
7.28484e-12
5.88927e-10
7.24896e-12
5.858e-10
7.21356e-12
5.82687e-10
7.17863e-12
5.7959e-10
7.14417e-12
5.76507e-10
7.11018e-12
5.73438e-10
7.07663e-12
5.70383e-10
7.04354e-12
5.67343e-10
7.01088e-12
5.64316e-10
6.97866e-12
5.61302e-10
6.94686e-12
5.58302e-10
6.91548e-12
5.55315e-10
6.88452e-12
5.52341e-10
6.85396e-12
5.4938e-10
6.82379e-12
5.46432e-10
6.79402e-12
5.43496e-10
6.76464e-12
5.40572e-10
6.73563e-12
5.37661e-10
6.707e-12
5.34762e-10
6.67873e-12
5.31874e-10
6.65082e-12
5.28999e-10
6.62326e-12
5.26135e-10
6.59605e-12
5.23282e-10
6.56918e-12
5.20441e-10
6.54265e-12
5.17611e-10
6.51644e-12
5.14792e-10
6.49056e-12
5.11984e-10
6.46499e-12
5.09187e-10
6.43974e-12
5.064e-10
6.4148e-12
5.03624e-10
6.39015e-12
5.00859e-10
6.36581e-12
4.98103e-10
6.34176e-12
4.95358e-10
6.31801e-12
4.92623e-10
6.29454e-12
4.89897e-10
6.27137e-12
4.87182e-10
6.24848e-12
4.84476e-10
6.22588e-12
4.8178e-10
6.20356e-12
4.79093e-10
6.18153e-12
4.76415e-10
6.15979e-12
4.73747e-10
6.13834e-12
4.71087e-10
6.11718e-12
4.68437e-10
6.09632e-12
4.65795e-10
6.07576e-12
4.63162e-10
6.0555e-12
4.60537e-10
6.03555e-12
4.57921e-10
6.0159e-12
4.55313e-10
5.99657e-12
4.52713e-10
5.97755e-12
4.50121e-10
5.95884e-12
4.47537e-10
5.94045e-12
4.44961e-10
5.92237e-12
4.42393e-10
5.90459e-12
4.39832e-10
5.88711e-12
4.37278e-10
5.86992e-12
4.34731e-10
5.85301e-12
4.32192e-10
5.83635e-12
4.29659e-10
5.81993e-12
4.27134e-10
5.80373e-12
4.24615e-10
5.78772e-12
4.22104e-10
5.77188e-12
4.19599e-10
5.75616e-12
4.171e-10
5.74054e-12
4.14609e-10
5.72499e-12
4.12124e-10
5.70947e-12
4.09646e-10
5.69396e-12
4.07174e-10
5.67845e-12
4.04709e-10
5.66291e-12
4.02252e-10
5.64736e-12
3.998e-10
5.63182e-12
3.97356e-10
5.61632e-12
3.94918e-10
5.60094e-12
3.92487e-10
5.58579e-12
3.90063e-10
5.571e-12
3.87645e-10
5.55678e-12
3.85233e-10
5.54336e-12
3.82826e-10
5.53105e-12
3.80425e-10
5.52023e-12
3.78027e-10
5.51134e-12
3.75633e-10
5.50489e-12
3.7324e-10
5.50148e-12
3.70848e-10
5.50178e-12
3.68453e-10
5.50651e-12
3.66055e-10
5.51647e-12
3.63651e-10
5.53246e-12
3.61237e-10
5.55528e-12
3.5881e-10
5.58567e-12
3.56367e-10
5.62425e-12
3.53904e-10
5.67137e-12
3.51418e-10
5.72704e-12
3.48904e-10
5.79071e-12
3.46361e-10
5.861e-12
3.43786e-10
5.93543e-12
3.41179e-10
6.00989e-12
3.38542e-10
6.07816e-12
3.35883e-10
6.131e-12
3.33214e-10
6.1552e-12
3.30554e-10
6.13206e-12
3.27935e-10
6.03552e-12
3.25405e-10
5.82949e-12
3.2303e-10
5.46427e-12
3.20909e-10
4.87139e-12
3.19178e-10
3.95655e-12
3.18032e-10
2.58962e-12
3.17741e-10
5.89873e-13
3.18682e-10
-2.29529e-12
3.21386e-10
-6.42228e-12
3.26596e-10
-1.22974e-11
3.35368e-10
-2.06459e-11
3.49201e-10
-3.25137e-11
3.7024e-10
-4.94087e-11
4.01567e-10
-7.35101e-11
4.4759e-10
-1.07842e-10
5.146e-10
-1.56627e-10
6.11071e-10
-2.24497e-10
7.48237e-10
-3.16657e-10
9.37801e-10
-4.33698e-10
1.18028e-09
-5.46785e-10
-6.9227e-10
1.49581e-09
2.89151e-09
7.29684e-11
2.8614e-09
8.20444e-11
2.83071e-09
8.45585e-11
2.80045e-09
8.41189e-11
2.7709e-09
8.29578e-11
2.74209e-09
8.17242e-11
2.71394e-09
8.06692e-11
2.68641e-09
7.97947e-11
2.65946e-09
7.90033e-11
2.63308e-09
7.82427e-11
2.60724e-09
7.74874e-11
2.58193e-09
7.67153e-11
2.55713e-09
7.59158e-11
2.53282e-09
7.5089e-11
2.50898e-09
7.42388e-11
2.48559e-09
7.33692e-11
2.46263e-09
7.24848e-11
2.44009e-09
7.15898e-11
2.41793e-09
7.06879e-11
2.39614e-09
6.9782e-11
2.37471e-09
6.88746e-11
2.35361e-09
6.79678e-11
2.33284e-09
6.7063e-11
2.31239e-09
6.61618e-11
2.29223e-09
6.52651e-11
2.27236e-09
6.43739e-11
2.25277e-09
6.34889e-11
2.23346e-09
6.26108e-11
2.2144e-09
6.17401e-11
2.1956e-09
6.08773e-11
2.17705e-09
6.00229e-11
2.15875e-09
5.91772e-11
2.14068e-09
5.83406e-11
2.12285e-09
5.75134e-11
2.10524e-09
5.66958e-11
2.08786e-09
5.58881e-11
2.0707e-09
5.50906e-11
2.05375e-09
5.43034e-11
2.03702e-09
5.35267e-11
2.0205e-09
5.27607e-11
2.00418e-09
5.20055e-11
1.98807e-09
5.12612e-11
1.97216e-09
5.05279e-11
1.95644e-09
4.98055e-11
1.94092e-09
4.9094e-11
1.92559e-09
4.83931e-11
1.91045e-09
4.77027e-11
1.8955e-09
4.7023e-11
1.88073e-09
4.6354e-11
1.86614e-09
4.56958e-11
1.85174e-09
4.50485e-11
1.83751e-09
4.4412e-11
1.82345e-09
4.37862e-11
1.80957e-09
4.31711e-11
1.79585e-09
4.25666e-11
1.78231e-09
4.19726e-11
1.76892e-09
4.13889e-11
1.75571e-09
4.08155e-11
1.74265e-09
4.02521e-11
1.72975e-09
3.96988e-11
1.717e-09
3.91554e-11
1.70441e-09
3.86216e-11
1.69197e-09
3.80975e-11
1.67967e-09
3.75829e-11
1.66753e-09
3.70776e-11
1.65553e-09
3.65815e-11
1.64367e-09
3.60944e-11
1.63195e-09
3.56163e-11
1.62036e-09
3.51469e-11
1.60892e-09
3.46862e-11
1.5976e-09
3.42339e-11
1.58642e-09
3.37899e-11
1.57537e-09
3.33542e-11
1.56445e-09
3.29264e-11
1.55365e-09
3.25066e-11
1.54297e-09
3.20945e-11
1.53242e-09
3.169e-11
1.52198e-09
3.1293e-11
1.51167e-09
3.09034e-11
1.50146e-09
3.05209e-11
1.49138e-09
3.01454e-11
1.4814e-09
2.97769e-11
1.47154e-09
2.94152e-11
1.46178e-09
2.90601e-11
1.45213e-09
2.87115e-11
1.44259e-09
2.83693e-11
1.43315e-09
2.80334e-11
1.42381e-09
2.77036e-11
1.41457e-09
2.73798e-11
1.40543e-09
2.70619e-11
1.39639e-09
2.67497e-11
1.38744e-09
2.64433e-11
1.37858e-09
2.61423e-11
1.36982e-09
2.58469e-11
1.36115e-09
2.55567e-11
1.35257e-09
2.52718e-11
1.34408e-09
2.4992e-11
1.33567e-09
2.47172e-11
1.32735e-09
2.44473e-11
1.31911e-09
2.41822e-11
1.31095e-09
2.39219e-11
1.30288e-09
2.36661e-11
1.29488e-09
2.34149e-11
1.28696e-09
2.31681e-11
1.27912e-09
2.29257e-11
1.27136e-09
2.26875e-11
1.26367e-09
2.24535e-11
1.25605e-09
2.22236e-11
1.24851e-09
2.19977e-11
1.24104e-09
2.17757e-11
1.23364e-09
2.15576e-11
1.2263e-09
2.13432e-11
1.21904e-09
2.11325e-11
1.21184e-09
2.09254e-11
1.20471e-09
2.07219e-11
1.19764e-09
2.05219e-11
1.19064e-09
2.03252e-11
1.18369e-09
2.01319e-11
1.17681e-09
1.99418e-11
1.16999e-09
1.9755e-11
1.16323e-09
1.95713e-11
1.15653e-09
1.93906e-11
1.14989e-09
1.9213e-11
1.1433e-09
1.90384e-11
1.13677e-09
1.88666e-11
1.1303e-09
1.86977e-11
1.12388e-09
1.85316e-11
1.11751e-09
1.83682e-11
1.1112e-09
1.82074e-11
1.10494e-09
1.80494e-11
1.09873e-09
1.78938e-11
1.09257e-09
1.77409e-11
1.08645e-09
1.75903e-11
1.08039e-09
1.74423e-11
1.07438e-09
1.72966e-11
1.06841e-09
1.71532e-11
1.06249e-09
1.70121e-11
1.05662e-09
1.68733e-11
1.05079e-09
1.67367e-11
1.045e-09
1.66022e-11
1.03926e-09
1.64699e-11
1.03357e-09
1.63396e-11
1.02791e-09
1.62114e-11
1.0223e-09
1.60852e-11
1.01673e-09
1.5961e-11
1.01119e-09
1.58387e-11
1.0057e-09
1.57183e-11
1.00025e-09
1.55997e-11
9.9484e-10
1.5483e-11
9.89466e-10
1.5368e-11
9.84129e-10
1.52548e-11
9.7883e-10
1.51434e-11
9.73568e-10
1.50336e-11
9.68342e-10
1.49255e-11
9.63151e-10
1.4819e-11
9.57996e-10
1.47142e-11
9.52875e-10
1.46109e-11
9.47789e-10
1.45092e-11
9.42736e-10
1.44089e-11
9.37716e-10
1.43102e-11
9.32729e-10
1.42129e-11
9.27774e-10
1.41171e-11
9.22851e-10
1.40227e-11
9.17959e-10
1.39297e-11
9.13098e-10
1.3838e-11
9.08267e-10
1.37477e-11
9.03467e-10
1.36587e-11
8.98696e-10
1.3571e-11
8.93954e-10
1.34845e-11
8.89241e-10
1.33993e-11
8.84556e-10
1.33154e-11
8.799e-10
1.32326e-11
8.75271e-10
1.3151e-11
8.70669e-10
1.30706e-11
8.66094e-10
1.29914e-11
8.61545e-10
1.29133e-11
8.57022e-10
1.28362e-11
8.52525e-10
1.27603e-11
8.48054e-10
1.26854e-11
8.43608e-10
1.26116e-11
8.39186e-10
1.25389e-11
8.34789e-10
1.24671e-11
8.30415e-10
1.23964e-11
8.26066e-10
1.23266e-11
8.21739e-10
1.22578e-11
8.17436e-10
1.21899e-11
8.13156e-10
1.2123e-11
8.08898e-10
1.2057e-11
8.04662e-10
1.1992e-11
8.00448e-10
1.19278e-11
7.96256e-10
1.18645e-11
7.92084e-10
1.1802e-11
7.87934e-10
1.17404e-11
7.83805e-10
1.16797e-11
7.79696e-10
1.16197e-11
7.75607e-10
1.15606e-11
7.71538e-10
1.15023e-11
7.67489e-10
1.14447e-11
7.63459e-10
1.1388e-11
7.59448e-10
1.13319e-11
7.55457e-10
1.12767e-11
7.51483e-10
1.12222e-11
7.47529e-10
1.11684e-11
7.43592e-10
1.11153e-11
7.39673e-10
1.10629e-11
7.35772e-10
1.10112e-11
7.31889e-10
1.09602e-11
7.28022e-10
1.09099e-11
7.24173e-10
1.08602e-11
7.2034e-10
1.08112e-11
7.16524e-10
1.07628e-11
7.12725e-10
1.07151e-11
7.08941e-10
1.0668e-11
7.05174e-10
1.06214e-11
7.01422e-10
1.05755e-11
6.97686e-10
1.05302e-11
6.93965e-10
1.04855e-11
6.90259e-10
1.04413e-11
6.86569e-10
1.03977e-11
6.82893e-10
1.03546e-11
6.79232e-10
1.03121e-11
6.75585e-10
1.02701e-11
6.71952e-10
1.02286e-11
6.68334e-10
1.01877e-11
6.64729e-10
1.01472e-11
6.61138e-10
1.01073e-11
6.57561e-10
1.00678e-11
6.53997e-10
1.00288e-11
6.50447e-10
9.99031e-12
6.46909e-10
9.95226e-12
6.43385e-10
9.91467e-12
6.39873e-10
9.87754e-12
6.36374e-10
9.84085e-12
6.32887e-10
9.8046e-12
6.29413e-10
9.76879e-12
6.25951e-10
9.73342e-12
6.22501e-10
9.69849e-12
6.19063e-10
9.66399e-12
6.15637e-10
9.62993e-12
6.12222e-10
9.5963e-12
6.08818e-10
9.56311e-12
6.05426e-10
9.53037e-12
6.02046e-10
9.49807e-12
5.98676e-10
9.46623e-12
5.95317e-10
9.43484e-12
5.91968e-10
9.40391e-12
5.8863e-10
9.37345e-12
5.85303e-10
9.34347e-12
5.81985e-10
9.31396e-12
5.78678e-10
9.28492e-12
5.7538e-10
9.25637e-12
5.72093e-10
9.22829e-12
5.68814e-10
9.20069e-12
5.65545e-10
9.17355e-12
5.62286e-10
9.14686e-12
5.59035e-10
9.12061e-12
5.55793e-10
9.09477e-12
5.5256e-10
9.06932e-12
5.49336e-10
9.04423e-12
5.4612e-10
9.01945e-12
5.42913e-10
8.99495e-12
5.39714e-10
8.97068e-12
5.36524e-10
8.94658e-12
5.33342e-10
8.92261e-12
5.30168e-10
8.89871e-12
5.27002e-10
8.87484e-12
5.23846e-10
8.85095e-12
5.20697e-10
8.827e-12
5.17557e-10
8.80298e-12
5.14425e-10
8.77889e-12
5.11302e-10
8.75475e-12
5.08188e-10
8.73064e-12
5.05082e-10
8.70665e-12
5.01985e-10
8.68294e-12
4.98897e-10
8.65974e-12
4.95816e-10
8.63735e-12
4.92743e-10
8.61613e-12
4.89678e-10
8.59655e-12
4.86619e-10
8.5792e-12
4.83565e-10
8.56476e-12
4.80516e-10
8.55403e-12
4.7747e-10
8.54793e-12
4.74424e-10
8.54749e-12
4.71377e-10
8.55385e-12
4.68325e-10
8.56823e-12
4.65265e-10
8.59189e-12
4.62195e-10
8.62606e-12
4.59108e-10
8.67193e-12
4.56002e-10
8.73043e-12
4.52871e-10
8.80217e-12
4.49711e-10
8.88716e-12
4.46517e-10
8.9846e-12
4.43286e-10
9.09239e-12
4.40015e-10
9.20676e-12
4.36703e-10
9.32144e-12
4.33354e-10
9.42691e-12
4.29976e-10
9.50904e-12
4.26584e-10
9.54761e-12
4.23202e-10
9.51398e-12
4.19869e-10
9.36824e-12
4.16643e-10
9.05521e-12
4.13608e-10
8.49876e-12
4.10885e-10
7.59426e-12
4.08644e-10
6.1976e-12
4.07123e-10
4.11022e-12
4.06657e-10
1.05651e-12
4.07709e-10
-3.34807e-12
4.10933e-10
-9.64613e-12
4.17243e-10
-1.86077e-11
4.27933e-10
-3.13357e-11
4.44841e-10
-4.94219e-11
4.70601e-10
-7.51684e-11
5.09012e-10
-1.11921e-10
5.65562e-10
-1.64392e-10
6.48228e-10
-2.39293e-10
7.68056e-10
-3.44325e-10
9.40854e-10
-4.89455e-10
1.18297e-09
-6.7581e-10
1.50352e-09
-8.67342e-10
-1.12804e-09
1.93929e-09
3.24284e-09
1.07105e-10
3.20515e-09
1.19737e-10
3.16767e-09
1.22044e-10
3.13159e-09
1.20196e-10
3.09723e-09
1.17319e-10
3.06455e-09
1.14397e-10
3.03337e-09
1.11857e-10
3.00349e-09
1.09671e-10
2.97479e-09
1.07698e-10
2.94716e-09
1.05879e-10
2.92047e-09
1.04178e-10
2.89463e-09
1.02556e-10
2.86955e-09
1.0099e-10
2.84517e-09
9.94727e-11
2.82141e-09
9.79981e-11
2.79822e-09
9.65627e-11
2.77554e-09
9.51644e-11
2.75333e-09
9.38011e-11
2.73154e-09
9.2471e-11
2.71015e-09
9.11724e-11
2.68912e-09
8.99033e-11
2.66843e-09
8.8662e-11
2.64805e-09
8.74466e-11
2.62795e-09
8.62554e-11
2.60813e-09
8.5087e-11
2.58856e-09
8.39399e-11
2.56924e-09
8.28128e-11
2.55015e-09
8.17046e-11
2.53127e-09
8.06143e-11
2.51261e-09
7.9541e-11
2.49415e-09
7.84838e-11
2.47588e-09
7.74423e-11
2.45781e-09
7.64158e-11
2.43992e-09
7.54038e-11
2.42221e-09
7.4406e-11
2.40467e-09
7.3422e-11
2.38731e-09
7.24515e-11
2.37012e-09
7.14945e-11
2.3531e-09
7.05506e-11
2.33624e-09
6.96198e-11
2.31954e-09
6.87019e-11
2.30301e-09
6.77969e-11
2.28663e-09
6.69046e-11
2.27041e-09
6.60249e-11
2.25435e-09
6.51574e-11
2.23844e-09
6.43017e-11
2.22268e-09
6.34576e-11
2.20708e-09
6.26252e-11
2.19163e-09
6.18046e-11
2.17633e-09
6.0996e-11
2.16118e-09
6.01994e-11
2.14618e-09
5.94147e-11
2.13132e-09
5.8642e-11
2.11661e-09
5.78811e-11
2.10205e-09
5.71319e-11
2.08762e-09
5.63943e-11
2.07334e-09
5.56683e-11
2.05921e-09
5.49538e-11
2.04521e-09
5.42505e-11
2.03135e-09
5.35585e-11
2.01763e-09
5.28776e-11
2.00404e-09
5.22077e-11
1.99059e-09
5.15487e-11
1.97727e-09
5.09004e-11
1.96409e-09
5.02627e-11
1.95103e-09
4.96356e-11
1.93811e-09
4.90188e-11
1.92531e-09
4.84122e-11
1.91264e-09
4.78158e-11
1.9001e-09
4.72293e-11
1.88768e-09
4.66527e-11
1.87538e-09
4.60857e-11
1.86321e-09
4.55283e-11
1.85116e-09
4.49803e-11
1.83922e-09
4.44416e-11
1.8274e-09
4.39119e-11
1.8157e-09
4.33913e-11
1.80412e-09
4.28795e-11
1.79264e-09
4.23765e-11
1.78128e-09
4.1882e-11
1.77003e-09
4.13959e-11
1.75889e-09
4.09181e-11
1.74786e-09
4.04484e-11
1.73693e-09
3.99868e-11
1.72611e-09
3.9533e-11
1.71539e-09
3.90869e-11
1.70478e-09
3.86484e-11
1.69426e-09
3.82173e-11
1.68385e-09
3.77936e-11
1.67353e-09
3.73771e-11
1.66332e-09
3.69677e-11
1.65319e-09
3.65652e-11
1.64317e-09
3.61695e-11
1.63323e-09
3.57806e-11
1.62339e-09
3.53982e-11
1.61364e-09
3.50223e-11
1.60398e-09
3.46528e-11
1.59441e-09
3.42895e-11
1.58492e-09
3.39323e-11
1.57552e-09
3.35812e-11
1.56621e-09
3.32359e-11
1.55698e-09
3.28965e-11
1.54783e-09
3.25627e-11
1.53877e-09
3.22345e-11
1.52978e-09
3.19118e-11
1.52087e-09
3.15945e-11
1.51204e-09
3.12824e-11
1.50329e-09
3.09755e-11
1.49462e-09
3.06738e-11
1.48601e-09
3.0377e-11
1.47749e-09
3.00851e-11
1.46903e-09
2.9798e-11
1.46065e-09
2.95156e-11
1.45234e-09
2.92378e-11
1.44409e-09
2.89646e-11
1.43592e-09
2.86959e-11
1.42781e-09
2.84315e-11
1.41977e-09
2.81714e-11
1.4118e-09
2.79155e-11
1.40389e-09
2.76638e-11
1.39605e-09
2.74161e-11
1.38826e-09
2.71724e-11
1.38055e-09
2.69326e-11
1.37289e-09
2.66967e-11
1.36529e-09
2.64645e-11
1.35775e-09
2.6236e-11
1.35027e-09
2.60111e-11
1.34285e-09
2.57898e-11
1.33549e-09
2.5572e-11
1.32818e-09
2.53576e-11
1.32092e-09
2.51466e-11
1.31373e-09
2.49389e-11
1.30658e-09
2.47344e-11
1.29949e-09
2.45332e-11
1.29245e-09
2.4335e-11
1.28547e-09
2.41399e-11
1.27853e-09
2.39479e-11
1.27164e-09
2.37588e-11
1.26481e-09
2.35726e-11
1.25802e-09
2.33893e-11
1.25128e-09
2.32088e-11
1.24459e-09
2.3031e-11
1.23795e-09
2.28559e-11
1.23135e-09
2.26835e-11
1.2248e-09
2.25137e-11
1.21829e-09
2.23464e-11
1.21182e-09
2.21817e-11
1.20541e-09
2.20194e-11
1.19903e-09
2.18596e-11
1.19269e-09
2.17021e-11
1.1864e-09
2.1547e-11
1.18015e-09
2.13942e-11
1.17394e-09
2.12436e-11
1.16777e-09
2.10953e-11
1.16164e-09
2.09492e-11
1.15555e-09
2.08052e-11
1.1495e-09
2.06633e-11
1.14348e-09
2.05234e-11
1.13751e-09
2.03857e-11
1.13157e-09
2.02499e-11
1.12566e-09
2.01161e-11
1.1198e-09
1.99842e-11
1.11397e-09
1.98542e-11
1.10817e-09
1.97261e-11
1.10241e-09
1.95998e-11
1.09668e-09
1.94753e-11
1.09099e-09
1.93526e-11
1.08533e-09
1.92316e-11
1.0797e-09
1.91124e-11
1.0741e-09
1.89948e-11
1.06854e-09
1.88789e-11
1.06301e-09
1.87647e-11
1.05751e-09
1.8652e-11
1.05204e-09
1.85409e-11
1.0466e-09
1.84314e-11
1.04119e-09
1.83234e-11
1.0358e-09
1.82169e-11
1.03045e-09
1.81118e-11
1.02513e-09
1.80083e-11
1.01984e-09
1.79061e-11
1.01457e-09
1.78054e-11
1.00933e-09
1.7706e-11
1.00412e-09
1.7608e-11
9.98934e-10
1.75114e-11
9.93776e-10
1.7416e-11
9.88643e-10
1.7322e-11
9.83537e-10
1.72292e-11
9.78457e-10
1.71377e-11
9.73401e-10
1.70474e-11
9.68371e-10
1.69584e-11
9.63364e-10
1.68705e-11
9.58383e-10
1.67839e-11
9.53425e-10
1.66983e-11
9.4849e-10
1.6614e-11
9.43579e-10
1.65307e-11
9.38691e-10
1.64486e-11
9.33826e-10
1.63675e-11
9.28983e-10
1.62876e-11
9.24163e-10
1.62086e-11
9.19364e-10
1.61308e-11
9.14586e-10
1.60539e-11
9.09831e-10
1.59781e-11
9.05096e-10
1.59033e-11
9.00382e-10
1.58294e-11
8.95688e-10
1.57565e-11
8.91015e-10
1.56846e-11
8.86361e-10
1.56136e-11
8.81728e-10
1.55435e-11
8.77114e-10
1.54743e-11
8.72519e-10
1.5406e-11
8.67943e-10
1.53386e-11
8.63386e-10
1.52721e-11
8.58848e-10
1.52064e-11
8.54327e-10
1.51416e-11
8.49825e-10
1.50776e-11
8.45341e-10
1.50143e-11
8.40875e-10
1.49519e-11
8.36426e-10
1.48903e-11
8.31994e-10
1.48295e-11
8.27579e-10
1.47694e-11
8.23181e-10
1.471e-11
8.188e-10
1.46514e-11
8.14435e-10
1.45935e-11
8.10086e-10
1.45364e-11
8.05754e-10
1.44799e-11
8.01437e-10
1.44241e-11
7.97136e-10
1.43689e-11
7.9285e-10
1.43145e-11
7.8858e-10
1.42606e-11
7.84324e-10
1.42075e-11
7.80084e-10
1.41549e-11
7.75859e-10
1.4103e-11
7.71648e-10
1.40517e-11
7.67451e-10
1.4001e-11
7.63269e-10
1.39509e-11
7.59101e-10
1.39015e-11
7.54947e-10
1.38526e-11
7.50807e-10
1.38043e-11
7.4668e-10
1.37567e-11
7.42567e-10
1.37096e-11
7.38467e-10
1.36632e-11
7.34379e-10
1.36174e-11
7.30305e-10
1.35722e-11
7.26244e-10
1.35276e-11
7.22195e-10
1.34837e-11
7.18159e-10
1.34405e-11
7.14134e-10
1.33978e-11
7.10122e-10
1.33559e-11
7.06121e-10
1.33146e-11
7.02132e-10
1.3274e-11
6.98154e-10
1.3234e-11
6.94188e-10
1.31947e-11
6.90232e-10
1.31561e-11
6.86288e-10
1.31182e-11
6.82354e-10
1.30808e-11
6.7843e-10
1.30441e-11
6.74517e-10
1.30079e-11
6.70614e-10
1.29723e-11
6.66721e-10
1.29371e-11
6.62839e-10
1.29024e-11
6.58965e-10
1.2868e-11
6.55102e-10
1.2834e-11
6.51249e-10
1.28001e-11
6.47405e-10
1.27664e-11
6.43571e-10
1.27328e-11
6.39747e-10
1.26991e-11
6.35932e-10
1.26653e-11
6.32128e-10
1.26314e-11
6.28333e-10
1.25974e-11
6.24549e-10
1.25631e-11
6.20775e-10
1.25287e-11
6.17012e-10
1.24943e-11
6.13258e-10
1.246e-11
6.09515e-10
1.24259e-11
6.05783e-10
1.23925e-11
6.0206e-10
1.23601e-11
5.98347e-10
1.23293e-11
5.94643e-10
1.23007e-11
5.90947e-10
1.22752e-11
5.87258e-10
1.22537e-11
5.83575e-10
1.22373e-11
5.79896e-10
1.22275e-11
5.76218e-10
1.22256e-11
5.72538e-10
1.22333e-11
5.68854e-10
1.22523e-11
5.65162e-10
1.22845e-11
5.61456e-10
1.23316e-11
5.57733e-10
1.23953e-11
5.53987e-10
1.24771e-11
5.50211e-10
1.25777e-11
5.46402e-10
1.26973e-11
5.42552e-10
1.28348e-11
5.38657e-10
1.29873e-11
5.34714e-10
1.31496e-11
5.30723e-10
1.33129e-11
5.26687e-10
1.34637e-11
5.22613e-10
1.35824e-11
5.18521e-10
1.36404e-11
5.14437e-10
1.35976e-11
5.10408e-10
1.33978e-11
5.065e-10
1.29636e-11
5.02811e-10
1.2188e-11
4.99481e-10
1.09242e-11
4.96708e-10
8.97048e-12
4.94769e-10
6.04856e-12
4.94052e-10
1.77346e-12
4.95095e-10
-4.39165e-12
4.98652e-10
-1.32031e-11
5.05777e-10
-2.57339e-11
5.1796e-10
-4.35192e-11
5.37313e-10
-6.87758e-11
5.66863e-10
-1.0472e-10
6.10995e-10
-1.56055e-10
6.76108e-10
-2.29507e-10
7.7169e-10
-3.34876e-10
9.11364e-10
-4.84e-10
1.11611e-09
-6.94205e-10
1.40819e-09
-9.67891e-10
1.81534e-09
-1.27449e-09
-1.70814e-09
2.39543e-09
3.41887e-09
1.49234e-10
3.37388e-09
1.64721e-10
3.33141e-09
1.64515e-10
3.2926e-09
1.59002e-10
3.25752e-09
1.52407e-10
3.22567e-09
1.46247e-10
3.1964e-09
1.41127e-10
3.1692e-09
1.36863e-10
3.14371e-09
1.33191e-10
3.11961e-09
1.29985e-10
3.09664e-09
1.27145e-10
3.07462e-09
1.24575e-10
3.05339e-09
1.22215e-10
3.03284e-09
1.20026e-10
3.01286e-09
1.1798e-10
2.99337e-09
1.16057e-10
2.97429e-09
1.14239e-10
2.95558e-09
1.12513e-10
2.93718e-09
1.10867e-10
2.91906e-09
1.09294e-10
2.90118e-09
1.07784e-10
2.88351e-09
1.0633e-10
2.86603e-09
1.04926e-10
2.84872e-09
1.03566e-10
2.83156e-09
1.02246e-10
2.81454e-09
1.00962e-10
2.79765e-09
9.97095e-11
2.78086e-09
9.84861e-11
2.76419e-09
9.72887e-11
2.74762e-09
9.6115e-11
2.73114e-09
9.4963e-11
2.71475e-09
9.38308e-11
2.69845e-09
9.27171e-11
2.68223e-09
9.16204e-11
2.6661e-09
9.05399e-11
2.65004e-09
8.94744e-11
2.63407e-09
8.84234e-11
2.61818e-09
8.73861e-11
2.60237e-09
8.63621e-11
2.58664e-09
8.5351e-11
2.57099e-09
8.43524e-11
2.55542e-09
8.33661e-11
2.53993e-09
8.23919e-11
2.52453e-09
8.14293e-11
2.50921e-09
8.04779e-11
2.49397e-09
7.95371e-11
2.47882e-09
7.86065e-11
2.46376e-09
7.76862e-11
2.44879e-09
7.67765e-11
2.43391e-09
7.58778e-11
2.41912e-09
7.499e-11
2.40442e-09
7.41133e-11
2.38981e-09
7.32476e-11
2.3753e-09
7.23929e-11
2.36088e-09
7.15492e-11
2.34656e-09
7.07164e-11
2.33233e-09
6.98945e-11
2.31821e-09
6.90835e-11
2.30417e-09
6.82832e-11
2.29024e-09
6.74937e-11
2.2764e-09
6.67149e-11
2.26266e-09
6.59467e-11
2.24902e-09
6.51892e-11
2.23548e-09
6.44421e-11
2.22204e-09
6.37056e-11
2.20869e-09
6.29794e-11
2.19545e-09
6.22636e-11
2.1823e-09
6.1558e-11
2.16925e-09
6.08626e-11
2.15631e-09
6.01773e-11
2.14346e-09
5.9502e-11
2.13071e-09
5.88366e-11
2.11805e-09
5.8181e-11
2.1055e-09
5.75351e-11
2.09304e-09
5.68988e-11
2.08068e-09
5.6272e-11
2.06842e-09
5.56546e-11
2.05625e-09
5.50466e-11
2.04418e-09
5.44477e-11
2.0322e-09
5.38579e-11
2.02032e-09
5.32771e-11
2.00854e-09
5.27052e-11
1.99684e-09
5.2142e-11
1.98524e-09
5.15875e-11
1.97373e-09
5.10414e-11
1.96232e-09
5.05037e-11
1.95099e-09
4.99743e-11
1.93975e-09
4.94531e-11
1.92861e-09
4.89399e-11
1.91755e-09
4.84346e-11
1.90658e-09
4.79372e-11
1.8957e-09
4.74475e-11
1.8849e-09
4.69654e-11
1.87419e-09
4.64908e-11
1.86357e-09
4.60236e-11
1.85303e-09
4.55636e-11
1.84257e-09
4.51109e-11
1.83219e-09
4.46651e-11
1.8219e-09
4.42263e-11
1.81169e-09
4.37944e-11
1.80155e-09
4.33692e-11
1.7915e-09
4.29506e-11
1.78152e-09
4.25386e-11
1.77162e-09
4.21329e-11
1.7618e-09
4.17336e-11
1.75206e-09
4.13405e-11
1.74238e-09
4.09534e-11
1.73279e-09
4.05724e-11
1.72326e-09
4.01974e-11
1.71381e-09
3.98281e-11
1.70443e-09
3.94645e-11
1.69513e-09
3.91066e-11
1.68589e-09
3.87542e-11
1.67672e-09
3.84072e-11
1.66762e-09
3.80656e-11
1.65858e-09
3.77293e-11
1.64962e-09
3.73981e-11
1.64072e-09
3.7072e-11
1.63188e-09
3.67509e-11
1.62311e-09
3.64347e-11
1.6144e-09
3.61233e-11
1.60576e-09
3.58167e-11
1.59718e-09
3.55147e-11
1.58866e-09
3.52173e-11
1.5802e-09
3.49245e-11
1.5718e-09
3.46361e-11
1.56345e-09
3.4352e-11
1.55517e-09
3.40722e-11
1.54695e-09
3.37966e-11
1.53878e-09
3.35252e-11
1.53067e-09
3.32579e-11
1.52261e-09
3.29945e-11
1.51461e-09
3.27351e-11
1.50667e-09
3.24796e-11
1.49877e-09
3.22278e-11
1.49093e-09
3.19798e-11
1.48315e-09
3.17355e-11
1.47541e-09
3.14948e-11
1.46772e-09
3.12577e-11
1.46009e-09
3.1024e-11
1.4525e-09
3.07937e-11
1.44497e-09
3.05669e-11
1.43748e-09
3.03433e-11
1.43004e-09
3.0123e-11
1.42265e-09
2.9906e-11
1.4153e-09
2.9692e-11
1.408e-09
2.94812e-11
1.40075e-09
2.92734e-11
1.39354e-09
2.90687e-11
1.38638e-09
2.88668e-11
1.37926e-09
2.86679e-11
1.37218e-09
2.84718e-11
1.36514e-09
2.82786e-11
1.35815e-09
2.80881e-11
1.3512e-09
2.79003e-11
1.34429e-09
2.77151e-11
1.33742e-09
2.75326e-11
1.33059e-09
2.73527e-11
1.3238e-09
2.71753e-11
1.31705e-09
2.70004e-11
1.31034e-09
2.6828e-11
1.30366e-09
2.66579e-11
1.29703e-09
2.64903e-11
1.29043e-09
2.6325e-11
1.28387e-09
2.6162e-11
1.27734e-09
2.60013e-11
1.27085e-09
2.58428e-11
1.2644e-09
2.56865e-11
1.25798e-09
2.55323e-11
1.25159e-09
2.53803e-11
1.24524e-09
2.52303e-11
1.23892e-09
2.50824e-11
1.23264e-09
2.49366e-11
1.22639e-09
2.47927e-11
1.22017e-09
2.46508e-11
1.21398e-09
2.45108e-11
1.20782e-09
2.43727e-11
1.2017e-09
2.42365e-11
1.1956e-09
2.41021e-11
1.18954e-09
2.39696e-11
1.18351e-09
2.38388e-11
1.1775e-09
2.37098e-11
1.17153e-09
2.35825e-11
1.16558e-09
2.34569e-11
1.15967e-09
2.3333e-11
1.15378e-09
2.32107e-11
1.14792e-09
2.30901e-11
1.14208e-09
2.2971e-11
1.13628e-09
2.28535e-11
1.1305e-09
2.27376e-11
1.12475e-09
2.26232e-11
1.11902e-09
2.25104e-11
1.11332e-09
2.2399e-11
1.10764e-09
2.2289e-11
1.10199e-09
2.21805e-11
1.09637e-09
2.20734e-11
1.09077e-09
2.19677e-11
1.08519e-09
2.18634e-11
1.07964e-09
2.17605e-11
1.07411e-09
2.16589e-11
1.06861e-09
2.15585e-11
1.06313e-09
2.14595e-11
1.05767e-09
2.13618e-11
1.05223e-09
2.12653e-11
1.04682e-09
2.11701e-11
1.04143e-09
2.10761e-11
1.03606e-09
2.09833e-11
1.03071e-09
2.08916e-11
1.02538e-09
2.08012e-11
1.02008e-09
2.07119e-11
1.01479e-09
2.06237e-11
1.00953e-09
2.05366e-11
1.00428e-09
2.04507e-11
9.99058e-10
2.03658e-11
9.93854e-10
2.0282e-11
9.88669e-10
2.01992e-11
9.83504e-10
2.01175e-11
9.78357e-10
2.00367e-11
9.7323e-10
1.9957e-11
9.68121e-10
1.98782e-11
9.6303e-10
1.98004e-11
9.57958e-10
1.97236e-11
9.52904e-10
1.96477e-11
9.47868e-10
1.95727e-11
9.42849e-10
1.94985e-11
9.37848e-10
1.94253e-11
9.32864e-10
1.9353e-11
9.27897e-10
1.92814e-11
9.22947e-10
1.92108e-11
9.18013e-10
1.91409e-11
9.13096e-10
1.90719e-11
9.08196e-10
1.90037e-11
9.03311e-10
1.89363e-11
8.98442e-10
1.88697e-11
8.93589e-10
1.88039e-11
8.88752e-10
1.87389e-11
8.8393e-10
1.86746e-11
8.79123e-10
1.86112e-11
8.74331e-10
1.85485e-11
8.69554e-10
1.84867e-11
8.64792e-10
1.84256e-11
8.60044e-10
1.83653e-11
8.5531e-10
1.83059e-11
8.5059e-10
1.82473e-11
8.45885e-10
1.81895e-11
8.41192e-10
1.81326e-11
8.36514e-10
1.80766e-11
8.31848e-10
1.80214e-11
8.27196e-10
1.79671e-11
8.22556e-10
1.79137e-11
8.17929e-10
1.78612e-11
8.13314e-10
1.78095e-11
8.08711e-10
1.77588e-11
8.04121e-10
1.77088e-11
7.99542e-10
1.76597e-11
7.94974e-10
1.76114e-11
7.90418e-10
1.75639e-11
7.85874e-10
1.7517e-11
7.8134e-10
1.74707e-11
7.76817e-10
1.7425e-11
7.72306e-10
1.73797e-11
7.67805e-10
1.73348e-11
7.63315e-10
1.72901e-11
7.58836e-10
1.72455e-11
7.54368e-10
1.72009e-11
7.49911e-10
1.71563e-11
7.45465e-10
1.71114e-11
7.4103e-10
1.70663e-11
7.36606e-10
1.70208e-11
7.32194e-10
1.6975e-11
7.27794e-10
1.69289e-11
7.23406e-10
1.68826e-11
7.1903e-10
1.68363e-11
7.14665e-10
1.67902e-11
7.10313e-10
1.67448e-11
7.05972e-10
1.67007e-11
7.01643e-10
1.66585e-11
6.97325e-10
1.66191e-11
6.93016e-10
1.65837e-11
6.88716e-10
1.65535e-11
6.84424e-10
1.65301e-11
6.80136e-10
1.65153e-11
6.7585e-10
1.6511e-11
6.71564e-10
1.65195e-11
6.67273e-10
1.6543e-11
6.62974e-10
1.65842e-11
6.5866e-10
1.66454e-11
6.54326e-10
1.6729e-11
6.49966e-10
1.68368e-11
6.45574e-10
1.69701e-11
6.41142e-10
1.71292e-11
6.36664e-10
1.73127e-11
6.32135e-10
1.75168e-11
6.2755e-10
1.77347e-11
6.22908e-10
1.79549e-11
6.18211e-10
1.81597e-11
6.13471e-10
1.8323e-11
6.08704e-10
1.84072e-11
6.03942e-10
1.83591e-11
5.99236e-10
1.81045e-11
5.94658e-10
1.75409e-11
5.90319e-10
1.65271e-11
5.86374e-10
1.48693e-11
5.83042e-10
1.23015e-11
5.80633e-10
8.45734e-12
5.79576e-10
2.83091e-12
5.80466e-10
-5.2818e-12
5.84134e-10
-1.68715e-11
5.91742e-10
-3.33421e-11
6.04921e-10
-5.66989e-11
6.25983e-10
-8.98375e-11
6.58233e-10
-1.3697e-10
7.0647e-10
-2.04292e-10
7.77768e-10
-3.00805e-10
8.82811e-10
-4.39919e-10
1.03766e-09
-6.38854e-10
1.26855e-09
-9.25094e-10
1.60622e-09
-1.30556e-09
2.11013e-09
-1.7784e-09
-2.45797e-09
2.85997e-09
3.38903e-09
1.9908e-10
3.3404e-09
2.13351e-10
3.29957e-09
2.05343e-10
3.26638e-09
1.92187e-10
3.23953e-09
1.79258e-10
3.21725e-09
1.68528e-10
3.19805e-09
1.60325e-10
3.18099e-09
1.5393e-10
3.16543e-09
1.48753e-10
3.15092e-09
1.44486e-10
3.13718e-09
1.40892e-10
3.12397e-09
1.37781e-10
3.11115e-09
1.35033e-10
3.09861e-09
1.3257e-10
3.08625e-09
1.30334e-10
3.07403e-09
1.28284e-10
3.06188e-09
1.26388e-10
3.04977e-09
1.24621e-10
3.03767e-09
1.22965e-10
3.02556e-09
1.21403e-10
3.01342e-09
1.19922e-10
3.00124e-09
1.1851e-10
2.98901e-09
1.17159e-10
2.97672e-09
1.15859e-10
2.96436e-09
1.14605e-10
2.95193e-09
1.1339e-10
2.93943e-09
1.1221e-10
2.92686e-09
1.11059e-10
2.91421e-09
1.09934e-10
2.90149e-09
1.08832e-10
2.8887e-09
1.0775e-10
2.87585e-09
1.06686e-10
2.86293e-09
1.05637e-10
2.84995e-09
1.04603e-10
2.83691e-09
1.0358e-10
2.82381e-09
1.0257e-10
2.81067e-09
1.01569e-10
2.79747e-09
1.00578e-10
2.78424e-09
9.95964e-11
2.77097e-09
9.86231e-11
2.75766e-09
9.76579e-11
2.74433e-09
9.67007e-11
2.73097e-09
9.57511e-11
2.71759e-09
9.48088e-11
2.70419e-09
9.38732e-11
2.69079e-09
9.29436e-11
2.67737e-09
9.20194e-11
2.66396e-09
9.11011e-11
2.65055e-09
9.01893e-11
2.63714e-09
8.92845e-11
2.62374e-09
8.83869e-11
2.61036e-09
8.74968e-11
2.59699e-09
8.66142e-11
2.58365e-09
8.57393e-11
2.57032e-09
8.48721e-11
2.55703e-09
8.40128e-11
2.54376e-09
8.31614e-11
2.53052e-09
8.23181e-11
2.51733e-09
8.14828e-11
2.50416e-09
8.06557e-11
2.49104e-09
7.98368e-11
2.47796e-09
7.90262e-11
2.46493e-09
7.8224e-11
2.45194e-09
7.74302e-11
2.439e-09
7.66449e-11
2.42611e-09
7.58681e-11
2.41327e-09
7.50999e-11
2.40049e-09
7.43403e-11
2.38777e-09
7.35892e-11
2.3751e-09
7.28469e-11
2.36249e-09
7.21131e-11
2.34993e-09
7.1388e-11
2.33744e-09
7.06716e-11
2.32501e-09
6.99638e-11
2.31265e-09
6.92646e-11
2.30035e-09
6.8574e-11
2.28811e-09
6.7892e-11
2.27594e-09
6.72186e-11
2.26383e-09
6.65537e-11
2.25179e-09
6.58973e-11
2.23982e-09
6.52493e-11
2.22791e-09
6.46098e-11
2.21608e-09
6.39785e-11
2.20431e-09
6.33556e-11
2.19261e-09
6.27408e-11
2.18098e-09
6.21342e-11
2.16942e-09
6.15357e-11
2.15793e-09
6.09452e-11
2.1465e-09
6.03626e-11
2.13515e-09
5.97879e-11
2.12387e-09
5.9221e-11
2.11265e-09
5.86619e-11
2.10151e-09
5.81104e-11
2.09043e-09
5.75665e-11
2.07943e-09
5.70302e-11
2.06849e-09
5.65013e-11
2.05762e-09
5.59797e-11
2.04682e-09
5.54655e-11
2.03609e-09
5.49584e-11
2.02542e-09
5.44585e-11
2.01483e-09
5.39655e-11
2.0043e-09
5.34796e-11
1.99384e-09
5.30004e-11
1.98344e-09
5.25281e-11
1.97311e-09
5.20625e-11
1.96285e-09
5.16034e-11
1.95265e-09
5.11509e-11
1.94252e-09
5.07048e-11
1.93245e-09
5.0265e-11
1.92245e-09
4.98315e-11
1.91251e-09
4.94042e-11
1.90263e-09
4.8983e-11
1.89282e-09
4.85678e-11
1.88307e-09
4.81585e-11
1.87338e-09
4.7755e-11
1.86375e-09
4.73573e-11
1.85418e-09
4.69653e-11
1.84467e-09
4.65788e-11
1.83523e-09
4.61979e-11
1.82584e-09
4.58224e-11
1.81651e-09
4.54522e-11
1.80724e-09
4.50873e-11
1.79803e-09
4.47276e-11
1.78887e-09
4.4373e-11
1.77977e-09
4.40235e-11
1.77073e-09
4.36789e-11
1.76174e-09
4.33392e-11
1.75281e-09
4.30043e-11
1.74393e-09
4.26742e-11
1.73511e-09
4.23487e-11
1.72634e-09
4.20279e-11
1.71762e-09
4.17116e-11
1.70896e-09
4.13997e-11
1.70035e-09
4.10923e-11
1.69178e-09
4.07892e-11
1.68327e-09
4.04903e-11
1.67481e-09
4.01956e-11
1.6664e-09
3.99051e-11
1.65804e-09
3.96187e-11
1.64973e-09
3.93362e-11
1.64147e-09
3.90577e-11
1.63325e-09
3.87831e-11
1.62508e-09
3.85123e-11
1.61696e-09
3.82452e-11
1.60888e-09
3.79819e-11
1.60085e-09
3.77222e-11
1.59287e-09
3.74662e-11
1.58493e-09
3.72136e-11
1.57703e-09
3.69646e-11
1.56918e-09
3.67189e-11
1.56137e-09
3.64767e-11
1.5536e-09
3.62378e-11
1.54588e-09
3.60022e-11
1.5382e-09
3.57697e-11
1.53056e-09
3.55405e-11
1.52296e-09
3.53144e-11
1.5154e-09
3.50914e-11
1.50788e-09
3.48714e-11
1.5004e-09
3.46544e-11
1.49296e-09
3.44403e-11
1.48556e-09
3.42292e-11
1.4782e-09
3.40208e-11
1.47087e-09
3.38153e-11
1.46359e-09
3.36126e-11
1.45634e-09
3.34126e-11
1.44912e-09
3.32153e-11
1.44194e-09
3.30206e-11
1.4348e-09
3.28285e-11
1.4277e-09
3.2639e-11
1.42062e-09
3.2452e-11
1.41359e-09
3.22675e-11
1.40658e-09
3.20855e-11
1.39961e-09
3.19058e-11
1.39268e-09
3.17286e-11
1.38578e-09
3.15537e-11
1.37891e-09
3.1381e-11
1.37207e-09
3.12107e-11
1.36526e-09
3.10426e-11
1.35849e-09
3.08767e-11
1.35174e-09
3.0713e-11
1.34503e-09
3.05514e-11
1.33835e-09
3.0392e-11
1.3317e-09
3.02346e-11
1.32507e-09
3.00793e-11
1.31848e-09
2.99259e-11
1.31192e-09
2.97746e-11
1.30538e-09
2.96252e-11
1.29888e-09
2.94778e-11
1.2924e-09
2.93323e-11
1.28595e-09
2.91886e-11
1.27952e-09
2.90468e-11
1.27313e-09
2.89068e-11
1.26676e-09
2.87686e-11
1.26041e-09
2.86322e-11
1.2541e-09
2.84975e-11
1.2478e-09
2.83645e-11
1.24154e-09
2.82332e-11
1.2353e-09
2.81036e-11
1.22908e-09
2.79757e-11
1.22289e-09
2.78494e-11
1.21673e-09
2.77246e-11
1.21059e-09
2.76015e-11
1.20447e-09
2.74799e-11
1.19837e-09
2.73598e-11
1.1923e-09
2.72413e-11
1.18625e-09
2.71242e-11
1.18023e-09
2.70086e-11
1.17423e-09
2.68945e-11
1.16824e-09
2.67817e-11
1.16229e-09
2.66704e-11
1.15635e-09
2.65605e-11
1.15043e-09
2.64519e-11
1.14454e-09
2.63447e-11
1.13867e-09
2.62388e-11
1.13282e-09
2.61342e-11
1.12698e-09
2.60308e-11
1.12117e-09
2.59288e-11
1.11538e-09
2.58279e-11
1.10961e-09
2.57283e-11
1.10386e-09
2.56299e-11
1.09813e-09
2.55327e-11
1.09241e-09
2.54366e-11
1.08672e-09
2.53417e-11
1.08104e-09
2.52479e-11
1.07539e-09
2.51552e-11
1.06975e-09
2.50635e-11
1.06413e-09
2.4973e-11
1.05853e-09
2.48834e-11
1.05294e-09
2.4795e-11
1.04738e-09
2.47075e-11
1.04183e-09
2.4621e-11
1.03629e-09
2.45356e-11
1.03078e-09
2.44511e-11
1.02528e-09
2.43676e-11
1.0198e-09
2.42851e-11
1.01434e-09
2.42036e-11
1.00889e-09
2.4123e-11
1.00346e-09
2.40435e-11
9.98039e-10
2.39649e-11
9.92639e-10
2.38873e-11
9.87253e-10
2.38107e-11
9.81884e-10
2.37351e-11
9.76529e-10
2.36605e-11
9.71189e-10
2.3587e-11
9.65865e-10
2.35145e-11
9.60554e-10
2.34431e-11
9.55258e-10
2.33728e-11
9.49976e-10
2.33036e-11
9.44707e-10
2.32355e-11
9.39453e-10
2.31685e-11
9.34211e-10
2.31026e-11
9.28983e-10
2.30378e-11
9.23768e-10
2.29741e-11
9.18565e-10
2.29115e-11
9.13375e-10
2.285e-11
9.08197e-10
2.27894e-11
9.03031e-10
2.27297e-11
8.97877e-10
2.26709e-11
8.92735e-10
2.26128e-11
8.87605e-10
2.25554e-11
8.82486e-10
2.24984e-11
8.77379e-10
2.24419e-11
8.72283e-10
2.23856e-11
8.67199e-10
2.23294e-11
8.62127e-10
2.22731e-11
8.57067e-10
2.22165e-11
8.52019e-10
2.21597e-11
8.46983e-10
2.21023e-11
8.41959e-10
2.20443e-11
8.36949e-10
2.19858e-11
8.31951e-10
2.19267e-11
8.26966e-10
2.18672e-11
8.21995e-10
2.18074e-11
8.17038e-10
2.17478e-11
8.12094e-10
2.16889e-11
8.07163e-10
2.16313e-11
8.02246e-10
2.1576e-11
7.97341e-10
2.15242e-11
7.92447e-10
2.14771e-11
7.87564e-10
2.14366e-11
7.8269e-10
2.14046e-11
7.77822e-10
2.13833e-11
7.72958e-10
2.13755e-11
7.68093e-10
2.1384e-11
7.63225e-10
2.14117e-11
7.58347e-10
2.14621e-11
7.53455e-10
2.15382e-11
7.48541e-10
2.16431e-11
7.43598e-10
2.17794e-11
7.3862e-10
2.19489e-11
7.33597e-10
2.21519e-11
7.28523e-10
2.23868e-11
7.23391e-10
2.26492e-11
7.18196e-10
2.29305e-11
7.12935e-10
2.32162e-11
7.07611e-10
2.34842e-11
7.02233e-10
2.37014e-11
6.9682e-10
2.38203e-11
6.91406e-10
2.37738e-11
6.86042e-10
2.34683e-11
6.80809e-10
2.27741e-11
6.75823e-10
2.15132e-11
6.71252e-10
1.9441e-11
6.6733e-10
1.62227e-11
6.6439e-10
1.13978e-11
6.62888e-10
4.33172e-12
6.63462e-10
-5.85634e-12
6.66994e-10
-2.0404e-11
6.74713e-10
-4.10617e-11
6.88336e-10
-7.03239e-11
7.10287e-10
-1.11789e-10
7.44016e-10
-1.70701e-10
7.9453e-10
-2.54807e-10
8.6926e-10
-3.75536e-10
9.79588e-10
-5.50249e-10
1.14359e-09
-8.02859e-10
1.39189e-09
-1.1734e-09
1.76834e-09
-1.68201e-09
2.37381e-09
-2.38387e-09
-3.39239e-09
3.30823e-09
3.1306e-09
2.50625e-10
3.09201e-09
2.51946e-10
3.06944e-09
2.27916e-10
3.05807e-09
2.03549e-10
3.05365e-09
1.83679e-10
3.05276e-09
1.69421e-10
3.05339e-09
1.59695e-10
3.05457e-09
1.52746e-10
3.0558e-09
1.47531e-10
3.05676e-09
1.43522e-10
3.05731e-09
1.40339e-10
3.05738e-09
1.37714e-10
3.05693e-09
1.35485e-10
3.05595e-09
1.33551e-10
3.05444e-09
1.3184e-10
3.05242e-09
1.30303e-10
3.04991e-09
1.28905e-10
3.04691e-09
1.2762e-10
3.04344e-09
1.26427e-10
3.03954e-09
1.2531e-10
3.0352e-09
1.24255e-10
3.03046e-09
1.23253e-10
3.02533e-09
1.22294e-10
3.01982e-09
1.2137e-10
3.01394e-09
1.20477e-10
3.00773e-09
1.19607e-10
3.00118e-09
1.18757e-10
2.99432e-09
1.17923e-10
2.98715e-09
1.17101e-10
2.97969e-09
1.16289e-10
2.97196e-09
1.15484e-10
2.96396e-09
1.14685e-10
2.95571e-09
1.13889e-10
2.94722e-09
1.13096e-10
2.93849e-09
1.12304e-10
2.92955e-09
1.11512e-10
2.9204e-09
1.10721e-10
2.91105e-09
1.09929e-10
2.90151e-09
1.09135e-10
2.89179e-09
1.08341e-10
2.88191e-09
1.07545e-10
2.87186e-09
1.06748e-10
2.86166e-09
1.0595e-10
2.85132e-09
1.0515e-10
2.84084e-09
1.04349e-10
2.83024e-09
1.03545e-10
2.81952e-09
1.02738e-10
2.8087e-09
1.01928e-10
2.79777e-09
1.01118e-10
2.78675e-09
1.00307e-10
2.77564e-09
9.94973e-11
2.76444e-09
9.86881e-11
2.75318e-09
9.78801e-11
2.74184e-09
9.70737e-11
2.73045e-09
9.62692e-11
2.71899e-09
9.54668e-11
2.70749e-09
9.46668e-11
2.69594e-09
9.38695e-11
2.68434e-09
9.30751e-11
2.67271e-09
9.2284e-11
2.66106e-09
9.14964e-11
2.64937e-09
9.07125e-11
2.63766e-09
8.99325e-11
2.62593e-09
8.91568e-11
2.61419e-09
8.83855e-11
2.60244e-09
8.76189e-11
2.59069e-09
8.68572e-11
2.57892e-09
8.61006e-11
2.56716e-09
8.53491e-11
2.55541e-09
8.46031e-11
2.54366e-09
8.38627e-11
2.53192e-09
8.31281e-11
2.52019e-09
8.23993e-11
2.50848e-09
8.16765e-11
2.49678e-09
8.09598e-11
2.48511e-09
8.02493e-11
2.47345e-09
7.95452e-11
2.46183e-09
7.88476e-11
2.45022e-09
7.81564e-11
2.43865e-09
7.74719e-11
2.4271e-09
7.6794e-11
2.41559e-09
7.61228e-11
2.40411e-09
7.54584e-11
2.39267e-09
7.48007e-11
2.38126e-09
7.41499e-11
2.36989e-09
7.35058e-11
2.35855e-09
7.28686e-11
2.34726e-09
7.22382e-11
2.33601e-09
7.16147e-11
2.3248e-09
7.09981e-11
2.31363e-09
7.03884e-11
2.30251e-09
6.97856e-11
2.29143e-09
6.91896e-11
2.28039e-09
6.86005e-11
2.2694e-09
6.80182e-11
2.25846e-09
6.74428e-11
2.24757e-09
6.68742e-11
2.23672e-09
6.63123e-11
2.22592e-09
6.57572e-11
2.21517e-09
6.52088e-11
2.20447e-09
6.46671e-11
2.19382e-09
6.4132e-11
2.18322e-09
6.36034e-11
2.17266e-09
6.30814e-11
2.16216e-09
6.25659e-11
2.15171e-09
6.20568e-11
2.1413e-09
6.15541e-11
2.13095e-09
6.10577e-11
2.12065e-09
6.05676e-11
2.11039e-09
6.00837e-11
2.10019e-09
5.9606e-11
2.09004e-09
5.91344e-11
2.07994e-09
5.86687e-11
2.06989e-09
5.82091e-11
2.05989e-09
5.77554e-11
2.04994e-09
5.73075e-11
2.04004e-09
5.68654e-11
2.03019e-09
5.6429e-11
2.02039e-09
5.59982e-11
2.01064e-09
5.55731e-11
2.00094e-09
5.51534e-11
1.99128e-09
5.47393e-11
1.98168e-09
5.43305e-11
1.97213e-09
5.39271e-11
1.96262e-09
5.35289e-11
1.95317e-09
5.31359e-11
1.94376e-09
5.27481e-11
1.9344e-09
5.23654e-11
1.92508e-09
5.19876e-11
1.91582e-09
5.16149e-11
1.9066e-09
5.1247e-11
1.89742e-09
5.08839e-11
1.8883e-09
5.05256e-11
1.87922e-09
5.0172e-11
1.87018e-09
4.98231e-11
1.8612e-09
4.94787e-11
1.85225e-09
4.91388e-11
1.84336e-09
4.88034e-11
1.8345e-09
4.84724e-11
1.82569e-09
4.81458e-11
1.81693e-09
4.78234e-11
1.8082e-09
4.75052e-11
1.79952e-09
4.71913e-11
1.79089e-09
4.68814e-11
1.7823e-09
4.65756e-11
1.77374e-09
4.62737e-11
1.76523e-09
4.59759e-11
1.75677e-09
4.56819e-11
1.74834e-09
4.53917e-11
1.73995e-09
4.51054e-11
1.73161e-09
4.48228e-11
1.7233e-09
4.45438e-11
1.71503e-09
4.42685e-11
1.70681e-09
4.39968e-11
1.69862e-09
4.37286e-11
1.69047e-09
4.34638e-11
1.68236e-09
4.32026e-11
1.67428e-09
4.29447e-11
1.66625e-09
4.26901e-11
1.65825e-09
4.24389e-11
1.65029e-09
4.21909e-11
1.64236e-09
4.1946e-11
1.63447e-09
4.17044e-11
1.62662e-09
4.14659e-11
1.6188e-09
4.12304e-11
1.61102e-09
4.0998e-11
1.60327e-09
4.07685e-11
1.59556e-09
4.0542e-11
1.58788e-09
4.03184e-11
1.58023e-09
4.00977e-11
1.57262e-09
3.98798e-11
1.56504e-09
3.96647e-11
1.5575e-09
3.94523e-11
1.54998e-09
3.92426e-11
1.5425e-09
3.90356e-11
1.53505e-09
3.88312e-11
1.52763e-09
3.86295e-11
1.52024e-09
3.84303e-11
1.51289e-09
3.82336e-11
1.50556e-09
3.80394e-11
1.49826e-09
3.78476e-11
1.491e-09
3.76583e-11
1.48376e-09
3.74714e-11
1.47655e-09
3.72868e-11
1.46937e-09
3.71046e-11
1.46222e-09
3.69246e-11
1.4551e-09
3.67469e-11
1.44801e-09
3.65714e-11
1.44094e-09
3.63981e-11
1.43391e-09
3.6227e-11
1.42689e-09
3.6058e-11
1.41991e-09
3.58912e-11
1.41295e-09
3.57264e-11
1.40602e-09
3.55636e-11
1.39911e-09
3.54029e-11
1.39224e-09
3.52442e-11
1.38538e-09
3.50875e-11
1.37855e-09
3.49327e-11
1.37175e-09
3.47798e-11
1.36497e-09
3.46288e-11
1.35821e-09
3.44796e-11
1.35148e-09
3.43323e-11
1.34478e-09
3.41868e-11
1.33809e-09
3.40431e-11
1.33143e-09
3.39012e-11
1.3248e-09
3.3761e-11
1.31818e-09
3.36225e-11
1.31159e-09
3.34858e-11
1.30502e-09
3.33506e-11
1.29847e-09
3.32172e-11
1.29195e-09
3.30853e-11
1.28545e-09
3.29551e-11
1.27897e-09
3.28264e-11
1.2725e-09
3.26993e-11
1.26607e-09
3.25736e-11
1.25965e-09
3.24495e-11
1.25325e-09
3.23269e-11
1.24687e-09
3.22057e-11
1.24051e-09
3.2086e-11
1.23417e-09
3.19677e-11
1.22786e-09
3.18507e-11
1.22156e-09
3.17351e-11
1.21528e-09
3.16209e-11
1.20902e-09
3.1508e-11
1.20278e-09
3.13963e-11
1.19656e-09
3.12859e-11
1.19035e-09
3.11768e-11
1.18417e-09
3.1069e-11
1.178e-09
3.09623e-11
1.17185e-09
3.08569e-11
1.16572e-09
3.07526e-11
1.1596e-09
3.06495e-11
1.15351e-09
3.05476e-11
1.14743e-09
3.04468e-11
1.14137e-09
3.03472e-11
1.13532e-09
3.02488e-11
1.12929e-09
3.01515e-11
1.12328e-09
3.00554e-11
1.11728e-09
2.99605e-11
1.11131e-09
2.98667e-11
1.10534e-09
2.97742e-11
1.09939e-09
2.96829e-11
1.09346e-09
2.95928e-11
1.08754e-09
2.95039e-11
1.08164e-09
2.94163e-11
1.07576e-09
2.93301e-11
1.06988e-09
2.92451e-11
1.06403e-09
2.91615e-11
1.05818e-09
2.90792e-11
1.05235e-09
2.89983e-11
1.04654e-09
2.89188e-11
1.04073e-09
2.88406e-11
1.03494e-09
2.87637e-11
1.02917e-09
2.86881e-11
1.0234e-09
2.86138e-11
1.01765e-09
2.85406e-11
1.01191e-09
2.84685e-11
1.00619e-09
2.83975e-11
1.00047e-09
2.83273e-11
9.9477e-10
2.82578e-11
9.89079e-10
2.81889e-11
9.83401e-10
2.81204e-11
9.77734e-10
2.80521e-11
9.7208e-10
2.79838e-11
9.66438e-10
2.79153e-11
9.60808e-10
2.78463e-11
9.55191e-10
2.77768e-11
9.49586e-10
2.77064e-11
9.43996e-10
2.76352e-11
9.38418e-10
2.7563e-11
9.32855e-10
2.749e-11
9.27306e-10
2.74161e-11
9.21772e-10
2.73417e-11
9.16253e-10
2.72671e-11
9.10748e-10
2.71932e-11
9.05259e-10
2.71206e-11
8.99785e-10
2.70506e-11
8.94324e-10
2.69844e-11
8.88877e-10
2.6924e-11
8.83443e-10
2.68714e-11
8.78018e-10
2.68291e-11
8.72602e-10
2.67999e-11
8.6719e-10
2.67872e-11
8.61779e-10
2.67945e-11
8.56365e-10
2.68258e-11
8.50942e-10
2.6885e-11
8.45504e-10
2.69765e-11
8.40043e-10
2.71038e-11
8.34552e-10
2.72706e-11
8.29022e-10
2.7479e-11
8.23444e-10
2.77299e-11
8.1781e-10
2.80214e-11
8.1211e-10
2.83485e-11
8.0634e-10
2.87007e-11
8.00495e-10
2.90608e-11
7.94578e-10
2.94017e-11
7.88596e-10
2.96834e-11
7.82568e-10
2.98481e-11
7.76527e-10
2.98138e-11
7.70529e-10
2.94667e-11
7.64654e-10
2.86486e-11
7.59024e-10
2.71429e-11
7.53813e-10
2.4652e-11
7.49266e-10
2.077e-11
7.45725e-10
1.49381e-11
7.43667e-10
6.38987e-12
7.43747e-10
-5.93691e-12
7.46873e-10
-2.35303e-11
7.54301e-10
-4.84904e-11
7.67776e-10
-8.37991e-11
7.89738e-10
-1.33751e-10
8.23638e-10
-2.04601e-10
8.74447e-10
-3.05617e-10
9.4955e-10
-4.50639e-10
1.06031e-09
-6.61012e-10
1.22579e-09
-9.68333e-10
1.47893e-09
-1.42654e-09
1.88238e-09
-2.08546e-09
2.57441e-09
-3.0759e-09
-4.49245e-09
3.67447e-09
2.64775e-09
2.80462e-10
2.65163e-09
2.48074e-10
2.67495e-09
2.04593e-10
2.70588e-09
1.72617e-10
2.73828e-09
1.51275e-10
2.76898e-09
1.38724e-10
2.79699e-09
1.31681e-10
2.82226e-09
1.27482e-10
2.84491e-09
1.24883e-10
2.86514e-09
1.23291e-10
2.88318e-09
1.22293e-10
2.89927e-09
1.21633e-10
2.91358e-09
1.21173e-10
2.92629e-09
1.20836e-10
2.93756e-09
1.20576e-10
2.9475e-09
1.20362e-10
2.95623e-09
1.20176e-10
2.96384e-09
1.20007e-10
2.97042e-09
1.19847e-10
2.97604e-09
1.19688e-10
2.98077e-09
1.19527e-10
2.98466e-09
1.19359e-10
2.98778e-09
1.19183e-10
2.99015e-09
1.18995e-10
2.99183e-09
1.18795e-10
2.99286e-09
1.1858e-10
2.99327e-09
1.18349e-10
2.99309e-09
1.18102e-10
2.99235e-09
1.17837e-10
2.99109e-09
1.17554e-10
2.98932e-09
1.17253e-10
2.98707e-09
1.16933e-10
2.98436e-09
1.16595e-10
2.98122e-09
1.16237e-10
2.97767e-09
1.15861e-10
2.97371e-09
1.15466e-10
2.96938e-09
1.15053e-10
2.96469e-09
1.14622e-10
2.95965e-09
1.14174e-10
2.95428e-09
1.13709e-10
2.9486e-09
1.13228e-10
2.94261e-09
1.12731e-10
2.93634e-09
1.1222e-10
2.9298e-09
1.11694e-10
2.923e-09
1.11153e-10
2.91594e-09
1.10597e-10
2.90865e-09
1.10026e-10
2.90114e-09
1.0944e-10
2.89342e-09
1.08842e-10
2.88549e-09
1.08234e-10
2.87737e-09
1.07617e-10
2.86907e-09
1.06991e-10
2.86059e-09
1.06357e-10
2.85195e-09
1.05716e-10
2.84315e-09
1.05068e-10
2.8342e-09
1.04414e-10
2.82512e-09
1.03754e-10
2.8159e-09
1.03089e-10
2.80655e-09
1.0242e-10
2.79709e-09
1.01746e-10
2.78752e-09
1.01069e-10
2.77784e-09
1.00388e-10
2.76807e-09
9.97055e-11
2.75821e-09
9.90205e-11
2.74826e-09
9.83339e-11
2.73823e-09
9.76461e-11
2.72813e-09
9.69575e-11
2.71796e-09
9.62686e-11
2.70773e-09
9.55797e-11
2.69744e-09
9.48912e-11
2.6871e-09
9.42035e-11
2.67671e-09
9.3517e-11
2.66628e-09
9.28319e-11
2.65581e-09
9.21485e-11
2.6453e-09
9.14673e-11
2.63476e-09
9.07884e-11
2.6242e-09
9.01121e-11
2.6136e-09
8.94387e-11
2.60299e-09
8.87684e-11
2.59236e-09
8.81014e-11
2.58172e-09
8.7438e-11
2.57106e-09
8.67784e-11
2.5604e-09
8.61226e-11
2.54973e-09
8.54709e-11
2.53905e-09
8.48235e-11
2.52838e-09
8.41803e-11
2.51771e-09
8.35416e-11
2.50704e-09
8.29076e-11
2.49637e-09
8.22783e-11
2.48572e-09
8.16538e-11
2.47507e-09
8.10343e-11
2.46444e-09
8.04198e-11
2.45382e-09
7.98105e-11
2.44321e-09
7.92064e-11
2.43262e-09
7.86076e-11
2.42205e-09
7.80141e-11
2.4115e-09
7.7426e-11
2.40097e-09
7.68434e-11
2.39046e-09
7.62663e-11
2.37997e-09
7.56947e-11
2.36951e-09
7.51287e-11
2.35908e-09
7.45682e-11
2.34867e-09
7.40134e-11
2.33828e-09
7.34641e-11
2.32793e-09
7.29205e-11
2.3176e-09
7.23824e-11
2.30731e-09
7.185e-11
2.29704e-09
7.13232e-11
2.28681e-09
7.0802e-11
2.2766e-09
7.02864e-11
2.26643e-09
6.97764e-11
2.2563e-09
6.92719e-11
2.24619e-09
6.8773e-11
2.23612e-09
6.82795e-11
2.22609e-09
6.77916e-11
2.21608e-09
6.73091e-11
2.20612e-09
6.6832e-11
2.19619e-09
6.63604e-11
2.18629e-09
6.5894e-11
2.17643e-09
6.54331e-11
2.16661e-09
6.49773e-11
2.15682e-09
6.45269e-11
2.14707e-09
6.40816e-11
2.13735e-09
6.36416e-11
2.12768e-09
6.32066e-11
2.11803e-09
6.27767e-11
2.10843e-09
6.23519e-11
2.09886e-09
6.19321e-11
2.08933e-09
6.15173e-11
2.07984e-09
6.11073e-11
2.07039e-09
6.07022e-11
2.06097e-09
6.0302e-11
2.05159e-09
5.99065e-11
2.04224e-09
5.95157e-11
2.03294e-09
5.91296e-11
2.02367e-09
5.87482e-11
2.01444e-09
5.83713e-11
2.00524e-09
5.7999e-11
1.99608e-09
5.76312e-11
1.98696e-09
5.72678e-11
1.97787e-09
5.69087e-11
1.96882e-09
5.65541e-11
1.95981e-09
5.62037e-11
1.95084e-09
5.58576e-11
1.9419e-09
5.55156e-11
1.93299e-09
5.51779e-11
1.92412e-09
5.48442e-11
1.91529e-09
5.45146e-11
1.90649e-09
5.4189e-11
1.89773e-09
5.38674e-11
1.889e-09
5.35497e-11
1.88031e-09
5.32358e-11
1.87166e-09
5.29258e-11
1.86303e-09
5.26196e-11
1.85444e-09
5.23171e-11
1.84589e-09
5.20183e-11
1.83737e-09
5.17232e-11
1.82888e-09
5.14316e-11
1.82043e-09
5.11436e-11
1.81201e-09
5.08592e-11
1.80362e-09
5.05782e-11
1.79527e-09
5.03006e-11
1.78694e-09
5.00265e-11
1.77865e-09
4.97557e-11
1.7704e-09
4.94881e-11
1.76217e-09
4.92239e-11
1.75398e-09
4.89629e-11
1.74581e-09
4.87051e-11
1.73768e-09
4.84504e-11
1.72958e-09
4.81988e-11
1.72151e-09
4.79503e-11
1.71347e-09
4.77048e-11
1.70546e-09
4.74624e-11
1.69748e-09
4.72228e-11
1.68953e-09
4.69862e-11
1.68161e-09
4.67525e-11
1.67372e-09
4.65216e-11
1.66585e-09
4.62935e-11
1.65802e-09
4.60682e-11
1.65021e-09
4.58456e-11
1.64243e-09
4.56258e-11
1.63468e-09
4.54085e-11
1.62696e-09
4.5194e-11
1.61927e-09
4.4982e-11
1.6116e-09
4.47726e-11
1.60396e-09
4.45657e-11
1.59634e-09
4.43613e-11
1.58875e-09
4.41594e-11
1.58119e-09
4.396e-11
1.57366e-09
4.37629e-11
1.56615e-09
4.35682e-11
1.55866e-09
4.33759e-11
1.5512e-09
4.31859e-11
1.54377e-09
4.29981e-11
1.53636e-09
4.28127e-11
1.52897e-09
4.26294e-11
1.52161e-09
4.24484e-11
1.51427e-09
4.22695e-11
1.50696e-09
4.20928e-11
1.49967e-09
4.19182e-11
1.49241e-09
4.17456e-11
1.48516e-09
4.15752e-11
1.47794e-09
4.14068e-11
1.47075e-09
4.12403e-11
1.46357e-09
4.10759e-11
1.45642e-09
4.09135e-11
1.44929e-09
4.07529e-11
1.44218e-09
4.05943e-11
1.43509e-09
4.04375e-11
1.42803e-09
4.02827e-11
1.42098e-09
4.01296e-11
1.41396e-09
3.99783e-11
1.40696e-09
3.98288e-11
1.39998e-09
3.96811e-11
1.39301e-09
3.95351e-11
1.38607e-09
3.93908e-11
1.37915e-09
3.92481e-11
1.37225e-09
3.91072e-11
1.36537e-09
3.89678e-11
1.35851e-09
3.883e-11
1.35166e-09
3.86938e-11
1.34484e-09
3.85591e-11
1.33803e-09
3.8426e-11
1.33125e-09
3.82943e-11
1.32448e-09
3.81641e-11
1.31773e-09
3.80354e-11
1.311e-09
3.7908e-11
1.30429e-09
3.77821e-11
1.29759e-09
3.76576e-11
1.29091e-09
3.75344e-11
1.28425e-09
3.74126e-11
1.27761e-09
3.72921e-11
1.27099e-09
3.7173e-11
1.26438e-09
3.70552e-11
1.25779e-09
3.69387e-11
1.25121e-09
3.68235e-11
1.24465e-09
3.67097e-11
1.23811e-09
3.65972e-11
1.23159e-09
3.64861e-11
1.22508e-09
3.63763e-11
1.21858e-09
3.6268e-11
1.2121e-09
3.61611e-11
1.20564e-09
3.60556e-11
1.19919e-09
3.59515e-11
1.19276e-09
3.5849e-11
1.18634e-09
3.5748e-11
1.17994e-09
3.56485e-11
1.17355e-09
3.55506e-11
1.16717e-09
3.54544e-11
1.16081e-09
3.53597e-11
1.15447e-09
3.52666e-11
1.14813e-09
3.51751e-11
1.14181e-09
3.50851e-11
1.1355e-09
3.49967e-11
1.12921e-09
3.49098e-11
1.12292e-09
3.48242e-11
1.11665e-09
3.47399e-11
1.11039e-09
3.46568e-11
1.10414e-09
3.45746e-11
1.09791e-09
3.44932e-11
1.09168e-09
3.44125e-11
1.08547e-09
3.43321e-11
1.07927e-09
3.42518e-11
1.07309e-09
3.41713e-11
1.06691e-09
3.40904e-11
1.06075e-09
3.40089e-11
1.0546e-09
3.39264e-11
1.04846e-09
3.38427e-11
1.04234e-09
3.37577e-11
1.03623e-09
3.36713e-11
1.03014e-09
3.35834e-11
1.02406e-09
3.34943e-11
1.018e-09
3.34042e-11
1.01195e-09
3.33137e-11
1.00592e-09
3.32233e-11
9.99907e-10
3.31343e-11
9.9391e-10
3.30479e-11
9.87928e-10
3.29659e-11
9.81962e-10
3.28903e-11
9.7601e-10
3.28238e-11
9.70069e-10
3.27694e-11
9.64139e-10
3.27306e-11
9.58214e-10
3.27114e-11
9.52293e-10
3.27163e-11
9.46368e-10
3.275e-11
9.40436e-10
3.28177e-11
9.34488e-10
3.29243e-11
9.28517e-10
3.30748e-11
9.22514e-10
3.32734e-11
9.1647e-10
3.35233e-11
9.10374e-10
3.38256e-11
9.04217e-10
3.41787e-11
8.97989e-10
3.45767e-11
8.91682e-10
3.50075e-11
8.85291e-10
3.54512e-11
8.78817e-10
3.58758e-11
8.72266e-10
3.62344e-11
8.65656e-10
3.64582e-11
8.59019e-10
3.6451e-11
8.52408e-10
3.60771e-11
8.45906e-10
3.51506e-11
8.39634e-10
3.34142e-11
8.33768e-10
3.05185e-11
8.28555e-10
2.59826e-11
8.24341e-10
1.91525e-11
8.21604e-10
9.12613e-12
8.21002e-10
-5.33476e-12
8.23439e-10
-2.59687e-11
8.30159e-10
-5.521e-11
8.4287e-10
-9.65108e-11
8.63935e-10
-1.54816e-10
8.96652e-10
-2.3732e-10
9.45701e-10
-3.54665e-10
1.01794e-09
-5.22876e-10
1.12377e-09
-7.66849e-10
1.28122e-09
-1.12578e-09
1.52158e-09
-1.6669e-09
1.9253e-09
-2.48918e-09
2.64977e-09
-3.80037e-09
-5.67696e-09
3.83427e-09
2.00688e-09
2.3102e-10
2.0987e-09
1.5625e-10
2.19167e-09
1.11626e-10
2.27665e-09
8.76407e-11
2.35172e-09
7.62033e-11
2.4172e-09
7.32477e-11
2.47455e-09
7.43247e-11
2.52516e-09
7.6873e-11
2.57008e-09
7.99662e-11
2.61017e-09
8.31931e-11
2.64618e-09
8.62884e-11
2.67867e-09
8.91434e-11
2.7081e-09
9.17395e-11
2.73485e-09
9.40886e-11
2.75921e-09
9.62113e-11
2.78145e-09
9.81308e-11
2.80175e-09
9.98695e-11
2.82031e-09
1.01448e-10
2.83728e-09
1.02883e-10
2.85277e-09
1.0419e-10
2.86692e-09
1.0538e-10
2.87981e-09
1.06466e-10
2.89154e-09
1.07455e-10
2.90218e-09
1.08356e-10
2.9118e-09
1.09174e-10
2.92046e-09
1.09916e-10
2.92823e-09
1.10587e-10
2.93514e-09
1.1119e-10
2.94125e-09
1.1173e-10
2.94659e-09
1.1221e-10
2.95121e-09
1.12632e-10
2.95514e-09
1.13001e-10
2.95842e-09
1.13317e-10
2.96107e-09
1.13584e-10
2.96313e-09
1.13804e-10
2.96462e-09
1.13978e-10
2.96556e-09
1.14109e-10
2.96599e-09
1.14198e-10
2.96591e-09
1.14247e-10
2.96536e-09
1.14258e-10
2.96436e-09
1.14233e-10
2.96292e-09
1.14173e-10
2.96106e-09
1.14081e-10
2.95879e-09
1.13957e-10
2.95614e-09
1.13802e-10
2.95313e-09
1.13615e-10
2.94976e-09
1.13395e-10
2.94605e-09
1.13146e-10
2.94202e-09
1.12872e-10
2.93768e-09
1.12575e-10
2.93304e-09
1.12255e-10
2.92812e-09
1.11915e-10
2.92292e-09
1.11555e-10
2.91746e-09
1.11176e-10
2.91175e-09
1.1078e-10
2.9058e-09
1.10366e-10
2.89961e-09
1.09937e-10
2.89321e-09
1.09492e-10
2.8866e-09
1.09033e-10
2.87978e-09
1.0856e-10
2.87278e-09
1.08074e-10
2.86559e-09
1.07577e-10
2.85823e-09
1.07068e-10
2.8507e-09
1.06549e-10
2.84301e-09
1.0602e-10
2.83518e-09
1.05483e-10
2.8272e-09
1.04937e-10
2.81908e-09
1.04384e-10
2.81084e-09
1.03824e-10
2.80247e-09
1.03258e-10
2.79399e-09
1.02686e-10
2.7854e-09
1.02108e-10
2.7767e-09
1.01527e-10
2.76791e-09
1.00941e-10
2.75902e-09
1.00352e-10
2.75005e-09
9.97605e-11
2.741e-09
9.91661e-11
2.73187e-09
9.85696e-11
2.72266e-09
9.79715e-11
2.71339e-09
9.73722e-11
2.70406e-09
9.67721e-11
2.69467e-09
9.61715e-11
2.68522e-09
9.55708e-11
2.67572e-09
9.49702e-11
2.66617e-09
9.437e-11
2.65658e-09
9.37706e-11
2.64695e-09
9.31722e-11
2.63728e-09
9.25751e-11
2.62758e-09
9.19796e-11
2.61785e-09
9.13858e-11
2.60809e-09
9.07941e-11
2.59831e-09
9.02046e-11
2.5885e-09
8.96176e-11
2.57867e-09
8.90332e-11
2.56883e-09
8.84517e-11
2.55897e-09
8.78731e-11
2.5491e-09
8.72977e-11
2.53921e-09
8.67255e-11
2.52932e-09
8.61568e-11
2.51943e-09
8.55917e-11
2.50953e-09
8.50302e-11
2.49962e-09
8.44725e-11
2.48972e-09
8.39186e-11
2.47981e-09
8.33687e-11
2.46991e-09
8.28229e-11
2.46001e-09
8.22811e-11
2.45012e-09
8.17436e-11
2.44023e-09
8.12103e-11
2.43035e-09
8.06813e-11
2.42048e-09
8.01566e-11
2.41062e-09
7.96364e-11
2.40077e-09
7.91206e-11
2.39094e-09
7.86092e-11
2.38111e-09
7.81024e-11
2.3713e-09
7.76e-11
2.36151e-09
7.71022e-11
2.35173e-09
7.6609e-11
2.34197e-09
7.61203e-11
2.33223e-09
7.56362e-11
2.32251e-09
7.51567e-11
2.3128e-09
7.46818e-11
2.30312e-09
7.42114e-11
2.29346e-09
7.37457e-11
2.28381e-09
7.32845e-11
2.27419e-09
7.28279e-11
2.26459e-09
7.23758e-11
2.25502e-09
7.19284e-11
2.24546e-09
7.14854e-11
2.23593e-09
7.1047e-11
2.22643e-09
7.06131e-11
2.21695e-09
7.01837e-11
2.20749e-09
6.97588e-11
2.19806e-09
6.93383e-11
2.18865e-09
6.89223e-11
2.17927e-09
6.85106e-11
2.16991e-09
6.81033e-11
2.16058e-09
6.77004e-11
2.15128e-09
6.73018e-11
2.14201e-09
6.69075e-11
2.13276e-09
6.65174e-11
2.12353e-09
6.61316e-11
2.11434e-09
6.575e-11
2.10517e-09
6.53725e-11
2.09603e-09
6.49992e-11
2.08691e-09
6.463e-11
2.07783e-09
6.42649e-11
2.06877e-09
6.39038e-11
2.05973e-09
6.35467e-11
2.05073e-09
6.31936e-11
2.04175e-09
6.28444e-11
2.0328e-09
6.24991e-11
2.02388e-09
6.21577e-11
2.01499e-09
6.18202e-11
2.00612e-09
6.14864e-11
1.99728e-09
6.11564e-11
1.98847e-09
6.08301e-11
1.97968e-09
6.05075e-11
1.97093e-09
6.01885e-11
1.9622e-09
5.98732e-11
1.95349e-09
5.95615e-11
1.94482e-09
5.92533e-11
1.93617e-09
5.89486e-11
1.92755e-09
5.86474e-11
1.91896e-09
5.83496e-11
1.91039e-09
5.80553e-11
1.90185e-09
5.77643e-11
1.89334e-09
5.74766e-11
1.88485e-09
5.71923e-11
1.87639e-09
5.69112e-11
1.86795e-09
5.66333e-11
1.85954e-09
5.63587e-11
1.85116e-09
5.60872e-11
1.84281e-09
5.58188e-11
1.83448e-09
5.55535e-11
1.82617e-09
5.52913e-11
1.81789e-09
5.50321e-11
1.80964e-09
5.47759e-11
1.80141e-09
5.45226e-11
1.7932e-09
5.42723e-11
1.78502e-09
5.40248e-11
1.77687e-09
5.37802e-11
1.76874e-09
5.35385e-11
1.76063e-09
5.32995e-11
1.75255e-09
5.30633e-11
1.7445e-09
5.28298e-11
1.73646e-09
5.2599e-11
1.72845e-09
5.23709e-11
1.72047e-09
5.21455e-11
1.7125e-09
5.19226e-11
1.70456e-09
5.17023e-11
1.69665e-09
5.14845e-11
1.68875e-09
5.12693e-11
1.68088e-09
5.10566e-11
1.67304e-09
5.08463e-11
1.66521e-09
5.06384e-11
1.65741e-09
5.0433e-11
1.64963e-09
5.02299e-11
1.64187e-09
5.00292e-11
1.63413e-09
4.98308e-11
1.62641e-09
4.96346e-11
1.61872e-09
4.94408e-11
1.61104e-09
4.92491e-11
1.60339e-09
4.90597e-11
1.59576e-09
4.88725e-11
1.58815e-09
4.86874e-11
1.58055e-09
4.85045e-11
1.57298e-09
4.83236e-11
1.56543e-09
4.81449e-11
1.5579e-09
4.79681e-11
1.55039e-09
4.77934e-11
1.5429e-09
4.76207e-11
1.53543e-09
4.745e-11
1.52798e-09
4.72812e-11
1.52054e-09
4.71143e-11
1.51313e-09
4.69494e-11
1.50573e-09
4.67862e-11
1.49836e-09
4.66249e-11
1.491e-09
4.64654e-11
1.48366e-09
4.63077e-11
1.47634e-09
4.61517e-11
1.46903e-09
4.59974e-11
1.46175e-09
4.58448e-11
1.45448e-09
4.56939e-11
1.44723e-09
4.55446e-11
1.44e-09
4.5397e-11
1.43278e-09
4.52509e-11
1.42558e-09
4.51063e-11
1.4184e-09
4.49633e-11
1.41124e-09
4.48219e-11
1.40409e-09
4.46819e-11
1.39696e-09
4.45435e-11
1.38984e-09
4.44065e-11
1.38275e-09
4.4271e-11
1.37566e-09
4.41369e-11
1.3686e-09
4.40044e-11
1.36155e-09
4.38733e-11
1.35452e-09
4.37437e-11
1.3475e-09
4.36156e-11
1.34049e-09
4.3489e-11
1.33351e-09
4.33639e-11
1.32653e-09
4.32405e-11
1.31958e-09
4.31186e-11
1.31263e-09
4.29984e-11
1.3057e-09
4.28799e-11
1.29879e-09
4.2763e-11
1.29189e-09
4.26479e-11
1.285e-09
4.25346e-11
1.27813e-09
4.24231e-11
1.27127e-09
4.23134e-11
1.26443e-09
4.22056e-11
1.25759e-09
4.20996e-11
1.25077e-09
4.19955e-11
1.24397e-09
4.18931e-11
1.23717e-09
4.17925e-11
1.23039e-09
4.16936e-11
1.22361e-09
4.15963e-11
1.21685e-09
4.15003e-11
1.21011e-09
4.14057e-11
1.20337e-09
4.13121e-11
1.19664e-09
4.12194e-11
1.18993e-09
4.11273e-11
1.18322e-09
4.10354e-11
1.17653e-09
4.09436e-11
1.16985e-09
4.08513e-11
1.16318e-09
4.07584e-11
1.15653e-09
4.06644e-11
1.14989e-09
4.05691e-11
1.14326e-09
4.0472e-11
1.13664e-09
4.03731e-11
1.13004e-09
4.02722e-11
1.12345e-09
4.01691e-11
1.11688e-09
4.00642e-11
1.11033e-09
3.99576e-11
1.10379e-09
3.985e-11
1.09728e-09
3.97422e-11
1.09077e-09
3.96354e-11
1.08429e-09
3.95313e-11
1.07783e-09
3.94317e-11
1.07138e-09
3.93393e-11
1.06494e-09
3.9257e-11
1.05852e-09
3.91887e-11
1.05212e-09
3.91384e-11
1.04572e-09
3.91109e-11
1.03932e-09
3.91117e-11
1.03292e-09
3.91466e-11
1.02652e-09
3.92216e-11
1.0201e-09
3.9343e-11
1.01366e-09
3.95169e-11
1.00719e-09
3.97484e-11
1.00067e-09
4.00418e-11
9.94094e-10
4.03988e-11
9.87455e-10
4.08178e-11
9.80739e-10
4.12927e-11
9.73936e-10
4.18101e-11
9.6704e-10
4.2347e-11
9.60049e-10
4.28673e-11
9.52966e-10
4.33166e-11
9.45808e-10
4.36163e-11
9.38605e-10
4.36547e-11
9.31406e-10
4.32761e-11
9.24291e-10
4.2265e-11
9.17379e-10
4.03263e-11
9.10841e-10
3.7056e-11
9.04919e-10
3.1904e-11
8.99953e-10
2.41176e-11
8.96411e-10
1.26689e-11
8.94932e-10
-3.85681e-12
8.96392e-10
-2.74285e-11
9.01978e-10
-6.07972e-11
9.13304e-10
-1.07837e-10
9.32564e-10
-1.74077e-10
9.62757e-10
-2.67513e-10
1.00801e-09
-3.99917e-10
1.07414e-09
-5.8901e-10
1.16956e-09
-8.6227e-10
1.30838e-09
-1.2646e-09
1.51367e-09
-1.87218e-09
1.86084e-09
-2.83635e-09
2.49043e-09
-4.42997e-09
-6.80345e-09
3.61693e-09
1.35919e-09
1.85676e-11
1.55566e-09
-4.02208e-11
1.71161e-09
-4.4324e-11
1.84219e-09
-4.29375e-11
1.95327e-09
-3.48781e-11
2.04843e-09
-2.19147e-11
2.13099e-09
-8.23613e-12
2.20342e-09
4.44836e-12
2.26758e-09
1.5803e-11
2.32501e-09
2.57671e-11
2.37684e-09
3.44544e-11
2.42394e-09
4.20447e-11
2.46696e-09
4.87167e-11
2.50643e-09
5.46202e-11
2.54277e-09
5.9877e-11
2.57631e-09
6.45864e-11
2.60735e-09
6.88296e-11
2.63613e-09
7.26723e-11
2.66284e-09
7.61683e-11
2.68767e-09
7.93612e-11
2.71076e-09
8.22873e-11
2.73225e-09
8.49766e-11
2.75225e-09
8.74543e-11
2.77087e-09
8.97414e-11
2.78819e-09
9.18559e-11
2.80429e-09
9.38133e-11
2.81925e-09
9.56268e-11
2.83313e-09
9.73083e-11
2.84599e-09
9.88667e-11
2.85789e-09
1.00311e-10
2.86887e-09
1.0165e-10
2.87899e-09
1.02889e-10
2.88827e-09
1.04034e-10
2.89676e-09
1.05092e-10
2.9045e-09
1.06066e-10
2.91151e-09
1.06962e-10
2.91784e-09
1.07782e-10
2.92351e-09
1.08532e-10
2.92854e-09
1.09214e-10
2.93297e-09
1.09832e-10
2.93681e-09
1.1039e-10
2.94009e-09
1.1089e-10
2.94284e-09
1.11336e-10
2.94507e-09
1.1173e-10
2.9468e-09
1.12073e-10
2.94805e-09
1.12363e-10
2.94884e-09
1.12602e-10
2.94919e-09
1.12795e-10
2.94912e-09
1.12946e-10
2.94863e-09
1.13059e-10
2.94775e-09
1.13136e-10
2.94649e-09
1.13177e-10
2.94486e-09
1.13185e-10
2.94288e-09
1.1316e-10
2.94055e-09
1.13104e-10
2.9379e-09
1.13019e-10
2.93493e-09
1.12905e-10
2.93166e-09
1.12764e-10
2.9281e-09
1.12596e-10
2.92425e-09
1.12404e-10
2.92014e-09
1.12188e-10
2.91577e-09
1.11949e-10
2.91114e-09
1.11689e-10
2.90628e-09
1.11409e-10
2.90119e-09
1.1111e-10
2.89588e-09
1.10793e-10
2.89036e-09
1.10458e-10
2.88464e-09
1.10107e-10
2.87872e-09
1.09741e-10
2.87262e-09
1.09361e-10
2.86634e-09
1.08968e-10
2.85988e-09
1.08561e-10
2.85327e-09
1.08143e-10
2.84649e-09
1.07714e-10
2.83957e-09
1.07275e-10
2.83251e-09
1.06826e-10
2.8253e-09
1.06369e-10
2.81797e-09
1.05903e-10
2.81051e-09
1.05429e-10
2.80294e-09
1.04949e-10
2.79525e-09
1.04462e-10
2.78745e-09
1.0397e-10
2.77955e-09
1.03472e-10
2.77155e-09
1.0297e-10
2.76345e-09
1.02463e-10
2.75527e-09
1.01952e-10
2.74701e-09
1.01438e-10
2.73866e-09
1.00921e-10
2.73024e-09
1.00401e-10
2.72174e-09
9.98791e-11
2.71318e-09
9.93552e-11
2.70456e-09
9.88298e-11
2.69587e-09
9.83034e-11
2.68713e-09
9.77761e-11
2.67833e-09
9.72483e-11
2.66949e-09
9.67203e-11
2.66059e-09
9.61923e-11
2.65165e-09
9.56647e-11
2.64267e-09
9.51376e-11
2.63365e-09
9.46114e-11
2.6246e-09
9.40862e-11
2.61551e-09
9.35621e-11
2.60639e-09
9.30396e-11
2.59724e-09
9.25186e-11
2.58806e-09
9.19993e-11
2.57886e-09
9.14821e-11
2.56963e-09
9.09669e-11
2.56039e-09
9.04539e-11
2.55113e-09
8.99433e-11
2.54185e-09
8.94352e-11
2.53256e-09
8.89297e-11
2.52325e-09
8.8427e-11
2.51393e-09
8.7927e-11
2.50461e-09
8.743e-11
2.49527e-09
8.69359e-11
2.48593e-09
8.6445e-11
2.47658e-09
8.59572e-11
2.46723e-09
8.54726e-11
2.45787e-09
8.49913e-11
2.44851e-09
8.45134e-11
2.43916e-09
8.40388e-11
2.4298e-09
8.35678e-11
2.42045e-09
8.31002e-11
2.41109e-09
8.26362e-11
2.40175e-09
8.21757e-11
2.3924e-09
8.17189e-11
2.38307e-09
8.12657e-11
2.37374e-09
8.08162e-11
2.36441e-09
8.03704e-11
2.3551e-09
7.99283e-11
2.34579e-09
7.949e-11
2.33649e-09
7.90554e-11
2.32721e-09
7.86246e-11
2.31793e-09
7.81976e-11
2.30867e-09
7.77744e-11
2.29942e-09
7.73549e-11
2.29018e-09
7.69392e-11
2.28095e-09
7.65273e-11
2.27174e-09
7.61192e-11
2.26254e-09
7.57149e-11
2.25336e-09
7.53144e-11
2.24419e-09
7.49176e-11
2.23504e-09
7.45246e-11
2.2259e-09
7.41354e-11
2.21678e-09
7.37499e-11
2.20768e-09
7.33681e-11
2.1986e-09
7.29901e-11
2.18953e-09
7.26158e-11
2.18047e-09
7.22451e-11
2.17144e-09
7.18781e-11
2.16243e-09
7.15148e-11
2.15343e-09
7.11551e-11
2.14445e-09
7.07991e-11
2.13549e-09
7.04466e-11
2.12655e-09
7.00977e-11
2.11763e-09
6.97524e-11
2.10872e-09
6.94106e-11
2.09984e-09
6.90723e-11
2.09097e-09
6.87375e-11
2.08213e-09
6.84062e-11
2.0733e-09
6.80783e-11
2.0645e-09
6.77539e-11
2.05571e-09
6.74328e-11
2.04695e-09
6.71151e-11
2.0382e-09
6.68007e-11
2.02948e-09
6.64897e-11
2.02077e-09
6.61819e-11
2.01209e-09
6.58774e-11
2.00342e-09
6.55762e-11
1.99478e-09
6.52781e-11
1.98615e-09
6.49833e-11
1.97755e-09
6.46916e-11
1.96896e-09
6.4403e-11
1.9604e-09
6.41175e-11
1.95186e-09
6.38351e-11
1.94333e-09
6.35557e-11
1.93483e-09
6.32794e-11
1.92635e-09
6.3006e-11
1.91788e-09
6.27356e-11
1.90944e-09
6.24682e-11
1.90102e-09
6.22036e-11
1.89261e-09
6.19419e-11
1.88423e-09
6.16831e-11
1.87586e-09
6.14271e-11
1.86752e-09
6.11739e-11
1.8592e-09
6.09234e-11
1.85089e-09
6.06757e-11
1.84261e-09
6.04307e-11
1.83434e-09
6.01884e-11
1.82609e-09
5.99488e-11
1.81787e-09
5.97118e-11
1.80966e-09
5.94773e-11
1.80147e-09
5.92455e-11
1.7933e-09
5.90162e-11
1.78515e-09
5.87895e-11
1.77702e-09
5.85652e-11
1.7689e-09
5.83434e-11
1.76081e-09
5.81241e-11
1.75273e-09
5.79071e-11
1.74467e-09
5.76926e-11
1.73663e-09
5.74804e-11
1.72861e-09
5.72706e-11
1.72061e-09
5.70631e-11
1.71262e-09
5.68579e-11
1.70466e-09
5.6655e-11
1.69671e-09
5.64543e-11
1.68877e-09
5.62558e-11
1.68086e-09
5.60595e-11
1.67296e-09
5.58654e-11
1.66508e-09
5.56734e-11
1.65722e-09
5.54835e-11
1.64937e-09
5.52957e-11
1.64155e-09
5.51099e-11
1.63373e-09
5.49262e-11
1.62594e-09
5.47444e-11
1.61816e-09
5.45647e-11
1.6104e-09
5.43868e-11
1.60265e-09
5.42109e-11
1.59492e-09
5.40369e-11
1.58721e-09
5.38647e-11
1.57951e-09
5.36943e-11
1.57183e-09
5.35257e-11
1.56417e-09
5.33589e-11
1.55652e-09
5.31938e-11
1.54888e-09
5.30305e-11
1.54127e-09
5.28688e-11
1.53366e-09
5.27087e-11
1.52608e-09
5.25504e-11
1.51851e-09
5.23936e-11
1.51095e-09
5.22384e-11
1.50341e-09
5.20849e-11
1.49588e-09
5.19329e-11
1.48837e-09
5.17825e-11
1.48087e-09
5.16337e-11
1.47339e-09
5.14865e-11
1.46592e-09
5.13408e-11
1.45847e-09
5.11968e-11
1.45103e-09
5.10544e-11
1.44361e-09
5.09137e-11
1.4362e-09
5.07747e-11
1.4288e-09
5.06373e-11
1.42142e-09
5.05018e-11
1.41405e-09
5.03681e-11
1.40669e-09
5.02362e-11
1.39935e-09
5.01063e-11
1.39202e-09
4.99783e-11
1.3847e-09
4.98523e-11
1.37739e-09
4.97283e-11
1.3701e-09
4.96064e-11
1.36282e-09
4.94866e-11
1.35555e-09
4.93689e-11
1.34829e-09
4.92532e-11
1.34105e-09
4.91396e-11
1.33381e-09
4.90279e-11
1.32659e-09
4.89182e-11
1.31937e-09
4.88101e-11
1.31217e-09
4.87037e-11
1.30498e-09
4.85986e-11
1.29779e-09
4.84947e-11
1.29062e-09
4.83916e-11
1.28346e-09
4.82891e-11
1.27631e-09
4.81867e-11
1.26917e-09
4.80841e-11
1.26204e-09
4.79809e-11
1.25492e-09
4.78766e-11
1.24781e-09
4.77708e-11
1.24072e-09
4.76631e-11
1.23364e-09
4.7553e-11
1.22657e-09
4.74404e-11
1.21952e-09
4.7325e-11
1.21248e-09
4.72066e-11
1.20546e-09
4.70855e-11
1.19846e-09
4.6962e-11
1.19147e-09
4.68366e-11
1.1845e-09
4.67104e-11
1.17755e-09
4.65847e-11
1.17062e-09
4.64613e-11
1.16371e-09
4.63427e-11
1.15682e-09
4.62316e-11
1.14994e-09
4.61318e-11
1.14308e-09
4.60475e-11
1.13624e-09
4.59837e-11
1.1294e-09
4.5946e-11
1.12257e-09
4.59409e-11
1.11575e-09
4.59752e-11
1.10891e-09
4.60563e-11
1.10206e-09
4.61916e-11
1.09519e-09
4.63885e-11
1.08829e-09
4.66536e-11
1.08134e-09
4.6992e-11
1.07433e-09
4.74064e-11
1.06725e-09
4.78958e-11
1.06009e-09
4.84536e-11
1.05283e-09
4.90655e-11
1.04547e-09
4.97061e-11
1.03801e-09
5.0335e-11
1.03043e-09
5.08913e-11
1.02276e-09
5.12863e-11
1.01502e-09
5.13942e-11
1.00726e-09
5.10391e-11
9.99547e-10
4.99782e-11
9.91995e-10
4.7878e-11
9.84766e-10
4.42844e-11
9.78092e-10
3.85782e-11
9.72292e-10
2.99169e-11
9.67811e-10
1.71497e-11
9.65256e-10
-1.30212e-12
9.65445e-10
-2.7618e-11
9.6947e-10
-6.48225e-11
9.78792e-10
-1.17159e-10
9.9535e-10
-1.90635e-10
1.0217e-09
-2.93868e-10
1.0612e-09
-4.39413e-10
1.11819e-09
-6.46002e-10
1.19823e-09
-9.4231e-10
1.309e-09
-1.37537e-09
1.46025e-09
-2.02343e-09
1.67893e-09
-3.05503e-09
1.96607e-09
-4.71711e-09
2.7402e-09
-7.57758e-09
2.5116e-10
-4.06542e-11
2.76192e-10
-2.50319e-11
2.91209e-10
-1.50172e-11
3.01634e-10
-1.04251e-11
3.0951e-10
-7.87599e-12
3.15813e-10
-6.30266e-12
3.21252e-10
-5.43902e-12
3.2617e-10
-4.91848e-12
3.30679e-10
-4.50865e-12
3.34824e-10
-4.14568e-12
3.3864e-10
-3.81562e-12
3.4215e-10
-3.50954e-12
3.45373e-10
-3.22367e-12
3.48331e-10
-2.95799e-12
3.51044e-10
-2.71279e-12
3.53531e-10
-2.48736e-12
3.55812e-10
-2.28098e-12
3.57903e-10
-2.09043e-12
3.59822e-10
-1.91902e-12
-1.74359e-12
3.61565e-10
7.56323e-10
-1.62226e-10
8.28333e-10
-9.70426e-11
8.73346e-10
-6.0031e-11
9.04952e-10
-4.20307e-11
9.27891e-10
-3.08149e-11
9.46079e-10
-2.44903e-11
9.61868e-10
-2.12283e-11
9.76009e-10
-1.90601e-11
9.88829e-10
-1.73287e-11
1.00056e-09
-1.58732e-11
1.01131e-09
-1.45667e-11
1.02116e-09
-1.33565e-11
1.03017e-09
-1.22388e-11
1.03842e-09
-1.12114e-11
1.04598e-09
-1.02691e-11
1.0529e-09
-9.40659e-12
1.05924e-09
-8.61967e-12
1.06504e-09
-7.89648e-12
1.07037e-09
-7.24273e-12
-6.58802e-12
1.07521e-09
1.26613e-09
-3.66116e-10
1.3832e-09
-2.14117e-10
1.45635e-09
-1.33176e-10
1.50703e-09
-9.27172e-11
1.54279e-09
-6.65733e-11
1.57065e-09
-5.2351e-11
1.5945e-09
-4.50773e-11
1.61548e-09
-4.00387e-11
1.6342e-09
-3.60447e-11
1.65111e-09
-3.27918e-11
1.66648e-09
-2.99298e-11
1.68044e-09
-2.73188e-11
1.69315e-09
-2.49465e-11
1.70473e-09
-2.2795e-11
1.7153e-09
-2.08399e-11
1.72496e-09
-1.90629e-11
1.73379e-09
-1.745e-11
1.74187e-09
-1.59745e-11
1.74927e-09
-1.46416e-11
-1.33185e-11
1.756e-09
1.78355e-09
-6.53855e-10
1.94173e-09
-3.72297e-10
2.03864e-09
-2.30083e-10
2.10321e-09
-1.57291e-10
2.14667e-09
-1.10029e-10
2.17943e-09
-8.51147e-11
2.20666e-09
-7.23092e-11
2.22994e-09
-6.33158e-11
2.25026e-09
-5.63657e-11
2.26835e-09
-5.08842e-11
2.28459e-09
-4.61725e-11
2.29923e-09
-4.19558e-11
2.31247e-09
-3.81882e-11
2.32449e-09
-3.48137e-11
2.33543e-09
-3.17737e-11
2.34539e-09
-2.9028e-11
2.35449e-09
-2.65475e-11
2.3628e-09
-2.4287e-11
2.37041e-09
-2.22479e-11
-2.02371e-11
2.37733e-09
2.30991e-09
-1.02447e-09
2.50029e-09
-5.62685e-10
2.61155e-09
-3.41342e-10
2.67952e-09
-2.25262e-10
2.72102e-09
-1.51526e-10
2.75031e-09
-1.1441e-10
2.77344e-09
-9.54343e-11
2.79239e-09
-8.22698e-11
2.80855e-09
-7.25253e-11
2.82278e-09
-6.51092e-11
2.83547e-09
-5.8861e-11
2.84686e-09
-5.33476e-11
2.85715e-09
-4.84753e-11
2.86647e-09
-4.41416e-11
2.87495e-09
-4.02541e-11
2.88268e-09
-3.67532e-11
2.88973e-09
-3.35972e-11
2.89617e-09
-3.07264e-11
2.90206e-09
-2.81385e-11
-2.56011e-11
2.90742e-09
2.83941e-09
-1.46844e-09
3.0433e-09
-7.66577e-10
3.15008e-09
-4.48117e-10
3.20288e-09
-2.78065e-10
3.22745e-09
-1.76101e-10
3.2418e-09
-1.28752e-10
3.25179e-09
-1.05429e-10
3.25938e-09
-8.98595e-11
3.26584e-09
-7.89868e-11
3.27171e-09
-7.09778e-11
3.2771e-09
-6.42472e-11
3.28204e-09
-5.82924e-11
3.28658e-09
-5.30181e-11
3.29076e-09
-4.83119e-11
3.29458e-09
-4.40768e-11
3.29808e-09
-4.02547e-11
3.30129e-09
-3.68043e-11
3.30422e-09
-3.36639e-11
3.30692e-09
-3.08301e-11
-2.80687e-11
3.30938e-09
3.34752e-09
-1.95599e-09
3.52872e-09
-9.47782e-10
3.59803e-09
-5.17426e-10
3.60894e-09
-2.88974e-10
3.59963e-09
-1.66796e-10
3.58887e-09
-1.17985e-10
3.57952e-09
-9.60832e-11
3.57193e-09
-8.22704e-11
3.56618e-09
-7.32311e-11
3.56181e-09
-6.66087e-11
3.55835e-09
-6.07907e-11
3.55551e-09
-5.54568e-11
3.55312e-09
-5.06275e-11
3.55106e-09
-4.62489e-11
3.54925e-09
-4.2264e-11
3.54764e-09
-3.86414e-11
3.54619e-09
-3.53559e-11
3.54488e-09
-3.23568e-11
3.54369e-09
-2.96442e-11
-2.70219e-11
3.54265e-09
3.77102e-09
-2.41878e-09
3.86768e-09
-1.04445e-09
3.85303e-09
-5.02774e-10
3.7966e-09
-2.32542e-10
3.746e-09
-1.16193e-10
3.71041e-09
-8.23965e-11
3.68431e-09
-6.99851e-11
3.6644e-09
-6.23574e-11
3.64875e-09
-5.75808e-11
3.63584e-09
-5.37007e-11
3.62477e-09
-4.97198e-11
3.61506e-09
-4.57512e-11
3.60644e-09
-4.20018e-11
3.5987e-09
-3.85095e-11
3.59171e-09
-3.52755e-11
3.58537e-09
-3.23037e-11
3.57961e-09
-2.95904e-11
3.57435e-09
-2.71034e-11
3.56956e-09
-2.4846e-11
-2.26914e-11
3.56522e-09
3.9818e-09
-2.72612e-09
3.90713e-09
-9.69774e-10
3.76856e-09
-3.64201e-10
3.6474e-09
-1.11384e-10
3.57489e-09
-4.36817e-11
3.53186e-09
-3.93702e-11
3.50127e-09
-3.93973e-11
3.47732e-09
-3.84062e-11
3.45743e-09
-3.7688e-11
3.44007e-09
-3.63408e-11
3.42456e-09
-3.42097e-11
3.41059e-09
-3.17778e-11
3.39794e-09
-2.93521e-11
3.38644e-09
-2.70182e-11
3.37598e-09
-2.48131e-11
3.36644e-09
-2.27627e-11
3.35773e-09
-2.08771e-11
3.34977e-09
-1.91415e-11
3.34248e-09
-1.75591e-11
-1.60833e-11
3.33587e-09
3.76306e-09
-2.6549e-09
3.44373e-09
-6.50444e-10
3.20566e-09
-1.26131e-10
3.08334e-09
1.09313e-11
3.03499e-09
4.66958e-12
3.00751e-09
-1.18868e-11
2.98441e-09
-1.62958e-11
2.96392e-09
-1.79153e-11
2.94524e-09
-1.90157e-11
2.92789e-09
-1.89897e-11
2.91182e-09
-1.81342e-11
2.89702e-09
-1.69835e-11
2.88345e-09
-1.57763e-11
2.871e-09
-1.45754e-11
2.85961e-09
-1.34175e-11
2.84917e-09
-1.2329e-11
2.83962e-09
-1.13218e-11
2.83087e-09
-1.03919e-11
2.82285e-09
-9.53754e-12
-8.77914e-12
2.81554e-09
2.8035e-09
-1.84147e-09
2.32902e-09
-1.7596e-10
2.15159e-09
5.12972e-11
2.12313e-09
3.93885e-11
2.12183e-09
5.96894e-12
2.11251e-09
-2.56679e-12
2.09956e-09
-3.34367e-12
2.08617e-09
-4.52353e-12
2.0726e-09
-5.45204e-12
2.05924e-09
-5.62555e-12
2.04652e-09
-5.41573e-12
2.03464e-09
-5.10594e-12
2.02364e-09
-4.77009e-12
2.01348e-09
-4.42224e-12
2.00415e-09
-4.0795e-12
1.99557e-09
-3.75442e-12
1.9877e-09
-3.452e-12
1.98048e-09
-3.17299e-12
1.97386e-09
-2.91141e-12
-2.70891e-12
1.96779e-09
8.98731e-10
7.22771e-10
7.74068e-10
8.13457e-10
8.19426e-10
8.16859e-10
8.13515e-10
8.08992e-10
8.0354e-10
7.97914e-10
7.92498e-10
7.87392e-10
7.82622e-10
7.782e-10
7.74121e-10
7.70366e-10
7.66914e-10
7.63741e-10
7.6083e-10
7.58121e-10
3.64625e-10
-3.0593e-12
3.67254e-10
-2.62943e-12
3.69493e-10
-2.2392e-12
3.71396e-10
-1.90277e-12
3.73014e-10
-1.61744e-12
3.74389e-10
-1.37563e-12
3.7556e-10
-1.17082e-12
3.76557e-10
-9.97255e-13
3.77407e-10
-8.50064e-13
-7.25168e-13
3.78133e-10
1.08369e-09
-1.15402e-11
1.09098e-09
-9.91409e-12
1.09719e-09
-8.44898e-12
1.10246e-09
-7.17624e-12
1.10694e-09
-6.10003e-12
1.11076e-09
-5.18884e-12
1.114e-09
-4.41675e-12
1.11677e-09
-3.76234e-12
1.11912e-09
-3.20715e-12
-2.73583e-12
1.12114e-09
1.76777e-09
-2.33126e-11
1.77787e-09
-2.00161e-11
1.78648e-09
-1.70598e-11
1.79379e-09
-1.44862e-11
1.8e-09
-1.23132e-11
1.80529e-09
-1.04747e-11
1.80979e-09
-8.91689e-12
1.81362e-09
-7.59637e-12
1.81689e-09
-6.4758e-12
-5.52411e-12
1.81968e-09
2.38942e-09
-3.54026e-11
2.39978e-09
-3.0379e-11
2.40861e-09
-2.58905e-11
2.4161e-09
-2.19811e-11
2.42248e-09
-1.86836e-11
2.4279e-09
-1.58952e-11
2.43251e-09
-1.35325e-11
2.43644e-09
-1.15296e-11
2.4398e-09
-9.82959e-12
-8.38533e-12
2.44266e-09
2.91679e-09
-4.47697e-11
2.92481e-09
-3.83955e-11
2.93164e-09
-3.2721e-11
2.93744e-09
-2.77789e-11
2.94237e-09
-2.36132e-11
2.94656e-09
-2.00917e-11
2.95014e-09
-1.71075e-11
2.95318e-09
-1.45773e-11
2.95578e-09
-1.24292e-11
-1.06036e-11
2.958e-09
3.31369e-09
-4.90754e-11
3.31736e-09
-4.20652e-11
3.32049e-09
-3.58505e-11
3.32315e-09
-3.04392e-11
3.32542e-09
-2.58795e-11
3.32735e-09
-2.20247e-11
3.329e-09
-1.87568e-11
3.33041e-09
-1.59852e-11
3.33161e-09
-1.36315e-11
-1.16304e-11
3.33264e-09
3.54081e-09
-4.7239e-11
3.53921e-09
-4.04666e-11
3.53786e-09
-3.44965e-11
3.53672e-09
-2.92987e-11
3.53576e-09
-2.49182e-11
3.53495e-09
-2.12132e-11
3.53426e-09
-1.80701e-11
3.53368e-09
-1.54031e-11
3.53318e-09
-1.31373e-11
-1.12101e-11
3.53276e-09
3.55764e-09
-3.96557e-11
3.55112e-09
-3.39438e-11
3.54557e-09
-2.89508e-11
3.54088e-09
-2.46017e-11
3.53689e-09
-2.09338e-11
3.53351e-09
-1.78284e-11
3.53063e-09
-1.51913e-11
3.52818e-09
-1.29522e-11
3.52609e-09
-1.10491e-11
-9.42972e-12
3.52431e-09
3.32429e-09
-2.80783e-11
3.31436e-09
-2.4008e-11
3.3059e-09
-2.04957e-11
3.29873e-09
-1.74298e-11
3.29264e-09
-1.48403e-11
3.28746e-09
-1.26448e-11
3.28304e-09
-1.0778e-11
3.27928e-09
-9.19179e-12
3.27608e-09
-7.84301e-12
-6.69466e-12
3.27334e-09
2.80275e-09
-1.52818e-11
2.79179e-09
-1.30479e-11
2.78245e-09
-1.11579e-11
2.77452e-09
-9.49718e-12
2.76777e-09
-8.09173e-12
2.76202e-09
-6.89821e-12
2.75713e-09
-5.88178e-12
2.75295e-09
-5.01752e-12
2.74939e-09
-4.28239e-12
-3.65604e-12
2.74635e-09
1.95718e-09
-4.67261e-12
1.94811e-09
-3.98458e-12
1.94038e-09
-3.41864e-12
1.93379e-09
-2.91225e-12
1.92818e-09
-2.48316e-12
1.9234e-09
-2.11822e-12
1.91933e-09
-1.80672e-12
1.91585e-09
-1.54165e-12
1.91288e-09
-1.31618e-12
-1.12387e-12
1.91035e-09
7.53448e-10
7.49464e-10
7.46045e-10
7.43133e-10
7.4065e-10
7.38531e-10
7.36725e-10
7.35183e-10
7.33867e-10
7.32743e-10
3.78752e-10
-6.19123e-13
3.79281e-10
-5.28974e-13
3.79733e-10
-4.52216e-13
3.8012e-10
-3.86745e-13
3.8045e-10
-3.30826e-13
3.80733e-10
-2.83027e-13
3.80976e-10
-2.42157e-13
3.81183e-10
-2.07214e-13
3.8136e-10
-1.7734e-13
3.81512e-10
-1.51797e-13
3.81642e-10
-1.29951e-13
3.81753e-10
-1.11263e-13
3.81848e-10
-9.52723e-14
3.8193e-10
-8.15859e-14
3.82e-10
-6.98684e-14
3.8206e-10
-5.9837e-14
3.82111e-10
-5.12473e-14
3.82155e-10
-4.38918e-14
3.82192e-10
-3.7591e-14
3.82225e-10
-3.21957e-14
3.82252e-10
-2.75748e-14
3.82276e-10
-2.36177e-14
3.82296e-10
-2.02272e-14
3.82313e-10
-1.73245e-14
3.82328e-10
-1.48382e-14
3.82341e-10
-1.27094e-14
3.82352e-10
-1.08846e-14
3.82361e-10
-9.32282e-15
3.82369e-10
-7.98489e-15
3.82376e-10
-6.83962e-15
3.82382e-10
-5.85714e-15
3.82387e-10
-5.01686e-15
3.82391e-10
-4.29687e-15
3.82395e-10
-3.68092e-15
3.82398e-10
-3.15179e-15
3.82401e-10
-2.69984e-15
3.82403e-10
-2.31242e-15
3.82405e-10
-1.98132e-15
3.82407e-10
-1.69615e-15
3.82408e-10
-1.45315e-15
3.82409e-10
-1.24468e-15
3.8241e-10
-1.06685e-15
3.82411e-10
-9.12956e-16
3.82412e-10
-7.82377e-16
3.82413e-10
-6.70187e-16
3.82413e-10
-5.74804e-16
3.82414e-10
-4.91522e-16
3.82414e-10
-4.21418e-16
3.82415e-10
-3.6102e-16
3.82415e-10
-3.09994e-16
3.82415e-10
-2.6471e-16
3.82415e-10
-2.27145e-16
3.82416e-10
-1.94611e-16
3.82416e-10
-1.67445e-16
3.82416e-10
-1.42598e-16
3.82416e-10
-1.22534e-16
3.82416e-10
-1.04993e-16
3.82416e-10
-9.06677e-17
3.82416e-10
-7.68287e-17
3.82416e-10
-6.61877e-17
3.82417e-10
-5.67169e-17
3.82417e-10
-4.92988e-17
3.82417e-10
-4.1377e-17
3.82417e-10
-3.58016e-17
3.82417e-10
-3.06741e-17
3.82417e-10
-2.69761e-17
3.82417e-10
-2.22558e-17
3.82417e-10
-1.94133e-17
3.82417e-10
-1.66279e-17
3.82417e-10
-1.49307e-17
3.82417e-10
-1.19304e-17
3.82417e-10
-1.05597e-17
3.82417e-10
-9.03658e-18
3.82417e-10
-8.41874e-18
3.82417e-10
-6.33903e-18
3.82417e-10
-5.75879e-18
3.82417e-10
-4.91262e-18
3.82417e-10
-4.87692e-18
3.82417e-10
-3.29238e-18
3.82417e-10
-3.14053e-18
3.82417e-10
-2.66176e-18
3.82417e-10
-2.94318e-18
3.82417e-10
-1.62952e-18
3.82417e-10
-1.71018e-18
3.82417e-10
-1.43254e-18
3.82417e-10
-1.87608e-18
3.82417e-10
-7.23356e-19
3.82417e-10
-8.43757e-19
3.82417e-10
-8.87006e-19
-1.16199e-18
1.12285e-09
-2.33551e-12
1.12432e-09
-1.99525e-12
1.12557e-09
-1.70563e-12
1.12664e-09
-1.45874e-12
1.12756e-09
-1.24792e-12
1.12835e-09
-1.06772e-12
1.12902e-09
-9.1361e-13
1.12959e-09
-7.81809e-13
1.13008e-09
-6.69097e-13
1.1305e-09
-5.72718e-13
1.13086e-09
-4.90289e-13
1.13117e-09
-4.19782e-13
1.13144e-09
-3.59449e-13
1.13166e-09
-3.07815e-13
1.13186e-09
-2.63608e-13
1.13202e-09
-2.25764e-13
1.13217e-09
-1.93356e-13
1.13229e-09
-1.65607e-13
1.13239e-09
-1.41835e-13
1.13248e-09
-1.21481e-13
1.13256e-09
-1.04045e-13
1.13262e-09
-8.91154e-14
1.13268e-09
-7.63225e-14
1.13273e-09
-6.53711e-14
1.13277e-09
-5.59887e-14
1.1328e-09
-4.79566e-14
1.13283e-09
-4.10712e-14
1.13286e-09
-3.51791e-14
1.13288e-09
-3.01297e-14
1.1329e-09
-2.58084e-14
1.13292e-09
-2.21012e-14
1.13293e-09
-1.89313e-14
1.13294e-09
-1.62136e-14
1.13295e-09
-1.38894e-14
1.13296e-09
-1.18929e-14
1.13297e-09
-1.01882e-14
1.13298e-09
-8.72537e-15
1.13298e-09
-7.47598e-15
1.13299e-09
-6.40013e-15
1.13299e-09
-5.4838e-15
1.13299e-09
-4.6963e-15
1.133e-09
-4.02522e-15
1.133e-09
-3.44475e-15
1.133e-09
-2.95261e-15
1.133e-09
-2.52846e-15
1.133e-09
-2.16849e-15
1.13301e-09
-1.85451e-15
1.13301e-09
-1.59056e-15
1.13301e-09
-1.36186e-15
1.13301e-09
-1.16925e-15
1.13301e-09
-9.98679e-16
1.13301e-09
-8.57486e-16
1.13301e-09
-7.33956e-16
1.13301e-09
-6.31378e-16
1.13301e-09
-5.37936e-16
1.13301e-09
-4.62779e-16
1.13301e-09
-3.95828e-16
1.13301e-09
-3.41689e-16
1.13301e-09
-2.89791e-16
1.13301e-09
-2.50176e-16
1.13301e-09
-2.13689e-16
1.13301e-09
-1.85618e-16
1.13301e-09
-1.56054e-16
1.13301e-09
-1.35552e-16
1.13301e-09
-1.15456e-16
1.13301e-09
-1.01405e-16
1.13301e-09
-8.39238e-17
1.13301e-09
-7.37156e-17
1.13301e-09
-6.24685e-17
1.13301e-09
-5.59654e-17
1.13301e-09
-4.49768e-17
1.13301e-09
-4.03162e-17
1.13301e-09
-3.38327e-17
1.13301e-09
-3.14083e-17
1.13301e-09
-2.38952e-17
1.13301e-09
-2.22233e-17
1.13301e-09
-1.82905e-17
1.13301e-09
-1.80636e-17
1.13301e-09
-1.24152e-17
1.13301e-09
-1.23615e-17
1.13301e-09
-9.81104e-18
1.13301e-09
-1.07777e-17
1.13301e-09
-6.15026e-18
1.13301e-09
-6.97293e-18
1.13301e-09
-5.18014e-18
1.13301e-09
-6.76771e-18
1.13301e-09
-2.72527e-18
1.13301e-09
-3.77287e-18
1.13301e-09
-2.90538e-18
-3.84023e-18
1.82206e-09
-4.71559e-12
1.82409e-09
-4.02831e-12
1.82583e-09
-3.4435e-12
1.82732e-09
-2.94509e-12
1.82859e-09
-2.51963e-12
1.82968e-09
-2.15596e-12
1.83061e-09
-1.8449e-12
1.83141e-09
-1.57881e-12
1.83209e-09
-1.35121e-12
1.83267e-09
-1.15657e-12
1.83317e-09
-9.90112e-13
1.8336e-09
-8.47723e-13
1.83397e-09
-7.25886e-13
1.83428e-09
-6.21615e-13
1.83455e-09
-5.32351e-13
1.83478e-09
-4.55928e-13
1.83498e-09
-3.90483e-13
1.83515e-09
-3.34445e-13
1.83529e-09
-2.86445e-13
1.83541e-09
-2.4534e-13
1.83552e-09
-2.10128e-13
1.83561e-09
-1.79975e-13
1.83569e-09
-1.54143e-13
1.83576e-09
-1.32025e-13
1.83581e-09
-1.13076e-13
1.83586e-09
-9.68522e-14
1.8359e-09
-8.29502e-14
1.83594e-09
-7.10491e-14
1.83597e-09
-6.08508e-14
1.836e-09
-5.21216e-14
1.83602e-09
-4.4638e-14
1.83604e-09
-3.82346e-14
1.83606e-09
-3.27453e-14
1.83607e-09
-2.80495e-14
1.83608e-09
-2.40205e-14
1.83609e-09
-2.05763e-14
1.8361e-09
-1.76215e-14
1.83611e-09
-1.50966e-14
1.83612e-09
-1.29268e-14
1.83612e-09
-1.1075e-14
1.83613e-09
-9.48404e-15
1.83613e-09
-8.12718e-15
1.83613e-09
-6.95781e-15
1.83614e-09
-5.96278e-15
1.83614e-09
-5.1057e-15
1.83614e-09
-4.37727e-15
1.83614e-09
-3.74607e-15
1.83614e-09
-3.21195e-15
1.83615e-09
-2.74963e-15
1.83615e-09
-2.35924e-15
1.83615e-09
-2.01761e-15
1.83615e-09
-1.73146e-15
1.83615e-09
-1.48156e-15
1.83615e-09
-1.27303e-15
1.83615e-09
-1.08717e-15
1.83615e-09
-9.34401e-16
1.83615e-09
-7.98755e-16
1.83615e-09
-6.88079e-16
1.83615e-09
-5.86069e-16
1.83615e-09
-5.05103e-16
1.83615e-09
-4.3099e-16
1.83615e-09
-3.72971e-16
1.83615e-09
-3.1607e-16
1.83615e-09
-2.7371e-16
1.83615e-09
-2.32686e-16
1.83615e-09
-2.02997e-16
1.83615e-09
-1.70438e-16
1.83615e-09
-1.48891e-16
1.83615e-09
-1.25745e-16
1.83615e-09
-1.11316e-16
1.83615e-09
-9.18546e-17
1.83615e-09
-8.1511e-17
1.83615e-09
-6.79837e-17
1.83615e-09
-6.17887e-17
1.83615e-09
-4.93628e-17
1.83615e-09
-4.50505e-17
1.83615e-09
-3.66718e-17
1.83615e-09
-3.49043e-17
1.83615e-09
-2.62534e-17
1.83615e-09
-2.52004e-17
1.83615e-09
-1.96076e-17
1.83615e-09
-2.02451e-17
1.83615e-09
-1.36506e-17
1.83615e-09
-1.43661e-17
1.83615e-09
-1.02965e-17
1.83615e-09
-1.21946e-17
1.83615e-09
-6.74412e-18
1.83615e-09
-7.98085e-18
1.83615e-09
-5.44071e-18
-5.6144e-18
2.4451e-09
-7.15799e-12
2.44719e-09
-6.1146e-12
2.44897e-09
-5.22685e-12
2.4505e-09
-4.47041e-12
2.4518e-09
-3.82479e-12
2.45292e-09
-3.27297e-12
2.45388e-09
-2.80092e-12
2.45469e-09
-2.39703e-12
2.45539e-09
-2.05152e-12
2.45599e-09
-1.75601e-12
2.45651e-09
-1.50328e-12
2.45695e-09
-1.28709e-12
2.45732e-09
-1.10211e-12
2.45764e-09
-9.43805e-13
2.45792e-09
-8.08284e-13
2.45816e-09
-6.92253e-13
2.45836e-09
-5.92891e-13
2.45853e-09
-5.07808e-13
2.45868e-09
-4.34935e-13
2.45881e-09
-3.72523e-13
2.45892e-09
-3.1906e-13
2.45901e-09
-2.73276e-13
2.45909e-09
-2.34057e-13
2.45916e-09
-2.00471e-13
2.45922e-09
-1.71698e-13
2.45927e-09
-1.47063e-13
2.45931e-09
-1.25957e-13
2.45935e-09
-1.07885e-13
2.45938e-09
-9.2399e-14
2.45941e-09
-7.91435e-14
2.45943e-09
-6.77831e-14
2.45945e-09
-5.80586e-14
2.45947e-09
-4.97225e-14
2.45948e-09
-4.25913e-14
2.45949e-09
-3.64764e-14
2.4595e-09
-3.1245e-14
2.45951e-09
-2.67576e-14
2.45952e-09
-2.29226e-14
2.45953e-09
-1.96308e-14
2.45953e-09
-1.68175e-14
2.45954e-09
-1.44011e-14
2.45954e-09
-1.23398e-14
2.45955e-09
-1.05669e-14
2.45955e-09
-9.05468e-15
2.45955e-09
-7.75263e-15
2.45955e-09
-6.64559e-15
2.45956e-09
-5.68997e-15
2.45956e-09
-4.87761e-15
2.45956e-09
-4.17499e-15
2.45956e-09
-3.58126e-15
2.45956e-09
-3.06531e-15
2.45956e-09
-2.6295e-15
2.45956e-09
-2.24946e-15
2.45956e-09
-1.93191e-15
2.45956e-09
-1.65247e-15
2.45957e-09
-1.41921e-15
2.45957e-09
-1.21266e-15
2.45957e-09
-1.04367e-15
2.45957e-09
-8.91534e-16
2.45957e-09
-7.67315e-16
2.45957e-09
-6.54211e-16
2.45957e-09
-5.65206e-16
2.45957e-09
-4.81569e-16
2.45957e-09
-4.15979e-16
2.45957e-09
-3.53105e-16
2.45957e-09
-3.07097e-16
2.45957e-09
-2.60385e-16
2.45957e-09
-2.26405e-16
2.45957e-09
-1.90693e-16
2.45957e-09
-1.6787e-16
2.45957e-09
-1.41037e-16
2.45957e-09
-1.24072e-16
2.45957e-09
-1.02963e-16
2.45957e-09
-9.26523e-17
2.45957e-09
-7.65074e-17
2.45957e-09
-6.87056e-17
2.45957e-09
-5.54093e-17
2.45957e-09
-5.1823e-17
2.45957e-09
-4.141e-17
2.45957e-09
-3.8556e-17
2.45957e-09
-2.94825e-17
2.45957e-09
-2.95439e-17
2.45957e-09
-2.22485e-17
2.45957e-09
-2.20814e-17
2.45957e-09
-1.53199e-17
2.45957e-09
-1.7307e-17
2.45957e-09
-1.17309e-17
2.45957e-09
-1.23891e-17
2.45957e-09
-7.56163e-18
-6.18316e-18
2.9599e-09
-9.05185e-12
2.96151e-09
-7.73244e-12
2.9629e-09
-6.60989e-12
2.96408e-09
-5.65348e-12
2.96509e-09
-4.83726e-12
2.96596e-09
-4.13962e-12
2.9667e-09
-3.5428e-12
2.96734e-09
-3.03204e-12
2.96788e-09
-2.59505e-12
2.96835e-09
-2.22127e-12
2.96874e-09
-1.9016e-12
2.96909e-09
-1.62814e-12
2.96938e-09
-1.39416e-12
2.96963e-09
-1.1939e-12
2.96984e-09
-1.02249e-12
2.97002e-09
-8.75714e-13
2.97018e-09
-7.50025e-13
2.97032e-09
-6.42395e-13
2.97043e-09
-5.50221e-13
2.97053e-09
-4.71266e-13
2.97062e-09
-4.03634e-13
2.97069e-09
-3.45713e-13
2.97075e-09
-2.96107e-13
2.9708e-09
-2.53614e-13
2.97085e-09
-2.17214e-13
2.97089e-09
-1.86046e-13
2.97092e-09
-1.59352e-13
2.97095e-09
-1.36486e-13
2.97097e-09
-1.16894e-13
2.97099e-09
-1.00123e-13
2.97101e-09
-8.57569e-14
2.97103e-09
-7.34511e-14
2.97104e-09
-6.29043e-14
2.97105e-09
-5.38804e-14
2.97106e-09
-4.61502e-14
2.97107e-09
-3.95289e-14
2.97108e-09
-3.3851e-14
2.97108e-09
-2.89974e-14
2.97109e-09
-2.48384e-14
2.97109e-09
-2.12764e-14
2.9711e-09
-1.82184e-14
2.9711e-09
-1.56088e-14
2.9711e-09
-1.33713e-14
2.97111e-09
-1.14554e-14
2.97111e-09
-9.80732e-15
2.97111e-09
-8.40506e-15
2.97111e-09
-7.20136e-15
2.97111e-09
-6.17096e-15
2.97111e-09
-5.28117e-15
2.97111e-09
-4.52836e-15
2.97112e-09
-3.88075e-15
2.97112e-09
-3.32683e-15
2.97112e-09
-2.84516e-15
2.97112e-09
-2.4418e-15
2.97112e-09
-2.09339e-15
2.97112e-09
-1.79572e-15
2.97112e-09
-1.53351e-15
2.97112e-09
-1.31811e-15
2.97112e-09
-1.13066e-15
2.97112e-09
-9.70998e-16
2.97112e-09
-8.27033e-16
2.97112e-09
-7.1285e-16
2.97112e-09
-6.12055e-16
2.97112e-09
-5.26556e-16
2.97112e-09
-4.46105e-16
2.97112e-09
-3.86333e-16
2.97112e-09
-3.32149e-16
2.97112e-09
-2.86707e-16
2.97112e-09
-2.40644e-16
2.97112e-09
-2.10238e-16
2.97112e-09
-1.81178e-16
2.97112e-09
-1.57265e-16
2.97112e-09
-1.29673e-16
2.97112e-09
-1.15094e-16
2.97112e-09
-9.95775e-17
2.97112e-09
-8.7242e-17
2.97112e-09
-6.95266e-17
2.97112e-09
-6.34396e-17
2.97112e-09
-5.51932e-17
2.97112e-09
-4.91012e-17
2.97112e-09
-3.67185e-17
2.97112e-09
-3.52393e-17
2.97112e-09
-3.09311e-17
2.97112e-09
-2.82396e-17
2.97112e-09
-1.87788e-17
2.97112e-09
-1.97402e-17
2.97112e-09
-1.75759e-17
2.97112e-09
-1.59251e-17
2.97112e-09
-8.48182e-18
-4.07054e-18
3.33351e-09
-9.92896e-12
3.33426e-09
-8.48201e-12
3.3349e-09
-7.25091e-12
3.33545e-09
-6.20201e-12
3.33592e-09
-5.30691e-12
3.33632e-09
-4.54182e-12
3.33667e-09
-3.88725e-12
3.33696e-09
-3.32697e-12
3.33722e-09
-2.84755e-12
3.33743e-09
-2.43745e-12
3.33762e-09
-2.0867e-12
3.33778e-09
-1.78663e-12
3.33791e-09
-1.52989e-12
3.33803e-09
-1.31015e-12
3.33813e-09
-1.12207e-12
3.33821e-09
-9.61005e-13
3.33829e-09
-8.23081e-13
3.33835e-09
-7.04973e-13
3.3384e-09
-6.03832e-13
3.33845e-09
-5.17185e-13
3.33849e-09
-4.42964e-13
3.33852e-09
-3.79402e-13
3.33855e-09
-3.24969e-13
3.33857e-09
-2.78333e-13
3.3386e-09
-2.38384e-13
3.33861e-09
-2.04179e-13
3.33863e-09
-1.74889e-13
3.33864e-09
-1.49792e-13
3.33865e-09
-1.28289e-13
3.33866e-09
-1.09882e-13
3.33867e-09
-9.41214e-14
3.33868e-09
-8.06132e-14
3.33869e-09
-6.90365e-14
3.33869e-09
-5.91331e-14
3.3387e-09
-5.06539e-14
3.3387e-09
-4.33844e-14
3.3387e-09
-3.71511e-14
3.33871e-09
-3.18244e-14
3.33871e-09
-2.72644e-14
3.33871e-09
-2.33524e-14
3.33871e-09
-1.99945e-14
3.33871e-09
-1.71305e-14
3.33871e-09
-1.46792e-14
3.33872e-09
-1.25738e-14
3.33872e-09
-1.07633e-14
3.33872e-09
-9.22442e-15
3.33872e-09
-7.9076e-15
3.33872e-09
-6.77408e-15
3.33872e-09
-5.79582e-15
3.33872e-09
-4.96964e-15
3.33872e-09
-4.26306e-15
3.33872e-09
-3.65252e-15
3.33872e-09
-3.12222e-15
3.33872e-09
-2.67959e-15
3.33872e-09
-2.30134e-15
3.33872e-09
-1.97205e-15
3.33872e-09
-1.68257e-15
3.33872e-09
-1.4462e-15
3.33872e-09
-1.24457e-15
3.33872e-09
-1.06677e-15
3.33872e-09
-9.07111e-16
3.33872e-09
-7.81856e-16
3.33872e-09
-6.75316e-16
3.33872e-09
-5.78904e-16
3.33872e-09
-4.88915e-16
3.33872e-09
-4.23342e-16
3.33872e-09
-3.67902e-16
3.33872e-09
-3.155e-16
3.33872e-09
-2.63302e-16
3.33872e-09
-2.29982e-16
3.33872e-09
-2.02098e-16
3.33872e-09
-1.73326e-16
3.33872e-09
-1.41402e-16
3.33872e-09
-1.25465e-16
3.33872e-09
-1.12448e-16
3.33872e-09
-9.63771e-17
3.33872e-09
-7.52785e-17
3.33872e-09
-6.8667e-17
3.33872e-09
-6.36318e-17
3.33872e-09
-5.44077e-17
3.33872e-09
-3.91481e-17
3.33872e-09
-3.7591e-17
3.33872e-09
-3.68746e-17
3.33872e-09
-3.13883e-17
3.33872e-09
-1.93433e-17
3.33872e-09
-2.04706e-17
3.33872e-09
-2.21105e-17
3.33872e-09
-1.7691e-17
3.33872e-09
-7.45995e-18
-1.09002e-18
3.53241e-09
-9.57098e-12
3.5321e-09
-8.17671e-12
3.53184e-09
-6.99033e-12
3.53162e-09
-5.97948e-12
3.53143e-09
-5.11683e-12
3.53126e-09
-4.37944e-12
3.53113e-09
-3.74852e-12
3.53101e-09
-3.20838e-12
3.53091e-09
-2.74614e-12
3.53082e-09
-2.35069e-12
3.53075e-09
-2.01248e-12
3.53068e-09
-1.7231e-12
3.53063e-09
-1.4755e-12
3.53058e-09
-1.2636e-12
3.53054e-09
-1.08222e-12
3.53051e-09
-9.26882e-13
3.53048e-09
-7.93861e-13
3.53045e-09
-6.7995e-13
3.53043e-09
-5.82418e-13
3.53041e-09
-4.9884e-13
3.5304e-09
-4.27253e-13
3.53038e-09
-3.65945e-13
3.53037e-09
-3.13456e-13
3.53036e-09
-2.68467e-13
3.53035e-09
-2.29932e-13
3.53035e-09
-1.96939e-13
3.53034e-09
-1.68699e-13
3.53034e-09
-1.44484e-13
3.53033e-09
-1.23741e-13
3.53033e-09
-1.05986e-13
3.53032e-09
-9.07938e-14
3.53032e-09
-7.77577e-14
3.53032e-09
-6.65891e-14
3.53032e-09
-5.70354e-14
3.53031e-09
-4.88662e-14
3.53031e-09
-4.1848e-14
3.53031e-09
-3.58334e-14
3.53031e-09
-3.06945e-14
3.53031e-09
-2.63052e-14
3.53031e-09
-2.25256e-14
3.53031e-09
-1.92846e-14
3.53031e-09
-1.65212e-14
3.53031e-09
-1.41655e-14
3.53031e-09
-1.21289e-14
3.53031e-09
-1.03804e-14
3.53031e-09
-8.89527e-15
3.53031e-09
-7.63367e-15
3.53031e-09
-6.53456e-15
3.53031e-09
-5.58877e-15
3.53031e-09
-4.79121e-15
3.5303e-09
-4.11801e-15
3.5303e-09
-3.52352e-15
3.5303e-09
-3.00988e-15
3.5303e-09
-2.58234e-15
3.5303e-09
-2.22577e-15
3.5303e-09
-1.90256e-15
3.5303e-09
-1.62116e-15
3.5303e-09
-1.39261e-15
3.5303e-09
-1.20625e-15
3.5303e-09
-1.02928e-15
3.5303e-09
-8.73166e-16
3.5303e-09
-7.51823e-16
3.5303e-09
-6.57166e-16
3.5303e-09
-5.58681e-16
3.5303e-09
-4.69702e-16
3.5303e-09
-4.05933e-16
3.5303e-09
-3.60422e-16
3.5303e-09
-3.04524e-16
3.5303e-09
-2.52059e-16
3.5303e-09
-2.19445e-16
3.5303e-09
-2.00464e-16
3.5303e-09
-1.67368e-16
3.5303e-09
-1.34462e-16
3.5303e-09
-1.18616e-16
3.5303e-09
-1.13997e-16
3.5303e-09
-9.31169e-17
3.5303e-09
-7.06371e-17
3.5303e-09
-6.37761e-17
3.5303e-09
-6.68832e-17
3.5303e-09
-5.25816e-17
3.5303e-09
-3.57162e-17
3.5303e-09
-3.37251e-17
3.5303e-09
-4.09915e-17
3.5303e-09
-3.02998e-17
3.5303e-09
-1.65417e-17
3.5303e-09
-1.71294e-17
3.5303e-09
-2.66687e-17
3.5303e-09
-1.6842e-17
3.5303e-09
-4.56254e-18
4.48458e-18
3.52279e-09
-8.05182e-12
3.52149e-09
-6.87946e-12
3.52038e-09
-5.88177e-12
3.51944e-09
-5.03158e-12
3.51863e-09
-4.30601e-12
3.51793e-09
-3.68574e-12
3.51734e-09
-3.15498e-12
3.51683e-09
-2.7005e-12
3.5164e-09
-2.31151e-12
3.51602e-09
-1.9787e-12
3.51571e-09
-1.69407e-12
3.51543e-09
-1.45049e-12
3.5152e-09
-1.24209e-12
3.515e-09
-1.06372e-12
3.51483e-09
-9.11066e-13
3.51468e-09
-7.80292e-13
3.51456e-09
-6.68316e-13
3.51445e-09
-5.72427e-13
3.51436e-09
-4.90334e-13
3.51428e-09
-4.19966e-13
3.51421e-09
-3.59699e-13
3.51415e-09
-3.08088e-13
3.5141e-09
-2.63909e-13
3.51406e-09
-2.26024e-13
3.51402e-09
-1.93581e-13
3.51399e-09
-1.65806e-13
3.51397e-09
-1.4204e-13
3.51394e-09
-1.21644e-13
3.51392e-09
-1.04179e-13
3.51391e-09
-8.92326e-14
3.51389e-09
-7.64513e-14
3.51388e-09
-6.54673e-14
3.51387e-09
-5.60625e-14
3.51386e-09
-4.80206e-14
3.51385e-09
-4.11512e-14
3.51385e-09
-3.52342e-14
3.51384e-09
-3.01687e-14
3.51384e-09
-2.58436e-14
3.51383e-09
-2.21562e-14
3.51383e-09
-1.89661e-14
3.51383e-09
-1.62356e-14
3.51382e-09
-1.39105e-14
3.51382e-09
-1.1935e-14
3.51382e-09
-1.02126e-14
3.51382e-09
-8.73882e-15
3.51382e-09
-7.48989e-15
3.51382e-09
-6.43542e-15
3.51381e-09
-5.50235e-15
3.51381e-09
-4.70438e-15
3.51381e-09
-4.03431e-15
3.51381e-09
-3.47508e-15
3.51381e-09
-2.96704e-15
3.51381e-09
-2.53298e-15
3.51381e-09
-2.17448e-15
3.51381e-09
-1.88174e-15
3.51381e-09
-1.6021e-15
3.51381e-09
-1.36353e-15
3.51381e-09
-1.17254e-15
3.51381e-09
-1.02302e-15
3.51381e-09
-8.66639e-16
3.51381e-09
-7.33605e-16
3.51381e-09
-6.32911e-16
3.51381e-09
-5.60554e-16
3.51381e-09
-4.70219e-16
3.51381e-09
-3.93645e-16
3.51381e-09
-3.41402e-16
3.51381e-09
-3.10333e-16
3.51381e-09
-2.56008e-16
3.51381e-09
-2.10252e-16
3.51381e-09
-1.84262e-16
3.51381e-09
-1.75479e-16
3.51381e-09
-1.40366e-16
3.51381e-09
-1.11086e-16
3.51381e-09
-9.92254e-17
3.51381e-09
-1.02534e-16
3.51381e-09
-7.76747e-17
3.51381e-09
-5.71573e-17
3.51381e-09
-5.28707e-17
3.51381e-09
-6.26989e-17
3.51381e-09
-4.33535e-17
3.51381e-09
-2.75455e-17
3.51381e-09
-2.73624e-17
3.51381e-09
-4.06932e-17
3.51381e-09
-2.43974e-17
3.51381e-09
-1.12264e-17
3.51381e-09
-1.31984e-17
3.51381e-09
-2.84983e-17
3.51381e-09
-1.26539e-17
3.51381e-09
-9.26145e-19
8.59814e-18
3.27101e-09
-5.71721e-12
3.26901e-09
-4.8853e-12
3.26731e-09
-4.17725e-12
3.26585e-09
-3.57372e-12
3.2646e-09
-3.05864e-12
3.26354e-09
-2.61825e-12
3.26262e-09
-2.24141e-12
3.26184e-09
-1.91861e-12
3.26117e-09
-1.64232e-12
3.2606e-09
-1.4059e-12
3.26011e-09
-1.20372e-12
3.25969e-09
-1.03065e-12
3.25933e-09
-8.8259e-13
3.25902e-09
-7.55859e-13
3.25876e-09
-6.47419e-13
3.25853e-09
-5.54479e-13
3.25834e-09
-4.74916e-13
3.25817e-09
-4.06778e-13
3.25803e-09
-3.48464e-13
3.25791e-09
-2.98442e-13
3.2578e-09
-2.55617e-13
3.25772e-09
-2.1894e-13
3.25764e-09
-1.87563e-13
3.25757e-09
-1.60623e-13
3.25752e-09
-1.37569e-13
3.25747e-09
-1.17829e-13
3.25743e-09
-1.00956e-13
3.25739e-09
-8.6446e-14
3.25736e-09
-7.40352e-14
3.25734e-09
-6.34128e-14
3.25732e-09
-5.4344e-14
3.2573e-09
-4.65233e-14
3.25728e-09
-3.98402e-14
3.25727e-09
-3.41249e-14
3.25725e-09
-2.92566e-14
3.25724e-09
-2.50375e-14
3.25724e-09
-2.14382e-14
3.25723e-09
-1.83645e-14
3.25722e-09
-1.57569e-14
3.25722e-09
-1.34761e-14
3.25721e-09
-1.15362e-14
3.25721e-09
-9.88396e-15
3.2572e-09
-8.49238e-15
3.2572e-09
-7.25518e-15
3.2572e-09
-6.20834e-15
3.2572e-09
-5.32109e-15
3.25719e-09
-4.58374e-15
3.25719e-09
-3.9077e-15
3.25719e-09
-3.34103e-15
3.25719e-09
-2.86524e-15
3.25719e-09
-2.47954e-15
3.25719e-09
-2.10586e-15
3.25719e-09
-1.79787e-15
3.25719e-09
-1.54355e-15
3.25719e-09
-1.34709e-15
3.25719e-09
-1.13578e-15
3.25719e-09
-9.66641e-16
3.25719e-09
-8.31414e-16
3.25719e-09
-7.36566e-16
3.25719e-09
-6.13052e-16
3.25719e-09
-5.18962e-16
3.25718e-09
-4.47924e-16
3.25718e-09
-4.07849e-16
3.25718e-09
-3.31256e-16
3.25718e-09
-2.77208e-16
3.25718e-09
-2.40633e-16
3.25718e-09
-2.29724e-16
3.25718e-09
-1.78969e-16
3.25718e-09
-1.46868e-16
3.25718e-09
-1.28978e-16
3.25718e-09
-1.33821e-16
3.25718e-09
-9.67561e-17
3.25718e-09
-7.63741e-17
3.25718e-09
-6.85244e-17
3.25718e-09
-8.19726e-17
3.25718e-09
-5.21392e-17
3.25718e-09
-3.79774e-17
3.25718e-09
-3.55103e-17
3.25718e-09
-5.3624e-17
3.25718e-09
-2.76636e-17
3.25718e-09
-1.68338e-17
3.25718e-09
-1.72871e-17
3.25718e-09
-3.7885e-17
3.25718e-09
-1.40987e-17
3.25718e-09
-5.16237e-18
3.25718e-09
-7.11328e-18
3.25718e-09
-2.9176e-17
3.25718e-09
-5.27699e-18
3.25718e-09
1.95124e-18
1.27022e-17
2.74376e-09
-3.12277e-12
2.74154e-09
-2.66872e-12
2.73965e-09
-2.28226e-12
2.73803e-09
-1.95268e-12
2.73664e-09
-1.67141e-12
2.73545e-09
-1.43085e-12
2.73444e-09
-1.22505e-12
2.73357e-09
-1.04864e-12
2.73282e-09
-8.97684e-13
2.73218e-09
-7.68474e-13
2.73164e-09
-6.58021e-13
2.73117e-09
-5.63395e-13
2.73077e-09
-4.82476e-13
2.73043e-09
-4.13194e-13
2.73013e-09
-3.53954e-13
2.72988e-09
-3.0312e-13
2.72967e-09
-2.59633e-13
2.72948e-09
-2.22376e-13
2.72933e-09
-1.90527e-13
2.72919e-09
-1.63154e-13
2.72907e-09
-1.39747e-13
2.72898e-09
-1.19688e-13
2.72889e-09
-1.02561e-13
2.72882e-09
-8.78089e-14
2.72876e-09
-7.52089e-14
2.7287e-09
-6.44104e-14
2.72866e-09
-5.52093e-14
2.72862e-09
-4.7255e-14
2.72858e-09
-4.04735e-14
2.72855e-09
-3.46601e-14
2.72853e-09
-2.97242e-14
2.72851e-09
-2.54283e-14
2.72849e-09
-2.17779e-14
2.72848e-09
-1.8648e-14
2.72846e-09
-1.60072e-14
2.72845e-09
-1.36816e-14
2.72844e-09
-1.1717e-14
2.72843e-09
-1.00317e-14
2.72843e-09
-8.62607e-15
2.72842e-09
-7.36089e-15
2.72841e-09
-6.30328e-15
2.72841e-09
-5.39554e-15
2.72841e-09
-4.65395e-15
2.7284e-09
-3.95997e-15
2.7284e-09
-3.3906e-15
2.7284e-09
-2.90128e-15
2.7284e-09
-2.51695e-15
2.72839e-09
-2.13009e-15
2.72839e-09
-1.82312e-15
2.72839e-09
-1.55894e-15
2.72839e-09
-1.3664e-15
2.72839e-09
-1.14524e-15
2.72839e-09
-9.79674e-16
2.72839e-09
-8.36665e-16
2.72839e-09
-7.47406e-16
2.72839e-09
-6.15132e-16
2.72839e-09
-5.25401e-16
2.72839e-09
-4.47607e-16
2.72839e-09
-4.13599e-16
2.72839e-09
-3.29578e-16
2.72838e-09
-2.8088e-16
2.72838e-09
-2.38212e-16
2.72838e-09
-2.34082e-16
2.72838e-09
-1.75748e-16
2.72838e-09
-1.48861e-16
2.72838e-09
-1.25125e-16
2.72838e-09
-1.3663e-16
2.72838e-09
-9.27183e-17
2.72838e-09
-7.78193e-17
2.72838e-09
-6.43486e-17
2.72838e-09
-8.43447e-17
2.72838e-09
-4.79744e-17
2.72838e-09
-3.94825e-17
2.72838e-09
-3.14891e-17
2.72838e-09
-5.62263e-17
2.72838e-09
-2.37456e-17
2.72838e-09
-1.86564e-17
2.72838e-09
-1.35859e-17
2.72838e-09
-4.09295e-17
2.72838e-09
-1.05101e-17
2.72838e-09
-7.23419e-18
2.72838e-09
-3.75584e-18
2.72838e-09
-3.24385e-17
2.72838e-09
-3.20914e-18
2.72838e-09
-9.67567e-19
2.72838e-09
1.74043e-18
2.72838e-09
-2.78129e-17
2.72838e-09
1.91876e-18
2.72838e-09
2.35496e-18
1.6743e-17
1.90819e-09
-9.60167e-13
1.90634e-09
-8.20714e-13
1.90476e-09
-7.02082e-13
1.90341e-09
-6.00755e-13
1.90225e-09
-5.1429e-13
1.90126e-09
-4.40274e-13
1.90041e-09
-3.77017e-13
1.89969e-09
-3.22701e-13
1.89907e-09
-2.76266e-13
1.89854e-09
-2.3649e-13
1.89808e-09
-2.02556e-13
1.89769e-09
-1.73404e-13
1.89736e-09
-1.48509e-13
1.89707e-09
-1.27168e-13
1.89683e-09
-1.08978e-13
1.89662e-09
-9.33013e-14
1.89644e-09
-7.99216e-14
1.89628e-09
-6.84358e-14
1.89615e-09
-5.8671e-14
1.89604e-09
-5.02177e-14
1.89594e-09
-4.3017e-14
1.89586e-09
-3.68265e-14
1.89579e-09
-3.15902e-14
1.89573e-09
-2.70241e-14
1.89567e-09
-2.31493e-14
1.89563e-09
-1.98108e-14
1.89559e-09
-1.70121e-14
1.89556e-09
-1.45403e-14
1.89553e-09
-1.24561e-14
1.89551e-09
-1.06531e-14
1.89549e-09
-9.16581e-15
1.89547e-09
-7.82154e-15
1.89545e-09
-6.70077e-15
1.89544e-09
-5.72459e-15
1.89543e-09
-4.94239e-15
1.89542e-09
-4.2057e-15
1.89541e-09
-3.60361e-15
1.8954e-09
-3.0727e-15
1.8954e-09
-2.66993e-15
1.89539e-09
-2.26039e-15
1.89539e-09
-1.93727e-15
1.89539e-09
-1.64609e-15
1.89538e-09
-1.44684e-15
1.89538e-09
-1.21373e-15
1.89538e-09
-1.04075e-15
1.89538e-09
-8.78672e-16
1.89537e-09
-7.89025e-16
1.89537e-09
-6.50841e-16
1.89537e-09
-5.58494e-16
1.89537e-09
-4.65925e-16
1.89537e-09
-4.34723e-16
1.89537e-09
-3.47901e-16
1.89537e-09
-2.98996e-16
1.89537e-09
-2.43892e-16
1.89537e-09
-2.4435e-16
1.89537e-09
-1.85085e-16
1.89537e-09
-1.59433e-16
1.89537e-09
-1.24518e-16
1.89536e-09
-1.41574e-16
1.89536e-09
-9.73825e-17
1.89536e-09
-8.43194e-17
1.89536e-09
-6.0322e-17
1.89536e-09
-8.65695e-17
1.89536e-09
-5.04141e-17
1.89536e-09
-4.39916e-17
1.89536e-09
-2.59226e-17
1.89536e-09
-5.6514e-17
1.89536e-09
-2.50396e-17
1.89536e-09
-2.22366e-17
1.89536e-09
-7.42335e-18
1.89536e-09
-4.04902e-17
1.89536e-09
-1.14133e-17
1.89536e-09
-1.05695e-17
1.89536e-09
2.5477e-18
1.89536e-09
-3.2051e-17
1.89536e-09
-4.13667e-18
1.89536e-09
-4.34374e-18
1.89536e-09
7.89839e-18
1.89536e-09
-2.75883e-17
1.89536e-09
-2.72677e-19
1.89536e-09
-1.03236e-18
1.89536e-09
1.07325e-17
1.89536e-09
-2.5137e-17
1.89536e-09
1.79928e-18
1.89536e-09
7.56834e-19
1.89536e-09
1.22645e-17
1.89536e-09
-2.38896e-17
1.89536e-09
3.13918e-18
1.89536e-09
2.13718e-18
2.16916e-17
7.31783e-10
7.30962e-10
7.3026e-10
7.29659e-10
7.29145e-10
7.28705e-10
7.28328e-10
7.28005e-10
7.27729e-10
7.27492e-10
7.2729e-10
7.27116e-10
7.26968e-10
7.26841e-10
7.26732e-10
7.26638e-10
7.26558e-10
7.2649e-10
7.26431e-10
7.26381e-10
7.26338e-10
7.26301e-10
7.2627e-10
7.26243e-10
7.26219e-10
7.262e-10
7.26183e-10
7.26168e-10
7.26156e-10
7.26145e-10
7.26136e-10
7.26128e-10
7.26121e-10
7.26116e-10
7.26111e-10
7.26106e-10
7.26103e-10
7.261e-10
7.26097e-10
7.26095e-10
7.26093e-10
7.26091e-10
7.2609e-10
7.26089e-10
7.26088e-10
7.26087e-10
7.26086e-10
7.26085e-10
7.26085e-10
7.26084e-10
7.26084e-10
7.26083e-10
7.26083e-10
7.26083e-10
7.26083e-10
7.26082e-10
7.26082e-10
7.26082e-10
7.26082e-10
7.26082e-10
7.26082e-10
7.26082e-10
7.26082e-10
7.26082e-10
7.26082e-10
7.26082e-10
7.26082e-10
7.26082e-10
7.26081e-10
7.26081e-10
7.26081e-10
7.26081e-10
7.26081e-10
7.26081e-10
7.26081e-10
7.26081e-10
7.26081e-10
7.26081e-10
7.26081e-10
7.26081e-10
7.26081e-10
7.26081e-10
7.26081e-10
7.26081e-10
7.26081e-10
7.26081e-10
7.26081e-10
7.26081e-10
7.26081e-10
7.30673e-10
-7.12105e-10
1.5714e-09
-8.80945e-10
2.2912e-09
-7.64131e-10
2.89681e-09
-6.48538e-10
3.41566e-09
-5.53733e-10
3.86563e-09
-4.71886e-10
4.26083e-09
-4.03433e-10
4.61297e-09
-3.47693e-10
4.93057e-09
-3.018e-10
5.2196e-09
-2.63264e-10
5.48455e-09
-2.30495e-10
5.72893e-09
-2.02333e-10
5.95551e-09
-1.77862e-10
6.1665e-09
-1.56369e-10
6.36369e-09
-1.37315e-10
6.54856e-09
-1.20282e-10
6.72233e-09
-1.04946e-10
6.88605e-09
-9.10473e-11
7.0406e-09
-7.83788e-11
7.18674e-09
-6.67727e-11
7.32511e-09
-5.60917e-11
7.45631e-09
-4.62221e-11
7.58084e-09
-3.70694e-11
7.69913e-09
-2.85539e-11
7.8116e-09
-2.06082e-11
7.91858e-09
-1.31747e-11
8.02041e-09
-6.20334e-12
8.11737e-09
3.51176e-13
8.20971e-09
6.52731e-12
8.29767e-09
1.2355e-11
8.38146e-09
1.7861e-11
8.46128e-09
2.30694e-11
8.53731e-09
2.80019e-11
8.60972e-09
3.26778e-11
8.67867e-09
3.71144e-11
8.74431e-09
4.13274e-11
8.80676e-09
4.53308e-11
8.86615e-09
4.91376e-11
8.92261e-09
5.27597e-11
8.97623e-09
5.62081e-11
9.02713e-09
5.94931e-11
9.07539e-09
6.2625e-11
9.12112e-09
6.56133e-11
9.16438e-09
6.8466e-11
9.20527e-09
7.11869e-11
9.24386e-09
7.37724e-11
9.28023e-09
7.6231e-11
9.31444e-09
7.85817e-11
9.34656e-09
8.08308e-11
9.37663e-09
8.298e-11
9.40474e-09
8.50313e-11
9.43093e-09
8.69874e-11
9.45526e-09
8.88508e-11
9.4778e-09
9.06243e-11
9.49859e-09
9.23107e-11
9.5177e-09
9.39131e-11
9.53517e-09
9.54345e-11
9.55105e-09
9.68777e-11
9.5654e-09
9.82458e-11
9.57827e-09
9.95414e-11
9.58969e-09
1.00767e-10
9.59971e-09
1.01926e-10
9.60838e-09
1.03021e-10
9.61573e-09
1.04054e-10
9.62182e-09
1.05027e-10
9.62667e-09
1.05942e-10
9.63032e-09
1.06803e-10
9.63282e-09
1.0761e-10
9.63419e-09
1.08367e-10
9.63448e-09
1.09075e-10
9.63371e-09
1.09735e-10
9.63192e-09
1.1035e-10
9.62915e-09
1.10921e-10
9.62541e-09
1.11451e-10
9.62074e-09
1.1194e-10
9.61518e-09
1.12391e-10
9.60874e-09
1.12804e-10
9.60147e-09
1.13182e-10
9.59337e-09
1.13525e-10
9.58448e-09
1.13835e-10
9.57483e-09
1.14114e-10
9.56444e-09
1.14363e-10
9.55333e-09
1.14582e-10
9.54153e-09
1.14773e-10
9.52905e-09
1.14937e-10
9.51593e-09
1.15075e-10
9.50218e-09
1.15188e-10
9.48782e-09
1.15278e-10
9.47288e-09
1.15344e-10
9.45737e-09
1.15389e-10
9.44131e-09
1.15413e-10
9.42473e-09
1.15417e-10
9.40763e-09
1.15402e-10
9.39003e-09
1.15368e-10
9.37197e-09
1.15317e-10
9.35344e-09
1.1525e-10
9.33446e-09
1.15166e-10
9.31506e-09
1.15068e-10
9.29524e-09
1.14955e-10
9.27503e-09
1.14828e-10
9.25442e-09
1.14688e-10
9.23345e-09
1.14535e-10
9.21212e-09
1.14371e-10
9.19044e-09
1.14195e-10
9.16843e-09
1.14008e-10
9.1461e-09
1.13811e-10
9.12347e-09
1.13605e-10
9.10053e-09
1.13389e-10
9.07731e-09
1.13164e-10
9.05382e-09
1.12931e-10
9.03006e-09
1.1269e-10
9.00604e-09
1.12442e-10
8.98178e-09
1.12186e-10
8.95729e-09
1.11924e-10
8.93257e-09
1.11656e-10
8.90763e-09
1.11382e-10
8.88249e-09
1.11102e-10
8.85714e-09
1.10817e-10
8.83161e-09
1.10527e-10
8.80589e-09
1.10233e-10
8.77999e-09
1.09934e-10
8.75393e-09
1.09631e-10
8.7277e-09
1.09325e-10
8.70132e-09
1.09015e-10
8.6748e-09
1.08702e-10
8.64813e-09
1.08386e-10
8.62133e-09
1.08068e-10
8.5944e-09
1.07747e-10
8.56735e-09
1.07423e-10
8.54018e-09
1.07098e-10
8.5129e-09
1.06771e-10
8.48551e-09
1.06442e-10
8.45802e-09
1.06112e-10
8.43044e-09
1.05781e-10
8.40276e-09
1.05449e-10
8.375e-09
1.05115e-10
8.34716e-09
1.04781e-10
8.31924e-09
1.04447e-10
8.29125e-09
1.04112e-10
8.26319e-09
1.03776e-10
8.23506e-09
1.03441e-10
8.20687e-09
1.03105e-10
8.17863e-09
1.02769e-10
8.15033e-09
1.02434e-10
8.12198e-09
1.02099e-10
8.09359e-09
1.01764e-10
8.06515e-09
1.0143e-10
8.03666e-09
1.01097e-10
8.00815e-09
1.00764e-10
7.97959e-09
1.00432e-10
7.95101e-09
1.00101e-10
7.92239e-09
9.97704e-11
7.89375e-09
9.94412e-11
7.86508e-09
9.91132e-11
7.83639e-09
9.87863e-11
7.80769e-09
9.84606e-11
7.77896e-09
9.81363e-11
7.75022e-09
9.78133e-11
7.72146e-09
9.74918e-11
7.6927e-09
9.71717e-11
7.66392e-09
9.68531e-11
7.63514e-09
9.65361e-11
7.60635e-09
9.62208e-11
7.57756e-09
9.59071e-11
7.54877e-09
9.55951e-11
7.51997e-09
9.52848e-11
7.49118e-09
9.49763e-11
7.46239e-09
9.46696e-11
7.4336e-09
9.43647e-11
7.40481e-09
9.40617e-11
7.37604e-09
9.37606e-11
7.34727e-09
9.34614e-11
7.31851e-09
9.31642e-11
7.28975e-09
9.28689e-11
7.26101e-09
9.25756e-11
7.23229e-09
9.22842e-11
7.20357e-09
9.19949e-11
7.17487e-09
9.17076e-11
7.14618e-09
9.14224e-11
7.11751e-09
9.11392e-11
7.08886e-09
9.0858e-11
7.06022e-09
9.0579e-11
7.0316e-09
9.0302e-11
7.003e-09
9.00271e-11
6.97442e-09
8.97543e-11
6.94586e-09
8.94836e-11
6.91732e-09
8.92149e-11
6.8888e-09
8.89484e-11
6.86031e-09
8.8684e-11
6.83183e-09
8.84217e-11
6.80338e-09
8.81615e-11
6.77496e-09
8.79034e-11
6.74656e-09
8.76474e-11
6.71818e-09
8.73936e-11
6.68983e-09
8.71418e-11
6.6615e-09
8.68921e-11
6.6332e-09
8.66445e-11
6.60492e-09
8.6399e-11
6.57668e-09
8.61556e-11
6.54845e-09
8.59142e-11
6.52026e-09
8.56749e-11
6.49209e-09
8.54377e-11
6.46395e-09
8.52025e-11
6.43584e-09
8.49694e-11
6.40776e-09
8.47383e-11
6.3797e-09
8.45092e-11
6.35168e-09
8.42822e-11
6.32368e-09
8.40571e-11
6.29571e-09
8.3834e-11
6.26777e-09
8.36129e-11
6.23986e-09
8.33937e-11
6.21198e-09
8.31764e-11
6.18413e-09
8.29611e-11
6.15631e-09
8.27476e-11
6.12852e-09
8.2536e-11
6.10075e-09
8.23263e-11
6.07302e-09
8.21183e-11
6.04532e-09
8.19122e-11
6.01765e-09
8.17078e-11
5.99001e-09
8.15052e-11
5.9624e-09
8.13043e-11
5.93482e-09
8.11051e-11
5.90727e-09
8.09076e-11
5.87975e-09
8.07117e-11
5.85227e-09
8.05174e-11
5.82481e-09
8.03247e-11
5.79739e-09
8.01337e-11
5.76999e-09
7.99442e-11
5.74263e-09
7.97562e-11
5.7153e-09
7.95698e-11
5.688e-09
7.9385e-11
5.66073e-09
7.92017e-11
5.63349e-09
7.902e-11
5.60629e-09
7.884e-11
5.57911e-09
7.86615e-11
5.55197e-09
7.84847e-11
5.52485e-09
7.83097e-11
5.49777e-09
7.81364e-11
5.47072e-09
7.7965e-11
5.4437e-09
7.77955e-11
5.41671e-09
7.7628e-11
5.38975e-09
7.74626e-11
5.36282e-09
7.72993e-11
5.33592e-09
7.71384e-11
5.30904e-09
7.69799e-11
5.2822e-09
7.68238e-11
5.25538e-09
7.66703e-11
5.22859e-09
7.65194e-11
5.20182e-09
7.63713e-11
5.17508e-09
7.62259e-11
5.14837e-09
7.60833e-11
5.12168e-09
7.59434e-11
5.09501e-09
7.58062e-11
5.06837e-09
7.56716e-11
5.04175e-09
7.55395e-11
5.01515e-09
7.54095e-11
4.98857e-09
7.52814e-11
4.96201e-09
7.51549e-11
4.93548e-09
7.50294e-11
4.90897e-09
7.49046e-11
4.88247e-09
7.47798e-11
4.85601e-09
7.46543e-11
4.82956e-09
7.45274e-11
4.80315e-09
7.43984e-11
4.77676e-09
7.42663e-11
4.7504e-09
7.41303e-11
4.72407e-09
7.39897e-11
4.69778e-09
7.38435e-11
4.67153e-09
7.36912e-11
4.64532e-09
7.35321e-11
4.61916e-09
7.33659e-11
4.59306e-09
7.31925e-11
4.56701e-09
7.30121e-11
4.54102e-09
7.28256e-11
4.51509e-09
7.2634e-11
4.48924e-09
7.24393e-11
4.46346e-09
7.22442e-11
4.43775e-09
7.20521e-11
4.41211e-09
7.18674e-11
4.38655e-09
7.16958e-11
4.36105e-09
7.15438e-11
4.33562e-09
7.14194e-11
4.31023e-09
7.13316e-11
4.28488e-09
7.12907e-11
4.25955e-09
7.13081e-11
4.23421e-09
7.13961e-11
4.20883e-09
7.15676e-11
4.18339e-09
7.18353e-11
4.15783e-09
7.22116e-11
4.13211e-09
7.27072e-11
4.10619e-09
7.33297e-11
4.08e-09
7.4082e-11
4.0535e-09
7.49596e-11
4.02662e-09
7.59478e-11
3.9993e-09
7.70171e-11
3.97152e-09
7.81175e-11
3.94324e-09
7.91717e-11
3.91446e-09
8.00652e-11
3.88522e-09
8.06334e-11
3.85562e-09
8.06458e-11
3.82581e-09
7.97832e-11
3.79608e-09
7.76093e-11
3.76683e-09
7.35319e-11
3.73866e-09
6.67514e-11
3.71238e-09
5.61911e-11
3.68913e-09
4.04026e-11
3.67039e-09
1.74351e-11
3.65812e-09
-1.53507e-11
3.65484e-09
-6.15422e-11
3.66369e-09
-1.26013e-10
3.68847e-09
-2.15412e-10
3.73347e-09
-3.38869e-10
3.80305e-09
-5.08996e-10
3.90038e-09
-7.43333e-10
4.02455e-09
-1.06649e-09
4.16238e-09
-1.5132e-09
4.2682e-09
-2.12926e-09
4.18438e-09
-2.97121e-09
3.47065e-09
-4.00338e-09
-4.10692e-09
1.21132e-10
-8.33238e-10
4.17433e-10
-1.17725e-09
7.98234e-10
-1.14493e-09
1.17848e-09
-1.02879e-09
1.53784e-09
-9.13085e-10
1.87583e-09
-8.09883e-10
2.19339e-09
-7.20986e-10
2.49188e-09
-6.46191e-10
2.7734e-09
-5.83316e-10
3.03993e-09
-5.29788e-10
3.29303e-09
-4.83601e-10
3.53399e-09
-4.4329e-10
3.76387e-09
-4.07743e-10
3.98359e-09
-3.76094e-10
4.19396e-09
-3.47676e-10
4.39564e-09
-3.21969e-10
4.58926e-09
-2.98562e-10
4.77534e-09
-2.77127e-10
4.95435e-09
-2.57396e-10
5.12673e-09
-2.39153e-10
5.29286e-09
-2.22215e-10
5.45307e-09
-2.06433e-10
5.60768e-09
-1.91679e-10
5.75697e-09
-1.77845e-10
5.9012e-09
-1.64839e-10
6.04061e-09
-1.52583e-10
6.17541e-09
-1.41008e-10
6.30582e-09
-1.30055e-10
6.43201e-09
-1.19664e-10
6.55416e-09
-1.0979e-10
6.67241e-09
-1.00393e-10
6.78692e-09
-9.14367e-11
6.89781e-09
-8.28901e-11
7.00521e-09
-7.47245e-11
7.10924e-09
-6.69143e-11
7.21e-09
-5.94364e-11
7.3076e-09
-5.22699e-11
7.40214e-09
-4.53959e-11
7.49369e-09
-3.8797e-11
7.58236e-09
-3.24571e-11
7.66821e-09
-2.63605e-11
7.75133e-09
-2.04914e-11
7.83177e-09
-1.48323e-11
7.9096e-09
-9.36198e-12
7.98484e-09
-4.05206e-12
8.05749e-09
1.12418e-12
8.12757e-09
6.14955e-12
8.19516e-09
1.09921e-11
8.26034e-09
1.5648e-11
8.3232e-09
2.01258e-11
8.3838e-09
2.44339e-11
8.4422e-09
2.85795e-11
8.49848e-09
3.25694e-11
8.5527e-09
3.64104e-11
8.6049e-09
4.01091e-11
8.65514e-09
4.36717e-11
8.70347e-09
4.71038e-11
8.74994e-09
5.04108e-11
8.79459e-09
5.35977e-11
8.83746e-09
5.66691e-11
8.8786e-09
5.96294e-11
8.91804e-09
6.24827e-11
8.95583e-09
6.52328e-11
8.992e-09
6.78834e-11
9.02659e-09
7.0438e-11
9.05963e-09
7.28997e-11
9.09116e-09
7.52717e-11
9.12122e-09
7.7557e-11
9.14982e-09
7.97584e-11
9.17702e-09
8.18786e-11
9.20284e-09
8.39203e-11
9.2273e-09
8.58858e-11
9.25044e-09
8.77777e-11
9.2723e-09
8.95982e-11
9.29289e-09
9.13496e-11
9.31224e-09
9.3034e-11
9.33039e-09
9.46536e-11
9.34736e-09
9.62103e-11
9.36318e-09
9.77062e-11
9.37788e-09
9.91433e-11
9.39147e-09
1.00524e-10
9.40398e-09
1.01849e-10
9.41544e-09
1.03119e-10
9.42588e-09
1.04338e-10
9.43531e-09
1.05506e-10
9.44376e-09
1.06624e-10
9.45125e-09
1.07696e-10
9.45781e-09
1.08721e-10
9.46345e-09
1.09702e-10
9.4682e-09
1.1064e-10
9.47208e-09
1.11536e-10
9.4751e-09
1.12392e-10
9.4773e-09
1.13209e-10
9.47868e-09
1.13988e-10
9.47926e-09
1.14731e-10
9.47907e-09
1.15438e-10
9.47813e-09
1.16111e-10
9.47645e-09
1.16751e-10
9.47404e-09
1.17359e-10
9.47094e-09
1.17936e-10
9.46714e-09
1.18482e-10
9.46268e-09
1.19e-10
9.45756e-09
1.19489e-10
9.4518e-09
1.19951e-10
9.44542e-09
1.20387e-10
9.43844e-09
1.20797e-10
9.43086e-09
1.21183e-10
9.4227e-09
1.21545e-10
9.41398e-09
1.21884e-10
9.40471e-09
1.222e-10
9.39491e-09
1.22495e-10
9.38458e-09
1.2277e-10
9.37374e-09
1.23024e-10
9.36241e-09
1.23259e-10
9.35059e-09
1.23475e-10
9.3383e-09
1.23673e-10
9.32555e-09
1.23854e-10
9.31234e-09
1.24018e-10
9.29871e-09
1.24165e-10
9.28464e-09
1.24297e-10
9.27016e-09
1.24414e-10
9.25528e-09
1.24516e-10
9.24e-09
1.24605e-10
9.22433e-09
1.24679e-10
9.20829e-09
1.24741e-10
9.19189e-09
1.2479e-10
9.17513e-09
1.24827e-10
9.15802e-09
1.24853e-10
9.14058e-09
1.24867e-10
9.12281e-09
1.24871e-10
9.10471e-09
1.24865e-10
9.08631e-09
1.24848e-10
9.0676e-09
1.24822e-10
9.04859e-09
1.24787e-10
9.0293e-09
1.24743e-10
9.00972e-09
1.2469e-10
8.98987e-09
1.2463e-10
8.96976e-09
1.24562e-10
8.94938e-09
1.24486e-10
8.92876e-09
1.24403e-10
8.90788e-09
1.24314e-10
8.88677e-09
1.24217e-10
8.86542e-09
1.24115e-10
8.84385e-09
1.24007e-10
8.82206e-09
1.23893e-10
8.80005e-09
1.23773e-10
8.77783e-09
1.23648e-10
8.75541e-09
1.23519e-10
8.73279e-09
1.23384e-10
8.70998e-09
1.23245e-10
8.68697e-09
1.23102e-10
8.66379e-09
1.22955e-10
8.64043e-09
1.22804e-10
8.61689e-09
1.22649e-10
8.59319e-09
1.22491e-10
8.56932e-09
1.22329e-10
8.54529e-09
1.22164e-10
8.52111e-09
1.21997e-10
8.49677e-09
1.21826e-10
8.47229e-09
1.21653e-10
8.44767e-09
1.21478e-10
8.4229e-09
1.213e-10
8.398e-09
1.2112e-10
8.37297e-09
1.20938e-10
8.34781e-09
1.20754e-10
8.32253e-09
1.20568e-10
8.29713e-09
1.20381e-10
8.2716e-09
1.20192e-10
8.24597e-09
1.20002e-10
8.22022e-09
1.1981e-10
8.19436e-09
1.19618e-10
8.1684e-09
1.19424e-10
8.14233e-09
1.19229e-10
8.11617e-09
1.19033e-10
8.08991e-09
1.18837e-10
8.06355e-09
1.1864e-10
8.03711e-09
1.18442e-10
8.01057e-09
1.18243e-10
7.98395e-09
1.18045e-10
7.95724e-09
1.17845e-10
7.93045e-09
1.17646e-10
7.90359e-09
1.17446e-10
7.87664e-09
1.17246e-10
7.84962e-09
1.17046e-10
7.82253e-09
1.16846e-10
7.79537e-09
1.16646e-10
7.76814e-09
1.16446e-10
7.74084e-09
1.16246e-10
7.71348e-09
1.16046e-10
7.68606e-09
1.15846e-10
7.65857e-09
1.15647e-10
7.63103e-09
1.15448e-10
7.60342e-09
1.15249e-10
7.57577e-09
1.15051e-10
7.54805e-09
1.14854e-10
7.52029e-09
1.14656e-10
7.49248e-09
1.1446e-10
7.46461e-09
1.14263e-10
7.4367e-09
1.14068e-10
7.40874e-09
1.13873e-10
7.38074e-09
1.13678e-10
7.35269e-09
1.13485e-10
7.3246e-09
1.13292e-10
7.29647e-09
1.131e-10
7.2683e-09
1.12908e-10
7.24009e-09
1.12717e-10
7.21185e-09
1.12528e-10
7.18357e-09
1.12338e-10
7.15525e-09
1.1215e-10
7.1269e-09
1.11963e-10
7.09852e-09
1.11776e-10
7.0701e-09
1.1159e-10
7.04166e-09
1.11405e-10
7.01319e-09
1.11221e-10
6.98469e-09
1.11037e-10
6.95616e-09
1.10855e-10
6.9276e-09
1.10673e-10
6.89902e-09
1.10492e-10
6.87042e-09
1.10312e-10
6.84179e-09
1.10133e-10
6.81314e-09
1.09954e-10
6.78447e-09
1.09776e-10
6.75578e-09
1.09599e-10
6.72707e-09
1.09423e-10
6.69834e-09
1.09248e-10
6.66959e-09
1.09073e-10
6.64082e-09
1.08899e-10
6.61204e-09
1.08725e-10
6.58325e-09
1.08553e-10
6.55443e-09
1.08381e-10
6.52561e-09
1.0821e-10
6.49677e-09
1.08039e-10
6.46792e-09
1.0787e-10
6.43906e-09
1.07702e-10
6.41019e-09
1.07534e-10
6.3813e-09
1.07368e-10
6.35241e-09
1.07203e-10
6.32351e-09
1.07039e-10
6.2946e-09
1.06876e-10
6.26568e-09
1.06716e-10
6.23675e-09
1.06556e-10
6.20781e-09
1.06399e-10
6.17887e-09
1.06244e-10
6.14992e-09
1.06091e-10
6.12095e-09
1.05941e-10
6.09199e-09
1.05793e-10
6.06301e-09
1.05648e-10
6.03402e-09
1.05506e-10
6.00503e-09
1.05367e-10
5.97602e-09
1.05231e-10
5.94701e-09
1.05098e-10
5.91798e-09
1.04968e-10
5.88895e-09
1.04842e-10
5.8599e-09
1.04718e-10
5.83084e-09
1.04598e-10
5.80177e-09
1.04479e-10
5.77269e-09
1.04363e-10
5.7436e-09
1.04248e-10
5.71449e-09
1.04134e-10
5.68538e-09
1.04019e-10
5.65625e-09
1.03904e-10
5.62712e-09
1.03786e-10
5.59798e-09
1.03665e-10
5.56884e-09
1.0354e-10
5.5397e-09
1.03408e-10
5.51056e-09
1.03269e-10
5.48143e-09
1.03121e-10
5.45231e-09
1.02962e-10
5.42321e-09
1.02792e-10
5.39413e-09
1.02609e-10
5.36509e-09
1.02412e-10
5.33608e-09
1.022e-10
5.30712e-09
1.01974e-10
5.27821e-09
1.01734e-10
5.24936e-09
1.01482e-10
5.22058e-09
1.01219e-10
5.19188e-09
1.00949e-10
5.16325e-09
1.00677e-10
5.13471e-09
1.00408e-10
5.10626e-09
1.00151e-10
5.07789e-09
9.99144e-11
5.0496e-09
9.97101e-11
5.02138e-09
9.95513e-11
4.99321e-09
9.94532e-11
4.96509e-09
9.9433e-11
4.93698e-09
9.95097e-11
4.90884e-09
9.97036e-11
4.88064e-09
1.00036e-10
4.85233e-09
1.00527e-10
4.82383e-09
1.01198e-10
4.7951e-09
1.02066e-10
4.76604e-09
1.03143e-10
4.73656e-09
1.04433e-10
4.70658e-09
1.05929e-10
4.67599e-09
1.07608e-10
4.64469e-09
1.09421e-10
4.61257e-09
1.11291e-10
4.57954e-09
1.13095e-10
4.54552e-09
1.14655e-10
4.51045e-09
1.15717e-10
4.4743e-09
1.15926e-10
4.43712e-09
1.14798e-10
4.39897e-09
1.11678e-10
4.36003e-09
1.05686e-10
4.32057e-09
9.56556e-11
4.28093e-09
8.00406e-11
4.24155e-09
5.68083e-11
4.2029e-09
2.32968e-11
4.16534e-09
-2.3976e-11
4.12891e-09
-8.95901e-11
4.09306e-09
-1.7956e-10
4.05595e-09
-3.01764e-10
4.01346e-09
-4.66511e-10
3.95719e-09
-6.87068e-10
3.8712e-09
-9.80497e-10
3.72473e-09
-1.36674e-09
3.45634e-09
-1.86087e-09
2.92678e-09
-2.44164e-09
1.82613e-09
-2.90274e-09
-2.2808e-09
1.34011e-09
-7.73889e-10
-1.39945e-09
1.15445e-09
-9.91593e-10
1.06877e-09
-1.05925e-09
1.09671e-09
-1.05673e-09
1.21018e-09
-1.02655e-09
1.38586e-09
-9.85567e-10
1.60591e-09
-9.4103e-10
1.85635e-09
-8.96634e-10
2.12709e-09
-8.54054e-10
2.41115e-09
-8.13851e-10
2.70368e-09
-7.76131e-10
3.00123e-09
-7.40837e-10
3.30133e-09
-7.0784e-10
3.60221e-09
-6.76974e-10
3.90259e-09
-6.48064e-10
4.20157e-09
-6.20941e-10
4.49845e-09
-5.95447e-10
4.79276e-09
-5.71436e-10
5.08414e-09
-5.48776e-10
5.37234e-09
-5.27348e-10
5.65717e-09
-5.07044e-10
5.9385e-09
-4.87767e-10
6.21625e-09
-4.69432e-10
6.49037e-09
-4.51961e-10
6.76081e-09
-4.35285e-10
7.02757e-09
-4.19342e-10
7.29064e-09
-4.04077e-10
7.55003e-09
-3.89441e-10
7.80576e-09
-3.75389e-10
8.05785e-09
-3.61881e-10
8.30633e-09
-3.48877e-10
8.55124e-09
-3.36345e-10
8.7926e-09
-3.24252e-10
9.03045e-09
-3.12572e-10
9.26481e-09
-3.01279e-10
9.49573e-09
-2.9035e-10
9.72322e-09
-2.79767e-10
9.94734e-09
-2.69511e-10
1.01681e-08
-2.59566e-10
1.03856e-08
-2.49921e-10
1.05998e-08
-2.40564e-10
1.08108e-08
-2.31485e-10
1.10186e-08
-2.22677e-10
1.12234e-08
-2.14132e-10
1.14252e-08
-2.05842e-10
1.16241e-08
-1.97784e-10
1.18201e-08
-1.89918e-10
1.20134e-08
-1.82213e-10
1.22037e-08
-1.74666e-10
1.23911e-08
-1.67279e-10
1.25756e-08
-1.6005e-10
1.27571e-08
-1.52976e-10
1.29357e-08
-1.46053e-10
1.31114e-08
-1.39278e-10
1.32842e-08
-1.32646e-10
1.3454e-08
-1.26154e-10
1.36209e-08
-1.19799e-10
1.37849e-08
-1.13578e-10
1.3946e-08
-1.07487e-10
1.41042e-08
-1.01523e-10
1.42595e-08
-9.5684e-11
1.44119e-08
-8.9966e-11
1.45615e-08
-8.43666e-11
1.47083e-08
-7.88833e-11
1.48523e-08
-7.35133e-11
1.49934e-08
-6.82541e-11
1.51318e-08
-6.31033e-11
1.52674e-08
-5.80585e-11
1.54003e-08
-5.31174e-11
1.55304e-08
-4.82779e-11
1.56579e-08
-4.35376e-11
1.57827e-08
-3.88946e-11
1.59048e-08
-3.43469e-11
1.60243e-08
-2.98924e-11
1.61412e-08
-2.55293e-11
1.62555e-08
-2.12557e-11
1.63672e-08
-1.707e-11
1.64764e-08
-1.29704e-11
1.6583e-08
-8.95529e-12
1.66872e-08
-5.0232e-12
1.67889e-08
-1.17244e-12
1.68881e-08
2.59956e-12
1.6985e-08
6.29563e-12
1.70794e-08
9.91784e-12
1.71714e-08
1.34676e-11
1.72611e-08
1.69462e-11
1.73484e-08
2.03548e-11
1.74335e-08
2.36946e-11
1.75162e-08
2.69668e-11
1.75967e-08
3.01724e-11
1.76749e-08
3.33126e-11
1.77509e-08
3.63884e-11
1.78247e-08
3.9401e-11
1.78963e-08
4.23515e-11
1.79658e-08
4.52408e-11
1.80332e-08
4.80702e-11
1.80985e-08
5.08406e-11
1.81617e-08
5.3553e-11
1.82228e-08
5.62086e-11
1.82819e-08
5.88084e-11
1.83391e-08
6.13533e-11
1.83942e-08
6.38444e-11
1.84474e-08
6.62826e-11
1.84987e-08
6.8669e-11
1.85481e-08
7.10045e-11
1.85956e-08
7.32901e-11
1.86413e-08
7.55266e-11
1.86851e-08
7.77151e-11
1.87271e-08
7.98564e-11
1.87674e-08
8.19516e-11
1.88059e-08
8.40013e-11
1.88426e-08
8.60064e-11
1.88777e-08
8.79676e-11
1.8911e-08
8.9886e-11
1.89428e-08
9.17625e-11
1.89728e-08
9.3598e-11
1.90013e-08
9.53932e-11
1.90282e-08
9.71491e-11
1.90535e-08
9.88665e-11
1.90772e-08
1.00546e-10
1.90994e-08
1.02189e-10
1.91202e-08
1.03795e-10
1.91394e-08
1.05366e-10
1.91572e-08
1.06902e-10
1.91735e-08
1.08404e-10
1.91884e-08
1.09872e-10
1.92019e-08
1.11308e-10
1.92141e-08
1.12712e-10
1.92249e-08
1.14085e-10
1.92343e-08
1.15426e-10
1.92424e-08
1.16738e-10
1.92493e-08
1.1802e-10
1.92548e-08
1.19274e-10
1.92591e-08
1.20499e-10
1.92622e-08
1.21696e-10
1.9264e-08
1.22867e-10
1.92646e-08
1.24011e-10
1.9264e-08
1.25129e-10
1.92623e-08
1.26221e-10
1.92594e-08
1.27289e-10
1.92554e-08
1.28332e-10
1.92503e-08
1.29352e-10
1.9244e-08
1.30348e-10
1.92367e-08
1.31321e-10
1.92283e-08
1.32272e-10
1.92189e-08
1.33201e-10
1.92084e-08
1.34109e-10
1.9197e-08
1.34995e-10
1.91845e-08
1.35862e-10
1.9171e-08
1.36708e-10
1.91566e-08
1.37535e-10
1.91412e-08
1.38342e-10
1.91249e-08
1.39131e-10
1.91076e-08
1.39902e-10
1.90895e-08
1.40654e-10
1.90704e-08
1.41389e-10
1.90505e-08
1.42107e-10
1.90296e-08
1.42808e-10
1.9008e-08
1.43493e-10
1.89855e-08
1.44161e-10
1.89621e-08
1.44814e-10
1.8938e-08
1.45452e-10
1.8913e-08
1.46074e-10
1.88873e-08
1.46682e-10
1.88608e-08
1.47276e-10
1.88335e-08
1.47855e-10
1.88054e-08
1.48421e-10
1.87767e-08
1.48973e-10
1.87471e-08
1.49512e-10
1.87169e-08
1.50039e-10
1.8686e-08
1.50552e-10
1.86543e-08
1.51054e-10
1.8622e-08
1.51543e-10
1.8589e-08
1.52021e-10
1.85554e-08
1.52487e-10
1.85211e-08
1.52942e-10
1.84861e-08
1.53386e-10
1.84506e-08
1.53819e-10
1.84144e-08
1.54242e-10
1.83776e-08
1.54654e-10
1.83402e-08
1.55057e-10
1.83022e-08
1.55449e-10
1.82636e-08
1.55832e-10
1.82244e-08
1.56206e-10
1.81847e-08
1.5657e-10
1.81444e-08
1.56925e-10
1.81036e-08
1.57272e-10
1.80622e-08
1.5761e-10
1.80203e-08
1.57939e-10
1.79779e-08
1.5826e-10
1.7935e-08
1.58574e-10
1.78915e-08
1.58879e-10
1.78476e-08
1.59177e-10
1.78032e-08
1.59467e-10
1.77583e-08
1.59749e-10
1.77129e-08
1.60025e-10
1.76671e-08
1.60294e-10
1.76208e-08
1.60555e-10
1.75741e-08
1.6081e-10
1.75269e-08
1.61059e-10
1.74793e-08
1.613e-10
1.74312e-08
1.61536e-10
1.73827e-08
1.61766e-10
1.73339e-08
1.61989e-10
1.72846e-08
1.62206e-10
1.72349e-08
1.62418e-10
1.71848e-08
1.62624e-10
1.71343e-08
1.62825e-10
1.70834e-08
1.6302e-10
1.70322e-08
1.63209e-10
1.69805e-08
1.63394e-10
1.69286e-08
1.63573e-10
1.68762e-08
1.63747e-10
1.68235e-08
1.63916e-10
1.67705e-08
1.64079e-10
1.67171e-08
1.64239e-10
1.66634e-08
1.64393e-10
1.66093e-08
1.64542e-10
1.65549e-08
1.64687e-10
1.65003e-08
1.64826e-10
1.64452e-08
1.64962e-10
1.63899e-08
1.65092e-10
1.63343e-08
1.65218e-10
1.62784e-08
1.65339e-10
1.62222e-08
1.65456e-10
1.61657e-08
1.65569e-10
1.61089e-08
1.65677e-10
1.60519e-08
1.6578e-10
1.59945e-08
1.6588e-10
1.59369e-08
1.65975e-10
1.58791e-08
1.66066e-10
1.5821e-08
1.66153e-10
1.57626e-08
1.66237e-10
1.5704e-08
1.66317e-10
1.56451e-08
1.66393e-10
1.5586e-08
1.66467e-10
1.55267e-08
1.66538e-10
1.54671e-08
1.66606e-10
1.54073e-08
1.66672e-10
1.53473e-08
1.66736e-10
1.52871e-08
1.66799e-10
1.52266e-08
1.66861e-10
1.51659e-08
1.66923e-10
1.5105e-08
1.66984e-10
1.50439e-08
1.67046e-10
1.49826e-08
1.67109e-10
1.49211e-08
1.67174e-10
1.48593e-08
1.6724e-10
1.47974e-08
1.67309e-10
1.47353e-08
1.67381e-10
1.46729e-08
1.67456e-10
1.46103e-08
1.67533e-10
1.45476e-08
1.67614e-10
1.44846e-08
1.67698e-10
1.44214e-08
1.67784e-10
1.4358e-08
1.67872e-10
1.42944e-08
1.67962e-10
1.42306e-08
1.68052e-10
1.41666e-08
1.6814e-10
1.41024e-08
1.68225e-10
1.4038e-08
1.68306e-10
1.39734e-08
1.68379e-10
1.39086e-08
1.68441e-10
1.38437e-08
1.68491e-10
1.37786e-08
1.68523e-10
1.37133e-08
1.68536e-10
1.36479e-08
1.68524e-10
1.35824e-08
1.68484e-10
1.35167e-08
1.68412e-10
1.3451e-08
1.68304e-10
1.33853e-08
1.68156e-10
1.33195e-08
1.67966e-10
1.32538e-08
1.67732e-10
1.31881e-08
1.67451e-10
1.31224e-08
1.67125e-10
1.30569e-08
1.66756e-10
1.29915e-08
1.66346e-10
1.29263e-08
1.65902e-10
1.28612e-08
1.65435e-10
1.27964e-08
1.64955e-10
1.27319e-08
1.64481e-10
1.26675e-08
1.64032e-10
1.26035e-08
1.63633e-10
1.25396e-08
1.63316e-10
1.24759e-08
1.63116e-10
1.24124e-08
1.63074e-10
1.23488e-08
1.63235e-10
1.22852e-08
1.63653e-10
1.22214e-08
1.64382e-10
1.21571e-08
1.65483e-10
1.20921e-08
1.67017e-10
1.20262e-08
1.69047e-10
1.1959e-08
1.71634e-10
1.18901e-08
1.74832e-10
1.1819e-08
1.78685e-10
1.17452e-08
1.83221e-10
1.16681e-08
1.88446e-10
1.15868e-08
1.94332e-10
1.15007e-08
2.00806e-10
1.14087e-08
2.0774e-10
1.13097e-08
2.14927e-10
1.12024e-08
2.22063e-10
1.10854e-08
2.28722e-10
1.09567e-08
2.34324e-10
1.08143e-08
2.38096e-10
1.06553e-08
2.3903e-10
1.04763e-08
2.3583e-10
1.02727e-08
2.26853e-10
1.00387e-08
2.1003e-10
9.76631e-09
1.82789e-10
9.44479e-09
1.41947e-10
9.05951e-09
8.35151e-11
8.59051e-09
2.47503e-12
8.01092e-09
-1.07477e-10
7.28391e-09
-2.53499e-10
6.35873e-09
-4.41567e-10
5.16545e-09
-6.67602e-10
3.61459e-09
-8.90798e-10
1.6782e-09
-9.66349e-10
-6.02597e-10
1.00873e-09
-6.93598e-10
-1.08902e-09
8.26911e-10
-8.09777e-10
6.5428e-10
-8.8662e-10
5.27267e-10
-9.29719e-10
4.49883e-10
-9.49168e-10
4.17034e-10
-9.52717e-10
4.21713e-10
-9.45709e-10
4.56987e-10
-9.31907e-10
5.16849e-10
-9.13917e-10
5.96472e-10
-8.93474e-10
6.92067e-10
-8.71726e-10
8.00661e-10
-8.4943e-10
9.199e-10
-8.27079e-10
1.04791e-09
-8.04986e-10
1.18319e-09
-7.83347e-10
1.32453e-09
-7.62281e-10
1.47094e-09
-7.4185e-10
1.62158e-09
-7.22083e-10
1.77579e-09
-7.02985e-10
1.93299e-09
-6.84548e-10
2.0927e-09
-6.66752e-10
2.25451e-09
-6.49575e-10
2.41807e-09
-6.32989e-10
2.58307e-09
-6.16967e-10
2.74926e-09
-6.01478e-10
2.91642e-09
-5.86496e-10
3.08433e-09
-5.71993e-10
3.25284e-09
-5.57943e-10
3.42177e-09
-5.44321e-10
3.59099e-09
-5.31104e-10
3.76038e-09
-5.18269e-10
3.92983e-09
-5.05795e-10
4.09924e-09
-4.93663e-10
4.26853e-09
-4.81855e-10
4.4376e-09
-4.70354e-10
4.60639e-09
-4.59144e-10
4.77484e-09
-4.48213e-10
4.94288e-09
-4.37547e-10
5.11044e-09
-4.27135e-10
5.27749e-09
-4.1697e-10
5.44397e-09
-4.07042e-10
5.60983e-09
-3.97348e-10
5.77504e-09
-3.87882e-10
5.93955e-09
-3.78643e-10
6.10334e-09
-3.69626e-10
6.26637e-09
-3.60823e-10
6.42867e-09
-3.52216e-10
6.59024e-09
-3.43781e-10
6.75107e-09
-3.35498e-10
6.91115e-09
-3.27352e-10
7.07043e-09
-3.19335e-10
7.22889e-09
-3.1144e-10
7.3865e-09
-3.03664e-10
7.54323e-09
-2.96002e-10
7.69904e-09
-2.88453e-10
7.85389e-09
-2.81012e-10
8.00777e-09
-2.73678e-10
8.16064e-09
-2.6645e-10
8.31248e-09
-2.59324e-10
8.46326e-09
-2.523e-10
8.61295e-09
-2.45376e-10
8.76153e-09
-2.38549e-10
8.90898e-09
-2.31818e-10
9.05528e-09
-2.25181e-10
9.2004e-09
-2.18636e-10
9.34433e-09
-2.12183e-10
9.48705e-09
-2.05819e-10
9.62853e-09
-1.99543e-10
9.76877e-09
-1.93353e-10
9.90774e-09
-1.87249e-10
1.00454e-08
-1.81227e-10
1.01818e-08
-1.75288e-10
1.03169e-08
-1.6943e-10
1.04507e-08
-1.63652e-10
1.05831e-08
-1.57952e-10
1.07142e-08
-1.52329e-10
1.08439e-08
-1.46783e-10
1.09722e-08
-1.41311e-10
1.10992e-08
-1.35915e-10
1.12247e-08
-1.30591e-10
1.13489e-08
-1.2534e-10
1.14717e-08
-1.2016e-10
1.1593e-08
-1.15051e-10
1.17129e-08
-1.10012e-10
1.18315e-08
-1.05042e-10
1.19485e-08
-1.00139e-10
1.20642e-08
-9.53036e-11
1.21784e-08
-9.05337e-11
1.22912e-08
-8.58283e-11
1.24026e-08
-8.11865e-11
1.25125e-08
-7.66072e-11
1.2621e-08
-7.20895e-11
1.2728e-08
-6.76323e-11
1.28336e-08
-6.32349e-11
1.29377e-08
-5.88962e-11
1.30404e-08
-5.46155e-11
1.31417e-08
-5.03919e-11
1.32414e-08
-4.62247e-11
1.33398e-08
-4.21131e-11
1.34366e-08
-3.80564e-11
1.3532e-08
-3.40538e-11
1.3626e-08
-3.01047e-11
1.37185e-08
-2.62085e-11
1.38095e-08
-2.23644e-11
1.38991e-08
-1.85719e-11
1.39872e-08
-1.48305e-11
1.40739e-08
-1.11396e-11
1.41591e-08
-7.49896e-12
1.42428e-08
-3.90813e-12
1.43252e-08
-3.66846e-13
1.4406e-08
3.12604e-12
1.44855e-08
6.57234e-12
1.45635e-08
9.97308e-12
1.464e-08
1.33289e-11
1.47151e-08
1.66402e-11
1.47888e-08
1.99076e-11
1.48611e-08
2.31315e-11
1.49319e-08
2.63124e-11
1.50013e-08
2.94507e-11
1.50693e-08
3.25469e-11
1.51359e-08
3.56015e-11
1.52011e-08
3.86148e-11
1.52649e-08
4.15874e-11
1.53273e-08
4.45196e-11
1.53883e-08
4.7412e-11
1.54479e-08
5.0265e-11
1.55061e-08
5.30789e-11
1.5563e-08
5.58543e-11
1.56185e-08
5.85917e-11
1.56726e-08
6.12914e-11
1.57254e-08
6.39539e-11
1.57768e-08
6.65797e-11
1.58269e-08
6.91693e-11
1.58757e-08
7.17227e-11
1.59231e-08
7.42406e-11
1.59693e-08
7.67235e-11
1.60141e-08
7.91718e-11
1.60577e-08
8.15861e-11
1.60999e-08
8.39669e-11
1.61409e-08
8.63146e-11
1.61806e-08
8.86296e-11
1.6219e-08
9.09124e-11
1.62562e-08
9.31634e-11
1.62922e-08
9.53831e-11
1.63269e-08
9.75718e-11
1.63603e-08
9.97299e-11
1.63926e-08
1.01858e-10
1.64236e-08
1.03956e-10
1.64535e-08
1.06025e-10
1.64821e-08
1.08065e-10
1.65096e-08
1.10076e-10
1.65359e-08
1.1206e-10
1.6561e-08
1.14015e-10
1.65849e-08
1.15943e-10
1.66077e-08
1.17844e-10
1.66294e-08
1.19718e-10
1.66499e-08
1.21566e-10
1.66694e-08
1.23388e-10
1.66877e-08
1.25184e-10
1.67049e-08
1.26955e-10
1.6721e-08
1.28701e-10
1.6736e-08
1.30423e-10
1.675e-08
1.3212e-10
1.67629e-08
1.33794e-10
1.67747e-08
1.35443e-10
1.67855e-08
1.3707e-10
1.67952e-08
1.38674e-10
1.6804e-08
1.40255e-10
1.68116e-08
1.41814e-10
1.68183e-08
1.43351e-10
1.6824e-08
1.44866e-10
1.68287e-08
1.4636e-10
1.68324e-08
1.47833e-10
1.68352e-08
1.49285e-10
1.68369e-08
1.50717e-10
1.68377e-08
1.52128e-10
1.68376e-08
1.53519e-10
1.68365e-08
1.54891e-10
1.68345e-08
1.56243e-10
1.68316e-08
1.57577e-10
1.68278e-08
1.58891e-10
1.6823e-08
1.60187e-10
1.68174e-08
1.61464e-10
1.68109e-08
1.62723e-10
1.68035e-08
1.63965e-10
1.67952e-08
1.65189e-10
1.67861e-08
1.66395e-10
1.67761e-08
1.67584e-10
1.67653e-08
1.68757e-10
1.67537e-08
1.69913e-10
1.67412e-08
1.71052e-10
1.67279e-08
1.72176e-10
1.67138e-08
1.73283e-10
1.66989e-08
1.74375e-10
1.66832e-08
1.75451e-10
1.66667e-08
1.76512e-10
1.66494e-08
1.77557e-10
1.66314e-08
1.78588e-10
1.66126e-08
1.79605e-10
1.65931e-08
1.80607e-10
1.65728e-08
1.81594e-10
1.65517e-08
1.82568e-10
1.653e-08
1.83527e-10
1.65075e-08
1.84473e-10
1.64843e-08
1.85406e-10
1.64604e-08
1.86325e-10
1.64358e-08
1.87231e-10
1.64105e-08
1.88124e-10
1.63845e-08
1.89004e-10
1.63578e-08
1.89871e-10
1.63305e-08
1.90726e-10
1.63025e-08
1.91568e-10
1.62738e-08
1.92398e-10
1.62445e-08
1.93215e-10
1.62146e-08
1.94021e-10
1.6184e-08
1.94814e-10
1.61528e-08
1.95595e-10
1.6121e-08
1.96364e-10
1.60886e-08
1.97121e-10
1.60555e-08
1.97867e-10
1.60219e-08
1.986e-10
1.59877e-08
1.99322e-10
1.59528e-08
2.00032e-10
1.59175e-08
2.0073e-10
1.58815e-08
2.01417e-10
1.5845e-08
2.02092e-10
1.58079e-08
2.02755e-10
1.57703e-08
2.03407e-10
1.57321e-08
2.04047e-10
1.56934e-08
2.04677e-10
1.56542e-08
2.05295e-10
1.56144e-08
2.05902e-10
1.55742e-08
2.06499e-10
1.55334e-08
2.07086e-10
1.54921e-08
2.07662e-10
1.54504e-08
2.08229e-10
1.54081e-08
2.08788e-10
1.53654e-08
2.09338e-10
1.53222e-08
2.0988e-10
1.52785e-08
2.10415e-10
1.52343e-08
2.10944e-10
1.51897e-08
2.11468e-10
1.51447e-08
2.11987e-10
1.50992e-08
2.12503e-10
1.50532e-08
2.13017e-10
1.50068e-08
2.1353e-10
1.49599e-08
2.14042e-10
1.49126e-08
2.14555e-10
1.48648e-08
2.1507e-10
1.48166e-08
2.15588e-10
1.4768e-08
2.1611e-10
1.47189e-08
2.16636e-10
1.46693e-08
2.17166e-10
1.46193e-08
2.17702e-10
1.45688e-08
2.18241e-10
1.45179e-08
2.18784e-10
1.44666e-08
2.1933e-10
1.44147e-08
2.19877e-10
1.43625e-08
2.20423e-10
1.43097e-08
2.20964e-10
1.42565e-08
2.21497e-10
1.42029e-08
2.22018e-10
1.41488e-08
2.2252e-10
1.40943e-08
2.22999e-10
1.40394e-08
2.23448e-10
1.3984e-08
2.23858e-10
1.39284e-08
2.24221e-10
1.38723e-08
2.24529e-10
1.38159e-08
2.24772e-10
1.37593e-08
2.2494e-10
1.37024e-08
2.25025e-10
1.36454e-08
2.25017e-10
1.35882e-08
2.24908e-10
1.3531e-08
2.24691e-10
1.34737e-08
2.2436e-10
1.34166e-08
2.23914e-10
1.33596e-08
2.23352e-10
1.33028e-08
2.2268e-10
1.32463e-08
2.21907e-10
1.31902e-08
2.21049e-10
1.31346e-08
2.20128e-10
1.30794e-08
2.19174e-10
1.30249e-08
2.18228e-10
1.29708e-08
2.17339e-10
1.29174e-08
2.16568e-10
1.28645e-08
2.1599e-10
1.2812e-08
2.15691e-10
1.27599e-08
2.15772e-10
1.27079e-08
2.16349e-10
1.26559e-08
2.17551e-10
1.26033e-08
2.19523e-10
1.255e-08
2.22423e-10
1.24952e-08
2.26422e-10
1.24383e-08
2.31704e-10
1.23785e-08
2.38457e-10
1.23149e-08
2.46879e-10
1.22462e-08
2.57165e-10
1.2171e-08
2.69509e-10
1.20877e-08
2.84093e-10
1.19944e-08
3.01081e-10
1.18887e-08
3.20611e-10
1.1768e-08
3.42785e-10
1.1629e-08
3.67659e-10
1.14681e-08
3.9523e-10
1.12808e-08
4.25427e-10
1.10617e-08
4.58101e-10
1.08045e-08
4.93007e-10
1.05016e-08
5.298e-10
1.01436e-08
5.68009e-10
9.71937e-09
6.07006e-10
9.2154e-09
6.459e-10
8.61562e-09
6.83301e-10
7.90131e-09
7.16769e-10
7.0522e-09
7.41626e-10
6.04857e-09
7.50128e-10
4.87667e-09
7.30327e-10
3.54173e-09
6.67328e-10
2.10129e-09
5.49633e-10
7.55481e-10
3.79456e-10
1.52883e-10
5.5081e-10
-6.28837e-10
-6.15571e-10
4.44261e-10
-7.03229e-10
3.20573e-10
-7.62932e-10
1.97906e-10
-8.07051e-10
8.61906e-11
-8.37452e-10
-9.83704e-12
-8.5669e-10
-8.83782e-11
-8.67168e-10
-1.49374e-10
-8.70911e-10
-1.93733e-10
-8.69558e-10
-2.22789e-10
-8.64417e-10
-2.38018e-10
-8.56498e-10
-2.40875e-10
-8.46574e-10
-2.32723e-10
-8.3523e-10
-2.14798e-10
-8.22911e-10
-1.88198e-10
-8.09947e-10
-1.5389e-10
-7.96588e-10
-1.1272e-10
-7.8302e-10
-6.5422e-11
-7.6938e-10
-1.26379e-11
-7.55769e-10
4.50764e-11
-7.42262e-10
1.07236e-10
-7.28912e-10
1.73414e-10
-7.15753e-10
2.43236e-10
-7.02812e-10
3.16375e-10
-6.90105e-10
3.92538e-10
-6.77641e-10
4.71467e-10
-6.65426e-10
5.52934e-10
-6.53459e-10
6.36731e-10
-6.4174e-10
7.22674e-10
-6.30265e-10
8.10598e-10
-6.19027e-10
9.00351e-10
-6.08022e-10
9.91797e-10
-5.97241e-10
1.08481e-09
-5.86678e-10
1.17928e-09
-5.76326e-10
1.27511e-09
-5.66177e-10
1.37219e-09
-5.56225e-10
1.47044e-09
-5.46462e-10
1.56978e-09
-5.36884e-10
1.67013e-09
-5.27485e-10
1.77142e-09
-5.18261e-10
1.87358e-09
-5.09208e-10
1.97656e-09
-5.00323e-10
2.08028e-09
-4.91604e-10
2.18468e-09
-4.83047e-10
2.28971e-09
-4.74649e-10
2.39529e-09
-4.66404e-10
2.50137e-09
-4.58302e-10
2.60793e-09
-4.50333e-10
2.71491e-09
-4.42485e-10
2.82231e-09
-4.34749e-10
2.93009e-09
-4.27117e-10
3.03824e-09
-4.19584e-10
3.14671e-09
-4.12143e-10
3.2555e-09
-4.04789e-10
3.36457e-09
-3.97519e-10
3.47388e-09
-3.90328e-10
3.58342e-09
-3.83216e-10
3.69315e-09
-3.76178e-10
3.80304e-09
-3.69213e-10
3.91305e-09
-3.62318e-10
4.02317e-09
-3.55493e-10
4.13336e-09
-3.48736e-10
4.24359e-09
-3.42045e-10
4.35383e-09
-3.3542e-10
4.46405e-09
-3.28858e-10
4.57422e-09
-3.22358e-10
4.68432e-09
-3.15921e-10
4.79433e-09
-3.09544e-10
4.9042e-09
-3.03227e-10
5.01392e-09
-2.96968e-10
5.12346e-09
-2.90768e-10
5.23279e-09
-2.84625e-10
5.3419e-09
-2.78538e-10
5.45076e-09
-2.72507e-10
5.55934e-09
-2.6653e-10
5.66761e-09
-2.60608e-10
5.77557e-09
-2.5474e-10
5.88318e-09
-2.48925e-10
5.99043e-09
-2.43162e-10
6.09729e-09
-2.37451e-10
6.20375e-09
-2.31793e-10
6.30977e-09
-2.26186e-10
6.41535e-09
-2.2063e-10
6.52047e-09
-2.15127e-10
6.6251e-09
-2.09676e-10
6.72924e-09
-2.04276e-10
6.83286e-09
-1.98926e-10
6.93595e-09
-1.93626e-10
7.0385e-09
-1.88375e-10
7.14048e-09
-1.83173e-10
7.2419e-09
-1.78019e-10
7.34272e-09
-1.72912e-10
7.44294e-09
-1.67851e-10
7.54254e-09
-1.62835e-10
7.64151e-09
-1.57865e-10
7.73983e-09
-1.5294e-10
7.8375e-09
-1.48059e-10
7.93449e-09
-1.43221e-10
8.03081e-09
-1.38426e-10
8.12642e-09
-1.33674e-10
8.22134e-09
-1.28964e-10
8.31553e-09
-1.24296e-10
8.40899e-09
-1.19669e-10
8.5017e-09
-1.15083e-10
8.59367e-09
-1.10537e-10
8.68487e-09
-1.06032e-10
8.7753e-09
-1.01566e-10
8.86494e-09
-9.71402e-11
8.95378e-09
-9.27536e-11
9.04182e-09
-8.84063e-11
9.12905e-09
-8.40987e-11
9.21545e-09
-7.98314e-11
9.30103e-09
-7.56038e-11
9.38577e-09
-7.14155e-11
9.46968e-09
-6.72659e-11
9.55274e-09
-6.31546e-11
9.63495e-09
-5.9081e-11
9.71631e-09
-5.50447e-11
9.79681e-09
-5.10453e-11
9.87644e-09
-4.70824e-11
9.95519e-09
-4.31556e-11
1.00331e-08
-3.92647e-11
1.01101e-08
-3.54092e-11
1.01862e-08
-3.15889e-11
1.02614e-08
-2.78034e-11
1.03357e-08
-2.40527e-11
1.04091e-08
-2.03364e-11
1.04816e-08
-1.66544e-11
1.05532e-08
-1.30065e-11
1.06239e-08
-9.39269e-12
1.06937e-08
-5.81278e-12
1.07625e-08
-2.26673e-12
1.08305e-08
1.24586e-12
1.08975e-08
4.72591e-12
1.09635e-08
8.17421e-12
1.10286e-08
1.15911e-11
1.10928e-08
1.49769e-11
1.11561e-08
1.83317e-11
1.12184e-08
2.16557e-11
1.12798e-08
2.49491e-11
1.13402e-08
2.8212e-11
1.13997e-08
3.14447e-11
1.14582e-08
3.46472e-11
1.15157e-08
3.78197e-11
1.15724e-08
4.09624e-11
1.1628e-08
4.40754e-11
1.16827e-08
4.71589e-11
1.17364e-08
5.02131e-11
1.17892e-08
5.32382e-11
1.18411e-08
5.62345e-11
1.18919e-08
5.92021e-11
1.19419e-08
6.21413e-11
1.19908e-08
6.50522e-11
1.20388e-08
6.7935e-11
1.20859e-08
7.07902e-11
1.2132e-08
7.36178e-11
1.21771e-08
7.6418e-11
1.22213e-08
7.91912e-11
1.22646e-08
8.19374e-11
1.23069e-08
8.46569e-11
1.23482e-08
8.735e-11
1.23886e-08
9.00168e-11
1.24281e-08
9.26575e-11
1.24666e-08
9.52723e-11
1.25042e-08
9.78615e-11
1.25408e-08
1.00425e-10
1.25765e-08
1.02964e-10
1.26113e-08
1.05477e-10
1.26452e-08
1.07965e-10
1.26781e-08
1.10429e-10
1.27101e-08
1.12868e-10
1.27412e-08
1.15283e-10
1.27713e-08
1.17674e-10
1.28006e-08
1.20041e-10
1.28289e-08
1.22384e-10
1.28563e-08
1.24703e-10
1.28829e-08
1.26999e-10
1.29085e-08
1.29272e-10
1.29332e-08
1.31522e-10
1.2957e-08
1.33749e-10
1.298e-08
1.35953e-10
1.3002e-08
1.38135e-10
1.30232e-08
1.40295e-10
1.30435e-08
1.42433e-10
1.30629e-08
1.44548e-10
1.30814e-08
1.46642e-10
1.30991e-08
1.48715e-10
1.31159e-08
1.50766e-10
1.31319e-08
1.52795e-10
1.3147e-08
1.54804e-10
1.31613e-08
1.56792e-10
1.31747e-08
1.5876e-10
1.31873e-08
1.60707e-10
1.3199e-08
1.62633e-10
1.32099e-08
1.6454e-10
1.322e-08
1.66427e-10
1.32293e-08
1.68294e-10
1.32377e-08
1.70141e-10
1.32453e-08
1.71969e-10
1.32522e-08
1.73778e-10
1.32582e-08
1.75568e-10
1.32634e-08
1.77339e-10
1.32679e-08
1.79092e-10
1.32715e-08
1.80825e-10
1.32744e-08
1.82541e-10
1.32765e-08
1.84238e-10
1.32778e-08
1.85917e-10
1.32783e-08
1.87579e-10
1.32781e-08
1.89222e-10
1.32771e-08
1.90847e-10
1.32754e-08
1.92455e-10
1.32729e-08
1.94045e-10
1.32697e-08
1.95618e-10
1.32657e-08
1.97173e-10
1.3261e-08
1.9871e-10
1.32556e-08
2.0023e-10
1.32495e-08
2.01733e-10
1.32426e-08
2.03218e-10
1.32351e-08
2.04685e-10
1.32268e-08
2.06135e-10
1.32178e-08
2.07566e-10
1.32082e-08
2.08981e-10
1.31978e-08
2.10377e-10
1.31868e-08
2.11755e-10
1.31751e-08
2.13115e-10
1.31627e-08
2.14457e-10
1.31497e-08
2.15781e-10
1.3136e-08
2.17087e-10
1.31217e-08
2.18375e-10
1.31067e-08
2.19644e-10
1.30911e-08
2.20896e-10
1.30749e-08
2.22131e-10
1.30581e-08
2.23348e-10
1.30406e-08
2.24548e-10
1.30225e-08
2.25732e-10
1.30039e-08
2.269e-10
1.29846e-08
2.28053e-10
1.29647e-08
2.29193e-10
1.29443e-08
2.30319e-10
1.29233e-08
2.31434e-10
1.29017e-08
2.32539e-10
1.28795e-08
2.33636e-10
1.28568e-08
2.34725e-10
1.28335e-08
2.3581e-10
1.28096e-08
2.36892e-10
1.27852e-08
2.37973e-10
1.27601e-08
2.39056e-10
1.27346e-08
2.40142e-10
1.27084e-08
2.41234e-10
1.26817e-08
2.42334e-10
1.26543e-08
2.43443e-10
1.26264e-08
2.44564e-10
1.25979e-08
2.45698e-10
1.25687e-08
2.46845e-10
1.2539e-08
2.48006e-10
1.25086e-08
2.4918e-10
1.24775e-08
2.50366e-10
1.24458e-08
2.51561e-10
1.24135e-08
2.52763e-10
1.23805e-08
2.53965e-10
1.23468e-08
2.55163e-10
1.23125e-08
2.56348e-10
1.22775e-08
2.57511e-10
1.22419e-08
2.58641e-10
1.22056e-08
2.59724e-10
1.21687e-08
2.60747e-10
1.21312e-08
2.61692e-10
1.20932e-08
2.62541e-10
1.20547e-08
2.63276e-10
1.20158e-08
2.63874e-10
1.19765e-08
2.64315e-10
1.19369e-08
2.64576e-10
1.18972e-08
2.64637e-10
1.18574e-08
2.64476e-10
1.18177e-08
2.64076e-10
1.17782e-08
2.63422e-10
1.1739e-08
2.62502e-10
1.17004e-08
2.61313e-10
1.16625e-08
2.59858e-10
1.16254e-08
2.5815e-10
1.15893e-08
2.56213e-10
1.15544e-08
2.54085e-10
1.15208e-08
2.5182e-10
1.14886e-08
2.49492e-10
1.1458e-08
2.47194e-10
1.14289e-08
2.45044e-10
1.14014e-08
2.43186e-10
1.13754e-08
2.41792e-10
1.13507e-08
2.41066e-10
1.1327e-08
2.41242e-10
1.13039e-08
2.4259e-10
1.1281e-08
2.45417e-10
1.12573e-08
2.50065e-10
1.12321e-08
2.56912e-10
1.12042e-08
2.66376e-10
1.11722e-08
2.7891e-10
1.11343e-08
2.95003e-10
1.10886e-08
3.15181e-10
1.10327e-08
3.4e-10
1.09638e-08
3.70052e-10
1.08784e-08
4.05959e-10
1.07728e-08
4.48371e-10
1.06425e-08
4.97969e-10
1.04823e-08
5.55459e-10
1.02862e-08
6.21574e-10
1.00472e-08
6.97066e-10
9.75751e-09
7.82691e-10
9.40815e-09
8.79167e-10
8.98907e-09
9.87088e-10
8.48936e-09
1.10672e-09
7.89767e-09
1.23759e-09
7.20329e-09
1.37769e-09
6.39808e-09
1.52198e-09
5.47958e-09
1.66013e-09
4.45636e-09
1.77336e-09
3.35533e-09
1.83135e-09
2.23169e-09
1.79098e-09
1.18236e-09
1.59897e-09
3.64566e-10
1.19725e-09
5.17449e-10
1.44437e-10
-5.54458e-10
-2.18816e-10
4.78042e-11
-6.06596e-10
-6.28848e-11
-6.52243e-10
-1.79608e-10
-6.90328e-10
-2.96227e-10
-7.20833e-10
-4.08593e-10
-7.44323e-10
-5.14142e-10
-7.6162e-10
-6.11437e-10
-7.73616e-10
-6.99818e-10
-7.81177e-10
-7.79148e-10
-7.85087e-10
-8.49612e-10
-7.86034e-10
-9.11584e-10
-7.84601e-10
-9.6554e-10
-7.81275e-10
-1.01199e-09
-7.76456e-10
-1.05147e-09
-7.70472e-10
-1.08447e-09
-7.63588e-10
-1.11147e-09
-7.56016e-10
-1.13293e-09
-7.47929e-10
-1.14923e-09
-7.39463e-10
-1.16077e-09
-7.30727e-10
-1.16787e-09
-7.21808e-10
-1.17085e-09
-7.12773e-10
-1.16998e-09
-7.03678e-10
-1.16553e-09
-6.94564e-10
-1.1577e-09
-6.85465e-10
-1.14672e-09
-6.76406e-10
-1.13278e-09
-6.67406e-10
-1.11603e-09
-6.58481e-10
-1.09666e-09
-6.49643e-10
-1.07479e-09
-6.40898e-10
-1.05055e-09
-6.32253e-10
-1.02408e-09
-6.23712e-10
-9.95483e-10
-6.15278e-10
-9.64858e-10
-6.06951e-10
-9.32303e-10
-5.98732e-10
-8.97905e-10
-5.90622e-10
-8.61747e-10
-5.8262e-10
-8.23904e-10
-5.74727e-10
-7.84449e-10
-5.66941e-10
-7.43448e-10
-5.59262e-10
-7.00965e-10
-5.51691e-10
-6.57063e-10
-5.44226e-10
-6.11799e-10
-5.36867e-10
-5.65232e-10
-5.29614e-10
-5.17417e-10
-5.22464e-10
-4.68407e-10
-5.15414e-10
-4.18249e-10
-5.0846e-10
-3.66987e-10
-5.01595e-10
-3.14657e-10
-4.94814e-10
-2.61294e-10
-4.88112e-10
-2.0693e-10
-4.81482e-10
-1.51595e-10
-4.74919e-10
-9.53178e-11
-4.6842e-10
-3.81267e-11
-4.6198e-10
1.99507e-11
-4.55596e-10
7.88877e-11
-4.49265e-10
1.38658e-10
-4.42985e-10
1.99234e-10
-4.36754e-10
2.60589e-10
-4.30568e-10
3.22698e-10
-4.24427e-10
3.85533e-10
-4.18329e-10
4.49069e-10
-4.12273e-10
5.13281e-10
-4.06257e-10
5.78142e-10
-4.00281e-10
6.43627e-10
-3.94343e-10
7.09712e-10
-3.88443e-10
7.7637e-10
-3.82579e-10
8.43579e-10
-3.76752e-10
9.11313e-10
-3.70961e-10
9.79549e-10
-3.65204e-10
1.04826e-09
-3.59482e-10
1.11743e-09
-3.53793e-10
1.18703e-09
-3.48138e-10
1.25704e-09
-3.42516e-10
1.32744e-09
-3.36926e-10
1.3982e-09
-3.31368e-10
1.4693e-09
-3.25843e-10
1.54072e-09
-3.20349e-10
1.61245e-09
-3.14887e-10
1.68445e-09
-3.09456e-10
1.75672e-09
-3.04056e-10
1.82922e-09
-2.98688e-10
1.90194e-09
-2.93352e-10
1.97486e-09
-2.88048e-10
2.04796e-09
-2.82775e-10
2.12122e-09
-2.77534e-10
2.19462e-09
-2.72325e-10
2.26814e-09
-2.67147e-10
2.34176e-09
-2.62e-10
2.41547e-09
-2.56884e-10
2.48925e-09
-2.51799e-10
2.56308e-09
-2.46743e-10
2.63695e-09
-2.41718e-10
2.71084e-09
-2.36722e-10
2.78473e-09
-2.31756e-10
2.85861e-09
-2.26818e-10
2.93246e-09
-2.21909e-10
3.00627e-09
-2.17028e-10
3.08001e-09
-2.12176e-10
3.15369e-09
-2.07351e-10
3.22728e-09
-2.02553e-10
3.30077e-09
-1.97783e-10
3.37414e-09
-1.93039e-10
3.44738e-09
-1.88323e-10
3.52047e-09
-1.83633e-10
3.59341e-09
-1.7897e-10
3.66618e-09
-1.74333e-10
3.73876e-09
-1.69722e-10
3.81114e-09
-1.65137e-10
3.88332e-09
-1.60579e-10
3.95527e-09
-1.56049e-10
4.02698e-09
-1.51545e-10
4.09845e-09
-1.47069e-10
4.16965e-09
-1.42622e-10
4.24059e-09
-1.38202e-10
4.31124e-09
-1.33809e-10
4.3816e-09
-1.29444e-10
4.45166e-09
-1.25105e-10
4.52141e-09
-1.20793e-10
4.59084e-09
-1.16508e-10
4.65993e-09
-1.12249e-10
4.72868e-09
-1.08015e-10
4.79708e-09
-1.03808e-10
4.86512e-09
-9.96256e-11
4.93278e-09
-9.54689e-11
5.00007e-09
-9.13374e-11
5.06696e-09
-8.72311e-11
5.13346e-09
-8.31501e-11
5.19954e-09
-7.90943e-11
5.26522e-09
-7.50635e-11
5.33046e-09
-7.10577e-11
5.39527e-09
-6.7077e-11
5.45964e-09
-6.31213e-11
5.52355e-09
-5.91909e-11
5.58701e-09
-5.52859e-11
5.65001e-09
-5.14061e-11
5.71254e-09
-4.75513e-11
5.77459e-09
-4.37213e-11
5.83616e-09
-3.99159e-11
5.89725e-09
-3.6135e-11
5.95784e-09
-3.23784e-11
6.01793e-09
-2.8646e-11
6.07751e-09
-2.49378e-11
6.13659e-09
-2.12537e-11
6.19514e-09
-1.75936e-11
6.25318e-09
-1.39576e-11
6.31068e-09
-1.03457e-11
6.36765e-09
-6.75781e-12
6.42408e-09
-3.19403e-12
6.47997e-09
3.45817e-13
6.53531e-09
3.86223e-12
6.5901e-09
7.35573e-12
6.64432e-09
1.08265e-11
6.69799e-09
1.42745e-11
6.75108e-09
1.76998e-11
6.80359e-09
2.11025e-11
6.85553e-09
2.44824e-11
6.90688e-09
2.78397e-11
6.95764e-09
3.11744e-11
7.00781e-09
3.44865e-11
7.05739e-09
3.77759e-11
7.10636e-09
4.10429e-11
7.15473e-09
4.42874e-11
7.20249e-09
4.75095e-11
7.24964e-09
5.07092e-11
7.29618e-09
5.38866e-11
7.3421e-09
5.70417e-11
7.38741e-09
6.01746e-11
7.43209e-09
6.32852e-11
7.47614e-09
6.63738e-11
7.51957e-09
6.94402e-11
7.56237e-09
7.24846e-11
7.60454e-09
7.5507e-11
7.64607e-09
7.85074e-11
7.68697e-09
8.14859e-11
7.72723e-09
8.44425e-11
7.76685e-09
8.73773e-11
7.80583e-09
9.02903e-11
7.84417e-09
9.31816e-11
7.88187e-09
9.60512e-11
7.91892e-09
9.88992e-11
7.95533e-09
1.01726e-10
7.9911e-09
1.04531e-10
8.02622e-09
1.07314e-10
8.06069e-09
1.10076e-10
8.09451e-09
1.12817e-10
8.12769e-09
1.15537e-10
8.16022e-09
1.18236e-10
8.1921e-09
1.20914e-10
8.22333e-09
1.2357e-10
8.25392e-09
1.26206e-10
8.28386e-09
1.28822e-10
8.31315e-09
1.31416e-10
8.34179e-09
1.3399e-10
8.36979e-09
1.36544e-10
8.39714e-09
1.39077e-10
8.42384e-09
1.4159e-10
8.4499e-09
1.44083e-10
8.47531e-09
1.46556e-10
8.50008e-09
1.4901e-10
8.5242e-09
1.51443e-10
8.54769e-09
1.53856e-10
8.57053e-09
1.5625e-10
8.59273e-09
1.58625e-10
8.61429e-09
1.6098e-10
8.63521e-09
1.63315e-10
8.6555e-09
1.65632e-10
8.67515e-09
1.67928e-10
8.69416e-09
1.70206e-10
8.71255e-09
1.72464e-10
8.7303e-09
1.74703e-10
8.74742e-09
1.76922e-10
8.76392e-09
1.79122e-10
8.77979e-09
1.81302e-10
8.79504e-09
1.83463e-10
8.80966e-09
1.85603e-10
8.82367e-09
1.87723e-10
8.83707e-09
1.89823e-10
8.84985e-09
1.91902e-10
8.86203e-09
1.93961e-10
8.87359e-09
1.95998e-10
8.88456e-09
1.98013e-10
8.89493e-09
2.00007e-10
8.90471e-09
2.01978e-10
8.9139e-09
2.03927e-10
8.9225e-09
2.05853e-10
8.93053e-09
2.07756e-10
8.93798e-09
2.09636e-10
8.94486e-09
2.11493e-10
8.95118e-09
2.13326e-10
8.95694e-09
2.15136e-10
8.96214e-09
2.16923e-10
8.9668e-09
2.18688e-10
8.97092e-09
2.2043e-10
8.9745e-09
2.22152e-10
8.97755e-09
2.23853e-10
8.98007e-09
2.25536e-10
8.98206e-09
2.27201e-10
8.98353e-09
2.28851e-10
8.98447e-09
2.30488e-10
8.9849e-09
2.32114e-10
8.9848e-09
2.33733e-10
8.98418e-09
2.35346e-10
8.98303e-09
2.36959e-10
8.98135e-09
2.38574e-10
8.97913e-09
2.40195e-10
8.97635e-09
2.41827e-10
8.97302e-09
2.43474e-10
8.96912e-09
2.45139e-10
8.96462e-09
2.46828e-10
8.95952e-09
2.48543e-10
8.9538e-09
2.50289e-10
8.94743e-09
2.52067e-10
8.94039e-09
2.5388e-10
8.93267e-09
2.5573e-10
8.92423e-09
2.57615e-10
8.91507e-09
2.59534e-10
8.90514e-09
2.61484e-10
8.89445e-09
2.63459e-10
8.88296e-09
2.65451e-10
8.87068e-09
2.67449e-10
8.85758e-09
2.6944e-10
8.84369e-09
2.71407e-10
8.829e-09
2.7333e-10
8.81354e-09
2.75185e-10
8.79734e-09
2.76945e-10
8.78045e-09
2.78579e-10
8.76294e-09
2.80052e-10
8.74489e-09
2.81327e-10
8.7264e-09
2.82361e-10
8.70761e-09
2.83113e-10
8.68864e-09
2.83538e-10
8.66969e-09
2.83588e-10
8.65095e-09
2.83221e-10
8.63263e-09
2.82392e-10
8.61499e-09
2.81064e-10
8.59829e-09
2.79205e-10
8.58281e-09
2.7679e-10
8.56886e-09
2.7381e-10
8.55674e-09
2.70266e-10
8.54678e-09
2.66183e-10
8.53926e-09
2.61604e-10
8.53447e-09
2.56602e-10
8.53268e-09
2.51281e-10
8.5341e-09
2.45779e-10
8.53887e-09
2.40276e-10
8.54706e-09
2.34996e-10
8.55864e-09
2.30213e-10
8.57345e-09
2.26255e-10
8.59118e-09
2.23505e-10
8.61137e-09
2.22411e-10
8.6333e-09
2.2348e-10
8.65608e-09
2.27289e-10
8.67851e-09
2.34482e-10
8.69911e-09
2.45771e-10
8.71608e-09
2.61943e-10
8.72722e-09
2.83858e-10
8.72995e-09
3.1245e-10
8.72123e-09
3.48727e-10
8.6975e-09
3.93777e-10
8.6547e-09
4.48764e-10
8.58814e-09
5.14931e-10
8.49251e-09
5.93595e-10
8.36183e-09
6.86142e-10
8.1894e-09
7.94005e-10
7.96784e-09
9.18626e-10
7.68917e-09
1.06136e-09
7.34503e-09
1.22332e-09
6.92708e-09
1.40503e-09
6.4279e-09
1.60592e-09
5.84222e-09
1.82327e-09
5.16919e-09
2.05073e-09
4.41516e-09
2.27601e-09
3.59732e-09
2.47797e-09
2.74697e-09
2.62371e-09
1.91121e-09
2.66711e-09
1.15134e-09
2.55085e-09
5.37051e-10
2.21326e-09
1.36989e-10
1.59732e-09
6.54439e-10
-2.0092e-10
-4.74159e-10
1.20622e-10
-2.95163e-10
-5.12353e-10
-4.00203e-10
-5.47202e-10
-5.12521e-10
-5.7801e-10
-6.28862e-10
-6.04493e-10
-7.4651e-10
-6.26674e-10
-8.63348e-10
-6.44782e-10
-9.77806e-10
-6.59158e-10
-1.08878e-09
-6.70204e-10
-1.19554e-09
-6.7833e-10
-1.29763e-09
-6.83937e-10
-1.39484e-09
-6.87395e-10
-1.48708e-09
-6.89036e-10
-1.57438e-09
-6.89154e-10
-1.65685e-09
-6.88005e-10
-1.73463e-09
-6.85808e-10
-1.8079e-09
-6.82747e-10
-1.87684e-09
-6.78982e-10
-1.94166e-09
-6.74643e-10
-2.00255e-09
-6.69841e-10
-2.05969e-09
-6.64668e-10
-2.11326e-09
-6.592e-10
-2.16344e-09
-6.535e-10
-2.21039e-09
-6.47621e-10
-2.25425e-09
-6.41605e-10
-2.29516e-09
-6.35488e-10
-2.33327e-09
-6.293e-10
-2.36869e-09
-6.23063e-10
-2.40153e-09
-6.16799e-10
-2.43191e-09
-6.10522e-10
-2.45991e-09
-6.04247e-10
-2.48564e-09
-5.97983e-10
-2.50918e-09
-5.9174e-10
-2.53061e-09
-5.85524e-10
-2.55e-09
-5.79342e-10
-2.56742e-09
-5.73199e-10
-2.58294e-09
-5.67098e-10
-2.59663e-09
-5.61043e-10
-2.60853e-09
-5.55038e-10
-2.61871e-09
-5.49084e-10
-2.62721e-09
-5.43184e-10
-2.6341e-09
-5.3734e-10
-2.63942e-09
-5.31552e-10
-2.64321e-09
-5.25821e-10
-2.64553e-09
-5.20148e-10
-2.64641e-09
-5.14531e-10
-2.6459e-09
-5.08968e-10
-2.64404e-09
-5.03458e-10
-2.64086e-09
-4.97997e-10
-2.63639e-09
-4.92582e-10
-2.63066e-09
-4.87211e-10
-2.62369e-09
-4.8188e-10
-2.61553e-09
-4.76587e-10
-2.60618e-09
-4.7133e-10
-2.59567e-09
-4.66104e-10
-2.58403e-09
-4.60909e-10
-2.57127e-09
-4.55743e-10
-2.55742e-09
-4.50603e-10
-2.5425e-09
-4.45488e-10
-2.52653e-09
-4.40397e-10
-2.50953e-09
-4.35328e-10
-2.49152e-09
-4.3028e-10
-2.47253e-09
-4.25253e-10
-2.45256e-09
-4.20245e-10
-2.43165e-09
-4.15256e-10
-2.40981e-09
-4.10284e-10
-2.38706e-09
-4.0533e-10
-2.36342e-09
-4.00393e-10
-2.3389e-09
-3.95472e-10
-2.31354e-09
-3.90567e-10
-2.28735e-09
-3.85678e-10
-2.26034e-09
-3.80803e-10
-2.23253e-09
-3.75944e-10
-2.20395e-09
-3.71099e-10
-2.1746e-09
-3.66269e-10
-2.14452e-09
-3.61453e-10
-2.11371e-09
-3.56652e-10
-2.08219e-09
-3.51865e-10
-2.04999e-09
-3.47092e-10
-2.01711e-09
-3.42333e-10
-1.98358e-09
-3.37589e-10
-1.94941e-09
-3.3286e-10
-1.91461e-09
-3.28146e-10
-1.87921e-09
-3.23447e-10
-1.84323e-09
-3.18763e-10
-1.80667e-09
-3.14094e-10
-1.76955e-09
-3.09441e-10
-1.73189e-09
-3.04803e-10
-1.69371e-09
-3.00181e-10
-1.65502e-09
-2.95574e-10
-1.61584e-09
-2.90982e-10
-1.57618e-09
-2.86406e-10
-1.53605e-09
-2.81845e-10
-1.49547e-09
-2.77298e-10
-1.45446e-09
-2.72767e-10
-1.41303e-09
-2.6825e-10
-1.37119e-09
-2.63748e-10
-1.32896e-09
-2.5926e-10
-1.28635e-09
-2.54786e-10
-1.24337e-09
-2.50327e-10
-1.20005e-09
-2.45881e-10
-1.15638e-09
-2.4145e-10
-1.11238e-09
-2.37033e-10
-1.06808e-09
-2.32629e-10
-1.02347e-09
-2.2824e-10
-9.78578e-10
-2.23864e-10
-9.33408e-10
-2.19502e-10
-8.87975e-10
-2.15155e-10
-8.42291e-10
-2.10821e-10
-7.96368e-10
-2.06503e-10
-7.50218e-10
-2.02199e-10
-7.03852e-10
-1.9791e-10
-6.57284e-10
-1.93638e-10
-6.10525e-10
-1.89381e-10
-5.63588e-10
-1.85139e-10
-5.16483e-10
-1.80914e-10
-4.69222e-10
-1.76705e-10
-4.21816e-10
-1.72511e-10
-3.74276e-10
-1.68333e-10
-3.26613e-10
-1.64171e-10
-2.78837e-10
-1.60024e-10
-2.30959e-10
-1.55893e-10
-1.82989e-10
-1.51778e-10
-1.34936e-10
-1.47678e-10
-8.68123e-11
-1.43593e-10
-3.86261e-11
-1.39524e-10
9.6125e-12
-1.3547e-10
5.78933e-11
-1.31431e-10
1.06206e-10
-1.27407e-10
1.54542e-10
-1.23399e-10
2.02892e-10
-1.19407e-10
2.51245e-10
-1.15431e-10
2.99595e-10
-1.11471e-10
3.47931e-10
-1.07527e-10
3.96245e-10
-1.036e-10
4.44528e-10
-9.96896e-11
4.92773e-10
-9.57961e-11
5.40971e-10
-9.19192e-11
5.89114e-10
-8.8059e-11
6.37194e-10
-8.42152e-11
6.85204e-10
-8.03879e-11
7.33135e-10
-7.6577e-11
7.80979e-10
-7.27826e-11
8.2873e-10
-6.90046e-11
8.7638e-10
-6.5243e-11
9.2392e-10
-6.1498e-11
9.71344e-10
-5.77696e-11
1.01864e-09
-5.40578e-11
1.06581e-09
-5.03627e-11
1.11284e-09
-4.66844e-11
1.15973e-09
-4.3023e-11
1.20646e-09
-3.93784e-11
1.25304e-09
-3.57508e-11
1.29945e-09
-3.21398e-11
1.3457e-09
-2.85454e-11
1.39177e-09
-2.49677e-11
1.43766e-09
-2.14066e-11
1.48336e-09
-1.78621e-11
1.52887e-09
-1.43342e-11
1.57418e-09
-1.08231e-11
1.61928e-09
-7.32855e-12
1.66418e-09
-3.85075e-12
1.70885e-09
-3.89628e-13
1.75331e-09
3.05494e-12
1.79753e-09
6.48306e-12
1.84153e-09
9.89469e-12
1.88528e-09
1.32897e-11
1.92878e-09
1.66681e-11
1.97204e-09
2.00298e-11
2.01504e-09
2.33746e-11
2.05778e-09
2.67024e-11
2.10025e-09
3.00132e-11
2.14245e-09
3.33069e-11
2.18437e-09
3.65835e-11
2.22602e-09
3.98427e-11
2.26737e-09
4.30847e-11
2.30844e-09
4.63091e-11
2.34922e-09
4.95161e-11
2.38969e-09
5.27055e-11
2.42987e-09
5.58773e-11
2.46973e-09
5.90313e-11
2.50929e-09
6.21677e-11
2.54854e-09
6.52863e-11
2.58746e-09
6.83871e-11
2.62607e-09
7.14701e-11
2.66435e-09
7.45353e-11
2.70231e-09
7.75827e-11
2.73993e-09
8.06122e-11
2.77722e-09
8.36238e-11
2.81417e-09
8.66177e-11
2.85078e-09
8.95937e-11
2.88705e-09
9.25518e-11
2.92298e-09
9.54922e-11
2.95855e-09
9.84149e-11
2.99378e-09
1.0132e-10
3.02865e-09
1.04207e-10
3.06316e-09
1.07077e-10
3.09732e-09
1.09929e-10
3.13111e-09
1.12763e-10
3.16454e-09
1.1558e-10
3.1976e-09
1.18379e-10
3.2303e-09
1.21161e-10
3.26263e-09
1.23925e-10
3.29458e-09
1.26671e-10
3.32616e-09
1.294e-10
3.35736e-09
1.32112e-10
3.38819e-09
1.34806e-10
3.41863e-09
1.37482e-10
3.4487e-09
1.4014e-10
3.47839e-09
1.42779e-10
3.50769e-09
1.45401e-10
3.53661e-09
1.48004e-10
3.56514e-09
1.50588e-10
3.59329e-09
1.53153e-10
3.62105e-09
1.55699e-10
3.64843e-09
1.58224e-10
3.67543e-09
1.60729e-10
3.70204e-09
1.63213e-10
3.72827e-09
1.65675e-10
3.75411e-09
1.68115e-10
3.77958e-09
1.70532e-10
3.80466e-09
1.72926e-10
3.82937e-09
1.75296e-10
3.85371e-09
1.77641e-10
3.87768e-09
1.79961e-10
3.90128e-09
1.82255e-10
3.92451e-09
1.84522e-10
3.94738e-09
1.86763e-10
3.9699e-09
1.88977e-10
3.99206e-09
1.91164e-10
4.01387e-09
1.93325e-10
4.03533e-09
1.95459e-10
4.05646e-09
1.97567e-10
4.07723e-09
1.99651e-10
4.09767e-09
2.01711e-10
4.11778e-09
2.0375e-10
4.13754e-09
2.0577e-10
4.15697e-09
2.07773e-10
4.17606e-09
2.09763e-10
4.1948e-09
2.11744e-10
4.2132e-09
2.13719e-10
4.23124e-09
2.15693e-10
4.24891e-09
2.17673e-10
4.26621e-09
2.19663e-10
4.28311e-09
2.2167e-10
4.29961e-09
2.23701e-10
4.31567e-09
2.25762e-10
4.33128e-09
2.2786e-10
4.34642e-09
2.30003e-10
4.36105e-09
2.32197e-10
4.37515e-09
2.34448e-10
4.38867e-09
2.36762e-10
4.4016e-09
2.39143e-10
4.41388e-09
2.41595e-10
4.4255e-09
2.44118e-10
4.4364e-09
2.46712e-10
4.44656e-09
2.49374e-10
4.45595e-09
2.52097e-10
4.46453e-09
2.54871e-10
4.4723e-09
2.57682e-10
4.47924e-09
2.6051e-10
4.48535e-09
2.63334e-10
4.49063e-09
2.66122e-10
4.49512e-09
2.68841e-10
4.49886e-09
2.71448e-10
4.50191e-09
2.73898e-10
4.50435e-09
2.76135e-10
4.5063e-09
2.78099e-10
4.50791e-09
2.79725e-10
4.50933e-09
2.80942e-10
4.51077e-09
2.81673e-10
4.51246e-09
2.8184e-10
4.51469e-09
2.81363e-10
4.51775e-09
2.80162e-10
4.52198e-09
2.7816e-10
4.52776e-09
2.75287e-10
4.53548e-09
2.71483e-10
4.54558e-09
2.667e-10
4.55847e-09
2.60912e-10
4.57463e-09
2.54113e-10
4.59448e-09
2.46328e-10
4.61847e-09
2.37619e-10
4.64698e-09
2.28088e-10
4.68038e-09
2.17886e-10
4.71894e-09
2.07221e-10
4.76285e-09
1.96362e-10
4.8122e-09
1.85648e-10
4.86692e-09
1.75492e-10
4.92678e-09
1.66389e-10
4.99137e-09
1.5892e-10
5.06002e-09
1.53755e-10
5.13184e-09
1.5166e-10
5.20564e-09
1.53495e-10
5.2799e-09
1.6022e-10
5.35277e-09
1.72896e-10
5.42203e-09
1.92684e-10
5.48504e-09
2.20852e-10
5.53872e-09
2.58771e-10
5.57953e-09
3.07913e-10
5.60345e-09
3.6985e-10
5.60598e-09
4.46246e-10
5.58206e-09
5.3884e-10
5.52624e-09
6.49426e-10
5.43257e-09
7.79804e-10
5.29488e-09
9.31701e-10
5.10688e-09
1.10662e-09
4.86263e-09
1.30561e-09
4.55708e-09
1.52887e-09
4.18705e-09
1.77507e-09
3.75248e-09
2.04047e-09
3.25829e-09
2.31747e-09
2.7162e-09
2.5928e-09
2.14677e-09
2.84545e-09
1.57996e-09
3.04477e-09
1.05364e-09
3.15004e-09
6.08176e-10
3.11258e-09
2.7755e-10
2.88149e-09
7.84502e-11
2.41239e-09
6.27097e-13
1.67516e-09
6.55066e-10
-4.67991e-10
-3.87463e-10
3.81295e-10
-5.64673e-10
-4.15671e-10
-6.69873e-10
-4.42003e-10
-7.81842e-10
-4.66041e-10
-8.98796e-10
-4.87539e-10
-1.01907e-09
-5.06398e-10
-1.14121e-09
-5.22641e-10
-1.264e-09
-5.36374e-10
-1.38644e-09
-5.47765e-10
-1.50776e-09
-5.57012e-10
-1.62736e-09
-5.64329e-10
-1.74483e-09
-5.69932e-10
-1.85983e-09
-5.74028e-10
-1.97218e-09
-5.76812e-10
-2.08172e-09
-5.78461e-10
-2.18839e-09
-5.79136e-10
-2.29216e-09
-5.78977e-10
-2.39304e-09
-5.78109e-10
-2.49104e-09
-5.7664e-10
-2.58622e-09
-5.74664e-10
-2.67862e-09
-5.7226e-10
-2.76832e-09
-5.69498e-10
-2.85539e-09
-5.66437e-10
-2.93988e-09
-5.63125e-10
-3.02188e-09
-5.59606e-10
-3.10146e-09
-5.55915e-10
-3.17867e-09
-5.52083e-10
-3.2536e-09
-5.48136e-10
-3.3263e-09
-5.44095e-10
-3.39685e-09
-5.39979e-10
-3.46529e-09
-5.35804e-10
-3.53169e-09
-5.31583e-10
-3.5961e-09
-5.27327e-10
-3.65858e-09
-5.23046e-10
-3.71917e-09
-5.18749e-10
-3.77793e-09
-5.14443e-10
-3.83489e-09
-5.10134e-10
-3.89011e-09
-5.05827e-10
-3.94362e-09
-5.01528e-10
-3.99546e-09
-4.9724e-10
-4.04568e-09
-4.92967e-10
-4.09431e-09
-4.88711e-10
-4.14139e-09
-4.84476e-10
-4.18694e-09
-4.80263e-10
-4.23102e-09
-4.76073e-10
-4.27364e-09
-4.71906e-10
-4.31485e-09
-4.67764e-10
-4.35466e-09
-4.63644e-10
-4.39311e-09
-4.59547e-10
-4.43022e-09
-4.55472e-10
-4.46602e-09
-4.51416e-10
-4.50052e-09
-4.47379e-10
-4.53375e-09
-4.43359e-10
-4.56572e-09
-4.39354e-10
-4.59646e-09
-4.35363e-10
-4.62599e-09
-4.31385e-10
-4.65431e-09
-4.27418e-10
-4.68145e-09
-4.23461e-10
-4.70743e-09
-4.19514e-10
-4.73225e-09
-4.15574e-10
-4.75594e-09
-4.11642e-10
-4.7785e-09
-4.07715e-10
-4.79996e-09
-4.03795e-10
-4.82033e-09
-3.99879e-10
-4.83961e-09
-3.95968e-10
-4.85784e-09
-3.9206e-10
-4.87501e-09
-3.88156e-10
-4.89115e-09
-3.84255e-10
-4.90626e-09
-3.80357e-10
-4.92037e-09
-3.76461e-10
-4.93348e-09
-3.72568e-10
-4.94561e-09
-3.68676e-10
-4.95676e-09
-3.64786e-10
-4.96696e-09
-3.60899e-10
-4.97622e-09
-3.57012e-10
-4.98455e-09
-3.53128e-10
-4.99195e-09
-3.49245e-10
-4.99845e-09
-3.45364e-10
-5.00406e-09
-3.41484e-10
-5.00879e-09
-3.37607e-10
-5.01264e-09
-3.33732e-10
-5.01565e-09
-3.2986e-10
-5.0178e-09
-3.2599e-10
-5.01912e-09
-3.22123e-10
-5.01963e-09
-3.18259e-10
-5.01932e-09
-3.14398e-10
-5.01822e-09
-3.10541e-10
-5.01634e-09
-3.06687e-10
-5.01369e-09
-3.02836e-10
-5.01027e-09
-2.9899e-10
-5.00611e-09
-2.95147e-10
-5.0012e-09
-2.91308e-10
-4.99558e-09
-2.87472e-10
-4.98923e-09
-2.83641e-10
-4.98219e-09
-2.79813e-10
-4.97445e-09
-2.75989e-10
-4.96603e-09
-2.72168e-10
-4.95694e-09
-2.68352e-10
-4.94718e-09
-2.64539e-10
-4.93678e-09
-2.6073e-10
-4.92574e-09
-2.56924e-10
-4.91407e-09
-2.53122e-10
-4.90177e-09
-2.49324e-10
-4.88887e-09
-2.4553e-10
-4.87537e-09
-2.4174e-10
-4.86128e-09
-2.37953e-10
-4.84662e-09
-2.34171e-10
-4.83138e-09
-2.30394e-10
-4.81558e-09
-2.26621e-10
-4.79923e-09
-2.22853e-10
-4.78234e-09
-2.1909e-10
-4.76491e-09
-2.15333e-10
-4.74697e-09
-2.11581e-10
-4.72851e-09
-2.07836e-10
-4.70956e-09
-2.04096e-10
-4.69011e-09
-2.00363e-10
-4.67018e-09
-1.96636e-10
-4.64977e-09
-1.92916e-10
-4.6289e-09
-1.89202e-10
-4.60758e-09
-1.85495e-10
-4.58581e-09
-1.81794e-10
-4.5636e-09
-1.781e-10
-4.54097e-09
-1.74413e-10
-4.51791e-09
-1.70732e-10
-4.49445e-09
-1.67058e-10
-4.47058e-09
-1.63391e-10
-4.44632e-09
-1.59731e-10
-4.42167e-09
-1.56078e-10
-4.39665e-09
-1.52432e-10
-4.37126e-09
-1.48793e-10
-4.3455e-09
-1.45163e-10
-4.31939e-09
-1.4154e-10
-4.29294e-09
-1.37925e-10
-4.26615e-09
-1.34318e-10
-4.23903e-09
-1.3072e-10
-4.21159e-09
-1.2713e-10
-4.18383e-09
-1.2355e-10
-4.15577e-09
-1.19978e-10
-4.12742e-09
-1.16415e-10
-4.09877e-09
-1.12861e-10
-4.06984e-09
-1.09316e-10
-4.04064e-09
-1.0578e-10
-4.01117e-09
-1.02253e-10
-3.98144e-09
-9.87357e-11
-3.95145e-09
-9.52274e-11
-3.92122e-09
-9.17286e-11
-3.89075e-09
-8.82393e-11
-3.86005e-09
-8.47596e-11
-3.82913e-09
-8.12898e-11
-3.79798e-09
-7.783e-11
-3.76662e-09
-7.43803e-11
-3.73506e-09
-7.09408e-11
-3.7033e-09
-6.75117e-11
-3.67135e-09
-6.40928e-11
-3.63921e-09
-6.06842e-11
-3.60689e-09
-5.72859e-11
-3.5744e-09
-5.38979e-11
-3.54174e-09
-5.05203e-11
-3.50892e-09
-4.7153e-11
-3.47595e-09
-4.37962e-11
-3.44283e-09
-4.04499e-11
-3.40956e-09
-3.71142e-11
-3.37616e-09
-3.37891e-11
-3.34263e-09
-3.04746e-11
-3.30898e-09
-2.7171e-11
-3.27521e-09
-2.38782e-11
-3.24132e-09
-2.05963e-11
-3.20733e-09
-1.73254e-11
-3.17323e-09
-1.40655e-11
-3.13904e-09
-1.08169e-11
-3.10476e-09
-7.57949e-12
-3.07039e-09
-4.3535e-12
-3.03595e-09
-1.13903e-12
-3.00143e-09
2.06381e-12
-2.96684e-09
5.25485e-12
-2.93219e-09
8.43393e-12
-2.89748e-09
1.16009e-11
-2.86272e-09
1.47556e-11
-2.82791e-09
1.7898e-11
-2.79306e-09
2.10278e-11
-2.75818e-09
2.41449e-11
-2.72326e-09
2.72493e-11
-2.68831e-09
3.03408e-11
-2.65334e-09
3.34194e-11
-2.61836e-09
3.64849e-11
-2.58336e-09
3.95373e-11
-2.54836e-09
4.25764e-11
-2.51335e-09
4.56023e-11
-2.47834e-09
4.86149e-11
-2.44333e-09
5.16141e-11
-2.40834e-09
5.45999e-11
-2.37336e-09
5.75724e-11
-2.3384e-09
6.05313e-11
-2.30346e-09
6.34768e-11
-2.26855e-09
6.64089e-11
-2.23367e-09
6.93274e-11
-2.19883e-09
7.22324e-11
-2.16402e-09
7.51239e-11
-2.12926e-09
7.80017e-11
-2.09455e-09
8.0866e-11
-2.05988e-09
8.37167e-11
-2.02528e-09
8.65536e-11
-1.99073e-09
8.93767e-11
-1.95624e-09
9.21859e-11
-1.92182e-09
9.49811e-11
-1.88747e-09
9.77621e-11
-1.8532e-09
1.00529e-10
-1.819e-09
1.03281e-10
-1.78487e-09
1.06017e-10
-1.75083e-09
1.08739e-10
-1.71688e-09
1.11445e-10
-1.68301e-09
1.14135e-10
-1.64923e-09
1.16808e-10
-1.61554e-09
1.19463e-10
-1.58194e-09
1.22101e-10
-1.54844e-09
1.2472e-10
-1.51503e-09
1.27319e-10
-1.48171e-09
1.29899e-10
-1.4485e-09
1.32457e-10
-1.41537e-09
1.34993e-10
-1.38235e-09
1.37505e-10
-1.34941e-09
1.39994e-10
-1.31658e-09
1.42458e-10
-1.28383e-09
1.44896e-10
-1.25118e-09
1.47308e-10
-1.21862e-09
1.49692e-10
-1.18614e-09
1.52048e-10
-1.15376e-09
1.54376e-10
-1.12146e-09
1.56676e-10
-1.08924e-09
1.58947e-10
-1.0571e-09
1.61191e-10
-1.02505e-09
1.63407e-10
-9.93083e-10
1.65598e-10
-9.61197e-10
1.67765e-10
-9.29396e-10
1.6991e-10
-8.97682e-10
1.72037e-10
-8.66062e-10
1.74149e-10
-8.34539e-10
1.76251e-10
-8.03122e-10
1.78347e-10
-7.71821e-10
1.80443e-10
-7.40649e-10
1.82546e-10
-7.09618e-10
1.84663e-10
-6.78748e-10
1.86802e-10
-6.48057e-10
1.88973e-10
-6.1757e-10
1.91183e-10
-5.87311e-10
1.93442e-10
-5.5731e-10
1.95761e-10
-5.27599e-10
1.98149e-10
-4.98211e-10
2.00615e-10
-4.69185e-10
2.0317e-10
-4.40557e-10
2.0582e-10
-4.12369e-10
2.08573e-10
-3.8466e-10
2.11434e-10
-3.57472e-10
2.14406e-10
-3.30843e-10
2.17489e-10
-3.04809e-10
2.20679e-10
-2.79404e-10
2.23968e-10
-2.54652e-10
2.27345e-10
-2.30573e-10
2.30792e-10
-2.07176e-10
2.34284e-10
-1.84456e-10
2.37791e-10
-1.62397e-10
2.41274e-10
-1.40961e-10
2.44687e-10
-1.20095e-10
2.47974e-10
-9.97181e-11
2.51072e-10
-7.97282e-11
2.53908e-10
-5.99914e-11
2.56398e-10
-4.03453e-11
2.58453e-10
-2.05919e-11
2.59973e-10
-5.00694e-13
2.60851e-10
2.01974e-11
2.60975e-10
4.18068e-11
2.60231e-10
6.46697e-11
2.585e-10
8.91631e-11
2.55669e-10
1.15697e-10
2.51626e-10
1.4471e-10
2.46274e-10
1.76664e-10
2.39529e-10
2.12039e-10
2.31326e-10
2.51318e-10
2.21632e-10
2.94986e-10
2.10446e-10
3.43504e-10
1.9781e-10
3.97307e-10
1.83817e-10
4.56775e-10
1.68619e-10
5.22226e-10
1.52436e-10
5.93878e-10
1.35568e-10
6.71846e-10
1.18395e-10
7.56098e-10
1.01394e-10
8.4645e-10
8.51408e-11
9.42514e-10
7.0323e-11
1.04369e-09
5.77395e-11
1.14914e-09
4.83066e-11
1.25774e-09
4.3061e-11
1.36807e-09
4.31613e-11
1.4784e-09
4.98885e-11
1.58665e-09
6.46437e-11
1.69039e-09
8.89463e-11
1.78681e-09
1.2443e-10
1.87274e-09
1.72842e-10
1.94463e-09
2.36023e-10
1.9986e-09
3.15884e-10
2.03047e-09
4.14373e-10
2.03588e-09
5.33428e-10
2.01042e-09
6.74894e-10
1.94981e-09
8.40402e-10
1.85034e-09
1.03119e-09
1.70916e-09
1.24779e-09
1.52511e-09
1.48967e-09
1.29939e-09
1.75458e-09
1.03672e-09
2.03775e-09
7.46321e-10
2.33087e-09
4.43e-10
2.6208e-09
1.47402e-10
2.8884e-09
-1.14839e-10
3.1077e-09
-3.16065e-10
3.246e-09
-4.3186e-10
3.26584e-09
-4.48668e-10
3.12938e-09
-3.71772e-10
2.80461e-09
-2.30972e-10
2.27159e-09
-8.12717e-11
1.52546e-09
5.73794e-10
-6.46167e-10
-2.97989e-10
5.56692e-10
-7.43504e-10
-3.18335e-10
-8.47926e-10
-3.3758e-10
-9.58487e-10
-3.5548e-10
-1.07416e-09
-3.71862e-10
-1.19393e-09
-3.86629e-10
-1.31682e-09
-3.9975e-10
-1.44195e-09
-4.11244e-10
-1.56855e-09
-4.21174e-10
-1.69593e-09
-4.29631e-10
-1.82353e-09
-4.36722e-10
-1.9509e-09
-4.42567e-10
-2.07764e-09
-4.47285e-10
-2.20345e-09
-4.50998e-10
-2.3281e-09
-4.53817e-10
-2.45138e-09
-4.55851e-10
-2.57317e-09
-4.57196e-10
-2.69333e-09
-4.5794e-10
-2.81181e-09
-4.58162e-10
-2.92855e-09
-4.57932e-10
-3.04349e-09
-4.57311e-10
-3.15664e-09
-4.56354e-10
-3.26797e-09
-4.55107e-10
-3.37748e-09
-4.5361e-10
-3.48519e-09
-4.51899e-10
-3.5911e-09
-4.50005e-10
-3.69523e-09
-4.47952e-10
-3.7976e-09
-4.45765e-10
-3.89824e-09
-4.43462e-10
-3.99715e-09
-4.41061e-10
-4.09438e-09
-4.38575e-10
-4.18995e-09
-4.36019e-10
-4.28387e-09
-4.33402e-10
-4.37618e-09
-4.30734e-10
-4.46691e-09
-4.28025e-10
-4.55607e-09
-4.2528e-10
-4.6437e-09
-4.22508e-10
-4.72981e-09
-4.19713e-10
-4.81444e-09
-4.169e-10
-4.8976e-09
-4.14075e-10
-4.97933e-09
-4.11241e-10
-5.05964e-09
-4.084e-10
-5.13856e-09
-4.05557e-10
-5.21611e-09
-4.02713e-10
-5.29231e-09
-3.9987e-10
-5.36719e-09
-3.9703e-10
-5.44076e-09
-3.94194e-10
-5.51304e-09
-3.91361e-10
-5.58406e-09
-3.88532e-10
-5.65382e-09
-3.85708e-10
-5.72235e-09
-3.82887e-10
-5.78966e-09
-3.8007e-10
-5.85576e-09
-3.77255e-10
-5.92067e-09
-3.74442e-10
-5.98441e-09
-3.71631e-10
-6.04697e-09
-3.6882e-10
-6.10838e-09
-3.66009e-10
-6.16864e-09
-3.63197e-10
-6.22777e-09
-3.60384e-10
-6.28578e-09
-3.57569e-10
-6.34267e-09
-3.54751e-10
-6.39845e-09
-3.51931e-10
-6.45314e-09
-3.49106e-10
-6.50674e-09
-3.46277e-10
-6.55927e-09
-3.43444e-10
-6.61072e-09
-3.40606e-10
-6.66111e-09
-3.37764e-10
-6.71045e-09
-3.34915e-10
-6.75875e-09
-3.32062e-10
-6.80601e-09
-3.29202e-10
-6.85224e-09
-3.26337e-10
-6.89745e-09
-3.23465e-10
-6.94165e-09
-3.20588e-10
-6.98484e-09
-3.17705e-10
-7.02704e-09
-3.14815e-10
-7.06825e-09
-3.1192e-10
-7.10848e-09
-3.09019e-10
-7.14773e-09
-3.06112e-10
-7.18601e-09
-3.03199e-10
-7.22334e-09
-3.0028e-10
-7.25972e-09
-2.97357e-10
-7.29515e-09
-2.94428e-10
-7.32964e-09
-2.91494e-10
-7.36321e-09
-2.88556e-10
-7.39586e-09
-2.85613e-10
-7.42759e-09
-2.82665e-10
-7.45842e-09
-2.79714e-10
-7.48834e-09
-2.76758e-10
-7.51738e-09
-2.73798e-10
-7.54554e-09
-2.70835e-10
-7.57282e-09
-2.67868e-10
-7.59923e-09
-2.64897e-10
-7.62478e-09
-2.61923e-10
-7.64947e-09
-2.58945e-10
-7.67332e-09
-2.55964e-10
-7.69633e-09
-2.5298e-10
-7.71851e-09
-2.49992e-10
-7.73986e-09
-2.47001e-10
-7.76039e-09
-2.44007e-10
-7.78011e-09
-2.4101e-10
-7.79902e-09
-2.38009e-10
-7.81714e-09
-2.35006e-10
-7.83446e-09
-2.32e-10
-7.851e-09
-2.2899e-10
-7.86676e-09
-2.25979e-10
-7.88175e-09
-2.22964e-10
-7.89598e-09
-2.19948e-10
-7.90944e-09
-2.16929e-10
-7.92215e-09
-2.13908e-10
-7.93412e-09
-2.10886e-10
-7.94535e-09
-2.07862e-10
-7.95584e-09
-2.04837e-10
-7.96561e-09
-2.01811e-10
-7.97467e-09
-1.98784e-10
-7.98301e-09
-1.95756e-10
-7.99064e-09
-1.92728e-10
-7.99758e-09
-1.897e-10
-8.00382e-09
-1.86672e-10
-8.00938e-09
-1.83643e-10
-8.01426e-09
-1.80615e-10
-8.01847e-09
-1.77586e-10
-8.02201e-09
-1.74558e-10
-8.02489e-09
-1.7153e-10
-8.02712e-09
-1.68503e-10
-8.0287e-09
-1.65476e-10
-8.02964e-09
-1.6245e-10
-8.02995e-09
-1.59424e-10
-8.02963e-09
-1.564e-10
-8.02868e-09
-1.53377e-10
-8.02712e-09
-1.50355e-10
-8.02495e-09
-1.47334e-10
-8.02217e-09
-1.44315e-10
-8.0188e-09
-1.41299e-10
-8.01483e-09
-1.38284e-10
-8.01028e-09
-1.35272e-10
-8.00515e-09
-1.32262e-10
-7.99944e-09
-1.29255e-10
-7.99317e-09
-1.26251e-10
-7.98634e-09
-1.23249e-10
-7.97895e-09
-1.20251e-10
-7.97101e-09
-1.17256e-10
-7.96252e-09
-1.14264e-10
-7.9535e-09
-1.11275e-10
-7.94395e-09
-1.0829e-10
-7.93387e-09
-1.05309e-10
-7.92326e-09
-1.02331e-10
-7.91214e-09
-9.93572e-11
-7.90052e-09
-9.63875e-11
-7.88838e-09
-9.34219e-11
-7.87575e-09
-9.04607e-11
-7.86263e-09
-8.7504e-11
-7.84902e-09
-8.4552e-11
-7.83493e-09
-8.16045e-11
-7.82036e-09
-7.86619e-11
-7.80532e-09
-7.5724e-11
-7.78981e-09
-7.27911e-11
-7.77385e-09
-6.98631e-11
-7.75743e-09
-6.694e-11
-7.74056e-09
-6.40221e-11
-7.72325e-09
-6.11094e-11
-7.70549e-09
-5.82019e-11
-7.68731e-09
-5.52997e-11
-7.66869e-09
-5.2403e-11
-7.64966e-09
-4.95119e-11
-7.6302e-09
-4.66265e-11
-7.61033e-09
-4.37469e-11
-7.59006e-09
-4.08731e-11
-7.56938e-09
-3.80052e-11
-7.5483e-09
-3.51435e-11
-7.52683e-09
-3.22879e-11
-7.50497e-09
-2.94386e-11
-7.48273e-09
-2.65957e-11
-7.46011e-09
-2.37595e-11
-7.43711e-09
-2.09299e-11
-7.41375e-09
-1.81072e-11
-7.39002e-09
-1.52914e-11
-7.36594e-09
-1.24828e-11
-7.3415e-09
-9.68143e-12
-7.31672e-09
-6.88744e-12
-7.29159e-09
-4.10099e-12
-7.26612e-09
-1.32223e-12
-7.24032e-09
1.44867e-12
-7.21419e-09
4.21152e-12
-7.18774e-09
6.96617e-12
-7.16097e-09
9.71249e-12
-7.13388e-09
1.24504e-11
-7.10648e-09
1.51798e-11
-7.07878e-09
1.79007e-11
-7.05078e-09
2.06129e-11
-7.02248e-09
2.33164e-11
-6.99389e-09
2.60111e-11
-6.96502e-09
2.86971e-11
-6.93586e-09
3.13742e-11
-6.90643e-09
3.40424e-11
-6.87672e-09
3.67016e-11
-6.84674e-09
3.93519e-11
-6.8165e-09
4.19932e-11
-6.78601e-09
4.46254e-11
-6.75525e-09
4.72485e-11
-6.72425e-09
4.98623e-11
-6.693e-09
5.24668e-11
-6.66151e-09
5.50618e-11
-6.62978e-09
5.76473e-11
-6.59781e-09
6.02229e-11
-6.56562e-09
6.27885e-11
-6.5332e-09
6.53439e-11
-6.50056e-09
6.78886e-11
-6.46771e-09
7.04223e-11
-6.43463e-09
7.29445e-11
-6.40135e-09
7.54549e-11
-6.36786e-09
7.79527e-11
-6.33416e-09
8.04373e-11
-6.30026e-09
8.2908e-11
-6.26616e-09
8.53641e-11
-6.23186e-09
8.78045e-11
-6.19737e-09
9.02285e-11
-6.16269e-09
9.26349e-11
-6.12781e-09
9.50227e-11
-6.09275e-09
9.73908e-11
-6.05749e-09
9.97382e-11
-6.02205e-09
1.02064e-10
-5.98642e-09
1.04366e-10
-5.95061e-09
1.06644e-10
-5.91461e-09
1.08897e-10
-5.87842e-09
1.11124e-10
-5.84206e-09
1.13325e-10
-5.80551e-09
1.15498e-10
-5.76877e-09
1.17644e-10
-5.73186e-09
1.19763e-10
-5.69477e-09
1.21855e-10
-5.6575e-09
1.23921e-10
-5.62005e-09
1.25963e-10
-5.58244e-09
1.27983e-10
-5.54466e-09
1.29984e-10
-5.50672e-09
1.31968e-10
-5.46862e-09
1.33941e-10
-5.43038e-09
1.35907e-10
-5.392e-09
1.37872e-10
-5.35349e-09
1.39843e-10
-5.31488e-09
1.41828e-10
-5.27617e-09
1.43835e-10
-5.23738e-09
1.45874e-10
-5.19853e-09
1.47955e-10
-5.15965e-09
1.50088e-10
-5.12075e-09
1.52285e-10
-5.08187e-09
1.54559e-10
-5.04303e-09
1.56919e-10
-5.00426e-09
1.59379e-10
-4.96559e-09
1.61949e-10
-4.92706e-09
1.64639e-10
-4.8887e-09
1.67457e-10
-4.85053e-09
1.70411e-10
-4.8126e-09
1.73505e-10
-4.77494e-09
1.76738e-10
-4.73755e-09
1.80108e-10
-4.70048e-09
1.83608e-10
-4.66374e-09
1.87223e-10
-4.62733e-09
1.90934e-10
-4.59125e-09
1.94715e-10
-4.55549e-09
1.98529e-10
-4.52004e-09
2.02334e-10
-4.48484e-09
2.06076e-10
-4.44985e-09
2.09692e-10
-4.41498e-09
2.13108e-10
-4.38014e-09
2.16239e-10
-4.34523e-09
2.18988e-10
-4.31008e-09
2.2125e-10
-4.27453e-09
2.22908e-10
-4.23839e-09
2.23835e-10
-4.20144e-09
2.23898e-10
-4.16342e-09
2.22959e-10
-4.12407e-09
2.20876e-10
-4.08307e-09
2.17506e-10
-4.04012e-09
2.12712e-10
-3.99486e-09
2.06368e-10
-3.94694e-09
1.98358e-10
-3.896e-09
1.8859e-10
-3.84168e-09
1.77001e-10
-3.7836e-09
1.63561e-10
-3.72144e-09
1.48286e-10
-3.65488e-09
1.31245e-10
-3.58363e-09
1.1257e-10
-3.50748e-09
9.24655e-11
-3.42626e-09
7.12198e-11
-3.33991e-09
4.9214e-11
-3.24845e-09
2.69327e-11
-3.15203e-09
4.97097e-12
-3.05093e-09
-1.59582e-11
-2.94559e-09
-3.5014e-11
-2.83663e-09
-5.12193e-11
-2.72487e-09
-6.34585e-11
-2.61133e-09
-7.04757e-11
-2.4973e-09
-7.08764e-11
-2.38428e-09
-6.31312e-11
-2.27405e-09
-4.55836e-11
-2.16864e-09
-1.64651e-11
-2.07029e-09
2.60826e-11
-1.98144e-09
8.39831e-11
-1.90461e-09
1.59201e-10
-1.84242e-09
2.53685e-10
-1.79733e-09
3.69283e-10
-1.77154e-09
5.07639e-10
-1.76669e-09
6.70051e-10
-1.78356e-09
8.57262e-10
-1.82155e-09
1.06919e-09
-1.87832e-09
1.30455e-09
-1.94902e-09
1.56039e-09
-2.02591e-09
1.83147e-09
-2.09776e-09
2.10961e-09
-2.14988e-09
2.38298e-09
-2.16459e-09
2.63552e-09
-2.12293e-09
2.84674e-09
-2.00749e-09
2.99226e-09
-1.80687e-09
3.04539e-09
-1.521e-09
2.97997e-09
-1.16595e-09
2.77435e-09
-7.76782e-10
2.41544e-09
-4.06549e-10
1.90138e-09
-1.22261e-10
1.24118e-09
4.51533e-10
-7.27037e-10
-2.1024e-10
6.39289e-10
-8.21298e-10
-2.24074e-10
-9.21613e-10
-2.37265e-10
-1.02742e-09
-2.49673e-10
-1.13809e-09
-2.6119e-10
-1.25297e-09
-2.71746e-10
-1.37142e-09
-2.81305e-10
-1.4928e-09
-2.89861e-10
-1.61654e-09
-2.97434e-10
-1.74211e-09
-3.04063e-10
-1.86903e-09
-3.098e-10
-1.99689e-09
-3.14708e-10
-2.12532e-09
-3.18855e-10
-2.25401e-09
-3.22308e-10
-2.38269e-09
-3.25136e-10
-2.51114e-09
-3.27404e-10
-2.63916e-09
-3.29174e-10
-2.7666e-09
-3.30503e-10
-2.89332e-09
-3.31443e-10
-3.01921e-09
-3.3204e-10
-3.14418e-09
-3.32337e-10
-3.26817e-09
-3.32369e-10
-3.3911e-09
-3.32171e-10
-3.51294e-09
-3.31771e-10
-3.63365e-09
-3.31193e-10
-3.75319e-09
-3.3046e-10
-3.87155e-09
-3.29592e-10
-3.98871e-09
-3.28605e-10
-4.10466e-09
-3.27513e-10
-4.21939e-09
-3.2633e-10
-4.3329e-09
-3.25066e-10
-4.44519e-09
-3.23732e-10
-4.55625e-09
-3.22337e-10
-4.6661e-09
-3.20887e-10
-4.77473e-09
-3.19391e-10
-4.88216e-09
-3.17853e-10
-4.98839e-09
-3.1628e-10
-5.09343e-09
-3.14676e-10
-5.19728e-09
-3.13046e-10
-5.29996e-09
-3.11393e-10
-5.40148e-09
-3.09721e-10
-5.50185e-09
-3.08032e-10
-5.60108e-09
-3.0633e-10
-5.69918e-09
-3.04616e-10
-5.79615e-09
-3.02893e-10
-5.89202e-09
-3.01161e-10
-5.98679e-09
-2.99423e-10
-6.08048e-09
-2.97678e-10
-6.17308e-09
-2.95927e-10
-6.26462e-09
-2.94172e-10
-6.35509e-09
-2.92411e-10
-6.44452e-09
-2.90646e-10
-6.5329e-09
-2.88875e-10
-6.62024e-09
-2.871e-10
-6.70655e-09
-2.85319e-10
-6.79184e-09
-2.83532e-10
-6.87611e-09
-2.81739e-10
-6.95937e-09
-2.7994e-10
-7.04162e-09
-2.78135e-10
-7.12286e-09
-2.76322e-10
-7.20311e-09
-2.74502e-10
-7.28237e-09
-2.72675e-10
-7.36063e-09
-2.7084e-10
-7.43791e-09
-2.68997e-10
-7.51421e-09
-2.67145e-10
-7.58954e-09
-2.65285e-10
-7.66388e-09
-2.63416e-10
-7.73726e-09
-2.61539e-10
-7.80967e-09
-2.59652e-10
-7.88111e-09
-2.57757e-10
-7.9516e-09
-2.55852e-10
-8.02113e-09
-2.53938e-10
-8.0897e-09
-2.52015e-10
-8.15732e-09
-2.50083e-10
-8.22399e-09
-2.48142e-10
-8.28972e-09
-2.46191e-10
-8.35451e-09
-2.44232e-10
-8.41836e-09
-2.42263e-10
-8.48127e-09
-2.40286e-10
-8.54325e-09
-2.38301e-10
-8.6043e-09
-2.36306e-10
-8.66442e-09
-2.34304e-10
-8.72363e-09
-2.32293e-10
-8.78191e-09
-2.30274e-10
-8.83927e-09
-2.28248e-10
-8.89572e-09
-2.26213e-10
-8.95127e-09
-2.24171e-10
-9.0059e-09
-2.22122e-10
-9.05964e-09
-2.20065e-10
-9.11247e-09
-2.18002e-10
-9.16441e-09
-2.15931e-10
-9.21545e-09
-2.13853e-10
-9.2656e-09
-2.11768e-10
-9.31487e-09
-2.09677e-10
-9.36326e-09
-2.07579e-10
-9.41077e-09
-2.05474e-10
-9.4574e-09
-2.03362e-10
-9.50315e-09
-2.01244e-10
-9.54804e-09
-1.9912e-10
-9.59206e-09
-1.96989e-10
-9.63522e-09
-1.94852e-10
-9.67752e-09
-1.92709e-10
-9.71896e-09
-1.90559e-10
-9.75954e-09
-1.88404e-10
-9.79928e-09
-1.86242e-10
-9.83817e-09
-1.84075e-10
-9.87621e-09
-1.81903e-10
-9.91342e-09
-1.79725e-10
-9.94978e-09
-1.77542e-10
-9.98532e-09
-1.75353e-10
-1.002e-08
-1.7316e-10
-1.00539e-08
-1.70962e-10
-1.00869e-08
-1.6876e-10
-1.01192e-08
-1.66553e-10
-1.01506e-08
-1.64342e-10
-1.01812e-08
-1.62127e-10
-1.0211e-08
-1.59908e-10
-1.024e-08
-1.57685e-10
-1.02682e-08
-1.55458e-10
-1.02955e-08
-1.53228e-10
-1.03221e-08
-1.50995e-10
-1.03479e-08
-1.48758e-10
-1.03729e-08
-1.46517e-10
-1.03972e-08
-1.44274e-10
-1.04206e-08
-1.42028e-10
-1.04433e-08
-1.39779e-10
-1.04652e-08
-1.37527e-10
-1.04863e-08
-1.35272e-10
-1.05067e-08
-1.33015e-10
-1.05263e-08
-1.30756e-10
-1.05451e-08
-1.28494e-10
-1.05632e-08
-1.26231e-10
-1.05805e-08
-1.23966e-10
-1.05971e-08
-1.21699e-10
-1.0613e-08
-1.19431e-10
-1.06281e-08
-1.17161e-10
-1.06424e-08
-1.14891e-10
-1.06561e-08
-1.12619e-10
-1.0669e-08
-1.10347e-10
-1.06811e-08
-1.08073e-10
-1.06926e-08
-1.05799e-10
-1.07033e-08
-1.03525e-10
-1.07134e-08
-1.0125e-10
-1.07227e-08
-9.8975e-11
-1.07313e-08
-9.66998e-11
-1.07392e-08
-9.44245e-11
-1.07464e-08
-9.21494e-11
-1.07529e-08
-8.98745e-11
-1.07587e-08
-8.76e-11
-1.07639e-08
-8.5326e-11
-1.07683e-08
-8.30527e-11
-1.07721e-08
-8.078e-11
-1.07752e-08
-7.85082e-11
-1.07776e-08
-7.62373e-11
-1.07794e-08
-7.39674e-11
-1.07805e-08
-7.16986e-11
-1.07809e-08
-6.94309e-11
-1.07807e-08
-6.71644e-11
-1.07798e-08
-6.48993e-11
-1.07783e-08
-6.26355e-11
-1.07761e-08
-6.03733e-11
-1.07733e-08
-5.81126e-11
-1.07698e-08
-5.58536e-11
-1.07658e-08
-5.35964e-11
-1.0761e-08
-5.13411e-11
-1.07557e-08
-4.90877e-11
-1.07497e-08
-4.68364e-11
-1.07431e-08
-4.45873e-11
-1.0736e-08
-4.23405e-11
-1.07281e-08
-4.00961e-11
-1.07197e-08
-3.78542e-11
-1.07107e-08
-3.5615e-11
-1.07011e-08
-3.33785e-11
-1.06909e-08
-3.11449e-11
-1.06801e-08
-2.89143e-11
-1.06687e-08
-2.66868e-11
-1.06567e-08
-2.44626e-11
-1.06441e-08
-2.22418e-11
-1.0631e-08
-2.00245e-11
-1.06173e-08
-1.78109e-11
-1.0603e-08
-1.5601e-11
-1.05882e-08
-1.33951e-11
-1.05728e-08
-1.11931e-11
-1.05568e-08
-8.99528e-12
-1.05403e-08
-6.8016e-12
-1.05232e-08
-4.61219e-12
-1.05056e-08
-2.42715e-12
-1.04875e-08
-2.46568e-13
-1.04688e-08
1.92942e-12
-1.04496e-08
4.10071e-12
-1.04298e-08
6.26722e-12
-1.04096e-08
8.42891e-12
-1.03888e-08
1.05858e-11
-1.03675e-08
1.27377e-11
-1.03456e-08
1.48847e-11
-1.03233e-08
1.70268e-11
-1.03005e-08
1.91638e-11
-1.02772e-08
2.12957e-11
-1.02533e-08
2.34224e-11
-1.0229e-08
2.55438e-11
-1.02042e-08
2.76598e-11
-1.01789e-08
2.97702e-11
-1.01531e-08
3.18749e-11
-1.01269e-08
3.39736e-11
-1.01002e-08
3.60661e-11
-1.0073e-08
3.8152e-11
-1.00453e-08
4.02309e-11
-1.00172e-08
4.23025e-11
-9.98863e-09
4.43663e-11
-9.95959e-09
4.64215e-11
-9.93011e-09
4.84677e-11
-9.90017e-09
5.05041e-11
-9.8698e-09
5.25299e-11
-9.83898e-09
5.45442e-11
-9.80772e-09
5.65461e-11
-9.77602e-09
5.85346e-11
-9.7439e-09
6.05086e-11
-9.71134e-09
6.24671e-11
-9.67836e-09
6.44088e-11
-9.64495e-09
6.63326e-11
-9.61113e-09
6.82374e-11
-9.57689e-09
7.01222e-11
-9.54223e-09
7.19858e-11
-9.50716e-09
7.38274e-11
-9.47168e-09
7.56461e-11
-9.4358e-09
7.74416e-11
-9.39951e-09
7.92134e-11
-9.36283e-09
8.09616e-11
-9.32575e-09
8.26866e-11
-9.28829e-09
8.43892e-11
-9.25044e-09
8.60708e-11
-9.21221e-09
8.77332e-11
-9.1736e-09
8.93791e-11
-9.13463e-09
9.10117e-11
-9.0953e-09
9.2635e-11
-9.05561e-09
9.42538e-11
-9.01558e-09
9.5874e-11
-8.97521e-09
9.75021e-11
-8.93451e-09
9.91457e-11
-8.8935e-09
1.00813e-10
-8.85218e-09
1.02514e-10
-8.81056e-09
1.04258e-10
-8.76866e-09
1.06056e-10
-8.72649e-09
1.07919e-10
-8.68407e-09
1.0986e-10
-8.6414e-09
1.11891e-10
-8.5985e-09
1.14023e-10
-8.55539e-09
1.16268e-10
-8.51208e-09
1.18636e-10
-8.46858e-09
1.21138e-10
-8.4249e-09
1.2378e-10
-8.38106e-09
1.26568e-10
-8.33706e-09
1.29504e-10
-8.29291e-09
1.32587e-10
-8.24861e-09
1.35811e-10
-8.20416e-09
1.39164e-10
-8.15957e-09
1.42629e-10
-8.11482e-09
1.46182e-10
-8.06989e-09
1.49791e-10
-8.02478e-09
1.53414e-10
-7.97945e-09
1.57002e-10
-7.93387e-09
1.60495e-10
-7.88799e-09
1.63821e-10
-7.84178e-09
1.66898e-10
-7.79518e-09
1.69635e-10
-7.74812e-09
1.71926e-10
-7.70053e-09
1.73657e-10
-7.65232e-09
1.74704e-10
-7.60342e-09
1.74933e-10
-7.55373e-09
1.74205e-10
-7.50314e-09
1.72374e-10
-7.45156e-09
1.69295e-10
-7.39888e-09
1.64824e-10
-7.34499e-09
1.58821e-10
-7.28978e-09
1.5116e-10
-7.23315e-09
1.41729e-10
-7.175e-09
1.30441e-10
-7.11524e-09
1.17239e-10
-7.05378e-09
1.02102e-10
-6.99055e-09
8.50599e-11
-6.92551e-09
6.61948e-11
-6.85859e-09
4.56562e-11
-6.7898e-09
2.367e-11
-6.71912e-09
5.46774e-13
-6.6466e-09
-2.33085e-11
-6.57229e-09
-4.73831e-11
-6.49627e-09
-7.10439e-11
-6.4187e-09
-9.35292e-11
-6.33978e-09
-1.13943e-10
-6.25975e-09
-1.31249e-10
-6.17894e-09
-1.44264e-10
-6.09776e-09
-1.51658e-10
-6.01668e-09
-1.51961e-10
-5.93624e-09
-1.43569e-10
-5.85706e-09
-1.24765e-10
-5.77978e-09
-9.37447e-11
-5.70505e-09
-4.86505e-11
-5.63344e-09
1.23677e-11
-5.56532e-09
9.10817e-11
-5.50075e-09
1.89113e-10
-5.43929e-09
3.07831e-10
-5.37985e-09
4.48189e-10
-5.32033e-09
6.10541e-10
-5.25748e-09
7.94406e-10
-5.18647e-09
9.98182e-10
-5.10074e-09
1.21882e-09
-4.99178e-09
1.45143e-09
-4.84925e-09
1.68894e-09
-4.66137e-09
1.92174e-09
-4.41589e-09
2.1375e-09
-4.10167e-09
2.3213e-09
-3.71109e-09
2.45616e-09
-3.24296e-09
2.52414e-09
-2.70578e-09
2.50821e-09
-2.12023e-09
2.39443e-09
-1.5203e-09
2.17441e-09
-9.51934e-10
1.84708e-09
-4.69739e-10
1.41918e-09
-1.32499e-10
9.03939e-10
3.19034e-10
-7.08017e-10
-1.29909e-10
6.27685e-10
-7.93768e-10
-1.38323e-10
-8.84647e-10
-1.46386e-10
-9.80301e-10
-1.54019e-10
-1.08033e-09
-1.61164e-10
-1.1843e-09
-1.67777e-10
-1.29177e-09
-1.73833e-10
-1.4023e-09
-1.79325e-10
-1.51548e-09
-1.84257e-10
-1.6309e-09
-1.88645e-10
-1.74819e-09
-1.92514e-10
-1.867e-09
-1.95896e-10
-1.98703e-09
-1.98825e-10
-2.108e-09
-2.01338e-10
-2.22966e-09
-2.03473e-10
-2.3518e-09
-2.05266e-10
-2.47422e-09
-2.06752e-10
-2.59676e-09
-2.07963e-10
-2.71927e-09
-2.0893e-10
-2.84163e-09
-2.0968e-10
-2.96373e-09
-2.10238e-10
-3.08548e-09
-2.10625e-10
-3.20679e-09
-2.10862e-10
-3.32759e-09
-2.10965e-10
-3.44784e-09
-2.10949e-10
-3.56747e-09
-2.10829e-10
-3.68644e-09
-2.10615e-10
-3.80473e-09
-2.10318e-10
-3.9223e-09
-2.09947e-10
-4.03912e-09
-2.09511e-10
-4.15517e-09
-2.09015e-10
-4.27043e-09
-2.08467e-10
-4.3849e-09
-2.07871e-10
-4.49855e-09
-2.07234e-10
-4.61138e-09
-2.06559e-10
-4.72338e-09
-2.0585e-10
-4.83455e-09
-2.05112e-10
-4.94488e-09
-2.04347e-10
-5.05437e-09
-2.03558e-10
-5.16301e-09
-2.02748e-10
-5.27081e-09
-2.0192e-10
-5.37777e-09
-2.01074e-10
-5.48389e-09
-2.00214e-10
-5.58916e-09
-1.99341e-10
-5.6936e-09
-1.98457e-10
-5.7972e-09
-1.97561e-10
-5.89996e-09
-1.96656e-10
-6.0019e-09
-1.95743e-10
-6.10301e-09
-1.94821e-10
-6.20329e-09
-1.93891e-10
-6.30274e-09
-1.92954e-10
-6.40138e-09
-1.9201e-10
-6.49919e-09
-1.91059e-10
-6.59619e-09
-1.90101e-10
-6.69238e-09
-1.89136e-10
-6.78774e-09
-1.88164e-10
-6.8823e-09
-1.87185e-10
-6.97604e-09
-1.86199e-10
-7.06897e-09
-1.85205e-10
-7.16109e-09
-1.84204e-10
-7.25239e-09
-1.83196e-10
-7.34289e-09
-1.82179e-10
-7.43257e-09
-1.81155e-10
-7.52145e-09
-1.80123e-10
-7.60951e-09
-1.79082e-10
-7.69676e-09
-1.78033e-10
-7.7832e-09
-1.76976e-10
-7.86883e-09
-1.75911e-10
-7.95365e-09
-1.74837e-10
-8.03765e-09
-1.73755e-10
-8.12084e-09
-1.72664e-10
-8.20321e-09
-1.71564e-10
-8.28477e-09
-1.70456e-10
-8.36551e-09
-1.6934e-10
-8.44544e-09
-1.68215e-10
-8.52455e-09
-1.67081e-10
-8.60284e-09
-1.6594e-10
-8.68031e-09
-1.64789e-10
-8.75697e-09
-1.63631e-10
-8.83281e-09
-1.62464e-10
-8.90782e-09
-1.6129e-10
-8.98202e-09
-1.60107e-10
-9.0554e-09
-1.58917e-10
-9.12795e-09
-1.57719e-10
-9.19969e-09
-1.56513e-10
-9.2706e-09
-1.553e-10
-9.34069e-09
-1.54079e-10
-9.40996e-09
-1.52851e-10
-9.47841e-09
-1.51616e-10
-9.54604e-09
-1.50374e-10
-9.61284e-09
-1.49125e-10
-9.67883e-09
-1.47869e-10
-9.74399e-09
-1.46606e-10
-9.80833e-09
-1.45336e-10
-9.87185e-09
-1.44059e-10
-9.93455e-09
-1.42776e-10
-9.99643e-09
-1.41486e-10
-1.00575e-08
-1.4019e-10
-1.01177e-08
-1.38886e-10
-1.01771e-08
-1.37577e-10
-1.02357e-08
-1.36261e-10
-1.02935e-08
-1.34939e-10
-1.03504e-08
-1.3361e-10
-1.04066e-08
-1.32276e-10
-1.04619e-08
-1.30935e-10
-1.05164e-08
-1.29588e-10
-1.057e-08
-1.28236e-10
-1.06229e-08
-1.26877e-10
-1.06749e-08
-1.25513e-10
-1.07261e-08
-1.24144e-10
-1.07765e-08
-1.22769e-10
-1.08261e-08
-1.21388e-10
-1.08748e-08
-1.20003e-10
-1.09228e-08
-1.18613e-10
-1.09699e-08
-1.17217e-10
-1.10162e-08
-1.15817e-10
-1.10617e-08
-1.14412e-10
-1.11064e-08
-1.13002e-10
-1.11503e-08
-1.11588e-10
-1.11933e-08
-1.10169e-10
-1.12356e-08
-1.08746e-10
-1.1277e-08
-1.07319e-10
-1.13176e-08
-1.05887e-10
-1.13575e-08
-1.04452e-10
-1.13965e-08
-1.03012e-10
-1.14347e-08
-1.01568e-10
-1.14721e-08
-1.00121e-10
-1.15087e-08
-9.86698e-11
-1.15445e-08
-9.7215e-11
-1.15795e-08
-9.57568e-11
-1.16137e-08
-9.42952e-11
-1.16471e-08
-9.28303e-11
-1.16797e-08
-9.13624e-11
-1.17115e-08
-8.98914e-11
-1.17425e-08
-8.84176e-11
-1.17727e-08
-8.69409e-11
-1.18022e-08
-8.54617e-11
-1.18308e-08
-8.39798e-11
-1.18587e-08
-8.24955e-11
-1.18857e-08
-8.10088e-11
-1.1912e-08
-7.95199e-11
-1.19375e-08
-7.80288e-11
-1.19622e-08
-7.65356e-11
-1.19861e-08
-7.50405e-11
-1.20093e-08
-7.35434e-11
-1.20317e-08
-7.20447e-11
-1.20533e-08
-7.05442e-11
-1.20741e-08
-6.90422e-11
-1.20942e-08
-6.75386e-11
-1.21135e-08
-6.60337e-11
-1.2132e-08
-6.45275e-11
-1.21498e-08
-6.30201e-11
-1.21668e-08
-6.15115e-11
-1.2183e-08
-6.00018e-11
-1.21985e-08
-5.84912e-11
-1.22132e-08
-5.69796e-11
-1.22271e-08
-5.54671e-11
-1.22404e-08
-5.39538e-11
-1.22528e-08
-5.24398e-11
-1.22645e-08
-5.09251e-11
-1.22755e-08
-4.94098e-11
-1.22857e-08
-4.7894e-11
-1.22952e-08
-4.63777e-11
-1.23039e-08
-4.48611e-11
-1.23119e-08
-4.33441e-11
-1.23192e-08
-4.1827e-11
-1.23257e-08
-4.03097e-11
-1.23315e-08
-3.87924e-11
-1.23366e-08
-3.72751e-11
-1.23409e-08
-3.57579e-11
-1.23445e-08
-3.42409e-11
-1.23474e-08
-3.27242e-11
-1.23496e-08
-3.12078e-11
-1.2351e-08
-2.9692e-11
-1.23518e-08
-2.81768e-11
-1.23518e-08
-2.66622e-11
-1.23511e-08
-2.51484e-11
-1.23497e-08
-2.36355e-11
-1.23476e-08
-2.21235e-11
-1.23448e-08
-2.06126e-11
-1.23413e-08
-1.91029e-11
-1.23371e-08
-1.75943e-11
-1.23322e-08
-1.60871e-11
-1.23266e-08
-1.45812e-11
-1.23204e-08
-1.30768e-11
-1.23134e-08
-1.15739e-11
-1.23057e-08
-1.00726e-11
-1.22974e-08
-8.57291e-12
-1.22884e-08
-7.07497e-12
-1.22787e-08
-5.57875e-12
-1.22684e-08
-4.08428e-12
-1.22574e-08
-2.59162e-12
-1.22457e-08
-1.10081e-12
-1.22333e-08
3.881e-13
-1.22203e-08
1.87503e-12
-1.22067e-08
3.3599e-12
-1.21923e-08
4.84268e-12
-1.21774e-08
6.3233e-12
-1.21617e-08
7.80171e-12
-1.21455e-08
9.27783e-12
-1.21286e-08
1.07516e-11
-1.2111e-08
1.22227e-11
-1.20928e-08
1.36912e-11
-1.2074e-08
1.51568e-11
-1.20546e-08
1.66193e-11
-1.20345e-08
1.80783e-11
-1.20138e-08
1.95337e-11
-1.19925e-08
2.09849e-11
-1.19705e-08
2.24315e-11
-1.1948e-08
2.38732e-11
-1.19248e-08
2.53092e-11
-1.19011e-08
2.6739e-11
-1.18767e-08
2.81618e-11
-1.18517e-08
2.9577e-11
-1.18262e-08
3.09837e-11
-1.18e-08
3.2381e-11
-1.17733e-08
3.37681e-11
-1.1746e-08
3.51439e-11
-1.17181e-08
3.65076e-11
-1.16896e-08
3.78581e-11
-1.16605e-08
3.91945e-11
-1.16309e-08
4.05158e-11
-1.16008e-08
4.18213e-11
-1.15701e-08
4.31101e-11
-1.15388e-08
4.43817e-11
-1.1507e-08
4.56356e-11
-1.14746e-08
4.68717e-11
-1.14418e-08
4.809e-11
-1.14084e-08
4.9291e-11
-1.13745e-08
5.04755e-11
-1.134e-08
5.16447e-11
-1.13051e-08
5.28004e-11
-1.12697e-08
5.3945e-11
-1.12337e-08
5.50813e-11
-1.11973e-08
5.62131e-11
-1.11604e-08
5.73446e-11
-1.1123e-08
5.84809e-11
-1.10851e-08
5.96278e-11
-1.10468e-08
6.07921e-11
-1.1008e-08
6.19811e-11
-1.09686e-08
6.3203e-11
-1.09289e-08
6.44665e-11
-1.08886e-08
6.57813e-11
-1.08478e-08
6.71572e-11
-1.08066e-08
6.86043e-11
-1.07648e-08
7.01332e-11
-1.07225e-08
7.17541e-11
-1.06797e-08
7.34767e-11
-1.06364e-08
7.53101e-11
-1.05925e-08
7.72621e-11
-1.05481e-08
7.9339e-11
-1.05031e-08
8.15449e-11
-1.04575e-08
8.38812e-11
-1.04112e-08
8.63458e-11
-1.03643e-08
8.89328e-11
-1.03168e-08
9.16316e-11
-1.02686e-08
9.44262e-11
-1.02197e-08
9.72945e-11
-1.01701e-08
1.00207e-10
-1.01198e-08
1.03128e-10
-1.00689e-08
1.06013e-10
-1.00172e-08
1.08808e-10
-9.9648e-09
1.11451e-10
-9.91177e-09
1.13869e-10
-9.85811e-09
1.15983e-10
-9.80389e-09
1.177e-10
-9.74915e-09
1.18921e-10
-9.69399e-09
1.19539e-10
-9.63849e-09
1.19439e-10
-9.58279e-09
1.18499e-10
-9.52701e-09
1.16595e-10
-9.47131e-09
1.13603e-10
-9.41589e-09
1.09397e-10
-9.36093e-09
1.0386e-10
-9.30665e-09
9.68809e-11
-9.25328e-09
8.83653e-11
-9.20108e-09
7.82365e-11
-9.15028e-09
6.64434e-11
-9.10115e-09
5.29665e-11
-9.05391e-09
3.78256e-11
-9.00881e-09
2.10872e-11
-8.96602e-09
2.87328e-12
-8.92572e-09
-1.6632e-11
-8.88801e-09
-3.71703e-11
-8.85292e-09
-5.83968e-11
-8.82043e-09
-7.98724e-11
-8.79042e-09
-1.01053e-10
-8.76267e-09
-1.21281e-10
-8.73684e-09
-1.39776e-10
-8.71246e-09
-1.55625e-10
-8.68894e-09
-1.67786e-10
-8.66552e-09
-1.75081e-10
-8.64128e-09
-1.76202e-10
-8.61512e-09
-1.69729e-10
-8.58574e-09
-1.54145e-10
-8.55161e-09
-1.27875e-10
-8.51093e-09
-8.93326e-11
-8.46158e-09
-3.69857e-11
-8.40106e-09
3.05588e-11
-8.3264e-09
1.14451e-10
-8.23405e-09
2.15482e-10
-8.1198e-09
3.33936e-10
-7.97866e-09
4.69413e-10
-7.80488e-09
6.20619e-10
-7.59186e-09
7.8516e-10
-7.33237e-09
9.59327e-10
-7.01884e-09
1.1379e-09
-6.64395e-09
1.31405e-09
-6.20148e-09
1.47927e-09
-5.68761e-09
1.62363e-09
-5.10241e-09
1.73611e-09
-4.45165e-09
1.80539e-09
-3.74831e-09
1.82081e-09
-3.0138e-09
1.7737e-09
-2.27801e-09
1.65863e-09
-1.57817e-09
1.47458e-09
-9.56546e-10
1.22546e-09
-4.57396e-10
9.20031e-10
-1.2454e-10
5.71083e-10
1.94495e-10
-5.93513e-10
-6.33635e-11
5.26968e-10
-6.64353e-10
-6.74832e-11
-7.393e-10
-7.14392e-11
-8.18123e-10
-7.51962e-11
-9.0056e-10
-7.87266e-11
-9.86327e-10
-8.20104e-11
-1.07512e-09
-8.50353e-11
-1.16665e-09
-8.77965e-11
-1.26061e-09
-9.02954e-11
-1.35672e-09
-9.2539e-11
-1.4547e-09
-9.4538e-11
-1.55429e-09
-9.63066e-11
-1.65525e-09
-9.78606e-11
-1.75737e-09
-9.92171e-11
-1.86045e-09
-1.00393e-10
-1.96431e-09
-1.01406e-10
-2.06879e-09
-1.02273e-10
-2.17375e-09
-1.03007e-10
-2.27905e-09
-1.03624e-10
-2.38459e-09
-1.04137e-10
-2.49028e-09
-1.04556e-10
-2.59601e-09
-1.04892e-10
-2.70172e-09
-1.05155e-10
-2.80733e-09
-1.05351e-10
-2.91279e-09
-1.05489e-10
-3.01805e-09
-1.05574e-10
-3.12305e-09
-1.05611e-10
-3.22776e-09
-1.05606e-10
-3.33215e-09
-1.05562e-10
-3.43617e-09
-1.05484e-10
-3.53981e-09
-1.05374e-10
-3.64305e-09
-1.05235e-10
-3.74585e-09
-1.05071e-10
-3.8482e-09
-1.04883e-10
-3.95008e-09
-1.04673e-10
-4.05149e-09
-1.04444e-10
-4.1524e-09
-1.04198e-10
-4.25281e-09
-1.03935e-10
-4.35271e-09
-1.03658e-10
-4.4521e-09
-1.03368e-10
-4.55095e-09
-1.03066e-10
-4.64927e-09
-1.02753e-10
-4.74706e-09
-1.0243e-10
-4.8443e-09
-1.02098e-10
-4.941e-09
-1.01758e-10
-5.03715e-09
-1.01411e-10
-5.13275e-09
-1.01056e-10
-5.2278e-09
-1.00696e-10
-5.32229e-09
-1.00329e-10
-5.41622e-09
-9.99563e-11
-5.5096e-09
-9.95783e-11
-5.60241e-09
-9.9195e-11
-5.69467e-09
-9.88066e-11
-5.78635e-09
-9.8413e-11
-5.87748e-09
-9.80145e-11
-5.96803e-09
-9.76109e-11
-6.05801e-09
-9.72024e-11
-6.14742e-09
-9.67888e-11
-6.23626e-09
-9.63701e-11
-6.32452e-09
-9.59464e-11
-6.41219e-09
-9.55175e-11
-6.49929e-09
-9.50834e-11
-6.5858e-09
-9.4644e-11
-6.67172e-09
-9.41993e-11
-6.75706e-09
-9.37493e-11
-6.8418e-09
-9.32939e-11
-6.92594e-09
-9.28331e-11
-7.00948e-09
-9.23668e-11
-7.09243e-09
-9.1895e-11
-7.17476e-09
-9.14177e-11
-7.25649e-09
-9.09349e-11
-7.33761e-09
-9.04465e-11
-7.41811e-09
-8.99526e-11
-7.498e-09
-8.94533e-11
-7.57727e-09
-8.89484e-11
-7.65591e-09
-8.8438e-11
-7.73393e-09
-8.79223e-11
-7.81132e-09
-8.74011e-11
-7.88807e-09
-8.68746e-11
-7.96419e-09
-8.63427e-11
-8.03968e-09
-8.58056e-11
-8.11452e-09
-8.52634e-11
-8.18872e-09
-8.4716e-11
-8.26228e-09
-8.41635e-11
-8.33519e-09
-8.3606e-11
-8.40744e-09
-8.30435e-11
-8.47904e-09
-8.24761e-11
-8.54999e-09
-8.19039e-11
-8.62028e-09
-8.13269e-11
-8.68991e-09
-8.07451e-11
-8.75888e-09
-8.01587e-11
-8.82718e-09
-7.95676e-11
-8.89481e-09
-7.89718e-11
-8.96178e-09
-7.83715e-11
-9.02807e-09
-7.77666e-11
-9.09369e-09
-7.71572e-11
-9.15863e-09
-7.65434e-11
-9.2229e-09
-7.5925e-11
-9.28648e-09
-7.53023e-11
-9.34938e-09
-7.46751e-11
-9.4116e-09
-7.40436e-11
-9.47313e-09
-7.34078e-11
-9.53397e-09
-7.27678e-11
-9.59412e-09
-7.21235e-11
-9.65358e-09
-7.1475e-11
-9.71235e-09
-7.08224e-11
-9.77042e-09
-7.01657e-11
-9.82779e-09
-6.9505e-11
-9.88447e-09
-6.88403e-11
-9.94044e-09
-6.81718e-11
-9.99571e-09
-6.74994e-11
-1.00503e-08
-6.68232e-11
-1.01041e-08
-6.61434e-11
-1.01573e-08
-6.54599e-11
-1.02097e-08
-6.47728e-11
-1.02615e-08
-6.40822e-11
-1.03125e-08
-6.33882e-11
-1.03628e-08
-6.26907e-11
-1.04124e-08
-6.19898e-11
-1.04613e-08
-6.12856e-11
-1.05094e-08
-6.05782e-11
-1.05569e-08
-5.98675e-11
-1.06036e-08
-5.91537e-11
-1.06496e-08
-5.84368e-11
-1.06949e-08
-5.77168e-11
-1.07395e-08
-5.69937e-11
-1.07834e-08
-5.62678e-11
-1.08265e-08
-5.55389e-11
-1.08689e-08
-5.48072e-11
-1.09106e-08
-5.40727e-11
-1.09516e-08
-5.33355e-11
-1.09918e-08
-5.25957e-11
-1.10313e-08
-5.18533e-11
-1.10701e-08
-5.11084e-11
-1.11081e-08
-5.0361e-11
-1.11455e-08
-4.96113e-11
-1.11821e-08
-4.88593e-11
-1.12179e-08
-4.8105e-11
-1.12531e-08
-4.73484e-11
-1.12875e-08
-4.65898e-11
-1.13212e-08
-4.5829e-11
-1.13542e-08
-4.50663e-11
-1.13864e-08
-4.43015e-11
-1.14179e-08
-4.35349e-11
-1.14487e-08
-4.27663e-11
-1.14787e-08
-4.1996e-11
-1.1508e-08
-4.12239e-11
-1.15366e-08
-4.04502e-11
-1.15645e-08
-3.96748e-11
-1.15916e-08
-3.88978e-11
-1.1618e-08
-3.81193e-11
-1.16437e-08
-3.73393e-11
-1.16687e-08
-3.65578e-11
-1.16929e-08
-3.57749e-11
-1.17164e-08
-3.49907e-11
-1.17392e-08
-3.42052e-11
-1.17612e-08
-3.34183e-11
-1.17826e-08
-3.26303e-11
-1.18032e-08
-3.1841e-11
-1.1823e-08
-3.10506e-11
-1.18422e-08
-3.0259e-11
-1.18606e-08
-2.94664e-11
-1.18783e-08
-2.86727e-11
-1.18953e-08
-2.78781e-11
-1.19116e-08
-2.70825e-11
-1.19271e-08
-2.6286e-11
-1.19419e-08
-2.54887e-11
-1.1956e-08
-2.46905e-11
-1.19694e-08
-2.38916e-11
-1.19821e-08
-2.3092e-11
-1.1994e-08
-2.22917e-11
-1.20053e-08
-2.14908e-11
-1.20158e-08
-2.06894e-11
-1.20256e-08
-1.98875e-11
-1.20347e-08
-1.90851e-11
-1.2043e-08
-1.82824e-11
-1.20507e-08
-1.74793e-11
-1.20577e-08
-1.6676e-11
-1.20639e-08
-1.58724e-11
-1.20695e-08
-1.50687e-11
-1.20743e-08
-1.42649e-11
-1.20784e-08
-1.3461e-11
-1.20819e-08
-1.26571e-11
-1.20846e-08
-1.18532e-11
-1.20866e-08
-1.10494e-11
-1.2088e-08
-1.02456e-11
-1.20886e-08
-9.44206e-12
-1.20885e-08
-8.63865e-12
-1.20878e-08
-7.83541e-12
-1.20863e-08
-7.03237e-12
-1.20842e-08
-6.22956e-12
-1.20813e-08
-5.42699e-12
-1.20778e-08
-4.6247e-12
-1.20736e-08
-3.82272e-12
-1.20687e-08
-3.02105e-12
-1.20631e-08
-2.2197e-12
-1.20569e-08
-1.41869e-12
-1.20499e-08
-6.18057e-13
-1.20423e-08
1.82148e-13
-1.2034e-08
9.81859e-13
-1.2025e-08
1.781e-12
-1.20154e-08
2.5795e-12
-1.20051e-08
3.37726e-12
-1.19941e-08
4.17417e-12
-1.19824e-08
4.9701e-12
-1.19701e-08
5.76486e-12
-1.19572e-08
6.55827e-12
-1.19435e-08
7.35009e-12
-1.19292e-08
8.14004e-12
-1.19143e-08
8.92781e-12
-1.18987e-08
9.71306e-12
-1.18824e-08
1.04954e-11
-1.18656e-08
1.12743e-11
-1.1848e-08
1.20495e-11
-1.18299e-08
1.28202e-11
-1.18111e-08
1.3586e-11
-1.17916e-08
1.43463e-11
-1.17716e-08
1.51004e-11
-1.17509e-08
1.58478e-11
-1.17297e-08
1.65877e-11
-1.17078e-08
1.73196e-11
-1.16853e-08
1.80427e-11
-1.16623e-08
1.87566e-11
-1.16386e-08
1.94606e-11
-1.16144e-08
2.01544e-11
-1.15896e-08
2.08377e-11
-1.15642e-08
2.15102e-11
-1.15383e-08
2.2172e-11
-1.15118e-08
2.28232e-11
-1.14848e-08
2.34644e-11
-1.14573e-08
2.40962e-11
-1.14292e-08
2.47197e-11
-1.14006e-08
2.53364e-11
-1.13715e-08
2.5948e-11
-1.13418e-08
2.65569e-11
-1.13116e-08
2.71658e-11
-1.12809e-08
2.7778e-11
-1.12497e-08
2.83971e-11
-1.12179e-08
2.90275e-11
-1.11856e-08
2.96739e-11
-1.11528e-08
3.03418e-11
-1.11193e-08
3.10369e-11
-1.10853e-08
3.17654e-11
-1.10507e-08
3.2534e-11
-1.10154e-08
3.33494e-11
-1.09795e-08
3.42186e-11
-1.09429e-08
3.51487e-11
-1.09056e-08
3.61463e-11
-1.08675e-08
3.72177e-11
-1.08286e-08
3.83685e-11
-1.07889e-08
3.96035e-11
-1.07482e-08
4.09258e-11
-1.07067e-08
4.2337e-11
-1.06642e-08
4.38366e-11
-1.06207e-08
4.54217e-11
-1.05761e-08
4.70861e-11
-1.05305e-08
4.88203e-11
-1.04838e-08
5.06108e-11
-1.04361e-08
5.24399e-11
-1.03872e-08
5.42846e-11
-1.03373e-08
5.6117e-11
-1.02864e-08
5.7903e-11
-1.02346e-08
5.96031e-11
-1.01819e-08
6.11711e-11
-1.01285e-08
6.25548e-11
-1.00744e-08
6.36955e-11
-1.00201e-08
6.45288e-11
-9.9655e-09
6.49843e-11
-9.91105e-09
6.4987e-11
-9.85701e-09
6.44576e-11
-9.80373e-09
6.33138e-11
-9.7516e-09
6.1472e-11
-9.70105e-09
5.88488e-11
-9.65255e-09
5.5363e-11
-9.60661e-09
5.09383e-11
-9.56375e-09
4.55062e-11
-9.52452e-09
3.90085e-11
-9.48948e-09
3.14021e-11
-9.45918e-09
2.26619e-11
-9.43414e-09
1.27862e-11
-9.41485e-09
1.80147e-12
-9.40175e-09
-1.02324e-11
-9.39517e-09
-2.32146e-11
-9.39534e-09
-3.69961e-11
-9.40237e-09
-5.13731e-11
-9.41616e-09
-6.60799e-11
-9.43643e-09
-8.07809e-11
-9.46265e-09
-9.50621e-11
-9.49401e-09
-1.08424e-10
-9.52936e-09
-1.20273e-10
-9.56722e-09
-1.29921e-10
-9.60573e-09
-1.36578e-10
-9.64257e-09
-1.39358e-10
-9.67502e-09
-1.37284e-10
-9.69985e-09
-1.2931e-10
-9.71339e-09
-1.1434e-10
-9.71146e-09
-9.12682e-11
-9.68941e-09
-5.90331e-11
-9.64217e-09
-1.66826e-11
-9.56425e-09
3.65316e-11
-9.44982e-09
1.01049e-10
-9.29277e-09
1.76891e-10
-9.08689e-09
2.63531e-10
-8.82604e-09
3.59767e-10
-8.50447e-09
4.6359e-10
-8.11723e-09
5.72083e-10
-7.66068e-09
6.81365e-10
-7.13324e-09
7.86604e-10
-6.5361e-09
8.8213e-10
-5.87414e-09
9.61674e-10
-5.15678e-09
1.01876e-09
-4.3986e-09
1.04721e-09
-3.61959e-09
1.04181e-09
-2.84487e-09
9.98985e-10
-2.10366e-09
9.17429e-10
-1.42768e-09
7.98596e-10
-8.49181e-10
6.46956e-10
-3.99226e-10
4.7007e-10
-1.06894e-10
2.78747e-10
8.76004e-11
-3.96189e-10
-1.75466e-11
3.50372e-10
-4.44951e-10
-1.87214e-11
-4.9654e-10
-1.98498e-11
-5.50816e-10
-2.09208e-11
-6.07616e-10
-2.19268e-11
-6.66764e-10
-2.28624e-11
-7.28074e-10
-2.37246e-11
-7.91359e-10
-2.45123e-11
-8.56428e-10
-2.52263e-11
-9.23098e-10
-2.58689e-11
-9.91192e-10
-2.64436e-11
-1.06054e-09
-2.69547e-11
-1.131e-09
-2.74071e-11
-1.20241e-09
-2.78058e-11
-1.27465e-09
-2.81559e-11
-1.34759e-09
-2.84623e-11
-1.42113e-09
-2.87297e-11
-1.49518e-09
-2.89623e-11
-1.56964e-09
-2.91641e-11
-1.64444e-09
-2.93385e-11
-1.7195e-09
-2.94886e-11
-1.79478e-09
-2.96171e-11
-1.87021e-09
-2.97263e-11
-1.94574e-09
-2.98182e-11
-2.02134e-09
-2.98945e-11
-2.09695e-09
-2.99568e-11
-2.17256e-09
-3.00064e-11
-2.24812e-09
-3.00443e-11
-2.32361e-09
-3.00715e-11
-2.39901e-09
-3.0089e-11
-2.47428e-09
-3.00975e-11
-2.54942e-09
-3.00977e-11
-2.6244e-09
-3.00903e-11
-2.69921e-09
-3.00757e-11
-2.77383e-09
-3.00547e-11
-2.84824e-09
-3.00275e-11
-2.92245e-09
-2.99949e-11
-2.99642e-09
-2.99571e-11
-3.07017e-09
-2.99145e-11
-3.14367e-09
-2.98676e-11
-3.21692e-09
-2.98167e-11
-3.28991e-09
-2.97621e-11
-3.36263e-09
-2.97041e-11
-3.43509e-09
-2.9643e-11
-3.50727e-09
-2.9579e-11
-3.57916e-09
-2.95123e-11
-3.65078e-09
-2.94431e-11
-3.7221e-09
-2.93716e-11
-3.79313e-09
-2.92978e-11
-3.86387e-09
-2.92219e-11
-3.9343e-09
-2.9144e-11
-4.00443e-09
-2.90641e-11
-4.07426e-09
-2.89823e-11
-4.14377e-09
-2.88986e-11
-4.21297e-09
-2.8813e-11
-4.28186e-09
-2.87256e-11
-4.35042e-09
-2.86364e-11
-4.41867e-09
-2.85453e-11
-4.48659e-09
-2.84524e-11
-4.55417e-09
-2.83577e-11
-4.62143e-09
-2.82611e-11
-4.68835e-09
-2.81626e-11
-4.75493e-09
-2.80623e-11
-4.82117e-09
-2.79601e-11
-4.88707e-09
-2.7856e-11
-4.95261e-09
-2.775e-11
-5.0178e-09
-2.7642e-11
-5.08264e-09
-2.75322e-11
-5.14711e-09
-2.74204e-11
-5.21122e-09
-2.73066e-11
-5.27496e-09
-2.71909e-11
-5.33834e-09
-2.70733e-11
-5.40134e-09
-2.69537e-11
-5.46396e-09
-2.68322e-11
-5.5262e-09
-2.67087e-11
-5.58805e-09
-2.65834e-11
-5.64952e-09
-2.64561e-11
-5.71059e-09
-2.63269e-11
-5.77127e-09
-2.61958e-11
-5.83155e-09
-2.60628e-11
-5.89143e-09
-2.59279e-11
-5.9509e-09
-2.57912e-11
-6.00996e-09
-2.56527e-11
-6.06862e-09
-2.55124e-11
-6.12685e-09
-2.53702e-11
-6.18467e-09
-2.52263e-11
-6.24206e-09
-2.50807e-11
-6.29903e-09
-2.49333e-11
-6.35558e-09
-2.47841e-11
-6.41169e-09
-2.46333e-11
-6.46737e-09
-2.44807e-11
-6.52261e-09
-2.43265e-11
-6.57741e-09
-2.41706e-11
-6.63177e-09
-2.4013e-11
-6.68568e-09
-2.38538e-11
-6.73915e-09
-2.36929e-11
-6.79216e-09
-2.35304e-11
-6.84472e-09
-2.33663e-11
-6.89682e-09
-2.32006e-11
-6.94846e-09
-2.30332e-11
-6.99964e-09
-2.28643e-11
-7.05035e-09
-2.26938e-11
-7.1006e-09
-2.25217e-11
-7.15038e-09
-2.2348e-11
-7.19968e-09
-2.21728e-11
-7.2485e-09
-2.1996e-11
-7.29685e-09
-2.18178e-11
-7.34472e-09
-2.1638e-11
-7.3921e-09
-2.14568e-11
-7.439e-09
-2.12741e-11
-7.48541e-09
-2.10899e-11
-7.53133e-09
-2.09043e-11
-7.57675e-09
-2.07173e-11
-7.62169e-09
-2.0529e-11
-7.66612e-09
-2.03392e-11
-7.71005e-09
-2.01481e-11
-7.75349e-09
-1.99557e-11
-7.79641e-09
-1.97619e-11
-7.83884e-09
-1.95669e-11
-7.88075e-09
-1.93705e-11
-7.92216e-09
-1.91729e-11
-7.96305e-09
-1.8974e-11
-8.00343e-09
-1.87739e-11
-8.0433e-09
-1.85725e-11
-8.08264e-09
-1.837e-11
-8.12147e-09
-1.81662e-11
-8.15978e-09
-1.79612e-11
-8.19756e-09
-1.77551e-11
-8.23482e-09
-1.75479e-11
-8.27155e-09
-1.73395e-11
-8.30776e-09
-1.713e-11
-8.34343e-09
-1.69194e-11
-8.37858e-09
-1.67078e-11
-8.41319e-09
-1.64951e-11
-8.44727e-09
-1.62814e-11
-8.48082e-09
-1.60666e-11
-8.51383e-09
-1.58509e-11
-8.5463e-09
-1.56343e-11
-8.57823e-09
-1.54166e-11
-8.60962e-09
-1.51981e-11
-8.64047e-09
-1.49786e-11
-8.67078e-09
-1.47583e-11
-8.70054e-09
-1.4537e-11
-8.72976e-09
-1.43149e-11
-8.75844e-09
-1.4092e-11
-8.78657e-09
-1.38683e-11
-8.81415e-09
-1.36437e-11
-8.84118e-09
-1.34184e-11
-8.86766e-09
-1.31923e-11
-8.89359e-09
-1.29654e-11
-8.91897e-09
-1.27378e-11
-8.9438e-09
-1.25095e-11
-8.96808e-09
-1.22805e-11
-8.99181e-09
-1.20508e-11
-9.01498e-09
-1.18204e-11
-9.03759e-09
-1.15894e-11
-9.05965e-09
-1.13577e-11
-9.08116e-09
-1.11253e-11
-9.10211e-09
-1.08923e-11
-9.1225e-09
-1.06588e-11
-9.14233e-09
-1.04246e-11
-9.16161e-09
-1.01898e-11
-9.18033e-09
-9.95445e-12
-9.19849e-09
-9.71855e-12
-9.21609e-09
-9.48209e-12
-9.23313e-09
-9.24511e-12
-9.24961e-09
-9.00761e-12
-9.26553e-09
-8.76961e-12
-9.28089e-09
-8.53113e-12
-9.29569e-09
-8.29217e-12
-9.30993e-09
-8.05276e-12
-9.32361e-09
-7.81292e-12
-9.33672e-09
-7.57266e-12
-9.34928e-09
-7.33199e-12
-9.36127e-09
-7.09095e-12
-9.37271e-09
-6.84955e-12
-9.38358e-09
-6.6078e-12
-9.39389e-09
-6.36572e-12
-9.40364e-09
-6.12334e-12
-9.41283e-09
-5.88066e-12
-9.42145e-09
-5.63771e-12
-9.42952e-09
-5.39451e-12
-9.43703e-09
-5.15106e-12
-9.44397e-09
-4.90738e-12
-9.45036e-09
-4.66348e-12
-9.45618e-09
-4.41938e-12
-9.46145e-09
-4.1751e-12
-9.46616e-09
-3.93062e-12
-9.47031e-09
-3.68597e-12
-9.4739e-09
-3.44115e-12
-9.47693e-09
-3.19617e-12
-9.47941e-09
-2.95102e-12
-9.48133e-09
-2.70572e-12
-9.48269e-09
-2.46027e-12
-9.4835e-09
-2.21465e-12
-9.48375e-09
-1.96889e-12
-9.48344e-09
-1.72297e-12
-9.48258e-09
-1.47691e-12
-9.48117e-09
-1.23072e-12
-9.4792e-09
-9.84428e-13
-9.47669e-09
-7.38024e-13
-9.47361e-09
-4.91536e-13
-9.46999e-09
-2.44985e-13
-9.46582e-09
1.58971e-15
-9.4611e-09
2.48147e-13
-9.45583e-09
4.94625e-13
-9.45001e-09
7.40965e-13
-9.44365e-09
9.87086e-13
-9.43674e-09
1.23291e-12
-9.42929e-09
1.47832e-12
-9.4213e-09
1.7232e-12
-9.41277e-09
1.96743e-12
-9.40371e-09
2.21084e-12
-9.39411e-09
2.45326e-12
-9.38399e-09
2.69451e-12
-9.37334e-09
2.93438e-12
-9.36216e-09
3.17265e-12
-9.35047e-09
3.40909e-12
-9.33827e-09
3.64345e-12
-9.32555e-09
3.87548e-12
-9.31234e-09
4.10493e-12
-9.29863e-09
4.33154e-12
-9.28443e-09
4.55506e-12
-9.26974e-09
4.77526e-12
-9.25458e-09
4.99193e-12
-9.23895e-09
5.2049e-12
-9.22285e-09
5.41405e-12
-9.2063e-09
5.61929e-12
-9.1893e-09
5.82062e-12
-9.17185e-09
6.01813e-12
-9.15396e-09
6.212e-12
-9.13565e-09
6.40251e-12
-9.1169e-09
6.59009e-12
-9.09773e-09
6.77532e-12
-9.07813e-09
6.95892e-12
-9.05811e-09
7.1418e-12
-9.03765e-09
7.32506e-12
-9.01677e-09
7.51e-12
-8.99544e-09
7.69812e-12
-8.97365e-09
7.89114e-12
-8.9514e-09
8.091e-12
-8.92867e-09
8.29984e-12
-8.90542e-09
8.51998e-12
-8.88164e-09
8.75394e-12
-8.8573e-09
9.00438e-12
-8.83235e-09
9.27405e-12
-8.80677e-09
9.56577e-12
-8.7805e-09
9.88234e-12
-8.75351e-09
1.02265e-11
-8.72575e-09
1.06008e-11
-8.69715e-09
1.10074e-11
-8.66767e-09
1.14483e-11
-8.63726e-09
1.19248e-11
-8.60586e-09
1.24375e-11
-8.57342e-09
1.29862e-11
-8.53991e-09
1.35696e-11
-8.50527e-09
1.41854e-11
-8.46949e-09
1.48295e-11
-8.43255e-09
1.54967e-11
-8.39444e-09
1.61795e-11
-8.3552e-09
1.68689e-11
-8.31485e-09
1.75534e-11
-8.27346e-09
1.82194e-11
-8.23114e-09
1.8851e-11
-8.18802e-09
1.94295e-11
-8.14425e-09
1.99341e-11
-8.10007e-09
2.03412e-11
-8.05571e-09
2.06252e-11
-8.01148e-09
2.07579e-11
-7.96773e-09
2.07096e-11
-7.92487e-09
2.04487e-11
-7.88334e-09
1.99426e-11
-7.84365e-09
1.91581e-11
-7.80635e-09
1.80621e-11
-7.77203e-09
1.66225e-11
-7.74133e-09
1.48088e-11
-7.71492e-09
1.25933e-11
-7.69347e-09
9.95257e-12
-7.67768e-09
6.86833e-12
-7.66822e-09
3.3294e-12
-7.66575e-09
-6.66682e-13
-7.67087e-09
-5.11121e-12
-7.68411e-09
-9.98143e-12
-7.70587e-09
-1.52384e-11
-7.73642e-09
-2.08242e-11
-7.77584e-09
-2.66588e-11
-7.82398e-09
-3.26361e-11
-7.88043e-09
-3.862e-11
-7.94441e-09
-4.44407e-11
-8.01479e-09
-4.98897e-11
-8.09e-09
-5.47174e-11
-8.16795e-09
-5.86292e-11
-8.24602e-09
-6.12849e-11
-8.32101e-09
-6.2299e-11
-8.38907e-09
-6.12452e-11
-8.44575e-09
-5.76647e-11
-8.48594e-09
-5.10798e-11
-8.50396e-09
-4.1015e-11
-8.49362e-09
-2.70246e-11
-8.44836e-09
-8.73165e-12
-8.36142e-09
1.41174e-11
-8.22612e-09
4.15888e-11
-8.0361e-09
7.35095e-11
-7.78575e-09
1.09408e-10
-7.47061e-09
1.4846e-10
-7.08798e-09
1.89442e-10
-6.63733e-09
2.30722e-10
-6.12101e-09
2.70278e-10
-5.54465e-09
3.05773e-10
-4.91765e-09
3.34675e-10
-4.25334e-09
3.54448e-10
-3.56891e-09
3.62773e-10
-2.88491e-09
3.57817e-10
-2.22441e-09
3.38484e-10
-1.61164e-09
3.04663e-10
-1.07047e-09
2.57421e-10
-6.22678e-10
1.99167e-10
-2.86465e-10
1.33855e-10
-7.5307e-11
6.75884e-11
1.22934e-11
-1.37483e-10
1.19936e-10
-1.56204e-10
-1.76054e-10
-1.96975e-10
-2.18902e-10
-2.41764e-10
-2.65489e-10
-2.90001e-10
-3.15227e-10
-3.41096e-10
-3.6754e-10
-3.94495e-10
-4.21902e-10
-4.49707e-10
-4.77863e-10
-5.06326e-10
-5.35055e-10
-5.64018e-10
-5.93182e-10
-6.2252e-10
-6.52009e-10
-6.81626e-10
-7.11352e-10
-7.4117e-10
-7.71065e-10
-8.01022e-10
-8.31028e-10
-8.61072e-10
-8.91144e-10
-9.21233e-10
-9.51331e-10
-9.81428e-10
-1.01152e-09
-1.04159e-09
-1.07165e-09
-1.10168e-09
-1.13167e-09
-1.16163e-09
-1.19154e-09
-1.22141e-09
-1.25123e-09
-1.28099e-09
-1.31069e-09
-1.34034e-09
-1.36992e-09
-1.39943e-09
-1.42887e-09
-1.45824e-09
-1.48754e-09
-1.51676e-09
-1.54591e-09
-1.57497e-09
-1.60395e-09
-1.63285e-09
-1.66166e-09
-1.69039e-09
-1.71903e-09
-1.74757e-09
-1.77602e-09
-1.80438e-09
-1.83264e-09
-1.86081e-09
-1.88887e-09
-1.91683e-09
-1.94468e-09
-1.97243e-09
-2.00008e-09
-2.02761e-09
-2.05503e-09
-2.08234e-09
-2.10953e-09
-2.1366e-09
-2.16355e-09
-2.19039e-09
-2.21709e-09
-2.24368e-09
-2.27013e-09
-2.29646e-09
-2.32266e-09
-2.34872e-09
-2.37465e-09
-2.40044e-09
-2.42609e-09
-2.4516e-09
-2.47697e-09
-2.5022e-09
-2.52728e-09
-2.55221e-09
-2.577e-09
-2.60163e-09
-2.62611e-09
-2.65044e-09
-2.67461e-09
-2.69862e-09
-2.72248e-09
-2.74617e-09
-2.7697e-09
-2.79307e-09
-2.81627e-09
-2.8393e-09
-2.86216e-09
-2.88486e-09
-2.90738e-09
-2.92973e-09
-2.9519e-09
-2.9739e-09
-2.99571e-09
-3.01735e-09
-3.03881e-09
-3.06008e-09
-3.08117e-09
-3.10208e-09
-3.12279e-09
-3.14332e-09
-3.16366e-09
-3.18381e-09
-3.20377e-09
-3.22353e-09
-3.24309e-09
-3.26247e-09
-3.28164e-09
-3.30061e-09
-3.31939e-09
-3.33796e-09
-3.35633e-09
-3.37449e-09
-3.39246e-09
-3.41021e-09
-3.42776e-09
-3.4451e-09
-3.46223e-09
-3.47915e-09
-3.49586e-09
-3.51235e-09
-3.52863e-09
-3.5447e-09
-3.56055e-09
-3.57618e-09
-3.5916e-09
-3.6068e-09
-3.62178e-09
-3.63654e-09
-3.65107e-09
-3.66539e-09
-3.67948e-09
-3.69335e-09
-3.70699e-09
-3.72041e-09
-3.7336e-09
-3.74657e-09
-3.75931e-09
-3.77182e-09
-3.7841e-09
-3.79615e-09
-3.80797e-09
-3.81956e-09
-3.83091e-09
-3.84204e-09
-3.85293e-09
-3.86359e-09
-3.87402e-09
-3.8842e-09
-3.89416e-09
-3.90388e-09
-3.91336e-09
-3.92261e-09
-3.93161e-09
-3.94038e-09
-3.94891e-09
-3.95721e-09
-3.96526e-09
-3.97307e-09
-3.98064e-09
-3.98798e-09
-3.99507e-09
-4.00192e-09
-4.00852e-09
-4.01489e-09
-4.02101e-09
-4.02689e-09
-4.03253e-09
-4.03793e-09
-4.04308e-09
-4.04798e-09
-4.05265e-09
-4.05707e-09
-4.06124e-09
-4.06517e-09
-4.06886e-09
-4.0723e-09
-4.0755e-09
-4.07845e-09
-4.08115e-09
-4.08361e-09
-4.08583e-09
-4.0878e-09
-4.08952e-09
-4.091e-09
-4.09223e-09
-4.09321e-09
-4.09395e-09
-4.09444e-09
-4.09469e-09
-4.09469e-09
-4.09444e-09
-4.09394e-09
-4.0932e-09
-4.09221e-09
-4.09098e-09
-4.0895e-09
-4.08778e-09
-4.08581e-09
-4.0836e-09
-4.08115e-09
-4.07845e-09
-4.07552e-09
-4.07235e-09
-4.06894e-09
-4.06529e-09
-4.06142e-09
-4.05731e-09
-4.05298e-09
-4.04843e-09
-4.04365e-09
-4.03866e-09
-4.03346e-09
-4.02804e-09
-4.02242e-09
-4.0166e-09
-4.01058e-09
-4.00437e-09
-3.99797e-09
-3.99138e-09
-3.9846e-09
-3.97764e-09
-3.9705e-09
-3.96318e-09
-3.95567e-09
-3.94797e-09
-3.94008e-09
-3.93199e-09
-3.92369e-09
-3.91517e-09
-3.90641e-09
-3.89741e-09
-3.88814e-09
-3.87857e-09
-3.86869e-09
-3.85846e-09
-3.84786e-09
-3.83685e-09
-3.8254e-09
-3.81348e-09
-3.80104e-09
-3.78806e-09
-3.77449e-09
-3.7603e-09
-3.74547e-09
-3.72997e-09
-3.71379e-09
-3.69693e-09
-3.67937e-09
-3.66115e-09
-3.6423e-09
-3.62287e-09
-3.60294e-09
-3.5826e-09
-3.56197e-09
-3.54121e-09
-3.5205e-09
-3.50006e-09
-3.48011e-09
-3.46096e-09
-3.44289e-09
-3.42627e-09
-3.41146e-09
-3.39887e-09
-3.38892e-09
-3.38205e-09
-3.37872e-09
-3.37939e-09
-3.3845e-09
-3.39448e-09
-3.40972e-09
-3.43054e-09
-3.4572e-09
-3.48984e-09
-3.52846e-09
-3.5729e-09
-3.62279e-09
-3.67751e-09
-3.73614e-09
-3.79742e-09
-3.85972e-09
-3.92097e-09
-3.97863e-09
-4.02971e-09
-4.07073e-09
-4.09775e-09
-4.10649e-09
-4.09237e-09
-4.05078e-09
-3.97727e-09
-3.86787e-09
-3.7194e-09
-3.52996e-09
-3.29924e-09
-3.02896e-09
-2.72319e-09
-2.38851e-09
-2.03406e-09
-1.67129e-09
-1.31347e-09
-9.74991e-10
-6.70326e-10
-4.12905e-10
-2.13738e-10
-7.9882e-11
-1.22934e-11
-5.89259e-15
5.89235e-15
-3.60269e-14
3.01339e-14
-9.47028e-14
5.86755e-14
-1.82153e-13
8.74501e-14
-2.97404e-13
1.1525e-13
-4.39076e-13
1.41671e-13
-6.05778e-13
1.66702e-13
-7.96308e-13
1.90529e-13
-1.00973e-12
2.13422e-13
-1.24539e-12
2.35655e-13
-1.50284e-12
2.57456e-13
-1.78182e-12
2.78981e-13
-2.08211e-12
3.00291e-13
-2.40345e-12
3.21333e-13
-2.74537e-12
3.41924e-13
-3.1071e-12
3.6173e-13
-3.48734e-12
3.8024e-13
-3.88408e-12
3.96738e-13
-4.29434e-12
4.10257e-13
-4.71387e-12
4.19532e-13
-5.1368e-12
4.22933e-13
-5.55519e-12
4.18382e-13
-5.95843e-12
4.03247e-13
-6.33264e-12
3.74206e-13
-6.65971e-12
3.27074e-13
-6.9163e-12
2.56586e-13
-7.07241e-12
1.56109e-13
-7.0897e-12
1.7286e-14
-6.91926e-12
-1.7044e-13
-6.49882e-12
-4.20435e-13
-5.74914e-12
-7.49683e-13
-4.56929e-12
-1.17985e-12
-2.83057e-12
-1.73872e-12
-3.68452e-13
-2.46211e-12
3.02809e-12
-3.39654e-12
7.63101e-12
-4.60292e-12
1.37928e-11
-6.16184e-12
2.19743e-11
-8.18142e-12
3.27834e-11
-1.08091e-11
4.70337e-11
-1.42503e-11
6.58317e-11
-1.8798e-11
9.07145e-11
-2.48828e-11
1.23876e-10
-3.31614e-11
1.68556e-10
-4.46798e-11
2.29729e-10
-6.11732e-11
3.15295e-10
-8.55659e-11
4.38145e-10
-1.2285e-10
6.20705e-10
-1.8256e-10
9.07964e-10
-2.87259e-10
-4.9149e-10
-4.28594e-14
4.87513e-14
-1.60635e-13
1.47909e-13
-3.46951e-13
2.44991e-13
-5.97093e-13
3.3759e-13
-9.06777e-13
4.24934e-13
-1.27222e-12
5.07111e-13
-1.69014e-12
5.84621e-13
-2.15773e-12
6.58117e-13
-2.67254e-12
7.28237e-13
-3.23237e-12
7.95478e-13
-3.83503e-12
8.60115e-13
-4.47817e-12
9.22121e-13
-5.15899e-12
9.8111e-13
-5.87393e-12
1.03627e-12
-6.61829e-12
1.08629e-12
-7.38585e-12
1.12929e-12
-8.16831e-12
1.1627e-12
-8.95475e-12
1.18317e-12
-9.73088e-12
1.18639e-12
-1.04783e-11
1.16691e-12
-1.11732e-11
1.11791e-12
-1.17858e-11
1.03095e-12
-1.22781e-11
8.95553e-13
-1.26027e-11
6.98803e-13
-1.27004e-11
4.24805e-13
-1.24979e-11
5.39913e-14
-1.1904e-11
-4.37715e-13
-1.08068e-11
-1.07996e-12
-9.06792e-12
-1.9093e-12
-6.5175e-12
-2.97086e-12
-2.94669e-12
-4.32049e-12
1.9009e-12
-6.02744e-12
8.33997e-12
-8.1778e-12
1.67568e-11
-1.0879e-11
2.76257e-11
-1.42654e-11
4.15286e-11
-1.85059e-11
5.91803e-11
-2.38135e-11
8.1457e-11
-3.04582e-11
1.09432e-10
-3.87838e-11
1.44412e-10
-4.92309e-11
1.87981e-10
-6.23671e-11
2.42027e-10
-7.89283e-11
3.08741e-10
-9.98759e-11
3.90535e-10
-1.26474e-10
4.89746e-10
-1.60384e-10
6.07956e-10
-2.03776e-10
7.44637e-10
-2.59531e-10
8.93867e-10
-3.3179e-10
1.03307e-09
-4.26467e-10
-5.47434e-10
-6.90191e-14
1.1777e-13
-2.5292e-13
3.31808e-13
-5.34938e-13
5.27008e-13
-9.03207e-13
7.05858e-13
-1.34886e-12
8.70584e-13
-1.86503e-12
1.02329e-12
-2.44626e-12
1.16585e-12
-3.08798e-12
1.29983e-12
-3.78613e-12
1.42639e-12
-4.53681e-12
1.54615e-12
-5.3359e-12
1.65921e-12
-6.17872e-12
1.76494e-12
-7.0596e-12
1.86199e-12
-7.97146e-12
1.94813e-12
-8.90531e-12
2.02013e-12
-9.84965e-12
2.07363e-12
-1.07899e-11
2.10291e-12
-1.17074e-11
2.10073e-12
-1.25791e-11
2.05802e-12
-1.33757e-11
1.96357e-12
-1.40615e-11
1.80367e-12
-1.45921e-11
1.5616e-12
-1.49137e-11
1.21712e-12
-1.49607e-11
7.45802e-13
-1.46541e-11
1.18197e-13
-1.3899e-11
-7.0108e-13
-1.25822e-11
-1.75451e-12
-1.05691e-11
-3.09305e-12
-7.70064e-12
-4.77779e-12
-3.78959e-12
-6.88191e-12
1.38304e-12
-9.49312e-12
8.07207e-12
-1.27165e-11
1.65721e-11
-1.66778e-11
2.72212e-11
-2.15281e-11
4.04036e-11
-2.74478e-11
5.65515e-11
-3.46537e-11
7.61431e-11
-4.34051e-11
9.96974e-11
-5.40125e-11
1.27761e-10
-6.68472e-11
1.60882e-10
-8.23523e-11
1.99569e-10
-1.01054e-10
2.44215e-10
-1.23574e-10
2.94981e-10
-1.50641e-10
3.51598e-10
-1.83091e-10
4.13074e-10
-2.21859e-10
4.77229e-10
-2.67931e-10
5.39966e-10
-3.22269e-10
5.93807e-10
-3.8563e-10
6.25403e-10
-4.58063e-10
-5.37602e-10
-7.57858e-14
1.93555e-13
-2.7699e-13
5.33011e-13
-5.83642e-13
8.33658e-13
-9.80972e-13
1.10319e-12
-1.4578e-12
1.34741e-12
-2.00546e-12
1.57095e-12
-2.61705e-12
1.77744e-12
-3.28678e-12
1.96956e-12
-4.00945e-12
2.14906e-12
-4.78e-12
2.3167e-12
-5.59303e-12
2.47224e-12
-6.44242e-12
2.61433e-12
-7.32086e-12
2.74043e-12
-8.21941e-12
2.84667e-12
-9.12695e-12
2.92767e-12
-1.00297e-11
2.97636e-12
-1.09105e-11
2.9837e-12
-1.17482e-11
2.93846e-12
-1.2517e-11
2.82679e-12
-1.31853e-11
2.6319e-12
-1.37152e-11
2.33356e-12
-1.40611e-11
1.90752e-12
-1.41689e-11
1.32493e-12
-1.39747e-11
5.51603e-13
-1.34037e-11
-4.52874e-13
-1.23687e-11
-1.73607e-12
-1.07694e-11
-3.35383e-12
-8.49084e-12
-5.37157e-12
-5.40296e-12
-7.86567e-12
-1.35974e-12
-1.09251e-11
3.8005e-12
-1.46534e-11
1.02542e-11
-1.91702e-11
1.81905e-11
-2.46141e-11
2.78068e-11
-3.11444e-11
3.93028e-11
-3.89438e-11
5.28701e-11
-4.8221e-11
6.86772e-11
-5.92123e-11
8.68488e-11
-7.21841e-11
1.07435e-10
-8.74333e-11
1.30369e-10
-1.05287e-10
1.55414e-10
-1.26098e-10
1.82081e-10
-1.50241e-10
2.09535e-10
-1.78095e-10
2.36468e-10
-2.10024e-10
2.60947e-10
-2.46339e-10
2.80257e-10
-2.87241e-10
2.90733e-10
-3.32745e-10
2.8765e-10
-3.82547e-10
2.65419e-10
-4.35831e-10
-4.90999e-10
-6.25265e-14
2.5608e-13
-2.29224e-13
6.99707e-13
-4.83569e-13
1.088e-12
-8.12921e-13
1.43254e-12
-1.20747e-12
1.74196e-12
-1.65949e-12
2.02296e-12
-2.1627e-12
2.28065e-12
-2.71179e-12
2.51865e-12
-3.30196e-12
2.73923e-12
-3.92854e-12
2.94327e-12
-4.58659e-12
3.13029e-12
-5.27063e-12
3.29836e-12
-5.97421e-12
3.44401e-12
-6.68964e-12
3.5621e-12
-7.40759e-12
3.64563e-12
-8.11676e-12
3.68552e-12
-8.80343e-12
3.67037e-12
-9.45112e-12
3.58615e-12
-1.00402e-11
3.41583e-12
-1.05473e-11
3.13901e-12
-1.09451e-11
2.73143e-12
-1.12021e-11
2.16449e-12
-1.12818e-11
1.40462e-12
-1.11429e-11
4.12719e-13
-1.07392e-11
-8.56634e-13
-1.00194e-11
-2.45589e-12
-8.92781e-12
-4.44538e-12
-7.40517e-12
-6.89421e-12
-5.38969e-12
-9.88116e-12
-2.81919e-12
-1.34956e-11
3.66039e-13
-1.78386e-11
4.21928e-12
-2.30234e-11
8.78195e-12
-2.91768e-11
1.40764e-11
-3.64388e-11
2.00965e-11
-4.4964e-11
2.67957e-11
-5.49201e-11
3.40714e-11
-6.6488e-11
4.17464e-11
-7.9859e-11
4.9545e-11
-9.5232e-11
5.70662e-11
-1.12808e-10
6.37504e-11
-1.32783e-10
6.8844e-11
-1.55335e-10
7.13614e-11
-1.80613e-10
7.00494e-11
-2.08712e-10
6.33619e-11
-2.39651e-10
4.94562e-11
-2.73335e-10
2.62319e-11
-3.09521e-10
-8.55192e-12
-3.47764e-10
-5.70076e-11
-3.87376e-10
-4.27385e-10
-3.29927e-14
2.89072e-13
-1.22168e-13
7.8888e-13
-2.59513e-13
1.22534e-12
-4.38674e-13
1.6117e-12
-6.54567e-13
1.95785e-12
-9.03053e-13
2.27145e-12
-1.18068e-12
2.55827e-12
-1.48445e-12
2.82242e-12
-1.81162e-12
3.0664e-12
-2.15956e-12
3.2912e-12
-2.5255e-12
3.49623e-12
-2.90649e-12
3.67935e-12
-3.29918e-12
3.8367e-12
-3.69971e-12
3.96263e-12
-4.10362e-12
4.04953e-12
-4.5057e-12
4.08759e-12
-4.89993e-12
4.06459e-12
-5.27941e-12
3.96563e-12
-5.63638e-12
3.77279e-12
-5.9622e-12
3.46483e-12
-6.24751e-12
3.01675e-12
-6.48246e-12
2.39943e-12
-6.657e-12
1.57916e-12
-6.76146e-12
5.17178e-13
-6.78727e-12
-8.30829e-13
-6.72796e-12
-2.51519e-12
-6.58057e-12
-4.59277e-12
-6.34739e-12
-7.12739e-12
-6.03829e-12
-1.01903e-11
-5.67365e-12
-1.38603e-11
-5.28799e-12
-1.82242e-11
-4.93458e-12
-2.33769e-11
-4.69087e-12
-2.94205e-11
-4.66523e-12
-3.64645e-11
-5.00476e-12
-4.46245e-11
-5.90448e-12
-5.40204e-11
-7.61779e-12
-6.47747e-11
-1.04681e-11
-7.70087e-11
-1.48611e-11
-9.0839e-11
-2.12977e-11
-1.06371e-10
-3.03859e-11
-1.23694e-10
-4.285e-11
-1.42871e-10
-5.95356e-11
-1.63927e-10
-8.14061e-11
-1.86842e-10
-1.09526e-10
-2.11531e-10
-1.45027e-10
-2.37835e-10
-1.89044e-10
-2.65504e-10
-2.42622e-10
-2.94186e-10
-3.06573e-10
-3.23424e-10
-3.52663e-10
6.28263e-15
2.82788e-13
2.05802e-14
7.7458e-13
3.95394e-14
1.20638e-12
6.08408e-14
1.59039e-12
8.29009e-14
1.93579e-12
1.04666e-13
2.24968e-12
1.25443e-13
2.53749e-12
1.44762e-13
2.8031e-12
1.62255e-13
3.04891e-12
1.77554e-13
3.2759e-12
1.90194e-13
3.48359e-12
1.99524e-13
3.67002e-12
2.04603e-13
3.83162e-12
2.04091e-13
3.96314e-12
1.96111e-13
4.05751e-12
1.78087e-13
4.10561e-12
1.4653e-13
4.09615e-12
9.67845e-14
4.01537e-12
2.2689e-14
3.84689e-12
-8.38262e-14
3.57134e-12
-2.33263e-13
3.16618e-12
-4.39183e-13
2.60535e-12
-7.19006e-13
1.85898e-12
-1.09496e-12
8.9313e-13
-1.59526e-12
-3.30533e-13
-2.25551e-12
-1.85495e-12
-3.12041e-12
-3.72787e-12
-4.24576e-12
-6.00205e-12
-5.7008e-12
-8.73521e-12
-7.57103e-12
-1.19901e-11
-9.96132e-12
-1.5834e-11
-1.29996e-11
-2.03386e-11
-1.68408e-11
-2.55793e-11
-2.16715e-11
-3.16338e-11
-2.77146e-11
-3.85813e-11
-3.52344e-11
-4.65006e-11
-4.45417e-11
-5.54675e-11
-5.59981e-11
-6.55523e-11
-7.00207e-11
-7.68164e-11
-8.7084e-11
-8.9308e-11
-1.07721e-10
-1.03058e-10
-1.32518e-10
-1.18073e-10
-1.62112e-10
-1.34333e-10
-1.97172e-10
-1.51782e-10
-2.3838e-10
-1.70322e-10
-2.86402e-10
-1.89813e-10
-3.41843e-10
-2.10063e-10
-4.05196e-10
-2.30833e-10
-4.76784e-10
-2.51837e-10
-2.72754e-10
4.6948e-14
2.35839e-13
1.68232e-13
6.53294e-13
3.48881e-13
1.02573e-12
5.77911e-13
1.36136e-12
8.47186e-13
1.66651e-12
1.15061e-12
1.94625e-12
1.4835e-12
2.2046e-12
1.84209e-12
2.44451e-12
2.22305e-12
2.66794e-12
2.62319e-12
2.87576e-12
3.03905e-12
3.06773e-12
3.46666e-12
3.24241e-12
3.90118e-12
3.3971e-12
4.33662e-12
3.5277e-12
4.76548e-12
3.62865e-12
5.17839e-12
3.6927e-12
5.56367e-12
3.71086e-12
5.90685e-12
3.67219e-12
6.19011e-12
3.56363e-12
6.39162e-12
3.36983e-12
6.48484e-12
3.07296e-12
6.43764e-12
2.65256e-12
6.21131e-12
2.08531e-12
5.75951e-12
1.34493e-12
5.02695e-12
4.0203e-13
3.948e-12
-7.76001e-13
2.44512e-12
-2.225e-12
4.27073e-13
-3.984e-12
-2.21299e-12
-6.09515e-12
-5.59964e-12
-8.60341e-12
-9.87735e-12
-1.15563e-11
-1.52129e-11
-1.50031e-11
-2.17976e-11
-1.89945e-11
-2.98499e-11
-2.35815e-11
-3.96171e-11
-2.88141e-11
-5.13778e-11
-3.47399e-11
-6.54425e-11
-4.14027e-11
-8.21549e-11
-4.88399e-11
-1.01891e-10
-5.70807e-11
-1.25055e-10
-6.61434e-11
-1.52081e-10
-7.60323e-11
-1.83418e-10
-8.67357e-11
-2.1953e-10
-9.82219e-11
-2.60874e-10
-1.10438e-10
-3.0789e-10
-1.23306e-10
-3.60977e-10
-1.36725e-10
-4.20474e-10
-1.50567e-10
-4.86626e-10
-1.64681e-10
-5.59566e-10
-1.78896e-10
-1.93031e-10
7.84841e-14
1.57354e-13
2.82528e-13
4.49248e-13
5.88811e-13
7.19446e-13
9.8069e-13
9.69479e-13
1.446e-12
1.2012e-12
1.97567e-12
1.41658e-12
2.5627e-12
1.61756e-12
3.20141e-12
1.8058e-12
3.88679e-12
1.98256e-12
4.61398e-12
2.14857e-12
5.37782e-12
2.30389e-12
6.17241e-12
2.44781e-12
6.99071e-12
2.5788e-12
7.82409e-12
2.69432e-12
8.66189e-12
2.79084e-12
9.49094e-12
2.86365e-12
1.0295e-11
2.90683e-12
1.1054e-11
2.91311e-12
1.17439e-11
2.87375e-12
1.23353e-11
2.77849e-12
1.27928e-11
2.61539e-12
1.30746e-11
2.37077e-12
1.31308e-11
2.02907e-12
1.29029e-11
1.57285e-12
1.23223e-11
9.82686e-13
1.13091e-11
2.37176e-13
9.77111e-12
-6.87026e-13
7.60224e-12
-1.81513e-12
4.68115e-12
-3.17407e-12
8.69988e-13
-4.79225e-12
-3.98702e-12
-6.69925e-12
-1.00647e-11
-8.92539e-12
-1.75581e-11
-1.15012e-11
-2.6683e-11
-1.44566e-11
-3.76768e-11
-1.78203e-11
-5.07978e-11
-2.16189e-11
-6.63253e-11
-2.58753e-11
-8.45573e-11
-3.06079e-11
-1.05809e-10
-3.58294e-11
-1.30407e-10
-4.15448e-11
-1.58689e-10
-4.77506e-11
-1.90992e-10
-5.4433e-11
-2.27647e-10
-6.15668e-11
-2.6897e-10
-6.91147e-11
-3.1525e-10
-7.70261e-11
-3.66738e-10
-8.52379e-11
-4.2363e-10
-9.36744e-11
-4.86061e-10
-1.0225e-10
-5.54088e-10
-1.10869e-10
-1.19434e-10
8.8477e-14
6.88751e-14
3.20134e-13
2.17588e-13
6.71316e-13
3.68261e-13
1.12602e-12
5.1477e-13
1.67276e-12
6.54463e-13
2.30287e-12
7.86467e-13
3.00958e-12
9.1085e-13
3.78723e-12
1.02814e-12
4.63078e-12
1.13901e-12
5.53529e-12
1.24405e-12
6.49559e-12
1.34358e-12
7.50582e-12
1.43758e-12
8.55905e-12
1.52557e-12
9.64683e-12
1.60654e-12
1.07588e-11
1.67891e-12
1.18819e-11
1.74046e-12
1.30005e-11
1.7883e-12
1.40948e-11
1.81878e-12
1.51411e-11
1.82748e-12
1.61104e-11
1.80912e-12
1.69683e-11
1.75755e-12
1.76734e-11
1.66567e-12
1.8177e-11
1.52541e-12
1.84222e-11
1.32771e-12
1.83424e-11
1.06247e-12
1.7861e-11
7.18604e-13
1.68899e-11
2.84034e-13
1.5329e-11
-2.54231e-13
1.30649e-11
-9.09999e-13
9.97042e-12
-1.69776e-12
5.90364e-12
-2.63247e-12
7.07608e-13
-3.72936e-12
-5.79e-12
-5.00356e-12
-1.37768e-11
-6.46978e-12
-2.34553e-11
-8.14185e-12
-3.5042e-11
-1.00322e-11
-4.87658e-11
-1.21514e-11
-6.48663e-11
-1.45074e-11
-8.35906e-11
-1.7105e-11
-1.0519e-10
-1.99452e-11
-1.29916e-10
-2.30244e-11
-1.58015e-10
-2.63342e-11
-1.89722e-10
-2.98604e-11
-2.25253e-10
-3.35832e-11
-2.64802e-10
-3.74769e-11
-3.0853e-10
-4.15099e-11
-3.56559e-10
-4.56456e-11
-4.08966e-10
-4.98428e-11
-4.65778e-10
-5.40575e-11
-5.82438e-11
6.50972e-14
3.77641e-15
2.41149e-13
4.15338e-14
5.18266e-13
9.11417e-14
8.89937e-13
1.43096e-13
1.35027e-12
1.9413e-13
1.89387e-12
2.42862e-13
2.51585e-12
2.88863e-13
3.21179e-12
3.3221e-13
3.97758e-12
3.7322e-13
4.80935e-12
4.12278e-13
5.7032e-12
4.49728e-13
6.65498e-12
4.85802e-13
7.65996e-12
5.20585e-13
8.71251e-12
5.53985e-13
9.80571e-12
5.85712e-13
1.09309e-11
6.15266e-13
1.20773e-11
6.4192e-13
1.32314e-11
6.64706e-13
1.43764e-11
6.82403e-13
1.5492e-11
6.93521e-13
1.65533e-11
6.96287e-13
1.75303e-11
6.88632e-13
1.83875e-11
6.68179e-13
1.9083e-11
6.32235e-13
1.95677e-11
5.77787e-13
1.97848e-11
5.01501e-13
1.96691e-11
3.99737e-13
1.91463e-11
2.68563e-13
1.81325e-11
1.03791e-13
1.65337e-11
-9.89831e-14
1.42456e-11
-3.44313e-13
1.1153e-11
-6.36828e-13
7.13059e-12
-9.81136e-13
2.04252e-12
-1.38171e-12
-4.25659e-12
-1.84274e-12
-1.19208e-11
-2.36799e-12
-2.11116e-11
-2.96063e-12
-3.1996e-11
-3.62304e-12
-4.47444e-11
-4.35661e-12
-5.95281e-11
-5.16159e-12
-7.65157e-11
-6.03683e-12
-9.58701e-11
-6.9797e-12
-1.17745e-10
-7.9859e-12
-1.42278e-10
-9.04945e-12
-1.69593e-10
-1.01626e-11
-1.99786e-10
-1.13161e-11
-2.32933e-10
-1.2499e-11
-2.69076e-10
-1.36994e-11
-3.08229e-10
-1.49047e-11
-1.61005e-11
3.77556e-15
4.53082e-14
1.36449e-13
2.79544e-13
4.73672e-13
7.16533e-13
1.0054e-12
1.3376e-12
1.71082e-12
2.1231e-12
2.57283e-12
3.05863e-12
3.57921e-12
4.13319e-12
4.7189e-12
5.33417e-12
5.97609e-12
6.64079e-12
7.3232e-12
8.01672e-12
8.713e-12
9.40163e-12
1.00698e-11
1.0702e-11
1.12798e-11
1.17813e-11
1.21811e-11
1.24496e-11
1.25534e-11
1.24544e-11
1.21101e-11
1.14733e-11
1.04922e-11
9.11044e-12
7.26771e-12
4.89972e-12
1.93909e-12
-1.68395e-12
-6.04056e-12
-1.12022e-11
-1.7239e-11
-2.42187e-11
-3.22046e-11
-4.1254e-11
-5.14167e-11
-6.27328e-11
-7.52318e-11
-8.89312e-11
-1.03836e-10
)
;

boundaryField
{
    axis
    {
        type            symmetryPlane;
        value           nonuniform List<scalar> 0();
    }
    inlet
    {
        type            calculated;
        value           nonuniform List<scalar> 
12
(
-1.92862e-10
-5.78586e-10
-9.6431e-10
-1.35003e-09
-1.73576e-09
-2.12148e-09
-2.50721e-09
-2.89293e-09
-3.27866e-09
-3.66438e-09
-4.0501e-09
-4.43583e-09
)
;
    }
    outlet
    {
        type            calculated;
        value           nonuniform List<scalar> 
12
(
3.82417e-10
1.13301e-09
1.83615e-09
2.45957e-09
2.97112e-09
3.33872e-09
3.5303e-09
3.51381e-09
3.25718e-09
2.72838e-09
1.89536e-09
7.26081e-10
)
;
    }
    wallProlongation
    {
        type            calculated;
        value           uniform 0;
    }
    wallDiffuser
    {
        type            calculated;
        value           uniform 0;
    }
    statSwirlWall
    {
        type            calculated;
        value           uniform 0;
    }
    rotSwirlWall
    {
        type            calculated;
        value           uniform 0;
    }
    back
    {
        type            wedge;
        value           nonuniform List<scalar> 
11608
(
-1.93955e-21
-4.8829e-21
-7.88125e-21
1.1806e-19
-3.87542e-19
3.19095e-20
3.39934e-19
-7.16152e-20
-7.36594e-20
-6.28916e-20
-3.77722e-20
-1.27392e-20
-1.74598e-21
-5.06324e-21
-8.48135e-21
1.09327e-19
-3.56539e-19
2.41672e-20
2.78184e-19
-6.27086e-20
-5.96736e-20
-4.71087e-20
-2.86559e-20
-5.95967e-21
-1.16582e-21
-3.33686e-21
-5.60554e-21
5.82371e-20
-1.89936e-19
6.03311e-21
1.14728e-19
-3.43619e-20
-3.02702e-20
-2.09395e-20
-1.16943e-20
-2.48905e-21
-1.59367e-21
-4.78931e-21
-9.49661e-21
2.96018e-20
-1.19241e-19
-3.42245e-21
4.91149e-20
-2.42727e-20
-1.93082e-20
-1.10808e-20
-5.18053e-21
-6.1261e-22
-3.64718e-21
-1.07012e-20
-1.21431e-20
7.15813e-21
-8.16526e-20
-1.16718e-20
1.88275e-20
-1.74885e-20
-1.36476e-20
-7.56036e-21
-4.09915e-21
-1.01855e-21
-3.89789e-21
-1.09398e-20
-1.72557e-20
-2.77867e-21
-6.78227e-20
-1.9453e-20
5.02205e-21
-1.48457e-20
-1.12366e-20
-6.92482e-21
-4.18435e-21
-9.99736e-22
-4.08323e-21
-1.162e-20
-1.89671e-20
-1.35895e-20
-6.03819e-20
-2.51909e-20
-3.97567e-21
-1.37955e-20
-9.92306e-21
-6.08631e-21
-3.77921e-21
-9.01751e-22
-2.39003e-21
-6.74399e-21
-1.72806e-20
-1.36162e-20
-5.00262e-20
-2.45177e-20
-1.02139e-20
-1.67866e-20
-1.10856e-20
-5.2423e-21
-2.05769e-21
1.93593e-22
-2.66518e-21
-7.67238e-21
-1.23604e-20
-1.34459e-20
-3.6603e-20
-1.94222e-20
-1.05283e-20
-1.6983e-20
-1.19526e-20
-7.16138e-21
-3.52813e-21
-1.00794e-21
2.5452e-21
-2.55352e-21
-6.57144e-21
-8.56198e-21
-2.62565e-20
-1.39782e-20
-6.44782e-21
-8.59912e-21
-4.68562e-21
2.25099e-22
1.49065e-21
1.30407e-21
1.86403e-21
5.10943e-21
-1.04413e-21
-1.60219e-21
-1.73976e-20
-9.72913e-21
-4.67989e-21
-6.80252e-21
-3.7658e-21
-1.76623e-21
-4.79724e-22
-6.70121e-23
5.65442e-21
6.13362e-21
6.21949e-21
1.00078e-21
-1.0969e-20
-5.61678e-21
-1.46858e-21
-1.57877e-21
9.86568e-22
4.2582e-21
3.81685e-21
1.99738e-21
4.0289e-21
1.09841e-20
7.36929e-21
6.05936e-21
-4.73348e-21
-1.77311e-21
7.06231e-22
-1.81112e-22
1.64078e-21
2.24866e-21
2.18497e-21
7.181e-22
7.48822e-21
1.10775e-20
1.33663e-20
8.32798e-21
5.6327e-22
2.78351e-21
4.89777e-21
4.76717e-21
4.82497e-21
4.4988e-21
1.3319e-21
6.59879e-22
5.61354e-21
1.63704e-20
1.33033e-20
1.17449e-20
3.16803e-21
1.93753e-21
2.70583e-21
1.26617e-21
2.72042e-21
2.34328e-21
1.11584e-21
4.3027e-22
-3.1507e-22
4.85008e-21
9.86424e-21
8.58798e-21
3.001e-21
2.26106e-21
2.17077e-21
3.41144e-21
4.15131e-21
6.5956e-21
5.30637e-21
2.40795e-21
7.73558e-21
1.07604e-20
1.46578e-20
1.23621e-20
6.68301e-21
6.2951e-21
7.21168e-21
9.54973e-21
1.30189e-20
1.18115e-20
8.76196e-21
3.5611e-21
2.19874e-21
5.79617e-21
1.39356e-21
-6.32517e-21
-3.01877e-21
4.18525e-22
4.37292e-21
9.06396e-21
1.21404e-20
1.35536e-20
8.77815e-21
2.69592e-21
-3.59082e-21
-4.94675e-21
-5.68113e-21
-5.90757e-21
-4.57788e-21
-8.90156e-22
3.91384e-21
7.67532e-21
8.07913e-21
7.48345e-21
1.774e-21
5.966e-22
4.97426e-21
3.11244e-21
4.89887e-21
3.12566e-21
1.07996e-21
3.05128e-21
6.32623e-21
1.0071e-20
1.20398e-20
1.1351e-20
7.80597e-21
3.22116e-21
8.52195e-21
1.4225e-20
1.27147e-20
8.38233e-21
7.88782e-21
7.3213e-21
7.97153e-21
7.91631e-21
5.61277e-21
5.31862e-21
2.47422e-21
9.84492e-22
3.87164e-21
9.45382e-21
7.50369e-21
2.09507e-21
-3.18913e-21
1.69719e-21
5.96399e-21
1.01018e-20
1.02906e-20
1.21486e-20
5.94984e-21
1.81243e-21
6.5341e-21
8.32486e-21
9.90651e-21
5.04305e-21
5.34026e-22
3.86481e-21
8.4459e-21
1.2618e-20
1.45795e-20
1.51044e-20
1.19368e-20
4.25197e-21
8.26941e-21
1.31784e-20
1.37995e-20
9.57392e-21
8.93994e-21
8.58177e-21
1.05484e-20
1.36057e-20
1.50136e-20
1.38532e-20
9.87244e-21
3.84875e-21
1.00242e-20
1.75175e-20
1.77183e-20
1.29091e-20
1.10703e-20
9.30137e-21
1.02803e-20
1.04202e-20
8.94878e-21
1.11757e-20
1.08621e-20
4.14777e-21
4.35073e-21
1.21013e-20
9.93214e-21
6.47951e-21
7.01326e-21
1.02173e-20
1.00343e-20
1.13515e-20
1.08238e-20
1.28646e-20
7.68665e-21
2.2399e-21
-2.212e-21
-1.87224e-22
2.72966e-21
3.01539e-21
2.52056e-21
6.82563e-21
8.92247e-21
1.21262e-20
1.37773e-20
1.39839e-20
9.082e-21
3.59878e-21
5.98369e-21
5.87996e-21
8.88631e-21
6.27567e-21
6.09701e-21
6.61796e-21
9.87518e-21
1.31885e-20
1.42692e-20
1.40557e-20
1.02336e-20
4.01789e-21
9.10591e-21
1.58821e-20
1.518e-20
1.159e-20
1.07586e-20
1.1603e-20
1.39561e-20
1.7221e-20
1.76423e-20
1.67202e-20
1.1352e-20
4.35042e-21
6.02243e-21
1.69623e-20
1.25726e-20
1.25332e-20
9.00246e-21
9.88219e-21
9.73357e-21
1.09211e-20
1.12299e-20
1.14359e-20
7.87346e-21
3.1772e-21
-8.6193e-22
3.51176e-21
8.72038e-21
7.35213e-21
7.75277e-21
8.28702e-21
8.66713e-21
9.54308e-21
1.03051e-20
1.12439e-20
7.70431e-21
3.04375e-21
7.07173e-21
7.88106e-21
1.26972e-20
1.00337e-20
9.19153e-21
9.65192e-21
1.09746e-20
1.29588e-20
1.20131e-20
1.06444e-20
5.40398e-21
1.94611e-21
1.25612e-20
1.92837e-20
1.78193e-20
1.31616e-20
1.19577e-20
1.25399e-20
1.45003e-20
1.78135e-20
1.95546e-20
1.64946e-20
1.01567e-20
3.94644e-21
9.64584e-21
1.67756e-20
1.84269e-20
1.45794e-20
1.3293e-20
1.35654e-20
1.51725e-20
1.83261e-20
2.13478e-20
1.76475e-20
1.19466e-20
4.43115e-21
1.28248e-20
1.89366e-20
1.94395e-20
1.43766e-20
1.25216e-20
1.21638e-20
1.29006e-20
1.48219e-20
1.57487e-20
1.49323e-20
1.0766e-20
4.11733e-21
4.0288e-21
1.07935e-20
1.19841e-20
1.18143e-20
1.19649e-20
1.30127e-20
1.5217e-20
1.54183e-20
1.38967e-20
1.19808e-20
6.52843e-21
2.20579e-21
9.98379e-21
1.15969e-20
1.45791e-20
1.26093e-20
1.3446e-20
1.55143e-20
1.82999e-20
2.10883e-20
1.94103e-20
1.94497e-20
1.44327e-20
5.14788e-21
5.67516e-21
1.20105e-20
1.32101e-20
1.3037e-20
1.44777e-20
1.66675e-20
1.91823e-20
2.18068e-20
2.22582e-20
1.84153e-20
1.2263e-20
4.09361e-21
8.33767e-21
1.30702e-20
1.65784e-20
1.46074e-20
1.49176e-20
1.61878e-20
1.78798e-20
1.99914e-20
2.04262e-20
1.60305e-20
9.37383e-21
3.22836e-21
6.28859e-21
1.45273e-20
1.69435e-20
1.54969e-20
1.51539e-20
1.55497e-20
1.61448e-20
1.63733e-20
1.41998e-20
1.26737e-20
8.03153e-21
2.90157e-21
6.55151e-21
1.24375e-20
1.625e-20
1.56735e-20
1.57845e-20
1.6441e-20
1.7475e-20
1.88204e-20
1.74381e-20
1.69348e-20
1.21696e-20
4.47046e-21
9.42599e-21
1.67035e-20
1.97622e-20
1.73969e-20
1.69829e-20
1.75419e-20
1.88073e-20
2.08671e-20
2.00841e-20
1.71558e-20
1.12075e-20
3.8268e-21
5.41911e-21
1.45212e-20
1.59045e-20
1.63125e-20
1.68049e-20
1.76239e-20
1.86802e-20
1.808e-20
1.97177e-20
1.53304e-20
1.00984e-20
3.07626e-21
3.41731e-21
7.42324e-21
1.34792e-20
1.47609e-20
1.57546e-20
1.66729e-20
1.73616e-20
1.70429e-20
1.45899e-20
1.36164e-20
8.69926e-21
3.05818e-21
1.03298e-20
1.54178e-20
1.81571e-20
1.5683e-20
1.54849e-20
1.59069e-20
1.62885e-20
1.65272e-20
1.42122e-20
1.23124e-20
7.83382e-21
2.82556e-21
7.3023e-21
1.53517e-20
1.68117e-20
1.54403e-20
1.53788e-20
1.59549e-20
1.69334e-20
1.83996e-20
1.79851e-20
1.6526e-20
1.16958e-20
4.2918e-21
1.02121e-20
1.59803e-20
1.81781e-20
1.5465e-20
1.5182e-20
1.57788e-20
1.67811e-20
1.8e-20
1.77887e-20
1.62417e-20
1.13087e-20
4.31234e-21
5.59589e-21
1.4057e-20
1.57551e-20
1.47638e-20
1.47513e-20
1.52748e-20
1.59916e-20
1.6713e-20
1.60664e-20
1.54002e-20
1.1413e-20
4.27623e-21
5.00709e-21
1.07042e-20
1.53893e-20
1.4914e-20
1.47999e-20
1.51235e-20
1.56839e-20
1.63768e-20
1.58229e-20
1.48602e-20
1.02903e-20
3.95922e-21
6.62963e-21
1.30839e-20
1.60284e-20
1.50674e-20
1.4801e-20
1.49858e-20
1.54793e-20
1.62535e-20
1.59914e-20
1.54491e-20
1.20336e-20
4.48177e-21
3.27665e-21
7.26896e-21
7.8289e-21
7.39277e-21
7.28512e-21
7.31473e-21
7.37705e-21
7.32273e-21
7.41283e-21
6.52201e-21
3.99986e-21
1.50129e-21
3.10638e-21
6.99782e-21
7.58132e-21
7.2629e-21
7.31311e-21
7.65227e-21
8.55366e-21
9.51399e-21
8.99901e-21
7.0373e-21
4.60635e-21
1.5998e-21
2.38133e-21
5.58096e-21
7.15543e-21
7.09768e-21
7.28604e-21
7.74246e-21
8.47945e-21
9.33545e-21
7.22479e-21
6.46223e-21
3.92808e-21
1.45394e-21
2.9533e-21
5.42095e-21
7.21723e-21
7.04323e-21
7.22093e-21
7.63597e-21
8.21281e-21
8.72105e-21
8.72217e-21
7.29982e-21
4.52078e-21
1.60871e-21
4.55103e-21
7.68392e-21
8.25927e-21
7.23957e-21
7.1813e-21
7.49913e-21
7.97707e-21
8.48911e-21
8.73503e-21
7.05675e-21
4.78142e-21
1.6354e-21
5.66208e-21
1.07356e-20
9.63506e-21
7.88371e-21
7.48398e-21
7.62058e-21
8.05207e-21
8.69309e-21
8.16518e-21
7.13856e-21
4.32659e-21
1.6134e-21
3.61537e-21
9.48245e-21
8.70933e-21
8.06359e-21
8.30963e-21
8.61713e-21
9.11781e-21
8.68894e-21
7.89542e-21
5.61712e-21
3.31365e-21
9.1343e-22
1.89228e-21
4.74253e-21
6.34252e-21
5.39143e-21
6.14346e-21
6.23204e-21
6.95184e-21
6.09333e-21
5.46998e-21
3.26543e-21
1.71694e-21
2.9508e-22
1.06432e-21
2.89106e-21
3.99014e-21
4.78309e-21
3.64433e-21
3.91027e-21
3.89814e-21
3.60368e-21
2.94647e-21
1.21524e-21
3.8859e-22
-1.15276e-22
5.26131e-22
1.3783e-21
1.50406e-21
7.2413e-22
2.55843e-22
9.90464e-22
1.76921e-21
1.02277e-21
-3.03603e-23
-1.40627e-21
-2.06509e-21
-1.01935e-21
2.28067e-22
4.35985e-22
-5.9071e-23
-1.93138e-21
-2.74736e-21
-1.11452e-21
2.35041e-22
-5.78967e-22
-1.41219e-21
-2.7475e-21
-3.2797e-21
-1.33593e-21
1.08324e-22
3.73414e-23
-8.30043e-22
-3.35983e-21
-5.21418e-21
-4.09402e-21
-3.66991e-21
-3.03401e-21
-2.69634e-21
-2.94295e-21
-2.12826e-21
-9.33584e-22
-4.04897e-23
-3.04913e-22
-1.11915e-21
-1.79092e-21
-4.77616e-21
-4.30463e-21
-4.60574e-21
-3.90844e-21
-3.63257e-21
-3.37606e-21
-2.19525e-21
-9.01572e-22
-2.59284e-22
-7.7637e-22
-1.53879e-21
-2.18149e-21
-2.084e-21
-3.80929e-21
-3.56501e-21
-4.03695e-21
-3.74335e-21
-3.43937e-21
-2.1679e-21
-9.39805e-22
-5.60556e-22
-1.66517e-21
-3.27495e-21
-4.94469e-21
-5.22117e-21
-5.92982e-21
-5.36419e-21
-5.47635e-21
-5.24936e-21
-4.83933e-21
-3.10808e-21
-1.18426e-21
-8.41377e-22
-2.44705e-21
-4.51633e-21
-5.98906e-21
-6.02208e-21
-4.22322e-21
-4.57455e-21
-5.40652e-21
-5.57557e-21
-4.37495e-21
-2.84518e-21
-8.80312e-22
-9.41623e-22
-2.67881e-21
-4.42572e-21
-5.85772e-21
-5.09355e-21
-4.20003e-21
-5.02626e-21
-5.64425e-21
-5.19066e-21
-4.31119e-21
-2.70815e-21
-1.00194e-21
-1.02609e-21
-2.94933e-21
-5.00715e-21
-6.27532e-21
-6.66573e-21
-6.45123e-21
-5.9097e-21
-5.53595e-21
-4.44193e-21
-4.31476e-21
-2.98418e-21
-1.13076e-21
-1.03637e-21
-2.9758e-21
-4.93946e-21
-6.83886e-21
-7.21628e-21
-7.22848e-21
-6.60887e-21
-6.50934e-21
-5.61324e-21
-5.06033e-21
-3.46113e-21
-1.27708e-21
-1.11565e-21
-3.21706e-21
-5.52527e-21
-7.15646e-21
-7.90156e-21
-7.58215e-21
-6.86282e-21
-6.92967e-21
-6.60741e-21
-5.56616e-21
-3.81329e-21
-1.36273e-21
-1.20083e-21
-3.44084e-21
-5.78852e-21
-8.19087e-21
-9.07101e-21
-9.48125e-21
-9.37747e-21
-8.32662e-21
-6.82435e-21
-5.50011e-21
-3.21773e-21
-1.26066e-21
-1.29071e-21
-3.73582e-21
-6.47758e-21
-8.68999e-21
-1.03016e-20
-1.03851e-20
-1.0422e-20
-8.8959e-21
-7.47644e-21
-6.1437e-21
-3.88361e-21
-1.433e-21
-1.71302e-21
-4.76066e-21
-8.42881e-21
-9.84843e-21
-1.03e-20
-9.59588e-21
-8.45794e-21
-7.90842e-21
-6.61819e-21
-5.19057e-21
-3.46567e-21
-1.06539e-21
-9.30557e-22
-8.75308e-22
-3.96921e-21
-7.11862e-21
-8.30167e-21
-8.19508e-21
-8.06547e-21
-8.44426e-21
-8.04322e-21
-6.16315e-21
-3.2258e-21
-1.19871e-21
-1.03631e-22
-1.40816e-21
-2.30296e-21
-5.64614e-21
-7.05239e-21
-6.70639e-21
-6.948e-21
-7.36957e-21
-7.20736e-21
-5.17468e-21
-2.84098e-21
-9.11164e-22
1.20173e-22
-1.5212e-21
-3.55032e-21
-5.73841e-21
-5.47123e-21
-6.76095e-21
-7.07781e-21
-7.31748e-21
-6.40415e-21
-5.98212e-21
-4.5886e-21
-1.70336e-21
-2.08843e-22
-2.90981e-22
-3.86977e-21
-6.26896e-21
-7.15998e-21
-7.79359e-21
-7.19483e-21
-6.66846e-21
-5.88588e-21
-4.68945e-21
-3.25828e-21
-1.00875e-21
-4.05019e-21
-3.82967e-21
-7.30192e-21
-5.82508e-21
-5.41563e-21
-4.13502e-21
-5.14734e-21
-5.83954e-21
-5.34903e-21
-4.56637e-21
-2.82062e-21
-1.04716e-21
-1.65901e-21
-6.14261e-21
-4.89127e-21
-3.54166e-21
-2.05687e-21
-1.80889e-21
-3.36332e-21
-4.33166e-21
-4.44517e-21
-3.3863e-21
-2.12339e-21
-6.71119e-22
-4.91732e-23
-1.68986e-21
-2.49785e-21
-4.69939e-21
-5.19258e-21
-4.75561e-21
-4.272e-21
-4.51344e-21
-3.52101e-21
-3.61472e-21
-2.48385e-21
-9.56177e-22
-5.32375e-22
-1.01671e-21
-3.64045e-21
-5.11385e-21
-6.59464e-21
-5.31385e-21
-4.80999e-21
-4.57276e-21
-3.94911e-21
-3.26771e-21
-2.13975e-21
-6.86965e-22
-2.99795e-22
1.66497e-21
-1.93889e-21
-3.59727e-21
-3.83976e-21
-4.12801e-21
-4.28978e-21
-4.69584e-21
-4.5142e-21
-3.88192e-21
-2.53287e-21
-9.5458e-22
1.03583e-21
1.72861e-23
-1.4861e-21
-2.93609e-21
-3.14069e-21
-2.97916e-21
-3.33734e-21
-3.75628e-21
-3.63687e-21
-2.87601e-21
-1.84816e-21
-5.88135e-22
5.78807e-22
-5.62771e-23
-1.15168e-21
-3.27367e-21
-3.22973e-21
-3.33211e-21
-3.42106e-21
-3.94753e-21
-3.63851e-21
-3.34655e-21
-2.24934e-21
-8.74447e-22
2.60383e-22
6.90662e-22
-1.84281e-21
-3.24726e-21
-4.01409e-21
-3.66058e-21
-3.4974e-21
-3.60974e-21
-3.43608e-21
-2.73619e-21
-1.78849e-21
-5.74774e-22
-1.8183e-21
-2.31267e-22
-2.62699e-21
-2.51774e-21
-2.64866e-21
-2.5731e-21
-3.16725e-21
-3.76132e-21
-3.60398e-21
-3.33716e-21
-2.24284e-21
-8.72134e-22
-6.31172e-22
-2.86337e-21
-2.09803e-21
-1.96232e-21
-1.69022e-21
-1.92548e-21
-2.63878e-21
-3.33376e-21
-3.44362e-21
-2.81293e-21
-1.85694e-21
-5.93627e-22
-8.67236e-22
-2.27867e-21
-2.93646e-21
-2.80479e-21
-1.72521e-21
-1.15445e-21
-1.57831e-21
-2.24497e-21
-2.25012e-21
-1.80386e-21
-1.07893e-21
-3.29112e-22
3.35885e-22
-9.32529e-22
-1.76983e-21
-3.02221e-21
-2.29148e-21
-2.06589e-21
-2.16124e-21
-2.71854e-21
-2.52626e-21
-2.47962e-21
-1.72082e-21
-7.12191e-22
1.71824e-22
4.25782e-22
-1.97185e-21
-2.96943e-21
-3.30719e-21
-2.71212e-21
-2.55815e-21
-2.5748e-21
-2.48863e-21
-2.04951e-21
-1.51315e-21
-4.77272e-22
-1.79298e-21
-1.61125e-22
-2.42343e-21
-2.05627e-21
-1.90235e-21
-1.58168e-21
-2.0059e-21
-2.57117e-21
-2.37717e-21
-1.88031e-21
-6.76078e-22
-2.62682e-22
-7.13117e-22
-3.08212e-21
-2.0056e-21
-1.47342e-21
-6.05742e-22
-4.76974e-22
-1.03461e-21
-1.80588e-21
-1.9821e-21
-1.47966e-21
-7.01863e-22
-2.50018e-22
3.35967e-22
-7.89826e-22
-1.01456e-21
-1.95545e-21
-1.30958e-21
-1.34941e-21
-1.67354e-21
-2.4219e-21
-2.38087e-21
-2.43837e-21
-1.83153e-21
-7.39196e-22
-2.61115e-23
2.56722e-23
-1.80118e-21
-2.32382e-21
-2.49875e-21
-2.09039e-21
-2.16135e-21
-2.35192e-21
-2.36544e-21
-1.95247e-21
-1.33641e-21
-4.35764e-22
1.32626e-22
1.42781e-21
-6.64776e-22
-1.68107e-21
-1.70224e-21
-1.59996e-21
-1.91194e-21
-2.57015e-21
-2.61397e-21
-2.61928e-21
-1.82279e-21
-7.42842e-22
7.97505e-22
7.29255e-22
1.65551e-22
-7.63623e-22
-7.70823e-22
-4.76906e-22
-9.37683e-22
-1.78906e-21
-2.15612e-21
-1.8784e-21
-1.29704e-21
-4.23849e-22
1.0163e-21
9.13868e-22
5.98042e-22
-9.23971e-22
-9.05597e-22
-1.14705e-21
-1.5178e-21
-2.33796e-21
-2.37964e-21
-2.46199e-21
-1.73551e-21
-7.1735e-22
5.13008e-22
1.36155e-21
-7.42592e-22
-1.84222e-21
-2.42062e-21
-2.14177e-21
-2.23995e-21
-2.37371e-21
-2.31813e-21
-1.92538e-21
-1.31188e-21
-4.29211e-22
-1.64765e-21
1.76795e-22
-2.23263e-21
-2.60394e-21
-1.73837e-21
-1.35979e-21
-1.93429e-21
-2.69723e-21
-2.79655e-21
-2.73843e-21
-1.8816e-21
-7.59192e-22
-4.05147e-22
-2.13807e-21
-4.96608e-22
1.30993e-22
1.88868e-22
-4.18394e-22
-1.27397e-21
-2.25182e-21
-2.69474e-21
-2.24735e-21
-1.50772e-21
-4.83276e-22
-4.69359e-22
-9.30385e-22
2.40162e-22
2.53025e-21
1.56394e-21
8.43607e-22
-1.18337e-22
-9.74935e-22
-1.21293e-21
-1.05416e-21
-6.28937e-22
-1.86651e-22
7.46399e-22
4.44733e-22
9.3428e-22
6.2834e-22
1.25641e-21
-2.38832e-22
-1.21755e-21
-1.33485e-21
-1.40028e-21
-1.70621e-21
-1.29611e-21
-6.0427e-22
4.87659e-22
1.357e-21
-4.48756e-22
-2.40636e-21
1.01897e-21
-5.38584e-22
-2.15242e-21
-1.29297e-21
-1.49076e-21
-1.51289e-21
-1.0753e-21
-2.47756e-22
-1.46149e-21
6.10448e-22
-1.40426e-21
-9.83166e-21
2.44453e-20
-4.14049e-21
-2.61017e-20
3.20949e-21
3.35065e-21
4.49102e-21
4.87393e-21
3.57272e-21
-3.40498e-23
-9.45892e-22
1.2157e-22
-6.16831e-21
1.95751e-20
-2.24626e-21
-1.92019e-20
3.40188e-21
3.83503e-21
4.24556e-21
3.74201e-21
2.31359e-21
-1.45228e-22
-4.80569e-22
1.40668e-22
-7.23837e-21
2.33726e-20
-2.2716e-21
-2.25728e-20
4.1845e-21
4.69631e-21
4.65811e-21
3.46154e-21
7.17716e-22
-7.39101e-23
-1.5485e-22
2.11327e-22
-7.78959e-21
2.50766e-20
-2.36876e-21
-2.35301e-20
4.33693e-21
4.53882e-21
4.14289e-21
2.7298e-21
1.80378e-22
7.34385e-24
3.97818e-23
2.87775e-22
-7.86069e-21
2.52749e-20
-2.36191e-21
-2.30987e-20
4.19166e-21
4.18592e-21
3.58141e-21
2.22294e-21
1.32792e-22
5.66934e-23
1.50526e-22
3.54482e-22
-7.77709e-21
2.50351e-20
-2.24365e-21
-2.24192e-20
3.98067e-21
3.90299e-21
3.17057e-21
1.9152e-21
1.64534e-22
8.20989e-23
2.11612e-22
3.99331e-22
-7.70159e-21
2.46555e-20
-2.20407e-21
-2.13533e-20
3.9148e-21
3.49399e-21
3.02656e-21
1.98711e-21
4.07811e-22
9.49198e-23
2.43513e-22
4.20201e-22
-7.65888e-21
2.43134e-20
-2.41242e-21
-2.05771e-20
3.79356e-21
3.46181e-21
2.95833e-21
2.09578e-21
7.00819e-22
1.00665e-22
2.58259e-22
4.26061e-22
-7.63384e-21
2.40876e-20
-2.28126e-21
-2.02991e-20
3.65775e-21
3.50139e-21
2.91245e-21
2.02633e-21
7.68857e-22
1.03148e-22
2.63955e-22
4.24579e-22
-7.62202e-21
2.39228e-20
-2.18403e-21
-1.97901e-20
3.55867e-21
3.37278e-21
2.83618e-21
1.99712e-21
8.74782e-22
1.03436e-22
2.65014e-22
4.21348e-22
-7.61393e-21
2.37599e-20
-2.14646e-21
-1.93438e-20
3.47287e-21
3.27587e-21
2.7721e-21
2.00112e-21
1.00049e-21
1.02774e-22
2.63876e-22
4.17859e-22
-7.60113e-21
2.35993e-20
-2.10532e-21
-1.89489e-20
3.39574e-21
3.19918e-21
2.72843e-21
2.02571e-21
1.12791e-21
1.02646e-22
2.62711e-22
4.14884e-22
-7.58248e-21
2.34325e-20
-2.06776e-21
-1.85844e-20
3.33151e-21
3.14023e-21
2.70217e-21
2.06067e-21
1.24785e-21
9.55872e-23
2.53417e-22
4.09464e-22
-7.55499e-21
2.32609e-20
-2.03105e-21
-1.82438e-20
3.28294e-21
3.09945e-21
2.68695e-21
2.09911e-21
1.3614e-21
1.86931e-22
3.04013e-22
4.15701e-22
-7.52921e-21
2.31075e-20
-2.00822e-21
-1.79217e-20
3.3025e-21
3.12193e-21
2.68313e-21
2.14024e-21
1.50176e-21
1.17784e-22
-6.93895e-24
3.71512e-22
-7.49235e-21
2.26267e-20
-2.00224e-21
-1.77471e-20
2.83348e-21
2.66237e-21
2.48815e-21
1.99494e-21
1.27627e-21
-4.33671e-22
-5.22723e-23
3.40057e-22
-7.40722e-21
2.26103e-20
-1.93858e-21
-1.74727e-20
2.70177e-21
2.5537e-21
2.44547e-21
1.99885e-21
1.28331e-21
-4.45032e-23
4.04612e-23
3.40388e-22
-7.32312e-21
2.25463e-20
-1.87341e-21
-1.715e-20
2.93325e-21
2.77581e-21
2.48236e-21
2.06885e-21
1.56255e-21
5.54976e-23
1.3451e-22
3.56247e-22
-7.26501e-21
2.22119e-20
-1.85021e-21
-1.68738e-20
2.8943e-21
2.7427e-21
2.47982e-21
2.0964e-21
1.60087e-21
7.9971e-23
1.96463e-22
3.80966e-22
-7.19672e-21
2.19471e-20
-1.82299e-21
-1.6607e-20
2.89001e-21
2.74454e-21
2.48471e-21
2.12151e-21
1.65913e-21
9.13582e-23
2.32246e-22
3.99561e-22
-7.12568e-21
2.16691e-20
-1.8029e-21
-1.63566e-20
2.87342e-21
2.73698e-21
2.48811e-21
2.14386e-21
1.70626e-21
9.93647e-23
2.53742e-22
4.13291e-22
-7.04918e-21
2.13942e-20
-1.78082e-21
-1.61168e-20
2.85249e-21
2.72667e-21
2.4913e-21
2.1648e-21
1.7489e-21
9.93538e-23
2.60379e-22
4.21121e-22
-6.96432e-21
2.11259e-20
-1.75519e-21
-1.58874e-20
2.82614e-21
2.71255e-21
2.49233e-21
2.18421e-21
1.78747e-21
1.88236e-22
3.18313e-22
4.31178e-22
-6.90329e-21
2.0795e-20
-1.73335e-21
-1.56418e-20
2.83721e-21
2.71077e-21
2.48169e-21
2.163e-21
1.80465e-21
1.27205e-22
-6.93087e-25
4.29501e-22
-6.66582e-21
2.0538e-20
-1.57452e-21
-1.55287e-20
2.71752e-21
2.64016e-21
2.563e-21
2.30795e-21
1.96154e-21
-4.17778e-22
-5.48884e-23
3.00327e-22
-6.43477e-21
2.09123e-20
-1.55275e-21
-1.51855e-20
2.6547e-21
2.64998e-21
2.60077e-21
2.48027e-21
2.04822e-21
4.17023e-25
2.44411e-22
2.75863e-22
-7.13639e-21
2.05509e-20
-1.51541e-21
-1.47966e-20
2.71006e-21
2.66666e-21
2.57713e-21
2.38274e-21
2.04084e-21
-3.84876e-22
-4.03318e-22
2.68123e-23
-6.53438e-21
1.96871e-20
-1.38407e-21
-1.48146e-20
2.70892e-21
2.66266e-21
2.54677e-21
2.33317e-21
2.02459e-21
5.16769e-23
-5.18445e-22
3.71564e-22
-6.11193e-21
1.94415e-20
-1.56218e-21
-1.47884e-20
2.63712e-21
2.6356e-21
2.52496e-21
2.32131e-21
2.02239e-21
2.09041e-22
6.70626e-22
3.89648e-22
-6.36807e-21
1.92247e-20
-1.78035e-21
-1.43716e-20
2.75335e-21
2.65467e-21
2.52044e-21
2.31425e-21
2.02455e-21
2.52056e-22
7.60799e-22
6.19704e-22
-6.37021e-21
1.93612e-20
-1.50734e-21
-1.39856e-20
2.72223e-21
2.6594e-21
2.52122e-21
2.31478e-21
2.03116e-21
-3.05386e-22
-7.69948e-24
2.0079e-22
-5.98549e-21
1.85892e-20
-1.52348e-21
-1.41563e-20
2.63444e-21
2.6326e-21
2.51389e-21
2.31675e-21
2.03821e-21
-1.34435e-22
-7.52535e-22
2.54342e-22
-6.27387e-21
1.83025e-20
-1.33461e-21
-1.38834e-20
2.66809e-21
2.62682e-21
2.48702e-21
2.26641e-21
2.01819e-21
1.35584e-22
-1.04642e-23
4.9022e-22
-5.52652e-21
1.83435e-20
-1.28319e-21
-1.37256e-20
2.53117e-21
2.53071e-21
2.54704e-21
2.38668e-21
2.14159e-21
-3.17168e-22
2.32328e-22
5.40982e-22
-5.51642e-21
1.8385e-20
-1.41362e-21
-1.36309e-20
2.28741e-21
2.47955e-21
2.56396e-21
2.55327e-21
2.21315e-21
3.41122e-23
2.08443e-22
4.9554e-22
-5.56585e-21
1.78889e-20
-1.38519e-21
-1.34381e-20
2.39358e-21
2.48504e-21
2.52183e-21
2.43451e-21
2.18215e-21
9.9805e-23
2.48152e-22
4.65326e-22
-5.54989e-21
1.75029e-20
-1.38106e-21
-1.32376e-20
2.43812e-21
2.4817e-21
2.47026e-21
2.35119e-21
2.13252e-21
1.03118e-22
2.63385e-22
4.39905e-22
-5.51551e-21
1.72152e-20
-1.36473e-21
-1.30502e-20
2.42869e-21
2.46401e-21
2.43425e-21
2.31725e-21
2.10391e-21
1.01505e-22
2.63904e-22
4.19588e-22
-5.46202e-21
1.69357e-20
-1.3481e-21
-1.28699e-20
2.42233e-21
2.44837e-21
2.40811e-21
2.28971e-21
2.08387e-21
1.01248e-22
2.61643e-22
4.06326e-22
-5.39484e-21
1.66725e-20
-1.33081e-21
-1.26971e-20
2.41087e-21
2.43349e-21
2.38781e-21
2.26887e-21
2.06975e-21
9.96194e-23
2.56037e-22
3.94622e-22
-5.32138e-21
1.64166e-20
-1.32331e-21
-1.25294e-20
2.3984e-21
2.41993e-21
2.37174e-21
2.25361e-21
2.06058e-21
1.03275e-22
2.63627e-22
3.9137e-22
-5.24377e-21
1.61824e-20
-1.34697e-21
-1.23839e-20
2.37469e-21
2.40308e-21
2.35825e-21
2.24561e-21
2.06406e-21
5.6155e-23
1.36083e-22
3.0889e-22
-5.33147e-21
1.59833e-20
-9.23975e-22
-1.20984e-20
2.4559e-21
2.41226e-21
2.34794e-21
2.22386e-21
2.01243e-21
3.93032e-22
4.76393e-22
7.697e-22
-4.7009e-21
1.58332e-20
-1.25815e-21
-1.19986e-20
2.42196e-21
2.40339e-21
2.33012e-21
2.19126e-21
1.9613e-21
3.96288e-22
1.06749e-21
8.38218e-22
-4.43783e-21
1.54714e-20
-1.30424e-21
-1.1466e-20
2.51826e-21
2.40683e-21
2.31114e-21
2.15969e-21
1.92713e-21
3.54904e-22
9.20492e-22
1.041e-21
-4.3383e-21
1.55387e-20
-9.81358e-22
-1.15488e-20
2.36252e-21
2.36973e-21
2.28623e-21
2.13556e-21
1.91163e-21
-1.12312e-22
2.79837e-22
4.76355e-22
-4.26273e-21
1.50294e-20
-1.08283e-21
-1.17423e-20
2.30429e-21
2.33979e-21
2.26776e-21
2.12274e-21
1.91046e-21
1.63682e-22
-1.74064e-22
3.72012e-22
-5.41929e-21
1.46137e-20
-1.14589e-21
-1.14552e-20
2.27745e-21
2.31355e-21
2.25173e-21
2.11631e-21
1.91677e-21
2.42974e-22
6.8085e-22
5.19798e-22
-4.4414e-21
1.45095e-20
-1.42025e-21
-1.12365e-20
2.31661e-21
2.29795e-21
2.23613e-21
2.11114e-21
1.92513e-21
2.23337e-22
5.01747e-22
7.82317e-22
-3.98183e-21
1.51075e-20
-1.14983e-21
-1.11988e-20
2.19413e-21
2.26238e-21
2.2167e-21
2.10373e-21
1.93125e-21
2.64878e-22
6.51282e-22
5.10941e-22
-4.22274e-21
1.45407e-20
-9.19522e-22
-1.11215e-20
2.23894e-21
2.29238e-21
2.23148e-21
2.12016e-21
1.96232e-21
-3.8453e-24
-3.11636e-22
1.21951e-22
-4.78408e-21
1.36533e-20
-1.03111e-21
-1.08631e-20
2.0819e-21
2.10108e-21
2.09012e-21
2.00094e-21
1.88366e-21
-5.34049e-22
-5.28171e-22
-1.51591e-23
-4.5815e-21
1.37043e-20
-1.05186e-21
-1.08426e-20
1.8301e-21
1.86327e-21
1.97659e-21
1.91551e-21
1.71948e-21
-1.18338e-22
-2.31432e-22
2.68426e-23
-4.43229e-21
1.36685e-20
-1.05445e-21
-1.07296e-20
1.85996e-21
1.88111e-21
1.9193e-21
1.87679e-21
1.76415e-21
-1.11376e-23
-4.51258e-23
9.4694e-23
-4.37973e-21
1.33499e-20
-1.08931e-21
-1.06113e-20
1.87101e-21
1.88902e-21
1.89581e-21
1.86137e-21
1.7811e-21
2.33361e-23
5.33136e-23
1.56233e-22
-4.30703e-21
1.31292e-20
-1.10399e-21
-1.04874e-20
1.86953e-21
1.89049e-21
1.88791e-21
1.8558e-21
1.78605e-21
4.11887e-23
1.03224e-22
1.94464e-22
-4.23712e-21
1.29176e-20
-1.1093e-21
-1.03624e-20
1.86095e-21
1.88843e-21
1.8858e-21
1.85503e-21
1.78954e-21
5.18244e-23
1.2998e-22
2.1759e-22
-4.16672e-21
1.27227e-20
-1.10563e-21
-1.02377e-20
1.84856e-21
1.88371e-21
1.88502e-21
1.85676e-21
1.7951e-21
5.7814e-23
1.45572e-22
2.32253e-22
-4.09638e-21
1.25369e-20
-1.09931e-21
-1.01099e-20
1.84084e-21
1.88448e-21
1.89106e-21
1.86682e-21
1.80522e-21
5.39864e-23
1.35878e-22
2.35899e-22
-4.01363e-21
1.23851e-20
-1.04519e-21
-9.99432e-21
1.8097e-21
1.84949e-21
1.87649e-21
1.89619e-21
1.75862e-21
8.67565e-23
1.23342e-22
2.70366e-22
-3.98365e-21
1.21201e-20
-1.04104e-21
-9.84855e-21
1.96375e-21
1.95983e-21
1.98745e-21
1.85156e-21
1.92691e-21
4.12059e-23
1.95007e-22
4.27513e-23
-4.07244e-21
1.1861e-20
-1.1578e-21
-9.52738e-21
2.02594e-21
2.15236e-21
2.07302e-21
1.99308e-21
2.03058e-21
2.38335e-22
9.96755e-23
3.4891e-22
-3.97645e-21
1.16238e-20
-1.166e-21
-9.64877e-21
1.954e-21
2.10368e-21
2.12657e-21
2.13138e-21
1.94839e-21
2.3292e-22
5.68135e-22
3.95426e-22
-3.5219e-21
1.16451e-20
-1.38249e-21
-9.54624e-21
1.99952e-21
2.09589e-21
2.13639e-21
2.11107e-21
1.98955e-21
2.65294e-22
6.57751e-22
7.13514e-22
-3.4487e-21
1.20124e-20
-9.3197e-22
-8.87576e-21
2.05939e-21
2.10533e-21
2.12764e-21
2.09112e-21
1.97951e-21
-2.44801e-22
1.33667e-22
1.7289e-22
-3.32756e-21
1.14322e-20
-6.32641e-22
-8.84598e-21
2.06319e-21
2.10209e-21
2.11246e-21
2.0726e-21
1.97331e-21
-2.71448e-22
-7.87068e-22
4.83202e-23
-3.90539e-21
1.10424e-20
-9.84749e-22
-9.15363e-21
1.92897e-21
2.04991e-21
2.0818e-21
2.05174e-21
1.96711e-21
6.49928e-23
8.61128e-23
2.28862e-22
-3.40186e-21
1.11295e-20
-8.42535e-22
-8.88571e-21
1.99665e-21
2.03669e-21
2.05552e-21
2.02755e-21
1.95949e-21
1.86192e-22
5.86443e-22
8.04886e-22
-2.61622e-21
1.19531e-20
-2.66837e-22
-8.1912e-21
2.1263e-21
2.04696e-21
2.03489e-21
1.96967e-21
1.94934e-21
1.61625e-22
2.87815e-22
8.0199e-22
-2.20984e-21
1.19607e-20
-2.01183e-22
-8.39289e-21
1.76468e-21
1.91558e-21
2.1025e-21
2.21478e-21
2.08126e-21
-1.24332e-22
9.45157e-23
5.14825e-22
-2.9093e-21
1.14366e-20
-4.44399e-22
-8.57749e-21
1.59938e-21
1.87828e-21
2.06359e-21
2.23289e-21
2.07499e-21
-1.38586e-23
1.09372e-22
3.64809e-22
-3.06708e-21
1.07858e-20
-6.26618e-22
-8.46975e-21
1.78626e-21
1.87835e-21
1.99856e-21
2.02805e-21
2.02162e-21
5.0861e-23
1.45949e-22
3.10264e-22
-3.12557e-21
1.05666e-20
-6.97755e-22
-8.38403e-21
1.73969e-21
1.85697e-21
1.96224e-21
2.01467e-21
2.0006e-21
6.28115e-23
1.68178e-22
2.91674e-22
-3.1356e-21
1.03735e-20
-7.24458e-22
-8.28639e-21
1.7384e-21
1.84625e-21
1.93671e-21
1.9836e-21
1.97995e-21
6.88728e-23
1.80385e-22
2.88381e-22
-3.11462e-21
1.02072e-20
-7.31978e-22
-8.18489e-21
1.73447e-21
1.83948e-21
1.9202e-21
1.9642e-21
1.96562e-21
6.96413e-23
1.82393e-22
2.85822e-22
-3.08232e-21
1.00522e-20
-7.30808e-22
-8.08747e-21
1.72025e-21
1.82795e-21
1.90601e-21
1.94741e-21
1.9558e-21
1.3106e-22
2.33362e-22
3.03526e-22
-3.04589e-21
9.83952e-21
-7.09326e-22
-7.97778e-21
1.65757e-21
1.81836e-21
1.89053e-21
1.89014e-21
1.94108e-21
8.46245e-23
-2.19225e-22
2.9304e-22
-2.73173e-21
1.02022e-20
-4.43836e-22
-7.88623e-21
1.87247e-21
1.85494e-21
2.00739e-21
2.15771e-21
2.08284e-21
-3.91589e-22
-2.40575e-22
4.30265e-23
-2.78578e-21
1.02157e-20
-4.3954e-22
-7.5221e-21
1.93222e-21
1.8926e-21
2.0171e-21
2.21077e-21
2.09641e-21
6.42039e-24
5.88603e-23
2.35365e-22
-3.0518e-21
9.94522e-21
-5.38821e-22
-7.39561e-21
1.69098e-21
1.83328e-21
1.95225e-21
2.00903e-21
2.04436e-21
-3.78102e-22
-3.30894e-22
-2.60445e-22
-3.02283e-21
9.30427e-21
-6.16721e-22
-7.70028e-21
1.64281e-21
1.79673e-21
1.91122e-21
1.98583e-21
2.01367e-21
1.13252e-22
-3.74444e-22
2.89601e-22
-2.85011e-21
9.37455e-21
-4.46787e-22
-7.55712e-21
1.64618e-21
1.78748e-21
1.89217e-21
1.96039e-21
1.99324e-21
2.18503e-22
6.42177e-22
6.06068e-22
-1.7014e-21
9.6952e-21
-1.35862e-22
-7.03252e-21
1.83889e-21
1.83474e-21
1.89818e-21
1.95521e-21
1.98609e-21
1.98856e-22
6.16095e-22
5.74406e-22
-2.67336e-21
9.61428e-21
-3.4644e-22
-7.19009e-21
1.72067e-21
1.83386e-21
1.90256e-21
1.95499e-21
1.98489e-21
-4.93458e-22
-3.89484e-22
-1.99917e-22
-2.95085e-21
8.87385e-21
-4.72506e-22
-7.31408e-21
1.71242e-21
1.84031e-21
1.91337e-21
1.96456e-21
1.99115e-21
1.91353e-22
-4.01309e-22
8.61589e-23
-3.2373e-21
8.77412e-21
-6.04188e-22
-7.08661e-21
1.76125e-21
1.86184e-21
1.92808e-21
2.01404e-21
1.99868e-21
2.52154e-22
2.54517e-22
2.35834e-22
-2.8384e-21
8.33232e-21
-9.4325e-22
-7.26681e-21
1.56174e-21
1.708e-21
1.87131e-21
1.8287e-21
1.98336e-21
-2.61559e-22
2.77778e-23
2.30445e-22
-2.59031e-21
8.42835e-21
-8.72254e-22
-7.29008e-21
1.28898e-21
1.60111e-21
1.81445e-21
1.89353e-21
1.99106e-21
2.30575e-23
7.64409e-23
2.16734e-22
-2.59641e-21
8.57918e-21
-7.39824e-22
-7.16081e-21
1.35701e-21
1.59119e-21
1.80879e-21
1.99169e-21
2.02102e-21
6.10128e-23
1.30693e-22
2.33832e-22
-2.54839e-21
8.4503e-21
-6.69719e-22
-7.00176e-21
1.43516e-21
1.61953e-21
1.80298e-21
1.94584e-21
2.01124e-21
6.46839e-23
1.62684e-22
2.51966e-22
-2.51503e-21
8.34937e-21
-6.28541e-22
-6.8678e-21
1.47984e-21
1.64232e-21
1.79723e-21
1.92024e-21
1.99345e-21
6.61196e-23
1.70194e-22
2.57754e-22
-2.47999e-21
8.26e-21
-5.95051e-22
-6.7554e-21
1.50278e-21
1.65331e-21
1.79137e-21
1.90329e-21
1.97796e-21
6.53607e-23
1.69159e-22
2.57371e-22
-2.44519e-21
8.17486e-21
-5.66828e-22
-6.65495e-21
1.51649e-21
1.65845e-21
1.78592e-21
1.89094e-21
1.96566e-21
6.3751e-23
1.66212e-22
2.54962e-22
-2.41107e-21
8.09199e-21
-5.40714e-22
-6.55384e-21
1.5271e-21
1.66047e-21
1.77955e-21
1.87776e-21
1.94731e-21
6.39946e-23
1.72836e-22
2.63978e-22
-2.35771e-21
8.03917e-21
-4.52858e-22
-6.38536e-21
1.53284e-21
1.65533e-21
1.77216e-21
1.86623e-21
1.91822e-21
3.06366e-24
2.03728e-23
1.39695e-22
-2.47813e-21
7.74744e-21
-6.2783e-22
-6.70077e-21
1.48786e-21
1.65072e-21
1.7766e-21
1.88965e-21
2.00574e-21
5.13099e-22
5.88438e-22
7.81519e-22
-2.19314e-21
7.63279e-21
-8.96514e-22
-6.59798e-21
1.44373e-21
1.63724e-21
1.77504e-21
1.89897e-21
2.03597e-21
4.31222e-22
1.1059e-21
7.7588e-22
-1.63669e-21
7.72769e-21
-9.35536e-22
-6.51414e-21
1.47297e-21
1.6371e-21
1.75732e-21
1.85697e-21
1.94304e-21
2.72438e-22
6.9122e-22
5.94637e-22
-2.62763e-21
7.80911e-21
-7.31475e-22
-6.37955e-21
1.38608e-21
1.6051e-21
1.72601e-21
1.81165e-21
1.87526e-21
-3.0952e-22
-8.16748e-23
1.98418e-23
-2.18634e-21
7.39894e-21
-4.66573e-22
-6.22665e-21
1.42302e-21
1.59187e-21
1.70237e-21
1.78052e-21
1.84092e-21
1.85333e-22
-2.0525e-22
4.85367e-22
-1.93388e-21
7.33885e-21
-5.90105e-22
-6.2784e-21
1.3753e-21
1.55938e-21
1.67846e-21
1.75972e-21
1.82123e-21
2.53956e-22
6.73392e-22
4.44935e-22
-1.7416e-21
7.56268e-21
-6.57281e-22
-5.95336e-21
1.51e-21
1.5781e-21
1.67059e-21
1.74785e-21
1.80942e-21
2.02135e-22
4.2794e-22
5.06762e-22
-2.24505e-21
8.05419e-21
-3.68068e-22
-5.95072e-21
1.413e-21
1.56532e-21
1.66349e-21
1.74222e-21
1.80777e-21
1.51826e-22
3.68096e-22
1.26255e-22
-2.2058e-21
7.22528e-21
-3.48127e-22
-6.01384e-21
1.44315e-21
1.52821e-21
1.66981e-21
1.76112e-21
1.88142e-21
-1.18195e-22
-7.58829e-22
-2.3682e-22
-2.36052e-21
7.05646e-21
-3.7761e-22
-5.87381e-21
1.33122e-21
1.57985e-21
1.58072e-21
1.57444e-21
1.53813e-21
-5.07864e-22
-6.37996e-22
-2.5671e-22
-2.27452e-21
7.28823e-21
-4.12375e-22
-5.93469e-21
1.0685e-21
1.34523e-21
1.45178e-21
1.49091e-21
1.4084e-21
-8.20701e-23
-2.60682e-22
-1.29768e-22
-2.2395e-21
6.97512e-21
-5.29082e-22
-5.92644e-21
1.07037e-21
1.15963e-21
1.36069e-21
1.4902e-21
1.62932e-21
-2.81485e-23
-8.96328e-23
-3.63705e-23
-2.24469e-21
6.7741e-21
-6.0966e-22
-5.88621e-21
1.09999e-21
1.20782e-21
1.35194e-21
1.48741e-21
1.61552e-21
-3.73453e-25
-7.52874e-24
2.63629e-23
-2.21242e-21
6.69452e-21
-6.22424e-22
-5.8237e-21
1.12109e-21
1.24012e-21
1.36838e-21
1.49618e-21
1.61785e-21
1.59337e-23
3.54118e-23
6.94266e-23
-2.16405e-21
6.63612e-21
-6.08017e-22
-5.75083e-21
1.13751e-21
1.26107e-21
1.38572e-21
1.50894e-21
1.62594e-21
2.48696e-23
5.97218e-23
9.85732e-23
-2.1167e-21
6.58584e-21
-5.85307e-22
-5.67582e-21
1.15321e-21
1.27832e-21
1.40094e-21
1.52022e-21
1.63232e-21
2.98954e-23
7.4007e-23
1.16999e-22
-2.07546e-21
6.53608e-21
-5.61835e-22
-5.60083e-21
1.16899e-21
1.29685e-21
1.41807e-21
1.53463e-21
1.64022e-21
3.04977e-23
8.10645e-23
1.20857e-22
-2.04751e-21
6.48844e-21
-5.31804e-22
-5.55588e-21
1.14474e-21
1.26264e-21
1.39402e-21
1.51302e-21
1.60891e-21
5.84325e-23
2.32902e-22
1.50293e-22
-2.13492e-21
6.30823e-21
-5.18962e-22
-5.46635e-21
1.37342e-21
1.45688e-21
1.663e-21
1.78462e-21
1.95246e-21
-6.19221e-22
-6.0145e-22
-3.93909e-22
-1.96581e-21
6.21353e-21
-6.40697e-22
-5.1938e-21
1.47167e-21
1.70762e-21
1.78777e-21
1.94283e-21
1.99504e-21
1.4981e-22
-4.26848e-22
2.48964e-22
-1.86915e-21
6.28672e-21
-6.82407e-22
-5.46247e-21
1.38554e-21
1.63719e-21
1.77165e-21
1.84683e-21
1.79257e-21
1.90448e-22
5.61307e-22
1.11531e-22
-1.87965e-21
5.92314e-21
-5.16068e-22
-4.93794e-21
1.54678e-21
1.62416e-21
1.73449e-21
1.8014e-21
1.8156e-21
1.33181e-22
2.77119e-22
2.212e-23
-2.70188e-21
5.95127e-21
-2.84206e-22
-4.51781e-21
1.54392e-21
1.60157e-21
1.69654e-21
1.76542e-21
1.79331e-21
-4.26527e-22
-4.85113e-22
-6.41731e-22
-2.56546e-21
5.72615e-21
-4.1783e-22
-4.95504e-21
1.41947e-21
1.54331e-21
1.65198e-21
1.73173e-21
1.77646e-21
3.06354e-22
-2.09218e-22
1.21998e-22
-2.16221e-21
5.81001e-21
-5.71733e-22
-5.30009e-21
1.24473e-21
1.45466e-21
1.59618e-21
1.69481e-21
1.75879e-21
1.65558e-22
5.34635e-22
1.59407e-22
-1.63975e-21
6.00142e-21
-6.71493e-22
-5.04559e-21
1.33493e-21
1.43784e-21
1.55955e-21
1.6639e-21
1.74102e-21
1.22982e-22
2.01807e-22
3.69881e-22
-1.6825e-21
6.3808e-21
-5.58593e-22
-4.89811e-21
1.23707e-21
1.40201e-21
1.51753e-21
1.60731e-21
1.71e-21
4.73647e-23
-3.87977e-22
1.21229e-22
-1.58287e-21
5.53364e-21
-5.2255e-22
-5.24778e-21
1.04979e-21
1.27023e-21
1.57877e-21
1.72836e-21
1.83801e-21
-3.35661e-22
-2.53337e-22
3.20944e-23
-1.87865e-21
5.70941e-21
-5.5081e-22
-5.15322e-21
8.99215e-22
1.24674e-21
1.5713e-21
1.84723e-21
1.87384e-21
4.31922e-24
5.02528e-24
1.46606e-22
-1.68483e-21
5.98085e-21
-4.17979e-22
-4.98518e-21
1.04247e-21
1.27151e-21
1.51877e-21
1.711e-21
1.81954e-21
6.12001e-23
1.36508e-22
2.32295e-22
-1.62089e-21
5.91595e-21
-3.43361e-22
-4.84234e-21
1.13517e-21
1.30451e-21
1.49006e-21
1.64693e-21
1.7728e-21
6.93956e-23
1.76736e-22
2.68702e-22
-1.58574e-21
5.86736e-21
-3.02159e-22
-4.73922e-21
1.18853e-21
1.33261e-21
1.48665e-21
1.63072e-21
1.75158e-21
6.72338e-23
1.7686e-22
2.69264e-22
-1.57056e-21
5.81726e-21
-2.79301e-22
-4.66345e-21
1.21811e-21
1.35167e-21
1.48935e-21
1.62159e-21
1.74036e-21
6.25278e-23
1.66462e-22
2.57302e-22
-1.56335e-21
5.76436e-21
-2.66596e-22
-4.60428e-21
1.23305e-21
1.3632e-21
1.49327e-21
1.61903e-21
1.73548e-21
5.82009e-23
1.554e-22
2.43722e-22
-1.55696e-21
5.71399e-21
-2.51237e-22
-4.55155e-21
1.24298e-21
1.37291e-21
1.49932e-21
1.62038e-21
1.73148e-21
5.52227e-23
1.47194e-22
2.32671e-22
-1.54902e-21
5.67721e-21
-1.36659e-22
-4.46358e-21
1.24402e-21
1.35273e-21
1.4773e-21
1.58991e-21
1.68611e-21
4.74471e-23
1.17696e-22
1.70313e-22
-1.67998e-21
5.24897e-21
-6.23173e-22
-4.63143e-21
1.36574e-21
1.53098e-21
1.76793e-21
1.89348e-21
2.01564e-21
1.23476e-22
3.31414e-22
5.36598e-22
-1.35675e-21
5.77338e-21
-6.89237e-22
-4.52203e-21
1.35228e-21
1.72447e-21
1.88843e-21
2.116e-21
2.25881e-21
-4.65298e-22
-3.75503e-22
-3.15969e-22
-1.52895e-21
5.39209e-21
-2.2907e-22
-4.38185e-21
1.39989e-21
1.67475e-21
1.87341e-21
2.02437e-21
2.10566e-21
1.64571e-22
-3.50185e-22
1.44064e-22
-2.05258e-21
4.92673e-21
-8.94851e-22
-4.62213e-21
1.28883e-21
1.59199e-21
1.79953e-21
1.93076e-21
1.99762e-21
2.51114e-22
6.53283e-22
4.71499e-22
-9.84407e-22
5.58968e-21
-6.02481e-23
-4.04664e-21
1.4807e-21
1.59891e-21
1.74957e-21
1.8632e-21
1.93374e-21
2.1561e-22
6.0735e-22
9.29954e-22
-5.92538e-22
6.11782e-21
2.50487e-22
-4.09857e-21
1.3709e-21
1.57596e-21
1.71658e-21
1.82185e-21
1.89714e-21
-3.86357e-22
-2.43238e-22
-5.54791e-23
-1.1689e-21
5.30536e-21
-1.55083e-22
-4.28435e-21
1.36055e-21
1.56021e-21
1.69545e-21
1.79719e-21
1.87688e-21
3.62523e-22
-6.72368e-23
3.55882e-22
-1.72902e-21
5.11843e-21
-3.67428e-22
-4.16767e-21
1.32133e-21
1.51614e-21
1.66472e-21
1.77645e-21
1.86742e-21
2.00709e-22
5.78963e-22
1.77052e-22
-1.28962e-21
5.13884e-21
-2.1987e-22
-4.20585e-21
1.34834e-21
1.47393e-21
1.64647e-21
1.77232e-21
1.92204e-21
7.34964e-23
-4.20472e-22
8.904e-23
-1.28369e-21
6.02697e-21
4.75179e-22
-3.9776e-21
1.2598e-21
1.46545e-21
1.49751e-21
1.53203e-21
1.54515e-21
-2.97864e-22
-1.81726e-22
1.96819e-22
-1.06055e-21
6.00415e-21
3.10278e-22
-3.85115e-21
1.09266e-21
1.25327e-21
1.36927e-21
1.44558e-21
1.41656e-21
7.45659e-24
3.83352e-23
2.43586e-22
-1.16842e-21
5.38742e-21
4.40847e-23
-3.96081e-21
1.12425e-21
1.16202e-21
1.3336e-21
1.47541e-21
1.64979e-21
4.76662e-23
1.23255e-22
2.55739e-22
-1.2574e-21
5.23639e-21
-7.05777e-23
-3.9812e-21
1.14384e-21
1.22739e-21
1.34939e-21
1.49062e-21
1.64593e-21
5.51417e-23
1.51639e-22
2.57309e-22
-1.28751e-21
5.13864e-21
-1.29324e-22
-3.97726e-21
1.14407e-21
1.24139e-21
1.36307e-21
1.50159e-21
1.65066e-21
5.85176e-23
1.57701e-22
2.5265e-22
-1.29892e-21
5.06816e-21
-1.56228e-22
-3.95995e-21
1.14248e-21
1.25281e-21
1.37636e-21
1.51334e-21
1.65927e-21
5.84173e-23
1.56011e-22
2.45621e-22
-1.30054e-21
5.0144e-21
-1.66203e-22
-3.93316e-21
1.14303e-21
1.2613e-21
1.38816e-21
1.52478e-21
1.66822e-21
5.70672e-23
1.50396e-22
2.38542e-22
-1.29541e-21
4.97224e-21
-1.65312e-22
-3.90043e-21
1.14445e-21
1.2689e-21
1.39946e-21
1.53704e-21
1.67849e-21
9.40512e-23
1.51007e-22
2.27155e-22
-1.30741e-21
4.90499e-21
-1.68661e-22
-3.85493e-21
1.1713e-21
1.28582e-21
1.40342e-21
1.52993e-21
1.67556e-21
7.76247e-23
-4.24559e-22
1.67708e-22
-1.09371e-21
4.99175e-21
-1.2212e-22
-4.01155e-21
1.01218e-21
1.17815e-21
1.48675e-21
1.65096e-21
1.81522e-21
-3.00691e-22
-2.05234e-22
2.82708e-24
-9.90231e-22
5.51616e-21
5.4615e-22
-3.50284e-21
1.1754e-21
1.29017e-21
1.53741e-21
1.79336e-21
1.86888e-21
7.00178e-23
1.0163e-22
5.04564e-22
-9.58222e-22
5.82017e-21
7.94374e-22
-2.85178e-21
1.46563e-21
1.4334e-21
1.56857e-21
1.73439e-21
1.85612e-21
-2.88152e-23
8.27538e-23
3.86958e-23
-9.7049e-22
4.95788e-21
3.66871e-22
-3.25763e-21
1.4309e-21
1.46067e-21
1.5661e-21
1.69798e-21
1.82895e-21
3.87594e-22
2.58845e-22
5.23449e-22
-1.39284e-21
4.5903e-21
-4.26507e-22
-3.90216e-21
1.19187e-21
1.38249e-21
1.53343e-21
1.67575e-21
1.81233e-21
2.41244e-22
5.80759e-22
2.94492e-22
-1.01983e-21
4.64619e-21
-3.84161e-22
-3.5999e-21
1.33123e-21
1.40706e-21
1.53232e-21
1.67016e-21
1.80745e-21
1.5654e-22
4.24408e-22
5.59237e-22
-1.19031e-21
5.06451e-21
-4.73123e-23
-3.40007e-21
1.26036e-21
1.4123e-21
1.54214e-21
1.67573e-21
1.81124e-21
-4.17971e-22
-2.52877e-22
-2.38259e-22
-1.10972e-21
4.45667e-21
-1.45859e-22
-3.63796e-21
1.23216e-21
1.40331e-21
1.54572e-21
1.68294e-21
1.81812e-21
-2.34502e-24
-4.96247e-22
-1.38472e-22
-1.89065e-21
4.30396e-21
-2.76766e-23
-3.60917e-21
1.24082e-21
1.37834e-21
1.52486e-21
1.65797e-21
1.81079e-21
6.45915e-23
-4.50601e-22
3.78653e-26
-1.15566e-21
4.8699e-21
-1.14583e-23
-3.77495e-21
8.40819e-22
1.2045e-21
1.60084e-21
1.80425e-21
1.96807e-21
-2.72251e-22
-1.4667e-22
1.20286e-22
-1.0058e-21
4.91135e-21
-2.16436e-22
-3.76943e-21
7.87549e-22
1.21768e-21
1.59502e-21
1.91542e-21
2.00056e-21
3.70052e-23
3.58169e-23
1.4416e-22
-1.19767e-21
4.4385e-21
-2.38907e-22
-3.67531e-21
1.03175e-21
1.25294e-21
1.53234e-21
1.7688e-21
1.93463e-21
4.2499e-23
9.79441e-23
1.6958e-22
-1.20887e-21
4.42853e-21
-2.16352e-22
-3.59973e-21
1.0455e-21
1.26e-21
1.49171e-21
1.69958e-21
1.88171e-21
4.86549e-23
1.22899e-22
1.90457e-22
-1.18798e-21
4.42672e-21
-1.73501e-22
-3.51683e-21
1.09845e-21
1.28848e-21
1.49002e-21
1.68465e-21
1.86069e-21
5.37504e-23
1.38347e-22
2.11907e-22
-1.15326e-21
4.43239e-21
-1.25566e-22
-3.43914e-21
1.14276e-21
1.31944e-21
1.5026e-21
1.68325e-21
1.85443e-21
5.68038e-23
1.486e-22
2.30299e-22
-1.11707e-21
4.44051e-21
-7.99364e-23
-3.36915e-21
1.18119e-21
1.34942e-21
1.52124e-21
1.69221e-21
1.85814e-21
5.87128e-23
1.55644e-22
2.44104e-22
-1.08592e-21
4.44306e-21
-4.1665e-23
-3.30901e-21
1.21373e-21
1.37684e-21
1.54106e-21
1.70484e-21
1.86606e-21
6.09927e-23
1.66029e-22
2.60364e-22
-1.05223e-21
4.45759e-21
2.06238e-23
-3.21728e-21
1.25504e-21
1.40379e-21
1.56035e-21
1.71958e-21
1.87878e-21
2.47311e-23
8.75644e-23
2.1462e-22
-1.09287e-21
4.23797e-21
-1.71292e-22
-3.35689e-21
1.26463e-21
1.41542e-21
1.56445e-21
1.70341e-21
1.81332e-21
6.05253e-22
7.00968e-22
8.50205e-22
-9.09316e-22
4.36169e-21
-1.40348e-22
-3.42934e-21
1.16938e-21
1.38245e-21
1.54479e-21
1.67369e-21
1.76501e-21
3.78544e-22
9.2586e-22
4.86665e-22
-9.55039e-22
4.16233e-21
2.86486e-22
-2.72391e-21
1.46152e-21
1.45663e-21
1.55372e-21
1.65832e-21
1.74591e-21
2.08741e-22
4.77395e-22
6.43828e-22
-1.16974e-21
4.47834e-21
1.48935e-22
-2.76212e-21
1.34383e-21
1.4505e-21
1.55125e-21
1.64919e-21
1.74032e-21
1.98498e-23
2.35943e-22
3.29825e-22
-5.35985e-22
4.4098e-21
9.49367e-23
-3.19511e-21
1.25084e-21
1.40888e-21
1.53113e-21
1.63809e-21
1.73868e-21
4.25218e-22
3.95246e-22
9.29033e-22
-3.34083e-22
4.32087e-21
-2.30971e-22
-3.39354e-21
1.11427e-21
1.33371e-21
1.49258e-21
1.62106e-21
1.73663e-21
2.97161e-22
6.97926e-22
4.04393e-22
-8.78265e-22
4.34204e-21
1.30638e-22
-2.93024e-21
1.34193e-21
1.38588e-21
1.4974e-21
1.61953e-21
1.74063e-21
2.34464e-22
6.00909e-22
7.79749e-22
-9.53745e-22
4.84756e-21
3.82859e-22
-2.73505e-21
1.29503e-21
1.40575e-21
1.51524e-21
1.63156e-21
1.75259e-21
-3.71282e-22
-1.08131e-22
-3.41873e-23
-6.27028e-22
4.30562e-21
1.66213e-22
-3.01678e-21
1.2903e-21
1.44698e-21
1.54936e-21
1.65869e-21
1.77959e-21
-2.96801e-22
-1.33312e-21
-5.4307e-22
-1.52484e-21
3.71481e-21
-1.27211e-22
-3.28938e-21
8.74107e-22
1.01997e-21
1.24159e-21
1.42978e-21
1.6396e-21
-4.62237e-22
-6.81177e-22
-4.59691e-22
-1.48696e-21
3.7792e-21
-2.66758e-22
-3.40799e-21
5.95429e-22
7.38655e-22
1.07851e-21
1.3106e-21
1.45322e-21
-8.86683e-23
-2.46285e-22
-2.04021e-22
-1.32193e-21
3.93071e-21
-2.6093e-22
-3.36326e-21
7.41332e-22
8.94602e-22
1.10609e-21
1.31737e-21
1.51791e-21
-1.63463e-23
-5.8054e-23
-4.1266e-23
-1.24146e-21
3.85696e-21
-2.58723e-22
-3.29158e-21
8.48232e-22
1.00233e-21
1.17023e-21
1.35951e-21
1.55993e-21
6.36943e-24
1.33762e-23
3.77563e-23
-1.19176e-21
3.83833e-21
-2.48081e-22
-3.24416e-21
8.87434e-22
1.03922e-21
1.20696e-21
1.39064e-21
1.58513e-21
1.64289e-23
4.17998e-23
7.38797e-23
-1.15665e-21
3.83224e-21
-2.33478e-22
-3.20882e-21
9.05467e-22
1.06191e-21
1.23097e-21
1.41255e-21
1.60304e-21
2.22886e-23
5.72494e-23
9.50922e-23
-1.12801e-21
3.82894e-21
-2.14705e-22
-3.17236e-21
9.22994e-22
1.08225e-21
1.25191e-21
1.43197e-21
1.6197e-21
2.69411e-23
6.97345e-23
1.12838e-22
-1.10048e-21
3.82818e-21
-1.93074e-22
-3.13272e-21
9.45059e-22
1.10858e-21
1.27556e-21
1.45333e-21
1.63882e-21
3.1693e-23
8.6257e-23
1.34729e-22
-1.06204e-21
3.85559e-21
-1.30513e-22
-3.06933e-21
9.74508e-22
1.15865e-21
1.28675e-21
1.45709e-21
1.64511e-21
3.92037e-23
1.74932e-22
1.62704e-22
-1.05059e-21
3.67005e-21
-2.16522e-22
-3.12522e-21
1.07897e-21
1.13389e-21
1.53686e-21
1.75496e-21
1.85447e-21
-7.68645e-22
-8.44726e-22
-9.72793e-22
-1.75385e-21
3.18809e-21
-5.32554e-22
-3.06649e-21
1.12111e-21
1.37197e-21
1.66585e-21
1.92612e-21
2.00577e-21
2.50917e-22
-3.36195e-22
3.06455e-23
-1.60382e-21
3.22695e-21
-6.13099e-22
-3.28677e-21
1.05543e-21
1.44454e-21
1.66826e-21
1.83961e-21
1.91027e-21
2.27187e-22
5.92661e-22
1.13875e-22
-9.45251e-22
3.77599e-21
3.31535e-23
-2.7503e-21
1.34543e-21
1.4866e-21
1.656e-21
1.78939e-21
1.86819e-21
1.23587e-22
2.90898e-22
2.26878e-22
-1.39181e-21
4.1324e-21
3.74166e-22
-2.17267e-21
1.46898e-21
1.54632e-21
1.66074e-21
1.76943e-21
1.85601e-21
-5.03754e-22
-4.80929e-22
-7.21689e-22
-1.65119e-21
3.44095e-21
7.13365e-23
-2.49527e-21
1.4002e-21
1.52197e-21
1.64282e-21
1.75432e-21
1.85361e-21
2.95841e-22
-1.19995e-22
3.69066e-22
-1.14298e-21
3.81575e-21
2.32979e-22
-2.80705e-21
1.24282e-21
1.44829e-21
1.60527e-21
1.73583e-21
1.85149e-21
2.64052e-22
6.79936e-22
4.56974e-22
-3.02929e-22
4.10237e-21
3.49803e-22
-2.45762e-21
1.48065e-21
1.51413e-21
1.61557e-21
1.73467e-21
1.85515e-21
1.6838e-22
3.5679e-22
4.27951e-22
-9.42861e-22
4.14975e-21
3.07926e-22
-2.00256e-21
1.58506e-21
1.55314e-21
1.62336e-21
1.73089e-21
1.85603e-21
1.31012e-22
-3.56363e-22
3.20278e-22
-4.36513e-22
4.29427e-21
5.25624e-22
-2.53096e-21
1.07052e-21
1.33774e-21
1.68883e-21
1.85295e-21
2.01076e-21
-1.86726e-22
1.90802e-23
3.94848e-22
-4.44563e-22
4.40915e-21
3.53215e-22
-2.68975e-21
9.91135e-22
1.36769e-21
1.69395e-21
1.96165e-21
2.0456e-21
9.69763e-23
2.11679e-22
4.31929e-22
-5.2828e-22
4.06961e-21
3.19836e-22
-2.51048e-21
1.3183e-21
1.47216e-21
1.68978e-21
1.88385e-21
2.02032e-21
9.70379e-23
2.58598e-22
4.26393e-22
-5.90425e-22
4.03301e-21
3.06253e-22
-2.45435e-21
1.33575e-21
1.49164e-21
1.66814e-21
1.8365e-21
1.98564e-21
9.13049e-23
2.49671e-22
3.97703e-22
-6.34605e-22
3.9625e-21
2.7929e-22
-2.43915e-21
1.33852e-21
1.49067e-21
1.65088e-21
1.81012e-21
1.963e-21
8.36607e-23
2.30793e-22
3.6904e-22
-6.64147e-22
3.91393e-21
2.59129e-22
-2.43228e-21
1.33459e-21
1.48631e-21
1.64135e-21
1.79777e-21
1.95299e-21
7.75834e-23
2.16026e-22
3.47407e-22
-6.81592e-22
3.87925e-21
2.45597e-22
-2.4277e-21
1.32524e-21
1.47888e-21
1.63332e-21
1.78852e-21
1.9481e-21
7.11138e-23
2.22685e-22
3.34073e-22
-6.91333e-22
3.90809e-21
2.39668e-22
-2.41881e-21
1.32629e-21
1.48075e-21
1.62942e-21
1.75169e-21
1.94654e-21
3.52122e-23
-9.76069e-23
2.46455e-22
-6.77314e-22
3.5204e-21
1.30824e-22
-2.62862e-21
1.14997e-21
1.3611e-21
1.76163e-21
2.07556e-21
2.1581e-21
-1.24236e-22
-1.1411e-22
9.74391e-24
-5.05308e-22
4.29827e-21
9.43263e-22
-1.97377e-21
1.40028e-21
1.48774e-21
1.75018e-21
2.07479e-21
2.1318e-21
6.88453e-23
2.92552e-22
5.79872e-22
-3.04048e-22
5.06604e-21
1.01747e-21
-1.84595e-21
1.43625e-21
1.52871e-21
1.69266e-21
1.84761e-21
2.03862e-21
-6.71918e-22
-6.02321e-22
-4.6378e-22
-9.70277e-22
3.8157e-21
4.37482e-22
-2.31708e-21
1.35772e-21
1.51211e-21
1.67601e-21
1.84259e-21
2.01409e-21
5.55798e-22
2.02958e-22
7.4882e-22
-7.19806e-22
3.5202e-21
-7.29949e-23
-2.63211e-21
1.22661e-21
1.4672e-21
1.66121e-21
1.83751e-21
2.00759e-21
3.03182e-22
9.59979e-22
9.34474e-22
6.10121e-22
4.66599e-21
9.61382e-22
-1.96969e-21
1.56556e-21
1.58059e-21
1.69937e-21
1.85085e-21
2.01274e-21
1.85239e-22
5.08053e-22
9.7337e-22
-8.79445e-24
4.70551e-21
9.86665e-22
-1.55715e-21
1.61687e-21
1.62734e-21
1.72734e-21
1.8665e-21
2.02249e-21
-4.88442e-22
-4.19023e-22
-4.84854e-22
-1.19604e-21
3.28082e-21
2.19173e-22
-2.12956e-21
1.43951e-21
1.56992e-21
1.71348e-21
1.86729e-21
2.02731e-21
5.10769e-22
1.05876e-22
4.52184e-22
-1.15569e-21
3.3415e-21
-8.0185e-23
-2.6133e-21
1.24819e-21
1.48482e-21
1.67199e-21
1.8449e-21
2.01837e-21
2.69384e-22
1.7209e-22
5.75409e-22
-1.10241e-22
3.76201e-21
2.03435e-23
-2.6989e-21
9.93895e-22
1.28447e-21
1.72107e-21
1.95897e-21
2.17148e-21
-1.11746e-22
1.01714e-22
5.26506e-22
-2.94666e-22
3.99456e-21
2.11391e-22
-2.56001e-21
9.05254e-22
1.29684e-21
1.70339e-21
2.04771e-21
2.18938e-21
1.03686e-22
2.67523e-22
4.74742e-22
-4.4587e-22
3.80471e-21
2.65194e-22
-2.36673e-21
1.16724e-21
1.40923e-21
1.6959e-21
1.95218e-21
2.14212e-21
1.0006e-22
2.64782e-22
4.2296e-22
-5.25268e-22
3.72596e-21
2.88524e-22
-2.25082e-21
1.29189e-21
1.48046e-21
1.69547e-21
1.90582e-21
2.09802e-21
8.82607e-23
2.43405e-22
3.85614e-22
-5.63895e-22
3.68524e-21
2.94094e-22
-2.20438e-21
1.32557e-21
1.50473e-21
1.69555e-21
1.88833e-21
2.07556e-21
7.98119e-23
2.21447e-22
3.55838e-22
-5.8908e-22
3.65172e-21
2.90053e-22
-2.18426e-21
1.33715e-21
1.51278e-21
1.69501e-21
1.88039e-21
2.06478e-21
7.37367e-23
2.05203e-22
3.33797e-22
-6.06648e-22
3.62136e-21
2.82176e-22
-2.17429e-21
1.33737e-21
1.51285e-21
1.69234e-21
1.8747e-21
2.05814e-21
6.97829e-23
1.94321e-22
3.18424e-22
-6.18403e-22
3.59501e-21
2.75679e-22
-2.16458e-21
1.33385e-21
1.50931e-21
1.68832e-21
1.87014e-21
2.05365e-21
6.70917e-23
1.85817e-22
3.06994e-22
-6.30356e-22
3.57238e-21
2.80266e-22
-2.10413e-21
1.332e-21
1.50094e-21
1.68157e-21
1.86528e-21
2.05068e-21
5.26785e-23
1.03541e-22
2.56605e-22
-7.91512e-22
3.29238e-21
6.02448e-23
-2.54567e-21
1.26009e-21
1.47901e-21
1.65787e-21
1.81701e-21
1.94395e-21
8.76808e-22
1.07656e-21
1.35936e-21
-5.93544e-23
3.46169e-21
-1.452e-22
-2.56444e-21
1.17107e-21
1.43241e-21
1.61557e-21
1.75714e-21
1.86192e-21
3.69544e-22
1.02539e-21
7.75696e-22
3.02452e-23
3.51769e-21
6.63808e-23
-2.18298e-21
1.3241e-21
1.45997e-21
1.59888e-21
1.72166e-21
1.82514e-21
-4.83965e-22
-3.28058e-22
-2.39345e-22
-9.06114e-22
3.83175e-21
3.31895e-22
-1.89518e-21
1.30716e-21
1.44758e-21
1.58505e-21
1.70872e-21
1.82183e-21
3.43263e-22
-3.54838e-24
5.36863e-22
-2.40586e-22
4.14806e-21
8.81044e-22
-1.77042e-21
1.53336e-21
1.52996e-21
1.6162e-21
1.72598e-21
1.84209e-21
2.98647e-22
7.91496e-22
7.37764e-22
-1.93866e-22
3.93798e-21
7.01812e-22
-1.76312e-21
1.54204e-21
1.58417e-21
1.65967e-21
1.76e-21
1.87532e-21
7.97381e-22
1.15361e-21
1.49355e-21
4.77929e-22
4.53498e-21
1.23117e-21
-1.43608e-21
1.80215e-21
1.71037e-21
1.73213e-21
1.80977e-21
1.9178e-21
-1.32095e-22
6.24905e-22
5.60819e-22
-1.80254e-22
4.09422e-21
6.02552e-22
-1.64507e-21
1.54915e-21
1.6687e-21
1.74991e-21
1.84262e-21
1.95486e-21
5.20997e-22
4.44288e-22
1.0322e-21
1.33409e-22
4.10639e-21
9.49359e-22
-1.66603e-21
1.69775e-21
1.70232e-21
1.77004e-21
1.86723e-21
1.98475e-21
3.75021e-22
9.96522e-22
1.01526e-21
9.70516e-23
4.22294e-21
9.01619e-22
-1.46648e-21
1.68747e-21
1.71139e-21
1.78463e-21
1.88749e-21
2.01019e-21
8.41073e-22
1.26234e-21
1.63339e-21
5.72335e-22
4.37742e-21
1.10838e-21
-1.63857e-21
1.71739e-21
1.74986e-21
1.81749e-21
1.91705e-21
2.03921e-21
-1.0256e-22
7.10514e-22
6.65811e-22
-1.36753e-22
3.80748e-21
4.83802e-22
-1.77344e-21
1.48766e-21
1.69368e-21
1.82243e-21
1.94033e-21
2.06725e-21
5.81173e-22
5.90091e-22
1.18796e-21
2.2718e-22
3.86376e-21
7.57816e-22
-1.91428e-21
1.56796e-21
1.72258e-21
1.84613e-21
1.96724e-21
2.09742e-21
4.14637e-22
1.10234e-21
1.16114e-21
2.7119e-22
4.30992e-21
1.10999e-21
-1.61856e-21
1.68141e-21
1.82318e-21
1.88767e-21
2.00307e-21
2.17171e-21
1.91889e-22
5.27408e-22
6.97564e-22
-3.58544e-22
3.55416e-21
4.64853e-22
-1.4268e-21
1.66924e-21
1.72029e-21
2.10651e-21
2.22611e-21
2.21191e-21
7.3269e-22
9.69796e-22
1.25688e-21
1.49245e-22
3.93923e-21
6.53935e-22
-1.79922e-21
1.7051e-21
1.92567e-21
2.2055e-21
2.41677e-21
2.41956e-21
4.16505e-22
1.11e-21
1.09243e-21
1.06898e-22
4.03802e-21
9.28045e-22
-1.67032e-21
1.77518e-21
2.07653e-21
2.25905e-21
2.41788e-21
2.54899e-21
8.59209e-22
1.30417e-21
1.68664e-21
7.09774e-22
4.60119e-21
1.47593e-21
-1.03162e-21
2.14511e-21
2.17291e-21
2.28197e-21
2.40115e-21
2.50521e-21
-1.25217e-22
6.07273e-22
6.07423e-22
-5.58767e-23
4.15516e-21
7.58034e-22
-1.2082e-21
1.88407e-21
2.08401e-21
2.23703e-21
2.3671e-21
2.47979e-21
6.80522e-22
5.51957e-22
1.03111e-21
8.81914e-23
3.72848e-21
8.49882e-22
-1.72412e-21
1.79387e-21
2.01553e-21
2.18876e-21
2.33359e-21
2.45992e-21
3.40041e-22
9.64567e-22
9.40317e-22
4.68319e-23
3.9004e-21
7.21302e-22
-1.64591e-21
1.77506e-21
1.99836e-21
2.16955e-21
2.31624e-21
2.449e-21
8.44028e-22
1.19557e-21
1.56232e-21
3.55675e-22
3.7888e-21
1.01352e-21
-1.09437e-21
2.08637e-21
2.1062e-21
2.20456e-21
2.32519e-21
2.45165e-21
-1.06952e-22
7.12373e-22
7.0787e-22
1.22504e-22
4.20234e-21
8.1832e-22
-1.44807e-21
1.80805e-21
2.05232e-21
2.20026e-21
2.32889e-21
2.4564e-21
5.98737e-22
6.21983e-22
1.2251e-21
2.83287e-22
4.01357e-21
1.16617e-21
-1.2949e-21
2.05073e-21
2.12484e-21
2.22763e-21
2.34214e-21
2.46539e-21
4.13862e-22
1.12868e-21
1.1119e-21
1.86555e-22
3.85264e-21
9.93764e-22
-1.12212e-21
2.04877e-21
2.14624e-21
2.24491e-21
2.35439e-21
2.47516e-21
3.6597e-22
8.24769e-22
1.29729e-21
4.08032e-22
3.99446e-21
1.19427e-21
-9.38341e-22
2.22526e-21
2.21343e-21
2.27592e-21
2.3717e-21
2.48733e-21
-2.35615e-22
3.18337e-22
4.42646e-22
-1.76052e-22
3.7331e-21
6.86202e-22
-1.36453e-21
1.88785e-21
2.12541e-21
2.25762e-21
2.37301e-21
2.49385e-21
5.68869e-22
5.76319e-22
1.17318e-21
3.706e-22
4.09662e-21
1.31459e-21
-1.14917e-21
2.12668e-21
2.18051e-21
2.2718e-21
2.37975e-21
2.50026e-21
4.26897e-22
1.08575e-21
1.20593e-21
3.84754e-22
4.20774e-21
1.16399e-21
-9.71871e-22
2.09382e-21
2.17618e-21
2.27304e-21
2.38314e-21
2.50518e-21
1.05441e-21
1.46265e-21
1.72337e-21
5.15571e-22
3.87821e-21
9.97348e-22
-1.29679e-21
2.04452e-21
2.16948e-21
2.27663e-21
2.38916e-21
2.51158e-21
-1.56032e-22
6.48395e-22
5.39874e-22
-1.95845e-22
3.56689e-21
5.49393e-22
-1.42645e-21
1.79404e-21
2.08291e-21
2.25062e-21
2.38547e-21
2.5141e-21
6.05817e-22
5.80472e-22
1.22807e-21
3.76443e-22
3.99704e-21
1.25881e-21
-1.07727e-21
2.09074e-21
2.19237e-21
2.27546e-21
2.42182e-21
2.52164e-21
4.14624e-22
1.04172e-21
1.08396e-21
6.85986e-23
3.92411e-21
7.99326e-22
-1.11295e-21
1.95032e-21
2.06564e-21
2.42637e-21
2.5366e-21
2.72969e-21
5.5776e-23
3.12455e-22
2.19931e-22
-7.48984e-22
2.97532e-21
3.80531e-23
-1.77034e-21
1.64717e-21
2.12349e-21
2.49378e-21
2.72321e-21
2.93487e-21
5.25307e-22
4.45323e-22
6.56518e-22
-5.463e-22
2.80569e-21
4.78643e-22
-1.57554e-21
1.89097e-21
2.24389e-21
2.50595e-21
2.74813e-21
2.85909e-21
2.96194e-22
7.46124e-22
6.57448e-22
-3.92923e-22
3.01601e-21
1.69318e-22
-1.59653e-21
1.83161e-21
2.15726e-21
2.41063e-21
2.61326e-21
2.7568e-21
8.32203e-22
1.18032e-21
1.49529e-21
4.69803e-22
4.00054e-21
1.06355e-21
-9.16287e-22
2.16164e-21
2.22068e-21
2.37243e-21
2.53802e-21
2.68902e-21
-1.91577e-22
4.57373e-22
4.45955e-22
-1.39262e-22
3.89674e-21
9.60769e-22
-7.51905e-22
2.03914e-21
2.15883e-21
2.31626e-21
2.48113e-21
2.63988e-21
6.93153e-22
5.38342e-22
9.73999e-22
-4.72508e-23
3.36791e-21
1.00625e-21
-9.90689e-22
2.1238e-21
2.16365e-21
2.29026e-21
2.44548e-21
2.60524e-21
3.54533e-22
9.39794e-22
9.54607e-22
9.67061e-23
3.74327e-21
1.24718e-21
-9.73541e-22
2.04173e-21
2.14218e-21
2.27327e-21
2.42474e-21
2.58327e-21
1.05377e-21
1.37864e-21
1.78275e-21
8.46459e-22
4.44984e-21
1.69372e-21
-7.26035e-22
2.24372e-21
2.21632e-21
2.29848e-21
2.42785e-21
2.57655e-21
3.24707e-22
1.09281e-21
9.46737e-22
1.38845e-22
3.98728e-21
8.55031e-22
-1.02508e-21
1.91528e-21
2.12043e-21
2.27257e-21
2.4195e-21
2.5702e-21
6.82238e-22
8.49286e-22
1.32657e-21
4.27999e-22
3.87905e-21
1.31412e-21
-1.02235e-21
2.08255e-21
2.15113e-21
2.27567e-21
2.41746e-21
2.56627e-21
4.0782e-22
1.05439e-21
1.16598e-21
3.20169e-22
3.8161e-21
8.25623e-22
-1.09393e-21
2.01328e-21
2.15003e-21
2.28065e-21
2.4194e-21
2.56522e-21
8.82111e-22
1.35315e-21
1.85285e-21
9.61998e-22
4.38327e-21
1.48263e-21
-7.07875e-22
2.28582e-21
2.2595e-21
2.32654e-21
2.43817e-21
2.57229e-21
-1.20691e-22
6.65936e-22
7.44378e-22
2.17225e-22
4.07492e-21
1.04977e-21
-8.98595e-22
1.98335e-21
2.16977e-21
2.3033e-21
2.43341e-21
2.57116e-21
7.53701e-22
6.82293e-22
1.18281e-21
2.57415e-22
3.74045e-21
1.18521e-21
-1.00165e-21
2.10403e-21
2.17492e-21
2.29272e-21
2.42517e-21
2.56546e-21
3.52053e-22
9.44452e-22
9.61844e-22
9.34731e-23
3.57771e-21
8.89454e-22
-1.05691e-21
1.98835e-21
2.13741e-21
2.27639e-21
2.41556e-21
2.55666e-21
1.04158e-21
1.35703e-21
1.69448e-21
6.9149e-22
4.06797e-21
1.1579e-21
-1.10314e-21
2.03553e-21
2.17408e-21
2.30596e-21
2.43429e-21
2.54408e-21
4.62381e-22
1.25214e-21
1.23161e-21
1.4606e-22
3.56432e-21
6.57348e-22
-1.29132e-21
2.06742e-21
2.46913e-21
2.84984e-21
3.03729e-21
3.21908e-21
2.43538e-22
5.96562e-22
8.35641e-22
-9.00596e-23
3.06729e-21
5.42809e-22
-1.38849e-21
2.0877e-21
2.59757e-21
2.88159e-21
3.14049e-21
3.28475e-21
8.41375e-22
1.19927e-21
1.61645e-21
6.86197e-22
4.07713e-21
1.33134e-21
-6.76684e-22
2.39616e-21
2.56034e-21
2.75004e-21
2.89336e-21
2.95692e-21
-2.03411e-22
5.04186e-22
5.00292e-22
-1.87127e-23
3.79424e-21
8.20752e-22
-1.02606e-21
2.0503e-21
2.39037e-21
2.60942e-21
2.76242e-21
2.87758e-21
5.91882e-22
5.82818e-22
1.21801e-21
4.47532e-22
3.80038e-21
1.18987e-21
-1.19753e-21
2.09766e-21
2.34564e-21
2.53537e-21
2.6899e-21
2.81927e-21
4.25342e-22
1.12761e-21
1.22281e-21
4.33472e-22
3.87288e-21
1.07372e-21
-1.01736e-21
2.08577e-21
2.3078e-21
2.48405e-21
2.63653e-21
2.77378e-21
9.04391e-22
1.37076e-21
1.76639e-21
7.4275e-22
4.11818e-21
1.37368e-21
-6.32875e-22
2.33202e-21
2.37238e-21
2.48359e-21
2.61436e-21
2.74818e-21
-1.58292e-22
5.55043e-22
5.10195e-22
-1.59976e-22
3.39229e-21
7.05684e-22
-9.36933e-22
1.99117e-21
2.25893e-21
2.43796e-21
2.58842e-21
2.72857e-21
7.62527e-22
6.75203e-22
1.12554e-21
1.20576e-22
3.27732e-21
1.13979e-21
-8.3158e-22
2.23161e-21
2.31651e-21
2.4446e-21
2.58158e-21
2.71872e-21
3.72515e-22
1.04024e-21
1.06144e-21
2.45011e-22
3.6716e-21
1.0796e-21
-8.12537e-22
2.17318e-21
2.31114e-21
2.44148e-21
2.57529e-21
2.71099e-21
9.19373e-22
1.31169e-21
1.75551e-21
6.5931e-22
3.83808e-21
1.33972e-21
-6.15529e-22
2.35852e-21
2.37599e-21
2.4626e-21
2.57888e-21
2.70787e-21
3.74104e-22
1.08389e-21
9.51748e-22
2.68436e-23
3.50889e-21
7.80547e-22
-8.40622e-22
2.00778e-21
2.25343e-21
2.41945e-21
2.5613e-21
2.69748e-21
8.93897e-22
1.06744e-21
1.45479e-21
5.41225e-22
3.81974e-21
1.24504e-21
-1.1231e-21
2.03132e-21
2.23943e-21
2.40505e-21
2.55068e-21
2.68864e-21
4.14112e-22
1.08697e-21
1.25927e-21
4.881e-22
3.81261e-21
8.73563e-22
-1.04743e-21
2.0629e-21
2.26444e-21
2.41491e-21
2.55107e-21
2.68458e-21
1.1016e-21
1.47639e-21
1.99475e-21
1.09974e-21
4.32903e-21
1.46572e-21
-5.8763e-22
2.27028e-21
2.33365e-21
2.43667e-21
2.5551e-21
2.68187e-21
3.25948e-22
1.06208e-21
1.04623e-21
3.00713e-22
3.92749e-21
9.44028e-22
-9.65028e-22
1.9097e-21
2.19501e-21
2.38136e-21
2.53055e-21
2.66788e-21
9.27345e-22
1.11254e-21
1.55468e-21
6.68376e-22
3.94664e-21
1.45625e-21
-7.97219e-22
2.18341e-21
2.26524e-21
2.39518e-21
2.5296e-21
2.66491e-21
4.08208e-22
1.09611e-21
1.21071e-21
4.3592e-22
3.87814e-21
1.13674e-21
-8.30816e-22
2.15481e-21
2.31164e-21
2.44533e-21
2.55941e-21
2.70528e-21
2.059e-22
5.10572e-22
6.9287e-22
-3.37733e-22
2.95002e-21
2.22403e-22
-1.22106e-21
2.0728e-21
2.53319e-21
2.96847e-21
3.21614e-21
3.17525e-21
8.35965e-22
1.16271e-21
1.52854e-21
5.03681e-22
3.68847e-21
1.2902e-21
-7.81314e-22
2.45358e-21
2.76267e-21
2.98701e-21
3.23333e-21
3.28112e-21
4.72161e-22
1.23746e-21
1.34066e-21
5.08506e-22
3.96921e-21
1.2483e-21
-6.81026e-22
2.38839e-21
2.63163e-21
2.84047e-21
2.97864e-21
3.09658e-21
5.56517e-22
9.92174e-22
1.50583e-21
9.00667e-22
4.48026e-21
1.47406e-21
-8.5286e-22
2.34855e-21
2.54928e-21
2.72616e-21
2.87195e-21
2.98772e-21
-3.20583e-22
2.18129e-22
3.28917e-22
-9.29241e-23
3.82738e-21
7.93512e-22
-1.09692e-21
2.01703e-21
2.37334e-21
2.59926e-21
2.7659e-21
2.9031e-21
2.59894e-22
2.11335e-22
8.45357e-22
3.89113e-22
4.15466e-21
1.50573e-21
-7.44128e-22
2.34026e-21
2.42294e-21
2.56515e-21
2.71244e-21
2.85251e-21
2.75234e-22
7.53282e-22
9.68875e-22
2.83785e-22
4.04786e-21
1.1942e-21
-8.49379e-22
2.23508e-21
2.38102e-21
2.52945e-21
2.67702e-21
2.82004e-21
9.02941e-22
1.34387e-21
1.84463e-21
9.19037e-22
4.38347e-21
1.40548e-21
-1.04028e-21
2.23174e-21
2.37983e-21
2.52182e-21
2.66419e-21
2.80492e-21
-1.84799e-22
5.53177e-22
6.01076e-22
3.33531e-23
4.07578e-21
8.02488e-22
-1.25135e-21
1.94686e-21
2.2698e-21
2.47849e-21
2.64417e-21
2.79232e-21
8.15892e-22
7.77139e-22
1.22322e-21
1.26712e-22
3.64348e-21
1.1358e-21
-1.0393e-21
2.24931e-21
2.3493e-21
2.49434e-21
2.64337e-21
2.78798e-21
3.78983e-22
1.06658e-21
1.04419e-21
1.1351e-22
3.8345e-21
9.83674e-22
-1.12654e-21
2.18187e-21
2.35227e-21
2.5013e-21
2.64564e-21
2.78748e-21
3.69876e-22
7.87041e-22
1.32078e-21
4.41148e-22
4.10017e-21
1.34035e-21
-8.44563e-22
2.44097e-21
2.459e-21
2.54626e-21
2.66375e-21
2.7946e-21
-2.91403e-22
2.39825e-22
3.20652e-22
-2.68076e-22
3.81712e-21
7.64634e-22
-1.12984e-21
2.088e-21
2.34222e-21
2.50576e-21
2.64774e-21
2.78643e-21
6.40956e-22
6.64852e-22
1.16254e-21
1.11379e-22
3.6858e-21
1.20638e-21
-8.49262e-22
2.31934e-21
2.36432e-21
2.48759e-21
2.62705e-21
2.76941e-21
4.35898e-22
1.09527e-21
1.17984e-21
2.50877e-22
3.73355e-21
1.01756e-21
-9.52907e-22
2.15062e-21
2.30496e-21
2.45566e-21
2.6028e-21
2.7479e-21
1.12444e-21
1.55977e-21
1.9944e-21
1.05386e-21
4.26858e-21
1.44829e-21
-8.77008e-22
2.2037e-21
2.33533e-21
2.46245e-21
2.59247e-21
2.72795e-21
-1.86335e-22
6.49249e-22
7.4072e-22
5.72853e-22
4.14773e-21
1.16569e-21
-8.49317e-22
1.93046e-21
2.23812e-21
2.41201e-21
2.54967e-21
2.68471e-21
6.63898e-22
6.97302e-22
1.3749e-21
7.59153e-22
3.23303e-21
1.57349e-21
-2.88417e-23
2.26988e-21
2.30856e-21
2.40352e-21
2.52349e-21
2.64664e-21
3.37139e-22
8.87499e-22
8.82302e-22
2.96027e-22
2.07177e-21
8.08134e-22
1.43615e-22
2.03965e-21
2.3683e-21
2.65817e-21
2.77042e-21
2.82165e-21
-5.5896e-22
-3.75403e-22
-3.80907e-22
-6.89916e-23
8.95795e-22
3.60759e-22
2.92689e-22
1.43652e-21
2.05479e-21
2.3571e-21
2.57232e-21
2.72302e-21
4.8551e-22
2.63553e-22
7.08188e-22
1.08043e-21
6.03946e-23
1.28053e-21
1.86645e-21
1.51332e-21
1.74824e-21
1.99159e-21
2.18183e-21
2.31655e-21
3.13925e-22
8.343e-22
8.27192e-22
1.82511e-21
-1.56862e-21
1.5142e-21
3.6557e-21
1.25518e-21
1.41068e-21
1.56854e-21
1.71253e-21
1.84766e-21
8.43906e-22
1.2039e-21
1.65052e-21
3.45013e-21
-3.49052e-21
2.53459e-21
6.58966e-21
1.1935e-21
1.04101e-21
1.05069e-21
1.12372e-21
1.24806e-21
-2.61605e-22
3.88129e-22
3.11862e-22
3.69471e-21
-7.66319e-21
1.9858e-21
9.27995e-21
1.09875e-22
1.78609e-22
2.33684e-22
3.04789e-22
4.34095e-22
5.48364e-22
4.20551e-22
8.43777e-22
5.48379e-21
-1.34397e-20
2.3895e-21
1.32169e-20
-8.56196e-22
-8.47778e-22
-8.34412e-22
-7.94324e-22
-6.69467e-22
3.1549e-22
8.26291e-22
7.23897e-22
8.025e-21
-2.0477e-20
3.24385e-21
2.00147e-20
-2.02423e-21
-2.16717e-21
-2.25842e-21
-2.28592e-21
-2.1787e-21
7.83777e-22
1.05458e-21
1.31593e-21
1.21706e-20
-3.03122e-20
4.73759e-21
2.94114e-20
-3.60225e-21
-3.98747e-21
-4.23669e-21
-4.36199e-21
-4.27817e-21
-3.11865e-22
2.06628e-22
-6.22243e-23
1.61641e-20
-4.58447e-20
5.51772e-21
4.24435e-20
-6.32692e-21
-6.75987e-21
-7.11889e-21
-7.33303e-21
-7.25311e-21
3.15369e-22
-9.43858e-23
1.2081e-22
2.33801e-20
-6.7219e-20
7.78793e-21
6.12144e-20
-9.85476e-21
-1.06738e-20
-1.12699e-20
-1.16147e-20
-1.15126e-20
5.90319e-23
2.23033e-22
-3.57378e-22
3.28717e-20
-9.69301e-20
1.07235e-20
8.83672e-20
-1.50249e-20
-1.63596e-20
-1.73369e-20
-1.78849e-20
-1.7711e-20
-1.14451e-22
-4.2162e-22
-7.23389e-22
4.6154e-20
-1.37808e-19
1.52401e-20
1.27363e-19
-2.2408e-20
-2.47544e-20
-2.64195e-20
-2.73029e-20
-2.69463e-20
-7.89654e-22
-1.3101e-21
-2.02407e-21
6.22648e-20
-1.92098e-19
1.99474e-20
1.78776e-19
-3.29851e-20
-3.69138e-20
-4.01489e-20
-4.20233e-20
-4.14503e-20
-2.71457e-22
-1.58234e-21
-2.53861e-21
7.93494e-20
-2.48722e-19
2.60954e-20
2.41781e-19
-4.70209e-20
-5.49401e-20
-6.22064e-20
-6.6444e-20
-6.5185e-20
-5.72692e-22
-1.47972e-21
-3.42811e-21
1.01514e-19
-3.28071e-19
3.48219e-20
3.40013e-19
-6.97572e-20
-8.50906e-20
-1.01581e-19
-1.11371e-19
-1.02852e-19
-4.70136e-22
-1.62564e-21
-3.49011e-21
1.15209e-19
-3.61512e-19
3.8899e-20
3.51412e-19
-6.56605e-20
-7.33322e-20
-7.73809e-20
-7.35253e-20
-3.89838e-20
-2.57539e-22
1.38805e-22
1.26145e-22
7.47443e-20
-2.16077e-19
2.52224e-20
1.92451e-19
-2.82766e-20
-2.63528e-20
-1.9781e-20
-9.04153e-21
1.29233e-21
1.76165e-22
6.29132e-22
2.02364e-21
4.50122e-20
-1.17601e-19
1.63139e-20
9.99058e-20
-1.00964e-20
-6.93091e-21
-1.81458e-21
2.22138e-21
1.48554e-21
1.45544e-22
1.23983e-21
2.05691e-21
3.17872e-20
-7.47205e-20
1.29569e-20
6.13845e-20
-2.5428e-21
-5.2811e-22
2.19892e-21
2.4117e-21
6.56203e-22
3.92759e-22
1.23044e-21
2.989e-21
2.41359e-20
-4.94882e-20
1.08147e-20
3.98024e-20
1.49224e-21
2.41673e-21
2.90898e-21
2.03306e-21
5.83819e-22
3.64674e-22
1.82357e-21
3.23378e-21
1.97623e-20
-3.32179e-20
9.69014e-21
2.82062e-20
2.57699e-21
3.32141e-21
2.82276e-21
1.87159e-21
6.54153e-22
5.1735e-22
1.90179e-21
4.14009e-21
1.73709e-20
-2.57954e-20
9.34381e-21
2.37189e-20
2.91802e-21
2.51093e-21
2.26135e-21
1.50144e-21
4.95842e-22
4.54012e-23
1.06186e-21
2.7092e-21
1.5611e-20
-2.21444e-20
8.46249e-21
2.06339e-20
2.82176e-21
2.19644e-21
1.95877e-21
1.36803e-21
5.21111e-22
5.02418e-22
1.09956e-21
2.61026e-21
1.42742e-20
-1.86857e-20
7.96654e-21
1.85061e-20
2.91781e-21
2.88153e-21
2.13613e-21
1.4032e-21
4.89367e-22
4.04135e-22
2.00841e-21
3.39699e-21
1.35322e-20
-1.60569e-20
8.3353e-21
1.79715e-20
2.99559e-21
2.62573e-21
2.03101e-21
1.29641e-21
5.13703e-22
5.60024e-22
1.63023e-21
3.57737e-21
1.25851e-20
-1.41851e-20
7.53024e-21
1.5382e-20
2.50388e-21
2.01078e-21
1.44324e-21
1.05425e-21
4.0898e-22
3.58972e-22
1.82573e-21
3.3185e-21
1.18942e-20
-1.26603e-20
6.54656e-21
1.36324e-20
2.42169e-21
2.14572e-21
1.58152e-21
1.42825e-21
5.39218e-22
4.57038e-22
1.44939e-21
3.74244e-21
1.13219e-20
-1.07328e-20
6.97672e-21
1.37148e-20
2.76484e-21
2.38528e-21
2.19171e-21
1.48949e-21
4.89421e-22
5.46222e-22
1.894e-21
3.51154e-21
1.07065e-20
-9.49613e-21
6.4622e-21
1.32656e-20
2.9978e-21
2.52757e-21
2.13582e-21
1.27913e-21
5.08444e-22
6.90685e-22
1.93131e-21
3.30733e-21
9.89104e-21
-8.5937e-21
6.07411e-21
1.20362e-20
3.13537e-21
2.63181e-21
1.78257e-21
1.20832e-21
4.1084e-22
4.52323e-22
1.98548e-21
3.3119e-21
9.58251e-21
-6.98897e-21
6.42578e-21
1.12828e-20
2.9227e-21
2.45092e-21
1.67104e-21
1.15266e-21
4.54989e-22
5.02463e-22
1.66561e-21
3.74888e-21
9.05306e-21
-5.87424e-21
6.21334e-21
1.04107e-20
2.71368e-21
2.41706e-21
2.04679e-21
1.28081e-21
4.29636e-22
1.68461e-22
1.28755e-21
2.75329e-21
8.36711e-21
-5.78261e-21
5.5424e-21
9.74157e-21
2.73475e-21
2.48612e-21
2.03853e-21
1.25344e-21
4.81432e-22
3.70796e-22
1.01565e-21
2.95614e-21
7.89348e-21
-4.78892e-21
5.50807e-21
9.08293e-21
2.76335e-21
2.14969e-21
1.50277e-21
1.01947e-21
3.54857e-22
4.00219e-22
1.40666e-21
2.73988e-21
7.42267e-21
-4.29361e-21
4.92142e-21
8.50968e-21
2.56801e-21
2.05881e-21
1.44682e-21
1.06674e-21
4.15545e-22
2.33472e-21
3.91989e-21
6.20007e-21
1.36035e-20
-7.14566e-21
8.98561e-21
1.52112e-20
4.61711e-21
4.10619e-21
3.66828e-21
2.89018e-21
1.04841e-21
2.15281e-21
5.32094e-21
6.56275e-21
1.23278e-20
-5.09669e-21
8.60995e-21
1.35708e-20
4.62633e-21
3.48925e-21
3.21213e-21
2.04773e-21
7.83417e-22
1.84465e-21
4.13021e-21
5.80701e-21
1.0982e-20
-4.04732e-21
7.84728e-21
1.24695e-20
5.27825e-21
4.74121e-21
3.87359e-21
2.39388e-21
8.69967e-22
2.60023e-21
5.0964e-21
6.27903e-21
1.0143e-20
-2.76438e-21
7.39412e-21
1.15474e-20
5.68683e-21
5.48512e-21
4.23629e-21
2.36594e-21
8.58168e-22
2.43891e-21
5.77485e-21
6.18632e-21
9.37336e-21
-1.64487e-21
7.03394e-21
1.06674e-20
5.77386e-21
5.29454e-21
4.71145e-21
3.29541e-21
1.18697e-21
1.69134e-21
4.38633e-21
5.54475e-21
8.5261e-21
-7.66104e-22
6.68921e-21
9.89132e-21
5.90221e-21
5.84148e-21
4.62703e-21
2.83156e-21
9.84643e-22
1.57082e-21
3.66879e-21
5.21212e-21
7.83044e-21
-4.1812e-23
6.33645e-21
9.06153e-21
5.54827e-21
5.42772e-21
4.42456e-21
2.76803e-21
1.04567e-21
1.96694e-21
4.32856e-21
5.26634e-21
7.34687e-21
6.25973e-22
6.07033e-21
8.36131e-21
5.19745e-21
4.43591e-21
4.04842e-21
2.6671e-21
9.81332e-22
1.82205e-21
4.16476e-21
5.00928e-21
6.87124e-21
1.21169e-21
5.90659e-21
7.90543e-21
5.25206e-21
4.64072e-21
4.07846e-21
2.64817e-21
9.49467e-22
2.27963e-21
4.1758e-21
5.27209e-21
6.58996e-21
1.72816e-21
5.75522e-21
7.52218e-21
5.46451e-21
5.38723e-21
4.29775e-21
2.87941e-21
9.90394e-22
3.06385e-21
6.00094e-21
5.8172e-21
6.43971e-21
2.16273e-21
5.58779e-21
7.14147e-21
5.476e-21
5.30463e-21
4.18367e-21
2.31486e-21
8.47409e-22
1.93426e-21
4.93881e-21
5.30054e-21
6.0966e-21
2.44946e-21
5.37553e-21
6.70933e-21
5.24324e-21
4.99153e-21
4.37539e-21
3.13246e-21
1.1245e-21
1.82288e-21
3.73574e-21
4.85418e-21
5.68638e-21
2.60699e-21
5.10157e-21
6.19716e-21
4.82788e-21
4.45052e-21
3.74762e-21
2.4436e-21
8.56192e-22
1.72466e-21
3.91038e-21
4.56502e-21
5.30757e-21
2.70368e-21
4.83628e-21
5.74235e-21
4.50332e-21
3.9817e-21
3.30138e-21
1.7394e-21
6.75608e-22
1.74547e-21
3.73948e-21
4.40807e-21
5.02002e-21
2.80904e-21
4.66864e-21
5.53695e-21
4.75216e-21
4.72319e-21
3.79772e-21
2.37587e-21
8.31976e-22
1.68966e-21
3.64896e-21
4.2635e-21
4.7778e-21
2.91027e-21
4.53642e-21
5.31069e-21
4.59517e-21
4.49815e-21
3.66966e-21
2.44346e-21
8.48714e-22
1.65501e-21
3.53383e-21
4.13998e-21
4.57033e-21
2.99353e-21
4.40912e-21
5.06233e-21
4.36425e-21
3.93348e-21
3.36558e-21
2.14917e-21
7.71487e-22
1.6322e-21
3.47907e-21
4.04846e-21
4.39005e-21
3.04471e-21
4.26237e-21
4.82541e-21
4.25211e-21
4.02917e-21
3.64065e-21
2.72056e-21
9.99511e-22
1.562e-21
3.32792e-21
3.89941e-21
4.19286e-21
3.05177e-21
4.09552e-21
4.57007e-21
4.07884e-21
3.84781e-21
3.35317e-21
2.31917e-21
8.18116e-22
1.53542e-21
3.24057e-21
3.78563e-21
4.02118e-21
3.05506e-21
3.96855e-21
4.40642e-21
4.041e-21
3.88526e-21
3.55789e-21
2.61898e-21
9.73887e-22
1.59119e-21
3.33318e-21
3.80573e-21
3.93523e-21
3.09314e-21
3.88928e-21
4.29319e-21
4.01193e-21
3.84575e-21
3.39096e-21
2.41145e-21
8.39781e-22
1.5787e-21
3.3224e-21
3.78884e-21
3.86396e-21
3.1357e-21
3.82309e-21
4.17456e-21
3.92484e-21
3.69636e-21
3.1534e-21
2.02317e-21
7.27389e-22
1.54043e-21
3.24351e-21
3.72097e-21
3.77593e-21
3.15363e-21
3.74319e-21
4.03984e-21
3.8135e-21
3.56106e-21
3.01837e-21
1.97922e-21
7.0732e-22
1.55683e-21
3.25415e-21
3.70592e-21
3.70401e-21
3.15109e-21
3.64462e-21
3.88965e-21
3.69141e-21
3.44349e-21
2.93439e-21
1.94348e-21
6.99124e-22
1.55874e-21
3.25232e-21
3.68508e-21
3.63233e-21
3.13899e-21
3.55795e-21
3.77662e-21
3.62915e-21
3.40864e-21
2.92978e-21
1.95619e-21
7.05354e-22
1.535e-21
3.20721e-21
3.62916e-21
3.55344e-21
3.1297e-21
3.50391e-21
3.7185e-21
3.62516e-21
3.42157e-21
2.94443e-21
1.96394e-21
7.06781e-22
1.51682e-21
3.15923e-21
3.57228e-21
3.47869e-21
3.11805e-21
3.45291e-21
3.65347e-21
3.58716e-21
3.38078e-21
2.90629e-21
1.93579e-21
6.9705e-22
1.50665e-21
3.12996e-21
3.52538e-21
3.40814e-21
3.09438e-21
3.38707e-21
3.5668e-21
3.51974e-21
3.31657e-21
2.85642e-21
1.90771e-21
6.88569e-22
1.49689e-21
3.104e-21
3.48268e-21
3.34216e-21
3.06696e-21
3.32669e-21
3.49884e-21
3.48337e-21
3.29243e-21
2.83434e-21
1.88118e-21
6.80922e-22
1.48605e-21
3.07531e-21
3.44307e-21
3.28494e-21
3.04583e-21
3.28277e-21
3.45588e-21
3.47608e-21
3.30965e-21
2.88395e-21
1.95678e-21
7.0864e-22
1.47899e-21
3.05479e-21
3.41174e-21
3.23733e-21
3.02753e-21
3.24111e-21
3.40671e-21
3.44402e-21
3.28164e-21
2.8654e-21
1.89821e-21
6.93052e-22
1.4702e-21
3.03253e-21
3.37956e-21
3.19185e-21
3.00821e-21
3.20409e-21
3.36725e-21
3.41227e-21
3.16997e-21
2.87338e-21
2.15419e-21
7.39349e-22
1.46185e-21
3.00852e-21
3.34435e-21
3.14373e-21
2.97991e-21
3.15705e-21
3.32516e-21
3.46205e-21
3.57588e-21
2.89324e-21
1.98549e-21
7.001e-22
1.46295e-21
3.00447e-21
3.32539e-21
3.10165e-21
2.93829e-21
3.07344e-21
3.19431e-21
3.25896e-21
3.20313e-21
2.67511e-21
1.7379e-21
6.416e-22
1.451e-21
2.96608e-21
3.29483e-21
3.05656e-21
2.89033e-21
2.98744e-21
3.07003e-21
3.09873e-21
2.84492e-21
2.53185e-21
1.69789e-21
6.2246e-22
1.48189e-21
2.83916e-21
3.31457e-21
3.04186e-21
2.8682e-21
2.94861e-21
3.04214e-21
3.10453e-21
2.94662e-21
2.60682e-21
1.77101e-21
6.48935e-22
1.83661e-21
3.30614e-21
3.42889e-21
3.0445e-21
2.88269e-21
2.98186e-21
3.12232e-21
3.26148e-21
3.16074e-21
2.7471e-21
1.82902e-21
6.69206e-22
1.78155e-21
3.78104e-21
3.31363e-21
2.95593e-21
2.86408e-21
2.99772e-21
3.16633e-21
3.33053e-21
3.24716e-21
2.80847e-21
1.88944e-21
6.83541e-22
4.0604e-22
1.72164e-21
2.42443e-21
2.69997e-21
2.76551e-21
2.92173e-21
3.06667e-21
3.18425e-21
3.04183e-21
2.66376e-21
1.7615e-21
6.48103e-22
1.06236e-21
1.55798e-21
2.61844e-21
2.66015e-21
2.69593e-21
2.83485e-21
2.96328e-21
3.0667e-21
2.92179e-21
2.66444e-21
2.05352e-21
7.1164e-22
1.38572e-21
2.70494e-21
2.95787e-21
2.73237e-21
2.69781e-21
2.82307e-21
2.97625e-21
3.14088e-21
3.06009e-21
2.68146e-21
1.87397e-21
6.68302e-22
1.73768e-21
3.25287e-21
3.126e-21
2.72409e-21
2.64296e-21
2.75352e-21
2.90684e-21
3.08758e-21
3.01118e-21
2.60389e-21
1.69024e-21
6.23256e-22
1.40935e-21
3.09336e-21
3.31939e-21
2.71542e-21
2.43357e-21
2.80766e-21
3.02272e-21
3.11816e-21
2.97289e-21
2.60772e-21
1.76539e-21
6.43261e-22
8.16859e-22
1.66576e-21
1.59355e-21
2.29542e-21
3.15827e-21
2.46107e-21
2.701e-21
2.92015e-21
2.72978e-21
2.17402e-21
1.45253e-21
4.50567e-22
6.53588e-22
1.65632e-21
1.41171e-21
2.14456e-21
2.08711e-21
2.09785e-21
1.48016e-21
1.22269e-21
1.48662e-21
1.21532e-21
4.5897e-22
1.59635e-22
-6.44014e-23
7.71025e-22
1.84072e-21
1.86039e-21
1.38468e-21
2.07301e-21
1.48923e-21
1.41757e-21
1.70173e-21
1.5715e-21
9.6028e-22
3.96068e-22
6.10771e-22
8.75665e-22
1.78655e-21
1.92597e-21
2.1153e-21
1.94958e-21
2.16519e-21
1.88687e-21
1.18916e-21
1.12704e-21
7.84377e-22
2.56635e-22
-9.09829e-23
6.93106e-22
8.93688e-22
1.58759e-21
1.77025e-21
1.79274e-21
1.93006e-21
1.78142e-21
1.25479e-21
1.06442e-21
7.76748e-22
2.89189e-22
9.02955e-22
1.4073e-21
2.26648e-21
2.34883e-21
2.343e-21
2.424e-21
1.97817e-21
1.62857e-21
1.45209e-21
1.09995e-21
5.84861e-22
2.44671e-22
4.51496e-22
1.86436e-21
2.42383e-21
2.44329e-21
2.76102e-21
2.78105e-21
2.18865e-21
1.92287e-21
1.6075e-21
1.41148e-21
9.16788e-22
3.33761e-22
1.00512e-21
1.42969e-21
2.18534e-21
2.26595e-21
2.35542e-21
2.27939e-21
2.27463e-21
2.22746e-21
2.17919e-21
1.7839e-21
1.05102e-21
3.32256e-22
5.41074e-22
1.70193e-21
1.57831e-21
1.97368e-21
2.10988e-21
2.15946e-21
2.2118e-21
2.113e-21
1.96495e-21
1.49639e-21
8.48983e-22
3.08194e-22
1.22751e-21
2.28711e-21
2.68703e-21
2.35051e-21
2.03765e-21
1.76249e-21
1.44164e-21
1.39791e-21
1.27702e-21
1.19756e-21
9.64993e-22
3.69361e-22
2.34354e-22
1.70349e-21
2.20643e-21
2.01943e-21
1.87786e-21
1.70234e-21
1.31956e-21
1.4824e-21
1.4756e-21
1.38413e-21
1.00321e-21
3.50789e-22
6.1575e-22
7.96717e-22
1.67348e-21
1.80615e-21
1.80338e-21
1.74215e-21
1.7293e-21
1.57474e-21
1.24827e-21
1.15438e-21
7.52034e-22
2.57642e-22
2.64307e-23
1.01991e-21
1.09097e-21
1.47146e-21
1.62163e-21
1.59463e-21
1.79108e-21
1.97006e-21
1.79853e-21
1.41132e-21
9.06464e-22
3.40506e-22
1.37212e-22
1.78706e-22
8.52854e-22
1.63746e-21
1.93881e-21
2.08879e-21
1.73677e-21
1.42663e-21
1.62456e-21
1.41939e-21
9.56445e-22
3.83515e-22
2.36849e-22
9.52172e-22
1.34017e-21
1.83729e-21
2.173e-21
2.34343e-21
1.74727e-21
1.42131e-21
1.38532e-21
1.3511e-21
9.66177e-22
3.42613e-22
5.8569e-22
1.0523e-21
1.90725e-21
1.93374e-21
2.01951e-21
1.92093e-21
1.84313e-21
1.66527e-21
1.31995e-21
1.05925e-21
6.54633e-22
2.14718e-22
3.99466e-22
1.34382e-21
1.50865e-21
1.76058e-21
1.8248e-21
1.81124e-21
1.78198e-21
1.66532e-21
1.38386e-21
1.09194e-21
7.28048e-22
2.80703e-22
6.64935e-22
1.41288e-21
1.82088e-21
1.99603e-21
1.9451e-21
1.80102e-21
1.61486e-21
1.42816e-21
1.27968e-21
1.07249e-21
7.22855e-22
2.68558e-22
2.23814e-22
1.05484e-21
1.58838e-21
1.8573e-21
2.00832e-21
1.91857e-21
1.57257e-21
1.45186e-21
1.30041e-21
1.14891e-21
7.04424e-22
2.82131e-22
9.13742e-22
1.20591e-21
1.88011e-21
1.79754e-21
1.82958e-21
1.78962e-21
1.69547e-21
1.52489e-21
1.28131e-21
1.03414e-21
6.15083e-22
2.14677e-22
5.27008e-22
1.76062e-21
1.54314e-21
1.62234e-21
1.64358e-21
1.66131e-21
1.66776e-21
1.61165e-21
1.40742e-21
1.12009e-21
7.47032e-22
2.75327e-22
6.45307e-22
1.30952e-21
1.72113e-21
1.83192e-21
1.75829e-21
1.63339e-21
1.47646e-21
1.31928e-21
1.19205e-21
1.0133e-21
6.65836e-22
2.48569e-22
2.39176e-22
1.07753e-21
1.54305e-21
1.74222e-21
1.85782e-21
1.76365e-21
1.42785e-21
1.31403e-21
1.13436e-21
1.07306e-21
7.42359e-22
2.73321e-22
6.52044e-22
8.46024e-22
1.62342e-21
1.66941e-21
1.71077e-21
1.65913e-21
1.56295e-21
1.42569e-21
1.33022e-21
9.66248e-22
5.76062e-22
1.89215e-22
7.46629e-22
1.68373e-21
1.49659e-21
1.49444e-21
1.50283e-21
1.49855e-21
1.46981e-21
1.34305e-21
1.26137e-21
9.56803e-22
6.12402e-22
2.35946e-22
7.13733e-22
1.57454e-21
1.6628e-21
1.68075e-21
1.58533e-21
1.46851e-21
1.39398e-21
1.38548e-21
1.10788e-21
9.13839e-22
5.9318e-22
2.2621e-22
2.29547e-22
8.9771e-22
1.44868e-21
1.59968e-21
1.70378e-21
1.64029e-21
1.39377e-21
1.47407e-21
1.31306e-21
1.13133e-21
7.79553e-22
2.87195e-22
7.88539e-22
9.65649e-22
1.56998e-21
1.56234e-21
1.61636e-21
1.59401e-21
1.50405e-21
1.19793e-21
8.60356e-22
7.65153e-22
4.87685e-22
1.59012e-22
7.14688e-22
1.61883e-21
1.44354e-21
1.49899e-21
1.69023e-21
1.68737e-21
1.51421e-21
1.31851e-21
9.59067e-22
8.08931e-22
5.27331e-22
2.08692e-22
8.76768e-22
1.74094e-21
1.57241e-21
1.36827e-21
9.60944e-22
8.53875e-22
9.7495e-22
9.78045e-22
9.76394e-22
8.26102e-22
5.4786e-22
2.14545e-22
-2.88865e-23
6.72754e-22
1.11063e-21
1.14331e-21
8.99006e-22
8.78713e-22
9.16301e-22
9.71692e-22
9.31324e-22
9.12366e-22
5.98723e-22
2.23327e-22
4.6414e-22
4.63332e-22
1.20516e-21
1.22039e-21
1.31593e-21
1.33355e-21
1.30527e-21
1.18456e-21
9.86418e-22
7.23107e-22
4.33194e-22
1.43701e-22
3.43814e-22
1.1628e-21
1.00695e-21
1.12611e-21
1.1503e-21
1.26198e-21
1.28385e-21
1.24944e-21
1.12807e-21
8.71254e-22
6.19695e-22
2.31808e-22
3.59598e-22
8.82441e-22
1.24871e-21
1.47281e-21
1.52752e-21
1.35479e-21
1.19594e-21
1.09984e-21
1.00186e-21
9.1167e-22
6.94734e-22
2.48128e-22
2.80359e-22
9.17135e-22
1.42474e-21
1.51662e-21
1.65181e-21
1.43135e-21
1.17239e-21
1.06562e-21
9.20666e-22
8.06155e-22
5.58147e-22
1.91627e-22
4.73032e-22
9.03248e-22
1.33929e-21
1.37505e-21
1.32985e-21
1.2829e-21
1.16847e-21
1.01208e-21
8.27448e-22
6.39567e-22
3.82412e-22
1.23267e-22
2.63999e-22
8.98806e-22
1.02089e-21
1.12584e-21
1.14233e-21
1.12789e-21
1.08113e-21
9.89739e-22
8.29918e-22
6.16001e-22
3.22027e-22
1.29165e-22
3.45078e-22
6.54448e-22
8.26404e-22
1.08808e-21
1.11288e-21
1.04802e-21
9.38853e-22
8.21826e-22
7.18575e-22
5.89882e-22
3.63084e-22
1.36183e-22
1.5577e-22
6.1051e-22
8.37931e-22
1.05065e-21
1.13882e-21
1.08539e-21
8.90172e-22
8.05346e-22
7.07044e-22
6.26657e-22
4.35961e-22
1.55252e-22
3.9386e-22
6.29077e-22
1.04104e-21
1.0249e-21
1.04146e-21
1.011e-21
9.40456e-22
8.29528e-22
6.83279e-22
5.38933e-22
3.30808e-22
1.09147e-22
2.03811e-22
7.23005e-22
7.58188e-22
8.86981e-22
8.88232e-22
9.43171e-22
9.47015e-22
8.82312e-22
7.46142e-22
5.70461e-22
3.42836e-22
1.25784e-22
3.09806e-22
6.08912e-22
8.62177e-22
1.00618e-21
1.1053e-21
9.28819e-22
8.04803e-22
7.32182e-22
6.66945e-22
5.57932e-22
3.60996e-22
1.3123e-22
1.12767e-22
4.71763e-22
7.79003e-22
9.22755e-22
1.06417e-21
9.66795e-22
7.77498e-22
7.27689e-22
6.50556e-22
5.93778e-22
4.07216e-22
1.4886e-22
4.40434e-22
6.26602e-22
8.8442e-22
8.82358e-22
8.84127e-22
9.30214e-22
9.20345e-22
8.11571e-22
6.79985e-22
5.16374e-22
2.90653e-22
9.1726e-23
1.87359e-22
7.27909e-22
7.12373e-22
8.02955e-22
8.47019e-22
8.4397e-22
8.79014e-22
8.03779e-22
6.60268e-22
5.15794e-22
3.25203e-22
1.20892e-22
2.07156e-22
3.48543e-22
6.01103e-22
8.02427e-22
8.69535e-22
8.67465e-22
7.13484e-22
6.50787e-22
5.61913e-22
4.67758e-22
3.06461e-22
1.0559e-22
1.70431e-22
4.68076e-22
6.16339e-22
7.61829e-22
8.46515e-22
8.61238e-22
6.58506e-22
6.04684e-22
5.29129e-22
4.38217e-22
2.93453e-22
1.0229e-22
2.2914e-22
4.18892e-22
6.68729e-22
7.07829e-22
7.43715e-22
7.15168e-22
6.91037e-22
5.90512e-22
4.80444e-22
3.71915e-22
2.24843e-22
7.38064e-23
1.4112e-22
4.08442e-22
5.0104e-22
6.15791e-22
6.37712e-22
6.59906e-22
6.60699e-22
5.93485e-22
5.0087e-22
3.88994e-22
2.51701e-22
8.86232e-23
2.43341e-22
4.64703e-22
5.89112e-22
6.74585e-22
7.33099e-22
6.34947e-22
5.23788e-22
4.91256e-22
4.21952e-22
3.08212e-22
1.54903e-22
5.10358e-23
9.43311e-23
3.96249e-22
5.39325e-22
6.18802e-22
6.95942e-22
6.35612e-22
5.0858e-22
4.68264e-22
3.92191e-22
3.23222e-22
1.88584e-22
6.909e-23
1.16654e-22
2.10111e-22
4.57057e-22
5.44027e-22
5.68747e-22
5.83403e-22
5.6595e-22
5.04304e-22
4.44625e-22
3.3381e-22
2.07285e-22
6.46022e-23
1.21449e-22
3.3816e-22
4.31646e-22
4.95925e-22
5.28154e-22
5.25174e-22
5.29994e-22
4.89674e-22
4.29281e-22
3.13736e-22
1.8747e-22
6.30572e-23
9.39458e-23
2.24136e-22
3.22179e-22
4.47811e-22
5.02719e-22
5.2084e-22
4.45075e-22
4.08821e-22
3.39031e-22
2.68565e-22
1.68662e-22
5.71843e-23
7.71857e-23
1.82705e-22
2.85484e-22
4.11037e-22
4.78646e-22
4.88746e-22
4.10038e-22
3.75598e-22
3.28728e-22
2.54792e-22
1.57665e-22
5.06421e-23
9.04137e-23
1.90616e-22
3.27206e-22
3.94099e-22
4.34558e-22
4.24471e-22
4.07744e-22
3.48832e-22
2.83555e-22
2.02307e-22
1.19031e-22
3.69571e-23
9.12566e-23
2.2371e-22
2.94918e-22
3.51399e-22
3.80676e-22
3.7953e-22
3.53234e-22
3.05337e-22
2.38869e-22
1.693e-22
9.94403e-23
3.11848e-23
7.22339e-21
1.46488e-20
1.84369e-20
2.90806e-20
1.87437e-20
3.10362e-20
1.61382e-20
2.86516e-20
1.36215e-20
2.53676e-20
1.10706e-20
2.16914e-20
8.43819e-21
1.84849e-20
7.3745e-21
1.71413e-20
6.47079e-21
1.57353e-20
5.71217e-21
1.45926e-20
5.06652e-21
1.35906e-20
4.5018e-21
1.26776e-20
3.99822e-21
1.18158e-20
3.52892e-21
1.09717e-20
2.93162e-21
1.01806e-20
2.51284e-21
9.45679e-21
2.18267e-21
8.80115e-21
1.84897e-21
8.21554e-21
1.54397e-21
7.69391e-21
1.26443e-21
7.22511e-21
1.00745e-21
6.78605e-21
7.6818e-22
6.35937e-21
5.39396e-22
5.93101e-21
3.70548e-22
5.49525e-21
2.22804e-22
5.05245e-21
5.03385e-23
4.63218e-21
-1.43873e-22
4.18427e-21
-3.44148e-22
3.75406e-21
-5.43038e-22
3.3749e-21
-7.38927e-22
3.00025e-21
-9.31436e-22
2.63961e-21
-1.12495e-21
2.29003e-21
-1.26221e-21
1.95693e-21
-1.36755e-21
1.65191e-21
-1.49514e-21
1.36016e-21
-1.64275e-21
1.10928e-21
-1.78816e-21
9.05752e-22
-1.9261e-21
7.21902e-22
-2.05473e-21
5.68848e-22
-2.17001e-21
4.502e-22
-2.18213e-21
4.96913e-22
-2.51214e-21
1.72191e-22
-3.47025e-21
-1.02264e-21
-3.547e-21
-1.15153e-21
-3.5458e-21
-1.01145e-21
-3.51622e-21
-9.31839e-22
-3.48092e-21
-9.19126e-22
-3.44275e-21
-9.01366e-22
-3.40585e-21
-8.87503e-22
-3.35804e-21
-8.79097e-22
-3.41487e-21
-8.92176e-22
-3.4674e-21
-9.27495e-22
-3.49778e-21
-9.74412e-22
-3.51623e-21
-1.01449e-21
-3.52892e-21
-1.04319e-21
-3.53371e-21
-1.06306e-21
-3.51332e-21
-1.07233e-21
-3.38947e-21
-1.08178e-21
-3.06637e-21
-1.10661e-21
-4.9632e-21
-1.49145e-21
-5.25419e-21
-2.22658e-21
-3.67954e-21
-2.05301e-21
-3.81253e-21
-1.95183e-21
-3.68168e-21
-1.84164e-21
-3.57443e-21
-1.73382e-21
-3.48425e-21
-1.64059e-21
-3.40569e-21
-1.55739e-21
-3.33496e-21
-1.47974e-21
-3.24166e-21
-1.41168e-21
-3.15868e-21
-1.35267e-21
-3.09348e-21
-1.30052e-21
-3.0321e-21
-1.2529e-21
-2.97867e-21
-1.20879e-21
-2.93106e-21
-1.16561e-21
-2.88653e-21
-1.12159e-21
-2.84512e-21
-1.07856e-21
-2.76909e-21
-1.03951e-21
-2.69053e-21
-1.00319e-21
-2.63228e-21
-9.65488e-22
-2.58425e-21
-9.2441e-22
-2.5396e-21
-8.80988e-22
-2.49369e-21
-8.40714e-22
-2.44746e-21
-8.11459e-22
-2.39909e-21
-7.91164e-22
-2.35553e-21
-7.75915e-22
-2.3122e-21
-7.64386e-22
-2.26032e-21
-7.50259e-22
-2.19467e-21
-7.36398e-22
-2.13724e-21
-7.19629e-22
-2.09295e-21
-6.97234e-22
-2.05716e-21
-6.69517e-22
-2.03284e-21
-6.39614e-22
-2.11088e-21
-6.25063e-22
-2.74871e-21
-5.80059e-22
-7.23856e-22
-5.57533e-22
-3.86164e-22
-1.16726e-21
-2.07872e-21
-1.13469e-21
-2.21789e-21
-1.08447e-21
-2.24533e-21
-1.02856e-21
-2.25973e-21
-9.84195e-22
-2.26133e-21
-9.45682e-22
-2.24107e-21
-9.05911e-22
-2.20248e-21
-8.64161e-22
-2.33101e-21
-8.26248e-22
-2.35515e-21
-8.03724e-22
-2.30688e-21
-7.78238e-22
-2.27613e-21
-7.52967e-22
-2.24168e-21
-7.27615e-22
-2.204e-21
-7.00528e-22
-2.17093e-21
-6.67047e-22
-2.1028e-21
-6.17862e-22
-1.67348e-21
-5.05186e-22
-2.0383e-21
-7.78377e-22
-3.32881e-21
-1.61756e-21
-2.81841e-21
-1.49033e-21
-2.31491e-21
-1.29615e-21
-2.1872e-21
-1.12387e-21
-2.03053e-21
-9.64914e-22
-1.90437e-21
-8.21818e-22
-1.80261e-21
-6.93996e-22
-1.7222e-21
-5.80975e-22
-1.6032e-21
-4.76742e-22
-1.4816e-21
-3.74244e-22
-1.39504e-21
-2.76298e-22
-1.3316e-21
-1.86746e-22
-1.2772e-21
-1.10556e-22
-1.22952e-21
-4.78731e-23
-1.1932e-21
-9.20885e-25
-1.22597e-21
2.2098e-23
-1.82876e-21
2.04472e-22
3.69344e-22
3.20138e-22
7.8161e-22
-5.01488e-22
-7.98855e-22
-5.35889e-22
-8.18311e-22
-3.01296e-22
-7.99898e-22
-1.17629e-22
-7.65359e-22
4.13106e-24
-7.17873e-22
1.26896e-22
-6.62791e-22
2.37427e-22
-6.06942e-22
3.32838e-22
-7.52603e-22
4.0997e-22
-7.8243e-22
4.69494e-22
-7.25111e-22
5.30008e-22
-6.81925e-22
5.89476e-22
-6.38642e-22
6.48363e-22
-5.92303e-22
7.07228e-22
-5.43296e-22
7.66822e-22
-4.91617e-22
8.25617e-22
-4.44332e-22
8.83392e-22
-3.44608e-22
9.40866e-22
-2.2355e-22
1.00391e-21
-1.22961e-22
1.07535e-21
-4.89038e-23
1.1508e-21
1.2524e-23
1.22697e-21
6.98919e-23
1.29942e-21
1.27523e-22
1.36533e-21
1.87159e-22
1.4307e-21
2.46707e-22
1.5008e-21
3.65575e-22
1.57791e-21
4.84431e-22
1.66238e-21
5.57996e-22
1.74713e-21
6.0465e-22
1.82707e-21
6.43673e-22
1.89929e-21
6.8044e-22
1.9608e-21
7.20681e-22
2.01629e-21
7.61492e-22
2.06534e-21
8.34456e-22
2.12559e-21
5.51004e-22
1.84942e-21
-3.01073e-22
1.02475e-21
-1.70507e-22
1.12281e-21
-4.09503e-23
1.24866e-21
7.29018e-23
1.37095e-21
1.80621e-22
1.48952e-21
2.81364e-22
1.60111e-21
3.76671e-22
1.7016e-21
4.76322e-22
1.79185e-21
4.17498e-22
1.86147e-21
3.81309e-22
1.91739e-21
3.96113e-22
1.97026e-21
4.40259e-22
2.02541e-21
4.93332e-22
2.08039e-21
5.48463e-22
2.13421e-21
6.07708e-22
2.18779e-21
6.80514e-22
2.27136e-21
7.83605e-22
2.59667e-21
6.30315e-22
1.96136e-21
-1.50933e-22
6.34178e-22
1.41059e-22
1.17731e-21
4.38606e-22
1.6733e-21
6.62665e-22
1.82662e-21
8.35714e-22
2.00791e-21
9.73028e-22
2.15498e-21
1.08553e-21
2.27722e-21
1.17767e-21
2.38118e-21
1.32052e-21
2.47804e-21
1.4715e-21
2.57841e-21
1.59222e-21
2.68189e-21
1.67522e-21
2.78459e-21
1.73459e-21
2.87842e-21
1.78418e-21
2.96277e-21
1.83048e-21
3.03941e-21
1.88198e-21
3.11252e-21
1.9948e-21
3.18932e-21
2.07299e-21
3.2633e-21
2.10938e-21
3.33262e-21
2.14489e-21
3.39382e-21
2.18195e-21
3.44575e-21
2.22061e-21
3.48908e-21
2.26173e-21
3.52988e-21
2.30286e-21
3.57652e-21
2.33967e-21
3.63058e-21
2.4448e-21
3.69601e-21
2.55461e-21
3.76231e-21
2.62089e-21
3.8156e-21
2.64868e-21
3.86014e-21
2.66085e-21
3.90047e-21
2.66838e-21
3.93404e-21
2.67354e-21
3.95779e-21
2.68122e-21
3.96869e-21
2.70419e-21
4.07202e-21
2.29127e-21
3.72572e-21
1.23986e-21
2.55724e-21
1.3103e-21
2.54913e-21
1.46084e-21
2.80585e-21
1.62866e-21
3.00677e-21
1.7911e-21
3.15008e-21
1.95043e-21
3.30286e-21
2.10238e-21
3.44916e-21
2.24295e-21
3.59034e-21
2.37154e-21
3.72229e-21
2.49208e-21
3.84062e-21
2.60543e-21
3.94102e-21
2.71114e-21
4.02612e-21
2.80661e-21
4.102e-21
2.98934e-21
4.19092e-21
3.26388e-21
4.29565e-21
3.51937e-21
4.41367e-21
3.67879e-21
4.52652e-21
3.77983e-21
4.6272e-21
3.84565e-21
4.71e-21
3.89381e-21
4.7805e-21
3.9369e-21
4.84726e-21
3.9783e-21
4.91045e-21
4.02019e-21
4.97189e-21
4.06219e-21
5.02872e-21
4.10506e-21
5.08196e-21
4.14618e-21
5.13285e-21
4.18538e-21
5.18127e-21
4.22164e-21
5.22077e-21
4.25578e-21
5.25104e-21
4.28454e-21
5.27595e-21
4.31051e-21
5.2995e-21
4.59687e-21
5.3508e-21
4.84368e-21
5.42735e-21
4.96304e-21
5.50514e-21
4.96983e-21
5.56556e-21
4.93286e-21
5.6084e-21
4.88162e-21
5.63745e-21
4.82973e-21
5.65572e-21
4.78483e-21
5.66132e-21
4.75222e-21
5.6572e-21
4.72899e-21
5.64777e-21
4.71381e-21
5.63814e-21
4.70581e-21
5.63536e-21
4.70552e-21
5.63744e-21
4.70571e-21
5.63879e-21
4.7037e-21
5.63779e-21
4.70445e-21
5.6383e-21
4.75555e-21
5.6464e-21
5.22838e-21
5.69565e-21
5.43024e-21
5.77329e-21
5.43764e-21
5.84309e-21
5.42472e-21
5.9034e-21
5.39412e-21
5.9473e-21
5.35338e-21
5.97852e-21
5.31764e-21
6.00683e-21
5.29111e-21
6.03159e-21
5.27482e-21
6.054e-21
5.26311e-21
6.06946e-21
5.2532e-21
6.07726e-21
5.23972e-21
6.07589e-21
5.22343e-21
6.06564e-21
5.20553e-21
6.04496e-21
5.18461e-21
6.01345e-21
5.15795e-21
5.97825e-21
5.13874e-21
5.95156e-21
5.1668e-21
5.93921e-21
5.54902e-21
5.97754e-21
5.78081e-21
6.04755e-21
5.84233e-21
6.11704e-21
5.7935e-21
6.16217e-21
5.68609e-21
6.16941e-21
5.56661e-21
6.14362e-21
5.45089e-21
6.09521e-21
5.3476e-21
6.03305e-21
5.2554e-21
5.9657e-21
5.17455e-21
5.89864e-21
5.10498e-21
5.83286e-21
5.05079e-21
5.77271e-21
5.00776e-21
5.72322e-21
4.98207e-21
5.69375e-21
4.988e-21
5.68895e-21
5.04459e-21
5.71545e-21
5.16231e-21
5.78425e-21
5.39395e-21
5.92456e-21
6.03115e-21
6.20227e-21
6.65392e-21
6.6396e-21
7.35538e-21
7.27582e-21
8.27163e-21
8.16553e-21
9.55258e-21
9.40196e-21
1.13739e-20
1.11098e-20
1.3968e-20
1.34583e-20
1.76465e-20
1.67345e-20
2.28201e-20
2.11766e-20
3.00747e-20
2.72616e-20
4.02422e-20
3.55122e-20
5.45255e-20
4.6559e-20
7.44879e-20
6.06029e-20
1.01934e-19
7.63391e-20
1.33971e-19
8.54034e-20
1.07222e-19
5.6917e-20
6.34778e-21
-2.85274e-20
-9.88345e-20
6.03836e-21
-3.20819e-20
6.09443e-20
-2.79137e-20
-2.6593e-20
-2.55065e-20
-2.44334e-20
-8.38772e-21
-6.76715e-21
7.47929e-21
-3.67239e-20
-1.13315e-19
5.17763e-21
-3.61972e-20
6.38771e-20
-3.07605e-20
-2.89806e-20
-2.78089e-20
-2.7229e-20
-9.57252e-21
-7.7356e-21
7.42715e-21
-4.46819e-20
-1.25323e-19
4.07978e-21
-4.00842e-20
6.66679e-20
-3.34684e-20
-3.12487e-20
-2.98817e-20
-2.92628e-20
-1.04484e-20
-7.98873e-21
5.76749e-21
-5.28703e-20
-1.34598e-19
2.7834e-21
-4.36639e-20
6.91821e-20
-3.60014e-20
-3.33673e-20
-3.16975e-20
-3.06046e-20
-1.10375e-20
-8.14682e-21
2.82725e-21
-6.10586e-20
-1.41337e-19
1.36748e-21
-4.68921e-20
7.13485e-20
-3.8337e-20
-3.53198e-20
-3.32614e-20
-3.11949e-20
-1.14958e-20
-8.3224e-21
1.40807e-21
-6.19051e-20
-1.45869e-19
-8.308e-23
-4.97491e-20
7.31415e-20
-4.04636e-20
-3.71059e-20
-3.46309e-20
-3.16681e-20
-1.18475e-20
-9.10443e-21
1.40037e-21
-6.25151e-20
-1.48179e-19
-1.49022e-21
-5.22338e-20
7.45671e-20
-4.23762e-20
-3.87344e-20
-3.59668e-20
-3.22043e-20
-1.2302e-20
-9.55141e-21
1.61675e-21
-6.05834e-20
-1.49043e-19
-2.81895e-21
-5.43597e-20
7.56495e-20
-4.40746e-20
-4.01812e-20
-3.73774e-20
-3.43843e-20
-1.2868e-20
-1.04288e-20
3.22815e-21
-5.61566e-20
-1.48917e-19
-4.0604e-21
-5.61507e-20
7.64235e-20
-4.55637e-20
-4.14639e-20
-3.85977e-20
-3.62673e-20
-1.33033e-20
-1.06115e-20
4.49803e-21
-5.16145e-20
-1.48053e-19
-5.20923e-21
-5.76346e-20
7.69275e-20
-4.6852e-20
-4.25712e-20
-3.95976e-20
-3.74281e-20
-1.35795e-20
-1.07713e-20
5.35306e-21
-4.8949e-20
-1.46802e-19
-6.26871e-21
-5.88422e-20
7.72001e-20
-4.79515e-20
-4.35084e-20
-4.03635e-20
-3.80908e-20
-1.36795e-20
-1.08174e-20
5.74006e-21
-4.71655e-20
-1.45305e-19
-7.23945e-21
-5.98042e-20
7.72768e-20
-4.88777e-20
-4.42895e-20
-4.09205e-20
-3.83614e-20
-1.36134e-20
-1.0686e-20
5.73832e-21
-4.60331e-20
-1.43645e-19
-8.12021e-21
-6.05499e-20
7.71895e-20
-4.96485e-20
-4.49368e-20
-4.12992e-20
-3.82087e-20
-1.34055e-20
-1.03039e-20
5.44361e-21
-4.56326e-20
-1.41854e-19
-8.90921e-21
-6.11076e-20
7.69652e-20
-5.02827e-20
-4.54796e-20
-4.15441e-20
-3.74923e-20
-1.31155e-20
-9.54207e-21
4.86062e-21
-4.44966e-20
-1.3989e-19
-9.60401e-21
-6.15036e-20
7.66272e-20
-5.07977e-20
-4.59428e-20
-4.17744e-20
-3.71909e-20
-1.29047e-20
-9.66737e-21
4.71374e-21
-4.36807e-20
-1.37615e-19
-1.02074e-20
-6.17629e-20
7.61947e-20
-5.12086e-20
-4.63459e-20
-4.21584e-20
-3.75887e-20
-1.30596e-20
-9.67752e-21
4.89093e-21
-4.08671e-20
-1.35215e-19
-1.074e-20
-6.19082e-20
7.56839e-20
-5.15279e-20
-4.66893e-20
-4.2674e-20
-3.85728e-20
-1.34106e-20
-1.06856e-20
5.21134e-21
-3.85152e-20
-1.32811e-19
-1.12262e-20
-6.19588e-20
7.5108e-20
-5.17681e-20
-4.69673e-20
-4.31117e-20
-3.96496e-20
-1.37008e-20
-1.08905e-20
5.51264e-21
-3.66752e-20
-1.3048e-19
-1.16871e-20
-6.19284e-20
7.44776e-20
-5.19408e-20
-4.71614e-20
-4.34097e-20
-4.02565e-20
-1.38781e-20
-1.10086e-20
5.67874e-21
-3.53852e-20
-1.28273e-19
-1.21375e-20
-6.18241e-20
7.37988e-20
-5.20635e-20
-4.72615e-20
-4.35312e-20
-4.04998e-20
-1.39105e-20
-1.09774e-20
5.6483e-21
-3.47187e-20
-1.26202e-19
-1.25886e-20
-6.16459e-20
7.30713e-20
-5.21671e-20
-4.72612e-20
-4.34631e-20
-4.04351e-20
-1.38139e-20
-1.08003e-20
5.32622e-21
-3.50126e-20
-1.24231e-19
-1.30512e-20
-6.13872e-20
7.22833e-20
-5.23073e-20
-4.71549e-20
-4.31966e-20
-4.01114e-20
-1.36317e-20
-1.0461e-20
4.56947e-21
-3.70844e-20
-1.22215e-19
-1.35514e-20
-6.10384e-20
7.14081e-20
-5.25819e-20
-4.69174e-20
-4.27129e-20
-3.95468e-20
-1.34186e-20
-9.20552e-21
3.31203e-21
-3.80693e-20
-1.19745e-19
-1.41654e-20
-6.0607e-20
7.04076e-20
-5.36112e-20
-4.65075e-20
-4.19816e-20
-3.96587e-20
-1.33563e-20
-8.77938e-21
2.26169e-21
-4.07477e-20
-1.17855e-19
-1.51167e-20
-6.16507e-20
6.9331e-20
-5.49123e-20
-4.71362e-20
-4.16034e-20
-3.98443e-20
-1.37147e-20
-8.53359e-21
1.0981e-21
-4.21316e-20
-1.14658e-19
-1.67502e-20
-6.17133e-20
6.84546e-20
-5.34379e-20
-4.7006e-20
-4.10617e-20
-4.05892e-20
-1.43682e-20
-8.76456e-21
6.45143e-22
-4.01841e-20
-1.15677e-19
-1.85606e-20
-6.26904e-20
6.78458e-20
-5.26393e-20
-4.72586e-20
-4.2195e-20
-4.12101e-20
-1.43554e-20
-9.2717e-21
6.0474e-22
-3.39618e-20
-1.149e-19
-1.91504e-20
-6.33699e-20
6.72933e-20
-5.13408e-20
-4.65162e-20
-4.19899e-20
-4.15425e-20
-1.43183e-20
-8.83847e-21
3.54621e-22
-3.29118e-20
-1.14503e-19
-1.98575e-20
-6.43701e-20
6.67146e-20
-5.15578e-20
-4.69033e-20
-4.15946e-20
-4.04724e-20
-1.35869e-20
-8.67904e-21
3.41018e-23
-3.46422e-20
-1.12726e-19
-1.94432e-20
-6.17913e-20
6.61495e-20
-5.10432e-20
-4.65901e-20
-4.09679e-20
-3.96845e-20
-1.27201e-20
-8.30152e-21
-4.915e-22
-3.47501e-20
-1.12379e-19
-1.93756e-20
-6.03882e-20
6.59421e-20
-5.09231e-20
-4.67887e-20
-4.20826e-20
-3.81312e-20
-1.18376e-20
-8.38984e-21
-1.04933e-21
-3.69528e-20
-1.09914e-19
-1.81347e-20
-5.84271e-20
6.5814e-20
-4.99462e-20
-4.61248e-20
-4.21329e-20
-3.70582e-20
-1.23785e-20
-8.26327e-21
-1.86993e-21
-3.70082e-20
-1.07232e-19
-1.70783e-20
-5.67716e-20
6.56702e-20
-4.91182e-20
-4.5542e-20
-4.21285e-20
-3.79691e-20
-1.26692e-20
-9.12379e-21
-2.54141e-21
-4.05888e-20
-1.04277e-19
-1.51472e-20
-5.53569e-20
6.54719e-20
-4.83953e-20
-4.50269e-20
-4.20715e-20
-3.85705e-20
-1.30394e-20
-9.4477e-21
-2.43108e-21
-3.64191e-20
-1.01087e-19
-1.3744e-20
-5.41339e-20
6.5207e-20
-4.77506e-20
-4.45533e-20
-4.19141e-20
-3.90918e-20
-1.32931e-20
-1.04677e-20
-1.98887e-21
-2.81241e-20
-9.79136e-20
-1.27077e-20
-5.30663e-20
6.48756e-20
-4.71665e-20
-4.41071e-20
-4.16376e-20
-3.89542e-20
-1.33941e-20
-1.11553e-20
-1.91044e-21
-3.03039e-20
-9.52011e-20
-1.19549e-20
-5.21264e-20
6.44835e-20
-4.663e-20
-4.36826e-20
-4.1265e-20
-3.78974e-20
-1.33517e-20
-1.11412e-20
-1.60633e-21
-3.2708e-20
-9.26468e-20
-1.14311e-20
-5.12909e-20
6.40386e-20
-4.6131e-20
-4.32834e-20
-4.08891e-20
-3.73008e-20
-1.32602e-20
-1.11375e-20
-6.78437e-22
-2.57644e-20
-8.98456e-20
-1.11221e-20
-5.05383e-20
6.35482e-20
-4.56604e-20
-4.28864e-20
-4.06899e-20
-3.79414e-20
-1.32562e-20
-1.10364e-20
4.57198e-22
-1.90088e-20
-8.71841e-20
-1.10736e-20
-4.98441e-20
6.30175e-20
-4.52128e-20
-4.25118e-20
-4.0451e-20
-3.81835e-20
-1.31962e-20
-1.07679e-20
1.44893e-21
-1.69691e-20
-8.4877e-20
-1.13699e-20
-4.91752e-20
6.2446e-20
-4.47837e-20
-4.2151e-20
-4.01948e-20
-3.78952e-20
-1.31032e-20
-1.02349e-20
2.00699e-21
-1.56179e-20
-8.26592e-20
-1.21432e-20
-4.84861e-20
6.18213e-20
-4.43737e-20
-4.18085e-20
-3.99601e-20
-3.81451e-20
-1.30755e-20
-1.00179e-20
2.44302e-21
-1.2401e-20
-7.97582e-20
-1.18486e-20
-4.76929e-20
6.11109e-20
-4.3995e-20
-4.15006e-20
-3.98146e-20
-3.83054e-20
-1.32785e-20
-9.47436e-21
2.73039e-21
-1.0833e-20
-7.72778e-20
-1.20132e-20
-4.88615e-20
6.02783e-20
-4.48579e-20
-4.23182e-20
-4.06258e-20
-3.88662e-20
-1.36087e-20
-9.65608e-21
2.9645e-21
-1.14938e-20
-7.29731e-20
-1.17816e-20
-4.89266e-20
5.93029e-20
-4.48381e-20
-4.2308e-20
-4.05767e-20
-3.91721e-20
-1.41302e-20
-9.31089e-21
3.08333e-21
-1.13612e-20
-7.37104e-20
-1.20041e-20
-4.74834e-20
5.86647e-20
-4.52381e-20
-4.24586e-20
-4.0748e-20
-3.91313e-20
-1.40078e-20
-9.5405e-21
3.22384e-21
-1.23257e-20
-7.3791e-20
-1.13828e-20
-4.59005e-20
5.80254e-20
-4.57753e-20
-4.18013e-20
-3.95863e-20
-3.88645e-20
-1.39892e-20
-9.0886e-21
3.23e-21
-1.46658e-20
-7.35519e-20
-1.11669e-20
-4.66555e-20
5.73212e-20
-4.6775e-20
-4.2283e-20
-3.94186e-20
-3.85487e-20
-1.36213e-20
-9.17936e-21
3.41694e-21
-1.49306e-20
-7.18679e-20
-1.03596e-20
-4.66183e-20
5.67766e-20
-4.50115e-20
-4.19168e-20
-3.98959e-20
-3.8556e-20
-1.36589e-20
-8.59601e-21
3.52708e-21
-1.21961e-20
-7.19038e-20
-9.41321e-21
-4.52516e-20
5.65509e-20
-4.40029e-20
-4.17463e-20
-3.99234e-20
-3.81761e-20
-1.3212e-20
-8.36176e-21
3.5008e-21
-1.32102e-20
-6.99536e-20
-8.65696e-21
-4.39073e-20
5.6326e-20
-4.2782e-20
-4.0944e-20
-3.92365e-20
-3.71485e-20
-1.30043e-20
-8.65857e-21
3.30183e-21
-1.67771e-20
-6.81023e-20
-8.00492e-21
-4.29331e-20
5.60224e-20
-4.19782e-20
-4.03539e-20
-3.88093e-20
-3.66922e-20
-1.26882e-20
-9.05508e-21
3.22669e-21
-1.85203e-20
-6.61188e-20
-7.44e-21
-4.21424e-20
5.5638e-20
-4.13981e-20
-3.9902e-20
-3.84404e-20
-3.65338e-20
-1.25626e-20
-9.9967e-21
3.61705e-21
-1.24911e-20
-6.37321e-20
-6.94164e-21
-4.14603e-20
5.51874e-20
-4.09407e-20
-3.9533e-20
-3.804e-20
-3.52452e-20
-1.2432e-20
-1.04263e-20
4.26114e-21
-5.0456e-21
-6.1286e-20
-6.53031e-21
-4.08617e-20
5.46839e-20
-4.05522e-20
-3.92192e-20
-3.76426e-20
-3.42455e-20
-1.22715e-20
-1.05383e-20
4.88585e-21
-2.01083e-21
-5.91184e-20
-6.24243e-21
-4.03379e-20
5.41389e-20
-4.02007e-20
-3.89195e-20
-3.74262e-20
-3.437e-20
-1.22164e-20
-1.03597e-20
5.43242e-21
-3.32026e-22
-5.72476e-20
-6.11034e-21
-3.98831e-20
5.35624e-20
-3.98654e-20
-3.86357e-20
-3.72273e-20
-3.48477e-20
-1.21582e-20
-9.70906e-21
5.92547e-21
1.0837e-21
-5.56633e-20
-6.17294e-21
-3.94878e-20
5.29631e-20
-3.95284e-20
-3.83374e-20
-3.70992e-20
-3.49732e-20
-1.2205e-20
-9.22414e-21
6.2815e-21
9.53436e-22
-5.44485e-20
-6.48886e-21
-3.91354e-20
5.23482e-20
-3.91721e-20
-3.79972e-20
-3.68788e-20
-3.48086e-20
-1.24025e-20
-8.83304e-21
6.26517e-21
-3.63297e-22
-5.3625e-20
-7.14809e-21
-3.87958e-20
5.17207e-20
-3.87755e-20
-3.7572e-20
-3.65655e-20
-3.45965e-20
-1.31212e-20
-8.8109e-21
6.14973e-21
-3.15541e-21
-5.27196e-20
-8.30185e-21
-3.8414e-20
5.10755e-20
-3.83131e-20
-3.70435e-20
-3.62377e-20
-3.3832e-20
-1.34946e-20
-8.79506e-21
6.13068e-21
-2.55596e-21
-5.1328e-20
-8.4912e-21
-3.78908e-20
5.03924e-20
-3.77553e-20
-3.55895e-20
-3.58854e-20
-3.33444e-20
-1.29203e-20
-8.61491e-21
6.17847e-21
-4.54671e-22
-5.07242e-20
-9.07586e-21
-3.86016e-20
4.96171e-20
-3.83135e-20
-3.50493e-20
-3.66245e-20
-3.35628e-20
-1.27519e-20
-8.93491e-21
6.13188e-21
-3.23867e-21
-4.93972e-20
-9.05034e-21
-3.80116e-20
4.87695e-20
-3.79567e-20
-3.62821e-20
-3.67502e-20
-3.52841e-20
-1.31807e-20
-8.62546e-21
6.22775e-21
-2.9563e-21
-4.96048e-20
-9.44406e-21
-3.81142e-20
4.82662e-20
-3.78305e-20
-3.67891e-20
-3.71006e-20
-3.65002e-20
-1.29832e-20
-8.8872e-21
6.49066e-21
7.12619e-22
-4.69606e-20
-8.80856e-21
-3.69564e-20
4.78468e-20
-3.67223e-20
-3.67075e-20
-3.67224e-20
-3.7025e-20
-1.28238e-20
-8.46917e-21
6.83461e-21
3.30558e-21
-4.45358e-20
-8.40088e-21
-3.72144e-20
4.73862e-20
-3.58471e-20
-3.75331e-20
-3.72905e-20
-3.59386e-20
-1.21895e-20
-7.8509e-21
7.15216e-21
4.50209e-21
-3.99201e-20
-7.12517e-21
-3.62936e-20
4.67233e-20
-3.52731e-20
-3.74458e-20
-3.70781e-20
-3.54003e-20
-1.18794e-20
-7.03394e-21
7.30297e-21
4.73477e-21
-4.0404e-20
-6.22866e-21
-3.61612e-20
4.60886e-20
-3.68509e-20
-3.7598e-20
-3.71631e-20
-3.55131e-20
-1.18618e-20
-7.7362e-21
7.46296e-21
3.24264e-21
-4.09831e-20
-5.5738e-21
-3.49955e-20
4.56034e-20
-3.68242e-20
-3.70436e-20
-3.67335e-20
-3.55326e-20
-1.21246e-20
-8.63427e-21
7.66706e-21
5.5044e-21
-3.97312e-20
-5.00381e-21
-3.40699e-20
4.51524e-20
-3.65557e-20
-3.66034e-20
-3.64122e-20
-3.58163e-20
-1.2343e-20
-9.709e-21
7.89799e-21
7.51398e-21
-3.83619e-20
-4.51335e-21
-3.32962e-20
4.47007e-20
-3.62052e-20
-3.62245e-20
-3.61178e-20
-3.57675e-20
-1.24486e-20
-1.01626e-20
8.15141e-21
9.2592e-21
-3.68522e-20
-4.09091e-21
-3.26216e-20
4.42234e-20
-3.58351e-20
-3.58758e-20
-3.58465e-20
-3.60835e-20
-1.24387e-20
-1.02339e-20
8.44915e-21
1.09721e-20
-3.52791e-20
-3.73876e-21
-3.20144e-20
4.37083e-20
-3.54612e-20
-3.55264e-20
-3.55787e-20
-3.62439e-20
-1.23305e-20
-9.96388e-21
8.78276e-21
1.25286e-20
-3.37103e-20
-3.47608e-21
-3.14514e-20
4.3147e-20
-3.5078e-20
-3.51557e-20
-3.52334e-20
-3.49195e-20
-1.21043e-20
-9.35518e-21
9.06569e-21
1.28209e-20
-3.22108e-20
-3.3444e-21
-3.09086e-20
4.2527e-20
-3.46675e-20
-3.47444e-20
-3.49007e-20
-3.41925e-20
-1.18663e-20
-8.18603e-21
9.1516e-21
1.22403e-20
-3.06844e-20
-3.41933e-21
-3.03535e-20
4.18243e-20
-3.4201e-20
-3.34986e-20
-3.45894e-20
-3.42676e-20
-1.16918e-20
-7.56422e-21
9.2345e-21
1.00619e-20
-3.00532e-20
-3.8534e-21
-3.12913e-20
4.09896e-20
-3.48578e-20
-3.25415e-20
-3.52942e-20
-3.35514e-20
-1.17272e-20
-6.85256e-21
9.3919e-21
1.14416e-20
-2.88925e-20
-5.00725e-21
-3.10448e-20
4.0035e-20
-3.45834e-20
-3.32832e-20
-3.51948e-20
-3.38205e-20
-1.13839e-20
-6.89185e-21
9.56708e-21
1.25019e-20
-2.98303e-20
-6.44428e-21
-3.15787e-20
3.93998e-20
-3.46788e-20
-3.46635e-20
-3.54552e-20
-3.48978e-20
-1.12478e-20
-7.61951e-21
9.79874e-21
1.30741e-20
-2.85238e-20
-6.96858e-21
-3.08101e-20
3.87974e-20
-3.40492e-20
-3.38566e-20
-3.49428e-20
-3.51897e-20
-1.23856e-20
-7.72076e-21
9.97415e-21
1.49302e-20
-2.79291e-20
-7.78529e-21
-3.14367e-20
3.81102e-20
-3.4787e-20
-3.40316e-20
-3.54045e-20
-3.50608e-20
-1.27719e-20
-7.73496e-21
9.88449e-21
1.05319e-20
-2.71265e-20
-7.8888e-21
-3.08824e-20
3.73705e-20
-3.43738e-20
-3.47703e-20
-3.50311e-20
-3.52479e-20
-1.31262e-20
-7.29919e-21
9.75699e-21
8.7906e-21
-2.85897e-20
-8.5241e-21
-3.11863e-20
3.69988e-20
-3.39795e-20
-3.45671e-20
-3.48318e-20
-3.49836e-20
-1.27826e-20
-7.6284e-21
9.56942e-21
6.12717e-21
-2.81944e-20
-8.35091e-21
-3.02646e-20
3.67158e-20
-3.30774e-20
-3.37664e-20
-3.39849e-20
-3.27281e-20
-1.23991e-20
-7.23043e-21
9.43361e-21
4.88636e-21
-2.7433e-20
-8.28722e-21
-2.93085e-20
3.64419e-20
-3.24018e-20
-3.31705e-20
-3.33194e-20
-3.0857e-20
-1.17179e-20
-7.62051e-21
9.45522e-21
9.51127e-21
-2.61413e-20
-6.8749e-21
-2.8392e-20
3.61405e-20
-3.18552e-20
-3.27114e-20
-3.28795e-20
-2.92035e-20
-1.15636e-20
-8.00542e-21
9.46061e-21
1.11267e-20
-2.47475e-20
-5.78598e-21
-2.75524e-20
3.57996e-20
-3.13816e-20
-3.23266e-20
-3.27003e-20
-3.01726e-20
-1.17794e-20
-8.91848e-21
9.5267e-21
1.12395e-20
-2.32334e-20
-4.92615e-21
-2.6803e-20
3.54168e-20
-3.09484e-20
-3.19796e-20
-3.26344e-20
-3.09359e-20
-1.21006e-20
-9.75603e-21
9.70515e-21
1.39682e-20
-2.15783e-20
-4.24594e-21
-2.61483e-20
3.49933e-20
-3.05352e-20
-3.16588e-20
-3.2549e-20
-3.20215e-20
-1.2335e-20
-1.01485e-20
9.97186e-21
1.61304e-20
-1.99322e-20
-3.73853e-21
-2.55907e-20
3.45319e-20
-3.01265e-20
-3.13267e-20
-3.25525e-20
-3.37736e-20
-1.25758e-20
-1.02714e-20
1.02613e-20
1.81333e-20
-1.83977e-20
-3.42937e-21
-2.51295e-20
3.40362e-20
-2.97098e-20
-3.0988e-20
-3.24072e-20
-3.33898e-20
-1.26569e-20
-1.01981e-20
1.04099e-20
1.53256e-20
-1.71553e-20
-3.3777e-21
-2.47541e-20
3.35115e-20
-2.92737e-20
-3.06113e-20
-3.22263e-20
-3.33214e-20
-1.2683e-20
-9.93189e-21
1.06593e-20
1.50781e-20
-1.58667e-20
-3.68595e-21
-2.44229e-20
3.29646e-20
-2.88086e-20
-3.01787e-20
-3.20136e-20
-3.29923e-20
-1.2714e-20
-9.41291e-21
1.09334e-20
1.94333e-20
-1.45316e-20
-4.56929e-21
-2.4035e-20
3.24014e-20
-2.83192e-20
-2.96577e-20
-3.18181e-20
-3.34184e-20
-1.28477e-20
-9.25356e-21
1.12559e-20
1.99267e-20
-1.30183e-20
-4.81897e-21
-2.29645e-20
3.179e-20
-2.77735e-20
-2.90026e-20
-3.16733e-20
-3.38681e-20
-1.31998e-20
-8.77391e-21
1.15593e-20
2.13611e-20
-1.20986e-20
-5.37561e-21
-2.27272e-20
3.10751e-20
-2.92073e-20
-2.83964e-20
-3.2411e-20
-3.4388e-20
-1.36321e-20
-8.95928e-21
1.18343e-20
2.52164e-20
-1.06935e-20
-5.26833e-21
-2.32599e-20
3.01899e-20
-2.94414e-20
-2.81314e-20
-3.22131e-20
-3.44038e-20
-1.41926e-20
-8.64144e-21
1.18742e-20
2.46116e-20
-1.16981e-20
-5.66921e-21
-2.37804e-20
2.97432e-20
-2.83017e-20
-2.9581e-20
-3.2276e-20
-3.42169e-20
-1.40588e-20
-8.90122e-21
1.17139e-20
1.6912e-20
-1.07588e-20
-5.46244e-21
-2.27546e-20
2.92794e-20
-2.75227e-20
-2.95292e-20
-3.181e-20
-3.38543e-20
-1.40013e-20
-8.47456e-21
1.16904e-20
1.95655e-20
-9.93062e-21
-5.49509e-21
-2.31243e-20
2.86774e-20
-2.89688e-20
-3.04196e-20
-3.24293e-20
-3.30774e-20
-1.36208e-20
-8.50774e-21
1.17472e-20
2.30295e-20
-8.49103e-21
-4.52775e-21
-2.22703e-20
2.79213e-20
-2.92875e-20
-3.02764e-20
-3.19314e-20
-3.11489e-20
-1.35812e-20
-7.86141e-21
1.17782e-20
2.17583e-20
-9.32205e-21
-3.6728e-21
-2.22125e-20
2.75765e-20
-2.80858e-20
-3.01355e-20
-3.15483e-20
-3.00089e-20
-1.30487e-20
-7.55589e-21
1.17395e-20
2.06011e-20
-8.32657e-21
-2.91916e-21
-2.10015e-20
2.72563e-20
-2.73427e-20
-2.94632e-20
-3.10181e-20
-3.0876e-20
-1.29002e-20
-7.72471e-21
1.17205e-20
1.99342e-20
-7.22003e-21
-2.26058e-21
-2.00481e-20
2.69157e-20
-2.68184e-20
-2.89986e-20
-3.06964e-20
-3.01944e-20
-1.26496e-20
-7.67124e-21
1.17632e-20
2.11547e-20
-6.00777e-21
-1.68357e-21
-1.92708e-20
2.65292e-20
-2.64044e-20
-2.86497e-20
-3.04822e-20
-3.04862e-20
-1.26394e-20
-8.48468e-21
1.19019e-20
2.55569e-20
-4.68266e-21
-1.1778e-21
-1.86144e-20
2.60986e-20
-2.60482e-20
-2.83559e-20
-3.04252e-20
-3.18813e-20
-1.28729e-20
-9.21216e-21
1.20121e-20
2.61575e-20
-3.44438e-21
-7.39776e-22
-1.80476e-20
2.56292e-20
-2.57224e-20
-2.80972e-20
-3.03223e-20
-3.25324e-20
-1.30246e-20
-9.76773e-21
1.21331e-20
2.47104e-20
-2.24116e-21
-3.70611e-22
-1.75576e-20
2.51265e-20
-2.54071e-20
-2.78514e-20
-3.01619e-20
-3.26525e-20
-1.30658e-20
-9.89586e-21
1.2337e-20
2.90195e-20
-9.56122e-22
-8.62271e-23
-1.7147e-20
2.45952e-20
-2.50823e-20
-2.76071e-20
-2.99258e-20
-3.21744e-20
-1.30224e-20
-9.87022e-21
1.25129e-20
2.91989e-20
1.61746e-22
6.80194e-23
-1.68346e-20
2.40375e-20
-2.47249e-20
-2.73542e-20
-2.96682e-20
-3.15051e-20
-1.29966e-20
-9.70567e-21
1.26839e-20
2.72697e-20
1.10777e-21
1.41574e-23
-1.66628e-20
2.34506e-20
-2.43059e-20
-2.70854e-20
-2.94528e-20
-3.08608e-20
-1.3086e-20
-8.76996e-21
1.27012e-20
2.7125e-20
1.82864e-21
-3.92292e-22
-1.67114e-20
2.28241e-20
-2.37904e-20
-2.67918e-20
-2.93366e-20
-3.16586e-20
-1.39618e-20
-8.28785e-21
1.26409e-20
2.43402e-20
2.4648e-21
-1.41658e-21
-1.71168e-20
2.21425e-20
-2.31432e-20
-2.64655e-20
-2.9338e-20
-3.29544e-20
-1.44332e-20
-8.04208e-21
1.25975e-20
2.39451e-20
3.39603e-21
-2.01665e-21
-1.82538e-20
2.14149e-20
-2.22779e-20
-2.61806e-20
-2.9263e-20
-3.29052e-20
-1.38391e-20
-7.61593e-21
1.26158e-20
2.53923e-20
4.06779e-21
-2.84507e-21
-2.00877e-20
2.06049e-20
-2.23668e-20
-2.70443e-20
-3.00014e-20
-3.20233e-20
-1.36353e-20
-7.53197e-21
1.26905e-20
2.65085e-20
5.23819e-21
-2.22542e-21
-1.86602e-20
1.97669e-20
-2.2653e-20
-2.69898e-20
-2.97246e-20
-3.1664e-20
-1.3814e-20
-7.33593e-21
1.27608e-20
2.71446e-20
4.21339e-21
-1.57537e-21
-1.83083e-20
1.90441e-20
-2.32378e-20
-2.70591e-20
-2.95111e-20
-3.07971e-20
-1.33664e-20
-7.60729e-21
1.2863e-20
2.6824e-20
5.24899e-21
7.7438e-22
-1.79812e-20
1.83468e-20
-2.32347e-20
-2.65654e-20
-2.87651e-20
-2.87591e-20
-1.29696e-20
-7.52137e-21
1.29917e-20
2.83129e-20
3.03765e-21
-1.12235e-23
-1.94861e-20
1.76189e-20
-2.41802e-20
-2.72592e-20
-2.918e-20
-2.69388e-20
-1.23578e-20
-7.76677e-21
1.30243e-20
2.50041e-20
7.0568e-21
-1.06352e-21
-1.85786e-20
1.69784e-20
-2.39209e-20
-2.70067e-20
-2.90054e-20
-2.76695e-20
-1.2276e-20
-7.30767e-21
1.30468e-20
2.34427e-20
9.53384e-21
-6.57357e-22
-1.65835e-20
1.67102e-20
-2.38346e-20
-2.68491e-20
-2.91938e-20
-2.98205e-20
-1.25171e-20
-8.04537e-21
1.31998e-20
2.4378e-20
8.26833e-21
-3.07591e-22
-1.46838e-20
1.64604e-20
-2.30975e-20
-2.61878e-20
-2.89008e-20
-3.06939e-20
-1.29194e-20
-8.33984e-21
1.3474e-20
2.90394e-20
9.09826e-21
5.75157e-23
-1.35886e-20
1.61469e-20
-2.25618e-20
-2.57227e-20
-2.8661e-20
-3.11965e-20
-1.31878e-20
-9.10706e-21
1.3707e-20
3.27602e-20
9.90647e-21
3.70837e-22
-1.28842e-20
1.57663e-20
-2.21469e-20
-2.53576e-20
-2.83852e-20
-3.10299e-20
-1.32806e-20
-9.47678e-21
1.3799e-20
3.10784e-20
1.05688e-20
6.31619e-22
-1.23829e-20
1.53288e-20
-2.1811e-20
-2.50469e-20
-2.80624e-20
-3.02989e-20
-1.32196e-20
-9.54798e-21
1.37537e-20
2.58138e-20
1.11403e-20
8.42644e-22
-1.20185e-20
1.48449e-20
-2.15329e-20
-2.47692e-20
-2.77497e-20
-3.00197e-20
-1.30394e-20
-8.60333e-21
1.38361e-20
2.84607e-20
1.19973e-20
9.95964e-22
-1.17875e-20
1.43273e-20
-2.13026e-20
-2.45169e-20
-2.74408e-20
-2.85622e-20
-1.28335e-20
-7.8173e-21
1.39991e-20
3.16912e-20
1.28899e-20
1.05007e-21
-1.1725e-20
1.37975e-20
-2.11155e-20
-2.43023e-20
-2.71743e-20
-2.59389e-20
-1.27556e-20
-7.67233e-21
1.42582e-20
3.08231e-20
1.35749e-20
9.34312e-22
-1.19004e-20
1.32959e-20
-2.09631e-20
-2.4053e-20
-2.72019e-20
-2.65441e-20
-1.30289e-20
-7.82659e-21
1.43869e-20
3.15791e-20
1.36082e-20
5.53318e-22
-1.24294e-20
1.28924e-20
-2.08396e-20
-2.4663e-20
-2.73904e-20
-2.8421e-20
-1.35155e-20
-8.33947e-21
1.44509e-20
2.9455e-20
1.33857e-20
-1.76055e-22
-1.19434e-20
1.27024e-20
-1.95459e-20
-2.40223e-20
-2.6626e-20
-2.89262e-20
-1.41418e-20
-8.30037e-21
1.44391e-20
3.03283e-20
1.24892e-20
-1.18002e-21
-1.14938e-20
1.28428e-20
-1.80427e-20
-2.17121e-20
-2.57237e-20
-2.89047e-20
-1.39843e-20
-8.3169e-21
1.43519e-20
2.56808e-20
1.32337e-20
-1.67519e-21
-9.81934e-21
1.29647e-20
-1.6183e-20
-2.03972e-20
-2.46356e-20
-2.75129e-20
-1.39158e-20
-7.9115e-21
1.44244e-20
2.62996e-20
1.08429e-20
-2.47712e-21
-9.56711e-21
1.28528e-20
-1.7021e-20
-2.05894e-20
-2.4865e-20
-2.70788e-20
-1.36994e-20
-8.10223e-21
1.46193e-20
3.11002e-20
9.37712e-21
-2.03719e-21
-8.24041e-21
1.24774e-20
-1.70118e-20
-2.00012e-20
-2.44835e-20
-2.88008e-20
-1.4007e-20
-7.71617e-21
1.4742e-20
3.14907e-20
1.2531e-20
-1.80048e-21
-7.97877e-21
1.24227e-20
-1.52743e-20
-1.9499e-20
-2.43192e-20
-2.94887e-20
-1.36735e-20
-7.81547e-21
1.48222e-20
3.13036e-20
1.64579e-20
-1.13906e-21
-6.04182e-21
1.2311e-20
-1.39024e-20
-1.85255e-20
-2.28196e-20
-2.82304e-20
-1.34001e-20
-7.17206e-21
1.47857e-20
2.83995e-20
1.80823e-20
-7.30149e-22
-5.0876e-21
1.19785e-20
-1.41286e-20
-1.88388e-20
-2.25967e-20
-2.75124e-20
-1.29558e-20
-6.93666e-21
1.47822e-20
2.71415e-20
2.04487e-20
8.16308e-22
-4.12011e-21
1.12532e-20
-1.46729e-20
-1.93849e-20
-2.39719e-20
-2.84667e-20
-1.29558e-20
-7.39253e-21
1.49389e-20
3.23872e-20
2.12866e-20
1.92942e-21
-4.31437e-21
1.04852e-20
-1.53369e-20
-2.00495e-20
-2.45866e-20
-2.91005e-20
-1.3266e-20
-7.92806e-21
1.51329e-20
3.55715e-20
2.20647e-20
2.74562e-21
-4.24979e-21
9.77353e-21
-1.55853e-20
-2.03153e-20
-2.47697e-20
-2.8359e-20
-1.3474e-20
-8.8699e-21
1.5331e-20
3.73291e-20
2.28287e-20
3.3718e-21
-4.02143e-21
9.13621e-21
-1.56089e-20
-2.03598e-20
-2.47433e-20
-2.72749e-20
-1.35692e-20
-9.22479e-21
1.55136e-20
3.6911e-20
2.35655e-20
3.88318e-21
-3.68791e-21
8.5588e-21
-1.55114e-20
-2.02919e-20
-2.46607e-20
-2.71336e-20
-1.35966e-20
-9.16249e-21
1.57064e-20
3.60507e-20
2.43107e-20
4.32332e-21
-3.284e-21
8.01937e-21
-1.53492e-20
-2.01646e-20
-2.46622e-20
-2.83471e-20
-1.36589e-20
-8.55367e-21
1.59118e-20
3.69898e-20
2.51013e-20
4.72426e-21
-2.828e-21
7.49465e-21
-1.5153e-20
-2.00113e-20
-2.45903e-20
-2.87126e-20
-1.36407e-20
-8.11141e-21
1.61178e-20
3.7666e-20
2.592e-20
5.10513e-21
-2.32634e-21
6.95936e-21
-1.4938e-20
-1.98466e-20
-2.44708e-20
-2.85265e-20
-1.36522e-20
-7.78083e-21
1.63148e-20
3.82334e-20
2.67902e-20
5.47146e-21
-1.77417e-21
6.38362e-21
-1.47088e-20
-1.96808e-20
-2.43406e-20
-2.80736e-20
-1.36799e-20
-7.06589e-21
1.63685e-20
3.71147e-20
2.77787e-20
5.7994e-21
-1.14549e-21
5.73147e-21
-1.44704e-20
-1.95274e-20
-2.42585e-20
-2.85475e-20
-1.3865e-20
-6.87628e-21
1.64357e-20
3.43225e-20
2.86542e-20
5.98199e-21
-1.8768e-21
4.95615e-21
-1.53672e-20
-2.03944e-20
-2.51133e-20
-2.86902e-20
-1.43569e-20
-6.93359e-21
1.66183e-20
3.61301e-20
2.94445e-20
5.56664e-21
-1.70231e-21
4.02632e-21
-1.51078e-20
-2.01928e-20
-2.49113e-20
-2.87896e-20
-1.49816e-20
-7.40214e-21
1.68343e-20
3.71574e-20
2.81929e-20
4.74357e-21
-2.45847e-21
3.41035e-21
-1.50068e-20
-1.99859e-20
-2.47204e-20
-2.8473e-20
-1.48454e-20
-7.80965e-21
1.709e-20
3.97567e-20
2.96563e-20
2.25196e-21
-1.6738e-21
2.85302e-21
-1.42362e-20
-1.92196e-20
-2.31143e-20
-2.69107e-20
-1.4787e-20
-7.76119e-21
1.72575e-20
4.05607e-20
3.14643e-20
2.37265e-21
-2.09868e-21
2.20658e-21
-1.48584e-20
-1.96899e-20
-2.30229e-20
-2.63229e-20
-1.45319e-20
-7.76747e-21
1.72657e-20
3.50711e-20
3.04969e-20
4.04185e-21
-1.72108e-21
1.40024e-21
-1.44695e-20
-1.92964e-20
-2.37633e-20
-2.77749e-20
-1.47696e-20
-7.39205e-21
1.73085e-20
3.43646e-20
2.97054e-20
3.41949e-21
-2.7613e-21
9.03222e-22
-1.43154e-20
-1.89732e-20
-2.34826e-20
-2.78769e-20
-1.43712e-20
-7.51724e-21
1.74734e-20
3.69497e-20
3.15904e-20
2.8108e-21
-2.44175e-21
5.35572e-22
-1.35069e-20
-1.81776e-20
-2.27748e-20
-2.63519e-20
-1.4092e-20
-6.92348e-21
1.757e-20
3.47629e-20
3.14102e-20
1.87098e-21
-2.04121e-21
2.27761e-22
-1.28898e-20
-1.76e-20
-2.23242e-20
-2.63621e-20
-1.37055e-20
-7.67675e-21
1.77427e-20
3.41784e-20
3.16415e-20
2.54345e-21
-1.55889e-21
-5.61627e-23
-1.2378e-20
-1.71421e-20
-2.20601e-20
-2.69943e-20
-1.37874e-20
-8.14494e-21
1.79213e-20
3.50247e-20
3.19238e-20
3.15289e-21
-1.03856e-21
-3.38203e-22
-1.19262e-20
-1.67417e-20
-2.18207e-20
-2.77076e-20
-1.39263e-20
-8.70699e-21
1.81614e-20
3.56241e-20
3.23464e-20
3.62415e-21
-5.18584e-22
-6.32166e-22
-1.15101e-20
-1.6368e-20
-2.15043e-20
-2.68346e-20
-1.39677e-20
-9.05161e-21
1.83826e-20
3.89996e-20
3.28379e-20
4.00819e-21
-1.95999e-23
-9.46831e-22
-1.11171e-20
-1.60028e-20
-2.11505e-20
-2.6422e-20
-1.39278e-20
-9.16103e-21
1.85695e-20
3.98546e-20
3.33612e-20
4.33545e-21
4.4767e-22
-1.28848e-21
-1.07409e-20
-1.56439e-20
-2.07528e-20
-2.56508e-20
-1.38118e-20
-9.07546e-21
1.87592e-20
4.13482e-20
3.39644e-20
4.62232e-21
8.80005e-22
-1.66182e-21
-1.03784e-20
-1.52942e-20
-2.03698e-20
-2.55276e-20
-1.36576e-20
-8.7304e-21
1.8933e-20
4.23506e-20
3.45839e-20
4.8747e-21
1.28734e-21
-2.0693e-21
-1.00271e-20
-1.49582e-20
-1.99863e-20
-2.43227e-20
-1.3504e-20
-7.85733e-21
1.90683e-20
4.27256e-20
3.51955e-20
5.09682e-21
1.71056e-21
-2.50988e-21
-9.68319e-21
-1.46461e-20
-1.96332e-20
-2.27997e-20
-1.34328e-20
-7.19064e-21
1.90557e-20
4.2754e-20
3.58254e-20
5.2961e-21
2.24901e-21
-2.97841e-21
-9.34113e-21
-1.43702e-20
-1.94823e-20
-2.42548e-20
-1.37272e-20
-7.35599e-21
1.90212e-20
4.18945e-20
3.68419e-20
7.71433e-21
3.19385e-21
-3.49847e-21
-8.99826e-21
-1.4162e-20
-1.93305e-20
-2.54636e-20
-1.41823e-20
-7.28972e-21
1.90175e-20
4.26024e-20
3.77485e-20
7.19843e-21
3.80496e-21
-4.06526e-21
-9.80196e-21
-1.50155e-20
-2.08858e-20
-2.63545e-20
-1.46537e-20
-7.64243e-21
1.90637e-20
4.30386e-20
3.65629e-20
5.25271e-21
3.21905e-21
-4.84602e-21
-9.46321e-21
-1.47908e-20
-2.12362e-20
-2.53602e-20
-1.5146e-20
-7.38953e-21
1.91327e-20
4.28361e-20
3.65002e-20
5.14541e-21
1.89736e-21
-5.29935e-21
-9.33012e-21
-1.45875e-20
-2.0366e-20
-2.39637e-20
-1.49402e-20
-7.64023e-21
1.93076e-20
4.56508e-20
3.94787e-20
7.49879e-21
3.00356e-21
-5.64283e-21
-8.55245e-21
-1.40031e-20
-2.11514e-20
-2.43002e-20
-1.49193e-20
-7.21352e-21
1.94299e-20
4.58942e-20
3.98248e-20
6.97077e-21
2.78959e-21
-6.05074e-21
-9.17063e-21
-1.46555e-20
-2.27606e-20
-2.58188e-20
-1.48381e-20
-7.28392e-21
1.94929e-20
4.61311e-20
4.06354e-20
5.1339e-21
3.30073e-21
-6.62198e-21
-8.73751e-21
-1.42382e-20
-2.14541e-20
-2.49129e-20
-1.50362e-20
-6.67431e-21
1.94315e-20
4.51118e-20
3.90708e-20
5.01642e-21
2.59367e-21
-6.89297e-21
-8.5469e-21
-1.39098e-20
-1.97308e-20
-2.43527e-20
-1.46637e-20
-6.39163e-21
1.9309e-20
4.12382e-20
3.91063e-20
5.10596e-21
3.3715e-21
-7.05248e-21
-7.71593e-21
-1.31495e-20
-1.90171e-20
-2.43776e-20
-1.45215e-20
-6.60929e-21
1.92444e-20
4.03965e-20
3.93703e-20
5.3273e-21
4.0946e-21
-7.1868e-21
-7.08833e-21
-1.26099e-20
-1.86164e-20
-2.42206e-20
-1.43053e-20
-6.56283e-21
1.92967e-20
4.18896e-20
3.98565e-20
5.62951e-21
4.7708e-21
-7.33223e-21
-6.57174e-21
-1.21761e-20
-1.82695e-20
-2.40862e-20
-1.425e-20
-7.35689e-21
1.94215e-20
4.35663e-20
4.04548e-20
5.97921e-21
5.40413e-21
-7.50077e-21
-6.11394e-21
-1.17853e-20
-1.78953e-20
-2.27598e-20
-1.4274e-20
-8.0718e-21
1.9555e-20
4.40154e-20
4.10654e-20
6.34532e-21
5.99652e-21
-7.69371e-21
-5.68386e-21
-1.14098e-20
-1.75476e-20
-2.23409e-20
-1.4297e-20
-8.72617e-21
1.97128e-20
4.4696e-20
4.17165e-20
6.70769e-21
6.54953e-21
-7.90809e-21
-5.26138e-21
-1.10356e-20
-1.72993e-20
-2.31306e-20
-1.43984e-20
-9.07299e-21
1.98852e-20
4.60375e-20
4.23672e-20
7.0511e-21
7.06416e-21
-8.13997e-21
-4.83209e-21
-1.06554e-20
-1.69928e-20
-2.28609e-20
-1.44171e-20
-8.70112e-21
1.99339e-20
4.24915e-20
4.28141e-20
7.35059e-21
7.53971e-21
-8.38661e-21
-4.38576e-21
-1.02726e-20
-1.66877e-20
-2.14066e-20
-1.44603e-20
-8.33439e-21
2.00363e-20
4.11175e-20
4.33555e-20
7.53584e-21
7.97425e-21
-8.64885e-21
-3.91681e-21
-9.90329e-21
-1.65173e-20
-2.09709e-20
-1.47121e-20
-7.68851e-21
1.99936e-20
4.37094e-20
4.38541e-20
7.50737e-21
8.37104e-21
-8.93469e-21
-3.42745e-21
-9.56865e-21
-1.66183e-20
-2.26832e-20
-1.53592e-20
-7.29737e-21
1.99287e-20
4.09304e-20
4.42451e-20
6.95988e-21
8.75233e-21
-9.26594e-21
-2.93833e-21
-9.28654e-21
-1.68745e-20
-2.33406e-20
-1.53133e-20
-7.13523e-21
2.00449e-20
4.39129e-20
4.4884e-20
6.49555e-21
9.20905e-21
-9.68879e-21
-2.44938e-21
-9.17519e-21
-1.81117e-20
-2.37216e-20
-1.52225e-20
-6.89238e-21
2.01428e-20
4.44537e-20
4.53159e-20
5.65957e-21
8.61012e-21
-1.02998e-20
-4.01561e-21
-1.01694e-20
-1.8924e-20
-2.36384e-20
-1.4971e-20
-7.14398e-21
2.02198e-20
4.59027e-20
4.62103e-20
5.80455e-21
8.71688e-21
-1.11547e-20
-4.38763e-21
-9.744e-21
-1.69179e-20
-2.32322e-20
-1.50367e-20
-6.80201e-21
2.01698e-20
4.57912e-20
4.47473e-20
5.4039e-21
7.33508e-21
-1.17177e-20
-3.23385e-21
-9.19619e-21
-1.58756e-20
-2.26349e-20
-1.4475e-20
-6.98719e-21
2.00718e-20
4.17881e-20
4.50265e-20
5.00004e-21
6.93495e-21
-1.22625e-20
-2.43758e-21
-8.37915e-21
-1.48966e-20
-2.19752e-20
-1.40482e-20
-6.49237e-21
2.00607e-20
4.54446e-20
4.54894e-20
4.24955e-21
4.96633e-21
-1.2858e-20
-2.99513e-21
-8.84897e-21
-1.5223e-20
-2.1324e-20
-1.34182e-20
-6.48309e-21
2.00386e-20
4.50237e-20
4.63989e-20
5.03272e-21
6.12827e-21
-1.33041e-20
-2.53692e-21
-8.40946e-21
-1.47495e-20
-2.05859e-20
-1.31415e-20
-5.8902e-21
1.99459e-20
4.23956e-20
4.50908e-20
5.84972e-21
7.28513e-21
-1.33807e-20
-2.35724e-21
-8.0736e-21
-1.45111e-20
-2.12489e-20
-1.31019e-20
-6.54962e-21
1.99461e-20
4.08663e-20
4.55693e-20
6.58238e-21
8.7797e-21
-1.33786e-20
-1.47162e-21
-7.22527e-21
-1.39189e-20
-2.16597e-20
-1.33143e-20
-6.8456e-21
2.00603e-20
4.24122e-20
4.61871e-20
7.19533e-21
9.88769e-21
-1.33843e-20
-7.65505e-22
-6.56878e-21
-1.34209e-20
-2.08844e-20
-1.34394e-20
-7.65679e-21
2.02448e-20
4.4386e-20
4.68192e-20
7.71051e-21
1.07437e-20
-1.34215e-20
-1.5908e-22
-6.01004e-21
-1.29819e-20
-2.0734e-20
-1.34762e-20
-7.95235e-21
2.0333e-20
4.1722e-20
4.72491e-20
8.15184e-21
1.14571e-20
-1.34903e-20
3.92841e-22
-5.50055e-21
-1.25446e-20
-2.04522e-20
-1.34185e-20
-7.98792e-21
2.0457e-20
4.16243e-20
4.77695e-20
8.52588e-21
1.21053e-20
-1.35854e-20
9.17246e-22
-5.01482e-21
-1.20927e-20
-2.0047e-20
-1.32767e-20
-7.7872e-21
2.05449e-20
4.14777e-20
4.82459e-20
8.89156e-21
1.27504e-20
-1.3707e-20
1.43157e-21
-4.54168e-21
-1.16151e-20
-1.94548e-20
-1.30771e-20
-7.31836e-21
2.07122e-20
4.08758e-20
4.88648e-20
9.24193e-21
1.34522e-20
-1.38679e-20
1.94831e-21
-4.08109e-21
-1.11246e-20
-1.86957e-20
-1.28799e-20
-6.70881e-21
2.08831e-20
4.39225e-20
4.96167e-20
9.60203e-21
1.42889e-20
-1.41031e-20
2.46943e-21
-3.65429e-21
-1.06673e-20
-1.87207e-20
-1.27596e-20
-6.42206e-21
2.10941e-20
4.23346e-20
5.08633e-20
9.91465e-21
1.39825e-20
-1.44807e-20
1.82468e-21
-4.3108e-21
-1.11892e-20
-1.87112e-20
-1.28126e-20
-5.88808e-21
2.13506e-20
4.67159e-20
5.24375e-20
9.65971e-21
1.41745e-20
-1.50959e-20
2.25948e-21
-4.02748e-21
-1.07364e-20
-1.89655e-20
-1.23915e-20
-5.60412e-21
2.14813e-20
4.70415e-20
5.06858e-20
8.87183e-21
1.32624e-20
-1.54355e-20
2.42067e-21
-3.96164e-21
-1.04136e-20
-1.88951e-20
-1.20759e-20
-5.96036e-21
2.1535e-20
4.48613e-20
5.07622e-20
8.15211e-21
1.40674e-20
-1.5695e-20
3.29294e-21
-4.36721e-21
-9.60453e-21
-1.92909e-20
-1.30652e-20
-5.77572e-21
2.14581e-20
4.20913e-20
5.11017e-20
7.14246e-21
1.37764e-20
-1.6021e-20
2.85869e-21
-5.52397e-21
-1.06531e-20
-1.94121e-20
-1.33459e-20
-5.33481e-21
2.14566e-20
4.11673e-20
4.95689e-20
7.2552e-21
1.41299e-20
-1.65261e-20
3.56578e-21
-3.94359e-21
-1.04685e-20
-1.80805e-20
-1.36805e-20
-4.97588e-21
2.15538e-20
4.4308e-20
4.9218e-20
7.0432e-21
1.31401e-20
-1.67244e-20
3.96725e-21
-1.8571e-21
-8.99303e-21
-1.72174e-20
-1.33611e-20
-5.63518e-21
2.17721e-20
4.41935e-20
5.1479e-20
6.85848e-21
1.3585e-20
-1.67699e-20
5.05394e-21
-6.21283e-22
-8.12855e-21
-1.63514e-20
-1.31542e-20
-5.93584e-21
2.20518e-20
4.9354e-20
5.16698e-20
6.25575e-21
1.41175e-20
-1.67321e-20
5.96917e-21
3.02285e-22
-7.49814e-21
-1.62474e-20
-1.27711e-20
-6.72466e-21
2.22026e-20
4.89254e-20
5.19188e-20
7.10715e-21
1.47215e-20
-1.66405e-20
6.80626e-21
1.0991e-21
-7.03012e-21
-1.6796e-20
-1.27099e-20
-6.47438e-21
2.20977e-20
4.20181e-20
5.18686e-20
7.8179e-21
1.53644e-20
-1.65113e-20
7.6193e-21
1.86404e-21
-6.55267e-21
-1.73723e-20
-1.26964e-20
-6.29143e-21
2.21218e-20
4.4747e-20
5.21816e-20
8.39017e-21
1.60253e-20
-1.63531e-20
8.43712e-21
2.64188e-21
-5.97454e-21
-1.63161e-20
-1.26006e-20
-6.15282e-21
2.22489e-20
4.88043e-20
5.26072e-20
8.9194e-21
1.66952e-20
-1.61708e-20
9.27549e-21
3.45155e-21
-5.35452e-21
-1.59711e-20
-1.25412e-20
-5.90236e-21
2.23535e-20
4.72856e-20
5.29619e-20
9.39098e-21
1.7368e-20
-1.59672e-20
1.01442e-20
4.29981e-21
-4.68002e-21
-1.55282e-20
-1.24623e-20
-6.17272e-21
2.24412e-20
4.79771e-20
5.33653e-20
9.81208e-21
1.80427e-20
-1.57435e-20
1.10506e-20
5.18826e-21
-3.96538e-21
-1.50079e-20
-1.24586e-20
-6.77442e-21
2.25398e-20
4.86557e-20
5.38173e-20
1.01604e-20
1.87238e-20
-1.55011e-20
1.20025e-20
6.11394e-21
-3.22629e-21
-1.44224e-20
-1.2448e-20
-6.81474e-21
2.26532e-20
4.91172e-20
5.42875e-20
1.03416e-20
1.94291e-20
-1.5243e-20
1.30107e-20
7.07053e-21
-2.48391e-21
-1.37893e-20
-1.24816e-20
-6.09151e-21
2.25875e-20
4.92741e-20
5.47264e-20
1.00771e-20
2.02135e-20
-1.49763e-20
1.40928e-20
8.04863e-21
-1.76927e-21
-1.39845e-20
-1.2662e-20
-5.81157e-21
2.24477e-20
4.89147e-20
5.53947e-20
9.93335e-21
2.12405e-20
-1.47203e-20
1.52757e-20
9.03054e-21
-1.11207e-21
-1.41738e-20
-1.31102e-20
-5.08246e-21
2.22379e-20
4.56264e-20
5.58812e-20
9.47305e-21
2.1599e-20
-1.45274e-20
1.54051e-20
8.98505e-21
-1.32759e-21
-1.4588e-20
-1.37614e-20
-4.79939e-21
2.21162e-20
4.47114e-20
5.69682e-20
9.94425e-21
2.3097e-20
-1.4504e-20
1.75895e-20
9.93871e-21
-5.07351e-22
-1.47381e-20
-1.39445e-20
-4.35481e-21
2.20181e-20
4.28399e-20
5.66015e-20
1.22045e-20
2.28285e-20
-1.42942e-20
1.86015e-20
9.72842e-21
-6.70227e-22
-1.46555e-20
-1.50782e-20
-4.14061e-21
2.20142e-20
4.22718e-20
5.86327e-20
1.08106e-20
2.40495e-20
-1.43454e-20
1.89333e-20
9.04449e-21
-2.56572e-22
-1.45795e-20
-1.52861e-20
-4.06661e-21
2.21631e-20
4.50241e-20
5.84401e-20
7.2135e-21
2.30621e-20
-1.44538e-20
1.97901e-20
8.43009e-21
-8.98062e-22
-1.43857e-20
-1.52555e-20
-3.98283e-21
2.23445e-20
4.61189e-20
5.92635e-20
5.86328e-21
2.23992e-20
-1.4885e-20
2.11145e-20
1.07738e-20
-5.68121e-23
-1.32327e-20
-1.53738e-20
-3.9767e-21
2.26058e-20
4.67669e-20
5.84034e-20
6.19504e-21
2.25106e-20
-1.52206e-20
1.93277e-20
1.09727e-20
-1.38275e-22
-1.2914e-20
-1.49609e-20
-3.92571e-21
2.2862e-20
4.83195e-20
5.98078e-20
5.24593e-21
2.4294e-20
-1.57622e-20
1.918e-20
1.15354e-20
1.16359e-21
-1.40826e-20
-1.47862e-20
-3.91062e-21
2.30874e-20
5.03216e-20
5.97067e-20
4.78108e-21
2.31901e-20
-1.63907e-20
1.79404e-20
1.07518e-20
2.0701e-21
-1.4258e-20
-1.51804e-20
-3.85048e-21
2.31225e-20
4.94751e-20
5.95819e-20
4.17378e-21
2.34007e-20
-1.71312e-20
1.84243e-20
1.11913e-20
2.24123e-21
-1.42241e-20
-1.49674e-20
-3.75539e-21
2.31041e-20
4.63551e-20
5.76509e-20
3.84222e-21
2.18684e-20
-1.75485e-20
1.78687e-20
1.05266e-20
7.10305e-22
-1.40417e-20
-1.53655e-20
-3.53036e-21
2.3078e-20
4.6917e-20
5.90058e-20
2.48514e-21
2.24424e-20
-1.80303e-20
1.83051e-20
1.0368e-20
-8.42646e-22
-1.37546e-20
-1.49407e-20
-3.13474e-21
2.30698e-20
4.56817e-20
5.90372e-20
1.94181e-21
2.25073e-20
-1.84487e-20
1.84456e-20
9.03984e-21
-2.28721e-21
-1.39804e-20
-1.49655e-20
-3.23027e-21
2.31469e-20
4.80294e-20
5.57148e-20
1.46485e-21
2.24788e-20
-1.88602e-20
1.8035e-20
8.52306e-21
-2.98041e-21
-1.31785e-20
-1.53707e-20
-3.36059e-21
2.31296e-20
4.77711e-20
5.58015e-20
-7.13631e-22
2.29265e-20
-1.95127e-20
1.88431e-20
1.01245e-20
-9.63178e-22
-1.35598e-20
-1.5622e-20
-3.84377e-21
2.31061e-20
4.49022e-20
5.48129e-20
2.61024e-22
2.15166e-20
-2.0335e-20
1.75937e-20
8.95337e-21
-1.0736e-21
-1.50179e-20
-1.64161e-20
-4.10036e-21
2.30795e-20
4.62726e-20
5.24834e-20
1.70157e-21
2.10213e-20
-2.13963e-20
1.63202e-20
9.04338e-21
-1.5049e-21
-1.63424e-20
-1.64874e-20
-4.2609e-21
2.29673e-20
4.17924e-20
5.47901e-20
1.828e-22
1.79759e-20
-2.21335e-20
1.65469e-20
9.92257e-21
-1.70717e-21
-1.71354e-20
-1.71018e-20
-4.32589e-21
2.29171e-20
4.12304e-20
5.8919e-20
3.88924e-22
1.95869e-20
-2.27611e-20
1.65405e-20
1.0547e-20
-1.06237e-21
-1.62477e-20
-1.68129e-20
-4.35202e-21
2.30316e-20
4.41741e-20
5.93753e-20
2.75582e-21
2.21592e-20
-2.33113e-20
1.49171e-20
1.09108e-20
-1.73098e-21
-1.59075e-20
-1.69246e-20
-4.31185e-21
2.31865e-20
4.57289e-20
6.05671e-20
4.143e-21
2.2621e-20
-2.42023e-20
1.38929e-20
1.14911e-20
-4.56568e-22
-1.56423e-20
-1.6454e-20
-4.28401e-21
2.33739e-20
4.59269e-20
6.23292e-20
8.42204e-21
2.10931e-20
-2.47768e-20
1.29071e-20
9.68904e-21
-9.33947e-23
-1.52278e-20
-1.71194e-20
-4.23505e-21
2.35214e-20
4.6993e-20
6.30369e-20
1.05419e-20
2.15404e-20
-2.51965e-20
1.57609e-20
1.05355e-20
-3.85633e-22
-1.48964e-20
-1.71185e-20
-4.20242e-21
2.36751e-20
4.66147e-20
6.08289e-20
7.86514e-21
1.85809e-20
-2.56979e-20
1.64273e-20
1.02757e-20
-1.57523e-21
-1.45154e-20
-1.64985e-20
-4.09051e-21
2.38182e-20
4.72373e-20
6.15669e-20
4.44318e-21
1.80848e-20
-2.61582e-20
1.6287e-20
9.83298e-21
-1.3635e-21
-1.41458e-20
-1.59697e-20
-4.00148e-21
2.40075e-20
4.97912e-20
6.022e-20
3.88313e-21
1.98607e-20
-2.61433e-20
1.59318e-20
9.73338e-21
-5.76742e-22
-1.39726e-20
-1.6064e-20
-3.87338e-21
2.40414e-20
4.94514e-20
6.11162e-20
2.59389e-22
2.24941e-20
-2.63574e-20
1.65775e-20
1.04531e-20
6.58736e-22
-1.41292e-20
-1.55261e-20
-3.73194e-21
2.4017e-20
4.63708e-20
6.05166e-20
6.37944e-22
2.27297e-20
-2.67467e-20
1.56347e-20
9.65266e-21
5.95275e-22
-1.21158e-20
-1.55501e-20
-3.51535e-21
2.39757e-20
4.72104e-20
6.08091e-20
2.17042e-21
2.51139e-20
-2.73144e-20
1.61109e-20
9.96187e-21
2.38772e-22
-1.08304e-20
-1.49784e-20
-3.24361e-21
2.39746e-20
4.65292e-20
5.97e-20
2.4548e-21
2.31386e-20
-2.79904e-20
1.53761e-20
9.51102e-21
-2.39819e-22
-1.14211e-20
-1.51783e-20
-2.82421e-21
2.39449e-20
4.67999e-20
6.02595e-20
1.47825e-21
2.11277e-20
-2.88329e-20
1.55674e-20
9.81217e-21
-1.09417e-22
-1.26901e-20
-1.56061e-20
-2.96861e-21
2.38841e-20
4.56261e-20
5.84195e-20
4.47485e-22
2.03378e-20
-2.94159e-20
1.65916e-20
1.10601e-20
6.70255e-22
-1.36792e-20
-1.60129e-20
-3.08007e-21
2.38625e-20
4.50591e-20
5.96223e-20
4.02517e-22
1.97033e-20
-2.95053e-20
1.71615e-20
1.18575e-20
9.93429e-22
-1.32124e-20
-1.68156e-20
-3.50381e-21
2.38354e-20
4.56891e-20
6.0192e-20
-7.62221e-22
2.1432e-20
-2.9634e-20
1.84196e-20
1.29975e-20
1.65412e-21
-1.40732e-20
-1.69022e-20
-3.7492e-21
2.38575e-20
4.50594e-20
5.79882e-20
-9.79078e-22
2.2072e-20
-2.97965e-20
1.75425e-20
1.1703e-20
6.70036e-22
-1.4724e-20
-1.75135e-20
-3.86184e-21
2.38934e-20
4.5442e-20
5.88997e-20
-8.37036e-22
2.47923e-20
-3.01594e-20
1.68999e-20
1.16906e-20
-9.04842e-23
-1.36223e-20
-1.73466e-20
-3.93993e-21
2.39959e-20
4.7722e-20
5.79816e-20
5.36679e-22
2.38032e-20
-3.05047e-20
1.63064e-20
1.24954e-20
-2.83017e-22
-1.30124e-20
-1.82659e-20
-3.97296e-21
2.39777e-20
4.70757e-20
5.9698e-20
3.51632e-21
2.39678e-20
-3.08317e-20
1.85566e-20
1.33524e-20
1.71387e-21
-1.16236e-20
-1.85274e-20
-4.01433e-21
2.39578e-20
4.68648e-20
5.95671e-20
4.99433e-21
2.33448e-20
-3.11764e-20
1.86391e-20
1.27081e-20
1.61457e-21
-1.12874e-20
-1.82068e-20
-3.97741e-21
2.38503e-20
4.67002e-20
5.70212e-20
3.98612e-21
2.2746e-20
-3.17827e-20
1.97405e-20
1.40733e-20
2.3655e-21
-1.23685e-20
-1.80342e-20
-3.96316e-21
2.37826e-20
4.36397e-20
5.29119e-20
1.95373e-21
2.2753e-20
-3.20571e-20
1.93706e-20
1.43495e-20
2.17755e-21
-1.24792e-20
-1.83384e-20
-3.89992e-21
2.378e-20
4.46337e-20
5.63052e-20
2.55573e-21
2.49871e-20
-3.25686e-20
1.91357e-20
1.35653e-20
2.5531e-21
-1.22529e-20
-1.77922e-20
-3.81426e-21
2.38864e-20
4.73255e-20
5.95103e-20
4.53578e-21
2.4438e-20
-3.30685e-20
1.9285e-20
1.22036e-20
1.74855e-21
-1.10614e-20
-1.70731e-20
-3.67397e-21
2.38844e-20
4.73099e-20
6.08073e-20
3.11022e-21
2.49648e-20
-3.36082e-20
2.1742e-20
1.1628e-20
2.94193e-21
-1.07079e-20
-1.65529e-20
-3.57014e-21
2.38685e-20
4.47275e-20
6.23777e-20
1.79329e-21
2.3768e-20
-3.40893e-20
2.07216e-20
1.12981e-20
3.14557e-21
-1.15224e-20
-1.79946e-20
-3.54198e-21
2.38352e-20
4.62455e-20
6.32765e-20
3.89749e-21
2.50861e-20
-3.4702e-20
2.09357e-20
1.3164e-20
2.76548e-21
-1.16633e-20
-1.81758e-20
-3.42739e-21
2.37019e-20
4.16659e-20
6.14448e-20
2.54547e-21
2.46657e-20
-3.53252e-20
1.96959e-20
1.28453e-20
2.09359e-21
-1.12448e-20
-1.85464e-20
-2.98355e-21
2.36284e-20
4.08341e-20
6.23887e-20
4.00914e-22
2.44544e-20
-3.62417e-20
1.86958e-20
1.24927e-20
1.68514e-21
-1.13924e-20
-1.89389e-20
-2.96843e-21
2.36633e-20
4.32877e-20
6.17619e-20
3.35638e-22
2.33005e-20
-3.70844e-20
1.67084e-20
1.21466e-20
1.12534e-21
-1.23725e-20
-1.92593e-20
-3.36122e-21
2.37847e-20
4.37702e-20
6.36885e-20
-3.82086e-22
2.20294e-20
-3.76328e-20
1.53331e-20
1.12441e-20
1.16723e-22
-1.35396e-20
-1.99823e-20
-3.83182e-21
2.3855e-20
4.53525e-20
6.6485e-20
-4.15994e-22
2.24224e-20
-3.78463e-20
1.74533e-20
1.18007e-20
7.72071e-22
-1.44509e-20
-1.97512e-20
-4.08544e-21
2.37911e-20
4.1118e-20
6.42188e-20
-5.40026e-23
2.25386e-20
-3.74893e-20
1.78619e-20
1.1651e-20
7.35915e-22
-1.47919e-20
-2.03607e-20
-4.19905e-21
2.37858e-20
4.09028e-20
6.3066e-20
-1.28502e-21
2.24476e-20
-3.71925e-20
1.8698e-20
1.22555e-20
1.31718e-21
-1.49873e-20
-2.01088e-20
-4.26909e-21
2.39347e-20
4.38613e-20
6.15289e-20
-1.7688e-21
2.06187e-20
-3.67124e-20
1.7755e-20
1.12789e-20
1.76429e-21
-1.4998e-20
-1.9013e-20
-4.21899e-21
2.40892e-20
4.52778e-20
6.13478e-20
-2.06514e-21
2.1246e-20
-3.61168e-20
1.81738e-20
1.12926e-20
2.35024e-21
-1.50264e-20
-1.76669e-20
-4.16085e-21
2.42483e-20
4.52225e-20
5.97931e-20
-1.37534e-21
2.03402e-20
-3.49925e-20
1.73937e-20
1.02105e-20
6.11354e-22
-1.50315e-20
-1.61228e-20
-4.05863e-21
2.43406e-20
4.62238e-20
6.08027e-20
-3.75919e-21
2.13959e-20
-3.37602e-20
1.76543e-20
8.99952e-21
5.58206e-22
-1.50729e-20
-1.46255e-20
-3.99933e-21
2.44174e-20
4.58217e-20
6.04004e-20
-2.75065e-21
2.08924e-20
-3.23324e-20
1.64268e-20
7.72357e-21
6.91603e-22
-1.5166e-20
-1.48633e-20
-4.03784e-21
2.44281e-20
4.65744e-20
5.85056e-20
-1.35277e-21
2.15187e-20
-3.07922e-20
1.75233e-20
9.53212e-21
1.33478e-21
-1.52728e-20
-1.37875e-20
-4.05035e-21
2.44158e-20
4.59931e-20
5.79258e-20
-7.25596e-22
2.03662e-20
-2.87322e-20
1.7554e-20
9.32137e-21
-6.80977e-22
-1.5362e-20
-1.28448e-20
-3.9881e-21
2.43004e-20
4.66225e-20
6.0491e-20
-1.31547e-21
2.10199e-20
-2.6657e-20
1.69597e-20
8.55275e-21
-7.0888e-22
-1.61027e-20
-1.10033e-20
-3.91682e-21
2.40227e-20
4.15787e-20
6.1375e-20
-1.33805e-21
1.96985e-20
-2.43766e-20
1.57103e-20
8.52795e-21
-1.52202e-21
-1.66877e-20
-1.01129e-20
-3.79635e-21
2.37984e-20
4.05425e-20
6.02973e-20
-1.63787e-21
1.99057e-20
-2.20637e-20
1.61955e-20
1.03486e-20
-2.16872e-21
-1.59706e-20
-8.42123e-21
-3.65333e-21
2.37452e-20
4.28501e-20
5.66169e-20
-3.16598e-21
1.96742e-20
-1.9296e-20
1.53144e-20
8.86546e-21
-2.98259e-21
-1.5846e-20
-6.06098e-21
-3.35981e-21
2.37224e-20
4.36822e-20
5.75636e-20
-3.62719e-21
1.89913e-20
-1.675e-20
1.55688e-20
8.47637e-21
-3.09497e-21
-1.57728e-20
-3.70958e-21
-2.96227e-21
2.36949e-20
4.30702e-20
5.72856e-20
-2.87907e-21
1.70553e-20
-1.42352e-20
1.54459e-20
8.02588e-21
-3.46477e-21
-1.64659e-20
-2.04212e-21
-3.06288e-21
2.37435e-20
4.29596e-20
5.76109e-20
-2.36902e-21
1.48664e-20
-1.1876e-20
1.47858e-20
7.09522e-21
-4.45092e-21
-1.71533e-20
-7.01118e-22
-3.14827e-21
2.38331e-20
4.40869e-20
5.91306e-20
8.33265e-22
1.52949e-20
-9.7285e-21
1.44591e-20
6.46627e-21
-4.40795e-21
-1.81065e-20
7.56534e-22
-3.61258e-21
2.40224e-20
4.71167e-20
5.97866e-20
1.83143e-21
1.42872e-20
-7.98385e-21
1.27794e-20
4.81685e-21
-5.24596e-21
-1.86336e-20
1.67782e-21
-3.85443e-21
2.4079e-20
4.74183e-20
6.41839e-20
1.99897e-22
1.56602e-20
-6.6612e-21
1.2899e-20
5.48465e-21
-5.9168e-21
-1.89134e-20
3.10423e-21
-4.00302e-21
2.40937e-20
4.48654e-20
6.55155e-20
-1.27579e-21
1.70944e-20
-5.66464e-21
1.2146e-20
5.59179e-21
-6.28741e-21
-1.88485e-20
3.64633e-21
-4.05975e-21
2.40644e-20
4.59943e-20
6.30429e-20
-1.49265e-21
1.90054e-20
-5.74384e-21
1.27441e-20
5.20385e-21
-5.70781e-21
-1.86637e-20
4.57668e-21
-4.08107e-21
2.40628e-20
4.54544e-20
6.08394e-20
-5.86148e-22
1.86072e-20
-6.97989e-21
1.19799e-20
4.51802e-21
-6.05169e-21
-1.82377e-20
4.57091e-21
-4.03057e-21
2.40479e-20
4.63914e-20
6.22364e-20
-1.39012e-21
1.94108e-20
-9.66529e-21
1.29785e-20
5.4454e-21
-4.86898e-21
-1.75844e-20
4.53114e-21
-3.97221e-21
2.40806e-20
4.62316e-20
6.20465e-20
-1.3696e-21
1.91485e-20
-1.35506e-20
1.31405e-20
5.69002e-21
-4.28215e-21
-1.65303e-20
3.13759e-21
-3.8708e-21
2.40843e-20
4.7347e-20
6.48325e-20
-2.59895e-21
2.13846e-20
-1.92762e-20
1.53452e-20
6.29051e-21
-3.35504e-21
-1.52277e-20
1.45867e-21
-3.78021e-21
2.41111e-20
4.70619e-20
6.33648e-20
-3.4162e-21
2.2116e-20
-2.70977e-20
1.66661e-20
7.07352e-21
-2.20041e-21
-1.42073e-20
-2.39434e-21
-3.65913e-21
2.41259e-20
4.80997e-20
6.38122e-20
-4.30674e-21
2.26872e-20
-3.7609e-20
1.85255e-20
1.14515e-20
2.25315e-21
-1.26101e-20
-6.73467e-21
-3.53495e-21
2.42413e-20
4.90115e-20
6.98879e-20
-4.34243e-21
2.40282e-20
-5.04305e-20
2.03511e-20
1.47959e-20
5.72864e-21
-9.18298e-21
-1.16415e-20
-3.30491e-21
2.43363e-20
5.09901e-20
7.77437e-20
-5.82353e-21
2.80156e-20
-6.64325e-20
2.40479e-20
1.8983e-20
1.01554e-20
-6.34817e-21
-1.79297e-20
-3.06253e-21
2.44125e-20
5.35758e-20
8.22046e-20
-7.0187e-21
2.99133e-20
-8.59188e-20
2.66496e-20
2.20607e-20
1.38344e-20
-3.23097e-21
-2.61575e-20
-2.73365e-21
2.43148e-20
5.35393e-20
8.75601e-20
-8.68661e-21
3.33638e-20
-1.09399e-19
3.126e-20
2.71253e-20
1.80565e-20
-5.75624e-22
-3.49907e-20
-2.32575e-21
2.41888e-20
5.41464e-20
9.18895e-20
-1.0292e-20
3.54107e-20
-1.36684e-19
3.52834e-20
3.19632e-20
2.16467e-20
2.62551e-21
-4.5472e-20
-1.74122e-21
2.39159e-20
5.42388e-20
9.95206e-20
-1.28459e-20
3.9843e-20
-1.68377e-19
4.11255e-20
3.86982e-20
2.60614e-20
6.77783e-21
-5.68914e-20
-1.70592e-21
2.3598e-20
5.15581e-20
1.06464e-19
-1.52781e-20
4.50578e-20
-2.04411e-19
4.85931e-20
4.59031e-20
3.16472e-20
1.12898e-20
-6.87461e-20
-1.62756e-21
2.34204e-20
5.23362e-20
1.13969e-19
-1.91869e-20
5.07986e-20
-2.44505e-19
5.66866e-20
5.16837e-20
3.67601e-20
1.50816e-20
-8.10384e-20
-1.86596e-21
2.33247e-20
5.42823e-20
1.25237e-19
-2.18183e-20
5.9465e-20
-2.89131e-19
6.46654e-20
5.86432e-20
4.30131e-20
1.81424e-20
-9.21591e-20
-1.9305e-21
2.33389e-20
5.47664e-20
1.36027e-19
-2.34935e-20
6.73066e-20
-3.37594e-19
7.19982e-20
6.44758e-20
4.76738e-20
2.07779e-20
-1.02582e-19
-1.88554e-21
2.3361e-20
5.60666e-20
1.46394e-19
-2.67448e-20
7.75064e-20
-3.8899e-19
8.07127e-20
7.12024e-20
5.14187e-20
2.17453e-20
-1.10496e-19
-1.81794e-21
2.34627e-20
5.86697e-20
1.59076e-19
-2.72846e-20
8.70884e-20
-4.40815e-19
8.81986e-20
7.64741e-20
5.43026e-20
2.2912e-20
-1.16298e-19
-1.71994e-21
2.33943e-20
5.82594e-20
1.74981e-19
-3.19036e-20
9.8225e-20
-4.90242e-19
9.56953e-20
8.10871e-20
5.72687e-20
2.35467e-20
-1.18096e-19
-1.65838e-21
2.3476e-20
5.47987e-20
1.85301e-19
-3.66789e-20
1.07825e-19
-5.33209e-19
9.97303e-20
8.18238e-20
5.76724e-20
2.34119e-20
-1.16704e-19
-1.58791e-21
2.37561e-20
5.44515e-20
1.98991e-19
-4.21263e-20
1.15697e-19
-5.63662e-19
1.02382e-19
8.11202e-20
5.60367e-20
2.22639e-20
-1.10463e-19
-1.55916e-21
2.43634e-20
5.12707e-20
2.12606e-19
-4.689e-20
1.18639e-19
-5.74302e-19
1.0033e-19
7.85861e-20
5.25672e-20
2.04624e-20
-1.00651e-19
-1.50742e-21
2.49744e-20
4.76615e-20
2.18006e-19
-5.02732e-20
1.17609e-19
-5.57263e-19
9.49307e-20
7.27811e-20
4.79182e-20
1.7932e-20
-8.61811e-20
-1.4644e-21
2.48761e-20
3.93591e-20
2.09547e-19
-4.96525e-20
1.07888e-19
-5.04712e-19
8.34662e-20
6.15969e-20
4.02773e-20
1.55026e-20
-6.90055e-20
-1.348e-21
2.19495e-20
2.87936e-20
1.83657e-19
-4.50738e-20
9.05394e-20
-4.1157e-19
6.76103e-20
4.75681e-20
3.11289e-20
1.26674e-20
-4.88636e-20
-1.17959e-21
1.50076e-20
1.35135e-20
1.28628e-19
-3.32971e-20
6.10844e-20
-2.74261e-19
4.33228e-20
3.03044e-20
1.95432e-20
8.24463e-21
-2.88583e-20
-8.41947e-22
4.29232e-21
2.06007e-21
4.91948e-20
-1.33689e-20
2.28489e-20
-9.90821e-20
1.55006e-20
1.08827e-20
6.9186e-21
2.56643e-21
-9.15989e-21
-3.44566e-22
-2.54854e-22
2.62485e-21
1.27623e-21
8.253e-22
8.33537e-22
1.03614e-21
5.61396e-22
2.6971e-22
6.04019e-23
-2.48311e-22
2.16627e-22
-1.39341e-22
-2.84293e-22
8.38747e-21
3.59901e-21
2.44676e-21
2.36244e-21
2.92449e-21
1.5714e-21
8.01245e-22
1.68888e-22
-9.84662e-22
7.25314e-22
-5.62499e-22
7.04543e-22
1.21086e-20
5.77161e-21
3.99574e-21
3.82549e-21
4.2979e-21
2.54211e-21
1.3218e-21
2.88577e-22
-1.46959e-21
6.76671e-22
-7.06313e-22
-1.04963e-22
1.33523e-20
7.39382e-21
5.44657e-21
5.25249e-21
6.30864e-21
3.48308e-21
1.8332e-21
5.58137e-22
-1.02043e-21
9.44146e-22
-6.31285e-22
8.25464e-22
1.26127e-20
8.89986e-21
6.79483e-21
6.60294e-21
8.04395e-21
4.38564e-21
2.32144e-21
8.08221e-22
-4.39754e-22
7.16643e-22
-3.46591e-22
9.57726e-22
1.41069e-20
1.01844e-20
8.02287e-21
7.6355e-21
8.27039e-21
5.03635e-21
2.77531e-21
1.02071e-21
-3.42911e-22
7.24299e-22
-3.62147e-22
2.85403e-21
1.53403e-20
1.14411e-20
9.14055e-21
8.60898e-21
8.25634e-21
5.66005e-21
3.20384e-21
1.18867e-21
-6.20116e-22
9.90123e-22
-6.3359e-22
3.46395e-21
1.60485e-20
1.26408e-20
1.01527e-20
9.55219e-21
8.96168e-21
6.30642e-21
3.61438e-21
1.35219e-21
-4.31727e-22
8.33194e-22
-5.37257e-22
2.44168e-21
1.8082e-20
1.35488e-20
1.10467e-20
1.04752e-20
1.02254e-20
6.96e-21
4.00864e-21
1.59868e-21
-4.8515e-22
1.01029e-21
-6.51076e-22
2.97746e-21
1.7239e-20
1.43256e-20
1.18218e-20
1.13114e-20
1.07482e-20
7.56137e-21
4.37451e-21
1.84137e-21
-5.63641e-23
7.75444e-22
-3.95935e-22
2.87676e-21
1.81849e-20
1.48637e-20
1.2477e-20
1.19207e-20
1.14705e-20
7.98606e-21
4.70081e-21
2.04516e-21
6.09606e-23
8.27412e-22
-3.83166e-22
4.47036e-21
1.8742e-20
1.54036e-20
1.30401e-20
1.24445e-20
1.14293e-20
8.35629e-21
4.9926e-21
2.20856e-21
-1.33488e-22
1.1622e-21
-6.15479e-22
4.76662e-21
1.8839e-20
1.59555e-20
1.35282e-20
1.29456e-20
1.18594e-20
8.72438e-21
5.25873e-21
2.36371e-21
1.5639e-22
1.07246e-21
-4.86543e-22
3.51215e-21
2.03988e-20
1.6296e-20
1.39413e-20
1.34319e-20
1.277e-20
9.09443e-21
5.50381e-21
2.59645e-21
2.24633e-22
1.29894e-21
-5.78691e-22
3.87712e-21
1.91176e-20
1.65706e-20
1.42823e-20
1.38561e-20
1.29421e-20
9.42092e-21
5.71822e-21
2.8241e-21
8.36283e-22
1.1061e-21
-3.10532e-22
3.34705e-21
1.92304e-20
1.66112e-20
1.4548e-20
1.40877e-20
1.33462e-20
9.58501e-21
5.89123e-21
3.01605e-21
1.28768e-21
1.20208e-21
-2.92182e-22
4.52821e-21
1.8691e-20
1.66466e-20
1.47599e-20
1.42684e-20
1.30266e-20
9.70895e-21
6.02535e-21
3.16579e-21
1.74852e-21
1.55967e-21
-5.29119e-22
4.41472e-21
1.71224e-20
1.66467e-20
1.49275e-20
1.44558e-20
1.32162e-20
9.84211e-21
6.12354e-21
3.26261e-21
2.3933e-21
1.4374e-21
-4.28777e-22
2.6857e-21
1.5757e-20
1.64033e-20
1.50428e-20
1.46511e-20
1.392e-20
9.98486e-21
6.18323e-21
3.22941e-21
1.63652e-21
1.38969e-21
-5.96951e-22
2.56718e-21
1.19826e-20
1.60832e-20
1.51192e-20
1.48011e-20
1.39151e-20
1.00888e-20
6.20077e-21
3.1473e-21
1.00935e-21
7.36081e-22
-4.90239e-22
2.15878e-21
1.25184e-20
1.60528e-20
1.51618e-20
1.47706e-20
1.41696e-20
1.0033e-20
6.17652e-21
3.01828e-21
2.89679e-22
8.17797e-23
-7.83766e-22
3.43476e-21
1.18585e-20
1.60474e-20
1.51869e-20
1.46972e-20
1.37276e-20
9.93803e-21
6.12025e-21
2.89204e-21
1.68678e-22
-7.34234e-22
-9.13685e-22
3.77234e-21
1.46445e-20
1.62837e-20
1.52049e-20
1.46362e-20
1.38233e-20
9.85175e-21
6.04066e-21
2.85112e-21
1.13798e-23
-8.92058e-23
-7.31915e-22
2.84612e-21
1.72052e-20
1.65601e-20
1.52116e-20
1.45872e-20
1.4466e-20
9.77306e-21
5.93068e-21
2.79736e-21
3.45885e-22
3.52375e-22
-3.5423e-22
3.6212e-21
1.81986e-20
1.68175e-20
1.51924e-20
1.44951e-20
1.44397e-20
9.65304e-21
5.77893e-21
2.68485e-21
3.39384e-22
7.03034e-22
-3.17281e-22
3.49576e-21
2.04898e-20
1.68388e-20
1.51263e-20
1.42224e-20
1.47228e-20
9.37162e-21
5.57754e-21
2.50797e-21
-3.56659e-23
1.1279e-21
-5.77195e-22
4.95189e-21
1.97123e-20
1.67578e-20
1.50203e-20
1.39062e-20
1.43711e-20
9.0498e-21
5.33398e-21
2.2965e-21
1.75431e-23
1.02851e-21
-4.97473e-22
4.81896e-21
1.99264e-20
1.64055e-20
1.48795e-20
1.36004e-20
1.46291e-20
8.73448e-21
5.05492e-21
2.13383e-21
-2.17767e-22
1.20643e-21
-6.11083e-22
3.47621e-21
1.96507e-20
1.60593e-20
1.47186e-20
1.33009e-20
1.55097e-20
8.42041e-21
4.7316e-21
1.92953e-21
-3.16297e-23
9.27954e-22
-3.77153e-22
3.971e-21
1.91608e-20
1.57502e-20
1.45335e-20
1.29433e-20
1.57936e-20
8.05122e-21
4.34887e-21
1.63869e-21
-2.65246e-22
8.92444e-22
-4.15228e-22
3.83131e-21
2.07257e-20
1.52539e-20
1.43047e-20
1.23767e-20
1.64582e-20
7.49698e-21
3.89298e-21
1.2433e-21
-1.03091e-21
1.10789e-21
-7.27755e-22
5.73318e-21
1.98009e-20
1.46663e-20
1.40344e-20
1.17272e-20
1.66016e-20
6.86895e-21
3.36537e-21
7.69669e-22
-1.72152e-21
8.63742e-22
-6.95712e-22
6.95794e-21
2.06454e-20
1.37808e-20
1.37185e-20
1.10266e-20
1.7521e-20
6.19547e-21
2.7678e-21
3.73857e-22
-1.54948e-21
9.86718e-22
-8.57565e-22
8.61467e-21
1.88309e-20
1.27231e-20
1.33601e-20
1.02264e-20
1.79576e-20
5.43477e-21
2.09006e-21
-9.78601e-23
-1.22168e-21
6.75547e-22
-6.71271e-22
7.12903e-21
1.83996e-20
1.13325e-20
1.29584e-20
9.17968e-21
1.88474e-20
4.46197e-21
1.3166e-21
-6.51662e-22
-1.23179e-21
6.42238e-22
-7.51155e-22
6.55926e-21
1.76779e-20
9.83272e-21
1.25397e-20
8.01862e-21
1.92442e-20
3.39114e-21
4.47693e-22
-1.29707e-21
-1.28364e-21
8.74459e-22
-1.09517e-21
6.53379e-21
1.68091e-20
8.21477e-21
1.21178e-20
6.78796e-21
2.03915e-20
2.26232e-21
-5.19625e-22
-2.04259e-21
-1.18072e-21
6.47945e-22
-1.09853e-21
6.82897e-21
1.79321e-20
6.19434e-21
1.16903e-20
5.47269e-21
2.2304e-20
1.06541e-21
-1.59156e-21
-2.98191e-21
-2.58661e-21
5.4625e-22
-1.34456e-21
8.16548e-21
1.74279e-20
3.90583e-21
1.1253e-20
3.9984e-21
2.37721e-20
-2.57644e-22
-2.78353e-21
-4.02655e-21
-3.82215e-21
-5.7472e-24
-1.24333e-21
6.4509e-21
1.51253e-20
9.46501e-22
1.0802e-20
2.20214e-21
2.57708e-20
-1.83231e-21
-4.1022e-21
-5.1905e-21
-5.05313e-21
-2.53585e-22
-1.39749e-21
5.87394e-21
1.34404e-20
-2.36457e-21
1.036e-20
2.16031e-22
2.73707e-20
-3.54291e-21
-5.54459e-21
-6.45758e-21
-6.46974e-21
-1.96532e-22
-1.80784e-21
5.93383e-21
1.20127e-20
-6.15554e-21
9.93362e-21
-1.91106e-21
2.98209e-20
-5.34401e-21
-7.10546e-21
-7.81125e-21
-7.40155e-21
-5.83285e-22
-1.86803e-21
6.25814e-21
1.21484e-20
-1.08399e-20
9.51175e-21
-4.1907e-21
3.31324e-20
-7.24119e-21
-8.78512e-21
-9.18454e-21
-8.65369e-21
-7.89391e-22
-2.16223e-21
7.55214e-21
9.37467e-21
-1.64898e-20
9.08939e-21
-6.70609e-21
3.60333e-20
-9.28637e-21
-1.0595e-20
-1.06826e-20
-9.54936e-21
-1.47745e-21
-2.08174e-21
6.06753e-21
7.20584e-21
-2.34678e-20
8.66739e-21
-9.65082e-21
3.92907e-20
-1.16039e-20
-1.2543e-20
-1.2351e-20
-1.09097e-20
-1.94464e-21
-2.18182e-21
5.34479e-21
4.00832e-21
-3.17464e-20
8.25915e-21
-1.28446e-20
4.21053e-20
-1.40549e-20
-1.46173e-20
-1.41974e-20
-1.27671e-20
-2.22447e-21
-2.35491e-21
4.83454e-21
1.1154e-23
-4.15126e-20
7.87124e-21
-1.62101e-20
4.56809e-20
-1.65743e-20
-1.67986e-20
-1.61907e-20
-1.43696e-20
-3.08423e-21
-2.51999e-21
3.29198e-21
-3.45291e-21
-5.31661e-20
7.48542e-21
-1.97277e-20
4.99297e-20
-1.91477e-20
-1.90666e-20
-1.82401e-20
-1.64938e-20
-3.91875e-21
-3.38302e-21
2.24305e-21
-1.08375e-20
-6.66435e-20
7.07096e-21
-2.3437e-20
5.35099e-20
-2.18036e-20
-2.14046e-20
-2.04213e-20
-1.85028e-20
-5.4042e-21
-4.33528e-21
3.00291e-21
-1.80653e-20
-8.1709e-20
6.58095e-21
-2.74641e-20
5.72182e-20
-2.46263e-20
-2.37891e-20
-2.27346e-20
-2.12691e-20
-6.84859e-21
-5.56515e-21
)
;
    }
    front
    {
        type            wedge;
        value           nonuniform List<scalar> 
11608
(
-1.95804e-21
-4.86898e-21
-7.71027e-21
1.18609e-19
-3.86169e-19
3.49335e-20
3.46017e-19
-6.62812e-20
-6.65171e-20
-5.91528e-20
-3.49453e-20
-1.20572e-20
-1.42598e-21
-4.02226e-21
-6.39184e-21
1.1306e-19
-3.50201e-19
3.4578e-20
2.94494e-19
-4.48723e-20
-4.08751e-20
-3.35092e-20
-1.95649e-20
-3.31998e-21
-7.44257e-22
-1.96832e-21
-2.80693e-21
6.35717e-20
-1.79636e-19
2.26671e-20
1.39054e-19
-7.15865e-21
-1.74397e-21
1.08584e-21
3.1638e-21
1.96615e-21
3.48836e-22
1.39209e-21
4.15613e-21
4.56889e-20
-9.87116e-20
1.92287e-20
7.81873e-20
5.88697e-21
7.29034e-21
5.06164e-21
3.13099e-21
5.11032e-22
2.77077e-21
8.3625e-21
8.57743e-21
4.11486e-20
-5.16148e-20
2.08048e-20
5.02771e-20
8.07975e-21
7.69171e-21
4.43576e-21
2.78026e-21
7.74677e-22
3.27382e-21
9.28116e-21
1.47682e-20
3.58498e-20
-2.16924e-20
2.54994e-20
4.06865e-20
8.45682e-21
6.90757e-21
4.39205e-21
3.01577e-21
8.33404e-22
3.64541e-21
1.04562e-20
1.72256e-20
3.66343e-20
-1.73519e-21
2.9387e-20
3.59234e-20
9.27141e-21
6.82665e-21
4.29245e-21
2.98485e-21
8.00806e-22
2.08097e-21
5.92486e-21
1.60582e-20
2.97501e-20
6.58711e-21
2.74551e-20
3.26354e-20
1.36064e-20
8.91417e-21
3.99145e-21
1.50319e-21
-2.70561e-22
2.44507e-21
7.08925e-21
1.14904e-20
2.49394e-20
5.58538e-21
2.15269e-20
2.66569e-20
1.46863e-20
1.0377e-20
6.2471e-21
3.11872e-21
9.51181e-22
-2.70283e-21
2.13568e-21
5.94717e-21
1.6827e-20
3.89525e-21
1.54994e-20
1.81327e-20
6.93206e-21
3.5404e-21
-8.89939e-22
-1.78775e-21
-1.34462e-21
-1.97763e-21
-5.41056e-21
5.9384e-22
7.57109e-21
1.22745e-21
1.08304e-20
1.31459e-20
5.59421e-21
2.93575e-21
1.28457e-21
2.64543e-22
3.74709e-23
-5.73673e-21
-6.35178e-21
-6.54583e-21
3.32786e-21
-7.6595e-22
6.41654e-21
7.62015e-21
7.00294e-22
-1.59043e-21
-4.60893e-21
-3.97374e-21
-2.01896e-21
-4.08873e-21
-1.11426e-20
-7.60655e-21
-2.91133e-21
-3.80419e-21
2.3552e-21
3.7729e-21
-4.58802e-22
-2.08084e-21
-2.50436e-21
-2.29937e-21
-7.33817e-22
-7.5318e-21
-1.1193e-20
-1.35391e-20
-6.03472e-21
-6.78379e-21
-2.35933e-21
-1.63311e-21
-5.23367e-21
-5.14582e-21
-4.68526e-21
-1.41533e-21
-6.71345e-22
-5.64533e-21
-1.64547e-20
-1.34294e-20
-1.00722e-20
-7.70558e-21
-1.62808e-21
-3.23991e-22
-1.60656e-21
-2.95457e-21
-2.47937e-21
-1.17675e-21
-4.38643e-22
2.91857e-22
-4.91159e-21
-9.95627e-21
-7.36677e-21
-6.3139e-21
-2.03513e-21
-4.3159e-22
-3.66001e-21
-4.32232e-21
-6.695e-21
-5.35086e-21
-2.41407e-21
-7.75254e-21
-1.08054e-20
-1.47251e-20
-1.147e-20
-9.10331e-21
-6.13004e-21
-5.94103e-21
-9.73135e-21
-1.31439e-20
-1.18841e-20
-8.79447e-21
-3.56558e-21
-2.21114e-21
-5.82902e-21
-1.4427e-21
6.97725e-21
1.24975e-21
-2.97882e-22
-3.44416e-21
-9.19672e-21
-1.22317e-20
-1.36067e-20
-8.80192e-21
-2.69919e-21
3.58175e-21
4.92273e-21
5.64519e-21
6.38434e-21
3.28443e-21
9.78363e-22
-3.23475e-21
-7.7724e-21
-8.14592e-21
-7.52228e-21
-1.79139e-21
-5.98991e-22
-4.9809e-21
-3.13001e-21
-4.92516e-21
-2.77698e-21
-2.02593e-21
-2.98678e-21
-5.82957e-21
-1.0142e-20
-1.20886e-20
-1.13794e-20
-7.81869e-21
-3.22291e-21
-8.52682e-21
-1.42378e-20
-1.27339e-20
-8.12728e-21
-8.57979e-21
-7.27412e-21
-7.60823e-21
-7.96825e-21
-5.64851e-21
-5.3394e-21
-2.48352e-21
-9.85772e-22
-3.87521e-21
-9.46323e-21
-7.51776e-21
-1.90848e-21
2.6829e-21
-1.66267e-21
-5.69821e-21
-1.01398e-20
-1.03167e-20
-1.21638e-20
-5.95665e-21
-1.81337e-21
-6.53671e-21
-8.33175e-21
-9.91681e-21
-4.90653e-21
-9.04417e-22
-3.83956e-21
-8.25144e-21
-1.26458e-20
-1.45986e-20
-1.51156e-20
-1.19417e-20
-4.25265e-21
-8.27133e-21
-1.31834e-20
-1.3807e-20
-9.47404e-21
-9.21096e-21
-8.5633e-21
-1.04061e-20
-1.3626e-20
-1.50276e-20
-1.38613e-20
-9.87608e-21
-3.84926e-21
-1.00256e-20
-1.75212e-20
-1.77239e-20
-1.2836e-20
-1.12686e-20
-9.28786e-21
-1.01762e-20
-1.04351e-20
-8.95903e-21
-1.11816e-20
-1.08648e-20
-4.14813e-21
-4.35176e-21
-1.2104e-20
-9.93619e-21
-6.42603e-21
-7.1584e-21
-1.02074e-20
-9.95814e-21
-1.13624e-20
-1.08313e-20
-1.2869e-20
-7.6886e-21
-2.24017e-21
2.21124e-21
1.85238e-22
-2.73262e-21
-2.97626e-21
-2.62677e-21
-6.8184e-21
-8.86672e-21
-1.21342e-20
-1.37828e-20
-1.39871e-20
-9.08343e-21
-3.59898e-21
-5.98425e-21
-5.88142e-21
-8.88849e-21
-6.24703e-21
-6.17474e-21
-6.61267e-21
-9.83439e-21
-1.31943e-20
-1.42733e-20
-1.40581e-20
-1.02347e-20
-4.01803e-21
-9.10632e-21
-1.58832e-20
-1.51816e-20
-1.1569e-20
-1.08155e-20
-1.15991e-20
-1.39262e-20
-1.72253e-20
-1.76452e-20
-1.67219e-20
-1.13528e-20
-4.35052e-21
-6.02273e-21
-1.69631e-20
-1.25738e-20
-1.25179e-20
-9.0441e-21
-9.87936e-21
-9.71172e-21
-1.09242e-20
-1.12321e-20
-1.14372e-20
-7.87402e-21
-3.17728e-21
8.61702e-22
-3.51234e-21
-8.72124e-21
-7.34092e-21
-7.78326e-21
-8.28495e-21
-8.65114e-21
-9.54537e-21
-1.03067e-20
-1.12448e-20
-7.70472e-21
-3.0438e-21
-7.0719e-21
-7.88149e-21
-1.26979e-20
-1.00255e-20
-9.21384e-21
-9.65041e-21
-1.09629e-20
-1.29605e-20
-1.20142e-20
-1.06451e-20
-5.40428e-21
-1.94615e-21
-1.25614e-20
-1.9284e-20
-1.78197e-20
-1.31556e-20
-1.1974e-20
-1.25388e-20
-1.44918e-20
-1.78147e-20
-1.95555e-20
-1.64951e-20
-1.0157e-20
-3.94647e-21
-9.64594e-21
-1.67758e-20
-1.84272e-20
-1.4575e-20
-1.33049e-20
-1.35646e-20
-1.51663e-20
-1.8327e-20
-2.13484e-20
-1.76478e-20
-1.19467e-20
-4.43117e-21
-1.28249e-20
-1.89368e-20
-1.94397e-20
-1.43734e-20
-1.25304e-20
-1.21632e-20
-1.2896e-20
-1.48226e-20
-1.57492e-20
-1.49326e-20
-1.07661e-20
-4.11734e-21
-4.02886e-21
-1.07936e-20
-1.19843e-20
-1.18119e-20
-1.19714e-20
-1.30123e-20
-1.52137e-20
-1.54188e-20
-1.3897e-20
-1.1981e-20
-6.52852e-21
-2.20581e-21
-9.98384e-21
-1.1597e-20
-1.45792e-20
-1.26076e-20
-1.34507e-20
-1.5514e-20
-1.82975e-20
-2.10887e-20
-1.94106e-20
-1.94498e-20
-1.44328e-20
-5.14789e-21
-5.6752e-21
-1.20105e-20
-1.32102e-20
-1.30357e-20
-1.44812e-20
-1.66673e-20
-1.91805e-20
-2.18071e-20
-2.22584e-20
-1.84154e-20
-1.2263e-20
-4.09362e-21
-8.3377e-21
-1.30703e-20
-1.65785e-20
-1.46065e-20
-1.49201e-20
-1.61876e-20
-1.78785e-20
-1.99916e-20
-2.04263e-20
-1.60306e-20
-9.37386e-21
-3.22836e-21
-6.28862e-21
-1.45273e-20
-1.69435e-20
-1.54962e-20
-1.51558e-20
-1.55495e-20
-1.61438e-20
-1.63735e-20
-1.41999e-20
-1.26737e-20
-8.03155e-21
-2.90158e-21
-6.55153e-21
-1.24376e-20
-1.62501e-20
-1.5673e-20
-1.57858e-20
-1.64409e-20
-1.74743e-20
-1.88205e-20
-1.74381e-20
-1.69349e-20
-1.21696e-20
-4.47046e-21
-9.42601e-21
-1.67036e-20
-1.97622e-20
-1.73966e-20
-1.69838e-20
-1.75419e-20
-1.88068e-20
-2.08672e-20
-2.00842e-20
-1.71558e-20
-1.12075e-20
-3.8268e-21
-5.41913e-21
-1.45212e-20
-1.59045e-20
-1.63122e-20
-1.68057e-20
-1.76238e-20
-1.86798e-20
-1.80801e-20
-1.97178e-20
-1.53304e-20
-1.00984e-20
-3.07626e-21
-3.41733e-21
-7.42326e-21
-1.34793e-20
-1.47607e-20
-1.57552e-20
-1.66728e-20
-1.73613e-20
-1.70429e-20
-1.45899e-20
-1.36164e-20
-8.69927e-21
-3.05818e-21
-1.03298e-20
-1.54178e-20
-1.81571e-20
-1.56828e-20
-1.54853e-20
-1.59069e-20
-1.62883e-20
-1.65272e-20
-1.42122e-20
-1.23124e-20
-7.83383e-21
-2.82557e-21
-7.30232e-21
-1.53518e-20
-1.68117e-20
-1.54402e-20
-1.53791e-20
-1.59549e-20
-1.69333e-20
-1.83996e-20
-1.79851e-20
-1.6526e-20
-1.16958e-20
-4.2918e-21
-1.02122e-20
-1.59803e-20
-1.81781e-20
-1.54649e-20
-1.51822e-20
-1.57787e-20
-1.6781e-20
-1.8e-20
-1.77887e-20
-1.62417e-20
-1.13087e-20
-4.31234e-21
-5.59591e-21
-1.4057e-20
-1.57551e-20
-1.47637e-20
-1.47515e-20
-1.52748e-20
-1.59916e-20
-1.67131e-20
-1.60664e-20
-1.54003e-20
-1.1413e-20
-4.27623e-21
-5.0071e-21
-1.07042e-20
-1.53893e-20
-1.4914e-20
-1.48e-20
-1.51235e-20
-1.56839e-20
-1.63768e-20
-1.58229e-20
-1.48602e-20
-1.02903e-20
-3.95922e-21
-6.62965e-21
-1.30839e-20
-1.60284e-20
-1.50674e-20
-1.48011e-20
-1.49858e-20
-1.54792e-20
-1.62535e-20
-1.59914e-20
-1.54491e-20
-1.20336e-20
-4.48177e-21
-3.27666e-21
-7.26897e-21
-7.82891e-21
-7.39277e-21
-7.28516e-21
-7.31473e-21
-7.37704e-21
-7.32273e-21
-7.41283e-21
-6.52201e-21
-3.99987e-21
-1.50129e-21
-3.10638e-21
-6.99783e-21
-7.58133e-21
-7.26289e-21
-7.31314e-21
-7.65227e-21
-8.55365e-21
-9.514e-21
-8.99901e-21
-7.0373e-21
-4.60635e-21
-1.5998e-21
-2.38134e-21
-5.58097e-21
-7.15544e-21
-7.09768e-21
-7.28607e-21
-7.74246e-21
-8.47945e-21
-9.33546e-21
-7.2248e-21
-6.46223e-21
-3.92808e-21
-1.45394e-21
-2.95331e-21
-5.42096e-21
-7.21724e-21
-7.04323e-21
-7.22096e-21
-7.63597e-21
-8.2128e-21
-8.72106e-21
-8.72217e-21
-7.29983e-21
-4.52078e-21
-1.60871e-21
-4.55104e-21
-7.68392e-21
-8.25928e-21
-7.23957e-21
-7.18133e-21
-7.49914e-21
-7.97707e-21
-8.48912e-21
-8.73503e-21
-7.05675e-21
-4.78142e-21
-1.6354e-21
-5.66209e-21
-1.07357e-20
-9.63507e-21
-7.88372e-21
-7.484e-21
-7.62058e-21
-8.05207e-21
-8.69309e-21
-8.16518e-21
-7.13857e-21
-4.32659e-21
-1.6134e-21
-3.61538e-21
-9.48246e-21
-8.70934e-21
-8.06359e-21
-8.30965e-21
-8.61714e-21
-9.11781e-21
-8.68894e-21
-7.89542e-21
-5.61713e-21
-3.31365e-21
-9.1343e-22
-1.89229e-21
-4.74254e-21
-6.34252e-21
-5.39143e-21
-6.14348e-21
-6.23204e-21
-6.95184e-21
-6.09334e-21
-5.46998e-21
-3.26543e-21
-1.71694e-21
-2.95081e-22
-1.06433e-21
-2.89107e-21
-3.99014e-21
-4.78309e-21
-3.64435e-21
-3.91028e-21
-3.89814e-21
-3.60369e-21
-2.94647e-21
-1.21525e-21
-3.88592e-22
1.15275e-22
-5.2614e-22
-1.37831e-21
-1.50407e-21
-7.24135e-22
-2.55857e-22
-9.9047e-22
-1.76922e-21
-1.02277e-21
3.03557e-23
1.40627e-21
2.06509e-21
1.01935e-21
-2.28075e-22
-4.35994e-22
5.90627e-23
1.93137e-21
2.74735e-21
1.11451e-21
-2.35044e-22
5.78961e-22
1.41218e-21
2.7475e-21
3.27969e-21
1.33593e-21
-1.08333e-22
-3.73498e-23
8.30034e-22
3.35982e-21
5.21416e-21
4.09402e-21
3.6699e-21
3.03401e-21
2.69633e-21
2.94295e-21
2.12826e-21
9.33584e-22
4.04812e-23
3.04905e-22
1.11914e-21
1.79091e-21
4.77615e-21
4.30462e-21
4.60573e-21
3.90844e-21
3.63257e-21
3.37605e-21
2.19525e-21
9.01571e-22
2.59276e-22
7.76361e-22
1.53879e-21
2.18149e-21
2.08399e-21
3.80928e-21
3.56501e-21
4.03695e-21
3.74335e-21
3.43936e-21
2.1679e-21
9.39804e-22
5.60548e-22
1.66516e-21
3.27495e-21
4.94469e-21
5.22116e-21
5.92982e-21
5.36419e-21
5.47635e-21
5.24936e-21
4.83932e-21
3.10808e-21
1.18426e-21
8.41369e-22
2.44704e-21
4.51632e-21
5.98906e-21
6.02207e-21
4.22321e-21
4.57454e-21
5.40652e-21
5.57557e-21
4.37495e-21
2.84517e-21
8.80311e-22
9.41615e-22
2.6788e-21
4.42571e-21
5.85772e-21
5.09354e-21
4.20002e-21
5.02625e-21
5.64425e-21
5.19065e-21
4.31118e-21
2.70815e-21
1.00194e-21
1.02608e-21
2.94932e-21
5.00714e-21
6.27532e-21
6.66572e-21
6.45123e-21
5.90969e-21
5.53594e-21
4.44193e-21
4.31476e-21
2.98418e-21
1.13075e-21
1.03636e-21
2.97579e-21
4.93945e-21
6.83886e-21
7.21627e-21
7.22847e-21
6.60887e-21
6.50933e-21
5.61324e-21
5.06033e-21
3.46112e-21
1.27708e-21
1.11564e-21
3.21705e-21
5.52526e-21
7.15646e-21
7.90155e-21
7.58215e-21
6.86281e-21
6.92966e-21
6.60741e-21
5.56616e-21
3.81329e-21
1.36273e-21
1.20082e-21
3.44083e-21
5.78852e-21
8.19086e-21
9.071e-21
9.48124e-21
9.37746e-21
8.32662e-21
6.82435e-21
5.5001e-21
3.21773e-21
1.26066e-21
1.2907e-21
3.73581e-21
6.47757e-21
8.68998e-21
1.03016e-20
1.03851e-20
1.0422e-20
8.89589e-21
7.47644e-21
6.14369e-21
3.88361e-21
1.433e-21
1.71301e-21
4.76065e-21
8.4288e-21
9.84842e-21
1.03e-20
9.59588e-21
8.45794e-21
7.90841e-21
6.61819e-21
5.19056e-21
3.46567e-21
1.06539e-21
9.30549e-22
8.753e-22
3.9692e-21
7.11861e-21
8.30166e-21
8.19507e-21
8.06547e-21
8.44425e-21
8.04322e-21
6.16315e-21
3.2258e-21
1.19871e-21
1.03622e-22
1.40815e-21
2.30296e-21
5.64613e-21
7.05238e-21
6.70639e-21
6.948e-21
7.36957e-21
7.20736e-21
5.17468e-21
2.84097e-21
9.11163e-22
-1.20181e-22
1.52119e-21
3.55031e-21
5.7384e-21
5.47122e-21
6.76095e-21
7.0778e-21
7.31748e-21
6.40415e-21
5.98212e-21
4.58859e-21
1.70336e-21
2.08835e-22
2.90972e-22
3.86976e-21
6.26895e-21
7.15997e-21
7.79358e-21
7.19483e-21
6.66845e-21
5.88587e-21
4.68945e-21
3.25828e-21
1.00875e-21
4.05018e-21
3.82966e-21
7.30192e-21
5.82507e-21
5.41562e-21
4.13501e-21
5.14733e-21
5.83954e-21
5.34903e-21
4.56636e-21
2.82061e-21
1.04716e-21
1.659e-21
6.1426e-21
4.89126e-21
3.54165e-21
2.05686e-21
1.80888e-21
3.36331e-21
4.33165e-21
4.44517e-21
3.3863e-21
2.12339e-21
6.71119e-22
4.91648e-23
1.68985e-21
2.49784e-21
4.69938e-21
5.19257e-21
4.7556e-21
4.27199e-21
4.51344e-21
3.521e-21
3.61471e-21
2.48385e-21
9.56176e-22
5.32366e-22
1.0167e-21
3.64044e-21
5.11385e-21
6.59464e-21
5.31384e-21
4.80999e-21
4.57275e-21
3.94911e-21
3.26771e-21
2.13975e-21
6.86965e-22
2.99787e-22
-1.66498e-21
1.93888e-21
3.59726e-21
3.83975e-21
4.12801e-21
4.28978e-21
4.69583e-21
4.51419e-21
3.88191e-21
2.53287e-21
9.5458e-22
-1.03583e-21
-1.72944e-23
1.48609e-21
2.93608e-21
3.14069e-21
2.97916e-21
3.33734e-21
3.75627e-21
3.63687e-21
2.87601e-21
1.84816e-21
5.88135e-22
-5.78816e-22
5.62688e-23
1.15167e-21
3.27367e-21
3.22972e-21
3.33211e-21
3.42105e-21
3.94752e-21
3.63851e-21
3.34654e-21
2.24934e-21
8.74447e-22
-2.60391e-22
-6.9067e-22
1.8428e-21
3.24725e-21
4.01408e-21
3.66057e-21
3.4974e-21
3.60973e-21
3.43608e-21
2.73619e-21
1.78848e-21
5.74774e-22
1.81829e-21
2.31258e-22
2.62698e-21
2.51774e-21
2.64865e-21
2.57309e-21
3.16724e-21
3.76131e-21
3.60397e-21
3.33716e-21
2.24284e-21
8.72134e-22
6.31164e-22
2.86336e-21
2.09802e-21
1.96231e-21
1.69021e-21
1.92547e-21
2.63877e-21
3.33375e-21
3.44361e-21
2.81293e-21
1.85694e-21
5.93627e-22
8.67228e-22
2.27866e-21
2.93645e-21
2.80478e-21
1.72521e-21
1.15444e-21
1.5783e-21
2.24496e-21
2.25011e-21
1.80385e-21
1.07893e-21
3.29111e-22
-3.35893e-22
9.3252e-22
1.76982e-21
3.02221e-21
2.29147e-21
2.06588e-21
2.16124e-21
2.71853e-21
2.52626e-21
2.47962e-21
1.72082e-21
7.12191e-22
-1.71832e-22
-4.2579e-22
1.97185e-21
2.96942e-21
3.30718e-21
2.71212e-21
2.55815e-21
2.5748e-21
2.48863e-21
2.0495e-21
1.51315e-21
4.77271e-22
1.79297e-21
1.61116e-22
2.42343e-21
2.05626e-21
1.90235e-21
1.58168e-21
2.00589e-21
2.57116e-21
2.37717e-21
1.88031e-21
6.76077e-22
2.62682e-22
7.13109e-22
3.08211e-21
2.00559e-21
1.47342e-21
6.05733e-22
4.76968e-22
1.0346e-21
1.80588e-21
1.98209e-21
1.47966e-21
7.01859e-22
2.50016e-22
-3.35975e-22
7.89818e-22
1.01455e-21
1.95544e-21
1.30958e-21
1.3494e-21
1.67353e-21
2.4219e-21
2.38087e-21
2.43837e-21
1.83154e-21
7.39201e-22
2.61022e-23
-2.56819e-23
1.80117e-21
2.32382e-21
2.49874e-21
2.09038e-21
2.16136e-21
2.35191e-21
2.36542e-21
1.95245e-21
1.33639e-21
4.35751e-22
-1.32633e-22
-1.42782e-21
6.64772e-22
1.68104e-21
1.70227e-21
1.59995e-21
1.91187e-21
2.57017e-21
2.614e-21
2.61932e-21
1.82283e-21
7.42875e-22
-7.9752e-22
-7.29273e-22
-1.65568e-22
7.63684e-22
7.70691e-22
4.76909e-22
9.37836e-22
1.789e-21
2.15603e-21
1.87828e-21
1.29692e-21
4.2376e-22
-1.01629e-21
-9.13843e-22
-5.98016e-22
9.23648e-22
9.06313e-22
1.14699e-21
1.51711e-21
2.33815e-21
2.37989e-21
2.4623e-21
1.73582e-21
7.17581e-22
-5.13054e-22
-1.36163e-21
7.42513e-22
1.84281e-21
2.41936e-21
2.14186e-21
2.24128e-21
2.37331e-21
2.31753e-21
1.92463e-21
1.31111e-21
4.2862e-22
1.64786e-21
-1.76426e-22
2.23306e-21
2.59908e-21
1.75117e-21
1.35879e-21
1.92427e-21
2.69938e-21
2.79905e-21
2.74105e-21
1.88396e-21
7.60775e-22
4.05183e-22
2.13805e-21
4.96724e-22
-1.34827e-22
-1.74846e-22
4.17336e-22
1.26715e-21
2.25195e-21
2.69324e-21
2.24433e-21
1.50382e-21
4.79603e-22
4.72785e-22
9.36079e-22
-2.33375e-22
-2.61003e-21
-1.35007e-21
-8.59389e-22
-2.43767e-23
1.00137e-21
1.23944e-21
1.07939e-21
6.49912e-22
1.9821e-22
-7.34194e-22
-4.20514e-22
-8.98546e-22
-1.14184e-21
3.16759e-22
1.13157e-22
4.36705e-23
1.54499e-21
1.58553e-21
1.84412e-21
1.36433e-21
5.91021e-22
-4.27359e-22
-1.24898e-21
5.86768e-22
6.9062e-22
3.59152e-21
2.22631e-22
-1.9446e-22
1.56818e-21
1.56526e-21
1.44284e-21
1.08206e-21
4.75678e-22
1.75871e-21
7.83891e-23
2.46579e-21
-6.09123e-21
2.77275e-20
-4.4354e-22
-2.28374e-20
7.4184e-21
9.04898e-21
9.15545e-21
7.63515e-21
4.7068e-21
2.19339e-22
1.4256e-21
6.54139e-22
-5.72696e-21
1.98138e-20
-1.23821e-21
-1.8165e-20
4.70771e-21
5.50782e-21
5.67848e-21
4.90797e-21
2.99625e-21
3.65609e-22
1.0587e-21
7.88475e-22
-6.96157e-21
2.35762e-20
-1.87706e-21
-2.17428e-20
5.30429e-21
5.87787e-21
5.86006e-21
4.421e-21
1.26413e-21
3.09344e-22
7.81093e-22
7.92925e-22
-7.5137e-21
2.52568e-20
-2.04062e-21
-2.28453e-20
5.30206e-21
5.64108e-21
5.18552e-21
3.50281e-21
5.1287e-22
2.28731e-22
5.92916e-22
7.29987e-22
-7.63248e-21
2.54449e-20
-2.04242e-21
-2.24999e-20
5.02511e-21
5.11866e-21
4.44567e-21
2.81144e-21
2.77289e-22
1.78119e-22
4.78892e-22
6.58188e-22
-7.61074e-21
2.51385e-20
-2.07988e-21
-2.17104e-20
4.72934e-21
4.59938e-21
3.8966e-21
2.39776e-21
2.24981e-22
1.51961e-22
4.15015e-22
6.07072e-22
-7.55241e-21
2.487e-20
-2.03007e-21
-2.12775e-20
4.33173e-21
4.37051e-21
3.39656e-21
1.95927e-21
1.59317e-22
1.38461e-22
3.80801e-22
5.81146e-22
-7.48401e-21
2.46423e-20
-1.74086e-21
-2.0735e-20
4.07492e-21
3.9364e-21
3.05992e-21
1.70268e-21
1.48583e-22
1.3251e-22
3.65072e-22
5.7276e-22
-7.43725e-21
2.44244e-20
-1.80402e-21
-1.99117e-20
3.91215e-21
3.55778e-21
2.84528e-21
1.7264e-21
3.71507e-22
1.30474e-22
3.60116e-22
5.74194e-22
-7.40799e-21
2.42286e-20
-1.84159e-21
-1.94701e-20
3.76654e-21
3.42659e-21
2.74149e-21
1.75584e-21
5.34761e-22
1.31007e-22
3.60807e-22
5.78585e-22
-7.38647e-21
2.40577e-20
-1.82368e-21
-1.90691e-20
3.64607e-21
3.31752e-21
2.67653e-21
1.77641e-21
6.53197e-22
1.32578e-22
3.63958e-22
5.83418e-22
-7.369e-21
2.38846e-20
-1.81204e-21
-1.87001e-20
3.5467e-21
3.22723e-21
2.62508e-21
1.78796e-21
7.43498e-22
1.33534e-22
3.66938e-22
5.87297e-22
-7.34948e-21
2.37021e-20
-1.79836e-21
-1.83638e-20
3.45657e-21
3.14656e-21
2.57777e-21
1.79248e-21
8.15575e-22
1.41227e-22
3.77547e-22
5.9274e-22
-7.32575e-21
2.34974e-20
-1.78442e-21
-1.80503e-20
3.36717e-21
3.06718e-21
2.53345e-21
1.79306e-21
8.71283e-22
5.02496e-23
3.27559e-22
5.85381e-22
-7.28499e-21
2.32441e-20
-1.75689e-21
-1.77555e-20
3.22247e-21
2.93916e-21
2.48741e-21
1.78898e-21
8.808e-22
1.19453e-22
6.38308e-22
6.27214e-22
-7.23987e-21
2.32899e-20
-1.71277e-21
-1.73452e-20
3.57679e-21
3.30457e-21
2.63949e-21
1.96872e-21
1.23967e-21
6.70635e-22
6.82586e-22
6.55069e-22
-7.22836e-21
2.28462e-20
-1.72668e-21
-1.70622e-20
3.60242e-21
3.32809e-21
2.64438e-21
1.99644e-21
1.35192e-21
2.80866e-22
5.87947e-22
6.4994e-22
-7.20233e-21
2.24286e-20
-1.74249e-21
-1.68518e-20
3.2721e-21
3.02811e-21
2.57352e-21
1.9553e-21
1.1799e-21
1.79945e-22
4.91178e-22
6.28164e-22
-7.13821e-21
2.22634e-20
-1.71678e-21
-1.66167e-20
3.21835e-21
2.98935e-21
2.54504e-21
1.95395e-21
1.23842e-21
1.5425e-22
4.25741e-22
5.965e-22
-7.07366e-21
2.20144e-20
-1.69562e-21
-1.63916e-20
3.13524e-21
2.92061e-21
2.51143e-21
1.95255e-21
1.26799e-21
1.41364e-22
3.85767e-22
5.70037e-22
-7.00262e-21
2.17671e-20
-1.66788e-21
-1.61678e-20
3.06901e-21
2.86546e-21
2.48109e-21
1.95157e-21
1.30079e-21
1.31605e-22
3.59444e-22
5.47619e-22
-6.92915e-21
2.15077e-20
-1.64274e-21
-1.59493e-20
3.01109e-21
2.81659e-21
2.45236e-21
1.94982e-21
1.33113e-21
1.29636e-22
3.47411e-22
5.30382e-22
-6.85734e-21
2.12353e-20
-1.62174e-21
-1.57347e-20
2.96207e-21
2.77453e-21
2.42686e-21
1.94754e-21
1.35933e-21
3.85744e-23
2.83577e-22
5.10291e-22
-6.75609e-21
2.10207e-20
-1.59756e-21
-1.55493e-20
2.87866e-21
2.72267e-21
2.41384e-21
1.98394e-21
1.40339e-21
9.72493e-23
5.96246e-22
5.01403e-22
-6.82668e-21
2.07291e-20
-1.71098e-21
-1.52431e-20
2.92867e-21
2.74179e-21
2.30948e-21
1.85234e-21
1.30275e-21
6.39725e-22
6.43728e-22
6.19556e-22
-6.88711e-21
1.98046e-20
-1.68793e-21
-1.51778e-20
2.92414e-21
2.68231e-21
2.24906e-21
1.69162e-21
1.26776e-21
2.18894e-22
3.37396e-22
6.32624e-22
-6.01194e-21
1.96153e-20
-1.68105e-21
-1.5168e-20
2.8035e-21
2.61754e-21
2.25032e-21
1.79906e-21
1.32267e-21
6.01443e-22
9.77826e-22
8.69972e-22
-6.43817e-21
1.99289e-20
-1.76874e-21
-1.47601e-20
2.74118e-21
2.57477e-21
2.25846e-21
1.85696e-21
1.38265e-21
1.62057e-22
1.08544e-21
5.13272e-22
-6.68324e-21
1.96258e-20
-1.54754e-21
-1.44046e-20
2.75112e-21
2.5562e-21
2.25808e-21
1.87561e-21
1.42508e-21
1.78946e-24
-1.11321e-22
4.83053e-22
-6.24868e-21
1.92962e-20
-1.28685e-21
-1.44471e-20
2.57447e-21
2.49246e-21
2.24036e-21
1.88796e-21
1.45985e-21
-4.41848e-23
-2.09316e-22
2.40722e-22
-6.06755e-21
1.86161e-20
-1.51788e-21
-1.44656e-20
2.54644e-21
2.44385e-21
2.2172e-21
1.89129e-21
1.48714e-21
5.10257e-22
5.5126e-22
6.4727e-22
-6.27318e-21
1.88482e-20
-1.4603e-21
-1.39341e-20
2.57621e-21
2.42744e-21
2.20196e-21
1.89179e-21
1.51112e-21
3.36276e-22
1.28811e-21
5.81298e-22
-5.80597e-21
1.8599e-20
-1.60826e-21
-1.3852e-20
2.48557e-21
2.39059e-21
2.20602e-21
1.94325e-21
1.55949e-21
6.32115e-23
5.38008e-22
3.32983e-22
-6.37513e-21
1.80267e-20
-1.61931e-21
-1.36605e-20
2.56643e-21
2.44457e-21
2.12292e-21
1.82281e-21
1.46191e-21
5.12909e-22
2.87171e-22
2.69795e-22
-6.20795e-21
1.74589e-20
-1.44902e-21
-1.34113e-20
2.75498e-21
2.45399e-21
2.08259e-21
1.65479e-21
1.4138e-21
1.58576e-22
3.0302e-22
3.02854e-22
-5.98242e-21
1.7434e-20
-1.43813e-21
-1.32651e-20
2.59437e-21
2.40712e-21
2.10099e-21
1.7709e-21
1.46597e-21
8.98384e-23
2.55302e-22
3.20748e-22
-5.8237e-21
1.73047e-20
-1.40345e-21
-1.31317e-20
2.49611e-21
2.36938e-21
2.12849e-21
1.85039e-21
1.53464e-21
8.34962e-23
2.32102e-22
3.33934e-22
-5.68502e-21
1.7083e-20
-1.38149e-21
-1.29897e-20
2.45247e-21
2.34623e-21
2.14004e-21
1.87936e-21
1.58022e-21
8.2102e-23
2.23674e-22
3.42121e-22
-5.56724e-21
1.68594e-20
-1.36034e-21
-1.28452e-20
2.4064e-21
2.32127e-21
2.14137e-21
1.90083e-21
1.6153e-21
7.93772e-23
2.18096e-22
3.43372e-22
-5.4651e-21
1.6626e-20
-1.34039e-21
-1.26975e-20
2.36603e-21
2.29573e-21
2.13649e-21
1.91455e-21
1.64262e-21
7.8055e-23
2.15944e-22
3.43201e-22
-5.37133e-21
1.63918e-20
-1.31115e-21
-1.25491e-20
2.32723e-21
2.26907e-21
2.12702e-21
1.92167e-21
1.66322e-21
7.14828e-23
2.00684e-22
3.34721e-22
-5.2839e-21
1.61427e-20
-1.25126e-21
-1.23826e-20
2.30022e-21
2.24586e-21
2.11462e-21
1.92056e-21
1.66951e-21
1.15723e-22
3.20659e-22
4.05623e-22
-5.03343e-21
1.58655e-20
-1.63856e-21
-1.23604e-20
2.16883e-21
2.19678e-21
2.09871e-21
1.93229e-21
1.72933e-21
-2.23994e-22
-2.71172e-23
-6.65998e-23
-5.50361e-21
1.55463e-20
-1.2692e-21
-1.21565e-20
2.15312e-21
2.16591e-21
2.08999e-21
1.95397e-21
1.78715e-21
-2.30048e-22
-6.2557e-22
-1.46365e-22
-5.60871e-21
1.54458e-20
-1.18844e-21
-1.23894e-20
2.00767e-21
2.12288e-21
2.08211e-21
1.97379e-21
1.82658e-21
-1.9142e-22
-4.8582e-22
-3.60223e-22
-5.55269e-21
1.49234e-20
-1.47716e-21
-1.20109e-20
2.11474e-21
2.12053e-21
2.07985e-21
1.98533e-21
1.84595e-21
2.73085e-22
1.47706e-22
1.93526e-22
-5.47518e-21
1.49845e-20
-1.34202e-21
-1.15253e-20
2.12473e-21
2.1111e-21
2.07078e-21
1.98469e-21
1.84956e-21
-5.57539e-24
5.94592e-22
2.87144e-22
-4.16798e-21
1.4959e-20
-1.24578e-21
-1.1524e-20
2.10376e-21
2.09803e-21
2.05892e-21
1.97679e-21
1.84425e-21
-8.74891e-23
-2.67217e-22
1.28815e-22
-4.99769e-21
1.46289e-20
-9.38713e-22
-1.14578e-20
2.01721e-21
2.07441e-21
2.04627e-21
1.96682e-21
1.83555e-21
-7.04265e-23
-9.48879e-23
-1.44066e-22
-5.31159e-21
1.36037e-20
-1.17692e-21
-1.12143e-20
2.09274e-21
2.07087e-21
2.03718e-21
1.95837e-21
1.82793e-21
-1.14494e-22
-2.51076e-22
1.17132e-22
-4.92753e-21
1.37503e-20
-1.37551e-21
-1.10141e-20
2.00143e-21
2.00192e-21
1.99365e-21
1.92545e-21
1.7943e-21
1.51749e-22
7.05314e-22
4.9613e-22
-4.22559e-21
1.42246e-20
-1.2327e-21
-1.09989e-20
2.11245e-21
2.15443e-21
2.10608e-21
2.0276e-21
1.86941e-21
6.7952e-22
9.15444e-22
6.23433e-22
-4.29012e-21
1.37677e-20
-1.18122e-21
-1.07495e-20
2.3187e-21
2.35365e-21
2.19052e-21
2.0954e-21
2.0291e-21
2.61424e-22
6.12425e-22
5.71811e-22
-4.30382e-21
1.34047e-20
-1.14839e-21
-1.05962e-20
2.24378e-21
2.29741e-21
2.21857e-21
2.11598e-21
1.97904e-21
1.51887e-22
4.19961e-22
4.94524e-22
-4.22338e-21
1.33315e-20
-1.08379e-21
-1.04521e-20
2.18816e-21
2.25132e-21
2.21272e-21
2.11279e-21
1.95581e-21
1.15123e-22
3.15487e-22
4.23733e-22
-4.16559e-21
1.31674e-20
-1.03985e-21
-1.03172e-20
2.14555e-21
2.21188e-21
2.19116e-21
2.09928e-21
1.94377e-21
9.50269e-23
2.59664e-22
3.76432e-22
-4.10748e-21
1.3001e-20
-1.00576e-21
-1.01871e-20
2.11053e-21
2.17621e-21
2.16373e-21
2.08055e-21
1.93239e-21
8.21935e-23
2.27114e-22
3.44414e-22
-4.05231e-21
1.28249e-20
-9.81128e-22
-1.00605e-20
2.07981e-21
2.14343e-21
2.13491e-21
2.05891e-21
1.91817e-21
7.4052e-23
2.05847e-22
3.21038e-22
-3.99949e-21
1.26463e-20
-9.59617e-22
-9.94049e-21
2.04491e-21
2.10541e-21
2.09922e-21
2.02856e-21
1.89867e-21
7.57722e-23
2.09983e-22
3.08852e-22
-3.96146e-21
1.24404e-20
-9.86368e-22
-9.81197e-21
2.03391e-21
2.1034e-21
2.0841e-21
1.97855e-21
1.9352e-21
4.09392e-23
2.17076e-22
2.6602e-22
-3.87302e-21
1.23543e-20
-9.63613e-22
-9.71719e-21
1.83822e-21
1.95632e-21
1.94343e-21
2.00221e-21
1.75618e-21
8.44702e-23
1.40081e-22
4.85437e-22
-3.66814e-21
1.22688e-20
-8.204e-22
-9.80138e-21
1.73488e-21
1.72731e-21
1.82816e-21
1.83941e-21
1.64115e-21
-1.14636e-22
2.30194e-22
1.7125e-22
-3.65031e-21
1.21677e-20
-7.86204e-22
-9.44654e-21
1.76615e-21
1.73979e-21
1.74491e-21
1.67955e-21
1.71139e-21
-1.11156e-22
-2.43373e-22
1.16869e-22
-3.99329e-21
1.18145e-20
-5.44164e-22
-9.31912e-21
1.68046e-21
1.71166e-21
1.70541e-21
1.67806e-21
1.65773e-21
-1.45423e-22
-3.37989e-22
-2.08921e-22
-3.95713e-21
1.11216e-20
-9.69565e-22
-9.76313e-21
1.58091e-21
1.66659e-21
1.68452e-21
1.67596e-21
1.65474e-21
3.62819e-22
1.812e-22
3.24159e-22
-3.97108e-21
1.13822e-20
-1.24421e-21
-9.56989e-21
1.53792e-21
1.63448e-21
1.67013e-21
1.67223e-21
1.64742e-21
3.87653e-22
1.09714e-21
4.4134e-22
-3.2882e-21
1.14584e-20
-8.67851e-22
-9.04262e-21
1.63343e-21
1.65163e-21
1.67129e-21
1.67064e-21
1.63963e-21
4.94375e-23
2.19274e-22
2.53564e-22
-3.68879e-21
1.10636e-20
-9.86234e-22
-9.09428e-21
1.52753e-21
1.63012e-21
1.66815e-21
1.67222e-21
1.63282e-21
-7.34977e-23
-2.85646e-22
-3.29546e-22
-4.37353e-21
9.93812e-21
-1.53852e-21
-9.5759e-21
1.36016e-21
1.58543e-21
1.65944e-21
1.70734e-21
1.62815e-21
-5.06298e-23
8.49153e-24
-3.33587e-22
-4.68104e-21
9.63442e-21
-1.58116e-21
-9.16461e-21
1.68454e-21
1.68269e-21
1.56261e-21
1.43935e-21
1.48101e-21
2.33665e-22
1.97394e-22
-5.32146e-23
-3.88469e-21
9.86806e-21
-1.31534e-21
-8.77368e-21
1.81309e-21
1.68621e-21
1.57241e-21
1.39824e-21
1.47172e-21
1.21565e-22
1.78235e-22
9.01486e-23
-3.63196e-21
1.02339e-20
-1.11092e-21
-8.67833e-21
1.58993e-21
1.65268e-21
1.60846e-21
1.57999e-21
1.50919e-21
5.52545e-23
1.37447e-22
1.3818e-22
-3.48043e-21
1.01735e-20
-1.01797e-21
-8.56415e-21
1.60071e-21
1.64093e-21
1.61594e-21
1.57021e-21
1.51401e-21
4.17469e-23
1.11098e-22
1.50391e-22
-3.37923e-21
1.00924e-20
-9.69833e-22
-8.46505e-21
1.56668e-21
1.61883e-21
1.61278e-21
1.57805e-21
1.51817e-21
3.41617e-23
9.48572e-23
1.47438e-22
-3.31086e-21
9.98966e-21
-9.4126e-22
-8.37292e-21
1.53576e-21
1.59313e-21
1.60075e-21
1.57419e-21
1.51576e-21
3.19021e-23
8.89019e-23
1.43882e-22
-3.25561e-21
9.88077e-21
-9.21749e-22
-8.27979e-21
1.5156e-21
1.57252e-21
1.58658e-21
1.56768e-21
1.5086e-21
-3.09754e-23
3.40697e-23
1.20189e-22
-3.20625e-21
9.83461e-21
-9.22919e-22
-8.20195e-21
1.54438e-21
1.55032e-21
1.57386e-21
1.60165e-21
1.50613e-21
1.40325e-23
4.82875e-22
1.2481e-22
-3.43633e-21
9.21794e-21
-1.16845e-21
-8.10898e-21
1.29605e-21
1.48228e-21
1.42898e-21
1.31077e-21
1.34697e-21
4.88848e-22
5.00524e-22
3.69079e-22
-3.29989e-21
8.9554e-21
-1.15315e-21
-8.29154e-21
1.20332e-21
1.41349e-21
1.39144e-21
1.23442e-21
1.31582e-21
8.94721e-23
1.97465e-22
1.71116e-22
-2.95311e-21
8.9815e-21
-1.03461e-21
-8.23938e-21
1.41203e-21
1.44203e-21
1.42866e-21
1.41289e-21
1.35014e-21
4.72657e-22
5.83672e-22
6.61416e-22
-2.90295e-21
9.38272e-21
-9.37803e-22
-7.75894e-21
1.42814e-21
1.44815e-21
1.44226e-21
1.41286e-21
1.36294e-21
-2.0008e-23
6.2375e-22
1.05974e-22
-2.9981e-21
9.07727e-21
-1.08916e-21
-7.72915e-21
1.39315e-21
1.42731e-21
1.43409e-21
1.41511e-21
1.36537e-21
-1.26541e-22
-3.96271e-22
-2.15777e-22
-4.07079e-21
8.5259e-21
-1.38184e-21
-8.0836e-21
1.16927e-21
1.3503e-21
1.40107e-21
1.39718e-21
1.3544e-21
-1.08149e-22
-3.73517e-22
-1.89292e-22
-3.02432e-21
8.38047e-21
-1.15334e-21
-7.75863e-21
1.25675e-21
1.32178e-21
1.3699e-21
1.37434e-21
1.33739e-21
5.82936e-22
6.28804e-22
5.79959e-22
-2.6738e-21
8.89883e-21
-1.00966e-21
-7.46995e-21
1.23471e-21
1.28627e-21
1.33251e-21
1.34179e-21
1.31283e-21
-1.03077e-22
6.37438e-22
2.88916e-22
-2.31575e-21
8.78067e-21
-8.60685e-22
-7.53539e-21
1.15601e-21
1.23602e-21
1.29145e-21
1.26942e-21
1.28693e-21
-1.65056e-22
-2.15134e-23
1.34376e-22
-2.64446e-21
9.00868e-21
-5.04634e-22
-7.19577e-21
1.3261e-21
1.36148e-21
1.3221e-21
1.43195e-21
1.28382e-21
3.47504e-22
2.02166e-22
1.34995e-22
-2.82374e-21
8.70287e-21
-5.58941e-22
-7.01567e-21
1.56984e-21
1.44032e-21
1.35305e-21
1.34442e-21
1.25765e-21
6.17588e-23
1.50505e-22
1.44033e-22
-2.75018e-21
8.34619e-21
-6.74974e-22
-6.99066e-21
1.47321e-21
1.42253e-21
1.33305e-21
1.22367e-21
1.20918e-21
2.26976e-23
9.33179e-23
1.22358e-22
-2.73205e-21
8.27307e-21
-7.28972e-22
-6.99791e-21
1.36688e-21
1.36682e-21
1.31343e-21
1.24703e-21
1.20043e-21
1.79438e-23
5.84517e-23
9.97369e-23
-2.70056e-21
8.17578e-21
-7.54325e-22
-6.98255e-21
1.29443e-21
1.31701e-21
1.29399e-21
1.25028e-21
1.19968e-21
1.54474e-23
4.81245e-23
8.9553e-23
-2.67201e-21
8.07062e-21
-7.7227e-22
-6.94805e-21
1.24412e-21
1.27932e-21
1.2749e-21
1.245e-21
1.19662e-21
1.51675e-23
4.63997e-23
8.56269e-23
-2.64445e-21
7.96484e-21
-7.85219e-22
-6.90398e-21
1.20343e-21
1.24781e-21
1.25565e-21
1.23525e-21
1.19039e-21
1.57595e-23
4.66438e-23
8.38134e-23
-2.61741e-21
7.86033e-21
-7.96328e-22
-6.86291e-21
1.16624e-21
1.21977e-21
1.23755e-21
1.22646e-21
1.19021e-21
1.4519e-23
3.73707e-23
7.06569e-23
-2.61078e-21
7.72923e-21
-8.69441e-22
-6.89153e-21
1.13431e-21
1.1992e-21
1.22072e-21
1.21618e-21
1.20081e-21
7.44734e-23
1.87238e-22
1.90883e-22
-2.43154e-21
7.84046e-21
-6.79984e-22
-6.43853e-21
1.15349e-21
1.17843e-21
1.19231e-21
1.1711e-21
1.09485e-21
-4.36519e-22
-3.83371e-22
-4.54919e-22
-2.65883e-21
7.77792e-21
-3.97068e-22
-6.40596e-21
1.17219e-21
1.16686e-21
1.17014e-21
1.14026e-21
1.04619e-21
-3.55579e-22
-9.0333e-22
-4.53181e-22
-3.15868e-21
7.50909e-21
-3.44061e-22
-6.35663e-21
1.1179e-21
1.14226e-21
1.1644e-21
1.1609e-21
1.12076e-21
-1.97714e-22
-4.91089e-22
-2.75761e-22
-2.11222e-21
7.25692e-21
-5.34382e-22
-6.36023e-21
1.18011e-21
1.14985e-21
1.17247e-21
1.18503e-21
1.17024e-21
3.83343e-22
2.79411e-22
2.95284e-22
-2.49904e-21
7.49946e-21
-7.85782e-22
-6.38426e-21
1.11884e-21
1.13898e-21
1.17314e-21
1.19512e-21
1.18633e-21
-1.12393e-22
4.00639e-22
-1.73917e-22
-2.69806e-21
7.39499e-21
-6.48981e-22
-6.20571e-21
1.14261e-21
1.1477e-21
1.17431e-21
1.19506e-21
1.18785e-21
-1.81881e-22
-4.80304e-22
-1.3709e-22
-2.83792e-21
7.00958e-21
-5.68767e-22
-6.40602e-21
9.84309e-22
1.10551e-21
1.1597e-21
1.18622e-21
1.18156e-21
-1.30908e-22
-2.37109e-22
-2.02453e-22
-2.28302e-21
6.35942e-21
-8.45167e-22
-6.28594e-21
1.05806e-21
1.09512e-21
1.14457e-21
1.17132e-21
1.16519e-21
-8.14301e-23
-1.79477e-22
1.74585e-22
-2.2718e-21
7.03255e-21
-8.52515e-22
-6.10209e-21
1.00501e-21
1.10938e-21
1.11625e-21
1.13208e-21
1.07361e-21
1.87776e-22
9.4528e-22
5.34259e-22
-2.06754e-21
7.04839e-21
-8.10655e-22
-6.12334e-21
1.09437e-21
1.03518e-21
1.1836e-21
1.29857e-21
1.39906e-21
5.76646e-22
8.22319e-22
5.50812e-22
-2.10491e-21
6.6664e-21
-7.63726e-22
-5.94559e-21
1.33485e-21
1.24755e-21
1.29106e-21
1.36211e-21
1.51105e-21
1.50068e-22
4.42919e-22
4.20595e-22
-2.09222e-21
6.83198e-21
-6.35064e-22
-5.83884e-21
1.31108e-21
1.41119e-21
1.36089e-21
1.34299e-21
1.27248e-21
9.5378e-23
2.69824e-22
3.23987e-22
-2.0402e-21
6.88809e-21
-5.42733e-22
-5.76594e-21
1.25989e-21
1.34133e-21
1.34863e-21
1.32615e-21
1.26873e-21
6.68492e-23
1.85713e-22
2.58102e-22
-2.02649e-21
6.82536e-21
-5.18418e-22
-5.71712e-21
1.21753e-21
1.28766e-21
1.31143e-21
1.29791e-21
1.24896e-21
4.98027e-23
1.40804e-22
2.11946e-22
-2.02973e-21
6.74396e-21
-5.21469e-22
-5.68046e-21
1.18017e-21
1.24562e-21
1.27357e-21
1.26587e-21
1.22354e-21
4.01418e-23
1.14563e-22
1.79765e-22
-2.03277e-21
6.65692e-21
-5.33018e-22
-5.64769e-21
1.14384e-21
1.20757e-21
1.23807e-21
1.2355e-21
1.19994e-21
3.44046e-23
9.83824e-23
1.5836e-22
-2.03051e-21
6.57178e-21
-5.45515e-22
-5.61662e-21
1.10773e-21
1.16851e-21
1.20089e-21
1.20218e-21
1.17494e-21
3.31045e-23
8.9466e-23
1.5158e-22
-2.01575e-21
6.4869e-21
-5.64756e-22
-5.5572e-21
1.11197e-21
1.18248e-21
1.20513e-21
1.20505e-21
1.18927e-21
4.48497e-24
-6.41958e-23
1.19276e-22
-1.88641e-21
6.53691e-21
-5.66991e-22
-5.54403e-21
8.63565e-22
9.6827e-22
9.16581e-22
9.14911e-22
8.28853e-22
6.81467e-22
7.68367e-22
6.60661e-22
-2.01434e-21
6.50368e-21
-4.34826e-22
-5.71551e-21
7.45887e-22
6.97823e-22
7.72469e-22
7.38339e-22
7.69535e-22
-8.82234e-23
5.92007e-22
1.50231e-23
-2.07055e-21
6.30479e-21
-3.8286e-22
-5.34738e-21
8.12871e-22
7.48819e-22
7.69488e-22
8.16157e-22
9.55378e-22
-1.29509e-22
-3.97873e-22
1.49743e-22
-2.02033e-21
6.54485e-21
-5.39115e-22
-5.77402e-21
6.32777e-22
7.42672e-22
7.87764e-22
8.43589e-22
9.15864e-22
-7.28771e-23
-1.15377e-22
2.36489e-22
-1.15908e-21
6.39534e-21
-7.61061e-22
-6.09781e-21
6.1706e-22
7.46346e-22
8.07063e-22
8.61759e-22
9.21788e-22
4.86208e-22
6.45194e-22
8.97723e-22
-1.25718e-21
6.50117e-21
-6.17685e-22
-5.56576e-21
7.23205e-22
7.8595e-22
8.33201e-22
8.77822e-22
9.22398e-22
-2.47285e-22
3.67668e-22
1.31425e-22
-1.62279e-21
6.30008e-21
-4.54192e-22
-5.12739e-21
8.79904e-22
8.56205e-22
8.70804e-22
8.97298e-22
9.23961e-22
-1.07089e-22
-3.77787e-22
9.14933e-23
-2.10828e-21
5.99344e-21
-3.44999e-22
-5.29003e-21
7.71937e-22
8.54864e-22
8.89453e-22
9.10946e-22
9.25753e-22
-6.51026e-23
-4.65309e-23
-1.21458e-22
-2.02919e-21
5.5008e-21
-4.48622e-22
-5.34709e-21
8.52293e-22
8.72789e-22
9.13718e-22
9.50447e-22
9.40933e-22
9.93541e-24
5.41709e-22
1.2476e-22
-2.09313e-21
6.23662e-21
-4.75541e-22
-4.90842e-21
1.02233e-21
9.86913e-22
8.34937e-22
8.12496e-22
7.97212e-22
3.92392e-22
4.05553e-22
2.11503e-22
-1.76227e-21
5.9514e-21
-4.38306e-22
-4.91536e-21
1.15591e-21
9.92987e-22
8.25079e-22
6.7691e-22
7.45814e-22
5.18543e-23
1.45702e-22
9.46437e-23
-1.92162e-21
5.57237e-21
-5.62308e-22
-4.99716e-21
9.95911e-22
9.51027e-22
8.60498e-22
7.96594e-22
7.84672e-22
-5.57473e-24
1.27569e-23
6.64834e-24
-1.95169e-21
5.53149e-21
-6.28242e-22
-5.0551e-21
8.86713e-22
9.01078e-22
8.723e-22
8.44301e-22
8.16107e-22
-1.43087e-23
-2.89078e-23
-3.20248e-23
-1.95356e-21
5.47608e-21
-6.60899e-22
-5.07463e-21
8.17098e-22
8.56258e-22
8.5902e-22
8.44331e-22
8.22159e-22
-1.26756e-23
-3.04429e-23
-3.48133e-23
-1.93603e-21
5.42392e-21
-6.75351e-22
-5.06811e-21
7.71496e-22
8.20713e-22
8.39834e-22
8.37445e-22
8.18344e-22
-8.48905e-24
-2.14308e-23
-2.504e-23
-1.91108e-21
5.37626e-21
-6.79787e-22
-5.04627e-21
7.4077e-22
7.92914e-22
8.19637e-22
8.24174e-22
8.08325e-22
-4.67238e-24
-1.17299e-23
-1.36099e-23
-1.88587e-21
5.32775e-21
-6.87009e-22
-5.01923e-21
7.15292e-22
7.6716e-22
7.97513e-22
8.07157e-22
7.97562e-22
-2.19533e-24
-4.86171e-24
-4.67107e-24
-1.86275e-21
5.26729e-21
-7.9358e-22
-5.02866e-21
6.9892e-22
7.71513e-22
8.03654e-22
8.22144e-22
8.28314e-22
5.08774e-24
2.33211e-23
5.56103e-23
-1.70125e-21
5.5999e-21
-2.99189e-22
-4.78348e-21
5.62103e-22
5.77655e-22
4.97345e-22
5.03254e-22
4.84302e-22
-7.14247e-23
-1.91688e-22
-3.12715e-22
-1.99445e-21
4.98142e-21
-2.25372e-22
-4.81673e-21
5.60674e-22
3.6877e-22
3.61363e-22
2.65593e-22
2.26774e-22
5.16874e-22
5.13959e-22
5.37846e-22
-1.79273e-21
5.2702e-21
-6.77909e-22
-4.88192e-21
4.98395e-22
4.03303e-22
3.61096e-22
3.42246e-22
3.65712e-22
-1.13463e-22
4.87394e-22
7.58405e-23
-1.24007e-21
5.64456e-21
-4.61937e-24
-4.5678e-21
5.95011e-22
4.71089e-22
4.19875e-22
4.2105e-22
4.59679e-22
-2.00465e-22
-5.173e-22
-2.53532e-22
-2.2797e-21
4.89209e-21
-8.31834e-22
-5.07058e-21
3.88891e-22
4.49385e-22
4.5493e-22
4.73977e-22
5.09613e-22
-1.65412e-22
-4.72572e-22
-7.13893e-22
-2.64351e-21
4.27589e-21
-1.1353e-21
-4.94703e-21
4.84649e-22
4.57758e-22
4.732e-22
5.0085e-22
5.32408e-22
4.36111e-22
3.76831e-22
2.69667e-22
-2.03954e-21
5.00171e-21
-7.22568e-22
-4.69072e-21
4.81167e-22
4.59129e-22
4.79787e-22
5.11198e-22
5.39008e-22
-3.13205e-22
1.99666e-22
-1.43536e-22
-1.45227e-21
5.10341e-21
-5.03176e-22
-4.73794e-21
5.06748e-22
4.89014e-22
4.96164e-22
5.17795e-22
5.34925e-22
-1.5182e-22
-4.47679e-22
3.34823e-23
-1.86497e-21
4.99913e-21
-6.43798e-22
-4.63134e-21
4.663e-22
5.17241e-22
5.00244e-22
5.07934e-22
4.66913e-22
-2.50282e-23
5.5063e-22
1.19714e-22
-1.84464e-21
4.02847e-21
-1.33202e-21
-4.7922e-21
5.41586e-22
5.11921e-22
6.35206e-22
7.34404e-22
8.30534e-22
3.45918e-22
3.10777e-22
1.01829e-23
-2.04195e-21
3.97009e-21
-1.1604e-21
-4.85227e-21
6.95671e-22
7.1048e-22
7.49636e-22
8.07181e-22
9.45991e-22
4.01901e-23
8.96282e-23
-3.83064e-23
-1.90866e-21
4.50691e-21
-8.87585e-22
-4.67722e-21
6.51211e-22
7.88304e-22
7.71658e-22
7.63843e-22
6.99765e-22
-4.20053e-25
3.63871e-24
-5.21538e-23
-1.79468e-21
4.5793e-21
-7.66406e-22
-4.59242e-21
6.18931e-22
7.09679e-22
7.42397e-22
7.35281e-22
6.90753e-22
-8.28948e-24
-2.57983e-23
-5.53903e-23
-1.73998e-21
4.59965e-21
-7.01245e-22
-4.5329e-21
6.06197e-22
6.82608e-22
7.15412e-22
7.11111e-22
6.73293e-22
-1.20527e-23
-3.2895e-23
-5.23707e-23
-1.70436e-21
4.59396e-21
-6.68024e-22
-4.48769e-21
5.95455e-22
6.58301e-22
6.88994e-22
6.86314e-22
6.52073e-22
-1.23333e-23
-3.22233e-23
-4.69548e-23
-1.67893e-21
4.57274e-21
-6.51829e-22
-4.45289e-21
5.82752e-22
6.37083e-22
6.64218e-22
6.61971e-22
6.30645e-22
-1.1358e-23
-2.76095e-23
-4.14621e-23
-1.66062e-21
4.54109e-21
-6.46595e-22
-4.42495e-21
5.69353e-22
6.16939e-22
6.40111e-22
6.36961e-22
6.08032e-22
-4.87106e-23
-2.92052e-23
-3.16365e-23
-1.62556e-21
4.53568e-21
-6.37214e-22
-4.41066e-21
5.30687e-22
5.87639e-22
6.23511e-22
6.31472e-22
5.98747e-22
-3.26466e-23
5.45392e-22
2.62757e-23
-1.81657e-21
4.37741e-21
-6.77814e-22
-4.19513e-21
6.78158e-22
6.83088e-22
5.27692e-22
4.97993e-22
4.46993e-22
3.45313e-22
3.25112e-22
1.89645e-22
-1.89771e-21
3.78259e-21
-1.34023e-21
-4.6458e-21
5.03457e-22
5.59025e-22
4.64705e-22
3.43283e-22
3.81372e-22
-2.57472e-23
1.73112e-23
-3.13579e-22
-1.90773e-21
3.40925e-21
-1.58269e-21
-5.23966e-21
2.0191e-22
4.03904e-22
4.21377e-22
3.9009e-22
3.82299e-22
7.27406e-23
3.52638e-23
1.50826e-22
-1.87383e-21
4.20329e-21
-1.14952e-21
-4.77746e-21
2.25474e-22
3.64899e-22
4.11828e-22
4.14484e-22
3.97756e-22
-3.44009e-22
-1.41736e-22
-3.35368e-22
-1.43018e-21
4.50367e-21
-3.50548e-22
-4.07739e-21
4.53503e-22
4.3151e-22
4.32626e-22
4.24825e-22
4.02788e-22
-1.97993e-22
-4.64543e-22
-1.07828e-22
-1.78222e-21
4.3816e-21
-3.87387e-22
-4.32491e-21
3.03293e-22
3.9552e-22
4.2202e-22
4.18683e-22
3.96201e-22
-1.13618e-22
-3.09071e-22
-3.73968e-22
-1.5911e-21
3.89811e-21
-7.18812e-22
-4.47079e-21
3.63453e-22
3.79013e-22
4.00634e-22
4.01505e-22
3.81071e-22
4.6057e-22
3.67348e-22
4.22155e-22
-1.65137e-21
4.44178e-21
-6.14921e-22
-4.17975e-21
3.81109e-22
3.76886e-22
3.85631e-22
3.82833e-22
3.62972e-22
4.46254e-23
6.09867e-22
3.21015e-22
-8.50431e-22
4.53128e-21
-7.27838e-22
-4.15614e-21
3.62043e-22
3.9089e-22
3.95208e-22
3.96464e-22
3.59208e-22
-2.26248e-23
5.63382e-22
1.81176e-22
-1.56572e-21
3.9031e-21
-7.38869e-22
-3.93871e-21
7.51785e-22
5.53902e-22
3.0809e-22
2.3899e-22
1.90941e-22
3.13909e-22
2.58625e-22
5.96177e-23
-1.69618e-21
3.80035e-21
-5.28781e-22
-3.89332e-21
7.94936e-22
5.30041e-22
3.0291e-22
1.16754e-22
1.47591e-22
4.34924e-24
7.53259e-23
3.44533e-23
-1.48521e-21
4.21281e-21
-5.01275e-22
-3.93727e-21
5.40756e-22
4.84241e-22
3.54728e-22
2.52439e-22
2.02781e-22
-1.4437e-24
1.23987e-23
7.7638e-24
-1.4552e-21
4.1633e-21
-5.18869e-22
-3.96339e-21
5.17164e-22
4.66786e-22
3.84635e-22
3.10844e-22
2.45071e-22
-7.89391e-24
-1.33434e-23
-1.43635e-23
-1.45756e-21
4.10652e-21
-5.5683e-22
-3.99753e-21
4.5451e-22
4.28039e-22
3.75742e-22
3.15099e-22
2.55575e-22
-1.32793e-23
-2.95665e-23
-3.7045e-23
-1.47405e-21
4.04313e-21
-5.99948e-22
-4.02716e-21
4.00628e-22
3.86957e-22
3.52704e-22
3.05942e-22
2.51444e-22
-1.6618e-23
-4.05835e-23
-5.66493e-23
-1.49226e-21
3.97815e-21
-6.4083e-22
-4.04977e-21
3.52757e-22
3.46987e-22
3.2374e-22
2.86552e-22
2.37445e-22
-1.8808e-23
-4.83785e-23
-7.1648e-23
-1.50571e-21
3.91957e-21
-6.74422e-22
-4.06319e-21
3.10911e-22
3.09707e-22
2.93729e-22
2.63616e-22
2.19361e-22
-2.13645e-23
-5.95046e-23
-8.90839e-23
-1.52197e-21
3.84985e-21
-7.321e-22
-4.10887e-21
2.60416e-22
2.73017e-22
2.64372e-22
2.38696e-22
1.9658e-22
1.46247e-23
1.82315e-23
-4.44984e-23
-1.46416e-21
4.01509e-21
-5.35639e-22
-3.92385e-21
2.41761e-22
2.51786e-22
2.50331e-22
2.44803e-22
2.52095e-22
-5.66166e-22
-5.9589e-22
-6.81224e-22
-1.63079e-21
3.83779e-21
-5.62104e-22
-3.80662e-21
3.28074e-22
2.75277e-22
2.60174e-22
2.64576e-22
2.90561e-22
-3.39721e-22
-8.21489e-22
-3.18808e-22
-1.56841e-21
3.98435e-21
-9.84523e-22
-4.46791e-21
2.71241e-23
1.91746e-22
2.41546e-22
2.70123e-22
2.99934e-22
-1.70178e-22
-3.7372e-22
-4.77078e-22
-1.33729e-21
3.61631e-21
-8.42619e-22
-4.38617e-21
1.36118e-22
1.88641e-22
2.34439e-22
2.69537e-22
2.95894e-22
1.84571e-23
-1.32954e-22
-1.64165e-22
-1.95486e-21
3.63358e-21
-7.84331e-22
-3.91026e-21
2.2053e-22
2.2115e-22
2.45111e-22
2.71043e-22
2.88016e-22
-3.87164e-22
-2.92933e-22
-7.64446e-22
-2.14083e-21
3.67198e-21
-4.54195e-22
-3.6695e-21
3.48643e-22
2.8733e-22
2.74325e-22
2.78589e-22
2.8066e-22
-2.59355e-22
-5.96278e-22
-2.40865e-22
-1.58094e-21
3.60101e-21
-8.11635e-22
-4.09107e-21
1.12634e-22
2.26288e-22
2.60284e-22
2.7076e-22
2.67357e-22
-1.96904e-22
-4.99917e-22
-6.17263e-22
-1.48998e-21
3.04641e-21
-1.05975e-21
-4.2451e-21
1.51294e-22
1.97652e-22
2.33349e-22
2.4947e-22
2.46187e-22
4.08602e-22
2.08477e-22
1.95646e-22
-1.80145e-21
3.53998e-21
-8.39049e-22
-3.92277e-21
1.47896e-22
1.47773e-22
1.90239e-22
2.13185e-22
2.10088e-22
3.33883e-22
1.43283e-21
7.03517e-22
-8.88609e-22
4.0831e-21
-5.4163e-22
-3.61014e-21
5.56077e-22
5.66254e-22
4.89129e-22
4.33059e-22
3.41076e-22
4.99085e-22
7.8026e-22
6.19141e-22
-9.11681e-22
3.97171e-21
-3.98144e-22
-3.45204e-21
8.26846e-22
8.39142e-22
6.4344e-22
5.43307e-22
5.18562e-22
1.25285e-22
3.4475e-22
3.62488e-22
-1.06212e-21
3.77387e-21
-4.00088e-22
-3.45782e-21
6.73138e-22
6.7488e-22
6.07197e-22
5.27705e-22
4.45073e-22
5.27356e-23
1.5591e-22
1.98764e-22
-1.12819e-21
3.80195e-21
-3.98466e-22
-3.4911e-21
5.5854e-22
5.58948e-22
5.34513e-22
4.76843e-22
3.94345e-22
2.97959e-23
8.38801e-23
1.18788e-22
-1.16372e-21
3.77555e-21
-4.05333e-22
-3.50063e-21
5.11741e-22
5.13949e-22
4.89333e-22
4.37095e-22
3.60543e-22
1.95157e-23
5.48655e-23
8.17241e-23
-1.18486e-21
3.73726e-21
-4.16212e-22
-3.4986e-21
4.86212e-22
4.83267e-22
4.56981e-22
4.06668e-22
3.34121e-22
1.34383e-23
3.88335e-23
5.95846e-23
-1.19972e-21
3.69679e-21
-4.31313e-22
-3.49819e-21
4.61287e-22
4.55027e-22
4.27809e-22
3.78839e-22
3.09046e-22
8.57147e-24
2.57742e-23
4.09248e-23
-1.21367e-21
3.65441e-21
-4.49323e-22
-3.50147e-21
4.31922e-22
4.20909e-22
3.96018e-22
3.49158e-22
2.81611e-22
3.60819e-24
8.68575e-24
1.81331e-23
-1.23872e-21
3.58446e-21
-5.08313e-22
-3.52899e-21
3.95271e-22
3.63143e-22
3.76795e-22
3.37177e-22
2.67098e-22
-4.11071e-24
-8.05469e-23
-1.07285e-23
-1.23697e-21
3.72804e-21
-4.18782e-22
-3.4377e-21
2.83702e-22
3.80308e-22
1.18754e-22
3.11861e-23
4.96058e-23
8.03533e-22
9.38562e-22
1.12389e-21
-5.20698e-22
4.16864e-21
-9.9277e-23
-3.46152e-21
2.34548e-22
1.34722e-22
-1.80764e-23
-1.4799e-22
-1.09735e-22
-2.16232e-22
4.29488e-22
1.19592e-22
-6.57902e-22
4.089e-21
-1.53063e-23
-3.2068e-21
2.93302e-22
5.47514e-23
-2.82356e-23
-6.94145e-23
-2.21889e-23
-1.92702e-22
-4.99901e-22
3.55116e-23
-1.30382e-21
3.49974e-21
-6.58179e-22
-3.70929e-21
-3.53188e-24
5.38031e-24
-2.36203e-23
-2.70324e-23
1.20297e-23
-8.92982e-23
-1.98665e-22
-7.83297e-23
-8.44789e-22
3.10366e-21
-9.95859e-22
-4.25339e-21
-1.33819e-22
-6.15587e-23
-3.59125e-23
-1.48174e-23
1.64317e-23
5.37849e-22
5.72642e-22
8.6941e-22
-5.73117e-22
3.756e-21
-6.89741e-22
-3.89772e-21
-7.16973e-23
-4.43305e-23
-2.54439e-23
-7.35496e-24
1.11488e-23
-2.61936e-22
2.11197e-22
-2.22159e-22
-1.0692e-21
3.34262e-21
-8.48141e-22
-3.5533e-21
7.91161e-23
2.23165e-23
4.73932e-24
3.56762e-24
5.66788e-24
-2.30336e-22
-5.89238e-22
-3.10871e-22
-1.89729e-21
3.01795e-21
-9.61765e-22
-3.87052e-21
-1.65203e-22
-5.04742e-23
-1.28451e-23
-2.73721e-24
-5.51319e-24
-1.3485e-22
-2.6659e-22
-2.8264e-22
-1.24557e-21
2.93305e-21
-9.16733e-22
-4.2938e-21
-2.76008e-22
-9.63411e-23
-2.78204e-23
-6.34158e-24
-1.38213e-23
-9.76645e-23
4.46072e-22
-1.75749e-22
-1.74029e-21
2.75151e-21
-1.13132e-21
-3.73405e-21
2.32214e-22
1.12289e-22
-1.00393e-22
-1.35706e-22
-1.75894e-22
2.19893e-22
7.01457e-23
-2.51089e-22
-1.72077e-21
2.60013e-21
-9.55836e-22
-3.54431e-21
3.05368e-22
7.56571e-23
-1.12521e-22
-2.51611e-22
-2.17996e-22
-6.39877e-23
-1.2293e-22
-2.8893e-22
-1.62574e-21
2.90365e-21
-9.19427e-22
-3.69305e-21
-2.79521e-23
-3.54181e-23
-1.15282e-22
-1.80937e-22
-1.99898e-22
-6.42248e-23
-1.7032e-22
-2.84143e-22
-1.55244e-21
2.90473e-21
-9.02854e-22
-3.71905e-21
-5.14768e-23
-6.14117e-23
-1.00487e-22
-1.40628e-22
-1.72316e-22
-5.8665e-23
-1.61856e-22
-2.56191e-22
-1.49726e-21
2.94021e-21
-8.72941e-22
-3.70451e-21
-6.02434e-23
-6.68797e-23
-8.99902e-23
-1.21208e-22
-1.56696e-22
-5.11914e-23
-1.43435e-22
-2.28258e-22
-1.45687e-21
2.9542e-21
-8.4987e-22
-3.68203e-21
-6.22326e-23
-6.88733e-23
-8.71371e-23
-1.15741e-22
-1.53633e-22
-4.52825e-23
-1.2912e-22
-2.07344e-22
-1.42872e-21
2.95478e-21
-8.33466e-22
-3.65765e-21
-5.87211e-23
-6.77185e-23
-8.57004e-23
-1.13282e-22
-1.55601e-22
-3.89789e-23
-1.36223e-22
-1.94718e-22
-1.40842e-21
2.8923e-21
-8.24703e-22
-3.63795e-21
-6.55373e-23
-7.57888e-23
-8.83108e-23
-8.31737e-23
-1.60831e-22
-3.24112e-24
1.8363e-22
-1.07799e-22
-1.41202e-21
3.24681e-21
-7.13063e-22
-3.39993e-21
1.05081e-22
3.77409e-23
-2.26958e-22
-4.13681e-22
-3.79097e-22
1.56045e-22
1.997e-22
1.28222e-22
-1.57375e-21
2.43619e-21
-1.52274e-21
-4.02694e-21
-1.50847e-22
-9.49477e-23
-2.21875e-22
-4.19468e-22
-3.59433e-22
-3.71949e-23
-2.07388e-22
-4.42586e-22
-1.76488e-21
1.63611e-21
-1.59423e-21
-4.12727e-21
-1.92369e-22
-1.41878e-22
-1.70629e-22
-1.98767e-22
-2.72813e-22
7.03412e-22
6.87064e-22
6.00395e-22
-1.08865e-21
2.85457e-21
-1.01155e-21
-3.62902e-21
-1.19316e-22
-1.31171e-22
-1.60187e-22
-2.00157e-22
-2.54764e-22
-5.24459e-22
-1.18631e-22
-6.12867e-22
-1.32926e-21
3.11862e-21
-4.98425e-22
-3.28722e-21
6.385e-24
-9.20895e-23
-1.51519e-22
-2.01412e-22
-2.54678e-22
-2.71997e-22
-8.76061e-22
-7.99174e-22
-2.64945e-21
1.9418e-21
-1.53018e-21
-3.92321e-21
-3.37909e-22
-2.11226e-22
-1.9573e-22
-2.21005e-22
-2.66162e-22
-1.54205e-22
-4.24539e-22
-8.38714e-22
-2.02094e-21
1.87166e-21
-1.55289e-21
-4.30966e-21
-3.94492e-22
-2.63657e-22
-2.29688e-22
-2.42843e-22
-2.82185e-22
5.19328e-22
5.02138e-22
6.18874e-22
-8.24211e-22
3.26613e-21
-7.82845e-22
-3.71149e-21
-2.22335e-22
-2.11842e-22
-2.21736e-22
-2.4974e-22
-2.93203e-22
-4.80029e-22
-2.31548e-23
-3.18791e-22
-8.55222e-22
3.17562e-21
-4.80971e-22
-3.20233e-21
-3.61562e-23
-1.32278e-22
-1.86087e-22
-2.33398e-22
-2.90389e-22
-2.3879e-22
-8.97557e-23
-4.42634e-22
-1.89144e-21
2.72569e-21
-5.79016e-22
-3.09163e-21
2.13059e-22
6.26036e-23
-2.40936e-22
-3.53436e-22
-4.49566e-22
1.42197e-22
-1.97627e-23
-3.94342e-22
-1.69792e-21
2.46409e-21
-7.67614e-22
-3.20575e-21
2.96686e-22
4.48243e-23
-2.28958e-22
-4.48073e-22
-4.73451e-22
-7.33752e-23
-1.8595e-22
-3.4318e-22
-1.53773e-21
2.62529e-21
-8.18997e-22
-3.37457e-21
2.9746e-23
-7.28991e-23
-2.27105e-22
-3.58378e-22
-4.32122e-22
-6.98884e-23
-1.83582e-22
-2.91993e-22
-1.44947e-21
2.67574e-21
-8.3994e-22
-3.46633e-21
-9.97892e-23
-1.49406e-22
-2.32239e-22
-3.17791e-22
-3.93878e-22
-5.82262e-23
-1.62572e-22
-2.55232e-22
-1.4021e-21
2.68854e-21
-8.43152e-22
-3.48892e-21
-1.38301e-22
-1.78878e-22
-2.37818e-22
-3.05994e-22
-3.77209e-22
-4.99128e-23
-1.40976e-22
-2.26035e-22
-1.36828e-21
2.6945e-21
-8.36784e-22
-3.48549e-21
-1.54645e-22
-1.92082e-22
-2.42717e-22
-3.03687e-22
-3.72165e-22
-4.39711e-23
-1.25091e-22
-2.04566e-22
-1.34219e-21
2.69766e-21
-8.2661e-22
-3.47221e-21
-1.59575e-22
-1.97226e-22
-2.45424e-22
-3.03572e-22
-3.71192e-22
-4.01491e-23
-1.14563e-22
-1.89756e-22
-1.32202e-21
2.69714e-21
-8.17845e-22
-3.45895e-21
-1.60712e-22
-1.98717e-22
-2.46707e-22
-3.04519e-22
-3.7231e-22
-3.75881e-23
-1.06407e-22
-1.78883e-22
-1.30177e-21
2.69326e-21
-8.20191e-22
-3.49673e-21
-1.6345e-22
-1.95305e-22
-2.45205e-22
-3.05099e-22
-3.74885e-22
-2.33033e-23
-2.44751e-23
-1.29042e-22
-1.13242e-21
2.94709e-21
-5.97958e-22
-3.0328e-21
-9.60826e-23
-1.78277e-22
-2.26695e-22
-2.62217e-22
-2.73639e-22
-8.4756e-22
-9.97837e-22
-1.23234e-21
-1.85649e-21
2.75193e-21
-3.90329e-22
-2.9919e-21
-1.15521e-23
-1.36522e-22
-1.89516e-22
-2.07666e-22
-1.97031e-22
-3.40421e-22
-9.47e-22
-6.49211e-22
-1.9381e-21
2.67041e-21
-5.99753e-22
-3.35152e-21
-1.69006e-22
-1.68876e-22
-1.77894e-22
-1.7745e-22
-1.65616e-22
5.12965e-22
4.06117e-22
3.65301e-22
-9.93851e-22
2.33115e-21
-8.63137e-22
-3.61774e-21
-1.56448e-22
-1.61217e-22
-1.69075e-22
-1.69722e-22
-1.67613e-22
-3.14385e-22
8.12808e-23
-4.11429e-22
-1.65159e-21
1.98995e-21
-1.41018e-21
-3.72117e-21
-3.86969e-22
-2.48271e-22
-2.05182e-22
-1.92123e-22
-1.93128e-22
-2.6989e-22
-7.14087e-22
-6.12845e-22
-1.69062e-21
2.17545e-21
-1.22887e-21
-3.70741e-21
-3.99924e-22
-3.07103e-22
-2.53544e-22
-2.31241e-22
-2.31555e-22
-7.68742e-22
-1.07652e-21
-1.36913e-21
-2.35482e-21
1.55418e-21
-1.75617e-21
-4.01364e-21
-6.64264e-22
-4.37872e-22
-3.30847e-22
-2.86041e-22
-2.79184e-22
1.60616e-22
-5.4813e-22
-4.36911e-22
-1.68914e-21
1.97096e-21
-1.12553e-21
-3.78409e-21
-4.15433e-22
-4.00722e-22
-3.5341e-22
-3.23881e-22
-3.21331e-22
-4.92592e-22
-3.67823e-22
-9.08783e-22
-1.99539e-21
1.93511e-21
-1.47033e-21
-3.74282e-21
-5.68155e-22
-4.38805e-22
-3.78278e-22
-3.53413e-22
-3.5626e-22
-3.4673e-22
-9.20364e-22
-8.9234e-22
-1.95172e-21
1.79516e-21
-1.42062e-21
-3.9223e-21
-5.61959e-22
-4.52287e-22
-3.97552e-22
-3.78551e-22
-3.86681e-22
-8.12895e-22
-1.18649e-21
-1.51095e-21
-2.41977e-21
1.61756e-21
-1.62543e-21
-3.73037e-21
-5.95906e-22
-4.95121e-22
-4.35038e-22
-4.12925e-22
-4.20634e-22
1.30626e-22
-6.34959e-22
-5.43851e-22
-1.70355e-21
2.16467e-21
-9.98911e-22
-3.57589e-21
-3.70157e-22
-4.43249e-22
-4.44555e-22
-4.40977e-22
-4.53549e-22
-5.53218e-22
-5.14832e-22
-1.06647e-21
-2.06043e-21
2.08584e-21
-1.27101e-21
-3.41568e-21
-4.54397e-22
-4.76418e-22
-4.72777e-22
-4.72607e-22
-4.88545e-22
-3.8679e-22
-1.02737e-21
-1.04012e-21
-2.09747e-21
1.6174e-21
-1.6213e-21
-3.69226e-21
-5.71734e-22
-5.81238e-22
-5.18796e-22
-5.13107e-22
-5.67615e-22
-1.64151e-22
-4.52729e-22
-5.77004e-22
-1.46085e-21
2.35113e-21
-9.74302e-22
-3.86511e-21
-5.63411e-22
-4.82515e-22
-7.42062e-22
-7.40758e-22
-6.12549e-22
-7.05058e-22
-8.95402e-22
-1.13677e-21
-1.96184e-21
1.94432e-21
-1.16154e-21
-3.474e-21
-6.03072e-22
-6.92005e-22
-8.45422e-22
-9.35977e-22
-8.24873e-22
-3.88978e-22
-1.03589e-21
-9.7277e-22
-1.91278e-21
1.82405e-21
-1.43383e-21
-3.58443e-21
-6.76906e-22
-8.46936e-22
-9.03301e-22
-9.41598e-22
-9.58929e-22
-8.31785e-22
-1.23034e-21
-1.56742e-21
-2.50903e-21
1.23967e-21
-1.97993e-21
-4.20489e-21
-1.05054e-21
-9.47347e-22
-9.305e-22
-9.29331e-22
-9.19724e-22
1.52539e-22
-5.33714e-22
-4.88649e-22
-1.73683e-21
1.66475e-21
-1.26025e-21
-4.01029e-21
-7.93169e-22
-8.62417e-22
-8.89782e-22
-8.99691e-22
-8.98826e-22
-6.53302e-22
-4.78669e-22
-9.12773e-22
-1.87443e-21
2.07074e-21
-1.35035e-21
-3.47658e-21
-7.06593e-22
-7.97864e-22
-8.45683e-22
-8.70542e-22
-8.83422e-22
-3.12921e-22
-8.91546e-22
-8.22403e-22
-1.82669e-21
1.87839e-21
-1.22004e-21
-3.53723e-21
-6.91355e-22
-7.84565e-22
-8.30596e-22
-8.57489e-22
-8.76918e-22
-8.17006e-22
-1.12281e-21
-1.44482e-21
-2.12923e-21
1.96984e-21
-1.51055e-21
-4.07143e-21
-1.00619e-21
-8.96233e-22
-8.69674e-22
-8.70693e-22
-8.83924e-22
1.33876e-22
-6.39877e-22
-5.90794e-22
-1.88985e-21
1.53641e-21
-1.31367e-21
-3.70062e-21
-7.31346e-22
-8.46128e-22
-8.69383e-22
-8.78585e-22
-8.92977e-22
-5.71908e-22
-5.49745e-22
-1.10844e-21
-2.0445e-21
1.70556e-21
-1.65986e-21
-3.83692e-21
-9.77467e-22
-9.22382e-22
-9.00715e-22
-8.95973e-22
-9.06214e-22
-3.87128e-22
-1.0567e-21
-9.95634e-22
-1.94173e-21
1.84715e-21
-1.48581e-21
-3.99306e-21
-9.7889e-22
-9.47452e-22
-9.21905e-22
-9.12297e-22
-9.20177e-22
-3.39329e-22
-7.53034e-22
-1.18143e-21
-2.15724e-21
1.68626e-21
-1.6847e-21
-4.16043e-21
-1.15872e-21
-1.01827e-21
-9.56763e-22
-9.33637e-22
-9.36475e-22
2.62164e-22
-2.46848e-22
-3.27176e-22
-1.56729e-21
1.92884e-21
-1.17504e-21
-3.71808e-21
-8.24593e-22
-9.33815e-22
-9.4226e-22
-9.38906e-22
-9.47054e-22
-5.4241e-22
-5.05072e-22
-1.05809e-21
-2.10816e-21
1.54681e-21
-1.80187e-21
-3.91752e-21
-1.06666e-21
-9.92426e-22
-9.60179e-22
-9.49547e-22
-9.57471e-22
-4.00528e-22
-1.01474e-21
-1.09123e-21
-2.11662e-21
1.41748e-21
-1.64972e-21
-4.07915e-21
-1.03699e-21
-9.9156e-22
-9.65089e-22
-9.56777e-22
-9.66327e-22
-1.02812e-21
-1.39187e-21
-1.60904e-21
-2.24183e-21
1.72908e-21
-1.48156e-21
-3.7388e-21
-9.90828e-22
-9.88259e-22
-9.72303e-22
-9.66569e-22
-9.76607e-22
1.82228e-22
-5.77854e-22
-4.25916e-22
-1.52491e-21
2.02275e-21
-1.03211e-21
-3.59397e-21
-7.43439e-22
-9.05033e-22
-9.49844e-22
-9.66597e-22
-9.82937e-22
-5.79706e-22
-5.10158e-22
-1.11448e-21
-2.09177e-21
1.57526e-21
-1.74006e-21
-3.92823e-21
-1.04318e-21
-1.01779e-21
-9.78191e-22
-1.0066e-21
-9.94221e-22
-3.88597e-22
-9.71634e-22
-9.70726e-22
-1.7786e-21
1.63113e-21
-1.27913e-21
-3.87788e-21
-9.05735e-22
-8.94295e-22
-1.13254e-21
-1.12497e-21
-1.20595e-21
-2.98303e-23
-2.42584e-22
-1.07043e-22
-9.55775e-22
2.56315e-21
-5.16436e-22
-3.20606e-21
-6.05521e-22
-9.55322e-22
-1.20333e-21
-1.3151e-21
-1.41473e-21
-4.99442e-22
-3.75668e-22
-5.43975e-22
-1.15331e-21
2.71629e-21
-9.55629e-22
-3.38668e-21
-8.52205e-22
-1.07885e-21
-1.21881e-21
-1.34349e-21
-1.34251e-21
-2.70408e-22
-6.76682e-22
-5.45244e-22
-1.30162e-21
2.48976e-21
-6.44931e-22
-3.35174e-21
-7.95683e-22
-9.95301e-22
-1.12676e-21
-1.21202e-21
-1.24371e-21
-8.06495e-22
-1.11108e-21
-1.38342e-21
-2.15937e-21
1.48929e-21
-1.53781e-21
-4.01827e-21
-1.12851e-21
-1.06174e-21
-1.09178e-21
-1.14014e-21
-1.17937e-21
2.17209e-22
-3.88345e-22
-3.34411e-22
-1.5454e-21
1.5774e-21
-1.4337e-21
-4.16915e-21
-1.00875e-21
-1.00287e-21
-1.03878e-21
-1.08654e-21
-1.13361e-21
-6.67596e-22
-4.69515e-22
-8.62778e-22
-1.63259e-21
2.09078e-21
-1.47788e-21
-3.91706e-21
-1.09612e-21
-1.01063e-21
-1.0159e-21
-1.05415e-21
-1.10231e-21
-3.29051e-22
-8.71166e-22
-8.43704e-22
-1.7718e-21
1.7002e-21
-1.71751e-21
-3.92109e-21
-1.01672e-21
-9.92058e-22
-1.00198e-21
-1.03663e-21
-1.08363e-21
-1.02836e-21
-1.31021e-21
-1.67216e-21
-2.51686e-21
9.78603e-22
-2.16278e-21
-4.15563e-21
-1.22135e-21
-1.06907e-21
-1.03025e-21
-1.04293e-21
-1.08018e-21
-2.99369e-22
-1.02457e-21
-8.36455e-22
-1.80462e-21
1.42632e-21
-1.32283e-21
-3.84376e-21
-8.95526e-22
-9.76022e-22
-1.00737e-21
-1.03774e-21
-1.07707e-21
-6.56971e-22
-7.81238e-22
-1.2166e-21
-2.0892e-21
1.51984e-21
-1.78067e-21
-3.83377e-21
-1.06539e-21
-1.00954e-21
-1.01347e-21
-1.03885e-21
-1.07638e-21
-3.82624e-22
-9.86534e-22
-1.05631e-21
-1.97683e-21
1.56822e-21
-1.29093e-21
-3.74955e-21
-9.98698e-22
-1.01125e-21
-1.02146e-21
-1.04393e-21
-1.07857e-21
-8.56984e-22
-1.28547e-21
-1.74348e-21
-2.61415e-21
9.86553e-22
-1.94671e-21
-4.12302e-21
-1.27382e-21
-1.12353e-21
-1.07034e-21
-1.06586e-21
-1.08889e-21
1.45749e-22
-5.9845e-22
-6.35302e-22
-1.86489e-21
1.28047e-21
-1.51262e-21
-3.91972e-21
-9.73919e-22
-1.03662e-21
-1.05012e-21
-1.06427e-21
-1.09104e-21
-7.28712e-22
-6.14992e-22
-1.07403e-21
-1.90061e-21
1.60053e-21
-1.64683e-21
-3.80408e-21
-1.09718e-21
-1.0446e-21
-1.04257e-21
-1.05923e-21
-1.08867e-21
-3.27133e-22
-8.77335e-22
-8.53362e-22
-1.73221e-21
1.74887e-21
-1.34984e-21
-3.7362e-21
-9.84099e-22
-1.00993e-21
-1.02931e-21
-1.05286e-21
-1.08324e-21
-1.01673e-21
-1.2901e-21
-1.58629e-21
-2.32576e-21
1.24418e-21
-1.61705e-21
-3.67728e-21
-1.03389e-21
-1.04947e-21
-1.06198e-21
-1.07489e-21
-1.07409e-21
-4.37597e-22
-1.18539e-21
-1.12372e-21
-1.77587e-21
1.73338e-21
-1.11526e-21
-3.47633e-21
-1.06842e-21
-1.34743e-21
-1.609e-21
-1.68124e-21
-1.75261e-21
-2.18821e-22
-5.29995e-22
-7.28046e-22
-1.53528e-21
2.21591e-21
-9.99474e-22
-3.3663e-21
-1.09136e-21
-1.47881e-21
-1.64395e-21
-1.78785e-21
-1.82187e-21
-8.16725e-22
-1.13289e-21
-1.50915e-21
-2.30708e-21
1.19156e-21
-1.78676e-21
-4.06519e-21
-1.4025e-21
-1.44455e-21
-1.51564e-21
-1.54419e-21
-1.49772e-21
2.27994e-22
-4.37982e-22
-3.93283e-22
-1.59772e-21
1.45996e-21
-1.27492e-21
-3.70284e-21
-1.05935e-21
-1.27759e-21
-1.3783e-21
-1.41679e-21
-1.42213e-21
-5.67365e-22
-5.16792e-22
-1.11129e-21
-2.05955e-21
1.43942e-21
-1.64279e-21
-3.51841e-21
-1.10941e-21
-1.23588e-21
-1.30756e-21
-1.34786e-21
-1.36764e-21
-4.00889e-22
-1.06176e-21
-1.11637e-21
-2.04114e-21
1.35267e-21
-1.52541e-21
-3.68569e-21
-1.10022e-21
-1.20107e-21
-1.25958e-21
-1.2981e-21
-1.32603e-21
-8.80001e-22
-1.30508e-21
-1.66023e-21
-2.34617e-21
1.09344e-21
-1.82415e-21
-4.05748e-21
-1.34914e-21
-1.26864e-21
-1.26243e-21
-1.27955e-21
-1.30433e-21
1.82623e-22
-4.89526e-22
-4.04305e-22
-1.43936e-21
1.80586e-21
-1.15498e-21
-3.74107e-21
-1.01089e-21
-1.15814e-21
-1.22007e-21
-1.2572e-21
-1.28861e-21
-7.38251e-22
-6.09838e-22
-1.01991e-21
-1.71604e-21
1.90805e-21
-1.58796e-21
-3.8346e-21
-1.25384e-21
-1.21857e-21
-1.22989e-21
-1.25385e-21
-1.28257e-21
-3.4829e-22
-9.75013e-22
-9.56026e-22
-1.83693e-21
1.50196e-21
-1.52673e-21
-3.8426e-21
-1.19776e-21
-1.21587e-21
-1.22978e-21
-1.2509e-21
-1.27852e-21
-8.95191e-22
-1.24659e-21
-1.6503e-21
-2.24809e-21
1.32497e-21
-1.78592e-21
-4.02964e-21
-1.38524e-21
-1.28318e-21
-1.25368e-21
-1.2576e-21
-1.27884e-21
-3.49956e-22
-1.01888e-21
-8.46702e-22
-1.61303e-21
1.64536e-21
-1.22595e-21
-3.79601e-21
-1.03635e-21
-1.16278e-21
-1.21299e-21
-1.24278e-21
-1.27155e-21
-8.69772e-22
-1.0025e-21
-1.34986e-21
-2.1255e-21
1.3279e-21
-1.68984e-21
-3.50686e-21
-1.06136e-21
-1.15051e-21
-1.2006e-21
-1.23448e-21
-1.26535e-21
-3.89996e-22
-1.02206e-21
-1.1544e-21
-2.07133e-21
1.33113e-21
-1.31799e-21
-3.57821e-21
-1.09394e-21
-1.17674e-21
-1.21192e-21
-1.23658e-21
-1.26332e-21
-1.07747e-21
-1.41146e-21
-1.88987e-21
-2.68296e-21
8.14164e-22
-1.91006e-21
-4.03659e-21
-1.30172e-21
-1.24651e-21
-1.23442e-21
-1.24157e-21
-1.26185e-21
-3.01795e-22
-9.97095e-22
-9.41252e-22
-1.88518e-21
1.21918e-21
-1.38861e-21
-3.66128e-21
-9.40811e-22
-1.10763e-21
-1.17899e-21
-1.21705e-21
-1.24812e-21
-9.03142e-22
-1.04742e-21
-1.44951e-21
-2.25557e-21
1.20824e-21
-1.90149e-21
-3.83534e-21
-1.21334e-21
-1.17666e-21
-1.19165e-21
-1.21499e-21
-1.24422e-21
-3.83926e-22
-1.0308e-21
-1.10523e-21
-2.02756e-21
1.29046e-21
-1.5831e-21
-3.81285e-21
-1.18253e-21
-1.22075e-21
-1.2394e-21
-1.24238e-21
-1.28225e-21
-1.81509e-22
-4.44971e-22
-5.8695e-22
-1.26028e-21
2.23856e-21
-6.7043e-22
-3.43925e-21
-1.09717e-21
-1.43869e-21
-1.75875e-21
-1.89515e-21
-1.74823e-21
-8.1143e-22
-1.09674e-21
-1.42204e-21
-2.11024e-21
1.52705e-21
-1.74049e-21
-3.90183e-21
-1.47332e-21
-1.66314e-21
-1.77189e-21
-1.90664e-21
-1.84825e-21
-4.47446e-22
-1.17102e-21
-1.23341e-21
-2.12595e-21
1.28081e-21
-1.7015e-21
-4.0317e-21
-1.40208e-21
-1.52547e-21
-1.6182e-21
-1.64434e-21
-1.65578e-21
-5.31583e-22
-9.25159e-22
-1.39769e-21
-2.53146e-21
8.12219e-22
-1.93085e-21
-3.89656e-21
-1.35471e-21
-1.43481e-21
-1.49487e-21
-1.52798e-21
-1.53674e-21
3.45773e-22
-1.50438e-22
-2.197e-22
-1.55368e-21
1.51557e-21
-1.25459e-21
-3.69642e-21
-1.01412e-21
-1.24885e-21
-1.35704e-21
-1.41014e-21
-1.43963e-21
-2.3441e-22
-1.42872e-22
-7.34915e-22
-2.05387e-21
1.24634e-21
-1.97176e-21
-4.10003e-21
-1.32683e-21
-1.28677e-21
-1.31013e-21
-1.34281e-21
-1.37424e-21
-2.49428e-22
-6.83966e-22
-8.57077e-22
-1.96868e-21
1.41765e-21
-1.66574e-21
-4.05152e-21
-1.20987e-21
-1.23171e-21
-1.25997e-21
-1.29164e-21
-1.32484e-21
-8.76794e-22
-1.27365e-21
-1.73139e-21
-2.62536e-21
1.15084e-21
-1.8829e-21
-3.92148e-21
-1.19384e-21
-1.21631e-21
-1.23663e-21
-1.2616e-21
-1.29108e-21
2.11289e-22
-4.82045e-22
-4.86386e-22
-1.76129e-21
1.52806e-21
-1.28588e-21
-3.7723e-21
-8.95997e-22
-1.09169e-21
-1.17706e-21
-1.22366e-21
-1.25887e-21
-7.89086e-22
-7.05162e-22
-1.10718e-21
-1.87473e-21
2.02511e-21
-1.62477e-21
-4.04255e-21
-1.18617e-21
-1.15726e-21
-1.17726e-21
-1.2054e-21
-1.23514e-21
-3.51928e-22
-9.9393e-22
-9.27079e-22
-1.87753e-21
1.88592e-21
-1.47714e-21
-4.00274e-21
-1.1086e-21
-1.14853e-21
-1.17084e-21
-1.19246e-21
-1.2173e-21
-3.42698e-22
-7.14052e-22
-1.20312e-21
-2.21343e-21
1.64744e-21
-1.83624e-21
-4.31121e-21
-1.36178e-21
-1.24809e-21
-1.20714e-21
-1.20017e-21
-1.21174e-21
3.18495e-22
-1.6704e-22
-2.03313e-22
-1.49955e-21
1.9164e-21
-1.25946e-21
-4.01707e-21
-1.01006e-21
-1.13188e-21
-1.16617e-21
-1.18223e-21
-1.19934e-21
-6.14275e-22
-5.93122e-22
-1.04688e-21
-1.85416e-21
1.96914e-21
-1.69468e-21
-4.23329e-21
-1.25394e-21
-1.16681e-21
-1.16056e-21
-1.17321e-21
-1.19179e-21
-4.10112e-22
-1.02586e-21
-1.06788e-21
-1.9386e-21
1.74617e-21
-1.49114e-21
-3.98192e-21
-1.11477e-21
-1.13876e-21
-1.16092e-21
-1.1813e-21
-1.20072e-21
-1.10025e-21
-1.49455e-21
-1.8891e-21
-2.64247e-21
8.94947e-22
-1.89518e-21
-3.7883e-21
-1.22226e-21
-1.22754e-21
-1.22894e-21
-1.23373e-21
-1.2422e-21
2.07908e-22
-5.9087e-22
-6.46318e-22
-1.99922e-21
4.97616e-22
-1.56876e-21
-3.37191e-21
-1.03909e-21
-1.2276e-21
-1.28129e-21
-1.29737e-21
-1.30503e-21
-6.46365e-22
-6.49527e-22
-1.29739e-21
-1.9339e-21
6.08164e-22
-1.90849e-21
-3.50127e-21
-1.51901e-21
-1.4503e-21
-1.4344e-21
-1.4395e-21
-1.43627e-21
-3.25657e-22
-8.55619e-22
-8.30132e-22
-1.09354e-21
5.63538e-22
-1.04099e-21
-2.63587e-21
-1.50005e-21
-1.73939e-21
-1.93309e-21
-1.9414e-21
-1.86916e-21
5.61575e-22
3.83973e-22
3.95927e-22
-1.75395e-22
-2.85269e-23
-4.43842e-22
-1.26265e-21
-1.20697e-21
-1.76276e-21
-1.99089e-21
-2.11889e-21
-2.15153e-21
-4.95705e-22
-2.88676e-22
-7.46865e-22
-5.25459e-22
-1.7478e-21
-1.14723e-21
-6.37414e-22
-1.73164e-21
-1.94284e-21
-2.14393e-21
-2.27137e-21
-2.2966e-21
-3.42467e-22
-9.07683e-22
-9.4277e-22
-1.25581e-22
-3.77567e-21
-1.07126e-21
7.18985e-22
-2.11394e-21
-2.30095e-21
-2.46194e-21
-2.57796e-21
-2.61671e-21
-8.98595e-22
-1.34604e-21
-1.87564e-21
-1.20557e-22
-7.05997e-21
-1.65105e-21
2.25878e-21
-2.96249e-21
-2.91919e-21
-2.99555e-21
-3.08895e-21
-3.13499e-21
1.69733e-22
-6.28011e-22
-6.92665e-22
1.95087e-21
-1.02818e-20
-4.76762e-22
5.91483e-21
-3.1689e-21
-3.45534e-21
-3.66495e-21
-3.82228e-21
-3.89674e-21
-6.93117e-22
-7.99336e-22
-1.44576e-21
3.45188e-21
-1.50071e-20
7.46159e-24
1.09807e-20
-4.031e-21
-4.40817e-21
-4.69663e-21
-4.9112e-21
-5.00961e-21
-5.35485e-22
-1.40253e-21
-1.64026e-21
5.58844e-21
-2.29027e-20
4.15542e-22
1.69777e-20
-5.45907e-21
-5.89559e-21
-6.2445e-21
-6.50835e-21
-6.6202e-21
-1.11094e-21
-1.9117e-21
-2.67953e-21
8.10234e-21
-3.43427e-20
7.21518e-22
2.58268e-20
-7.58244e-21
-8.07336e-21
-8.49142e-21
-8.81081e-21
-8.92679e-21
-1.67197e-22
-1.46158e-21
-1.93549e-21
1.35714e-20
-4.91074e-20
2.50987e-21
3.88855e-20
-1.01583e-20
-1.10291e-20
-1.16571e-20
-1.20903e-20
-1.22132e-20
-1.00876e-21
-1.72109e-21
-3.01347e-21
1.97573e-20
-7.08246e-20
3.90965e-21
5.7567e-20
-1.427e-20
-1.53938e-20
-1.62523e-20
-1.6828e-20
-1.69377e-20
-1.04606e-21
-2.80851e-21
-3.77036e-21
2.88852e-20
-1.0142e-19
6.15306e-21
8.3765e-20
-2.00922e-20
-2.17345e-20
-2.29805e-20
-2.37767e-20
-2.38318e-20
-1.26334e-21
-3.18979e-21
-5.06106e-21
4.08698e-20
-1.43619e-19
8.89808e-21
1.21004e-19
-2.87111e-20
-3.11337e-20
-3.30445e-20
-3.41988e-20
-3.4089e-20
-1.07227e-21
-3.59396e-21
-5.8733e-21
5.73715e-20
-1.97698e-19
1.37739e-20
1.71856e-19
-4.01829e-20
-4.45167e-20
-4.81241e-20
-5.03146e-20
-4.99526e-20
-2.05387e-21
-4.58308e-21
-7.44559e-21
7.32528e-20
-2.5525e-19
1.83869e-20
2.33762e-19
-5.57958e-20
-6.42538e-20
-7.18763e-20
-7.61778e-20
-7.46807e-20
-2.25542e-21
-6.14836e-21
-9.12314e-21
9.43956e-20
-3.36322e-19
2.57425e-20
3.30078e-19
-8.00323e-20
-9.53256e-20
-1.11134e-19
-1.19593e-19
-1.09497e-19
-2.57306e-21
-7.01964e-21
-1.08109e-20
1.05637e-19
-3.72604e-19
2.60754e-20
3.37948e-19
-7.91747e-20
-8.54837e-20
-8.75565e-20
-8.04852e-20
-4.18518e-20
-1.68689e-21
-5.7887e-21
-9.3223e-21
6.37288e-20
-2.28049e-19
1.21639e-20
1.77275e-19
-4.16594e-20
-3.79094e-20
-2.85421e-20
-1.50491e-20
-5.59713e-22
-1.34113e-21
-3.95066e-21
-7.34621e-21
3.39979e-20
-1.3018e-19
3.77981e-21
8.70754e-20
-2.18902e-20
-1.75409e-20
-1.04335e-20
-3.22367e-21
-1.00183e-22
-9.26359e-22
-3.43881e-21
-5.60214e-21
2.06953e-20
-8.73115e-20
-2.58975e-22
4.94673e-20
-1.43867e-20
-9.94114e-21
-5.12538e-21
-1.14011e-21
-4.81342e-22
-9.68578e-22
-2.83512e-21
-5.55325e-21
1.31258e-20
-6.20302e-20
-2.50806e-21
2.69526e-20
-1.03772e-20
-6.68913e-21
-3.3531e-21
-1.31556e-21
-5.17476e-22
-8.21905e-22
-3.06966e-21
-5.18204e-21
7.94552e-21
-4.7438e-20
-3.91365e-21
1.57922e-20
-8.08266e-21
-5.95604e-21
-3.55191e-21
-2.03243e-21
-6.74757e-22
-9.0887e-22
-2.95513e-21
-5.7711e-21
5.55759e-21
-3.98788e-20
-4.73082e-21
1.09216e-20
-7.33745e-21
-4.94579e-21
-3.34036e-21
-1.90406e-21
-5.41254e-22
-3.96524e-22
-2.00212e-21
-4.15729e-21
4.52903e-21
-3.47088e-20
-4.52622e-21
8.78225e-21
-6.66624e-21
-4.48706e-21
-3.08816e-21
-1.79527e-21
-5.75373e-22
-8.23424e-22
-1.95481e-21
-3.91586e-21
3.67272e-21
-3.1341e-20
-4.5354e-21
7.17826e-21
-6.35637e-21
-5.03976e-21
-3.27047e-21
-1.86162e-21
-5.51502e-22
-6.99528e-22
-2.79243e-21
-4.58476e-21
2.65111e-21
-2.86888e-20
-5.27713e-21
5.07747e-21
-6.15049e-21
-4.67771e-21
-3.15287e-21
-1.76699e-21
-5.77367e-22
-8.32014e-22
-2.35086e-21
-4.66377e-21
2.12608e-21
-2.62763e-20
-4.76828e-21
5.56159e-21
-5.41222e-21
-3.93859e-21
-2.51546e-21
-1.50853e-21
-4.70025e-22
-6.09133e-22
-2.48764e-21
-4.31248e-21
1.50018e-21
-2.40343e-20
-4.04367e-21
5.42317e-21
-5.0903e-21
-3.9325e-21
-2.58369e-21
-1.8548e-21
-5.96602e-22
-6.86868e-22
-2.05673e-21
-4.6514e-21
8.79974e-22
-2.25998e-20
-4.70406e-21
3.63684e-21
-5.20809e-21
-4.0316e-21
-3.12037e-21
-1.88643e-21
-5.42954e-22
-7.57167e-22
-2.4509e-21
-4.34289e-21
4.22485e-22
-2.08462e-20
-4.39374e-21
2.55878e-21
-5.23412e-21
-4.04083e-21
-2.99275e-21
-1.64652e-21
-5.58034e-22
-8.84166e-22
-2.44175e-21
-4.06791e-21
2.70127e-22
-1.90716e-20
-4.18835e-21
2.40975e-21
-5.18175e-21
-4.02034e-21
-2.57086e-21
-1.54693e-21
-4.56562e-22
-6.29733e-22
-2.45327e-21
-4.00793e-21
-2.97528e-22
-1.8265e-20
-4.70456e-21
1.91411e-21
-4.79509e-21
-3.72374e-21
-2.39488e-21
-1.46401e-21
-4.97056e-22
-6.65155e-22
-2.09439e-21
-4.38618e-21
-5.60956e-22
-1.72058e-20
-4.64046e-21
1.65591e-21
-4.42755e-21
-3.58363e-21
-2.71105e-21
-1.56684e-21
-4.68302e-22
-3.17596e-22
-1.68051e-21
-3.33692e-21
-5.96323e-22
-1.53255e-20
-4.10403e-21
1.29764e-21
-4.30391e-21
-3.55521e-21
-2.6479e-21
-1.51611e-21
-5.16996e-22
-5.07677e-22
-1.37622e-21
-3.4913e-21
-7.72683e-22
-1.45445e-20
-4.19082e-21
1.02871e-21
-4.20132e-21
-3.12996e-21
-2.06183e-21
-1.26053e-21
-3.87327e-22
-5.25018e-22
-1.73584e-21
-3.22844e-21
-9.23145e-22
-1.33506e-20
-3.71909e-21
7.24765e-22
-3.8825e-21
-2.95626e-21
-1.9599e-21
-1.289e-21
-4.46026e-22
-2.55172e-21
-4.4942e-21
-7.05653e-21
-2.21997e-21
-2.37431e-20
-6.88068e-21
9.62708e-22
-6.92193e-21
-5.68405e-21
-4.57707e-21
-3.29076e-21
-1.10336e-21
-2.33837e-21
-5.81066e-21
-7.29226e-21
-2.64613e-21
-2.11593e-20
-6.82105e-21
1.74663e-22
-6.58519e-21
-4.83042e-21
-3.98502e-21
-2.3889e-21
-8.30251e-22
-2.00327e-21
-4.54976e-21
-6.43215e-21
-2.68652e-21
-1.84431e-20
-6.31552e-21
-7.04674e-22
-6.95417e-21
-5.88831e-21
-4.5346e-21
-2.68579e-21
-9.10132e-22
-2.73496e-21
-5.45284e-21
-6.81024e-21
-3.09374e-21
-1.63464e-20
-6.09252e-21
-1.54903e-21
-7.1116e-21
-6.46084e-21
-4.79895e-21
-2.61455e-21
-8.92317e-22
-2.55342e-21
-6.07769e-21
-6.63752e-21
-3.38659e-21
-1.45852e-20
-5.92841e-21
-2.17254e-21
-6.98496e-21
-6.12448e-21
-5.1904e-21
-3.50721e-21
-1.21609e-21
-1.78873e-21
-4.64391e-21
-5.9285e-21
-3.43411e-21
-1.30394e-20
-5.74867e-21
-2.66226e-21
-6.93325e-21
-6.54835e-21
-5.03518e-21
-3.01214e-21
-1.00948e-21
-1.65371e-21
-3.888e-21
-5.53874e-21
-3.49625e-21
-1.17105e-20
-5.53566e-21
-2.90521e-21
-6.42656e-21
-6.03007e-21
-4.77248e-21
-2.92202e-21
-1.06686e-21
-2.03754e-21
-4.51526e-21
-5.54453e-21
-3.65502e-21
-1.06376e-20
-5.38806e-21
-3.11509e-21
-5.94607e-21
-4.94947e-21
-4.34514e-21
-2.79846e-21
-9.99413e-22
-1.88222e-21
-4.3239e-21
-5.2464e-21
-3.72425e-21
-9.74661e-21
-5.32487e-21
-3.43178e-21
-5.89056e-21
-5.07882e-21
-4.33165e-21
-2.76029e-21
-9.64906e-22
-2.33096e-21
-4.31153e-21
-5.47433e-21
-3.90567e-21
-9.00868e-21
-5.25896e-21
-3.70522e-21
-6.00936e-21
-5.76115e-21
-4.51388e-21
-2.97514e-21
-1.00358e-21
-3.10767e-21
-6.1168e-21
-5.98982e-21
-4.14861e-21
-8.37702e-21
-5.16418e-21
-3.88303e-21
-5.94118e-21
-5.62391e-21
-4.36825e-21
-2.39663e-21
-8.58672e-22
-1.9717e-21
-5.03778e-21
-5.44799e-21
-4.13979e-21
-7.75709e-21
-5.01372e-21
-3.92599e-21
-5.64063e-21
-5.26431e-21
-4.53311e-21
-3.20235e-21
-1.13412e-21
-1.85489e-21
-3.82033e-21
-4.9802e-21
-4.01399e-21
-7.14319e-21
-4.79233e-21
-3.81814e-21
-5.16758e-21
-4.68372e-21
-3.88247e-21
-2.50336e-21
-8.64424e-22
-1.75203e-21
-3.98272e-21
-4.67278e-21
-3.87748e-21
-6.58273e-21
-4.57183e-21
-3.70778e-21
-4.79385e-21
-4.18118e-21
-3.41674e-21
-1.79053e-21
-6.8265e-22
-1.76888e-21
-3.80136e-21
-4.50025e-21
-3.79666e-21
-6.1275e-21
-4.44239e-21
-3.79622e-21
-5.00075e-21
-4.89388e-21
-3.89645e-21
-2.41964e-21
-8.38005e-22
-1.70969e-21
-3.70191e-21
-4.34237e-21
-3.73104e-21
-5.74984e-21
-4.34282e-21
-3.82099e-21
-4.80793e-21
-4.64425e-21
-3.75417e-21
-2.48093e-21
-8.53876e-22
-1.67215e-21
-3.57913e-21
-4.20747e-21
-3.67456e-21
-5.42362e-21
-4.24342e-21
-3.7873e-21
-4.54636e-21
-4.05854e-21
-3.43794e-21
-2.18125e-21
-7.75908e-22
-1.64686e-21
-3.51784e-21
-4.10622e-21
-3.62345e-21
-5.12448e-21
-4.12056e-21
-3.7341e-21
-4.40799e-21
-4.13623e-21
-3.70258e-21
-2.74802e-21
-1.0033e-21
-1.57456e-21
-3.3611e-21
-3.94884e-21
-3.53676e-21
-4.83181e-21
-3.97414e-21
-3.63598e-21
-4.21226e-21
-3.93945e-21
-3.40619e-21
-2.34268e-21
-8.21357e-22
-1.54616e-21
-3.26897e-21
-3.82794e-21
-3.45959e-21
-4.5787e-21
-3.86465e-21
-3.60685e-21
-4.15522e-21
-3.96371e-21
-3.60328e-21
-2.63911e-21
-9.76661e-22
-1.60039e-21
-3.35749e-21
-3.84195e-21
-3.45448e-21
-4.39748e-21
-3.80034e-21
-3.60868e-21
-4.10971e-21
-3.91292e-21
-3.42982e-21
-2.42868e-21
-8.42157e-22
-1.58657e-21
-3.34322e-21
-3.81985e-21
-3.45236e-21
-4.25244e-21
-3.74694e-21
-3.58849e-21
-4.00856e-21
-3.75386e-21
-3.18668e-21
-2.03792e-21
-7.29423e-22
-1.54718e-21
-3.26134e-21
-3.74753e-21
-3.4235e-21
-4.10984e-21
-3.67798e-21
-3.53801e-21
-3.88519e-21
-3.61031e-21
-3.04686e-21
-1.99186e-21
-7.09062e-22
-1.56261e-21
-3.26942e-21
-3.72866e-21
-3.40221e-21
-3.96992e-21
-3.58878e-21
-3.45991e-21
-3.75281e-21
-3.48566e-21
-2.95879e-21
-1.9543e-21
-7.00616e-22
-1.56369e-21
-3.2654e-21
-3.70456e-21
-3.37388e-21
-3.84025e-21
-3.51013e-21
-3.40857e-21
-3.68174e-21
-3.44477e-21
-2.95069e-21
-1.96546e-21
-7.06632e-22
-1.53924e-21
-3.21841e-21
-3.64584e-21
-3.33209e-21
-3.73029e-21
-3.46296e-21
-3.40328e-21
-3.6702e-21
-3.4525e-21
-2.96233e-21
-1.97188e-21
-7.07875e-22
-1.52045e-21
-3.16882e-21
-3.58657e-21
-3.28912e-21
-3.63242e-21
-3.41784e-21
-3.38349e-21
-3.62573e-21
-3.40728e-21
-2.92162e-21
-1.94259e-21
-6.97988e-22
-1.50976e-21
-3.13817e-21
-3.53761e-21
-3.24578e-21
-3.53493e-21
-3.35704e-21
-3.33557e-21
-3.55278e-21
-3.33926e-21
-2.86955e-21
-1.91354e-21
-6.89372e-22
-1.49956e-21
-3.11103e-21
-3.49316e-21
-3.20309e-21
-3.4443e-21
-3.30096e-21
-3.30078e-21
-3.51168e-21
-3.31187e-21
-2.8456e-21
-1.88617e-21
-6.81611e-22
-1.48833e-21
-3.08134e-21
-3.45205e-21
-3.16583e-21
-3.36904e-21
-3.26073e-21
-3.28623e-21
-3.50033e-21
-3.32631e-21
-2.89359e-21
-1.96106e-21
-7.0923e-22
-1.48094e-21
-3.05996e-21
-3.41943e-21
-3.13532e-21
-3.30435e-21
-3.22223e-21
-3.26141e-21
-3.46478e-21
-3.29591e-21
-2.87366e-21
-1.90188e-21
-6.93557e-22
-1.47188e-21
-3.03696e-21
-3.38615e-21
-3.10448e-21
-3.2453e-21
-3.18793e-21
-3.24281e-21
-3.43006e-21
-3.18219e-21
-2.88045e-21
-2.15732e-21
-7.39781e-22
-1.46329e-21
-3.01231e-21
-3.35e-21
-3.06889e-21
-3.18298e-21
-3.14321e-21
-3.21857e-21
-3.47728e-21
-3.58635e-21
-2.8993e-21
-1.98818e-21
-7.00471e-22
-1.46418e-21
-3.00772e-21
-3.33023e-21
-3.03756e-21
-3.11223e-21
-3.06158e-21
-3.10302e-21
-3.27201e-21
-3.21209e-21
-2.68029e-21
-1.7402e-21
-6.41918e-22
-1.45206e-21
-2.96886e-21
-3.29897e-21
-3.00166e-21
-3.0393e-21
-2.97729e-21
-2.99184e-21
-3.1099e-21
-2.8526e-21
-2.53629e-21
-1.69986e-21
-6.22733e-22
-1.4828e-21
-2.84154e-21
-3.31812e-21
-2.99484e-21
-2.9958e-21
-2.93991e-21
-2.97518e-21
-3.1141e-21
-2.9532e-21
-2.61062e-21
-1.7727e-21
-6.49168e-22
-1.83738e-21
-3.30818e-21
-3.43193e-21
-3.00424e-21
-2.99198e-21
-2.97441e-21
-3.06496e-21
-3.26968e-21
-3.16637e-21
-2.75036e-21
-1.83047e-21
-6.69406e-22
-1.78221e-21
-3.78279e-21
-3.31623e-21
-2.92145e-21
-2.95769e-21
-2.99134e-21
-3.11719e-21
-3.33756e-21
-3.25199e-21
-2.81127e-21
-1.89068e-21
-6.83712e-22
-4.06612e-22
-1.72315e-21
-2.42666e-21
-2.67043e-21
-2.84568e-21
-2.91626e-21
-3.02459e-21
-3.19027e-21
-3.04597e-21
-2.66615e-21
-1.76256e-21
-6.4825e-22
-1.06286e-21
-1.55926e-21
-2.62035e-21
-2.63485e-21
-2.7646e-21
-2.83018e-21
-2.92724e-21
-3.07185e-21
-2.92533e-21
-2.66648e-21
-2.05443e-21
-7.11765e-22
-1.38614e-21
-2.70604e-21
-2.95951e-21
-2.7107e-21
-2.75663e-21
-2.81907e-21
-2.94538e-21
-3.1453e-21
-3.06313e-21
-2.68322e-21
-1.87476e-21
-6.6841e-22
-1.73804e-21
-3.25381e-21
-3.1274e-21
-2.70553e-21
-2.69334e-21
-2.75009e-21
-2.8804e-21
-3.09136e-21
-3.01378e-21
-2.6054e-21
-1.69091e-21
-6.23348e-22
-1.40966e-21
-3.09417e-21
-3.32059e-21
-2.69953e-21
-2.47671e-21
-2.80473e-21
-3.00008e-21
-3.1214e-21
-2.97512e-21
-2.60901e-21
-1.76597e-21
-6.43341e-22
-8.17127e-22
-1.66646e-21
-1.59458e-21
-2.28181e-21
-3.19523e-21
-2.45855e-21
-2.68161e-21
-2.92293e-21
-2.73169e-21
-2.17512e-21
-1.45302e-21
-4.50634e-22
-6.53819e-22
-1.65691e-21
-1.4126e-21
-2.13291e-21
-2.11877e-21
-2.0957e-21
-1.46355e-21
-1.22507e-21
-1.48826e-21
-1.21627e-21
-4.59391e-22
-1.59694e-22
6.42028e-23
-7.71538e-22
-1.84148e-21
-1.8504e-21
-1.4118e-21
-2.07117e-21
-1.475e-21
-1.41961e-21
-1.70313e-21
-1.57232e-21
-9.6064e-22
-3.96118e-22
-6.10943e-22
-8.76105e-22
-1.7872e-21
-1.91742e-21
-2.13852e-21
-1.948e-21
-2.15301e-21
-1.88862e-21
-1.19036e-21
-1.12774e-21
-7.84685e-22
-2.56678e-22
9.08353e-23
-6.93484e-22
-8.94247e-22
-1.58027e-21
-1.79014e-21
-1.79139e-21
-1.91963e-21
-1.78292e-21
-1.25582e-21
-1.06501e-21
-7.77012e-22
-2.89226e-22
-9.03082e-22
-1.40763e-21
-2.26696e-21
-2.34256e-21
-2.36005e-21
-2.42284e-21
-1.96923e-21
-1.62986e-21
-1.45297e-21
-1.10046e-21
-5.85088e-22
-2.44703e-22
-4.51606e-22
-1.86464e-21
-2.42424e-21
-2.43792e-21
-2.77562e-21
-2.78006e-21
-2.181e-21
-1.92397e-21
-1.60826e-21
-1.41191e-21
-9.16983e-22
-3.33788e-22
-1.00522e-21
-1.42993e-21
-2.18569e-21
-2.26135e-21
-2.36792e-21
-2.27854e-21
-2.26808e-21
-2.2284e-21
-2.17984e-21
-1.78428e-21
-1.05119e-21
-3.32279e-22
-5.41157e-22
-1.70214e-21
-1.57861e-21
-1.96974e-21
-2.12058e-21
-2.15874e-21
-2.20619e-21
-2.1138e-21
-1.9655e-21
-1.49671e-21
-8.49126e-22
-3.08213e-22
-1.22759e-21
-2.28729e-21
-2.68729e-21
-2.34714e-21
-2.04683e-21
-1.76187e-21
-1.43683e-21
-1.3986e-21
-1.2775e-21
-1.19783e-21
-9.65116e-22
-3.69379e-22
-2.34417e-22
-1.70364e-21
-2.20666e-21
-2.01654e-21
-1.88573e-21
-1.70181e-21
-1.31544e-21
-1.48299e-21
-1.47601e-21
-1.38436e-21
-1.00332e-21
-3.50804e-22
-6.15805e-22
-7.9685e-22
-1.67368e-21
-1.80368e-21
-1.81011e-21
-1.7417e-21
-1.72577e-21
-1.57525e-21
-1.24862e-21
-1.15458e-21
-7.52125e-22
-2.57655e-22
-2.64789e-23
-1.02002e-21
-1.09114e-21
-1.46934e-21
-1.6274e-21
-1.59424e-21
-1.78807e-21
-1.9705e-21
-1.79883e-21
-1.41149e-21
-9.06541e-22
-3.40516e-22
-1.37254e-22
-1.78806e-22
-8.52999e-22
-1.63565e-21
-1.94376e-21
-2.08846e-21
-1.73418e-21
-1.427e-21
-1.62482e-21
-1.41954e-21
-9.56512e-22
-3.83525e-22
-2.36886e-22
-9.52259e-22
-1.3403e-21
-1.83574e-21
-2.17724e-21
-2.34314e-21
-1.74505e-21
-1.42163e-21
-1.38554e-21
-1.35123e-21
-9.66235e-22
-3.42621e-22
-5.85723e-22
-1.05237e-21
-1.90736e-21
-1.93241e-21
-2.02315e-21
-1.92069e-21
-1.84123e-21
-1.66554e-21
-1.32014e-21
-1.05936e-21
-6.54682e-22
-2.14725e-22
-3.99495e-22
-1.34389e-21
-1.50875e-21
-1.75945e-21
-1.82791e-21
-1.81104e-21
-1.78036e-21
-1.66555e-21
-1.38403e-21
-1.09203e-21
-7.2809e-22
-2.80709e-22
-6.64962e-22
-1.41293e-21
-1.82097e-21
-1.99505e-21
-1.94777e-21
-1.80084e-21
-1.61346e-21
-1.42837e-21
-1.27982e-21
-1.07257e-21
-7.22893e-22
-2.68564e-22
-2.23838e-22
-1.05489e-21
-1.58845e-21
-1.85647e-21
-2.01061e-21
-1.91842e-21
-1.57137e-21
-1.45203e-21
-1.30054e-21
-1.14898e-21
-7.04456e-22
-2.82136e-22
-9.13764e-22
-1.20595e-21
-1.88017e-21
-1.79683e-21
-1.83154e-21
-1.78949e-21
-1.69445e-21
-1.52504e-21
-1.28141e-21
-1.0342e-21
-6.15111e-22
-2.14681e-22
-5.27028e-22
-1.76066e-21
-1.5432e-21
-1.62173e-21
-1.64525e-21
-1.6612e-21
-1.66689e-21
-1.61178e-21
-1.40751e-21
-1.12014e-21
-7.47055e-22
-2.7533e-22
-6.45325e-22
-1.30956e-21
-1.72118e-21
-1.8314e-21
-1.75974e-21
-1.6333e-21
-1.47571e-21
-1.3194e-21
-1.19213e-21
-1.01334e-21
-6.65858e-22
-2.48573e-22
-2.39192e-22
-1.07756e-21
-1.5431e-21
-1.74177e-21
-1.85906e-21
-1.76357e-21
-1.4272e-21
-1.31413e-21
-1.13443e-21
-1.0731e-21
-7.42377e-22
-2.73324e-22
-6.52059e-22
-8.46051e-22
-1.62346e-21
-1.66903e-21
-1.71184e-21
-1.65907e-21
-1.56241e-21
-1.42578e-21
-1.33027e-21
-9.66282e-22
-5.76078e-22
-1.89217e-22
-7.46643e-22
-1.68375e-21
-1.49662e-21
-1.49411e-21
-1.50374e-21
-1.4985e-21
-1.46935e-21
-1.34312e-21
-1.26142e-21
-9.56832e-22
-6.12415e-22
-2.35948e-22
-7.13746e-22
-1.57456e-21
-1.66283e-21
-1.68047e-21
-1.58611e-21
-1.46846e-21
-1.39357e-21
-1.38554e-21
-1.10792e-21
-9.13866e-22
-5.93193e-22
-2.26212e-22
-2.29559e-22
-8.9773e-22
-1.4487e-21
-1.59945e-21
-1.70445e-21
-1.64025e-21
-1.39342e-21
-1.47412e-21
-1.31309e-21
-1.13135e-21
-7.79564e-22
-2.87197e-22
-7.88551e-22
-9.65667e-22
-1.57001e-21
-1.56214e-21
-1.61694e-21
-1.59397e-21
-1.50376e-21
-1.19798e-21
-8.60389e-22
-7.65172e-22
-4.87694e-22
-1.59014e-22
-7.14699e-22
-1.61885e-21
-1.44356e-21
-1.49882e-21
-1.69072e-21
-1.68735e-21
-1.51396e-21
-1.31855e-21
-9.59095e-22
-8.08948e-22
-5.27339e-22
-2.08693e-22
-8.76779e-22
-1.74096e-21
-1.57243e-21
-1.36812e-21
-9.61371e-22
-8.53853e-22
-9.74733e-22
-9.78082e-22
-9.7642e-22
-8.26118e-22
-5.47868e-22
-2.14547e-22
2.88764e-23
-6.72769e-22
-1.11065e-21
-1.14319e-21
-8.99376e-22
-8.78694e-22
-9.16114e-22
-9.71724e-22
-9.31347e-22
-9.1238e-22
-5.9873e-22
-2.23328e-22
-4.64149e-22
-4.63345e-22
-1.20517e-21
-1.22028e-21
-1.31624e-21
-1.33354e-21
-1.30511e-21
-1.18459e-21
-9.86437e-22
-7.23119e-22
-4.332e-22
-1.43702e-22
-3.43824e-22
-1.16282e-21
-1.00696e-21
-1.12602e-21
-1.15056e-21
-1.26197e-21
-1.28372e-21
-1.24946e-21
-1.12808e-21
-8.71264e-22
-6.19699e-22
-2.31809e-22
-3.59607e-22
-8.82453e-22
-1.24872e-21
-1.47274e-21
-1.52776e-21
-1.35478e-21
-1.19582e-21
-1.09986e-21
-1.00188e-21
-9.1168e-22
-6.9474e-22
-2.48129e-22
-2.80367e-22
-9.17146e-22
-1.42475e-21
-1.51655e-21
-1.65201e-21
-1.43134e-21
-1.17229e-21
-1.06564e-21
-9.2068e-22
-8.06164e-22
-5.58151e-22
-1.91628e-22
-4.73041e-22
-9.03258e-22
-1.33931e-21
-1.375e-21
-1.33002e-21
-1.28289e-21
-1.16839e-21
-1.01209e-21
-8.2746e-22
-6.39574e-22
-3.82416e-22
-1.23268e-22
-2.64008e-22
-8.98816e-22
-1.0209e-21
-1.1258e-21
-1.14248e-21
-1.12788e-21
-1.08107e-21
-9.89754e-22
-8.29929e-22
-6.16008e-22
-3.2203e-22
-1.29166e-22
-3.45087e-22
-6.54457e-22
-8.26414e-22
-1.08804e-21
-1.11301e-21
-1.04802e-21
-9.38791e-22
-8.21841e-22
-7.18586e-22
-5.8989e-22
-3.63088e-22
-1.36184e-22
-1.55778e-22
-6.10519e-22
-8.37942e-22
-1.05062e-21
-1.13894e-21
-1.08539e-21
-8.90118e-22
-8.05359e-22
-7.07053e-22
-6.26664e-22
-4.35965e-22
-1.55252e-22
-3.93868e-22
-6.29086e-22
-1.04105e-21
-1.02488e-21
-1.04155e-21
-1.011e-21
-9.40414e-22
-8.2954e-22
-6.83287e-22
-5.38938e-22
-3.30811e-22
-1.09147e-22
-2.03819e-22
-7.23014e-22
-7.58197e-22
-8.8696e-22
-8.88311e-22
-9.43172e-22
-9.46984e-22
-8.82321e-22
-7.46149e-22
-5.70465e-22
-3.42838e-22
-1.25785e-22
-3.09814e-22
-6.08921e-22
-8.62186e-22
-1.00617e-21
-1.10538e-21
-9.2882e-22
-8.04771e-22
-7.32193e-22
-6.66953e-22
-5.57937e-22
-3.60999e-22
-1.31231e-22
-1.12775e-22
-4.71771e-22
-7.79012e-22
-9.2274e-22
-1.06424e-21
-9.66797e-22
-7.77469e-22
-7.27698e-22
-6.50563e-22
-5.93782e-22
-4.07218e-22
-1.48861e-22
-4.40442e-22
-6.26611e-22
-8.84429e-22
-8.82347e-22
-8.84183e-22
-9.30217e-22
-9.20325e-22
-8.11579e-22
-6.79991e-22
-5.16378e-22
-2.90655e-22
-9.17267e-23
-1.87367e-22
-7.27917e-22
-7.12382e-22
-8.02948e-22
-8.47064e-22
-8.43973e-22
-8.79002e-22
-8.03786e-22
-6.60273e-22
-5.15797e-22
-3.25205e-22
-1.20892e-22
-2.07164e-22
-3.48551e-22
-6.01111e-22
-8.02419e-22
-8.69581e-22
-8.67469e-22
-7.13468e-22
-6.50795e-22
-5.6192e-22
-4.67763e-22
-3.06464e-22
-1.05591e-22
-1.70438e-22
-4.68084e-22
-6.16347e-22
-7.61823e-22
-8.46557e-22
-8.61241e-22
-6.58491e-22
-6.04692e-22
-5.29135e-22
-4.38221e-22
-2.93455e-22
-1.0229e-22
-2.29148e-22
-4.189e-22
-6.68737e-22
-7.07826e-22
-7.43749e-22
-7.15172e-22
-6.91028e-22
-5.90519e-22
-4.80449e-22
-3.71918e-22
-2.24845e-22
-7.3807e-23
-1.41128e-22
-4.0845e-22
-5.01048e-22
-6.15791e-22
-6.37737e-22
-6.5991e-22
-6.60697e-22
-5.9349e-22
-5.00874e-22
-3.88997e-22
-2.51702e-22
-8.86236e-23
-2.43348e-22
-4.64711e-22
-5.89119e-22
-6.74584e-22
-7.33128e-22
-6.34951e-22
-5.2378e-22
-4.91263e-22
-4.21958e-22
-3.08217e-22
-1.54906e-22
-5.10366e-23
-9.43388e-23
-3.96256e-22
-5.39333e-22
-6.18802e-22
-6.9597e-22
-6.35616e-22
-5.08572e-22
-4.68271e-22
-3.92196e-22
-3.23226e-22
-1.88586e-22
-6.90905e-23
-1.16661e-22
-2.10118e-22
-4.57064e-22
-5.44028e-22
-5.68769e-22
-5.83408e-22
-5.65948e-22
-5.04309e-22
-4.44629e-22
-3.33813e-22
-2.07287e-22
-6.46028e-23
-1.21457e-22
-3.38168e-22
-4.31653e-22
-4.95929e-22
-5.28168e-22
-5.25179e-22
-5.29998e-22
-4.89679e-22
-4.29285e-22
-3.13738e-22
-1.87471e-22
-6.30576e-23
-9.39535e-23
-2.24144e-22
-3.22186e-22
-4.47814e-22
-5.02739e-22
-5.20845e-22
-4.45072e-22
-4.08827e-22
-3.39036e-22
-2.68569e-22
-1.68664e-22
-5.71851e-23
-7.71933e-23
-1.82712e-22
-2.85492e-22
-4.11039e-22
-4.78666e-22
-4.88751e-22
-4.10035e-22
-3.75604e-22
-3.28733e-22
-2.54796e-22
-1.57667e-22
-5.06426e-23
-9.04213e-23
-1.90624e-22
-3.27213e-22
-3.94103e-22
-4.34573e-22
-4.24476e-22
-4.07745e-22
-3.48837e-22
-2.83559e-22
-2.0231e-22
-1.19033e-22
-3.69577e-23
-9.12642e-23
-2.23718e-22
-2.94926e-22
-3.51405e-22
-3.80681e-22
-3.79536e-22
-3.53243e-22
-3.0534e-22
-2.38872e-22
-1.69301e-22
-9.94412e-23
-3.11851e-23
6.67382e-21
1.14652e-20
1.64292e-20
2.25504e-20
1.56891e-20
2.30328e-20
1.2581e-20
2.06051e-20
1.03098e-20
1.83151e-20
8.86437e-21
1.68458e-20
8.04268e-21
1.55182e-20
6.22457e-21
1.29949e-20
4.75124e-21
1.11417e-20
3.52811e-21
9.51752e-21
2.50377e-21
8.14105e-21
1.64757e-21
6.98703e-21
9.29051e-22
6.03514e-21
3.35553e-22
5.2734e-21
-7.32669e-25
4.63048e-21
-4.09311e-22
4.06421e-21
-8.18125e-22
3.55149e-21
-1.14909e-21
3.07268e-21
-1.4456e-21
2.61941e-21
-1.71341e-21
2.1911e-21
-1.95689e-21
1.80111e-21
-2.17719e-21
1.45871e-21
-2.37201e-21
1.17117e-21
-2.59495e-21
9.38448e-22
-2.81064e-21
7.55305e-22
-2.9762e-21
5.87961e-22
-3.09713e-21
4.82965e-22
-3.19131e-21
3.91752e-22
-3.26786e-21
2.77637e-22
-3.33007e-21
1.84979e-22
-3.37983e-21
1.02354e-22
-3.41403e-21
3.09781e-23
-3.49099e-21
-3.61621e-23
-3.58733e-21
-1.1211e-22
-3.64971e-21
-1.83378e-22
-3.68114e-21
-2.78751e-22
-3.70451e-21
-4.05783e-22
-3.72568e-21
-5.37773e-22
-3.74709e-21
-6.86734e-22
-3.77328e-21
-8.57101e-22
-3.89458e-21
-1.18061e-21
-3.6904e-21
-1.12121e-21
-2.85097e-21
-1.80995e-22
-2.88619e-21
-2.96809e-22
-2.99294e-21
-6.72516e-22
-3.12162e-21
-9.79371e-22
-3.24937e-21
-1.21116e-21
-3.37366e-21
-1.43994e-21
-3.49123e-21
-1.6567e-21
-3.61482e-21
-1.85989e-21
-3.62919e-21
-2.03369e-21
-3.64344e-21
-2.17761e-21
-3.67552e-21
-2.30257e-21
-3.71537e-21
-2.42726e-21
-3.7569e-21
-2.55652e-21
-3.80241e-21
-2.68805e-21
-3.8693e-21
-2.82389e-21
-4.03597e-21
-2.95352e-21
-4.39835e-21
-3.06197e-21
-2.5374e-21
-2.80483e-21
-2.27901e-21
-2.19203e-21
-3.88313e-21
-2.48279e-21
-3.77657e-21
-2.69619e-21
-3.93097e-21
-2.91382e-21
-4.059e-21
-3.12447e-21
-4.1673e-21
-3.3161e-21
-4.26143e-21
-3.49341e-21
-4.34532e-21
-3.66104e-21
-4.44943e-21
-3.8151e-21
-4.54101e-21
-3.95627e-21
-4.61266e-21
-4.08686e-21
-4.67848e-21
-4.20934e-21
-4.73441e-21
-4.32484e-21
-4.78266e-21
-4.43608e-21
-4.82607e-21
-4.54494e-21
-4.86467e-21
-4.64967e-21
-4.93628e-21
-4.74743e-21
-5.0089e-21
-4.83955e-21
-5.05976e-21
-4.93025e-21
-5.09901e-21
-5.02162e-21
-5.13357e-21
-5.11273e-21
-5.16815e-21
-5.19818e-21
-5.20186e-21
-5.27018e-21
-5.23657e-21
-5.33086e-21
-5.2654e-21
-5.38421e-21
-5.29298e-21
-5.43163e-21
-5.32812e-21
-5.47952e-21
-5.37613e-21
-5.52508e-21
-5.41505e-21
-5.57156e-21
-5.44003e-21
-5.62177e-21
-5.45574e-21
-5.67545e-21
-5.45924e-21
-5.72955e-21
-5.35973e-21
-5.76658e-21
-4.69977e-21
-5.83242e-21
-6.70191e-21
-5.8742e-21
-7.01632e-21
-5.28219e-21
-5.29997e-21
-5.33103e-21
-5.13652e-21
-5.39608e-21
-5.08434e-21
-5.46547e-21
-5.04478e-21
-5.522e-21
-5.01763e-21
-5.57142e-21
-5.01198e-21
-5.62088e-21
-5.02433e-21
-5.67115e-21
-4.86924e-21
-5.71646e-21
-4.81827e-21
-5.7453e-21
-4.83945e-21
-5.77606e-21
-4.84288e-21
-5.80561e-21
-4.84979e-21
-5.83428e-21
-4.85974e-21
-5.86376e-21
-4.86491e-21
-5.89876e-21
-4.905e-21
-5.94861e-21
-5.30614e-21
-6.06114e-21
-4.91304e-21
-5.78702e-21
-3.59415e-21
-4.94615e-21
-4.07608e-21
-5.07099e-21
-4.55105e-21
-5.26208e-21
-4.65019e-21
-5.43061e-21
-4.77824e-21
-5.58519e-21
-4.87575e-21
-5.72331e-21
-4.94886e-21
-5.84557e-21
-5.00062e-21
-5.95248e-21
-5.09098e-21
-6.05008e-21
-5.18396e-21
-6.14543e-21
-5.24194e-21
-6.23576e-21
-5.27685e-21
-6.31723e-21
-5.30277e-21
-6.3849e-21
-5.32203e-21
-6.43865e-21
-5.33e-21
-6.47627e-21
-5.26897e-21
-6.48958e-21
-4.638e-21
-6.66189e-21
-6.80802e-21
-6.76715e-21
-7.1923e-21
-5.93479e-21
-5.58397e-21
-5.88936e-21
-5.53675e-21
-6.11263e-21
-5.52753e-21
-6.2847e-21
-5.53456e-21
-6.39461e-21
-5.55467e-21
-6.50528e-21
-5.58251e-21
-6.60348e-21
-5.61126e-21
-6.68634e-21
-5.43863e-21
-6.75073e-21
-5.382e-21
-6.79731e-21
-5.41267e-21
-6.8447e-21
-5.42935e-21
-6.89089e-21
-5.4463e-21
-6.93634e-21
-5.46647e-21
-6.98161e-21
-5.48946e-21
-7.02748e-21
-5.51531e-21
-7.07243e-21
-5.53692e-21
-7.11625e-21
-5.61115e-21
-7.15965e-21
-5.70689e-21
-7.20855e-21
-5.78233e-21
-7.26574e-21
-5.83143e-21
-7.32685e-21
-5.86808e-21
-7.38863e-21
-5.90085e-21
-7.44663e-21
-5.93406e-21
-7.49802e-21
-5.96948e-21
-7.54882e-21
-6.00498e-21
-7.60432e-21
-6.09999e-21
-7.66679e-21
-6.19518e-21
-7.7366e-21
-6.24527e-21
-7.80665e-21
-6.26864e-21
-7.87189e-21
-6.28456e-21
-7.92939e-21
-6.29841e-21
-7.97618e-21
-6.31594e-21
-8.01695e-21
-6.33422e-21
-8.05127e-21
-6.38485e-21
-8.09681e-21
-6.07926e-21
-7.80595e-21
-5.20522e-21
-6.96661e-21
-5.31402e-21
-7.05001e-21
-5.422e-21
-7.16122e-21
-5.51447e-21
-7.26892e-21
-5.60099e-21
-7.37292e-21
-5.68073e-21
-7.46998e-21
-5.75522e-21
-7.55598e-21
-5.83424e-21
-7.63178e-21
-5.75498e-21
-7.687e-21
-5.69853e-21
-7.72857e-21
-5.69327e-21
-7.76713e-21
-5.71753e-21
-7.80804e-21
-5.75091e-21
-7.84882e-21
-5.78652e-21
-7.88851e-21
-5.82644e-21
-7.92802e-21
-5.8801e-21
-7.99757e-21
-5.96422e-21
-8.30894e-21
-5.79214e-21
-7.65975e-21
-4.99229e-21
-6.31876e-21
-5.26585e-21
-6.84815e-21
-5.54514e-21
-7.33047e-21
-5.75112e-21
-7.4702e-21
-5.90627e-21
-7.63796e-21
-6.02585e-21
-7.77158e-21
-6.12081e-21
-7.88046e-21
-6.19556e-21
-7.97113e-21
-6.32119e-21
-8.05477e-21
-6.45513e-21
-8.14201e-21
-6.55898e-21
-8.23243e-21
-6.62527e-21
-8.32216e-21
-6.66809e-21
-8.4031e-21
-6.7013e-21
-8.47464e-21
-6.73138e-21
-8.53856e-21
-6.76683e-21
-8.59904e-21
-6.86375e-21
-8.66328e-21
-6.9262e-21
-8.72479e-21
-6.94702e-21
-8.78173e-21
-6.96712e-21
-8.83063e-21
-6.98891e-21
-8.87034e-21
-7.01245e-21
-8.90156e-21
-7.03861e-21
-8.93031e-21
-7.06493e-21
-8.965e-21
-7.08708e-21
-9.00719e-21
-7.1777e-21
-9.06083e-21
-7.27314e-21
-9.11542e-21
-7.32519e-21
-9.15711e-21
-7.3389e-21
-9.1901e-21
-7.33713e-21
-9.21899e-21
-7.33086e-21
-9.24118e-21
-7.32235e-21
-9.25365e-21
-7.31649e-21
-9.25334e-21
-7.32607e-21
-9.34554e-21
-6.89989e-21
-8.98819e-21
-5.83533e-21
-7.80873e-21
-5.89276e-21
-7.78973e-21
-6.03041e-21
-8.03563e-21
-6.18546e-21
-8.22578e-21
-6.33526e-21
-8.35842e-21
-6.48207e-21
-8.50059e-21
-6.62161e-21
-8.63636e-21
-6.74988e-21
-8.76707e-21
-6.8663e-21
-8.88863e-21
-6.97478e-21
-8.99662e-21
-7.07618e-21
-9.08677e-21
-7.17005e-21
-9.16169e-21
-7.2538e-21
-9.22747e-21
-7.42492e-21
-9.30635e-21
-7.68797e-21
-9.40113e-21
-7.93208e-21
-9.50927e-21
-8.08025e-21
-9.61233e-21
-8.17015e-21
-9.70331e-21
-8.22496e-21
-9.77649e-21
-8.26222e-21
-9.83749e-21
-8.29456e-21
-9.89483e-21
-8.32533e-21
-9.94873e-21
-8.35673e-21
-1.0001e-20
-8.38839e-21
-1.00488e-20
-8.42107e-21
-1.00931e-20
-8.45214e-21
-1.01352e-20
-8.48146e-21
-1.0175e-20
-8.50799e-21
-1.0206e-20
-8.53257e-21
-1.0228e-20
-8.55194e-21
-1.02448e-20
-8.56869e-21
-1.02603e-20
-8.84599e-21
-1.03038e-20
-9.08391e-21
-1.03727e-20
-9.19455e-21
-1.0443e-20
-9.19275e-21
-1.04961e-20
-9.14735e-21
-1.05317e-20
-9.0878e-21
-1.05537e-20
-9.02772e-21
-1.05649e-20
-8.97472e-21
-1.05636e-20
-8.93407e-21
-1.05526e-20
-8.90284e-21
-1.05363e-20
-8.87966e-21
-1.05197e-20
-8.86364e-21
-1.05099e-20
-8.85525e-21
-1.05048e-20
-8.84723e-21
-1.04987e-20
-8.83685e-21
-1.049e-20
-8.82904e-21
-1.04825e-20
-8.87134e-21
-1.04822e-20
-9.3351e-21
-1.05226e-20
-9.52758e-21
-1.05908e-20
-9.5253e-21
-1.06507e-20
-9.50237e-21
-1.07005e-20
-9.46146e-21
-1.07333e-20
-9.41012e-21
-1.0753e-20
-9.36358e-21
-1.07692e-20
-9.32614e-21
-1.07814e-20
-9.29896e-21
-1.07911e-20
-9.27657e-21
-1.07937e-20
-9.25643e-21
-1.0789e-20
-9.23342e-21
-1.07755e-20
-9.20869e-21
-1.07542e-20
-9.18382e-21
-1.07238e-20
-9.15789e-21
-1.06846e-20
-9.1287e-21
-1.06445e-20
-9.11005e-21
-1.06162e-20
-9.14241e-21
-1.06065e-20
-9.53332e-21
-1.06525e-20
-9.7789e-21
-1.07363e-20
-9.85994e-21
-1.08265e-20
-9.83694e-21
-1.09001e-20
-9.76204e-21
-1.09443e-20
-9.68195e-21
-1.09645e-20
-9.61223e-21
-1.09712e-20
-9.56078e-21
-1.09729e-20
-9.52467e-21
-1.09769e-20
-9.50152e-21
-1.09866e-20
-9.48707e-21
-1.09991e-20
-9.47929e-21
-1.10131e-20
-9.46503e-21
-1.10253e-20
-9.438e-21
-1.10331e-20
-9.39514e-21
-1.10245e-20
-9.33162e-21
-1.09832e-20
-9.2255e-21
-1.08892e-20
-9.08553e-21
-1.073e-20
-9.14378e-21
-1.05155e-20
-8.8997e-21
-1.01936e-20
-8.33733e-21
-9.70478e-21
-7.44114e-21
-8.97208e-21
-6.15472e-21
-7.91011e-21
-4.37281e-21
-6.40726e-21
-1.93837e-21
-4.3234e-21
1.377e-21
-1.53328e-21
5.91602e-21
2.26905e-21
1.2151e-20
7.31712e-21
2.075e-20
1.39958e-20
3.26684e-20
2.27472e-20
4.94026e-20
3.4224e-20
7.33356e-20
4.85389e-20
1.0546e-19
6.13397e-20
9.29484e-20
4.63839e-20
-1.50879e-20
-5.67381e-20
-9.46857e-20
2.54252e-20
-5.49634e-21
9.13875e-20
8.42409e-21
1.36435e-20
1.77025e-20
2.04784e-20
1.98927e-20
6.68669e-21
-1.89906e-20
-6.50504e-20
-1.04752e-19
2.94391e-20
-4.52159e-21
9.98284e-20
9.92311e-21
1.51749e-20
1.95007e-20
2.30192e-20
2.18359e-20
7.64892e-21
-1.95673e-20
-6.78456e-20
-1.11776e-19
3.32604e-20
-3.46979e-21
1.07593e-19
1.13612e-20
1.66285e-20
2.10911e-20
2.48084e-20
2.34386e-20
7.89623e-21
-1.75753e-20
-6.53554e-20
-1.15746e-19
3.67808e-20
-2.35799e-21
1.14635e-19
1.27198e-20
1.79834e-20
2.24509e-20
2.59181e-20
2.47185e-20
8.04883e-21
-1.39874e-20
-5.93362e-20
-1.17302e-19
3.99262e-20
-1.20929e-21
1.20923e-19
1.39882e-20
1.92298e-20
2.3589e-20
2.62903e-20
2.58266e-20
8.21932e-21
-1.18549e-20
-5.83748e-20
-1.17215e-19
4.26564e-20
-5.17763e-23
1.2645e-19
1.51606e-20
2.03719e-20
2.45653e-20
2.65607e-20
2.67834e-20
8.99665e-21
-1.11557e-20
-5.62136e-20
-1.16495e-19
4.49544e-20
1.08703e-21
1.31232e-19
1.62338e-20
2.14205e-20
2.55422e-20
2.69103e-20
2.77964e-20
9.43935e-21
-1.07346e-20
-5.57225e-20
-1.15139e-19
4.6849e-20
2.18473e-21
1.35302e-19
1.7205e-20
2.23516e-20
2.66285e-20
2.89201e-20
2.88732e-20
1.03129e-20
-1.17697e-20
-5.72286e-20
-1.13278e-19
4.83908e-20
3.2255e-21
1.38707e-19
1.8074e-20
2.31811e-20
2.75585e-20
3.06492e-20
2.97721e-20
1.04921e-20
-1.25201e-20
-5.85927e-20
-1.1111e-19
4.96268e-20
4.19811e-21
1.41502e-19
1.88423e-20
2.38952e-20
2.83015e-20
3.16722e-20
3.04658e-20
1.06488e-20
-1.29053e-20
-5.79757e-20
-1.08616e-19
5.0605e-20
5.09649e-21
1.43746e-19
1.95137e-20
2.44954e-20
2.88421e-20
3.22123e-20
3.09393e-20
1.06922e-20
-1.28653e-20
-5.64679e-20
-1.05896e-19
5.13629e-20
5.91834e-21
1.45499e-19
2.00949e-20
2.49915e-20
2.92034e-20
3.23747e-20
3.12054e-20
1.05583e-20
-1.24736e-20
-5.43585e-20
-1.03041e-19
5.19292e-20
6.66395e-21
1.4682e-19
2.05951e-20
2.54014e-20
2.94139e-20
3.21273e-20
3.12913e-20
1.0174e-20
-1.18209e-20
-5.16013e-20
-1.00144e-19
5.23262e-20
7.33647e-21
1.47765e-19
2.10248e-20
2.57499e-20
2.95158e-20
3.13287e-20
3.12596e-20
9.41022e-21
-1.09077e-20
-4.96829e-20
-9.73355e-20
5.25708e-20
7.94109e-21
1.48386e-19
2.13934e-20
2.60575e-20
2.9626e-20
3.09563e-20
3.1275e-20
9.53379e-21
-1.04549e-20
-4.75569e-20
-9.48173e-20
5.26809e-20
8.48484e-21
1.48731e-19
2.17085e-20
2.63394e-20
2.99105e-20
3.12935e-20
3.1627e-20
9.54239e-21
-1.03476e-20
-4.75442e-20
-9.24465e-20
5.26891e-20
8.97563e-21
1.4884e-19
2.19762e-20
2.65922e-20
3.03451e-20
3.22262e-20
3.2149e-20
1.05491e-20
-1.04026e-20
-4.71843e-20
-9.0134e-20
5.26293e-20
9.42033e-21
1.4875e-19
2.22028e-20
2.68066e-20
3.07183e-20
3.32599e-20
3.25869e-20
1.07527e-20
-1.04552e-20
-4.6424e-20
-8.78234e-20
5.25295e-20
9.82243e-21
1.48496e-19
2.23947e-20
2.69606e-20
3.09665e-20
3.38311e-20
3.28911e-20
1.08697e-20
-1.03878e-20
-4.52205e-20
-8.5482e-20
5.24107e-20
1.01808e-20
1.48106e-19
2.25648e-20
2.70412e-20
3.10512e-20
3.40454e-20
3.30318e-20
1.08374e-20
-1.01374e-20
-4.34947e-20
-8.31057e-20
5.2288e-20
1.04885e-20
1.47613e-19
2.274e-20
2.70396e-20
3.09577e-20
3.39575e-20
3.3027e-20
1.06594e-20
-9.60772e-21
-4.09044e-20
-8.0733e-20
5.21759e-20
1.07333e-20
1.47056e-19
2.29724e-20
2.69477e-20
3.0676e-20
3.36159e-20
3.29219e-20
1.03191e-20
-8.65449e-21
-3.66262e-20
-7.8508e-20
5.2103e-20
1.09011e-20
1.46483e-19
2.33568e-20
2.67383e-20
3.0186e-20
3.3038e-20
3.27729e-20
9.06285e-21
-7.21064e-21
-3.35196e-20
-7.68415e-20
5.21473e-20
1.09957e-20
1.45952e-19
2.45108e-20
2.63685e-20
2.94563e-20
3.31407e-20
3.27629e-20
8.63593e-21
-5.98319e-21
-2.87987e-20
-7.46971e-20
5.25339e-20
1.25717e-20
1.45428e-19
2.59492e-20
2.70476e-20
2.90867e-20
3.33209e-20
3.31631e-20
8.38942e-21
-4.65097e-21
-2.54467e-20
-7.39593e-20
5.36087e-20
1.31707e-20
1.4465e-19
2.46231e-20
2.69768e-20
2.85597e-20
3.40636e-20
3.38489e-20
8.61972e-21
-4.03721e-21
-2.54958e-20
-6.91042e-20
5.48673e-20
1.46861e-20
1.4356e-19
2.39818e-20
2.72968e-20
2.97132e-20
3.46854e-20
3.38598e-20
9.12623e-21
-3.84324e-21
-2.98851e-20
-6.61402e-20
5.49126e-20
1.59043e-20
1.4238e-19
2.28483e-20
2.66285e-20
2.9533e-20
3.50212e-20
3.38386e-20
8.69242e-21
-3.44621e-21
-2.91635e-20
-6.2887e-20
5.50828e-20
1.74425e-20
1.412e-19
2.32367e-20
2.70956e-20
2.91669e-20
3.3957e-20
3.31161e-20
8.53246e-21
-2.98501e-21
-2.5719e-20
-6.11022e-20
5.41395e-20
1.53996e-20
1.39986e-19
2.28991e-20
2.68676e-20
2.85732e-20
3.3177e-20
3.22517e-20
8.15444e-21
-2.32446e-21
-2.39511e-20
-5.79708e-20
5.3551e-20
1.45299e-20
1.384e-19
2.29604e-20
2.71558e-20
2.97244e-20
3.16335e-20
3.13657e-20
8.2423e-21
-1.63702e-21
-2.01393e-20
-5.70387e-20
5.17971e-20
1.30989e-20
1.36725e-19
2.21687e-20
2.65855e-20
2.9814e-20
3.05722e-20
3.18977e-20
8.11531e-21
-6.91775e-22
-1.85229e-20
-5.64012e-20
5.02358e-20
1.19698e-20
1.35061e-19
2.1529e-20
2.60996e-20
2.98515e-20
3.14963e-20
3.21745e-20
8.97545e-21
9.9727e-23
-1.34266e-20
-5.611e-20
4.78075e-20
1.10773e-20
1.33448e-19
2.09968e-20
2.56842e-20
2.98388e-20
3.21123e-20
3.25262e-20
9.29901e-21
1.05104e-22
-1.61235e-20
-5.61251e-20
4.5915e-20
1.03719e-20
1.31902e-19
2.05449e-20
2.53129e-20
2.97278e-20
3.26494e-20
3.27573e-20
1.03187e-20
-2.25471e-22
-2.29864e-20
-5.61918e-20
4.4397e-20
9.81732e-21
1.30425e-19
2.01552e-20
2.49711e-20
2.94995e-20
3.25288e-20
3.28318e-20
1.10061e-20
-1.96094e-22
-1.9413e-20
-5.58623e-20
4.31701e-20
9.38548e-21
1.29013e-19
1.98143e-20
2.46528e-20
2.91767e-20
3.14901e-20
3.27595e-20
1.09916e-20
-3.96019e-22
-1.56523e-20
-5.54372e-20
4.21795e-20
9.05308e-21
1.27661e-19
1.95116e-20
2.43613e-20
2.8852e-20
3.09125e-20
3.26347e-20
1.09877e-20
-1.22315e-21
-2.12746e-20
-5.53193e-20
4.14111e-20
8.79826e-21
1.26362e-19
1.9238e-20
2.40734e-20
2.87053e-20
3.15729e-20
3.25946e-20
1.08864e-20
-2.26128e-21
-2.67431e-20
-5.51204e-20
4.09105e-20
8.59656e-21
1.25113e-19
1.89875e-20
2.38089e-20
2.852e-20
3.18356e-20
3.24957e-20
1.06178e-20
-3.1586e-21
-2.75288e-20
-5.46238e-20
4.07618e-20
8.41484e-21
1.23915e-19
1.87558e-20
2.35591e-20
2.83185e-20
3.15686e-20
3.23613e-20
1.00847e-20
-3.6252e-21
-2.76586e-20
-5.40935e-20
4.10972e-20
8.20743e-21
1.22782e-19
1.8543e-20
2.33284e-20
2.81391e-20
3.18404e-20
3.22899e-20
9.86758e-21
-3.97255e-21
-2.96864e-20
-5.43007e-20
4.03717e-20
7.89036e-21
1.21746e-19
1.83612e-20
2.31327e-20
2.80498e-20
3.20231e-20
3.24473e-20
9.32392e-21
-4.17383e-21
-3.00974e-20
-5.41406e-20
4.01124e-20
9.52975e-21
1.20845e-19
1.94205e-20
2.40631e-20
2.89178e-20
3.26068e-20
3.27298e-20
9.50557e-21
-4.32421e-21
-2.83113e-20
-5.58564e-20
3.94636e-20
1.00602e-20
1.20099e-19
1.95967e-20
2.41659e-20
2.89261e-20
3.29361e-20
3.32019e-20
9.16033e-21
-4.36135e-21
-2.73495e-20
-5.25798e-20
3.92754e-20
9.077e-21
1.19029e-19
2.01921e-20
2.44298e-20
2.91553e-20
3.29191e-20
3.30285e-20
9.38991e-21
-4.42188e-21
-2.53185e-20
-5.00064e-20
3.82497e-20
7.94904e-21
1.17972e-19
2.09242e-20
2.38861e-20
2.8052e-20
3.26764e-20
3.29573e-20
8.93799e-21
-4.34983e-21
-2.19359e-20
-4.77955e-20
3.76351e-20
9.15417e-21
1.16993e-19
2.21182e-20
2.44815e-20
2.79431e-20
3.23853e-20
3.25355e-20
9.02875e-21
-4.46052e-21
-2.06485e-20
-4.70691e-20
3.64345e-20
9.56243e-21
1.15865e-19
2.05483e-20
2.42291e-20
2.84795e-20
3.24174e-20
3.25177e-20
8.44542e-21
-4.49649e-21
-2.23777e-20
-4.46597e-20
3.50997e-20
8.63691e-21
1.14429e-19
1.97327e-20
2.41727e-20
2.85666e-20
3.20627e-20
3.20142e-20
8.2112e-21
-4.39811e-21
-2.03742e-20
-4.42712e-20
3.39596e-20
7.72979e-21
1.13002e-19
1.87044e-20
2.34844e-20
2.79396e-20
3.10605e-20
3.17488e-20
8.50806e-21
-4.12907e-21
-1.5833e-20
-4.38167e-20
3.29279e-20
7.18908e-21
1.11664e-19
1.80927e-20
2.30086e-20
2.75725e-20
3.063e-20
3.13737e-20
8.90462e-21
-3.98582e-21
-1.31301e-20
-4.35259e-20
3.19874e-20
6.82818e-21
1.10415e-19
1.77042e-20
2.26711e-20
2.72642e-20
3.04977e-20
3.1188e-20
9.84632e-21
-4.30998e-21
-1.82138e-20
-4.36683e-20
3.11171e-20
6.57276e-21
1.0924e-19
1.7438e-20
2.24166e-20
2.69247e-20
2.92355e-20
3.09962e-20
1.0276e-20
-4.8897e-21
-2.47278e-20
-4.3899e-20
3.03375e-20
6.39767e-21
1.08126e-19
1.72404e-20
2.22176e-20
2.65885e-20
2.82624e-20
3.07734e-20
1.03881e-20
-5.45179e-21
-2.6845e-20
-4.38793e-20
2.96852e-20
6.29451e-21
1.07059e-19
1.70795e-20
2.20329e-20
2.64336e-20
2.84137e-20
3.06549e-20
1.02096e-20
-5.93745e-21
-2.76199e-20
-4.35897e-20
2.9192e-20
6.25763e-21
1.06031e-19
1.69347e-20
2.18643e-20
2.62967e-20
2.89186e-20
3.05321e-20
9.55911e-21
-6.37122e-21
-2.81455e-20
-4.304e-20
2.88966e-20
6.27765e-21
1.0503e-19
1.67879e-20
2.16815e-20
2.62308e-20
2.90716e-20
3.05133e-20
9.07433e-21
-6.66954e-21
-2.71385e-20
-4.21464e-20
2.88575e-20
6.3381e-21
1.04051e-19
1.66218e-20
2.1457e-20
2.6073e-20
2.89348e-20
3.06441e-20
8.68339e-21
-6.59703e-21
-2.49585e-20
-4.08864e-20
2.91645e-20
6.40901e-21
1.03089e-19
1.64152e-20
2.11479e-20
2.58227e-20
2.87507e-20
3.12949e-20
8.66141e-21
-6.4269e-21
-2.13162e-20
-3.97328e-20
2.99689e-20
6.43548e-21
1.02149e-19
1.61428e-20
2.07357e-20
2.55584e-20
2.80144e-20
3.15995e-20
8.64575e-21
-6.35457e-21
-2.10786e-20
-3.90892e-20
2.98115e-20
6.31847e-21
1.01251e-19
1.57751e-20
1.93984e-20
2.52698e-20
2.75555e-20
3.09551e-20
8.46579e-21
-6.35048e-21
-2.23557e-20
-3.76811e-20
3.00521e-20
7.43333e-21
1.00449e-19
1.65233e-20
1.89753e-20
2.60731e-20
2.78028e-20
3.07155e-20
8.78599e-21
-6.25337e-21
-1.87601e-20
-3.70192e-20
2.96851e-20
7.2454e-21
9.97223e-20
1.63567e-20
2.03255e-20
2.62634e-20
2.95532e-20
3.1072e-20
8.47676e-21
-6.30002e-21
-1.82435e-20
-3.48451e-20
2.97398e-20
7.74817e-21
9.8655e-20
1.64207e-20
2.09504e-20
2.66788e-20
3.07988e-20
3.08011e-20
8.73873e-21
-6.51497e-21
-2.11257e-20
-3.5545e-20
2.87678e-20
6.98856e-21
9.75069e-20
1.55028e-20
2.09869e-20
2.63661e-20
3.13534e-20
3.05671e-20
8.32095e-21
-6.81222e-21
-2.2944e-20
-3.60472e-20
2.80261e-20
7.64308e-21
9.64028e-20
1.48181e-20
2.19312e-20
2.7e-20
3.02971e-20
2.9857e-20
7.70293e-21
-7.08427e-21
-2.33779e-20
-3.87616e-20
2.64187e-20
7.11689e-21
9.55038e-20
1.44348e-20
2.19631e-20
2.6854e-20
2.97892e-20
2.947e-20
6.88625e-21
-7.19076e-21
-2.28596e-20
-3.63974e-20
2.51929e-20
7.37746e-21
9.45792e-20
1.62033e-20
2.22347e-20
2.70058e-20
2.99328e-20
2.93744e-20
7.58879e-21
-7.30757e-21
-2.06281e-20
-3.39587e-20
2.42111e-20
6.60294e-21
9.35076e-20
1.63677e-20
2.18003e-20
2.66433e-20
2.99833e-20
2.95579e-20
8.48716e-21
-7.46961e-21
-2.21619e-20
-3.33713e-20
2.33165e-20
6.06693e-21
9.24042e-20
1.62903e-20
2.14805e-20
2.63897e-20
3.02983e-20
2.9696e-20
9.56219e-21
-7.65957e-21
-2.34548e-20
-3.29215e-20
2.25036e-20
5.68108e-21
9.13037e-20
1.61311e-20
2.12225e-20
2.61634e-20
3.02813e-20
2.972e-20
1.00161e-20
-7.87308e-21
-2.44943e-20
-3.26318e-20
2.1761e-20
5.39282e-21
9.02312e-20
1.59526e-20
2.09951e-20
2.59606e-20
3.06292e-20
2.96273e-20
1.00878e-20
-8.13195e-21
-2.55123e-20
-3.2425e-20
2.10909e-20
5.17031e-21
8.91986e-20
1.57705e-20
2.07675e-20
2.57618e-20
3.08219e-20
2.94352e-20
9.81809e-21
-8.42769e-21
-2.63846e-20
-3.2233e-20
2.05125e-20
4.99034e-21
8.82145e-20
1.55793e-20
2.0519e-20
2.5486e-20
2.95301e-20
2.9124e-20
9.20975e-21
-8.67375e-21
-2.60033e-20
-3.19909e-20
2.00672e-20
4.82906e-21
8.72912e-20
1.5361e-20
2.02303e-20
2.52231e-20
2.8836e-20
2.87998e-20
8.04098e-21
-8.72376e-21
-2.47595e-20
-3.17943e-20
1.98306e-20
4.65403e-21
8.64527e-20
1.50868e-20
1.91076e-20
2.49821e-20
2.89443e-20
2.85379e-20
7.41955e-21
-8.77169e-21
-2.19282e-20
-3.07211e-20
1.99553e-20
5.97017e-21
8.57484e-20
1.59363e-20
1.8274e-20
2.57577e-20
2.82617e-20
2.84848e-20
6.7083e-21
-8.89504e-21
-2.2665e-20
-3.01959e-20
2.08019e-20
6.10062e-21
8.51662e-20
1.58546e-20
1.91397e-20
2.57295e-20
2.85646e-20
2.80518e-20
6.74801e-21
-9.03707e-21
-2.30925e-20
-2.75902e-20
2.19338e-20
7.00986e-21
8.42669e-20
1.61429e-20
2.06444e-20
2.60614e-20
2.9676e-20
2.78249e-20
7.4761e-21
-9.23646e-21
-2.30417e-20
-2.7247e-20
2.21551e-20
6.61502e-21
8.33371e-20
1.57065e-20
1.99623e-20
2.56211e-20
3.00024e-20
2.88708e-20
7.57779e-21
-9.38047e-21
-2.42842e-20
-2.62102e-20
2.26708e-20
7.61378e-21
8.24945e-20
1.66375e-20
2.02625e-20
2.61552e-20
2.99082e-20
2.91641e-20
7.59244e-21
-9.26025e-21
-1.92813e-20
-2.53994e-20
2.24754e-20
7.43002e-21
8.17067e-20
1.64177e-20
2.11267e-20
2.58547e-20
3.01303e-20
2.94243e-20
7.15714e-21
-9.10302e-21
-1.69445e-20
-2.23409e-20
2.28139e-20
8.10297e-21
8.05536e-20
1.62169e-20
2.10496e-20
2.57286e-20
2.99013e-20
2.89856e-20
7.48683e-21
-8.88652e-21
-1.36944e-20
-2.11591e-20
2.2346e-20
7.54866e-21
7.93144e-20
1.55084e-20
2.03751e-20
2.49553e-20
2.76814e-20
2.85057e-20
7.08935e-21
-8.72255e-21
-1.18758e-20
-2.03614e-20
2.19896e-20
6.95827e-21
7.80688e-20
1.50267e-20
1.9906e-20
2.43639e-20
2.58461e-20
2.77273e-20
7.47994e-21
-8.71674e-21
-1.59316e-20
-2.01114e-20
2.02867e-20
6.40595e-21
7.68534e-20
1.46739e-20
1.9574e-20
2.39984e-20
2.42288e-20
2.74746e-20
7.86536e-21
-8.69545e-21
-1.69865e-20
-1.99809e-20
1.89093e-20
5.92887e-21
7.56801e-20
1.43942e-20
1.93166e-20
2.3894e-20
2.52343e-20
2.7591e-20
8.77895e-21
-8.73556e-21
-1.65473e-20
-1.99876e-20
1.7763e-20
5.54039e-21
7.45516e-20
1.4155e-20
1.90973e-20
2.39032e-20
2.60342e-20
2.78118e-20
9.61704e-21
-8.88874e-21
-1.87326e-20
-2.0152e-20
1.67983e-20
5.24508e-21
7.34666e-20
1.39359e-20
1.89047e-20
2.38934e-20
2.71568e-20
2.79447e-20
1.001e-20
-9.13084e-21
-2.03595e-20
-2.03237e-20
1.60084e-20
5.04521e-21
7.24223e-20
1.37214e-20
1.8701e-20
2.39727e-20
2.89461e-20
2.80829e-20
1.01336e-20
-9.39636e-21
-2.18356e-20
-2.03998e-20
1.54187e-20
4.94029e-21
7.14151e-20
1.3499e-20
1.84911e-20
2.39036e-20
2.85998e-20
2.80605e-20
1.00609e-20
-9.52168e-21
-1.85092e-20
-2.01995e-20
1.50885e-20
4.91946e-21
7.04398e-20
1.32572e-20
1.82434e-20
2.37993e-20
2.85691e-20
2.79822e-20
9.79519e-21
-9.74844e-21
-1.7751e-20
-2.0061e-20
1.51202e-20
4.94141e-21
6.94893e-20
1.29864e-20
1.79402e-20
2.36635e-20
2.8278e-20
2.79077e-20
9.27681e-21
-1.00005e-20
-2.16034e-20
-1.99842e-20
1.57288e-20
4.90514e-21
6.85579e-20
1.26915e-20
1.7549e-20
2.35453e-20
2.87423e-20
2.79349e-20
9.11808e-21
-1.03016e-20
-2.1602e-20
-2.01006e-20
1.57057e-20
4.18475e-21
6.76775e-20
1.23402e-20
1.70238e-20
2.34782e-20
2.92305e-20
2.81796e-20
8.63905e-21
-1.05841e-20
-2.25492e-20
-1.96383e-20
1.59914e-20
4.29601e-21
6.69034e-20
1.39686e-20
1.65479e-20
2.42938e-20
2.97892e-20
2.85035e-20
8.82505e-21
-1.08389e-20
-2.5925e-20
-1.9676e-20
1.56151e-20
5.17587e-21
6.63023e-20
1.43972e-20
1.64136e-20
2.41742e-20
2.98439e-20
2.89546e-20
8.50787e-21
-1.08592e-20
-2.48483e-20
-1.73185e-20
1.57488e-20
6.04208e-21
6.52653e-20
1.34523e-20
1.7994e-20
2.43157e-20
2.96963e-20
2.87105e-20
8.7683e-21
-1.06798e-20
-1.66842e-20
-1.6919e-20
1.52766e-20
5.36054e-21
6.42482e-20
1.28679e-20
1.80734e-20
2.39287e-20
2.93732e-20
2.85417e-20
8.34231e-21
-1.06377e-20
-1.88807e-20
-1.64226e-20
1.50457e-20
6.07305e-21
6.3372e-20
1.45087e-20
1.90953e-20
2.46272e-20
2.8636e-20
2.8049e-20
8.37618e-21
-1.06765e-20
-2.18948e-20
-1.65515e-20
1.38166e-20
5.56046e-21
6.26526e-20
1.50222e-20
1.90839e-20
2.4209e-20
2.67475e-20
2.78961e-20
7.73054e-21
-1.069e-20
-2.01809e-20
-1.44236e-20
1.27016e-20
5.84261e-21
6.15246e-20
1.40153e-20
1.90751e-20
2.39059e-20
2.56477e-20
2.72495e-20
7.42573e-21
-1.06343e-20
-1.85881e-20
-1.41358e-20
1.16897e-20
4.97022e-21
6.03745e-20
1.34671e-20
1.85351e-20
2.34559e-20
2.65553e-20
2.6986e-20
7.59526e-21
-1.05988e-20
-1.74927e-20
-1.39725e-20
1.07747e-20
4.35396e-21
5.92478e-20
1.31376e-20
1.82031e-20
2.32147e-20
2.59143e-20
2.66194e-20
7.54252e-21
-1.06254e-20
-1.82914e-20
-1.39284e-20
9.94293e-21
3.91244e-21
5.81696e-20
1.29185e-20
1.7987e-20
2.30814e-20
2.6247e-20
2.64923e-20
8.35669e-21
-1.07486e-20
-2.22787e-20
-1.40105e-20
9.18412e-21
3.59048e-21
5.71385e-20
1.27573e-20
1.78264e-20
2.31055e-20
2.76833e-20
2.66081e-20
9.08493e-21
-1.08437e-20
-2.24712e-20
-1.40189e-20
8.4948e-21
3.35662e-21
5.61489e-20
1.26264e-20
1.7701e-20
2.30841e-20
2.83757e-20
2.66412e-20
9.64125e-21
-1.09501e-20
-2.06226e-20
-1.40054e-20
7.87605e-21
3.19818e-21
5.51957e-20
1.25059e-20
1.75888e-20
2.30054e-20
2.85374e-20
2.65628e-20
9.77016e-21
-1.11398e-20
-2.45368e-20
-1.40869e-20
7.3438e-21
3.11767e-21
5.42742e-20
1.23759e-20
1.74782e-20
2.28512e-20
2.81011e-20
2.6399e-20
9.7453e-21
-1.13019e-20
-2.43278e-20
-1.40141e-20
6.94346e-21
3.13398e-21
5.33823e-20
1.22133e-20
1.73593e-20
2.26759e-20
2.74738e-20
2.62521e-20
9.58154e-21
-1.14595e-20
-2.20164e-20
-1.37822e-20
6.75301e-21
3.28939e-21
5.25229e-20
1.1989e-20
1.72247e-20
2.25431e-20
2.68717e-20
2.62194e-20
8.64663e-21
-1.14639e-20
-2.14959e-20
-1.33377e-20
6.91696e-21
3.66369e-21
5.17065e-20
1.16682e-20
1.70655e-20
2.25097e-20
2.77119e-20
2.69722e-20
8.16534e-21
-1.1391e-20
-1.83414e-20
-1.28207e-20
7.70057e-21
4.39326e-21
5.09487e-20
1.12156e-20
1.68737e-20
2.25941e-20
2.90503e-20
2.73199e-20
7.9204e-21
-1.13355e-20
-1.75825e-20
-1.2611e-20
8.06177e-21
5.85287e-21
5.02405e-20
1.05447e-20
1.67236e-20
2.26024e-20
2.90439e-20
2.66013e-20
7.49508e-21
-1.1342e-20
-1.8672e-20
-1.21537e-20
8.65311e-21
8.00796e-21
4.96184e-20
1.0828e-20
1.77221e-20
2.34244e-20
2.8205e-20
2.62722e-20
7.41197e-21
-1.14053e-20
-1.94361e-20
-1.2207e-20
7.79813e-21
6.90004e-21
4.90278e-20
1.13084e-20
1.78026e-20
2.32313e-20
2.78889e-20
2.63248e-20
7.21679e-21
-1.14646e-20
-1.97259e-20
-1.00769e-20
6.91449e-21
6.86629e-21
4.83256e-20
1.20873e-20
1.80071e-20
2.31017e-20
2.70653e-20
2.57504e-20
7.48901e-21
-1.1556e-20
-1.90647e-20
-1.00189e-20
4.33288e-21
6.85591e-21
4.76015e-20
1.22782e-20
1.76487e-20
2.24399e-20
2.50709e-20
2.5226e-20
7.40396e-21
-1.16744e-20
-2.02186e-20
-6.72548e-21
4.88832e-21
8.67602e-21
4.69118e-20
1.34175e-20
1.84779e-20
2.29393e-20
2.32944e-20
2.44858e-20
7.65025e-21
-1.1697e-20
-1.65802e-20
-9.67407e-21
5.71214e-21
8.0822e-21
4.61383e-20
1.3352e-20
1.8361e-20
2.28493e-20
2.4069e-20
2.42749e-20
7.19204e-21
-1.17099e-20
-1.46947e-20
-1.10919e-20
5.07915e-21
6.39936e-21
4.49959e-20
1.34593e-20
1.83391e-20
2.31225e-20
2.62641e-20
2.43861e-20
7.93065e-21
-1.18534e-20
-1.53112e-20
-8.77857e-21
4.50421e-21
4.81049e-21
4.3839e-20
1.29156e-20
1.78135e-20
2.29145e-20
2.71818e-20
2.46578e-20
8.22603e-21
-1.21186e-20
-1.96592e-20
-8.57185e-21
3.91556e-21
4.02468e-21
4.27494e-20
1.25732e-20
1.74843e-20
2.276e-20
2.77288e-20
2.47949e-20
8.99418e-21
-1.23428e-20
-2.30717e-20
-8.35455e-21
3.38032e-21
3.6282e-21
4.17305e-20
1.23513e-20
1.72553e-20
2.25696e-20
2.76068e-20
2.47556e-20
9.36483e-21
-1.24263e-20
-2.10868e-20
-8.00242e-21
2.89924e-21
3.43338e-21
4.07721e-20
1.22083e-20
1.70807e-20
2.23324e-20
2.69206e-20
2.45619e-20
9.43698e-21
-1.23729e-20
-1.55241e-20
-7.57043e-21
2.46951e-21
3.37396e-21
3.98639e-20
1.2123e-20
1.69392e-20
2.21055e-20
2.66862e-20
2.42484e-20
8.49328e-21
-1.24473e-20
-1.7878e-20
-7.43483e-21
2.09909e-21
3.44642e-21
3.89931e-20
1.20854e-20
1.68231e-20
2.18825e-20
2.52738e-20
2.39084e-20
7.70821e-21
-1.26028e-20
-2.08204e-20
-7.3456e-21
1.82948e-21
3.68582e-21
3.81383e-20
1.20906e-20
1.67448e-20
2.17022e-20
2.26957e-20
2.36958e-20
7.56421e-21
-1.28545e-20
-1.9669e-20
-7.05958e-21
1.73132e-21
4.16178e-21
3.72593e-20
1.21305e-20
1.6632e-20
2.1816e-20
2.33463e-20
2.38337e-20
7.71945e-21
-1.2976e-20
-2.01465e-20
-6.13257e-21
1.89999e-21
4.98981e-21
3.62859e-20
1.2199e-20
1.73784e-20
2.2091e-20
2.52687e-20
2.41843e-20
8.23332e-21
-1.30332e-20
-1.77486e-20
-4.96033e-21
2.41863e-21
4.80135e-21
3.51031e-20
1.1097e-20
1.68742e-20
2.14131e-20
2.58196e-20
2.4674e-20
8.19522e-21
-1.30147e-20
-1.83528e-20
-3.12468e-21
3.21342e-21
4.64791e-21
3.35938e-20
9.78531e-21
1.47005e-20
2.05975e-20
2.58438e-20
2.43792e-20
8.21276e-21
-1.29211e-20
-1.34406e-20
-2.94053e-21
3.50096e-21
3.26807e-21
3.21073e-20
8.11687e-21
1.35222e-20
1.95963e-20
2.4498e-20
2.41729e-20
7.80837e-21
-1.29875e-20
-1.37993e-20
3.68629e-22
4.09678e-21
3.30896e-21
3.08587e-20
9.14582e-21
1.38509e-20
1.99127e-20
2.41099e-20
2.38181e-20
8.00013e-21
-1.31764e-20
-1.83442e-20
2.7427e-21
3.45225e-21
2.27385e-21
2.9878e-20
9.3273e-21
1.33993e-20
1.96184e-20
2.58781e-20
2.39867e-20
7.6151e-21
-1.32934e-20
-1.84834e-20
4.87183e-22
3.01244e-21
2.30229e-21
2.85807e-20
7.78022e-21
1.30336e-20
1.95412e-20
2.66123e-20
2.35136e-20
7.71544e-21
-1.3368e-20
-1.80494e-20
-2.55127e-21
2.14942e-21
6.53921e-22
2.73448e-20
6.5984e-21
1.21966e-20
1.81289e-20
2.54004e-20
2.31001e-20
7.07308e-21
-1.33262e-20
-1.49025e-20
-3.29681e-21
1.5404e-21
-1.32195e-23
2.63339e-20
7.01446e-21
1.26465e-20
1.79934e-20
2.47289e-20
2.25151e-20
6.83874e-21
-1.33176e-20
-1.3406e-20
-4.79404e-21
-2.04688e-22
-6.95105e-22
2.57202e-20
7.74827e-21
1.33291e-20
1.94563e-20
2.57299e-20
2.2374e-20
7.29568e-21
-1.34694e-20
-1.84173e-20
-4.77234e-21
-1.51494e-21
-2.16708e-22
2.51535e-20
8.60148e-21
1.413e-20
2.01586e-20
2.64104e-20
2.25425e-20
7.83228e-21
-1.36587e-20
-2.13712e-20
-4.70019e-21
-2.52682e-21
1.38537e-24
2.45347e-20
9.03875e-21
1.45323e-20
2.04294e-20
2.57158e-20
2.26083e-20
8.7752e-21
-1.38522e-20
-2.29025e-20
-4.62346e-21
-3.34719e-21
5.42296e-23
2.38459e-20
9.25095e-21
1.47132e-20
2.04907e-20
2.46786e-20
2.25608e-20
9.13118e-21
-1.40304e-20
-2.22619e-20
-4.52878e-21
-4.05129e-21
4.55192e-25
2.31016e-20
9.34171e-21
1.47816e-20
2.0496e-20
2.45844e-20
2.24451e-20
9.06998e-21
-1.4219e-20
-2.1183e-20
-4.45174e-21
-4.68269e-21
-1.25158e-22
2.23236e-20
9.36741e-21
1.47905e-20
2.05855e-20
2.5845e-20
2.23637e-20
8.46227e-21
-1.44204e-20
-2.19072e-20
-4.42931e-21
-5.27341e-21
-3.04339e-22
2.15354e-20
9.35872e-21
1.47735e-20
2.06015e-20
2.62578e-20
2.22014e-20
8.02112e-21
-1.46225e-20
-2.23724e-20
-4.44399e-21
-5.84261e-21
-5.30635e-22
2.07622e-20
9.33093e-21
1.47449e-20
2.05701e-20
2.6119e-20
2.20684e-20
7.69166e-21
-1.48158e-20
-2.27323e-20
-4.51921e-21
-6.39581e-21
-8.08913e-22
2.00339e-20
9.28866e-21
1.47151e-20
2.0528e-20
2.57134e-20
2.19511e-20
6.97784e-21
-1.48659e-20
-2.14098e-20
-4.72164e-21
-6.90915e-21
-1.16517e-21
1.93866e-20
9.23674e-21
1.46977e-20
2.0534e-20
2.62349e-20
2.19907e-20
6.78937e-21
-1.49297e-20
-1.84173e-20
-4.81995e-21
-7.27572e-21
-1.62886e-22
1.88671e-20
1.03196e-20
1.57005e-20
2.1477e-20
2.64251e-20
2.23368e-20
6.84782e-21
-1.51091e-20
-2.00281e-20
-4.84181e-21
-7.04289e-21
-6.78672e-23
1.85068e-20
1.0246e-20
1.56347e-20
2.13632e-20
2.65722e-20
2.28153e-20
7.31752e-21
-1.53219e-20
-2.0862e-20
-2.8304e-21
-6.40094e-21
9.5638e-22
1.78373e-20
1.03303e-20
1.55635e-20
2.12607e-20
2.63032e-20
2.25324e-20
7.72619e-21
-1.55746e-20
-2.32712e-20
-3.5427e-21
-4.08904e-21
4.38379e-22
1.7114e-20
9.74463e-21
1.49327e-20
1.97428e-20
2.47887e-20
2.2327e-20
7.67888e-21
-1.57393e-20
-2.38885e-20
-4.6081e-21
-4.38805e-21
1.12852e-21
1.64844e-20
1.05514e-20
1.55384e-20
1.97398e-20
2.42487e-20
2.19245e-20
7.68633e-21
-1.57447e-20
-1.82154e-20
-2.90659e-21
-6.23418e-21
1.01477e-21
1.60195e-20
1.03466e-20
1.52802e-20
2.05686e-20
2.57487e-20
2.20144e-20
7.31208e-21
-1.57849e-20
-1.73287e-20
-1.38934e-21
-5.78737e-21
2.31743e-21
1.52499e-20
1.03762e-20
1.50921e-20
2.03762e-20
2.58986e-20
2.14679e-20
7.43846e-21
-1.59473e-20
-1.97366e-20
-2.55694e-21
-5.35286e-21
2.25891e-21
1.43557e-20
9.75108e-21
1.44316e-20
1.97568e-20
2.44216e-20
2.10402e-20
6.84588e-21
-1.60416e-20
-1.73758e-20
-1.66748e-21
-4.58584e-21
2.11798e-21
1.34063e-20
9.31693e-21
1.39889e-20
1.93946e-20
2.44799e-20
2.05048e-20
7.60035e-21
-1.6212e-20
-1.66203e-20
-1.19772e-21
-5.42975e-21
1.89386e-21
1.24377e-20
8.9877e-21
1.36657e-20
1.92189e-20
2.51603e-20
2.04375e-20
8.06974e-21
-1.63885e-20
-1.72986e-20
-7.86998e-22
-6.20927e-21
1.63031e-21
1.1472e-20
8.71796e-21
1.33999e-20
1.90679e-20
2.59218e-20
2.04269e-20
8.63299e-21
-1.66265e-20
-1.77329e-20
-5.24554e-22
-6.84924e-21
1.36569e-21
1.05229e-20
8.48353e-21
1.31607e-20
1.88399e-20
2.5097e-20
2.03184e-20
8.97883e-21
-1.68458e-20
-2.09462e-20
-3.38897e-22
-7.40064e-21
1.12064e-21
9.59924e-21
8.27177e-21
1.29298e-20
1.85745e-20
2.47327e-20
2.01283e-20
9.08947e-21
-1.70309e-20
-2.16418e-20
-1.92817e-22
-7.89393e-21
9.05897e-22
8.7073e-21
8.07642e-21
1.27051e-20
1.82652e-20
2.40099e-20
1.98619e-20
9.00512e-21
-1.72188e-20
-2.29789e-20
-1.34336e-22
-8.34547e-21
7.24666e-22
7.8518e-21
7.89432e-21
1.24894e-20
1.79706e-20
2.39351e-20
1.9557e-20
8.66129e-21
-1.7391e-20
-2.38274e-20
-9.98336e-23
-8.76119e-21
5.67019e-22
7.03517e-21
7.72294e-21
1.22872e-20
1.76754e-20
2.27785e-20
1.92523e-20
7.78946e-21
-1.75248e-20
-2.40513e-20
-6.49821e-23
-9.14532e-21
3.92089e-22
6.25638e-21
7.55846e-21
1.21087e-20
1.74107e-20
2.1304e-20
1.90298e-20
7.12401e-21
-1.75107e-20
-2.39313e-20
-5.58347e-23
-9.50528e-21
1.00513e-22
5.51032e-21
7.39542e-21
1.19663e-20
1.73482e-20
2.28077e-20
1.91726e-20
7.29061e-21
-1.74749e-20
-2.29259e-20
-4.40831e-22
-1.20829e-20
-5.98876e-22
4.8206e-21
7.2311e-21
1.18914e-20
1.72846e-20
2.40649e-20
1.94758e-20
7.2256e-21
-1.74698e-20
-2.34904e-20
-7.23184e-22
-1.1725e-20
-9.65944e-22
4.18245e-21
8.21289e-21
1.28779e-20
1.89282e-20
2.50044e-20
1.9795e-20
7.57957e-21
-1.75149e-20
-2.37859e-20
1.07943e-21
-9.93602e-21
-1.37417e-22
3.76316e-21
8.05175e-21
1.27861e-20
1.93668e-20
2.40587e-20
2.01349e-20
7.32793e-21
-1.75828e-20
-2.3445e-20
1.75194e-21
-9.98415e-21
1.42546e-21
3.02136e-21
8.09579e-21
1.27155e-20
1.85847e-20
2.27108e-20
1.97765e-20
7.5799e-21
-1.77566e-20
-2.61238e-20
-6.23891e-22
-1.24917e-20
5.59026e-22
2.17469e-21
7.49476e-21
1.22636e-20
1.94583e-20
2.30959e-20
1.96028e-20
7.15447e-21
-1.78779e-20
-2.62337e-20
-3.74327e-22
-1.21165e-20
1.01132e-21
1.39745e-21
8.28909e-21
1.30482e-20
2.11556e-20
2.46632e-20
1.93686e-20
7.22614e-21
-1.794e-20
-2.63394e-20
-5.96163e-22
-1.04312e-20
7.37077e-22
7.88603e-22
8.03161e-21
1.27629e-20
1.99371e-20
2.38059e-20
1.94135e-20
6.61782e-21
-1.78778e-20
-2.51913e-20
1.55018e-21
-1.0464e-20
1.67959e-21
-1.15384e-22
8.01612e-21
1.25663e-20
1.83017e-20
2.32943e-20
1.88876e-20
6.33644e-21
-1.77545e-20
-2.11911e-20
2.08973e-21
-1.07025e-20
1.13578e-21
-1.1257e-21
7.35975e-21
1.19376e-20
1.76758e-20
2.3368e-20
1.85917e-20
6.55539e-21
-1.76892e-20
-2.0225e-20
2.39394e-21
-1.10716e-20
6.45244e-22
-2.15599e-21
6.90623e-21
1.15293e-20
1.73629e-20
2.32596e-20
1.82218e-20
6.51023e-21
-1.7741e-20
-2.15959e-20
2.46924e-21
-1.15202e-20
2.00175e-22
-3.16992e-21
6.56317e-21
1.12265e-20
1.71037e-20
2.31739e-20
1.80126e-20
7.3056e-21
-1.78651e-20
-2.31526e-20
2.42586e-21
-1.20152e-20
-2.03475e-22
-4.15545e-21
6.27835e-21
1.09665e-20
1.68172e-20
2.18961e-20
1.78826e-20
8.02182e-21
-1.79982e-20
-2.34838e-20
2.36369e-21
-1.25252e-20
-5.67632e-22
-5.11124e-21
6.02071e-21
1.07215e-20
1.65569e-20
2.15259e-20
1.77513e-20
8.6775e-21
-1.81555e-20
-2.40487e-20
2.25443e-21
-1.30303e-20
-8.93857e-22
-6.04021e-21
5.7701e-21
1.04776e-20
1.63961e-20
2.23643e-20
1.76984e-20
9.02564e-21
-1.83275e-20
-2.52763e-20
2.1393e-21
-1.35152e-20
-1.18316e-21
-6.94629e-21
5.5121e-21
1.02273e-20
1.61769e-20
2.21433e-20
1.75627e-20
8.65509e-21
-1.83758e-20
-2.16186e-20
2.2215e-21
-1.3955e-20
-1.43481e-21
-7.83217e-21
5.23649e-21
9.97413e-21
1.5959e-20
2.07375e-20
1.74514e-20
8.28969e-21
-1.8478e-20
-2.01348e-20
2.20295e-21
-1.42792e-20
-1.64692e-21
-8.69702e-21
4.93766e-21
9.73421e-21
1.58758e-20
2.03504e-20
1.75485e-20
7.64514e-21
-1.8435e-20
-2.26189e-20
2.22101e-21
-1.43886e-20
-1.82272e-21
-9.53278e-21
4.61782e-21
9.52863e-21
1.60638e-20
2.21114e-20
1.80408e-20
7.25533e-21
-1.83699e-20
-1.97339e-20
2.34052e-21
-1.39777e-20
-1.98446e-21
-1.03176e-20
4.29763e-21
9.37527e-21
1.64068e-20
2.28174e-20
1.78401e-20
7.09453e-21
-1.8486e-20
-2.26124e-20
2.20614e-21
-1.36488e-20
-2.22307e-21
-1.10054e-20
3.97699e-21
9.39236e-21
1.77308e-20
2.32468e-20
1.75944e-20
6.85302e-21
-1.85837e-20
-2.3051e-20
2.27263e-21
-1.2947e-20
-1.40749e-21
-1.14994e-20
5.71092e-21
1.05146e-20
1.86297e-20
2.32123e-20
1.7188e-20
7.10597e-21
-1.86607e-20
-2.43996e-20
1.87066e-21
-1.3225e-20
-1.29903e-21
-1.1744e-20
6.25003e-21
1.02171e-20
1.67101e-20
2.28545e-20
1.70987e-20
6.76536e-21
-1.86108e-20
-2.41895e-20
3.82027e-21
-1.29561e-20
2.96539e-22
-1.22751e-20
5.26271e-21
9.79672e-21
1.57542e-20
2.23057e-20
1.63819e-20
6.95188e-21
-1.85128e-20
-2.00894e-20
4.02178e-21
-1.26829e-20
9.09017e-22
-1.28187e-20
4.63229e-21
9.10681e-21
1.48614e-20
2.16945e-20
1.58e-20
6.45842e-21
-1.85017e-20
-2.36508e-20
4.03397e-21
-1.20619e-20
3.08856e-21
-1.3306e-20
5.35507e-21
9.70343e-21
1.52739e-20
2.10916e-20
1.50148e-20
6.45051e-21
-1.84797e-20
-2.31365e-20
3.59378e-21
-1.29734e-20
2.1361e-21
-1.39372e-20
5.06147e-21
9.39037e-21
1.48864e-20
2.0402e-20
1.45829e-20
5.85898e-21
-1.83872e-20
-2.04165e-20
5.36551e-21
-1.39176e-20
1.1873e-21
-1.49323e-20
5.04575e-21
9.18064e-21
1.47337e-20
2.11133e-20
1.43879e-20
6.51977e-21
-1.83876e-20
-1.87971e-20
5.34515e-21
-1.47763e-20
-1.00638e-22
-1.60005e-20
4.32348e-21
8.45808e-21
1.42272e-20
2.15724e-20
1.4445e-20
6.81712e-21
-1.85019e-20
-2.02544e-20
5.17988e-21
-1.55141e-20
-1.00341e-21
-1.70554e-20
3.78007e-21
7.92702e-21
1.38148e-20
2.08453e-20
1.44147e-20
7.62968e-21
-1.86867e-20
-2.21413e-20
4.99491e-21
-1.6153e-20
-1.65561e-21
-1.80732e-20
3.33572e-21
7.49337e-21
1.34612e-20
2.07432e-20
1.42961e-20
7.92663e-21
-1.87752e-20
-1.93918e-20
5.00686e-21
-1.6717e-20
-2.16663e-21
-1.90538e-20
2.94524e-21
7.10861e-21
1.3109e-20
2.05096e-20
1.40829e-20
7.96358e-21
-1.88995e-20
-1.92102e-20
4.92288e-21
-1.72125e-20
-2.61385e-21
-2.00025e-20
2.58163e-21
6.74726e-21
1.27422e-20
2.01526e-20
1.37856e-20
7.76424e-21
-1.89877e-20
-1.89812e-20
4.8776e-21
-1.76986e-20
-3.05932e-21
-2.09193e-20
2.22746e-21
6.39814e-21
1.23494e-20
1.96085e-20
1.34305e-20
7.2968e-21
-1.91555e-20
-1.82983e-20
4.68469e-21
-1.81683e-20
-3.56288e-21
-2.1791e-20
1.87023e-21
6.0612e-21
1.19436e-20
1.88974e-20
1.30778e-20
6.68865e-21
-1.93267e-20
-2.12655e-20
4.35354e-21
-1.86466e-20
-4.20279e-21
-2.25829e-20
1.50795e-21
5.75768e-21
1.15709e-20
1.89704e-20
1.2802e-20
6.40329e-21
-1.95381e-20
-1.95995e-20
3.52261e-21
-1.90764e-20
-3.70094e-21
-2.32268e-20
2.31089e-21
6.53708e-21
1.21772e-20
1.90089e-20
1.26995e-20
5.87072e-21
-1.97952e-20
-2.39041e-20
2.35907e-21
-1.89375e-20
-3.69894e-21
-2.36274e-20
2.0336e-21
6.37625e-21
1.18085e-20
1.93111e-20
1.2123e-20
5.58817e-21
-1.99263e-20
-2.41544e-20
4.51646e-21
-1.82646e-20
-2.59413e-21
-2.4298e-20
2.02924e-21
6.43249e-21
1.15696e-20
1.92884e-20
1.1652e-20
5.94582e-21
-1.99805e-20
-2.19002e-20
4.84074e-21
-1.76587e-20
-3.20784e-21
-2.50429e-20
1.3131e-21
6.95971e-21
1.08443e-20
1.97319e-20
1.2486e-20
5.76259e-21
-1.99041e-20
-1.90576e-20
4.897e-21
-1.67619e-20
-2.72704e-21
-2.57156e-20
1.90276e-21
8.23767e-21
1.19764e-20
1.99007e-20
1.26117e-20
5.3231e-21
-1.99032e-20
-1.80622e-20
6.82082e-21
-1.69865e-20
-2.89198e-21
-2.62033e-20
1.35036e-21
6.77803e-21
1.1875e-20
1.86167e-20
1.27914e-20
4.9656e-21
-2.00009e-20
-2.11329e-20
7.55784e-21
-1.68852e-20
-1.71511e-21
-2.6992e-20
1.10281e-21
4.81177e-21
1.04824e-20
1.78009e-20
1.23174e-20
5.62632e-21
-2.02198e-20
-2.09497e-20
5.67816e-21
-1.68101e-20
-1.97431e-21
-2.79275e-20
1.69267e-22
3.69566e-21
9.70056e-21
1.69821e-20
1.19561e-20
5.92841e-21
-2.05002e-20
-2.60426e-20
5.86392e-21
-1.6316e-20
-2.32247e-21
-2.89401e-20
-5.93626e-22
2.89124e-21
9.15241e-21
1.69251e-20
1.14191e-20
6.71865e-21
-2.06516e-20
-2.55478e-20
5.98685e-21
-1.7275e-20
-2.7436e-21
-3.00002e-20
-1.27923e-21
2.21296e-21
8.76626e-21
1.75206e-20
1.12045e-20
6.4698e-21
-2.05474e-20
-1.85755e-20
6.40433e-21
-1.80923e-20
-3.20509e-21
-3.10916e-20
-1.94168e-21
1.56593e-21
8.37028e-21
1.81435e-20
1.10382e-20
6.28828e-21
-2.05721e-20
-2.12406e-20
6.4539e-21
-1.877e-20
-3.68596e-21
-3.22054e-20
-2.60983e-21
9.05297e-22
7.87315e-21
1.71337e-20
1.07902e-20
6.15109e-21
-2.06999e-20
-2.52352e-20
6.38624e-21
-1.94037e-20
-4.17734e-21
-3.33364e-20
-3.29951e-21
2.12105e-22
7.33363e-21
1.68348e-20
1.05794e-20
5.90206e-21
-2.08052e-20
-2.36551e-20
6.38486e-21
-1.99786e-20
-4.67317e-21
-3.44819e-20
-4.02055e-21
-5.20468e-22
6.73908e-21
1.64377e-20
1.03501e-20
6.17383e-21
-2.08936e-20
-2.42864e-20
6.33019e-21
-2.0502e-20
-5.17232e-21
-3.56402e-20
-4.78038e-21
-1.29408e-21
6.10379e-21
1.59629e-20
1.0197e-20
6.77695e-21
-2.0993e-20
-2.49059e-20
6.22242e-21
-2.09516e-20
-5.67947e-21
-3.68098e-20
-5.58674e-21
-2.10584e-21
5.44341e-21
1.54225e-20
1.00383e-20
6.81867e-21
-2.11072e-20
-2.53094e-20
6.09173e-21
-2.12329e-20
-6.21237e-21
-3.79874e-20
-6.45074e-21
-2.94946e-21
4.77904e-21
1.4834e-20
9.92499e-21
6.09683e-21
-2.10422e-20
-2.54095e-20
5.98785e-21
-2.10675e-20
-6.82597e-21
-3.91655e-20
-7.38984e-21
-3.81562e-21
4.14165e-21
1.50735e-20
9.96011e-21
5.81828e-21
-2.09033e-20
-2.49945e-20
5.64995e-21
-2.10217e-20
-7.68386e-21
-4.03247e-20
-8.43099e-21
-4.68668e-21
3.56092e-21
1.53064e-20
1.02645e-20
5.09053e-21
-2.06942e-20
-2.16516e-20
5.48938e-21
-2.06583e-20
-7.87485e-21
-4.14122e-20
-8.4201e-21
-4.53149e-21
3.85205e-21
1.57638e-20
1.07738e-20
4.80881e-21
-2.05734e-20
-2.06833e-20
4.7236e-21
-2.12253e-20
-9.20704e-21
-4.23213e-20
-1.04656e-20
-5.37664e-21
3.10653e-21
1.59566e-20
1.08169e-20
4.36556e-21
-2.04761e-20
-1.87594e-20
5.40705e-21
-2.35802e-20
-8.77448e-21
-4.34078e-20
-1.13403e-20
-5.05909e-21
3.34321e-21
1.59162e-20
1.18125e-20
4.15267e-21
-2.04731e-20
-1.81402e-20
3.68804e-21
-2.22798e-20
-9.83329e-21
-4.42237e-20
-1.15361e-20
-4.26919e-21
3.00239e-21
1.58817e-20
1.18846e-20
4.07995e-21
-2.06229e-20
-2.08423e-20
4.18824e-21
-1.87751e-20
-8.68542e-21
-4.49729e-20
-1.22587e-20
-3.55015e-21
3.71574e-21
1.57287e-20
1.17204e-20
3.99743e-21
-2.08051e-20
-2.18882e-20
3.66787e-21
-1.75161e-20
-7.86397e-21
-4.53894e-20
-1.34504e-20
-5.79052e-21
2.94537e-21
1.4616e-20
1.17074e-20
3.99252e-21
-2.10673e-20
-2.24882e-20
4.82643e-21
-1.79379e-20
-7.81856e-21
-4.58915e-20
-1.15326e-20
-5.88744e-21
3.09675e-21
1.4337e-20
1.11655e-20
3.94273e-21
-2.13245e-20
-2.39939e-20
3.71608e-21
-1.70777e-20
-9.44716e-21
-4.61777e-20
-1.12555e-20
-6.3495e-21
1.86384e-21
1.55447e-20
1.0864e-20
3.9288e-21
-2.15508e-20
-2.59501e-20
4.10668e-21
-1.67006e-20
-8.1902e-21
-4.63668e-20
-9.88813e-21
-5.46648e-21
1.0254e-21
1.57586e-20
1.11336e-20
3.86979e-21
-2.15869e-20
-2.50589e-20
4.51653e-21
-1.618e-20
-8.24975e-21
-4.64341e-20
-1.02457e-20
-5.80772e-21
9.21505e-22
1.57628e-20
1.07982e-20
3.7758e-21
-2.15694e-20
-2.1895e-20
6.72824e-21
-1.59339e-20
-6.56814e-21
-4.68149e-20
-9.56532e-21
-5.04598e-21
2.51895e-21
1.56179e-20
1.10757e-20
3.55183e-21
-2.15443e-20
-2.24141e-20
5.64977e-21
-1.46612e-20
-6.9947e-21
-4.71217e-20
-9.87839e-21
-4.7912e-21
4.13782e-21
1.53681e-20
1.05318e-20
3.15724e-21
-2.15372e-20
-2.11369e-20
5.89061e-21
-1.42011e-20
-6.91397e-21
-4.74831e-20
-9.8967e-21
-3.36767e-21
5.64787e-21
1.56309e-20
1.04386e-20
3.25376e-21
-2.16152e-20
-2.34436e-20
9.4812e-21
-1.38064e-20
-6.74143e-21
-4.78432e-20
-9.36498e-21
-2.75611e-21
6.40633e-21
1.48659e-20
1.07267e-20
3.38505e-21
-2.15989e-20
-2.31451e-20
9.65879e-21
-1.17091e-20
-7.04678e-21
-4.79549e-20
-1.00529e-20
-4.26313e-21
4.45435e-21
1.52841e-20
1.08609e-20
3.86919e-21
-2.15764e-20
-2.02369e-20
1.0908e-20
-1.27639e-20
-5.49593e-21
-4.78905e-20
-8.68383e-21
-2.99754e-21
4.63031e-21
1.67794e-20
1.15373e-20
4.12671e-21
-2.15509e-20
-2.15687e-20
1.34945e-20
-1.42838e-20
-4.86099e-21
-4.75821e-20
-7.2909e-21
-2.99279e-21
5.12775e-21
1.81416e-20
1.14896e-20
4.28817e-21
-2.14396e-20
-1.70507e-20
1.14415e-20
-1.28435e-20
-1.67718e-21
-4.75941e-20
-7.39816e-21
-3.7765e-21
5.39709e-21
1.8973e-20
1.19826e-20
4.35408e-21
-2.13905e-20
-1.64514e-20
7.56338e-21
-1.31274e-20
-3.15067e-21
-4.7714e-20
-7.27175e-21
-4.30432e-21
4.82073e-21
1.81247e-20
1.15689e-20
4.38116e-21
-2.15059e-20
-1.93584e-20
7.35516e-21
-1.55713e-20
-5.58614e-21
-4.79113e-20
-5.52748e-21
-4.5698e-21
5.55956e-21
1.78252e-20
1.15512e-20
4.34195e-21
-2.16619e-20
-2.0877e-20
6.40901e-21
-1.70351e-20
-5.91165e-21
-4.77701e-20
-4.38096e-21
-5.04962e-21
4.35762e-21
1.76023e-20
1.09455e-20
4.31513e-21
-2.18502e-20
-2.10392e-20
4.89061e-21
-2.13903e-20
-4.24745e-21
-4.795e-20
-3.27079e-21
-3.14432e-21
4.06968e-21
1.72321e-20
1.14684e-20
4.26724e-21
-2.19987e-20
-2.20697e-20
4.42493e-21
-2.3586e-20
-4.55827e-21
-4.82921e-20
-5.99771e-21
-3.88414e-21
4.44042e-21
1.69474e-20
1.13164e-20
4.23576e-21
-2.21534e-20
-2.1656e-20
6.87385e-21
-2.0985e-20
-1.46179e-21
-4.85625e-20
-6.53407e-21
-3.51386e-21
5.71234e-21
1.66157e-20
1.05349e-20
4.12511e-21
-2.22974e-20
-2.22434e-20
6.37603e-21
-1.76388e-20
-8.27746e-22
-4.88869e-20
-6.25992e-21
-2.95592e-21
5.58729e-21
1.62987e-20
9.83279e-21
4.03747e-21
-2.24876e-20
-2.47622e-20
7.96275e-21
-1.71547e-20
-2.46441e-21
-4.97026e-20
-5.76644e-21
-2.73589e-21
4.89209e-21
1.61815e-20
9.74025e-21
3.91092e-21
-2.25224e-20
-2.43871e-20
7.30663e-21
-1.36073e-20
-4.95678e-21
-5.03083e-20
-6.26875e-21
-3.32931e-21
3.75356e-21
1.63978e-20
9.00046e-21
3.7712e-21
-2.24988e-20
-2.1271e-20
8.14681e-21
-1.40627e-20
-5.04922e-21
-5.07608e-20
-5.17695e-21
-2.39624e-21
3.9198e-21
1.44484e-20
8.806e-21
3.55654e-21
-2.24584e-20
-2.2075e-20
8.09595e-21
-1.56727e-20
-7.28779e-21
-5.10598e-20
-5.49798e-21
-2.56589e-21
4.38532e-21
1.32315e-20
7.99791e-21
3.28698e-21
-2.24581e-20
-2.13578e-20
9.44803e-21
-1.60354e-20
-5.16388e-21
-5.12782e-20
-4.60119e-21
-1.96818e-21
4.97945e-21
1.38952e-20
7.94231e-21
2.87003e-21
-2.24291e-20
-2.15922e-20
9.13327e-21
-1.51381e-20
-3.00113e-21
-5.13597e-20
-4.62352e-21
-2.11491e-21
4.97129e-21
1.52422e-20
8.09462e-21
3.01716e-21
-2.2369e-20
-2.03817e-20
1.122e-20
-1.41878e-20
-2.05584e-21
-5.17324e-20
-5.47133e-21
-3.20068e-21
4.3206e-21
1.6314e-20
8.20541e-21
3.13168e-21
-2.23481e-20
-1.97776e-20
1.02659e-20
-1.42243e-20
-1.26215e-21
-5.26314e-20
-5.85752e-21
-3.82838e-21
4.13298e-21
1.59347e-20
8.69149e-21
3.55881e-21
-2.23217e-20
-2.03702e-20
9.94716e-21
-1.31423e-20
-2.82786e-21
-5.35242e-20
-6.92456e-21
-4.79139e-21
3.61406e-21
1.68875e-20
8.44121e-21
3.80795e-21
-2.23443e-20
-1.97028e-20
1.24038e-20
-1.30094e-20
-3.30108e-21
-5.44154e-20
-5.84946e-21
-3.31317e-21
4.74548e-21
1.76344e-20
8.69668e-21
3.92471e-21
-2.23808e-20
-2.00476e-20
1.17469e-20
-1.32366e-20
-5.85081e-21
-5.51367e-20
-5.0026e-21
-3.11128e-21
5.65801e-21
1.66322e-20
8.15668e-21
4.00728e-21
-2.24839e-20
-2.22897e-20
1.29206e-20
-1.46964e-20
-4.68777e-21
-5.59028e-20
-4.19955e-21
-3.72213e-21
6.00596e-21
1.61244e-20
8.68838e-21
4.04516e-21
-2.24663e-20
-2.16057e-20
1.14602e-20
-1.77629e-20
-4.67554e-21
-5.67094e-20
-6.23626e-21
-4.38235e-21
4.16631e-21
1.48393e-20
8.55154e-21
4.09172e-21
-2.2447e-20
-2.13576e-20
1.18466e-20
-1.93283e-20
-3.87372e-21
-5.75138e-20
-6.10317e-21
-3.54067e-21
4.42263e-21
1.46068e-20
7.8266e-21
4.0603e-21
-2.23401e-20
-2.11566e-20
1.4646e-20
-1.84075e-20
-3.09487e-21
-5.80631e-20
-6.98918e-21
-4.71045e-21
3.82609e-21
1.57901e-20
7.24959e-21
4.05181e-21
-2.22731e-20
-1.80609e-20
1.90053e-20
-1.64621e-20
-2.92203e-21
-5.89398e-20
-6.40681e-21
-4.79642e-21
4.16286e-21
1.59995e-20
7.15651e-21
3.99454e-21
-2.22712e-20
-1.90214e-20
1.58563e-20
-1.71499e-20
-4.97808e-21
-5.95615e-20
-5.96563e-21
-3.83086e-21
3.92717e-21
1.58659e-20
6.22884e-21
3.91495e-21
-2.23785e-20
-2.16819e-20
1.28878e-20
-1.9214e-20
-4.25453e-21
-6.01608e-20
-5.91877e-21
-2.30111e-21
4.85877e-21
1.47585e-20
5.15403e-21
3.78076e-21
-2.23773e-20
-2.16379e-20
1.18169e-20
-1.78696e-20
-4.61293e-21
-6.06672e-20
-8.19417e-21
-1.57554e-21
3.77522e-21
1.44775e-20
4.31525e-21
3.68291e-21
-2.23625e-20
-1.90305e-20
1.04591e-20
-1.66301e-20
-3.25624e-21
-6.11577e-20
-7.01182e-21
-1.11922e-21
3.65933e-21
1.53496e-20
5.48828e-21
3.66048e-21
-2.23303e-20
-2.05277e-20
9.75598e-21
-1.88066e-20
-4.42615e-21
-6.14174e-20
-7.08921e-21
-2.88838e-21
4.09977e-21
1.55293e-20
5.46499e-21
3.55118e-21
-2.21985e-20
-1.59322e-20
1.1763e-20
-1.75205e-20
-3.87247e-21
-6.15406e-20
-5.74427e-21
-2.50922e-21
4.79886e-21
1.51269e-20
5.71078e-21
3.112e-21
-2.21266e-20
-1.50902e-20
1.097e-20
-1.5434e-20
-3.54654e-21
-6.12144e-20
-4.67708e-21
-2.13928e-21
5.19526e-21
1.52638e-20
6.07492e-21
3.10071e-21
-2.21633e-20
-1.75402e-20
1.17191e-20
-1.54175e-20
-2.30067e-21
-6.07742e-20
-2.66791e-21
-1.82656e-21
5.6974e-21
1.62019e-20
6.48115e-21
3.49623e-21
-2.22868e-20
-1.80263e-20
9.8822e-21
-1.47374e-20
-9.64544e-22
-6.04065e-20
-1.32353e-21
-1.01544e-21
6.59622e-21
1.72911e-20
7.42254e-21
3.96821e-21
-2.23595e-20
-1.96202e-20
7.13854e-21
-1.47284e-20
-1.324e-21
-6.01172e-20
-3.53502e-21
-1.72938e-21
5.77238e-21
1.8084e-20
7.56142e-21
4.22158e-21
-2.22982e-20
-1.54058e-20
9.41676e-21
-1.51008e-20
-1.44251e-21
-6.0106e-20
-4.1027e-21
-1.81027e-21
5.57494e-21
1.82615e-20
8.71165e-21
4.33301e-21
-2.22959e-20
-1.52198e-20
1.05368e-20
-1.38641e-20
-1.3942e-21
-5.9707e-20
-5.1733e-21
-2.7261e-21
4.68892e-21
1.82442e-20
9.18994e-21
4.39863e-21
-2.2448e-20
-1.82167e-20
1.19936e-20
-1.33568e-20
3.47054e-22
-5.91301e-20
-4.54696e-21
-2.1479e-21
3.86039e-21
1.79888e-20
9.03166e-21
4.34154e-21
-2.2606e-20
-1.96812e-20
1.2044e-20
-1.30178e-20
-4.16683e-22
-5.82766e-20
-5.37069e-21
-2.65288e-21
2.81167e-21
1.76942e-20
8.84723e-21
4.27352e-21
-2.27689e-20
-1.96828e-20
1.34167e-20
-1.36447e-20
3.00263e-22
-5.75337e-20
-5.08887e-21
-2.15936e-21
4.0029e-21
1.73168e-20
8.70328e-21
4.1582e-21
-2.28651e-20
-2.07496e-20
1.21734e-20
-1.11768e-20
-9.99234e-22
-5.64606e-20
-5.94465e-21
-1.63688e-21
3.42138e-21
1.69143e-20
8.85636e-21
4.08227e-21
-2.29459e-20
-2.04202e-20
1.22924e-20
-1.20801e-20
-7.96168e-22
-5.5133e-20
-5.41066e-21
-1.15007e-21
2.56599e-21
1.65014e-20
1.10028e-20
4.10033e-21
-2.29606e-20
-2.12512e-20
1.3858e-20
-1.33517e-20
-1.77979e-21
-5.34669e-20
-7.29833e-21
-3.84649e-21
1.11539e-21
1.60408e-20
1.20972e-20
4.08829e-21
-2.29522e-20
-2.07515e-20
1.40691e-20
-1.38327e-20
-1.04013e-21
-5.18814e-20
-8.21394e-21
-4.61744e-21
2.24278e-21
1.55037e-20
1.35837e-20
3.99717e-21
-2.28405e-20
-2.14627e-20
1.11051e-20
-1.30789e-20
-2.15858e-21
-4.98993e-20
-8.59141e-21
-4.91583e-21
1.3089e-21
1.55636e-20
1.44208e-20
3.89251e-21
-2.25659e-20
-1.64972e-20
9.80511e-21
-1.28776e-20
-1.34785e-21
-4.77562e-20
-8.38932e-21
-6.03086e-21
1.09793e-21
1.54204e-20
1.64397e-20
3.73406e-21
-2.2344e-20
-1.55308e-20
1.04663e-20
-1.23888e-20
-2.10291e-21
-4.53461e-20
-9.98184e-21
-9.04706e-21
6.73131e-22
1.39371e-20
1.78593e-20
3.54847e-21
-2.22922e-20
-1.78941e-20
1.37511e-20
-1.06674e-20
-2.44423e-21
-4.31818e-20
-1.02475e-20
-8.79293e-21
3.87608e-22
1.30211e-20
1.87713e-20
3.20789e-21
-2.22695e-20
-1.87608e-20
1.24559e-20
-1.0016e-20
-2.34333e-21
-4.07038e-20
-1.16619e-20
-9.63844e-21
-6.02877e-22
1.21478e-20
1.97985e-20
2.75908e-21
-2.22406e-20
-1.81545e-20
1.24643e-20
-1.05866e-20
-9.78581e-22
-3.82488e-20
-1.26801e-20
-1.03941e-20
-1.30942e-21
1.20525e-20
2.15455e-20
2.80464e-21
-2.22858e-20
-1.80118e-20
1.19858e-20
-1.0943e-20
6.7433e-22
-3.58703e-20
-1.31039e-20
-1.06004e-20
-1.33713e-21
1.19879e-20
2.35665e-20
2.83189e-21
-2.23697e-20
-1.90588e-20
1.04733e-20
-1.40293e-20
-2.25429e-22
-3.37241e-20
-1.3758e-20
-1.09918e-20
-2.28918e-21
1.22548e-20
2.53095e-20
3.23593e-21
-2.25504e-20
-2.19488e-20
1.00355e-20
-1.49652e-20
4.1034e-22
-3.18666e-20
-1.29034e-20
-1.01913e-20
-2.20664e-21
1.21958e-20
2.72969e-20
3.41667e-21
-2.25954e-20
-2.20391e-20
6.12485e-21
-1.33436e-20
-1.19511e-21
-3.05632e-20
-1.36322e-20
-1.14744e-20
-2.08212e-21
1.2029e-20
2.83329e-20
3.50502e-21
-2.2595e-20
-1.919e-20
5.61294e-21
-1.19714e-20
-2.67616e-21
-3.02328e-20
-1.32049e-20
-1.18933e-20
-1.98644e-21
1.17019e-20
2.96279e-20
3.50453e-21
-2.25468e-20
-1.99242e-20
9.30969e-21
-1.19756e-20
-4.39649e-21
-3.04884e-20
-1.37699e-20
-1.14365e-20
-2.50104e-21
1.14887e-20
2.97061e-20
3.47433e-21
-2.25222e-20
-1.88771e-20
1.32204e-20
-1.32475e-20
-3.51169e-21
-3.16514e-20
-1.25313e-20
-1.0217e-20
-1.67804e-21
1.13217e-20
2.96654e-20
3.38127e-21
-2.24803e-20
-1.91806e-20
1.40988e-20
-1.29833e-20
-3.46801e-21
-3.38725e-20
-1.25241e-20
-1.00559e-20
-1.88874e-21
1.1272e-20
2.8358e-20
3.29315e-21
-2.24819e-20
-1.82475e-20
1.72238e-20
-1.37507e-20
-1.92657e-21
-3.78853e-20
-1.10528e-20
-8.56174e-21
-9.29036e-22
1.12249e-20
2.68444e-20
3.17923e-21
-2.24511e-20
-1.84383e-20
1.81295e-20
-1.35114e-20
-2.3735e-21
-4.35749e-20
-1.08939e-20
-6.67503e-21
3.47092e-22
1.13909e-20
2.37928e-20
3.09831e-21
-2.24408e-20
-1.70673e-20
2.41471e-20
-1.39662e-20
-7.20923e-22
-5.12514e-20
-9.01312e-21
-4.12308e-21
2.13163e-21
1.23557e-20
2.08369e-20
3.01445e-21
-2.2417e-20
-1.68516e-20
2.92135e-20
-1.46721e-20
1.77876e-21
-6.09259e-20
-6.72005e-21
-4.22094e-21
1.4245e-21
1.3308e-20
1.60611e-20
2.96054e-21
-2.24945e-20
-1.63407e-20
2.97236e-20
-1.66025e-20
4.29435e-21
-7.36182e-20
-3.32812e-21
-2.24665e-21
2.56421e-21
1.30298e-20
9.36613e-21
2.8391e-21
-2.25556e-20
-1.67315e-20
2.96346e-20
-1.75056e-20
5.05532e-21
-8.9127e-20
-6.29339e-22
5.84519e-24
3.66643e-21
1.39632e-20
1.46685e-21
2.74811e-21
-2.26056e-20
-1.75762e-20
3.42311e-20
-1.91647e-20
8.91059e-21
-1.07838e-19
4.44939e-21
4.55311e-21
6.44993e-21
1.52305e-20
-7.06955e-21
2.61661e-21
-2.24955e-20
-1.56678e-20
3.93313e-20
-2.08763e-20
1.23369e-20
-1.29931e-19
8.89853e-21
8.33638e-21
9.60973e-21
1.75437e-20
-1.74299e-20
2.45302e-21
-2.23786e-20
-1.43059e-20
4.69606e-20
-2.32341e-20
1.84147e-20
-1.56263e-19
1.53853e-20
1.35667e-20
1.42621e-20
1.98264e-20
-2.82551e-20
2.15767e-21
-2.21465e-20
-1.23813e-20
5.28918e-20
-2.52884e-20
2.34807e-20
-1.86816e-19
2.15379e-20
1.80629e-20
1.88353e-20
2.15618e-20
-3.9744e-20
2.45045e-21
-2.19145e-20
-7.70196e-21
6.12092e-20
-2.81733e-20
2.92596e-20
-2.22096e-19
2.75259e-20
2.31193e-20
2.27985e-20
2.31812e-20
-5.16748e-20
2.72872e-21
-2.18853e-20
-6.58648e-21
7.0752e-20
-3.03544e-20
3.61144e-20
-2.62535e-19
3.42384e-20
3.03995e-20
2.75297e-20
2.5552e-20
-6.31041e-20
3.33703e-21
-2.20228e-20
-6.8543e-21
7.83951e-20
-3.46453e-20
4.17153e-20
-3.07343e-19
4.21819e-20
3.69448e-20
3.10585e-20
2.84204e-20
-7.44998e-20
3.76487e-21
-2.23833e-20
-6.01143e-21
8.84369e-20
-4.07705e-20
4.9811e-20
-3.56132e-19
5.14814e-20
4.45562e-20
3.5664e-20
3.11692e-20
-8.40887e-20
4.05273e-21
-2.29009e-20
-6.50196e-21
1.00834e-19
-4.62099e-20
5.70834e-20
-4.07555e-19
5.94778e-20
5.0538e-20
4.01255e-20
3.46947e-20
-9.22933e-20
4.26116e-21
-2.36921e-20
-9.01359e-21
1.12761e-19
-5.51922e-20
6.6145e-20
-4.60182e-19
6.78718e-20
5.63889e-20
4.37713e-20
3.67682e-20
-9.73391e-20
4.35576e-21
-2.45637e-20
-9.48073e-21
1.22981e-19
-6.07295e-20
7.40909e-20
-5.1062e-19
7.41994e-20
6.03069e-20
4.50054e-20
3.77741e-20
-9.98741e-20
4.37917e-21
-2.59047e-20
-8.20198e-21
1.39463e-19
-6.62974e-20
8.27284e-20
-5.53923e-19
8.03977e-20
6.4405e-20
4.58402e-20
3.76517e-20
-9.81143e-20
4.2672e-21
-2.78459e-20
-1.1841e-20
1.51397e-19
-7.05201e-20
9.02137e-20
-5.84059e-19
8.26162e-20
6.51453e-20
4.52141e-20
3.64342e-20
-9.31582e-20
4.06015e-21
-3.06018e-20
-1.50694e-20
1.58624e-19
-7.32841e-20
9.68241e-20
-5.93454e-19
8.23386e-20
6.19615e-20
4.25549e-20
3.36743e-20
-8.37062e-20
3.69445e-21
-3.3903e-20
-2.09345e-20
1.63066e-19
-7.30434e-20
9.78288e-20
-5.73848e-19
7.65656e-20
5.5643e-20
3.70835e-20
2.95084e-20
-7.1466e-20
3.21758e-21
-3.69147e-20
-2.53271e-20
1.60959e-19
-6.93891e-20
9.36721e-20
-5.18221e-19
6.68743e-20
4.80823e-20
3.07662e-20
2.33271e-20
-5.58381e-20
2.58257e-21
-3.67918e-20
-2.91054e-20
1.43356e-19
-5.86752e-20
7.91567e-20
-4.2086e-19
5.11754e-20
3.70151e-20
2.25443e-20
1.60141e-20
-3.92986e-20
1.87556e-21
-2.99578e-20
-2.47697e-20
1.0688e-19
-4.03959e-20
5.54888e-20
-2.80406e-19
3.38406e-20
2.35119e-20
1.39856e-20
9.26467e-21
-2.20185e-20
1.09602e-21
-1.25933e-20
-1.26959e-20
4.15611e-20
-1.47233e-20
2.03096e-20
-1.012e-19
1.18061e-20
7.84741e-21
4.56899e-21
3.29784e-21
-6.77716e-21
3.57679e-22
2.54866e-22
-2.6215e-21
-1.25247e-21
-8.33418e-22
-8.17746e-22
-1.1288e-21
-5.45775e-22
-2.56919e-22
-5.15331e-23
2.53033e-22
-2.28036e-22
1.39252e-22
2.84355e-22
-8.37707e-21
-3.52939e-21
-2.47013e-21
-2.31728e-21
-3.18891e-21
-1.5268e-21
-7.6459e-22
-1.43241e-22
9.98647e-22
-7.62443e-22
5.6245e-22
-7.04405e-22
-1.20909e-20
-5.65871e-21
-4.03301e-21
-3.75399e-21
-4.71557e-21
-2.47162e-21
-1.26364e-21
-2.47506e-22
1.49251e-21
-7.4243e-22
7.06514e-22
1.0519e-22
-1.33272e-20
-7.24051e-21
-5.49637e-21
-5.15758e-21
-6.86174e-21
-3.38967e-21
-1.75585e-21
-5.03011e-22
1.05183e-21
-1.03991e-21
6.31861e-22
-8.25146e-22
-1.25805e-20
-8.70887e-21
-6.85607e-21
-6.48696e-21
-8.71817e-21
-4.27172e-21
-2.22678e-21
-7.40207e-22
4.79166e-22
-8.42086e-22
3.47574e-22
-9.57319e-22
-1.40679e-20
-9.95814e-21
-8.09463e-21
-7.50037e-21
-9.05418e-21
-4.90386e-21
-2.66488e-21
-9.40806e-22
3.89849e-22
-8.78304e-22
3.63527e-22
-2.85354e-21
-1.52949e-20
-1.11818e-20
-9.22206e-21
-8.45627e-21
-9.14019e-21
-5.51061e-21
-3.07892e-21
-1.09773e-21
6.74128e-22
-1.17128e-21
6.35347e-22
-3.46338e-21
-1.59969e-20
-1.23502e-20
-1.02433e-20
-9.38323e-21
-9.93753e-21
-6.1414e-21
-3.47607e-21
-1.25098e-21
4.92399e-22
-1.04006e-21
5.39365e-22
-2.44102e-21
-1.80245e-20
-1.32286e-20
-1.11458e-20
-1.02911e-20
-1.1286e-20
-6.78061e-21
-3.85794e-21
-1.48785e-21
5.52102e-22
-1.24155e-21
6.53516e-22
-2.97673e-21
-1.71758e-20
-1.39772e-20
-1.1929e-20
-1.11134e-20
-1.18868e-20
-7.36878e-21
-4.21236e-21
-1.72158e-21
1.29244e-22
-1.02992e-21
3.98692e-22
-2.87595e-21
-1.81161e-20
-1.44884e-20
-1.25917e-20
-1.17099e-20
-1.26801e-20
-7.78147e-21
-4.52816e-21
-1.91705e-21
1.74991e-23
-1.10405e-21
3.86233e-22
-4.46947e-21
-1.86679e-20
-1.50029e-20
-1.31616e-20
-1.22222e-20
-1.2702e-20
-8.14103e-21
-4.81051e-21
-2.07283e-21
2.17167e-22
-1.46001e-21
6.18854e-22
-4.76565e-21
-1.87596e-20
-1.55312e-20
-1.36559e-20
-1.27132e-20
-1.3186e-20
-8.49999e-21
-5.06841e-21
-2.22115e-21
-6.78962e-23
-1.39045e-21
4.90227e-22
-3.5111e-21
-2.03144e-20
-1.58503e-20
-1.40742e-20
-1.31914e-20
-1.41393e-20
-8.86277e-21
-5.30674e-21
-2.44802e-21
-1.31801e-22
-1.63597e-21
5.82689e-22
-3.87598e-21
-1.90284e-20
-1.61063e-20
-1.44194e-20
-1.36098e-20
-1.43402e-20
-9.18431e-21
-5.51621e-21
-2.67097e-21
-7.39695e-22
-1.4608e-21
3.14851e-22
-3.34583e-21
-1.91369e-20
-1.61321e-20
-1.46877e-20
-1.38385e-20
-1.47556e-20
-9.34632e-21
-5.68651e-21
-2.85968e-21
-1.18806e-21
-1.57272e-21
2.96827e-22
-4.52689e-21
-1.85938e-20
-1.61578e-20
-1.49006e-20
-1.40201e-20
-1.44254e-20
-9.47175e-21
-5.82069e-21
-3.008e-21
-1.64679e-21
-1.944e-21
5.34096e-22
-4.41331e-21
-1.70223e-20
-1.61549e-20
-1.50666e-20
-1.42131e-20
-1.45771e-20
-9.61083e-21
-5.92237e-21
-3.10564e-21
-2.29059e-21
-1.83252e-21
4.34087e-22
-2.6842e-21
-1.56551e-20
-1.59172e-20
-1.51772e-20
-1.44199e-20
-1.52093e-20
-9.76493e-21
-5.98978e-21
-3.07601e-21
-1.53425e-21
-1.79189e-21
6.0259e-22
-2.56558e-21
-1.18804e-20
-1.56141e-20
-1.52452e-20
-1.45888e-20
-1.50914e-20
-9.88683e-21
-6.02014e-21
-3.00083e-21
-9.09271e-22
-1.14066e-21
4.96198e-22
-2.15709e-21
-1.24181e-20
-1.5615e-20
-1.52746e-20
-1.45862e-20
-1.51825e-20
-9.85705e-21
-6.01488e-21
-2.8828e-21
-1.93912e-22
-4.82889e-22
7.90026e-22
-3.433e-21
-1.17626e-20
-1.56591e-20
-1.52804e-20
-1.45519e-20
-1.45157e-20
-9.79779e-21
-5.98502e-21
-2.77242e-21
-7.97795e-23
3.43779e-22
9.20217e-22
-3.77051e-21
-1.45567e-20
-1.5968e-20
-1.52718e-20
-1.45434e-20
-1.4313e-20
-9.75873e-21
-5.94062e-21
-2.75314e-21
6.75978e-23
-2.81875e-22
7.38677e-22
-2.84426e-21
-1.71299e-20
-1.63456e-20
-1.52429e-20
-1.45633e-20
-1.45694e-20
-9.74091e-21
-5.8762e-21
-2.72783e-21
-2.80435e-22
-6.93638e-22
3.61167e-22
-3.61933e-21
-1.81416e-20
-1.67402e-20
-1.5177e-20
-1.45596e-20
-1.40522e-20
-9.69784e-21
-5.78213e-21
-2.65169e-21
-2.91683e-22
-1.00211e-21
3.2432e-22
-3.49392e-21
-2.04585e-20
-1.69429e-20
-1.50509e-20
-1.43988e-20
-1.37213e-20
-9.51215e-21
-5.65251e-21
-2.52039e-21
6.07191e-23
-1.37031e-21
5.84244e-22
-4.95015e-21
-1.97161e-20
-1.70982e-20
-1.48686e-20
-1.42224e-20
-1.26109e-20
-9.30791e-21
-5.49696e-21
-2.36507e-21
-2.07694e-23
-1.19746e-21
5.0442e-22
-4.81739e-21
-1.99769e-20
-1.70496e-20
-1.46319e-20
-1.40894e-20
-1.19411e-20
-9.13539e-21
-5.32451e-21
-2.2706e-21
1.79839e-22
-1.28264e-21
6.17792e-22
-3.47492e-21
-1.97631e-20
-1.709e-20
-1.43518e-20
-1.40018e-20
-1.16977e-20
-8.99304e-21
-5.12897e-21
-2.14816e-21
-4.82609e-23
-8.8953e-22
3.83465e-22
-3.97014e-21
-1.93536e-20
-1.72694e-20
-1.40193e-20
-1.39017e-20
-1.06308e-20
-8.82858e-21
-4.89795e-21
-1.95449e-21
1.35252e-22
-7.14716e-22
4.20954e-22
-3.83107e-21
-2.10227e-20
-1.73861e-20
-1.36095e-20
-1.36462e-20
-9.68401e-21
-8.51649e-21
-4.6206e-21
-1.67336e-21
8.41759e-22
-7.63345e-22
7.3268e-22
-5.7338e-21
-2.02319e-20
-1.75641e-20
-1.31182e-20
-1.33703e-20
-7.91794e-21
-8.17276e-21
-4.30141e-21
-1.33287e-21
1.46324e-21
-3.21985e-22
6.99591e-22
-6.95978e-21
-2.12482e-20
-1.76309e-20
-1.2534e-20
-1.31157e-20
-6.58921e-21
-7.83073e-21
-3.94531e-21
-1.09092e-21
1.21118e-21
-2.14493e-22
8.60125e-22
-8.61816e-21
-1.96531e-20
-1.77541e-20
-1.18509e-20
-1.28453e-20
-4.39451e-21
-7.45391e-21
-3.54527e-21
-7.95581e-22
7.91571e-22
3.63161e-22
6.7221e-22
-7.13477e-21
-1.95015e-20
-1.78242e-20
-1.1058e-20
-1.24246e-20
-2.22252e-21
-6.92281e-21
-3.08893e-21
-4.42408e-22
6.97236e-22
7.01544e-22
7.50141e-22
-6.56808e-21
-1.91364e-20
-1.81279e-20
-1.01697e-20
-1.19999e-20
9.2302e-22
-6.35695e-21
-2.57962e-21
-2.34929e-23
6.31254e-22
8.15277e-22
1.09185e-21
-6.54684e-21
-1.87222e-20
-1.87335e-20
-9.18571e-21
-1.16312e-20
3.85047e-21
-5.80173e-21
-2.01723e-21
4.68247e-22
3.96472e-22
1.43054e-21
1.09252e-21
-6.84783e-21
-2.04255e-20
-1.94517e-20
-8.08808e-21
-1.13202e-20
6.59808e-21
-5.25212e-21
-1.39805e-21
1.12535e-21
1.65598e-21
1.96521e-21
1.33547e-21
-8.19247e-21
-2.06637e-20
-2.05342e-20
-6.85411e-21
-1.10101e-20
1.04273e-20
-4.65464e-21
-7.08688e-22
1.8585e-21
2.73032e-21
2.99518e-21
1.23075e-21
-6.48945e-21
-1.93137e-20
-2.17225e-20
-5.45943e-21
-1.05564e-20
1.44121e-20
-3.8876e-21
5.61513e-23
2.68134e-21
3.78522e-21
3.76606e-21
1.38102e-21
-5.92934e-21
-1.88558e-20
-2.35131e-20
-3.90366e-21
-1.01099e-20
1.95255e-20
-3.06937e-21
8.92975e-22
3.57781e-21
5.01108e-21
4.27632e-21
1.78706e-21
-6.01455e-21
-1.90168e-20
-2.59952e-20
-2.16823e-21
-9.73724e-21
2.45522e-20
-2.24653e-21
1.79701e-21
4.53213e-21
5.73798e-21
5.27292e-21
1.84255e-21
-6.37832e-21
-2.12218e-20
-2.90199e-20
-2.15141e-22
-9.44289e-21
2.95013e-20
-1.41278e-21
2.77029e-21
5.47876e-21
6.77191e-21
6.12866e-21
2.13168e-21
-7.73626e-21
-2.11632e-20
-3.28326e-20
1.98798e-21
-9.15571e-21
3.56455e-20
-5.13023e-22
3.82739e-21
6.52505e-21
7.43728e-21
7.5023e-21
2.04578e-21
-6.35937e-21
-2.25846e-20
-3.74423e-20
4.46599e-21
-8.68792e-21
4.21924e-20
5.83073e-22
4.98084e-21
7.7196e-21
8.5568e-21
8.68615e-21
2.14016e-21
-5.82442e-21
-2.41726e-20
-4.32932e-20
7.22618e-21
-8.21613e-21
4.98832e-20
1.74583e-21
6.22514e-21
9.07377e-21
1.01648e-20
9.7078e-21
2.3073e-21
-5.6545e-21
-2.66248e-20
-5.06324e-20
1.02719e-20
-7.80008e-21
5.74153e-20
2.9231e-21
7.54902e-21
1.05611e-20
1.15116e-20
1.13277e-20
2.46626e-21
-4.76437e-21
-3.20245e-20
-5.94362e-20
1.36108e-20
-7.42343e-21
6.47312e-20
4.11712e-21
8.94186e-21
1.20961e-20
1.33763e-20
1.29333e-20
3.32306e-21
-5.03949e-21
-3.70429e-20
-6.986e-20
1.7227e-20
-6.98613e-21
7.29766e-20
5.37626e-21
1.03978e-20
1.37601e-20
1.51247e-20
1.51926e-20
4.26906e-21
-8.49641e-21
-4.6541e-20
-8.14222e-20
2.10624e-20
-6.27298e-21
8.1109e-20
6.80786e-21
1.19053e-20
1.55595e-20
1.76321e-20
1.74067e-20
5.49263e-21
)
;
    }
}


// ************************************************************************* //
